shape=[32, 400]
0.03684435
0.02125603
0.02895204
0.01274350
-0.02492866
0.02890424
-0.04104105
-0.02353708
-0.03132695
0.02856845
0.02948345
0.03541150
0.00627010
-0.03235016
-0.02483356
-0.02183557
-0.03931276
0.04448543
-0.00968931
0.02285368
-0.04556554
0.03026698
-0.00464189
-0.04741047
-0.01232027
0.02760757
0.01623467
0.00423075
0.03538031
0.01477720
0.03179540
-0.04306358
0.01330141
0.00036870
-0.03695216
-0.02167652
-0.00631819
-0.04267651
-0.04930036
-0.02388868
-0.04774306
-0.04184440
0.01154984
0.04183425
-0.02696352
0.03795888
-0.03701396
-0.01276529
0.02679212
0.01914728
0.00520205
-0.01030456
0.04877402
-0.00268645
-0.03196209
-0.03872342
0.01611575
-0.01152786
0.02524846
-0.03484255
0.00781635
0.02071461
-0.01673185
-0.00910034
-0.02748351
-0.01968474
0.01347584
0.00143410
0.00002407
0.02226342
-0.04451142
0.04373568
-0.04297792
-0.01216002
0.01721649
0.00476263
-0.04289998
-0.02435816
-0.04807909
0.03466658
-0.04605931
0.01498443
-0.02780438
-0.00906619
-0.04259773
0.02333189
-0.03520053
0.03866190
-0.04635869
0.03567509
0.02142148
0.03654758
-0.04097165
0.00613595
0.03242128
0.00056629
0.01064570
0.02701936
0.03280029
-0.04773863
-0.03907702
-0.00024452
0.01118822
0.04408878
-0.00379434
0.01568385
0.01537913
0.03685264
0.03629156
0.02801663
0.00759548
-0.04132617
0.00797857
-0.01168022
-0.00188475
0.00497845
0.00436476
0.02932601
-0.04424462
0.00692279
-0.00042549
0.01505297
0.02337848
-0.02733969
-0.04267671
0.04344027
-0.03127534
-0.00388511
-0.01253893
0.00063428
0.00403511
0.00728266
-0.03905999
0.02239897
0.03096387
-0.03243254
-0.00502187
-0.04614530
-0.00021612
-0.02580628
0.03344268
-0.02485882
0.02913491
-0.02392657
-0.01248882
0.01205831
0.02057020
0.01302634
-0.01367017
-0.00573285
0.03877863
-0.02112627
-0.03643303
0.03131224
-0.02004884
-0.04788938
-0.01312383
-0.02915285
0.04226984
0.01525427
-0.02747318
0.01931789
0.02299522
0.04591559
0.04378235
0.04081604
-0.02006416
-0.00712589
-0.00479219
0.04861253
-0.00244894
-0.03488754
-0.00951312
0.03323887
-0.03359398
0.00920002
-0.00750957
0.03396294
0.04966434
0.04996891
0.02600654
0.01777858
-0.02636737
-0.03537478
0.00282878
0.02134684
0.00261695
-0.00848733
-0.01014283
0.00803406
0.03300959
-0.02965939
0.00780220
-0.03832521
0.01929821
-0.01768289
0.04155646
0.04302634
0.04510152
0.03685911
-0.03473945
0.02633236
0.02827496
0.00172221
-0.04959032
0.02889491
-0.03344140
-0.00328424
-0.01537092
-0.01861751
-0.01148601
-0.02825998
-0.04641094
-0.00752307
-0.01598040
-0.01745007
-0.04568456
-0.02755143
0.00168820
0.02715164
-0.00798230
-0.02979485
0.00236879
-0.01308469
-0.00136827
-0.00711562
0.00844746
-0.00378235
-0.01822566
-0.02801353
0.04233133
-0.03244602
0.03084253
0.03406626
0.04243043
-0.03512226
-0.02842582
0.01821031
-0.00528676
0.03419471
-0.03884462
-0.01465780
-0.01821543
0.00040875
0.01472630
-0.04342168
-0.02355868
0.00537976
0.03274979
-0.02252687
0.04868344
0.04232620
0.03896205
-0.04660574
0.00436176
0.02247308
0.03692921
-0.02370610
0.04773053
-0.03580429
-0.03181001
0.02480827
0.03092886
0.02663689
-0.00809658
-0.02585211
-0.00253423
-0.03869460
0.04680332
0.01112545
-0.01365811
-0.04281031
-0.04712847
0.01932594
0.01628726
0.04368252
0.02520585
-0.04264713
-0.03860196
-0.03783398
-0.04730754
0.02361199
0.03091084
0.01277673
-0.01046222
-0.00614131
-0.01882588
0.00134977
-0.00598683
-0.03889601
-0.04981175
-0.01123281
0.02695595
-0.00523830
0.02894288
0.02599742
-0.04394044
-0.01466586
0.03797431
-0.03757493
-0.01935137
-0.00209992
0.03141023
-0.04125875
0.03204538
-0.03768421
-0.01346441
0.00877694
-0.02320928
-0.03781058
-0.01976371
-0.02101706
0.00181468
-0.02130151
-0.00419233
-0.00511708
-0.01462731
-0.04003897
0.01521172
-0.00177598
-0.01626043
-0.03496647
0.04633205
0.02963131
-0.02108319
-0.02982154
-0.00367830
0.01135250
0.01625853
0.01796591
0.03436810
0.00963874
0.00648346
0.02996430
0.03888096
-0.00549984
0.01841648
-0.03664795
0.00890506
-0.02939911
-0.00689274
0.02520344
-0.00266769
-0.03392372
-0.04047207
-0.02600685
-0.04213374
-0.02706108
-0.03966549
0.00666683
-0.03560002
0.00033151
-0.03094868
0.02544472
-0.02574265
0.02847473
-0.02712383
-0.01340939
0.00644262
0.00809935
-0.01485205
-0.04956707
-0.01883801
-0.03940519
-0.02234348
-0.00423884
-0.01003279
-0.00232364
0.04574036
-0.02459641
-0.02654906
0.00957184
0.00272468
-0.01055606
0.03148175
-0.03532145
0.01811813
-0.01940782
-0.03299326
-0.01049665
0.00275198
0.02228526
0.02185363
0.04016452
0.04027732
-0.00456410
0.03128024
0.04645538
0.01621872
-0.00228226
0.03810497
0.03025773
0.02263056
-0.02091461
0.04711680
0.02214421
-0.02821149
-0.00385733
0.00436945
-0.01902458
-0.02693329
-0.00567991
-0.02808130
-0.02862675
0.00398134
-0.04535495
0.03422816
0.00237353
0.02978047
0.01284601
0.03891271
0.00702887
0.04530818
0.01659270
0.04906734
-0.00168384
0.00745908
-0.01404017
0.00165469
-0.03589015
0.00512157
0.04902602
-0.04450667
0.01806092
0.02744632
0.01414990
0.02192150
-0.04966458
-0.00869741
0.02308686
0.04259403
-0.00746450
0.03423937
0.04924282
-0.02791141
-0.04526612
0.00377368
0.03107059
0.01960750
0.04852410
-0.04198521
0.02610254
0.04605339
-0.02472434
0.04927198
-0.04212668
0.00029375
-0.01129251
0.03415585
-0.01311668
-0.04703464
0.01509249
0.00263008
0.04587114
-0.03332266
0.00725276
-0.04380015
-0.04364462
-0.03901754
-0.04836125
0.04686151
0.04170029
-0.02451755
0.02930127
0.04231139
-0.03794115
0.02724841
-0.01323492
-0.01039281
-0.02754038
-0.03702643
0.01976255
0.03060155
-0.00045372
0.04852261
-0.00711023
0.01069296
0.01835359
0.04171098
0.02738379
-0.04649941
0.04342907
-0.04002063
0.04005415
-0.02502233
0.00537647
-0.04604948
0.01458490
0.04117983
-0.01836585
0.01468876
-0.01409143
-0.01141251
-0.02114390
0.04413892
-0.03547037
-0.02779218
0.00872679
0.00156852
-0.04335662
0.01654365
-0.03956660
-0.00838173
-0.04389186
0.01934441
-0.02901478
-0.02619141
0.00612036
-0.04623844
-0.04431760
-0.03829461
0.04072648
0.04498188
-0.03134229
-0.03335560
-0.03800153
0.04047563
0.02372807
-0.00743879
0.00789268
-0.02843066
-0.02480935
0.02182516
-0.04193570
0.00790124
0.00797755
0.00956910
0.01453659
0.02020913
0.01266832
-0.02748138
0.04786518
-0.00010517
-0.00802413
0.02775049
0.02208205
0.01001467
-0.00978906
0.01732187
0.00951909
0.03306616
0.03356410
0.03872790
0.01918872
0.00797166
0.01313154
-0.02066730
0.01522470
-0.02041172
-0.04112533
0.00310014
0.04322735
0.02006383
-0.01737548
0.01056286
0.03712790
0.02058552
-0.01469403
0.04879187
-0.01655670
-0.02554959
0.04312854
0.04513248
-0.04680160
-0.02916564
-0.04947259
-0.03723866
-0.03981434
0.00481495
0.02358722
0.02633637
0.01366758
0.04374488
-0.00293521
-0.00376053
-0.01699947
-0.01158295
0.02142537
0.03510494
0.01551714
-0.00794673
-0.00671243
-0.03468580
-0.03498666
-0.00935671
-0.02620983
0.03514944
0.04472297
0.01716672
-0.03183875
-0.03847036
-0.05000031
0.01903733
0.02834419
-0.00272184
0.03932311
0.01314309
0.02001114
-0.04431282
-0.03136799
-0.01608596
0.03139209
0.02481798
0.03985447
0.01649174
-0.01796603
-0.04310620
0.00335183
0.01965496
-0.02373573
-0.04680782
0.02526056
0.04818458
0.02770540
0.00268467
0.03202037
0.01965700
-0.00072988
0.01124128
0.02836978
-0.03904026
0.01746536
-0.02991348
0.01918744
-0.03351333
-0.03480342
0.04483004
0.02927692
0.04348657
-0.00269997
-0.04303015
-0.02223861
0.03598179
-0.01709608
-0.00640507
-0.02103814
-0.02574363
-0.01613505
0.00189574
0.01596900
0.03338296
0.04343680
-0.03231439
-0.04498888
0.00840308
-0.00795703
0.04622775
-0.04864764
0.03550155
-0.01454743
0.02013859
0.03621849
0.00299721
0.04093778
0.01535925
0.04249487
-0.02250122
-0.03306986
0.03997117
0.02972589
0.01076351
0.02687934
-0.04082755
-0.00299066
-0.03426391
-0.00200487
-0.03731923
-0.01044408
0.01253237
0.01465657
-0.02877626
-0.01586105
-0.01931798
0.03457912
-0.03444918
0.03340868
0.04949834
0.00951532
-0.01287059
-0.02154207
-0.01204280
0.02519372
-0.01363040
0.02763498
0.04899673
-0.02497903
-0.01583497
0.02052730
0.02108830
0.04939033
0.04998209
0.03912247
0.02740006
0.04973233
-0.02892966
-0.01798928
-0.03969252
0.04943899
0.03090830
-0.02403475
0.03102783
-0.01951327
0.04157513
-0.03586513
0.01200942
0.00633316
0.00537325
0.04585187
0.02967119
0.01239419
-0.04330343
0.04268121
0.02433104
-0.01786940
-0.03632995
0.04825914
-0.01240360
0.04228178
-0.04672399
-0.01749672
-0.04432501
-0.01489614
-0.02989501
-0.04935053
0.03236338
0.02956992
-0.03791297
0.01058028
-0.01586618
0.04122297
-0.01256079
-0.03631516
-0.03042643
-0.01763485
0.00054783
-0.04677754
-0.02994691
0.02391397
0.01093084
-0.01899053
0.00004500
0.04766640
-0.00147384
0.02577163
0.02382657
-0.04514237
0.00572313
0.00044107
0.03114053
0.03561215
-0.00527491
-0.02772386
0.04867183
-0.01793944
-0.03011554
-0.03479015
-0.02446604
-0.04262931
-0.01107347
0.02775065
-0.03163679
-0.03815442
-0.00298670
-0.02044334
0.04377886
-0.00966243
0.04708037
-0.03984469
0.00375014
0.02830662
0.03821668
-0.03723782
-0.04021468
-0.03555790
0.04532699
0.03580814
0.00667187
0.04150385
-0.04969085
0.03440429
-0.00490430
0.02732120
-0.02095742
-0.04003633
0.03685237
-0.04688484
0.03631503
-0.02434828
0.01896560
-0.00779496
0.04730213
0.03392888
-0.03954820
-0.01326275
-0.00757503
0.01072295
-0.00868312
0.02495663
-0.02669060
0.03319114
0.00883698
-0.00261529
-0.03057122
0.03857472
-0.01756721
0.02828904
-0.03341589
-0.00096655
-0.03232782
0.01340621
0.00447616
0.04626519
-0.02075952
0.00126999
0.01195824
-0.03636440
-0.04454715
-0.01838514
-0.01919509
-0.03828976
-0.03168951
-0.00232638
-0.01983709
-0.02757611
-0.01557072
0.00749824
0.00749728
-0.01266037
-0.00724480
-0.00308231
-0.04980112
0.00392009
0.01347709
0.00506654
0.04685599
0.01776788
-0.00977243
0.01644567
0.04349772
-0.02446106
0.00884054
0.00899102
-0.04353571
-0.03987025
-0.02020250
-0.02083114
-0.00890409
-0.04380327
-0.01293634
-0.04973544
-0.04540283
0.02744248
0.02985456
0.04218897
0.02412885
0.03734776
0.04489290
-0.02164023
-0.02502094
-0.02268464
0.00048052
-0.00833349
-0.03105205
0.02128122
-0.02075690
-0.01253277
0.01540625
-0.04430604
-0.01785683
-0.00369287
-0.00966614
0.02243648
-0.02202667
-0.00601702
0.03828754
0.03310554
-0.00515451
-0.03902612
0.01970012
0.04758679
0.00625258
-0.02517089
0.01822685
-0.04680372
0.01836435
0.03233899
-0.03798238
0.00775507
0.04747458
0.03667154
-0.02256158
-0.02383164
0.01844970
0.03415579
-0.04395968
0.04257430
0.02250717
0.03238954
-0.00209218
-0.00668678
-0.04963764
-0.00052749
0.04382242
0.03018872
-0.02914673
-0.01112297
0.03980725
-0.04453034
-0.01283952
-0.04689179
0.02962583
0.04218891
-0.04603591
0.01693919
0.00145839
-0.04133087
-0.01297709
-0.01391964
0.03751974
0.02887109
0.00693952
0.04798289
0.00278756
-0.04658100
0.02166421
-0.00331071
-0.04888312
0.00206056
-0.01845859
0.03217023
0.01686768
0.00508083
-0.02733438
-0.00438379
-0.04559706
0.03535818
0.01050803
0.03447767
0.03069067
0.03369424
-0.01214847
0.00179208
0.02003398
0.04390286
0.02676880
0.03870689
-0.02486790
-0.01249561
-0.02558235
-0.00925935
-0.00464962
-0.04359436
0.02362662
0.04466617
0.02042007
0.02195819
-0.02965728
0.03367984
-0.04283808
-0.03271748
-0.04002288
-0.04132815
0.04722387
0.03676534
-0.04653461
0.03937854
-0.01080298
0.00185456
0.02340740
-0.02438474
0.04247331
-0.00981211
-0.04974449
0.03086134
0.03428812
0.01086669
0.04708756
-0.02027904
0.01602425
0.01672332
-0.03952188
0.04365936
-0.01057399
-0.03556851
-0.03003635
0.03697449
-0.02363509
0.00174498
-0.00776279
0.03498792
-0.04526617
-0.02373975
0.04163608
0.04377043
0.01147117
-0.01012019
-0.02611221
0.03827948
-0.02751436
0.04097620
0.03468869
-0.00928251
-0.00022576
-0.01675585
-0.04136321
0.04089538
0.03204230
0.02775519
-0.02994539
-0.00612451
0.03574342
0.04613102
0.01186065
-0.04856073
0.02536465
-0.01660055
-0.02704760
0.03346494
-0.03697249
0.02427504
0.01894560
-0.03618285
0.04045775
0.03637553
-0.00964139
-0.02653562
0.04457447
-0.04026725
0.00320226
-0.00499598
-0.04721304
-0.03013499
0.02518327
0.01690959
-0.04378544
-0.01155492
0.02829147
-0.04581700
-0.03259999
0.04612519
0.00664233
-0.03743554
0.02690596
-0.01999938
0.03332144
0.01525739
0.03720289
-0.02236626
-0.00973464
-0.00074638
0.02547811
-0.03766366
-0.00581836
-0.01604144
-0.00565593
-0.00375935
-0.00479284
0.00343664
-0.02068770
0.01608679
0.00585212
0.01376683
0.04079952
-0.04793079
0.00445166
-0.00429168
0.00775118
0.04375449
-0.02191433
-0.02634741
0.02753244
-0.04029932
0.02712270
-0.03640374
-0.01186298
0.02444872
-0.03437900
0.03384694
-0.03309504
-0.03651453
-0.03905623
-0.02759445
0.02315401
0.01545000
-0.03588504
-0.04937200
0.01506659
0.01797150
0.02161891
0.02021223
-0.02112763
0.01372885
0.04414670
-0.00739168
0.03571894
0.03265129
0.02484993
0.02717866
-0.02942645
-0.02322040
-0.04114669
-0.03881149
-0.02563289
-0.01686484
-0.02722329
-0.02167397
0.03603454
0.01306035
-0.01225931
0.02413243
-0.00510577
0.03256277
-0.02302424
0.02631152
0.02625109
0.04786990
-0.03238391
-0.01480870
-0.03504368
-0.04645946
0.03548454
0.01688354
0.02573672
0.02514787
0.00291595
0.03971310
-0.01838287
0.01486264
0.00903083
-0.01562421
0.00319683
0.00426859
-0.04578435
-0.00606511
-0.02417014
-0.02025878
-0.03541612
0.03654161
0.01657896
-0.04020775
0.00048668
0.02870598
-0.03086318
-0.03662385
-0.01510921
0.04322207
-0.01056109
0.02220986
0.02759422
-0.03447606
0.04729550
0.02831172
-0.01206024
-0.01950481
-0.04687826
-0.00432372
-0.00877617
0.02427224
-0.02189758
0.03406814
-0.01287545
-0.04319675
0.01622502
-0.04860176
-0.00941924
-0.04943705
0.03169985
-0.01172868
-0.03991128
0.03573636
0.01319838
-0.00651679
0.01483828
0.03864824
-0.01089118
-0.04243674
-0.03064652
-0.04911177
-0.01175993
-0.02829175
0.02513995
-0.00131077
-0.00637039
-0.00817843
0.01845434
0.03958920
0.04097297
-0.00489225
0.00546981
0.03819118
-0.01849411
-0.03013521
-0.03609109
0.00900469
0.03543997
0.01037984
-0.01121109
-0.01448082
-0.01528771
-0.00308941
0.04179413
0.00388386
-0.03318166
-0.04436723
0.03232979
0.04696814
0.01074815
0.02900898
0.04494091
-0.04184664
-0.01692923
0.00785574
0.04793201
-0.02242354
-0.01855751
0.00307458
-0.04295202
-0.04036721
0.01510709
0.01082985
0.03385079
0.01242766
0.01537573
-0.03260671
0.00225955
-0.01740311
-0.02745682
0.03006731
-0.02105982
0.04871590
0.01671228
0.04005780
-0.01501627
-0.02270649
0.02477981
0.01136470
0.01303406
0.02712851
0.00707785
0.00058447
0.01471713
0.03376615
-0.00242094
-0.00800836
-0.04504921
-0.01220164
-0.00535938
-0.01183371
0.03162205
-0.02018569
-0.03412100
0.02556496
0.02254779
-0.03758178
0.00533749
-0.03022289
-0.00635801
-0.01514409
0.00522020
-0.01026787
-0.00207995
-0.04656626
0.02219889
-0.00923848
-0.04854767
0.03917130
-0.00401461
0.02464165
-0.00330117
0.03178956
-0.03741849
0.03667645
-0.01073467
-0.02832150
0.01676436
-0.00390546
0.00398625
-0.02334205
0.00514679
0.04257388
-0.01821918
-0.03034478
0.04014057
-0.01582546
-0.01866046
0.00606802
0.01725317
0.02639860
0.02360635
-0.04329310
0.04614691
-0.01406028
-0.03561602
0.01558845
0.03323713
-0.00660319
-0.00404115
0.04708056
0.03357293
0.00758725
-0.02993484
-0.02042903
-0.00979668
0.01596050
-0.02608732
0.01776327
-0.04903453
-0.01389888
-0.04833307
0.04330789
0.01923241
-0.02122077
-0.00172786
0.04801457
0.03857831
0.02931847
0.00789433
0.04359984
-0.03034784
-0.02687455
-0.00893293
0.00029906
-0.01293740
0.03915958
-0.04575295
0.04566910
0.04837215
-0.00787006
0.03833256
-0.01110249
-0.01615261
0.02235848
0.02031503
-0.02640485
0.03919426
-0.01214325
0.01270933
0.04079898
-0.03424051
0.02438381
-0.03671658
0.02776288
0.01243134
-0.04227783
0.00492565
-0.03439103
-0.02192207
0.02954713
0.01713751
-0.02158775
-0.01077746
0.02667049
-0.02810261
0.02514768
0.02956785
-0.04934425
0.01852538
-0.00123209
-0.02664093
0.00110383
-0.02688951
0.01356231
-0.01423808
-0.04788582
-0.03187292
0.02739286
0.03297375
0.02962325
0.03913388
-0.01637313
0.00085726
0.02876829
-0.04451251
0.03822345
0.03367049
0.00286154
-0.04334057
0.02802661
-0.03423978
0.01854857
0.03726018
0.04712695
0.00793218
0.02859296
-0.00900239
0.02965994
0.02065636
0.03420592
0.04732091
-0.01223531
-0.00324746
-0.01256578
-0.04873615
-0.04376386
0.00143229
0.00717147
-0.04843082
-0.02875362
0.04106722
0.02558587
0.03967894
0.03374410
0.03386359
0.00392315
-0.04594696
0.01557512
-0.01327930
-0.02241826
0.04527228
0.02775703
-0.03327433
0.02602956
0.02837140
-0.01717845
-0.01928750
0.01575487
-0.00796695
0.03231944
0.03740430
0.01554566
0.03941434
0.02867462
-0.00189822
-0.04704987
-0.00275332
-0.03445758
-0.01716827
0.02396181
-0.01426822
-0.03400056
0.00354935
0.04682355
0.04517580
0.04449062
0.03740958
0.02560335
0.01887725
-0.00398005
-0.00588623
-0.02146637
0.04706440
0.02355004
0.02498455
-0.04707177
-0.00360022
-0.02485526
-0.04103968
-0.04329415
-0.00933105
0.03446999
-0.02424284
-0.03825703
-0.04715624
-0.00392585
-0.04331349
0.00720240
0.00327801
-0.03771714
0.00500239
0.00726911
0.02289153
-0.02340236
0.04165840
-0.01480177
0.04231501
-0.03055534
-0.03228639
-0.04962919
0.04041579
0.02200286
0.02926038
-0.03568039
-0.04391315
0.00372874
0.03037819
-0.02460927
0.02208077
0.04456568
0.00817659
-0.00609714
0.02528966
0.03100179
-0.01259706
0.02225167
-0.00744589
-0.01207899
-0.01986034
-0.01023471
0.01031075
-0.00548337
0.03449544
-0.04217661
0.01310792
0.00370544
-0.01538471
-0.01240080
0.01818487
-0.03090668
0.00004214
0.03845137
-0.01111704
-0.00554825
0.02019880
-0.00498921
-0.02468350
-0.01547838
-0.03334842
-0.02543334
-0.00131940
-0.02138591
-0.04431341
0.03892850
0.02338479
0.00738448
-0.04320864
-0.04015778
0.04421936
-0.00010010
-0.04483245
0.02142248
-0.02883855
-0.03282836
-0.01901080
-0.02693456
0.04991924
0.02126518
-0.04702072
0.02350764
0.02358707
-0.04629301
-0.01603693
-0.03196070
-0.02781965
-0.02474888
-0.04122641
-0.01257038
-0.02145479
0.04736400
0.04297086
-0.02498020
0.02012965
-0.03921278
-0.04483929
0.00520942
-0.02723264
-0.02049380
0.04068038
0.01234592
0.04549812
0.04667955
0.00343750
0.01036830
0.01226413
-0.02658323
-0.04047681
0.01437734
-0.02888925
0.01360374
0.02954673
-0.03057899
-0.01893816
0.04864939
-0.01698780
-0.01226911
0.02897265
-0.02485859
0.02441436
-0.03419841
-0.02474145
0.04440548
0.04112477
-0.01587364
0.00955211
0.02060008
0.02072022
0.03223040
-0.01043076
-0.02267717
-0.04738832
0.01943071
-0.01448608
0.00057371
-0.01743888
-0.01890171
-0.01076904
0.02398134
-0.04912788
0.01135317
-0.03252177
-0.02507463
-0.00773549
0.01854555
-0.03041647
-0.02906144
-0.03390359
-0.03026973
-0.04726578
-0.01069224
0.02473149
-0.02768866
-0.02887949
0.04870266
0.01679084
0.03297668
0.01145430
-0.04645894
0.03713137
0.00199236
0.01294033
0.02609651
-0.00108437
-0.03675416
0.04054396
-0.01429220
-0.00623482
0.02202632
0.02340545
-0.03674309
0.02672093
0.04581160
-0.00388379
0.02750803
-0.02260351
0.04200053
-0.00729764
0.01731194
0.03816377
-0.01221026
0.02542734
0.02250588
-0.00824246
0.04628507
0.04493310
0.02335990
-0.02901362
0.00000587
-0.04673280
0.00612671
-0.00886309
-0.01774088
-0.02950720
-0.03918532
-0.03337892
0.01612714
-0.02368806
-0.04004889
-0.02884270
0.04694056
-0.04348565
0.04191192
-0.03684716
0.03973014
0.02287302
-0.00977847
0.01823706
-0.03826674
-0.02411901
0.04194705
0.03468587
-0.03711980
-0.00969019
-0.04957571
0.02402841
-0.04153319
-0.04206091
-0.02019135
-0.02538861
-0.03274458
0.01878256
0.01770833
-0.00075830
-0.04573137
-0.02748254
0.01139231
-0.03356260
0.02100920
0.02253036
-0.03565776
-0.03706737
-0.03728180
0.04501311
0.04139250
-0.03385334
-0.04387465
-0.00545148
-0.01889633
0.00613398
-0.02723820
-0.03935096
0.00526413
-0.02313975
-0.02571275
-0.03135163
-0.02143461
-0.00132978
0.01129296
0.02007674
0.01830924
0.00106707
-0.04879342
-0.03313820
-0.03870461
0.02448560
-0.03321443
0.02135243
0.01361788
0.00207160
0.04906377
0.00639808
0.04786601
0.00477441
-0.03504064
0.03475827
-0.01305446
-0.01131763
-0.03223506
0.01000801
0.04047899
-0.02269661
-0.00311998
-0.04788451
-0.01993576
0.04888172
0.01697607
0.01449689
-0.03536034
-0.04812995
-0.00411419
0.02017304
0.04936346
-0.02291823
0.03749888
0.02248476
0.03230742
0.04109042
-0.02759642
-0.01666794
-0.03827734
-0.02951291
0.01841239
0.04947952
0.01340811
-0.00639289
0.00364033
-0.04072427
0.04733238
-0.03953504
-0.01305456
-0.00921356
-0.03985767
-0.04659012
-0.03660087
0.01718204
0.04847379
0.00085271
-0.04236808
-0.03149277
-0.00233771
-0.00254516
0.01428248
-0.01858182
0.03906991
0.03876419
0.00378069
0.02580357
0.04411246
-0.00284108
0.01675510
0.04661533
0.02039680
0.00925943
-0.04795627
0.00126742
-0.01258711
0.02037639
0.03328722
0.01650567
0.04963281
0.00799138
-0.02109282
-0.04702912
0.00636697
-0.03355526
-0.02425078
-0.03972841
-0.00048782
-0.04064648
0.00824497
-0.00648571
0.00097624
0.02527946
0.00215962
0.01117974
0.01460376
-0.02506639
0.02152144
-0.04629807
-0.03335809
-0.02915692
0.04822785
-0.03021348
0.01341927
0.01352860
0.04933546
0.03628964
-0.03565399
-0.04810926
0.03648178
0.04415905
-0.00367125
-0.02738320
0.04945546
-0.04608238
0.01844467
0.04589488
-0.03046171
0.04657753
0.04344844
-0.03118680
0.04465701
0.03484166
0.03655202
-0.00076308
0.02054651
-0.00522012
0.04440251
0.04440780
-0.01972387
-0.01013178
0.02266843
0.01839623
0.01526837
0.01910813
-0.03909486
0.00343327
0.00890563
-0.01011115
0.02308990
-0.02825097
-0.00226596
-0.04810686
-0.00717080
0.02149241
0.04460477
0.00101751
0.00102144
0.02784745
-0.02710082
-0.02490762
0.04000646
0.01978200
0.02367297
0.00030387
0.01436980
-0.03652909
-0.02947043
-0.02827349
0.02019182
-0.03391287
0.00692234
0.00979569
0.03194099
0.00012514
0.00296895
0.02633849
-0.01477739
0.02302292
0.00104821
0.01139432
-0.01635457
0.02856915
-0.03237678
0.03092138
-0.01666366
0.04297717
-0.04091113
0.02991933
0.02295453
0.00729208
0.01178478
-0.03842231
-0.03800485
-0.02770688
0.01532292
-0.03325069
-0.04869692
-0.03068707
-0.02556903
0.02163611
-0.00741035
-0.00765973
-0.04588805
-0.03686812
-0.03500399
-0.02488133
0.04081806
-0.03163769
0.03543299
-0.02685906
-0.01908584
-0.04112321
0.02534599
0.01966733
-0.03105085
0.03921289
-0.02217570
0.01180310
-0.04053601
0.03576957
0.04505553
0.01452341
0.00851884
0.01061460
0.02638080
0.01080186
0.01500449
-0.02798329
0.04249223
0.00671886
-0.01103586
-0.02454617
0.02766548
0.04278316
0.03564395
0.02231426
-0.04539702
0.03078148
-0.03931102
0.01626494
-0.03817905
0.02758156
-0.03752846
-0.04753167
0.02631806
0.01972861
-0.01768881
0.00131775
0.01094427
0.02424331
-0.01928072
0.01444900
-0.03815344
-0.02014170
0.03151109
-0.01149762
0.03606969
0.04142227
-0.02051504
0.03969505
-0.00317754
0.01857666
-0.02107186
0.03940166
-0.02697278
0.03571915
-0.04406793
-0.01583494
-0.02902315
0.00188703
0.03719804
0.01512307
0.01039345
-0.00341068
0.02781325
0.00739685
-0.00607412
0.03133059
-0.00164893
-0.00666553
-0.02450616
0.01973812
-0.04820170
-0.03615081
0.04868305
0.04360923
0.03387569
0.03810542
-0.03034207
-0.02226040
-0.04112084
-0.02251547
-0.03893687
-0.02775722
0.00406225
-0.02543199
-0.01868364
0.01343594
-0.03748580
0.04846720
0.01763275
-0.01223013
0.00341626
-0.04962741
-0.02371612
-0.01864617
0.04952895
-0.00771420
0.04073141
0.01760024
0.00236263
0.03736059
-0.00714354
0.04075869
0.02447748
-0.00938326
0.00436044
-0.03432459
-0.04229817
-0.04799118
0.01198557
0.01664304
-0.03788336
0.01614145
-0.02695948
-0.03824368
-0.00204101
0.01406981
0.02338134
-0.00474585
0.04078652
0.04614407
-0.04319753
0.04151408
0.02328030
0.03116716
-0.04908827
0.02698510
0.04762430
-0.00571727
-0.02966343
-0.04977054
-0.03156445
-0.03359214
0.01438416
0.02059236
-0.02306784
-0.02426026
-0.04410369
-0.04523446
-0.01892095
0.04931448
-0.01225780
0.03523808
-0.00005036
0.04823006
-0.00156723
-0.00464195
-0.03064592
0.00468012
-0.03997589
0.04324568
0.02261427
-0.02752269
0.00130615
-0.02019032
0.02210768
0.04747135
-0.02225392
0.00167607
0.02199903
-0.00525693
0.03637177
0.02224437
0.00506032
-0.00796270
-0.02903960
-0.02806485
-0.04456307
-0.00025210
0.00352035
0.02421124
-0.01114143
-0.04001455
-0.03700722
0.02674158
-0.04050155
-0.00005016
0.03364885
-0.01317982
0.01874005
-0.03941044
0.00579871
-0.01296624
-0.03393576
-0.02743983
-0.03253432
-0.04360094
-0.04237622
-0.03120592
-0.01888718
-0.04405801
0.03876739
-0.02273967
0.01576425
0.00224747
0.02571825
-0.04601765
-0.03409232
-0.00190206
-0.04367157
-0.01460374
0.00710138
0.00091958
0.01255388
0.03299601
0.04504076
0.03747291
-0.03437212
-0.01491241
0.00659893
0.01810435
-0.01762469
-0.02487285
0.03106261
-0.03217090
-0.01822158
0.02320238
0.00301571
-0.01603764
0.00997368
-0.01798683
-0.03144868
-0.02602501
-0.01233620
0.00736971
-0.04523236
-0.03422110
-0.00055098
-0.02635254
-0.00511793
0.00323781
-0.03679223
0.01581340
0.03823610
-0.00750082
-0.00691583
0.03025267
-0.00824279
-0.03800949
0.03554183
-0.03045709
0.03071653
0.00630375
-0.02586548
-0.01358905
0.02589252
-0.03798939
-0.00196609
0.01511745
-0.01959909
0.04812189
-0.00007646
-0.01211971
-0.01501078
-0.03961032
0.04031482
-0.01841849
-0.02293614
0.01230239
0.03291496
0.00295756
0.01365645
0.00756963
-0.00034830
-0.03852927
0.04905123
0.00863277
0.00676740
0.02631474
-0.03826306
-0.01618513
-0.02969585
-0.03903084
-0.04478967
-0.03545581
-0.00282547
0.00344710
0.03159229
-0.03723220
-0.02032666
-0.01469535
-0.00197589
0.02150409
0.02180153
0.01892686
0.01814987
0.01197129
0.04679482
0.00533548
0.00197324
-0.00339215
0.00201065
-0.03741452
0.00517455
-0.00110700
0.01620193
-0.00014053
0.04034998
0.02187419
0.04788750
-0.00617549
0.00414115
0.03505528
-0.02662582
0.04460653
0.02563273
-0.00479375
-0.04813251
-0.00343426
0.01231537
0.02677732
0.00824957
0.03010933
0.02904492
0.03068846
0.01256634
-0.01321796
-0.03554301
-0.02022359
-0.02088204
-0.00667332
0.00095063
0.01897225
0.02647593
-0.03318081
0.04492126
0.03390563
-0.00851318
0.00381240
0.00842083
-0.01692484
-0.01749570
0.03749964
0.00269373
0.03181297
-0.01139066
-0.04339526
0.00771819
-0.04194959
0.03463037
0.03896032
0.01094424
-0.03263807
-0.00483635
0.01289123
0.01687121
-0.04913624
0.01898123
0.02983864
0.03985212
-0.01562003
0.00414647
-0.01968748
0.00846845
0.00208393
0.03352635
0.01526903
-0.04597579
-0.03926185
0.01961782
-0.04719555
-0.00655275
-0.02933366
0.04870787
-0.04676908
-0.01333272
-0.03812410
0.02738030
0.01681242
-0.04529122
-0.02189309
-0.00166433
0.03815698
0.00773553
0.00381046
0.04992364
0.02410786
0.04600294
-0.00237930
-0.02407097
-0.03117489
-0.03024121
-0.04801819
0.01195871
-0.04601142
0.01343067
0.03588267
-0.03546858
0.04358135
0.03426576
-0.04603481
-0.00232810
0.04830350
0.03768005
-0.03453516
-0.03663965
0.01784039
0.00704086
-0.04641114
-0.04321231
0.01777619
-0.03931702
-0.03227015
0.00795105
0.01257467
-0.04713526
-0.03661563
0.03992704
-0.03014688
-0.01188951
0.00177056
-0.04687573
-0.03187573
-0.01260058
0.02437093
-0.01898016
-0.04988641
0.04805995
0.04084373
0.04576386
-0.04290951
-0.02713023
0.02370765
-0.04641366
-0.02077826
-0.00369389
0.00373419
0.01655446
0.01355444
0.04033578
-0.02163467
-0.00665610
0.02366142
0.04950257
-0.02396166
-0.00988940
0.00897493
-0.00693594
0.03805823
0.00630998
-0.00107175
-0.00926330
0.02718681
-0.03239081
0.00407571
-0.00397451
-0.00582896
0.00662312
-0.01272987
0.00292111
0.01893070
-0.01903304
-0.03785168
-0.04896826
0.02545092
-0.04824428
-0.02767362
0.00781441
-0.04561485
-0.00329228
0.01719815
0.02956592
-0.01855342
-0.00537788
-0.04235112
-0.01628747
0.03711388
-0.03287495
0.04855935
-0.02432678
-0.04862301
-0.01921766
-0.04363672
0.01049274
-0.00008961
0.04659715
-0.00319802
0.00914659
0.00949855
-0.02967304
0.01286789
0.01648855
0.00204517
-0.01531084
0.03338518
0.04021345
-0.00717041
-0.01797586
-0.03591338
-0.03646699
0.00244906
-0.01164291
-0.02019512
-0.04835851
0.04512566
0.03018163
0.00384628
0.00084471
0.03380467
0.03252396
0.04323577
0.02174065
-0.01556283
0.00279730
0.03810040
0.00442977
0.00186620
-0.00547360
-0.03862680
0.03734047
-0.04002278
-0.01595408
-0.02354467
0.00525799
-0.02130239
-0.01701206
0.00093413
-0.03933768
0.04624725
0.00417124
-0.03922787
0.03588402
-0.00463195
-0.01992247
-0.04866332
-0.02678859
-0.01239883
0.03879393
-0.00093944
0.00515732
0.00893691
-0.01131751
-0.00984729
0.01018901
0.04398356
0.02603818
-0.03727731
-0.02955332
0.03795506
-0.02700566
-0.01061177
0.01677154
-0.02405980
0.03828373
-0.02936510
0.00923951
-0.00615297
0.01388359
-0.01262289
0.02961697
0.00713211
-0.03652759
-0.04390562
-0.03322727
-0.02794789
-0.02529228
-0.01251740
-0.00403064
0.00262129
-0.04665669
-0.04765410
0.02417103
0.01594153
-0.00540408
-0.00988742
0.04479293
0.01343267
0.02474801
-0.00585730
-0.02725136
0.03058646
0.04798214
-0.03064090
0.02840358
-0.00891984
0.02653362
0.04772407
-0.02721607
0.02839262
-0.03143417
-0.03522191
0.04560641
-0.04645136
0.03907868
0.04753251
-0.00805295
-0.04734373
-0.04867809
-0.00279497
-0.01396328
0.02510832
0.03434008
0.03743088
0.03270446
0.00231432
0.04765796
0.03809550
0.00755353
-0.03989520
0.02061865
0.03658072
-0.02196280
-0.04463657
0.04759589
0.04597034
0.03918926
0.04083409
0.03402633
0.02161158
0.00324521
0.04576746
-0.01963819
0.04095135
0.01591444
0.04590298
-0.02382906
0.02868216
-0.04932616
0.02186705
0.00505816
0.02766377
0.02841303
-0.03108118
0.01971983
0.04233597
-0.02044166
-0.04680376
0.01118146
0.02526660
-0.02198619
-0.00351445
0.02697652
0.04468620
0.02999141
-0.03639431
0.03947569
-0.02981162
0.03277833
-0.00333625
0.03221134
-0.00817300
0.03548962
0.03021864
0.02347482
-0.04373789
-0.04928115
-0.04717223
0.01226335
0.04951008
-0.02528254
-0.02895796
0.03572887
0.04630860
-0.04541654
-0.01245206
0.04754312
-0.03440426
-0.04795076
0.01906184
0.01933316
-0.04879426
-0.02646692
-0.00741066
0.02613272
-0.02956596
0.03306851
-0.04429206
0.02240256
-0.00970344
-0.01930351
0.01873929
0.03194540
0.01716722
-0.00106714
-0.01154752
0.01672111
-0.01601164
0.04319704
0.01389996
0.04368537
0.01711296
0.04876145
0.03139530
0.00469081
-0.01620433
-0.03163850
0.00360421
0.02820139
0.00640078
-0.02531321
0.01943690
-0.04194030
0.03055506
0.02473345
-0.02518774
-0.02708500
-0.02166883
0.04489194
0.03066685
-0.00746655
0.02031793
-0.01478085
0.03178835
-0.02492474
-0.03094553
-0.02920834
0.03322008
-0.03183680
0.03289498
-0.02276814
-0.02482991
-0.01044196
0.02878301
0.00132957
-0.01204790
-0.02807390
-0.04519719
-0.02366425
-0.00473931
-0.04964273
-0.02976422
0.04956364
-0.02119829
0.03630982
-0.00528313
-0.04579145
0.01028880
0.01766957
0.00523181
-0.02139175
0.04898266
0.02102882
0.03354228
0.00342731
-0.00720362
-0.00994037
0.00057451
0.03036936
0.02965050
0.02678707
-0.01014881
-0.00296691
-0.04514821
-0.03944475
0.03544329
0.04892994
-0.01459326
-0.00266183
-0.03808178
-0.04853094
-0.03354664
-0.00666879
-0.02894738
-0.04597557
-0.01182110
0.04774953
0.03317688
-0.01828313
0.03768442
0.02163783
0.00149954
0.03832609
-0.04082633
0.03032892
0.03671379
0.00098986
-0.00273112
0.00376988
-0.00302562
-0.02865385
-0.03496068
-0.02746856
0.02548612
-0.04352969
-0.03218275
0.02606354
-0.04291694
-0.04374406
0.00179992
0.02290292
0.02119608
-0.00781083
-0.00801092
-0.02248372
0.00821528
0.00236101
0.00892017
-0.02867344
0.04573691
-0.00290155
-0.03965586
0.00122628
0.00152360
-0.00001888
0.00186984
-0.01252839
0.00997217
-0.00297023
0.02748710
-0.00335987
-0.01234708
-0.01859713
-0.01314059
-0.01392773
-0.03381264
-0.02399618
0.01715833
0.04663347
-0.01274292
-0.03959538
0.01135484
0.04288549
0.01818044
-0.02978183
0.04189548
-0.00205159
0.02089289
0.04500313
0.04536613
0.01198648
-0.01575137
0.02213993
0.00614632
0.04696304
0.00283482
0.01883173
0.02299691
0.02296719
-0.03432086
-0.04158397
0.02281069
0.04992603
0.03377967
0.02747387
-0.04265372
-0.04358381
0.03948554
0.04084949
-0.04075960
-0.04649831
0.03090155
-0.02101870
0.04359921
-0.02842308
0.00213842
0.03725409
0.01426206
0.02668319
0.00842209
0.04356127
0.00403127
0.00622658
0.02867821
-0.04532984
-0.01459241
-0.00430709
-0.00089184
0.02642889
-0.04142898
0.02836813
0.01863796
-0.01806940
-0.03496528
0.03600867
-0.00701943
0.00792839
0.01163578
0.01613550
-0.01205936
-0.01984728
-0.04809893
-0.01381832
-0.03558815
-0.01994484
-0.00786631
0.02915576
0.02146727
0.04315298
-0.00007471
-0.01951224
0.03680825
-0.04394348
0.03141185
0.04793584
-0.02890979
0.03072050
-0.02043104
-0.04708011
0.01461798
-0.01166937
0.04990979
0.00340191
-0.01506943
-0.03155154
-0.03037834
0.03057579
0.01342194
0.04370406
-0.00643960
-0.04091547
0.01206667
0.02536967
0.02574164
-0.04278930
-0.03907457
-0.02456303
0.04988086
0.02469091
-0.03598796
0.03563155
-0.01008909
0.04093789
0.04653850
0.01649204
0.04909766
0.00313557
-0.04688732
0.04099217
-0.03578786
-0.00371702
0.04822005
-0.02996295
-0.01498104
0.00956649
0.01533525
0.01669038
0.04203533
0.00437668
-0.00556074
-0.03641959
-0.03648980
-0.01377388
-0.02548669
0.01169672
0.01497234
-0.03346896
-0.03462888
-0.00029099
0.00505137
-0.04603047
0.01229673
-0.03529718
-0.03652697
-0.02481885
-0.00935598
-0.00345658
0.01928532
-0.04807766
-0.01863169
0.00640570
0.00742213
0.01426623
-0.03381278
0.02592313
0.00835624
-0.03173547
0.02002531
-0.04902057
-0.02928696
0.04843248
-0.03667873
-0.03521374
-0.03695106
0.02550279
-0.00236572
-0.01865146
0.03602989
0.02311466
-0.02721288
0.03234744
-0.01546887
-0.04738681
-0.03741252
0.02646725
-0.02666392
-0.00567782
-0.00014083
-0.00368110
-0.03905052
0.02687569
-0.02111047
-0.03770603
-0.03514234
0.01284268
-0.00724006
-0.04918391
0.02958380
0.03760403
0.02038517
0.02978362
-0.04268542
0.03253366
0.00248202
-0.04177031
-0.02136850
-0.00935830
0.04977736
0.04936085
0.00286804
0.00477753
-0.00258657
-0.04354510
-0.02010944
-0.03154581
-0.00791477
0.00396227
0.04880903
-0.00280985
-0.03719151
0.04388713
0.01413989
0.03063576
0.00515800
0.01732152
-0.03170190
0.03777831
0.01475726
-0.01605788
0.01409406
-0.03764886
0.03861098
-0.00051296
-0.02345489
0.02069548
-0.04822985
0.04301791
-0.01638599
0.04838278
0.01928580
-0.00903333
0.00310839
-0.04481080
-0.02436136
-0.04478654
0.01041462
0.00357631
-0.01838403
0.03438374
-0.02240711
0.03606990
-0.00391720
0.03292958
0.02081637
0.03355223
-0.03887290
0.04186830
-0.04182265
-0.02188030
-0.01319052
-0.04557259
0.02581283
0.01860387
-0.00193410
0.02095949
0.01110247
0.04261041
-0.00438573
-0.00356349
0.03875099
-0.04077137
0.01509214
0.02738085
0.04437101
-0.04453704
0.02263849
0.02514465
-0.01202823
0.01976772
0.02177099
-0.02043168
-0.01862043
-0.01932417
-0.01875091
-0.00702865
-0.00109772
0.01650590
0.00570209
0.00035526
-0.01539243
0.02090826
-0.01639288
-0.03714179
-0.04285219
-0.01059349
-0.04286257
-0.03569624
0.01227732
0.02093951
0.00293858
0.04196748
-0.01386760
-0.03707728
-0.02280683
0.04599356
-0.01494108
-0.03768938
-0.02714154
0.04615214
-0.01319525
-0.00943828
0.03371652
-0.03137863
0.01036831
-0.02164733
-0.04112823
0.01235322
0.04310810
-0.01496968
-0.03443774
0.00690430
-0.00861721
0.00051949
0.03389681
-0.00558348
-0.00638751
-0.01929779
-0.02545304
0.02798914
-0.02320430
0.01971189
-0.02159785
-0.00019147
-0.01791622
-0.01358642
0.03045932
0.02155587
0.01354617
-0.04481492
-0.03501238
-0.02923881
-0.03187889
0.01179343
0.04210074
-0.04344186
0.04556227
0.02662498
-0.02807355
-0.04220658
0.03045715
0.00253976
0.04616483
-0.04644860
-0.02980221
-0.02796336
0.03260551
0.01745590
-0.03343327
-0.03098840
0.03386957
-0.02189116
-0.01022442
-0.04643689
-0.02316810
0.04866076
0.00630571
-0.03729808
0.01141744
-0.02384724
0.01084570
0.01198807
-0.02354625
-0.02506780
-0.02368678
-0.03240146
-0.00478873
-0.03878416
-0.02058587
-0.02339371
0.01839558
-0.04990614
0.01818599
0.03833311
0.02066650
-0.01760483
-0.04478793
0.04176365
-0.00357962
-0.04179647
-0.02739692
0.02108369
-0.03606033
-0.02545655
0.02840519
0.00233957
0.03370096
-0.01041960
-0.00458566
-0.02167496
-0.03529512
0.03165598
0.03992241
-0.04215245
0.01158116
-0.03989935
0.04104773
-0.03917373
0.00212649
0.02368950
-0.01081486
0.03678452
0.00053662
0.03914843
-0.04119877
-0.02226155
-0.03555648
-0.03672063
-0.04859182
-0.04269709
0.04814871
0.03294309
0.04284606
-0.01949825
0.00418203
-0.00216752
-0.03643489
0.03328277
0.01008074
-0.00987560
0.03438903
-0.03007759
-0.01673143
0.04662631
-0.01204822
0.01744914
0.00485468
0.04178954
0.00286553
0.03115178
-0.02003813
0.02562541
0.00362789
-0.02948144
0.01688903
0.00745158
0.02335428
-0.01484846
0.04327544
-0.04708250
0.00725030
-0.00240095
-0.01878654
0.00629796
-0.03927883
0.03824583
0.03683173
0.01540564
0.00945425
-0.02522830
-0.03126918
-0.02227849
0.00568125
0.00043557
-0.03182426
0.02761008
-0.01508485
0.01306712
0.00619546
-0.02192286
0.03651125
-0.01113804
-0.02113754
-0.04849829
-0.03551399
-0.04166048
-0.01508778
-0.00261028
0.01272776
-0.01614088
-0.00124003
0.00639970
-0.03416929
0.03249527
0.04449015
0.03552960
-0.00392797
-0.02814589
-0.02446771
0.02864719
0.01484893
-0.03731865
-0.04480443
0.04306791
-0.04600086
-0.03194747
-0.01065195
-0.02826580
0.01286071
0.01533591
-0.03778132
-0.02486789
-0.01746788
-0.01963292
-0.03110213
-0.03824849
-0.00585930
0.03234376
-0.03860843
0.01114799
-0.00542901
-0.00490972
-0.03746358
0.01523382
0.02655973
-0.02095189
0.04918944
0.03475804
-0.01605375
0.02502008
-0.03348012
0.03030601
-0.03114592
-0.03979498
-0.03932205
-0.00991776
-0.00786405
-0.01489426
-0.04782293
-0.02832783
-0.04758636
0.02866839
-0.02904723
0.03184213
-0.03226086
0.01563486
0.02865921
-0.01004596
-0.00784390
-0.04324402
-0.02362652
0.01683558
0.02064278
-0.02388552
0.02826850
0.02590179
-0.01567302
-0.01326375
-0.04864257
-0.04825134
-0.01294566
0.03967006
0.03573203
-0.02665217
-0.04484109
-0.02863885
-0.02318211
-0.03129921
0.01031952
-0.00432287
-0.01922161
0.03423167
-0.04603191
-0.03237341
-0.04576383
0.00647884
-0.00296188
-0.02692765
-0.02875700
-0.03621314
-0.02448069
-0.03996575
0.02481664
-0.01248896
0.03978037
0.01410327
0.02199102
-0.01773770
0.00607636
-0.01350914
0.03419598
-0.00171805
-0.04180812
0.01626217
0.03620070
0.00374282
-0.00784186
-0.00557750
0.01350752
-0.01266309
-0.04276658
-0.02481179
-0.03261222
-0.02663494
0.00858195
0.01423525
0.01021780
-0.02143831
0.01798630
0.00593379
-0.02588995
0.01184019
0.01934945
-0.01241880
-0.00745397
0.01444095
-0.04767008
-0.04821049
-0.03159079
0.04916812
-0.02788704
0.04306424
-0.03868856
-0.03853317
-0.02897743
-0.04852434
0.02240140
0.03989337
-0.02933970
-0.01435211
0.00723454
-0.02547619
0.02250201
0.00062488
-0.03497778
0.01342620
0.02117321
0.00671741
0.02893066
0.02566341
-0.00993056
0.03865281
-0.01935674
0.04008200
0.02369410
0.00665872
-0.04870369
0.04257980
-0.01768844
-0.03337183
-0.04286047
-0.04165169
0.02733187
0.04939476
-0.00682878
-0.04063610
0.03288822
-0.00523240
-0.01679667
0.03360462
0.03503669
0.03262704
-0.00579284
-0.04092699
0.03288188
-0.01043542
0.02912211
0.04322010
0.01393246
-0.04530917
-0.03933261
-0.04434849
-0.03218469
0.01065715
0.03910707
0.04135191
-0.00035132
-0.00290220
0.03455268
0.00098728
-0.01750725
0.03454692
0.03572712
0.04421505
-0.04681170
-0.02971450
0.02589769
-0.03194411
-0.01902134
-0.03306169
-0.04532427
-0.00557794
0.02209491
0.04471983
0.04418584
0.04716569
-0.03776919
0.04144937
0.00992386
-0.03288697
0.00228456
-0.01542262
0.00886916
0.02662634
-0.02659171
-0.03922692
0.03596249
0.04331115
0.03096813
-0.01071708
-0.01182771
0.03242503
0.04810325
-0.00586637
-0.04744636
0.02624962
0.02127956
0.00016657
-0.00690560
0.00118611
0.02545689
0.04526601
0.02951800
0.02379665
-0.00540558
-0.01242360
0.02144983
0.02185864
0.04759965
0.00207802
0.04316213
0.01409899
-0.00773707
0.02416162
-0.04803397
0.01107486
0.04894249
-0.01330670
-0.03214444
-0.00034302
0.04060952
0.00538457
0.02309301
0.01025041
0.00714669
0.04869943
-0.01698601
0.00301415
-0.01674241
-0.02173914
0.04865377
0.03505573
0.00464604
-0.04432921
-0.03856204
-0.01167045
0.04923556
-0.03350635
-0.02796613
-0.04003150
0.04793077
0.00567555
-0.02545009
-0.01951900
-0.03744789
-0.00789659
-0.01111435
0.04295680
0.03715003
0.00895800
0.00239407
0.04540469
0.03333620
0.03545169
-0.03249504
-0.03733109
-0.00662532
0.02751418
0.01198154
-0.01022488
0.00528543
0.00661629
0.00906257
0.04463416
0.04339074
-0.00509281
0.03659137
0.00633836
-0.00038411
0.04461146
0.04014436
-0.01062862
0.04206295
-0.02284712
-0.03973793
0.03966689
0.02512019
-0.04738018
-0.02000978
0.00145751
-0.02162669
-0.02535631
-0.04178002
0.01923528
-0.04632289
-0.04408025
-0.01483177
-0.02827035
0.04785068
-0.02495412
0.01267168
0.01316674
0.03796029
-0.02118171
-0.01313263
0.02772266
0.04547265
-0.04252839
0.00539812
0.01997896
0.01221025
0.02408424
0.04820542
0.02846577
0.03770776
0.04869486
-0.01009073
-0.03094004
-0.01006766
-0.00204874
-0.01099121
0.00540167
-0.01680654
0.01543520
-0.02206810
-0.04139202
-0.03317802
0.03741457
-0.04525427
0.00035493
0.03594493
-0.02045144
0.02992645
-0.04852446
-0.00686652
0.02386872
0.03776916
0.03692871
-0.02121936
-0.02853959
0.03916344
-0.03537603
0.03257481
-0.00917557
-0.04411576
0.02311654
0.04920286
-0.02455096
-0.02495608
-0.02406332
-0.03294409
-0.02681609
0.03806757
-0.01218870
0.04552655
-0.04954773
-0.01272200
0.02362065
0.01377057
-0.03901426
0.02132008
0.02515336
-0.00077133
0.01877797
-0.02975553
-0.03766418
-0.01187067
0.03730932
-0.02048819
-0.02357054
0.04856655
-0.01577327
-0.03796764
-0.03165584
-0.01426460
-0.02897311
-0.04142651
0.00275914
0.01330051
0.00939259
-0.03875111
-0.00613036
-0.02610346
-0.00945286
0.04199069
0.04535716
-0.01534346
0.03546466
0.01267375
-0.04965129
-0.02567689
-0.01320575
0.03495876
-0.00756999
-0.01061547
0.02640088
-0.02213159
0.04419854
-0.01003275
0.00323113
-0.00331955
-0.04821866
-0.02276529
-0.03498394
-0.04632761
-0.01981432
0.02184982
-0.02359100
0.02580834
-0.00493125
-0.02903128
0.02402488
-0.04215838
0.00394703
0.02657553
-0.02323200
-0.03430976
0.04854875
0.01895203
-0.01028107
0.02094072
-0.00650546
-0.00628010
-0.02412224
0.03377358
0.03170458
0.03559332
0.02919918
0.04376096
-0.04089119
-0.02212452
0.03686276
0.04451495
0.01857649
-0.00636315
0.00109307
0.00791961
0.01754839
-0.00379841
0.02543885
-0.03906750
-0.03980111
-0.00571023
0.03238009
-0.04810530
-0.04913251
0.00735109
0.01178960
-0.01789065
0.04109669
0.00264431
-0.01504933
0.02091423
-0.01377270
-0.01039615
-0.03516721
0.03606008
-0.01712690
0.01536344
0.00492391
0.04991626
0.00126345
0.04495218
-0.02528319
0.03291577
-0.04349665
-0.00893106
0.01592826
0.04344029
-0.02329342
-0.03205508
0.01810760
0.02389425
-0.02956970
-0.04745513
0.03777008
-0.03870531
-0.04863098
-0.02086774
-0.02263368
0.01893879
-0.01868129
-0.00126632
-0.03317808
-0.01133935
0.02754156
-0.00916783
-0.04841568
0.04501065
0.04536880
0.04037192
0.04879039
-0.04873798
0.01017798
-0.04108976
-0.00793720
-0.03140943
-0.01306654
-0.00767787
-0.00142827
0.02968944
-0.04176199
-0.03202862
-0.00999022
-0.04525885
0.02476311
-0.03837021
0.04670046
-0.01963150
-0.01030307
0.01699948
0.01816552
0.00921785
-0.02774328
0.00024504
-0.04877692
0.00130350
0.03959956
-0.02755490
0.04544008
0.02926039
-0.01115656
0.03757615
0.02604191
-0.04497598
0.03022076
0.01577862
0.01160541
0.00713350
-0.04646202
-0.04543414
-0.04280719
0.02405094
0.02857150
0.02007074
-0.02900751
-0.01228759
0.03053113
-0.02483229
0.04312914
-0.03126970
-0.02035017
0.03780149
0.00305992
-0.00538152
0.03861520
-0.02419052
0.02222969
0.01068015
-0.00940936
-0.00175555
0.03069001
0.04716226
-0.04020859
-0.04974297
0.00720725
0.02897239
-0.00587089
-0.03019750
-0.03463982
-0.04561780
-0.04698415
0.02925085
0.00799799
0.02418089
0.04510840
-0.03547078
-0.03074271
0.03878740
-0.03137330
0.02242487
-0.01396123
-0.01981304
0.03739587
-0.03844292
0.01909322
-0.02042884
-0.01295409
0.01225778
0.02438228
0.00907154
0.02086535
0.01452292
-0.03208319
-0.03906313
-0.01555300
-0.02320828
-0.00628764
-0.00386495
-0.01913362
0.03919081
0.02970021
0.02435834
-0.02767326
0.03366621
-0.00612763
-0.02273440
0.03128147
-0.03484840
0.01954624
0.02831847
0.02718852
0.01184394
0.04490000
-0.01513381
-0.03266893
-0.00932437
0.04266789
-0.03138245
-0.04400286
0.01699307
-0.03447272
0.04165464
-0.00709021
0.03317877
-0.01111015
-0.01043027
0.03725290
0.00619096
0.03197020
0.02901362
0.03974690
0.02893314
-0.00302159
0.03475657
-0.02005879
0.03813218
-0.00733135
0.00036650
0.04777341
0.01174037
-0.01322704
-0.01697606
-0.01765447
0.04666403
-0.00037686
-0.04948565
0.00956967
-0.02756934
0.02248786
-0.01811767
0.01023897
0.00611990
0.00155798
0.01600657
0.04002935
0.03243527
-0.04718158
0.04935724
-0.01153886
0.01185069
0.04410535
-0.02597670
-0.04323816
-0.04802949
0.04728234
-0.00143323
-0.00788540
0.04581621
-0.03764173
0.03226031
-0.00162041
-0.02891294
-0.04152990
0.03843287
-0.04729260
-0.00528363
0.03028337
-0.02082304
-0.03242218
-0.03263855
-0.03448905
-0.04002007
0.03887901
-0.00281035
0.03914900
0.03907649
-0.04297176
0.02855590
-0.00448088
0.02493900
-0.04046218
-0.04057870
-0.00767107
-0.00831153
-0.04361339
0.04376195
-0.03374638
0.03554621
0.00205599
0.04064092
-0.02165226
-0.02924223
0.01454915
-0.04077705
0.02361596
0.03128411
0.02203225
-0.01704472
0.01592486
-0.01329098
0.04914915
0.02180039
0.03403490
0.04837731
-0.02349730
-0.03390701
0.00962861
-0.00826447
-0.04304705
0.04114380
0.04115807
-0.01419479
-0.03346349
0.00514066
0.01672196
-0.03480536
-0.04788753
0.00720967
-0.04893674
-0.02056539
0.02984694
-0.01945929
0.01994782
0.02014991
0.00936052
-0.02454450
-0.00944004
-0.04131760
-0.00583919
-0.04695527
-0.00374146
-0.00957487
0.02272751
0.00951443
0.00970806
0.02910735
0.03008912
0.00624625
0.03822057
0.00649349
-0.01753130
0.04966360
-0.02676442
-0.04402231
0.04177336
-0.01155326
0.04010069
0.03169051
0.03169515
-0.04264509
0.01290586
0.01770468
-0.00353370
-0.01782797
-0.03780757
0.01264590
-0.02600477
0.00462987
-0.03540583
0.01246487
0.00204288
-0.00173541
-0.04498852
0.02119728
0.02535100
-0.03830198
0.00083258
0.01793851
-0.01971349
0.04433601
0.00216102
-0.01450077
0.03230596
-0.03193785
0.04245949
-0.01940385
0.03271761
-0.00243568
0.01880014
0.02720969
-0.04114778
-0.01026710
0.03983931
0.04189907
-0.00967974
-0.03119234
-0.04372643
0.02498766
-0.04403944
0.02109924
0.00148000
-0.03458067
0.03816896
0.01633791
0.01157931
-0.03948496
-0.04666497
0.01267381
-0.01614256
-0.02489739
0.00339998
0.03905576
-0.01187820
0.01373337
0.01084421
-0.00743503
-0.03696114
-0.00026084
0.01841416
-0.01338533
0.02035017
0.04277011
-0.01882113
-0.03294612
0.03977004
-0.01022012
0.03670759
0.02013731
-0.04671009
0.04081644
-0.02295482
-0.01417045
-0.01512744
-0.03412585
-0.00219546
0.03252245
-0.03203828
-0.02632052
0.00087115
0.01751091
0.02425055
-0.03862447
-0.02601233
0.00710828
0.03327069
-0.00941843
0.02662224
0.04869861
0.03866473
-0.04098557
-0.01165637
0.03104611
-0.00878253
-0.04227420
-0.02919838
0.00372304
0.03133987
0.04603290
-0.00368428
-0.03797614
0.03677426
-0.01431430
-0.04382877
0.00171712
-0.00786052
-0.00803822
0.02453619
0.03559159
0.02358656
-0.01136257
-0.01608630
-0.03232119
-0.00169483
0.00731123
0.04261697
0.04276194
0.03229945
0.00505672
0.00026852
0.01458589
0.01866423
0.02754841
0.00824979
-0.00242469
-0.01174923
0.00442759
0.04485265
0.01149377
-0.02550456
0.00358385
0.00495889
0.02945926
-0.00952033
-0.01901388
-0.04301166
-0.04358966
-0.03211054
-0.03105522
0.04404774
0.02854324
0.03445422
-0.04492564
-0.01783038
0.01059974
-0.02456754
-0.04300712
0.00440170
0.00847803
-0.04846026
-0.01476284
-0.03080688
0.02548256
-0.03182472
0.01011668
0.04162868
-0.01305874
-0.03881272
-0.01579492
-0.02647832
0.00605190
-0.02280921
-0.01280393
-0.02821041
-0.02358793
0.01707169
0.01367661
-0.00781008
-0.04334615
0.02793092
-0.01598030
0.02019633
0.00040452
0.04584970
0.00728602
-0.04273476
0.03481282
-0.01872716
0.01993434
-0.02086469
-0.03213184
0.04279999
0.02681074
0.00404756
-0.02543152
-0.01280224
0.01184728
-0.02215460
0.04808205
-0.00585794
-0.00714135
-0.04404041
0.04160354
0.01836599
0.01281524
-0.01427955
-0.04977260
-0.01198730
-0.02392965
-0.03497544
0.01812018
-0.00936068
-0.00446814
0.02145160
-0.02295017
0.01681085
-0.03596113
0.03377427
0.03793500
0.04772849
0.04863081
-0.02819825
0.03449043
-0.02095583
0.01917327
0.01796957
-0.00235923
0.01434499
0.01811395
0.03944859
0.02304798
0.00277218
0.02192376
0.02042294
0.03071231
-0.02149110
-0.04088289
-0.02377079
0.04786552
-0.02441767
-0.02676913
0.00188507
0.01147264
0.03288527
-0.03942663
-0.03614423
-0.03899126
-0.04218456
0.04077233
0.01019994
0.04654506
0.02941363
0.00161613
-0.04775593
-0.03818685
-0.01385944
-0.02958532
-0.00629305
0.01702539
-0.02118438
-0.04032395
-0.02562905
-0.00855212
-0.00641329
0.04258792
-0.00810285
-0.04569564
0.02897213
-0.02394699
0.02884660
0.00995565
0.01044222
0.04362270
-0.03335832
-0.01149863
0.04166584
-0.00664684
0.01378937
-0.02824745
0.00265206
-0.02526484
-0.02890709
-0.01728864
0.00727004
-0.02144935
0.01357873
0.04516397
0.03734188
0.00669238
0.04640573
-0.01990435
-0.02529449
0.02556220
-0.04870800
0.02342523
-0.01441912
0.02936563
-0.03709339
0.00722006
-0.03669612
-0.00114048
0.00770602
-0.00558315
-0.02359739
-0.00017208
-0.00901736
-0.02674248
-0.00446503
-0.04299299
0.01562687
0.00408050
-0.00832303
-0.02429413
-0.04717528
0.04825738
-0.01188278
-0.03055387
-0.00848562
0.03973364
0.04177098
-0.04019021
0.01320979
-0.01934106
0.01654281
0.03588693
-0.00633398
-0.03488975
0.04162400
0.00193926
-0.03604044
0.03908220
-0.02738198
-0.02443488
-0.00658261
0.01466566
0.00077316
0.01085198
-0.04819597
-0.01765947
0.04925576
0.01310158
-0.02495660
0.03545535
-0.00293247
-0.00216435
-0.03689439
0.03397812
0.02497498
0.02364486
-0.01944477
0.02271277
-0.02331584
-0.04533817
-0.03777229
0.01060352
-0.03770740
-0.01461132
-0.00943892
-0.04321955
-0.03600151
0.02885016
0.04576922
0.04055953
-0.01844154
0.00741986
-0.04144935
-0.04752934
0.04764229
-0.01039360
-0.04257275
0.04535199
0.01389306
-0.03537826
-0.01177005
0.02949432
-0.02603872
0.01167102
0.04559763
-0.03514978
-0.00734409
0.00174057
-0.03041022
-0.01686054
-0.01695589
-0.04936591
-0.04342266
-0.02873195
-0.04436629
-0.02924040
-0.01113398
-0.01089299
-0.04532829
-0.00081305
-0.00643874
-0.02826584
-0.01868232
0.01794378
-0.04748319
-0.01516952
-0.01385287
-0.04172031
-0.04364696
-0.01122311
0.03309479
-0.00609023
0.03463055
-0.01337723
0.00268932
0.03608895
-0.03781838
0.03471576
0.03360904
-0.03334455
0.03327407
0.01500511
-0.02430044
0.02195563
-0.01757801
-0.00041942
-0.03333941
0.04008951
0.02735144
0.00024293
0.03304071
0.00368600
-0.01209533
0.01037841
-0.03658099
0.01610687
0.01724982
0.00391189
-0.04638952
-0.02787443
0.00423031
0.01010229
0.01428535
0.04986914
-0.02943391
-0.00322021
-0.00205101
-0.02085067
0.03615008
0.03595406
-0.04991357
-0.02085914
-0.00528360
-0.00598173
-0.01183770
0.01963874
0.02621990
0.04720423
0.02171179
-0.01936444
0.01164815
-0.01378962
0.01637978
0.01230103
-0.00457519
0.00470755
0.03827576
-0.04350509
0.03932140
0.00282661
0.00476777
0.01415128
-0.03523451
-0.03137667
-0.02930048
0.02374603
0.03073281
-0.01116467
0.03152078
-0.03178487
0.01060048
0.02954669
-0.01744902
-0.01525772
0.02604499
0.01897089
0.03330348
0.03200483
-0.04397980
0.02272913
-0.02749734
-0.00032577
-0.01558411
0.00110590
0.00310668
-0.00705508
0.03041802
-0.04545069
-0.00338174
0.00986805
0.02410824
-0.04164363
-0.04620659
0.01573187
-0.03552397
-0.04690341
-0.02084197
-0.02269933
-0.01095895
-0.04245625
0.04706893
-0.02968423
0.01489575
-0.01285275
0.04309428
-0.04850744
-0.03828305
-0.00182719
-0.03330646
-0.03701044
0.02742985
-0.03444318
-0.03544487
0.00390686
-0.04059540
-0.02684600
-0.01012130
0.04826817
0.02687241
-0.01602205
0.03510825
0.03764977
-0.04916077
-0.03240173
-0.02952172
-0.03779900
0.04808355
-0.01208115
-0.01581356
0.04338958
0.02967327
0.04082025
-0.04988636
0.03173840
-0.03714315
-0.02737211
-0.00529349
0.02472190
0.02434894
-0.04689661
-0.02022535
0.00149077
-0.01987692
0.02018608
0.01924513
0.04988363
-0.00938160
0.01457186
0.03386812
-0.00921533
0.03925435
-0.00075990
0.00340319
0.01148084
-0.03632529
-0.01228297
0.02765249
0.01417969
-0.04315765
0.04907924
0.01461640
-0.01478946
0.03716960
-0.02389788
0.03357653
-0.03184836
-0.02516388
0.04766610
0.00910512
-0.01220148
-0.03723690
-0.04157295
-0.02882214
-0.03090720
0.03927343
-0.00636124
-0.02010862
-0.00174660
-0.02500742
0.03432728
0.00689933
0.04711260
-0.03474314
0.00542587
0.00400125
-0.04629356
0.04400283
0.00768178
-0.04164452
0.02753323
0.03354212
-0.01912740
-0.04492606
0.00013451
0.03668479
-0.03537886
-0.00804613
0.01230374
-0.03687710
-0.04730729
-0.00031902
-0.04637808
0.04260684
0.04135695
0.04851406
-0.02915008
0.03237340
-0.04371884
-0.03762210
-0.00801289
0.01383682
0.00074941
-0.00136300
0.01096533
-0.04849239
0.02140202
-0.03980064
-0.04084233
0.01700355
-0.01242322
-0.03530433
-0.00360221
0.00212653
-0.00965668
-0.04242597
0.03786127
0.01531843
-0.04604575
-0.02164431
0.04549228
-0.03131127
-0.00603630
-0.03895624
0.04753917
-0.03358719
0.02264820
-0.03046657
0.02713003
-0.00424280
0.03267252
0.01100244
-0.02937811
-0.02382240
-0.00460990
-0.02452817
-0.02622304
-0.00479899
-0.02577752
0.00934592
0.04861370
0.02274151
0.04645797
0.01684304
-0.01251923
-0.03643113
-0.01649665
-0.04809256
0.04194554
-0.02651033
0.02525866
0.02220105
-0.00483416
0.00312471
0.01942057
-0.03928421
-0.04267210
0.02456813
0.03495758
-0.00197805
-0.04121825
-0.01571375
-0.02279022
-0.03332281
0.02898837
0.00887253
0.02911847
0.03973044
-0.02741693
-0.00608468
0.04417549
-0.01613608
0.01468558
-0.04454782
0.00156096
0.03152033
-0.04750885
-0.00340771
-0.01033276
0.02915733
-0.01917542
-0.04809567
0.02513126
0.00099382
0.04950544
0.03279188
-0.00880215
-0.00212934
0.01095816
-0.04811427
0.01563299
-0.04347940
0.01248977
0.00053872
-0.02422895
0.00103763
-0.01032036
-0.02621922
-0.03714256
-0.03759218
0.04195589
-0.01117802
0.01987965
0.03793443
-0.04237275
0.01318935
-0.01502342
-0.01539208
-0.00704715
0.02524910
0.04458352
-0.00509418
0.03882255
0.00737473
0.02358101
0.01322235
-0.01681529
-0.02080887
0.00292204
0.00321990
-0.04107333
-0.00688647
-0.03287157
0.02238408
0.02825644
-0.03863131
0.03466178
0.01375245
-0.04983158
0.00307488
-0.01252951
-0.03455358
0.04922753
0.04554590
-0.04059793
0.00835009
0.01402364
0.04323344
0.00099372
-0.01430731
0.04045133
-0.03871940
0.03554479
-0.03929421
0.01526543
-0.03621950
-0.00932188
-0.02261368
-0.04298048
0.00683319
-0.01799129
0.00779811
0.04026005
-0.01666137
0.04618436
-0.04489211
-0.02866139
-0.04327611
0.02889534
-0.02121369
-0.01086218
0.04212522
-0.01887797
0.01286932
-0.01099917
-0.02774115
-0.04265028
-0.03937769
0.04012113
0.00547646
-0.01995459
0.03260658
-0.00888070
0.04018658
0.02928847
0.00583124
0.03173704
0.02131422
-0.01322032
-0.01949977
-0.04322759
0.03193799
0.01150341
0.03518456
-0.02357897
-0.00030697
0.01208065
-0.03571285
-0.00702622
-0.01443347
-0.00817909
-0.01500031
-0.01836991
-0.03694624
0.00344563
-0.02917084
-0.03911494
-0.00729698
0.04033430
0.00787753
-0.00816630
0.03403260
-0.01596510
0.01856652
0.01912395
-0.04076203
-0.04336647
0.00042537
-0.03189744
-0.03843297
-0.00377480
0.00431629
-0.04907984
-0.04015711
0.00125821
0.04937472
0.00743339
-0.03944140
0.03486834
0.01774625
-0.04709282
0.03881272
-0.01656243
-0.03798887
-0.03598623
0.01135868
-0.03551063
0.01765448
-0.04550229
-0.04517457
-0.02172017
0.02947080
-0.04729433
0.00952207
-0.04207266
0.03894761
0.03067459
0.01768992
-0.02808098
-0.04347534
0.02980260
0.00645303
0.03145213
-0.01164698
-0.04598801
-0.03615593
-0.01065837
-0.01852175
0.04833518
0.02519828
0.00371477
0.01543830
-0.03157760
0.04858122
0.00138148
-0.01637272
-0.04035121
-0.03252884
-0.00416767
-0.03204767
-0.00054964
0.00005430
0.00525277
0.01786777
0.00966223
-0.01205716
0.01196548
-0.02147231
0.03571772
-0.02347511
0.01460185
-0.04641948
-0.02323005
0.00064509
0.02126486
-0.01452467
-0.01488058
-0.03849630
-0.00245495
0.01865153
-0.04075993
0.00757004
-0.00081540
0.03556028
0.03483735
-0.01000419
0.03578364
0.02678062
0.04205321
-0.03230614
0.03746019
0.01352282
0.04755378
0.04654659
0.01109843
0.02251671
-0.02043355
-0.02627556
0.03212059
0.02331703
0.01257023
0.01715614
-0.03401858
-0.01381703
-0.02793066
-0.03187310
-0.02471085
-0.03378392
0.03270272
0.04324618
-0.04413981
-0.04698541
-0.03186537
-0.03883338
0.00362237
0.03689907
-0.00319562
-0.00357120
-0.01679572
0.03402577
0.01946707
0.02498400
0.04137098
0.03847700
0.00877988
0.04685017
-0.01469244
0.00030083
0.00856195
0.00122243
0.02195780
-0.03293332
0.04105857
0.02189335
-0.04409286
-0.04343221
-0.03022491
-0.01014969
0.00736255
0.00591596
0.04039128
0.00419479
-0.01500906
0.00976659
0.04605650
0.00985664
-0.00435270
-0.01890271
-0.03403874
0.01755760
0.03249090
-0.01215115
0.02485821
-0.01723124
0.00416945
0.03827180
0.04092950
0.03935060
-0.03478293
-0.00647345
0.03126719
-0.01389876
-0.04188486
0.04961216
0.03918153
-0.02379753
0.02118055
-0.01635519
-0.04231896
0.00339222
-0.04053929
0.01353242
-0.04288832
-0.03042916
0.04637537
-0.04180242
-0.03273188
-0.04899055
0.00709194
0.00675617
0.00647814
-0.03093106
-0.02595764
0.02331550
0.01870864
-0.00588002
0.03640326
0.02199963
0.03207925
-0.01998862
0.01997753
0.03630007
0.03745668
0.01805187
0.02315534
0.02914652
0.00497095
0.03180286
0.00402989
-0.04608290
-0.02649347
0.03282993
0.04156445
-0.02923051
0.03455584
-0.01868013
-0.01407763
-0.04123211
0.00015884
-0.00734231
-0.03897621
0.01336154
0.04952583
-0.04271555
-0.04065179
-0.02464512
-0.03996123
0.00064401
0.03661076
-0.01207801
-0.03425498
0.00400480
0.02468883
-0.04964149
0.02211774
-0.01793182
-0.01247070
0.00769703
0.04878300
-0.02380226
0.01018257
-0.01444760
-0.04113749
0.02505317
-0.01087748
0.00621815
-0.00139928
-0.04860590
-0.01285403
-0.03840909
0.02096040
-0.01105519
-0.01234308
-0.04635121
0.03371796
0.04764178
-0.04722764
0.04360740
-0.00845203
-0.00642496
0.03043705
-0.04804891
0.04702500
-0.03755588
-0.01535495
0.00309472
0.03888405
0.03949924
-0.00378369
0.00041389
-0.00824128
0.00844011
-0.04869846
0.04252612
-0.02194952
-0.00265141
0.04511314
0.03306339
-0.03994086
0.04167109
-0.04078439
-0.00624249
0.02845860
-0.03722733
0.04486329
-0.02797618
0.00707415
0.03796991
-0.00989030
0.01262422
0.04587290
-0.03084087
0.01355497
0.02833992
-0.01495471
-0.03557644
-0.02476079
0.00228658
-0.03410407
-0.04686548
0.01866975
-0.00600265
0.03419225
-0.03886830
0.01541936
0.03208258
-0.04785378
-0.00958448
-0.02775178
0.01633995
-0.03917208
0.02396156
0.04970749
0.01512720
0.00163179
-0.04968126
-0.04671013
0.02217595
-0.00600204
0.04110822
-0.04970058
0.03347881
0.01447341
-0.03318180
-0.00493372
-0.00898530
0.01235962
0.04528989
0.02860764
0.01285507
-0.01034253
0.04911416
-0.00308300
0.04870385
-0.03854724
-0.04660950
-0.02580582
0.02121714
-0.03451905
-0.02516860
0.01414524
0.04177520
-0.01231617
-0.03169394
0.00208072
0.01909425
0.01671789
0.00630631
0.01738336
-0.03487992
0.02231125
-0.04494439
0.03768657
-0.04867587
0.00154644
-0.00122481
-0.03768044
-0.03736213
-0.00251936
-0.02772311
-0.03614942
-0.04634861
-0.03003867
-0.03945377
0.04722347
0.04093673
0.00061029
-0.03217060
-0.01161308
0.00784404
-0.02322218
-0.01491584
-0.01517224
-0.04844759
-0.04509515
0.04908440
0.04623383
0.00672530
-0.04930198
0.00404943
0.04076745
0.00708460
0.00202960
0.03190372
-0.04723619
-0.03554847
0.03576040
0.01122922
0.02131963
0.01601639
-0.00046987
0.03830770
-0.03680362
-0.00315799
0.02895006
-0.04531720
-0.02953510
-0.02962136
0.01591974
-0.03953015
-0.03451986
-0.02543817
-0.04373914
0.00578126
-0.04705874
-0.04519211
0.00967529
0.04870657
-0.02528916
-0.03835922
0.04608024
0.04187661
0.03357771
0.03993886
0.02307690
-0.04234350
0.01874634
0.00927727
-0.00335057
0.01190720
0.00617842
0.02082608
0.01565438
0.02780572
-0.03879254
-0.03163694
-0.03211292
-0.04262010
-0.03879384
-0.04102982
-0.00655652
0.04398430
0.02449152
-0.00748092
-0.03343373
-0.01213489
-0.04829765
-0.00640672
0.04481454
0.00852866
-0.04208105
-0.04798188
-0.01502513
0.00369447
0.01752570
0.01936807
-0.04138644
0.02460301
-0.01196948
0.03479795
-0.00553910
0.01915274
-0.01502673
0.04507659
-0.02416842
0.03777744
-0.03296160
0.03046144
0.03143874
-0.02684700
-0.00400798
0.03148498
0.04777192
0.00387919
-0.01015553
-0.00178556
-0.00370698
-0.02014037
-0.00561393
0.01291191
-0.03808219
0.03278182
-0.02350143
0.04045627
0.04520901
-0.04596481
-0.04391494
0.01670775
0.01105497
-0.02986460
-0.01019655
-0.00230794
0.04745848
-0.02094728
-0.00295518
-0.04661255
-0.04265533
0.04078242
-0.01799719
0.04304545
0.01497282
0.03228601
0.01115631
-0.02389347
-0.04836233
0.02821460
0.03046763
-0.00257982
-0.01911179
0.00646734
-0.04859530
-0.00573513
0.00065411
-0.00979138
0.00469514
-0.02096818
-0.03372628
-0.01408467
0.02822276
-0.01532608
0.03563624
-0.00725365
-0.00593061
-0.02781081
-0.00780113
0.04428844
0.04662591
-0.00645838
0.00411120
0.04285708
-0.02844061
-0.04053769
0.02096864
-0.00426866
0.02029588
-0.03056353
0.02748656
-0.02440007
-0.00230532
-0.02986068
0.00794761
-0.02025597
-0.03194102
0.03388317
-0.02119109
-0.01318680
0.04965961
0.00753464
0.03684077
0.04725114
-0.00005802
0.01253946
0.00801843
0.04159940
0.02697575
0.04282954
0.03815411
0.00982304
0.03856920
0.04129109
-0.02425808
0.01346258
0.04125312
-0.00274629
0.03932477
0.02765014
0.04731378
0.02168500
-0.02170014
0.04036246
0.02908069
0.04792534
-0.00296164
0.00304894
0.02896765
0.02601796
-0.02322975
-0.01003905
0.04367649
-0.01537089
-0.04593201
-0.01431706
-0.02408293
0.04625046
-0.03718223
-0.01677652
0.04431738
-0.04774587
0.04498450
0.00342282
-0.02045761
-0.02129755
0.01189138
0.01412907
0.02805736
0.00823337
0.04072599
-0.03895237
0.02692397
0.02562761
-0.03968350
-0.01226274
-0.01858596
-0.02090087
0.00039150
0.02687325
-0.02757668
0.02317398
0.03436522
0.02703064
-0.02689577
0.01590762
0.02238559
-0.04893745
0.03079207
0.02005111
-0.02803397
0.01061167
-0.00222879
-0.01031172
0.00037640
0.02091050
0.03498413
0.01485423
0.01372683
0.00850966
-0.02803378
0.03599389
0.01662404
-0.03762448
-0.04154578
-0.02369936
-0.03677793
-0.04114762
-0.03976567
0.04011446
-0.00900975
-0.02871116
-0.02429229
-0.01836131
0.04411759
0.00671147
-0.03956868
0.00547790
-0.02239160
0.04715506
0.00446887
-0.04648581
-0.02107959
0.02648514
-0.04845032
-0.02696169
-0.03298474
-0.02738889
-0.00074909
0.01660904
-0.01676429
0.04187914
0.01138366
0.01428449
-0.04619177
0.03049337
0.01717751
0.00124942
0.00635039
0.02780620
0.01965111
-0.01781995
-0.03102271
-0.01974028
0.01604515
-0.02300194
0.04072883
-0.03727011
0.00058422
-0.00802314
-0.01038292
0.03156247
-0.01543953
-0.02416385
0.02582557
-0.03507864
0.01309792
-0.01197158
0.01201944
-0.03749428
-0.01276449
-0.00977192
0.03450268
-0.03100230
-0.04170328
-0.03355477
-0.04983343
0.03320592
-0.02201503
0.03279658
-0.02609898
0.00160722
0.00890882
0.04870559
0.02996526
-0.01510032
0.02589020
0.00664410
0.03839198
0.00097333
0.03208854
0.03625208
-0.00929901
-0.04667956
-0.01483684
-0.03965394
-0.01356775
0.02781338
-0.04585871
0.03330297
-0.00823105
0.02160220
-0.04341513
-0.02758578
0.03114160
-0.02862147
0.03211273
-0.04936768
0.01552346
0.00860632
-0.00237224
-0.01740972
0.03607354
-0.00761141
-0.01884948
-0.02311227
-0.04579052
-0.00009884
-0.01355009
0.00435529
0.03621287
0.04948413
0.03014507
-0.01424146
-0.00619754
0.04077821
-0.01523304
0.02167728
0.04681242
-0.00175757
0.02421549
0.01409440
-0.00838251
-0.00799271
-0.02907368
0.04414229
-0.03298514
0.00884179
0.03433115
0.02985361
0.03673885
0.01810911
-0.03014087
-0.00517495
-0.00351657
0.04207132
-0.03046261
-0.01346330
0.00890922
0.03823157
0.00465207
0.00232594
-0.03214619
-0.04388264
0.04047083
0.01634170
0.00323762
-0.02458603
0.00824112
0.04019948
0.02355885
-0.04110286
0.04661021
0.02195816
-0.04355361
-0.02474489
-0.00011710
-0.01082505
-0.03791697
-0.03744475
0.04012747
-0.04398342
-0.02240474
-0.00986206
-0.00592206
-0.00489906
0.02211946
0.00762724
0.04724498
0.02616802
0.01764403
0.01850699
-0.00027927
-0.04548810
-0.04348573
0.04983240
-0.04164186
-0.01498132
0.03258405
0.00766523
-0.03770593
-0.04592067
0.02461224
-0.04830576
-0.02810020
0.03904591
0.00262603
0.03744025
-0.02486779
0.03423934
0.01321613
0.01452927
0.04881145
-0.03756335
0.01405573
0.00365096
0.04918473
0.00120058
0.00871179
-0.00554378
0.03209635
0.04308253
0.04475553
0.02368588
0.01319416
-0.01994553
-0.01497706
0.00279804
-0.02326582
-0.01403219
-0.01203727
0.02656706
-0.01624117
-0.00505892
-0.02858897
0.02230830
0.04886129
-0.03698774
0.04576288
0.04959229
0.00630067
-0.04983131
0.04937591
0.02278525
0.02239164
-0.01740791
0.01272678
0.04524707
0.02885735
-0.02805992
-0.00496818
-0.01476838
0.04552123
-0.03341346
-0.00727790
0.00532747
0.01200027
0.00651430
-0.04164768
0.01808355
-0.02747124
0.02421127
0.03263370
0.00903235
0.01872457
0.02918022
0.02748373
-0.01316126
0.04227940
0.02566181
0.01054185
0.03410590
0.00969785
0.03590506
0.04973912
0.01159073
0.03583695
-0.01719500
-0.02124674
-0.01455501
-0.04572754
-0.04434995
-0.02252625
0.01143889
-0.01293858
0.03111877
0.04506288
0.04325243
0.04663852
-0.03654509
-0.00864526
-0.01311016
0.01154672
0.02755850
0.00272117
0.00218153
-0.04202054
0.04804420
-0.03924754
-0.02303636
-0.02801841
-0.01502879
-0.01345706
0.01524974
-0.04449209
0.04387110
-0.01954525
0.00733329
-0.02545032
0.00765465
0.04007406
-0.02402569
0.02152473
-0.02052911
-0.01732382
-0.02995916
0.04565286
0.03069642
-0.02994875
-0.03403511
0.04383708
-0.03436278
0.01562143
0.01885250
-0.01694559
-0.01412156
0.01020727
0.03784388
-0.04471731
-0.03253078
0.02805139
0.04803580
-0.04486797
-0.00939152
-0.00784785
0.03317133
0.04497691
0.02574335
-0.04408779
0.04829696
-0.03479607
-0.03962869
-0.01569515
-0.04445231
0.02789776
-0.00831784
-0.02504874
0.01678705
0.04055740
-0.02273032
0.01221999
0.00358759
0.02988358
-0.03005617
0.03744464
-0.00788079
-0.00640407
-0.02796991
-0.01173327
0.01819968
0.00435392
-0.01245242
0.02247528
-0.02180537
0.04946011
-0.02230516
-0.03694989
-0.03371338
-0.00382140
-0.04419208
-0.01942350
0.02160413
0.03081563
0.02495080
0.04097471
0.01265271
0.03893331
-0.01660798
-0.04653510
-0.02931091
-0.03575281
-0.03097900
0.00336382
-0.01190184
0.03111294
0.02418586
0.03486429
0.01375580
0.01626414
0.01993879
0.01380304
0.00741717
0.03870450
0.01886285
-0.03803475
-0.02308953
-0.02230592
-0.00757102
-0.02968152
0.04170892
0.01090476
-0.03417894
0.01416068
0.04649685
-0.02241379
0.03638247
-0.03840017
0.00446492
-0.01184927
0.03395272
0.02066597
0.04483538
-0.00387927
0.02304345
0.01357616
-0.04601092
-0.03342923
-0.02408250
0.00555793
0.04603280
-0.01201015
0.04533028
-0.04487016
-0.03323362
-0.01663820
-0.02394477
-0.04147761
0.01180516
0.01209059
-0.01166700
-0.00403598
-0.00871211
0.04332897
-0.02421386
0.02940833
-0.02652381
-0.01440240
-0.02472121
0.01689205
0.02579859
-0.02508318
0.02037684
0.02157513
0.03220038
-0.04250994
0.01258246
-0.00756168
0.00958965
-0.02964303
-0.01505399
-0.04098452
-0.04426983
0.03625649
-0.02785897
0.01629907
0.04877429
-0.03426580
0.01294774
0.02754821
0.04285001
-0.00695556
0.00699791
-0.02699218
0.04905726
0.02710360
-0.00224636
0.00690336
0.00333713
0.01919032
0.01424496
-0.00577242
-0.04441794
0.03054885
-0.03172973
-0.04378087
0.03223819
0.00661201
0.01265294
-0.04941262
-0.02626438
0.02269574
0.03831710
-0.03888137
0.02682583
0.01778015
-0.02820797
0.04092903
-0.00833586
-0.01138537
0.04902637
0.03001825
0.01775168
-0.00649114
-0.04033316
0.04489768
0.03432894
0.03267620
0.03232377
0.03587306
0.02589712
0.03866845
0.02348172
0.00465332
0.00272530
0.03362550
-0.03964661
0.03729282
-0.00322316
-0.03928962
0.00894733
0.02602221
0.02786623
-0.02353034
-0.02164434
-0.04561038
-0.00281998
-0.00426044
0.02930863
0.04985901
0.00726076
-0.00821323
0.00150037
0.02646376
0.03952112
-0.01539116
0.02153496
0.04020239
-0.02809829
0.00230265
0.02586474
-0.00083047
-0.02312635
0.01220207
0.01469176
0.02069575
0.04261269
0.04266549
0.02995766
0.04731746
0.01050148
-0.04020164
-0.01186708
0.01163706
-0.01668657
0.00755846
0.01369753
0.01593283
0.02659444
-0.04954835
0.03772899
-0.01840945
-0.00900647
-0.01507369
-0.04091768
-0.02115278
0.02066158
0.03154144
-0.04904372
0.02400829
0.02196360
0.02024841
-0.03557847
-0.03065604
-0.04228278
-0.02262652
-0.03811782
-0.00715411
0.00049362
0.04777108
-0.02605995
-0.04612168
0.04915543
0.04119182
-0.00489434
0.01144978
0.03899983
-0.00376959
-0.04505385
0.03420314
0.01841633
-0.02247209
-0.02384145
0.04894630
-0.03685661
-0.02224868
-0.03828302
0.01074282
0.03350747
0.02241563
-0.00464997
0.04170606
0.02608355
0.00297527
0.03365664
-0.00972516
-0.02491016
-0.00585239
0.04338929
-0.01084997
0.02754595
-0.04873127
0.03591048
0.02083744
-0.03679668
0.04926578
-0.03071098
0.02811064
0.02884032
0.04475697
0.00665001
-0.01158300
0.04311599
0.01382219
0.03687809
0.03929535
-0.01819701
-0.04564101
0.03146962
0.04548934
0.01766783
-0.01648908
-0.03686729
0.01913926
-0.01781512
0.01264912
0.04195378
-0.04170706
0.00702594
0.01088994
0.03819255
-0.01443526
-0.01545997
-0.01507121
-0.04784206
-0.01290216
0.01049118
-0.04261208
-0.01807888
-0.03569420
0.03301376
0.04356439
-0.01915619
0.01604883
-0.04258384
0.02760992
0.00006118
0.01046323
0.01002888
0.04609362
0.00552649
0.02784438
-0.03611792
0.02819057
0.04084710
-0.01830612
-0.00606443
0.02130823
0.03719684
0.02924974
-0.03796427
-0.04375072
0.03625270
-0.00144877
0.00505599
0.01475784
0.03331775
0.01976159
-0.04212658
-0.02523213
0.00820807
-0.04947128
-0.04121165
-0.02183634
0.00775083
0.02320422
0.03617644
0.00391649
-0.02205318
0.02956623
-0.00576651
0.01929095
0.00336566
0.03490818
-0.01157799
0.04080372
-0.03027813
-0.03157984
-0.00581121
0.04297346
0.01727271
-0.03295020
-0.03055334
-0.04719577
0.03143593
-0.03939884
0.01696015
-0.01240187
-0.03911300
0.00772811
-0.02563081
0.01309543
0.03383046
0.03851754
0.01176542
0.03321262
-0.00324208
0.00153294
0.03529385
-0.01390862
-0.00850430
-0.00379899
-0.03028977
-0.01891194
0.01924964
-0.01780312
0.04167755
0.01131200
0.00483051
-0.03609849
0.02845755
-0.01647904
-0.00084743
-0.01580726
-0.01690597
-0.00792245
-0.03899598
0.01208779
-0.02110944
-0.00337570
0.04993794
-0.00947553
0.02410181
0.00597051
-0.03583032
-0.03134267
0.00013899
-0.02853695
0.04591161
-0.02638983
0.00047507
0.00840320
-0.01902523
0.02769818
0.04247782
0.01183791
-0.03046919
-0.04323233
-0.04769074
0.01807721
-0.04594398
-0.03357255
-0.00862912
-0.04887308
0.03076754
-0.02277614
0.02415079
0.04823029
-0.01315189
-0.02402768
0.04937439
0.03414149
-0.01291411
0.01704026
-0.03349664
-0.04596753
-0.01476154
0.04444378
-0.01528298
-0.02081569
-0.04712711
0.02286347
-0.04800442
-0.02278229
-0.03694876
-0.00332225
-0.02404329
-0.01390031
-0.00777841
0.02996382
0.03314958
-0.04832824
0.04794931
-0.00560334
-0.00779980
-0.03769110
-0.01047034
-0.01124677
-0.02813511
0.04459440
-0.04269911
-0.04760750
0.04689636
-0.00631959
-0.02310763
0.03782488
-0.03134377
-0.04425087
-0.04464078
-0.02317605
-0.00129736
-0.00969725
0.04776204
0.02974352
-0.00417202
-0.00742091
-0.00382766
0.02631470
-0.04722560
0.01795645
-0.03184130
-0.01611373
0.04215208
0.01138527
-0.01123353
0.01055245
0.00446995
-0.04081128
0.02848356
0.04060570
0.02402406
0.00692383
0.03512248
-0.00414024
0.02341672
-0.00605257
0.03319580
0.03199921
-0.01006305
-0.01318753
0.00043603
-0.01239476
0.00265249
0.01601997
0.00371920
-0.03971332
0.04782900
0.03360328
0.03045522
0.01728014
-0.02328069
0.02874960
-0.04871082
0.01909120
-0.02413278
-0.02960058
0.04766827
0.02369934
0.04325951
-0.01949664
-0.02252654
0.03010018
0.02046846
-0.04509530
-0.02246776
0.01242634
-0.02121804
-0.03289418
0.03644212
0.04881136
0.02435530
0.03943301
-0.03190190
-0.00992821
0.00159017
-0.00782462
-0.00540265
-0.00781720
-0.00911587
0.00445441
0.03765121
-0.04538328
-0.01396882
-0.00339960
0.02382298
0.04031823
0.03309824
-0.04544274
0.01022247
0.02575860
0.00258868
0.01830335
0.01428561
0.02407510
-0.02026663
-0.01960612
0.03443725
0.03981560
-0.01572246
0.04364678
0.02335094
-0.02857971
-0.01883816
-0.02653347
0.03636089
-0.03359431
-0.04267735
0.02858074
-0.01396281
-0.03257075
0.01681306
0.02803261
-0.02547317
-0.03035813
0.00928533
0.01716108
-0.03590336
0.00768415
0.00991778
-0.03477658
0.01537908
-0.02463930
0.00232717
0.00900897
0.03750115
-0.02296353
0.02046715
-0.01458059
-0.02590565
-0.03601940
-0.03099313
-0.03464441
-0.01804485
0.00968626
0.02346831
0.03858469
0.01584074
-0.03024319
0.00621305
-0.01991875
-0.01830742
0.00448427
-0.01250367
-0.03192256
-0.01486626
-0.01959099
-0.04254615
0.00399275
0.01506289
-0.03171846
0.04588700
-0.02039648
0.04866382
0.02634272
-0.03954379
0.01487388
-0.04504269
-0.04260020
0.00215630
-0.00965884
-0.03424970
0.03253255
-0.01709968
0.02766092
-0.01816314
0.03265592
-0.01995452
-0.03941846
0.01921198
-0.04167180
0.03587641
0.02540519
0.02613999
-0.02720073
-0.01024995
-0.04041915
0.02440073
0.00695876
0.03084341
0.01564187
-0.01325082
-0.03953287
0.04468148
0.04710300
-0.03247054
-0.03455219
-0.02676756
-0.00119014
0.03960206
0.00953066
-0.00177581
0.00322556
-0.02318630
-0.01029092
-0.03573686
0.00760978
-0.01930006
0.00301490
0.02417261
-0.04358194
0.04736223
0.01348078
-0.01031422
-0.03975445
-0.03971899
-0.01832004
0.02387937
-0.01954501
-0.01149221
-0.01264685
0.01177510
0.03966155
0.00659886
-0.01256287
0.03364363
0.00467103
0.04320245
-0.04855195
-0.04266241
0.03278288
-0.04926810
-0.04613587
-0.04233412
0.02184714
0.02716338
-0.04633886
-0.02006788
-0.00254287
0.02393914
0.01911575
0.04922318
0.03708917
-0.00177628
-0.03177327
-0.00675517
-0.00141447
-0.03788568
-0.02399924
0.01324268
-0.02517503
0.02499573
0.04641031
-0.02202833
0.03432459
-0.03183195
-0.01590467
-0.01980264
0.00793118
-0.02282554
-0.01610071
-0.00032051
-0.02798078
0.02448912
0.02764813
0.00504809
0.02901916
-0.01202485
-0.04011638
0.04623926
0.01269838
-0.04619818
0.03309926
0.04210246
-0.04324631
0.00995043
0.01317648
0.00873912
-0.00729248
-0.03658350
0.00996015
0.04931021
-0.01481086
0.02238586
-0.00705194
-0.02264680
0.00342576
0.00175031
-0.03171557
0.04318069
-0.03231343
-0.00052997
0.00832903
0.02017278
-0.00014333
0.00084653
0.03461593
-0.01615697
-0.01494286
0.02659424
0.01412700
-0.00487762
0.01964189
-0.02175374
-0.00286608
-0.00732818
0.03831144
-0.00940954
0.04015360
-0.01295975
0.04490189
-0.03739598
-0.01019993
0.02239823
0.00719779
-0.00252230
0.04570668
0.03905437
0.00210401
0.04593220
-0.03853666
-0.04824425
-0.01674891
0.01204071
0.00175383
-0.03736495
0.04148967
-0.00926226
-0.02324343
-0.01080031
0.00241457
-0.03452776
-0.03207972
0.03176929
-0.03179864
0.04376869
-0.01449209
-0.00337594
0.03348226
-0.02694309
0.00893955
-0.00348093
-0.03303498
-0.03822307
-0.04238226
0.03574130
-0.00421205
0.04165721
-0.01656956
-0.02296896
0.01457350
-0.04561416
-0.02225224
-0.00342836
-0.03169991
-0.00743848
-0.02745233
0.04351372
0.04995414
0.02240017
-0.02041950
0.02542225
0.03277506
-0.00022983
-0.01592070
-0.01800033
0.01328034
-0.02797046
-0.03308006
-0.03669294
-0.00074657
-0.01137284
0.01861559
-0.04334716
-0.00551377
0.02939082
-0.00101351
-0.03969330
0.03828549
0.03445073
-0.04943338
-0.00038486
-0.00396207
-0.01900906
0.04583262
0.01734545
0.01591206
-0.03844038
0.04013667
-0.03323521
0.01058787
0.03155080
-0.01538059
-0.04949659
-0.00350052
0.02560090
0.02215603
0.03021418
-0.03310230
-0.00279658
0.01891902
0.03971104
0.01978003
-0.00569370
-0.03997909
-0.04496636
0.01041877
-0.03968519
0.03280056
0.00237261
0.04787853
0.01912048
-0.02881734
-0.01742165
-0.00413761
-0.04921648
-0.00353224
-0.03550019
0.01916437
0.00073298
-0.04752351
-0.01011970
0.00602986
0.04976498
0.04426288
-0.00017327
-0.04066700
0.02458059
-0.03597876
0.00309781
-0.00651412
0.03572096
-0.02614679
-0.04408007
-0.03270937
-0.03393209
-0.00856193
0.00599976
0.02964870
0.00702938
-0.01247670
-0.03395153
-0.02276956
-0.03203898
0.00718777
-0.01200620
0.01101425
0.00572521
-0.02182883
0.03574802
-0.04599218
0.04430180
-0.04687629
-0.00875255
0.03715707
0.01898626
-0.01158754
-0.04986150
-0.04610864
0.04046355
-0.03676924
-0.00232930
0.02396870
0.03550173
-0.02274638
-0.02143290
-0.02575510
-0.03369082
0.03783280
-0.01796192
-0.02706624
-0.03252843
-0.02279755
-0.04064097
0.04116488
0.00067274
-0.03637538
-0.03550553
0.04557694
-0.01612198
-0.03130799
-0.02064543
-0.02563640
-0.01007668
0.02437793
-0.04280676
0.02199641
-0.00301869
0.01320098
-0.03328000
-0.03293376
0.01196330
-0.00267863
-0.00774666
-0.00151045
-0.03118897
-0.01144769
0.04105084
0.01611502
0.01318134
-0.02856665
-0.01518133
0.03161586
-0.02025687
0.00803943
-0.02373547
0.02225968
-0.03317481
-0.01239168
-0.01204591
0.03436091
-0.00075225
0.02664831
0.01843693
-0.02626377
-0.03317023
-0.02595343
0.04033993
0.02238952
-0.00592071
0.03652685
-0.04410135
-0.02384353
-0.00300241
-0.03557351
0.02836839
-0.00732877
0.00697204
-0.00197286
-0.04754853
-0.04086423
0.01081227
-0.00171513
0.02686212
-0.04442508
-0.02940425
0.00464045
-0.02485938
-0.04287016
0.04300847
0.02090343
0.00632954
0.03992468
0.01810217
0.03673876
0.00491148
0.03097602
0.04341038
-0.02671397
-0.02546377
0.02686071
0.04973322
-0.01648232
0.00651118
-0.04614988
-0.01395012
-0.00344716
0.02059860
-0.02850388
0.01642007
-0.04778567
-0.04161127
0.01964081
-0.00134193
-0.01583502
0.00906465
0.01273475
-0.01429768
-0.00138790
-0.03902715
0.01783291
-0.00700508
0.01146202
-0.01318123
0.03256514
0.04718371
-0.01631939
-0.00130760
-0.04566768
-0.01075635
0.04395097
-0.02084166
0.02063599
0.00131010
-0.00753041
-0.01979983
-0.00839392
0.03223141
0.02556990
0.00887406
0.04794902
0.03954987
-0.03082921
0.02738108
0.02470503
0.03514953
-0.01423720
0.01459102
0.00343984
-0.01452368
-0.02605204
-0.03920380
0.00181882
-0.04781509
0.04323870
-0.03481624
0.01520417
-0.02814712
0.04743790
-0.04384070
0.03446205
0.02823936
-0.04256329
0.00289377
-0.04210422
0.04955141
-0.01972843
0.01649223
0.03035316
-0.03250744
0.01712274
-0.00641371
-0.03126999
-0.02566622
0.03429075
-0.02900909
0.00020796
-0.02403104
-0.00049014
-0.04526342
-0.01041019
0.03031103
0.00012968
0.00363702
0.04302456
0.02261093
-0.03707348
0.03862629
0.00624876
-0.02492508
-0.03191593
0.01368983
-0.01672513
-0.01287295
0.03134257
0.01220018
-0.02894212
0.04795825
0.00091352
-0.04894979
0.00049161
0.02576648
-0.01754799
-0.04070397
0.03544939
-0.00386236
-0.03702005
-0.00988036
0.02753376
-0.01055132
0.02144684
-0.01237957
-0.00448345
-0.02151207
0.02152443
0.00519592
0.04715499
0.01398875
-0.01704736
0.02902359
0.03109359
-0.03070039
-0.04168150
-0.00484413
-0.01346583
-0.04554862
-0.04740556
-0.00334922
-0.00778329
-0.01344197
0.03915517
-0.01874558
0.03770999
0.03463373
-0.02919598
0.02846893
0.00425308
-0.03803089
-0.04281765
0.01978031
-0.01191670
-0.04002117
-0.01803723
0.00606371
-0.02553585
0.01960880
-0.03008646
-0.04767403
0.02256845
0.03705023
0.03268699
-0.02935361
-0.00380232
-0.00024489
0.00103408
0.02158524
0.04741959
0.03009894
-0.01110994
0.03149185
0.02737243
0.00862783
0.04003753
-0.03729367
0.03111246
-0.01341248
-0.01646713
-0.04992178
-0.00496149
-0.03724594
0.04481664
0.04127436
0.04732238
0.04112147
0.01872707
0.03512323
0.01647032
0.03365819
-0.01929063
-0.04847455
-0.04818808
-0.04970946
-0.02442785
-0.01192865
0.00103346
-0.04307578
0.00675029
-0.01863424
0.00312965
0.00213267
0.00866488
-0.04893145
-0.03168046
0.00274473
0.00740125
-0.02410189
0.04774639
0.02658805
0.02846249
0.04165899
0.01195566
-0.00966332
0.00407705
0.02730880
-0.03117087
0.04050606
-0.00180644
0.04612143
0.02982725
-0.03073565
0.01614971
0.03425405
0.03851942
-0.04243555
-0.03393042
-0.00889557
-0.04563509
0.04746609
-0.00755107
0.00475676
-0.00502985
-0.01894512
0.04318137
0.03737407
-0.00804750
0.04780695
0.01756924
-0.02782496
0.04202385
-0.04010182
-0.04370790
-0.04015946
-0.02929322
0.01772247
-0.04098214
0.04869850
-0.04494277
0.02228419
-0.01857245
-0.01526361
-0.01056703
0.03740487
0.01204264
0.03432555
-0.00006569
0.02460272
-0.01223867
-0.01603591
0.01432315
0.04997948
-0.02607824
0.00797677
0.03740702
0.01154716
-0.02273036
0.04229880
-0.00450226
0.00555034
0.03589567
0.02062317
-0.00978561
0.00932681
-0.01450718
0.00777599
-0.02817275
0.04525518
-0.00173248
-0.01817890
-0.04190341
-0.04738124
0.03066295
-0.04687933
0.04191085
-0.04133458
-0.04700283
-0.04570137
0.02966503
-0.00019553
-0.01591570
0.03092161
0.02509249
0.02031943
0.00911075
0.04891530
-0.03351834
0.03086668
0.03101097
0.04096162
-0.03317676
-0.03009212
-0.04573821
0.01974547
-0.01871334
0.04719482
0.00276688
-0.02668093
-0.01433199
-0.02281987
-0.03252727
0.01490467
-0.02447710
0.03469549
0.04402744
0.03762814
-0.01533351
-0.04146444
-0.02568235
-0.02760708
0.01110388
0.03724517
0.00214823
0.04424840
0.00807036
-0.00928782
0.02393021
0.01668243
-0.03577419
-0.02009279
0.03637369
0.02768009
-0.00087869
-0.00003822
0.04808301
0.01427671
0.02165300
0.02789103
0.01330627
0.03121009
-0.00882733
-0.01137833
0.00055327
-0.04549227
0.04833551
-0.04763793
0.03827303
0.01764385
-0.00885671
0.00635192
-0.03969097
0.02675564
-0.02060023
-0.03074284
-0.00683396
-0.02473129
-0.04570504
-0.00219379
-0.04716692
0.00259285
-0.04361299
0.03211686
-0.04681499
0.00551945
0.04248982
0.01595346
-0.02874055
-0.01840599
0.02472583
0.03761044
-0.03222683
0.01768326
-0.04732722
0.03937444
-0.00673759
-0.02416691
0.00051060
-0.00707946
-0.03382318
0.01743923
-0.03988343
-0.01270261
-0.03420720
-0.00168513
-0.01446459
0.02761872
0.04124972
0.04539086
-0.01850242
-0.03116979
0.03809580
-0.00369848
0.04621182
-0.02854643
0.00621889
-0.02321116
0.02556034
-0.02938969
0.02213704
-0.03984803
0.04069658
-0.00291047
0.02752904
-0.02842408
-0.02560218
-0.02928580
-0.00656129
0.04107309
0.04192821
-0.04748571
-0.03770436
-0.01620699
0.04560314
0.02663738
0.00810737
-0.01660893
-0.02112337
-0.00012922
-0.03941193
0.03565210
0.03660831
-0.01023235
0.04311952
0.02359847
0.02704469
-0.01176916
0.04279188
-0.04961149
0.04816451
0.01901835
0.04419078
0.04326370
0.00070868
-0.04897389
0.00417524
-0.02080000
-0.02904507
-0.01842293
0.01910759
-0.04892400
0.04492556
0.04434437
0.04763253
-0.04462975
0.02424956
0.03952754
-0.02926204
0.02275633
-0.02577409
0.01126911
-0.01384277
0.01329416
-0.04279619
0.00724891
-0.01977101
-0.04454447
0.04140228
0.04927748
0.04869714
0.04627586
0.03823593
0.04008910
-0.03184026
-0.00611759
-0.04697379
-0.02844029
0.03499766
-0.00454944
0.01610226
-0.03435101
0.01078141
0.01047657
-0.01176814
0.02549654
0.03664299
0.04245269
0.02683535
-0.02578580
0.00728668
0.02642340
0.03604489
-0.04502516
-0.02036289
0.04161071
-0.01765282
-0.02597407
-0.01749271
-0.04329558
0.00949186
0.04952373
0.01439458
-0.00719152
0.01362230
-0.01106871
-0.01186559
-0.03305792
-0.00421012
-0.04102561
-0.04044751
-0.04265868
0.01662639
-0.03319174
-0.04557129
-0.04786966
-0.00006221
-0.02463427
-0.03656628
-0.03593988
-0.01673032
-0.04267960
0.01588510
-0.03841948
0.02960245
-0.00963214
-0.02218872
0.00364017
-0.01681122
0.01022713
0.03028700
-0.04250177
-0.02673457
0.04499778
-0.02359418
-0.01440156
0.03376098
0.00680958
0.01875255
-0.03484154
0.04570967
0.04603874
-0.04588132
-0.00395315
-0.02755476
-0.01699624
0.02069030
-0.03189307
-0.02324651
0.02802002
0.02664170
0.04534525
0.04150753
-0.02506257
-0.03590781
-0.01169153
-0.01094426
0.03214164
-0.02385851
-0.00998498
-0.00737569
-0.01921673
0.00107962
-0.03227722
0.04687913
-0.00986518
0.03322903
-0.00672929
0.03536815
-0.00607534
0.02509791
0.04646152
-0.04463044
-0.03067465
-0.02787747
-0.02865615
-0.01333169
0.02700203
-0.01467447
-0.00750311
-0.04885488
0.00014872
-0.01180870
-0.03832724
-0.00549097
-0.04846741
0.04040079
0.00813285
-0.02042288
-0.04957186
-0.00539162
-0.01700048
0.02796791
-0.04989364
-0.03122624
0.01735234
0.03593726
0.02709794
0.01173052
-0.03767045
0.01266672
0.01209760
-0.04598944
-0.02679412
-0.00526500
0.04980278
-0.00927734
-0.04979921
-0.03623539
0.03598199
-0.02899447
0.04674662
-0.03746020
0.01211233
0.01123274
0.01566301
0.03430571
0.03621676
0.04143739
-0.03574182
0.02171052
0.01743076
-0.01689090
0.02698713
-0.02171891
0.00020685
-0.00171868
0.01443682
0.03694646
0.01586326
-0.00401692
-0.03920526
-0.02188026
-0.03791190
-0.04624230
-0.01542458
-0.00017997
-0.01356255
-0.02906133
-0.02434093
0.02323898
0.03183958
-0.04268926
0.02895777
-0.01665420
0.00135086
0.03283355
-0.01493479
0.00272023
-0.04250422
-0.01262352
0.03360274
0.02155015
-0.04277158
0.02595363
-0.01289550
-0.04194256
0.01329733
0.01199567
-0.03397932
-0.00736952
-0.00296237
0.02930948
-0.03926459
0.03496340
-0.03940662
0.02003261
-0.03690287
-0.02061124
-0.02482095
0.02376472
-0.04465380
-0.03878817
0.00605385
0.03191960
0.01977688
0.04838092
-0.02056680
0.03860478
-0.02496871
-0.04739525
-0.03138644
-0.04569651
0.02013920
-0.01845539
-0.02167980
-0.03601151
0.03921558
0.03902693
-0.03426851
-0.02455630
-0.01550665
-0.00277549
-0.03732841
-0.00866493
0.03354230
0.03249820
-0.03327570
-0.01716962
-0.01072828
0.00077677
-0.00406351
0.01992203
0.04451297
-0.03282843
0.00750112
0.04978550
-0.01055439
0.04474187
0.00373952
0.03511738
-0.00363874
0.00477838
0.00089051
0.03014141
0.04761416
-0.03457393
-0.04537500
-0.04704861
0.00607854
-0.02845841
-0.02560536
0.03242185
-0.00405706
0.02146812
-0.01880671
-0.01512281
0.00840441
0.02002310
0.02001322
-0.04437770
0.02293198
-0.03298234
0.02039410
0.00188806
-0.02471654
0.03806312
-0.00237928
0.00101346
-0.02795475
-0.04204014
0.04522535
-0.02472719
-0.04857900
-0.02923514
-0.04773334
-0.04317834
-0.04241857
-0.00411400
-0.02599680
0.00739786
0.03886348
0.00523984
0.04093097
0.00982060
0.00394576
0.04395128
0.01296505
-0.02270636
-0.00596793
-0.01012503
-0.02402790
0.00138671
-0.02249695
-0.02051084
-0.04160414
0.03441679
0.00800061
0.00952930
0.01263971
-0.00035135
0.04164118
0.00961267
-0.00287574
0.04690059
-0.04461883
0.02996240
0.02818636
0.00053275
-0.03081785
0.01217255
0.03725110
0.01390862
-0.02164795
0.01556203
0.02223826
0.01711559
0.01385803
-0.04776970
-0.01486435
-0.04763671
-0.04902945
0.01492324
0.04986880
0.03911410
0.01492174
-0.04285675
-0.00584872
0.03223763
-0.03147287
-0.03868726
-0.00361092
0.01927943
-0.04676444
0.02107628
-0.03222361
0.00594711
0.00840698
0.01986540
-0.03050658
-0.04720400
-0.03520986
0.03862360
-0.04061962
0.00388773
0.04634678
0.03612129
0.02334271
-0.04894265
-0.00518081
-0.00651598
-0.04896109
-0.00294234
0.03622827
-0.04900396
-0.01727890
0.00529284
0.00626688
0.04190029
0.04573490
-0.03913955
-0.00092955
0.02863213
-0.01453519
0.02254265
-0.02479658
0.04186360
-0.02923547
-0.00658703
0.02764270
0.01404716
-0.02052096
0.04505402
0.04839766
0.03045443
0.00515686
0.03429918
-0.04874131
0.00653088
-0.04311064
-0.02108257
0.01234303
0.00276546
0.00313588
-0.04843638
0.00523611
-0.04448275
0.01763239
0.02149478
-0.00144043
-0.01486716
0.01263314
0.02138878
0.03415359
-0.04320832
0.02145728
-0.03405503
-0.02760414
0.03209053
-0.02020700
0.04116391
-0.02885255
-0.02802123
-0.03361710
0.02734052
0.04133448
0.02913776
-0.04801912
-0.01824880
-0.04313800
0.04826562
-0.01457089
-0.04805928
-0.04271951
0.00996105
0.01984741
-0.02363318
0.00920784
-0.00484926
0.02235061
0.01815958
0.03260773
-0.02042824
-0.02846938
0.04319922
0.02790665
0.01923632
0.04106603
0.02358553
-0.03246119
0.02462544
-0.00348155
0.03368618
-0.04123390
-0.04244563
0.00958631
0.00779077
0.01861858
0.04411800
-0.04884076
-0.02019583
0.04761855
-0.04472101
0.03336512
0.03769137
-0.00930117
-0.00799277
0.00202895
0.03576947
0.04875251
0.00398893
0.01241985
0.02167204
-0.00900149
-0.04815278
0.03065820
-0.01222284
0.00270078
-0.01828475
-0.02233406
-0.01965164
-0.03224551
0.03984936
-0.04482717
0.00753171
-0.02470577
-0.04248383
0.00230178
0.02542883
0.00646059
-0.00135052
0.01370609
-0.02142066
-0.00242107
-0.00353998
0.04166172
-0.03713067
-0.01067922
0.01315115
0.04600121
-0.02820142
0.02379164
-0.01961839
-0.04979236
-0.00720916
-0.02899197
-0.01272344
0.01883532
0.02996781
-0.04043335
-0.03842101
-0.02149883
0.04777075
-0.00541753
0.03992566
-0.03634282
-0.00443012
-0.00199424
0.00841977
0.04175662
0.04375133
0.04779753
0.04415912
-0.00181892
-0.04270782
-0.01365432
0.02983811
-0.02934088
-0.04683390
0.04935175
0.02530634
0.01372594
-0.03183487
0.00688568
-0.01506496
0.04705177
0.04454449
-0.04856551
0.00588045
0.00390326
-0.00872814
0.00263930
0.01275352
-0.01684891
0.02826676
0.01016222
0.03004952
-0.01773370
0.03476875
-0.02598346
-0.03354607
-0.02233756
-0.00226943
0.00083195
-0.02869598
0.02515573
0.01489071
0.02053342
0.02201575
0.03844011
0.03629218
-0.04772109
0.04882051
0.02159267
-0.04775497
-0.00493572
0.03738851
-0.03863583
-0.04729103
-0.01988094
-0.01450514
0.02451745
-0.03064780
0.00166255
0.01160006
-0.03558529
0.02891795
-0.00574490
0.01169511
0.00948534
0.03311104
0.01065372
-0.01383701
0.01509953
-0.02413498
-0.03447803
0.04567936
-0.02822036
0.04115345
-0.04665695
0.02884701
0.03860603
-0.01436860
0.04431944
-0.02965393
-0.00071961
0.00918703
0.04528551
-0.03866622
-0.02674543
-0.04666844
-0.02111118
-0.02796287
0.02327823
0.04651373
-0.02822978
-0.01790257
-0.04227413
0.03347309
0.02852030
-0.01266900
0.03117292
-0.03071520
-0.04607923
-0.04999379
0.04836604
0.04958102
0.01209229
-0.03650963
-0.02700897
-0.01189235
0.02234914
0.03584547
0.03957903
-0.02056154
0.01673776
-0.02538721
-0.03371344
-0.00884353
-0.01975762
0.00141904
-0.03427153
0.03517412
-0.04446653
-0.04279598
0.02337015
0.04450017
-0.01203519
-0.00217051
-0.01526402
0.00747927
-0.03081956
0.00895440
0.03032257
0.04317334
0.00768501
0.03894547
0.02239533
-0.02997613
0.00842320
-0.00218971
-0.04852313
0.01390154
0.02828926
-0.03046974
-0.04037625
-0.03102194
-0.00456342
-0.03494884
0.03531022
0.02327566
-0.02088588
-0.01323654
-0.02796436
-0.01730337
0.01113884
-0.02896914
0.04855616
-0.04909111
-0.01792712
-0.01456642
-0.04859006
0.03365545
-0.01276156
0.04367767
0.01431507
-0.01114574
0.03782117
-0.03178563
-0.00688450
0.04355614
0.01336946
-0.00774737
-0.04709572
0.00849546
-0.00368971
-0.03773201
0.01499079
-0.00351323
0.02865192
0.00319279
0.00153143
-0.01380768
-0.00828365
-0.01850604
0.01517167
-0.02617415
-0.00555570
-0.02874708
-0.02424634
-0.04407102
-0.03581329
0.04892411
0.04736856
-0.03846466
-0.02022368
-0.02677551
0.01940995
-0.00847202
0.03224430
0.03349576
0.02812535
-0.03572851
0.01755309
-0.02567877
0.04939345
-0.00327488
-0.02706152
-0.04294556
-0.02756538
0.03900060
-0.03336458
-0.00146120
0.03229123
-0.00787166
-0.00623682
-0.00608707
0.02272567
-0.02353367
-0.01887033
0.01233350
-0.04488093
-0.04049244
-0.03472847
0.04215753
-0.02386167
-0.02332935
-0.00524580
-0.03507226
0.04366655
0.01208832
0.04542690
0.03652256
0.01647224
0.00728721
-0.03724213
0.00396634
0.01989821
-0.04374319
-0.04226822
0.03433759
-0.00431004
-0.00102178
0.02410031
0.04867754
0.02732575
0.00693110
0.00422365
-0.00127702
-0.02654329
-0.02355933
0.03786285
-0.01296044
-0.02148183
0.01599301
-0.04138615
0.03611806
0.01189961
-0.02754533
0.00733921
0.02598557
0.02138114
-0.01867182
-0.04164464
-0.03468543
0.02743073
-0.02315002
-0.04438025
0.04716385
0.03841362
0.04162068
0.01443762
0.01563372
0.04074545
0.00182500
0.02924200
-0.00978074
-0.02705092
0.04725961
0.02175775
-0.01583954
0.00634908
0.02366156
-0.01195969
-0.03459496
-0.03561140
-0.04822907
0.03324967
-0.04596196
-0.02993565
-0.00536659
-0.03759303
-0.01333274
-0.04394706
0.01064108
-0.04514784
0.03588919
-0.00214885
-0.03639854
0.01506360
0.01523959
-0.02643337
0.00770441
0.03738623
0.04373209
-0.04365761
-0.02982521
-0.01760627
-0.00012589
0.04956313
0.04531176
0.03387117
0.04910618
0.04921648
0.00361170
0.00940008
0.02816588
0.00510908
0.03667085
0.04919161
-0.03662069
0.03400024
-0.02928677
-0.02631889
0.01516485
0.01871140
-0.03468755
0.02280782
0.04940382
0.02554645
-0.04465734
0.02319673
-0.02823486
-0.03145538
-0.01909780
0.04666933
-0.03467683
0.00282662
-0.03818952
0.00305359
0.00677107
-0.04703290
-0.04269171
0.01702085
-0.00062669
0.03878226
-0.02117563
0.01645642
-0.01432024
-0.00885325
-0.01448104
0.00985560
0.01242094
-0.01893214
0.04644540
-0.03002505
-0.01015314
-0.02031976
0.04678025
-0.01103651
-0.03927418
-0.00823737
-0.04988296
-0.04725106
-0.01975086
0.01621637
-0.00599170
0.04106718
-0.02314051
-0.03617891
0.00260148
-0.03517645
0.03634621
0.00585875
-0.03718028
0.04631495
0.01604961
0.03277252
0.01578138
0.00530917
-0.03327696
-0.02339534
-0.01282000
0.01454943
-0.02331144
0.01198103
0.01822540
-0.02824724
-0.03061631
-0.03375347
0.01840730
0.04021053
0.02484199
0.01580880
-0.03298591
0.02291578
-0.01853807
-0.03679737
-0.03785823
-0.00904841
-0.01129892
-0.02846622
0.02825374
0.02386886
0.03019306
0.03832811
-0.01463055
-0.03300323
-0.00639802
0.03225053
-0.04980116
-0.04537496
-0.03117540
-0.03055186
-0.00430256
-0.04082722
-0.00489210
0.02500849
-0.00524539
0.03948075
-0.04028910
0.00333827
-0.01492710
-0.01613187
-0.02671241
-0.00683063
-0.01269487
0.03091196
0.03027757
-0.00195625
0.02506534
-0.02421282
0.04060570
0.01618120
0.03687364
-0.02322254
-0.00024065
-0.00999844
-0.03323181
-0.02056191
-0.02440635
-0.01668326
0.01287516
-0.03808333
-0.03297086
-0.04441129
0.03868669
-0.03594171
-0.00537835
0.04977063
0.03938365
0.03709328
0.04632949
-0.01422724
0.03322405
-0.03843373
-0.00929893
0.04734401
0.02318701
-0.03010315
-0.03866700
0.03432367
-0.02824977
0.01849956
-0.02656045
-0.01811292
-0.02571258
0.02922021
0.03467484
-0.03290461
-0.02251157
-0.01296135
0.02315443
0.01643093
-0.04770171
-0.00446832
-0.04415920
0.02310428
-0.01774555
0.01552893
-0.03602111
-0.01124942
-0.01252580
-0.00219369
-0.00680346
0.01523482
0.03610937
0.04362219
-0.04230061
-0.04929859
-0.00055887
-0.01599154
0.04650922
0.02382637
-0.01587515
-0.04442137
0.03140130
-0.03444142
-0.03308040
0.01675937
-0.04413958
-0.04009075
-0.04168413
-0.02024980
-0.00288946
-0.02607511
0.00079281
0.00646849
0.03705345
-0.03318349
0.02898334
0.03634943
-0.02640417
-0.02228971
0.02920531
-0.03282431
0.02158515
0.02187281
0.03145581
0.04845700
-0.00050085
0.01546008
-0.00547593
-0.02285132
-0.01309084
0.04298890
-0.02952529
-0.01587418
-0.00583385
0.02382114
0.04238981
0.04566138
0.04186360
0.02497928
-0.01948504
-0.01200930
-0.02261706
-0.00820889
-0.00073574
-0.01384404
-0.00866240
0.03820732
-0.03131419
0.02977205
0.01644792
0.00666991
0.02985196
-0.04240080
0.01036514
0.03363129
0.01927391
0.04653816
0.03918962
0.01942908
-0.03819182
0.04393327
0.04291877
0.03558907
-0.03819823
-0.01129971
0.02375188
0.02643240
0.01582648
0.04559266
0.02102991
-0.04649586
0.00050370
0.02399343
-0.04455218
0.02468826
-0.03599745
-0.00089543
-0.01262929
-0.03090484
-0.01482108
0.01187769
0.00163184
0.02140535
0.02896348
0.01867456
-0.01386941
0.00498689
-0.02934106
0.03480811
0.00094979
0.03280970
-0.03462360
-0.03430492
0.00045379
0.00936571
0.00442230
-0.04957560
0.03600929
-0.02882810
-0.02793066
-0.04965240
0.04527066
0.00703299
0.01312391
0.00065125
0.03642878
-0.03493304
0.01834054
-0.04781881
0.00562066
-0.04060444
0.04236376
-0.00757147
-0.04827021
0.04956472
-0.03007902
-0.04788692
0.01599526
-0.03778734
-0.00901521
0.04720323
0.04830440
-0.00466079
-0.04103458
0.04976174
-0.03759086
0.01966110
0.02822621
0.04023089
0.00718080
0.00524114
0.01652428
0.03722164
0.01784195
0.04741990
-0.03288696
0.01824190
0.03287837
-0.01191232
-0.00560327
-0.00942824
-0.02793544
0.04499179
0.04588151
-0.03435689
0.04947438
-0.04534363
0.00987589
-0.03746140
0.02515313
-0.03709345
-0.00525898
-0.04215024
-0.03862826
-0.03245701
0.01472470
0.03383699
-0.02129441
-0.00416604
0.03709424
-0.03932411
0.01838079
-0.00918874
-0.04977911
-0.04753433
0.04465006
0.02423141
-0.03106462
0.03223352
0.03187832
-0.04141841
-0.01565670
-0.01837964
-0.03486810
0.01309377
-0.04324712
0.04813030
0.01346383
0.01879943
0.04803464
-0.03448141
-0.00252964
-0.04379053
-0.04619735
-0.01739579
-0.04806442
-0.01416093
0.00208831
-0.01858976
-0.00859825
0.03998774
-0.00948710
0.01555903
0.00314618
0.02099185
0.02703173
-0.00447746
-0.02964398
-0.00598573
-0.04202442
-0.03915614
-0.02652697
-0.00324987
-0.02663591
-0.04384514
-0.03066993
0.01166837
0.02930584
0.03848860
-0.03615241
0.00416227
0.00104492
-0.04797660
0.04984805
0.04763460
0.00178127
-0.03544108
-0.01030105
0.04825419
0.03791193
-0.01676660
0.04454884
0.04216867
-0.00826031
0.01167283
0.01157553
0.02673454
0.01024422
0.00100904
0.02202056
-0.04563662
0.02682992
0.01882299
0.01504568
-0.00397898
-0.04263597
-0.01593680
0.04969206
0.02283643
0.02737437
-0.01387166
0.04630816
-0.04683109
0.04550898
0.00160563
0.01903815
0.00798593
0.01731644
-0.04477052
-0.04175888
0.00734989
0.01279043
0.00840298
-0.00983120
0.03917203
0.03064490
0.00956611
0.00026190
0.01922489
0.01759369
0.02049055
-0.01081270
-0.03872431
-0.01032030
0.01195382
0.02032798
0.04327301
0.02166721
0.01246232
0.03653880
0.04124941
-0.00613980
0.02174472
0.04724954
0.00256156
0.03318820
-0.03823228
-0.04684056
0.02340601
0.02609770
-0.02813480
0.02389864
0.02607897
-0.01426111
-0.02475040
-0.04992630
0.03217411
0.00034745
-0.02114615
-0.01694980
0.01387731
-0.04264438
-0.04519508
0.03582758
-0.03396751
0.00073348
-0.02244270
0.03968289
0.00813992
0.03995164
0.02922081
0.04353908
-0.01812129
0.03924641
0.02910385
0.00731699
-0.04898937
0.03024849
0.00883977
0.01763776
-0.01098197
-0.04805623
-0.03055427
-0.03860486
0.02435876
0.01056329
-0.03595318
-0.01728581
-0.02960458
-0.02237568
-0.03084704
-0.01075768
0.04529981
0.03864117
-0.00060629
0.01646454
0.02903753
0.03400797
0.00656277
0.03542382
0.00233605
0.02901996
-0.03082306
0.04028575
0.00358782
0.01201622
-0.03021159
-0.01521613
0.03098364
0.04281478
-0.03359006
-0.04619473
-0.01401171
0.00949796
0.00151508
0.01124589
-0.01233581
-0.04680954
-0.00612345
0.02147355
-0.02321318
0.01306728
0.03943622
0.01663847
0.03256271
-0.03616760
0.02147686
-0.01880208
0.00817287
0.04720883
-0.00054001
0.04737979
-0.03141815
-0.03317133
-0.04775732
0.04795603
0.03102962
0.00706433
0.03804937
0.01678133
-0.04612371
-0.03664065
-0.01481708
-0.04268609
0.03587798
0.01086029
0.00155389
-0.02407928
0.00519316
-0.00441856
0.00538157
0.00683193
-0.00829561
-0.01678441
-0.00469840
-0.04522894
-0.02846021
0.02845497
0.01214541
0.02565025
-0.04441120
0.03092162
-0.01351094
-0.04080278
-0.03877132
0.04659441
0.02224330
-0.00725303
0.04740031
-0.01328049
0.00734165
-0.01718204
-0.01456493
0.01999148
-0.01066037
-0.00521640
-0.00849545
0.00559383
0.04761523
-0.04986723
0.01799445
-0.02641948
0.04181114
0.04735276
-0.03263029
0.02527737
-0.04177836
-0.01827805
0.03075135
-0.00130092
0.03440690
0.01829339
0.00701779
-0.01192740
0.02051944
-0.03990624
0.01414621
-0.01884605
-0.01548894
0.04371236
0.01861428
0.03343905
-0.01545855
-0.04889877
-0.00548854
0.04540154
-0.01577925
-0.04128346
0.01104589
-0.03238503
0.04084671
-0.02556761
0.01998640
0.03152731
-0.02860077
0.02393318
0.03811537
0.02236072
0.01204232
0.03703300
-0.02041483
-0.03564516
-0.04563550
-0.01033327
-0.00393497
0.01547332
-0.01964068
-0.04445468
0.02393859
0.00044709
-0.03239139
-0.02862524
0.04173679
-0.00192093
-0.00097110
0.01518724
0.04160017
-0.04686055
-0.04711293
-0.00313427
-0.03157024
0.00973814
0.04881084
-0.01648429
-0.04622919
-0.03891872
-0.02616348
-0.02256100
0.03561958
-0.02113189
-0.04011181
-0.02433806
-0.01388125
-0.01421216
0.00499912
0.00470006
0.01612264
-0.04254848
0.03883985
0.01886571
-0.00830607
-0.02808345
-0.02174986
0.03219111
0.02072269
0.01800441
0.01078685
-0.04295097
-0.04185397
0.03762505
-0.00512881
0.04416751
-0.02341582
0.03245519
-0.00082480
0.03371935
-0.03233008
-0.04308536
-0.01856061
-0.01846216
-0.04345359
0.00132247
-0.00855145
0.04171523
0.00329901
0.02776193
0.03713676
-0.04906513
-0.03365828
0.00469231
0.00356941
-0.02047905
0.00844065
0.02484754
0.01547396
0.03352484
0.04411982
-0.03828578
0.04346338
0.03803540
0.02697982
0.00375259
0.03518664
-0.03083614
0.03527343
-0.02039593
-0.03353782
-0.02624289
0.00291946
-0.00956955
-0.00162159
0.04587436
0.01526263
-0.00744587
0.01970895
0.02057506
-0.00074862
0.04373360
-0.02807158
-0.03265562
0.00983419
-0.00226483
-0.03758139
0.03014834
-0.04191310
0.03763933
0.03689827
-0.00879330
0.02753845
0.01567109
0.02515364
-0.00624888
-0.04459765
0.00813701
-0.01579829
-0.00591573
0.03516597
0.02838558
0.04390527
-0.04753706
0.01413466
-0.02384638
0.04337768
-0.04700757
-0.02789898
0.00884425
0.01659190
-0.04557009
-0.04122671
-0.01489152
0.04575838
0.01716672
-0.01864783
0.03088402
-0.01990540
0.03319713
0.03145843
0.03094378
-0.02889168
-0.02578622
0.03194279
-0.00494677
-0.01474386
0.00741671
0.03158106
-0.02542293
0.03109917
-0.01230910
-0.01702387
0.00910987
0.01601539
-0.01493531
0.03782602
-0.02843842
-0.02936796
0.03528133
0.02037965
-0.04055252
0.03318783
0.03323502
0.04206083
-0.04959070
0.00990948
0.02039121
0.00073366
-0.05000438
-0.04487491
-0.04658635
0.02734141
-0.02045239
0.02372940
0.03895259
-0.04484786
0.02944401
-0.01147234
-0.00706930
0.02705465
-0.03827631
-0.01016249
-0.03092490
0.02353408
-0.03268790
0.03903776
0.02089828
0.01563498
0.03568328
0.04453245
0.03858543
-0.00093689
-0.02711671
0.03971826
0.02754984
0.01832355
-0.01487997
-0.00204576
-0.04139347
0.01201053
-0.03806812
-0.00405385
-0.01545423
-0.04432823
0.00067279
-0.02847028
-0.03921984
0.04554847
0.04286047
-0.00287249
-0.01907372
-0.00104103
0.01804117
-0.04970526
-0.04087130
-0.02343985
-0.03947812
-0.00595566
0.02755581
-0.00009305
-0.02266262
-0.04306645
-0.01681790
0.00539370
-0.04010925
0.03904810
0.02752384
-0.00189784
0.00685549
0.00262127
-0.04959773
-0.04160691
-0.03338169
-0.03039804
-0.03449414
0.03462297
-0.02603253
0.03927620
0.04891419
-0.00685625
-0.02201202
-0.03349165
0.00262762
0.02260854
-0.00323578
-0.02127521
0.00554672
0.01278483
-0.00552988
0.01899156
-0.01497899
0.00223854
-0.03959947
0.04833042
0.00235653
0.00446518
-0.00725784
0.02406503
-0.01462239
0.02027617
-0.04353121
0.02702423
0.02627205
-0.01340710
0.04741143
0.03536773
0.02377966
-0.02151014
0.02290668
-0.04638586
-0.00739260
0.03291008
-0.01969361
-0.01518153
0.03740909
0.00506535
-0.01794238
0.04002930
-0.02137040
-0.04168078
-0.03849168
0.02688482
-0.04215932
0.02627784
0.00286680
-0.01296867
-0.00123634
-0.04074054
0.03485433
-0.00139069
0.02397596
0.00355449
-0.04764382
-0.00589781
-0.01801426
0.02101929
-0.03616837
0.01732763
-0.01971700
-0.03719012
0.04429633
0.01014728
0.04263574
0.04155971
-0.03690042
-0.02648005
0.02018049
-0.01378471
0.00647782
-0.00420915
0.00743218
-0.00490786
0.03495679
0.01800450
-0.03301830
-0.01323607
-0.03537552
0.03439506
0.03776164
0.04899266
0.02480927
0.02971544
0.01240559
-0.01894137
-0.04272290
-0.02994553
-0.04949926
-0.04286830
0.03721859
-0.01235734
-0.04379310
-0.04420828
0.00038374
0.02810885
0.02297080
-0.02992116
-0.01014333
-0.04188150
0.03943865
0.00030598
-0.02354738
0.02139269
-0.03491327
-0.03863971
0.02903735
0.02020381
0.00044427
0.04060007
0.00484381
-0.02344154
-0.04458421
0.04316859
-0.00860892
-0.02810731
-0.03753332
0.01710824
-0.01168435
0.02204874
-0.00386907
-0.00257938
0.01308244
0.00436672
0.00842098
0.02443057
-0.00500653
0.03465491
0.00706962
0.01477457
0.04015761
-0.01130890
0.02935902
-0.01069231
0.04536718
-0.03395063
0.00559662
0.00505283
0.02365331
-0.02521436
-0.03407557
-0.02251587
0.03919953
0.02185743
-0.00323525
0.02658470
0.03876743
-0.00307518
-0.02286716
-0.03254801
0.01922626
-0.02294718
0.00193497
0.03606173
0.03098928
0.03214544
-0.03383720
0.03105870
0.02306536
-0.00445691
-0.03900263
-0.04633148
-0.02014346
0.00918840
-0.01354593
-0.01261706
-0.00614334
-0.01595631
-0.01928592
-0.01530379
0.04793536
-0.03802891
0.02212559
0.01874693
0.03068212
0.04825550
-0.04649747
0.01605866
-0.00699080
0.01678238
-0.00066171
0.04644103
0.02839410
-0.01218287
-0.00306867
-0.02117969
0.00002646
-0.00126162
-0.04495901
-0.01187629
0.00114144
-0.01135298
0.01099432
0.01365776
-0.01991816
-0.02675242
0.01515753
-0.00124722
-0.01737884
0.02965347
-0.01716286
-0.03134472
-0.04873084
0.01588416
0.02615855
-0.03977258
0.04784650
0.03541127
0.01557157
0.04932922
-0.00813502
-0.00918850
-0.04931656
0.04457805
-0.02515232
-0.02653682
-0.01026582
-0.01047236
-0.02666595
-0.00350327
0.02294375
-0.00257015
0.03953562
-0.01167027
-0.00958116
-0.02243930
-0.03094487
-0.02130297
-0.03510823
0.00103831
-0.00188848
0.01514068
0.03575193
-0.04830368
-0.01795848
-0.04570526
0.04444620
-0.01085398
-0.01748270
0.03787697
0.00923464
0.01347612
-0.00547599
-0.01497464
-0.00442583
0.00143029
0.03994824
-0.00850236
0.03571526
0.00546700
0.00158281
0.02943683
0.00424103
0.03439588
0.03685195
-0.01722607
0.00820956
-0.03863176
-0.01953830
0.00118229
0.01584571
-0.02056064
-0.02473611
0.00694504
0.04091939
-0.00111655
-0.02189388
-0.03505040
0.00578662
-0.02779230
0.04879259
-0.00990350
-0.04886814
0.04027352
-0.00148817
-0.03899404
-0.02358111
0.02839471
-0.03502766
-0.00841289
0.01871576
0.00969551
-0.03337960
-0.01649308
-0.03456441
-0.01241351
-0.02772132
-0.04317277
-0.00910932
0.02797843
0.01348126
-0.04931353
-0.02822005
-0.00446532
-0.04329628
0.00332671
0.04432199
-0.02242012
-0.01367375
-0.00699488
-0.02939226
0.00164252
0.03058647
0.02162942
0.02324854
0.04376230
-0.03769811
0.00141917
0.03624015
0.03755527
0.03101075
0.04895239
-0.03898710
0.01488523
0.00941424
-0.02877441
0.04212722
-0.03480649
-0.02112084
-0.02288753
0.00325884
0.04917796
0.00470219
-0.03190244
0.02224482
-0.00284457
0.00653878
-0.02591105
-0.04383257
-0.02540138
0.04369014
-0.03183050
-0.03258938
-0.04064332
0.00613546
0.01287469
-0.01452702
0.01693010
-0.02925874
-0.04101618
0.03362570
-0.04311466
-0.02697954
0.02997289
0.02454847
0.03501838
0.02771608
-0.02275262
-0.03311743
0.02714028
0.04222645
0.02700245
0.02490352
-0.02615858
0.00708876
-0.04700437
0.00590003
0.00774992
-0.03779570
-0.01264675
-0.00519389
-0.02392324
-0.00487404
-0.04345429
0.04369736
-0.01731499
-0.04337851
-0.00567009
0.01584714
-0.01925790
0.01423265
0.04153695
-0.01872480
-0.00044075
-0.04760413
0.01791305
0.03094865
-0.00001971
0.04483502
0.03930574
0.01926442
-0.02556110
-0.01282623
-0.00949274
0.02429310
0.02229048
0.00096815
-0.01775987
0.04870607
0.02220643
-0.02894980
-0.00261798
0.00718045
0.03687305
-0.03635591
-0.02053973
0.03445937
0.00355417
-0.02837746
-0.04873195
0.01795705
-0.03910477
0.03168825
0.01523773
-0.03495344
0.00958678
0.00375503
-0.00190018
-0.01541420
0.00215746
0.03450069
0.03816188
-0.03873952
-0.02081593
0.02740249
0.01233027
-0.00187821
-0.02064516
-0.03889223
-0.03652246
-0.04335947
0.04738634
0.02360156
-0.00095680
0.03901650
-0.03660284
-0.00542028
0.03290053
-0.00365508
-0.01433936
0.03380007
-0.03249123
-0.01802266
0.02531213
0.04830711
0.02805407
-0.04631832
0.04091685
-0.01304824
0.03972057
0.01170088
-0.02043251
-0.02192104
0.01779000
-0.00145788
-0.01816289
0.03089494
0.04657570
-0.04730515
0.00960865
-0.04718017
-0.02216567
0.02713278
0.02799357
0.00056361
-0.00425308
-0.00047831
0.01871608
-0.01635483
0.03198894
0.02547986
-0.00402571
0.04295960
0.00129387
0.01255939
-0.03527929
0.00295691
-0.00141613
0.02612725
-0.01696001
0.04193474
0.01553275
0.03239886
0.01278169
-0.04387121
0.02902182
0.03163416
0.01543542
-0.02418407
0.04188166
-0.01453879
-0.04318070
0.04968463
-0.00286564
0.04356282
0.03783797
0.04233970
0.04966059
0.00697034
-0.04607450
0.02510911
0.02184040
-0.01148837
0.04757363
0.03451466
0.02978674
-0.00469176
-0.04284935
0.00269954
-0.04716291
0.01741631
0.02970515
0.01769767
0.01174429
-0.01873926
-0.01624569
-0.03827396
0.02210103
0.00442630
-0.02969127
0.01382435
-0.00968018
-0.03797620
0.03849855
-0.03369439
-0.02789116
-0.01212770
0.01343642
0.00663013
0.00771427
-0.04307739
0.03106508
-0.02394816
-0.00226392
0.01234330
0.00546717
0.03543908
-0.00878423
0.02375049
0.04606749
-0.04008194
-0.02501947
0.04056257
0.04852795
-0.04161415
0.04950538
-0.02878725
0.02867195
0.00229427
-0.04281527
-0.04193385
0.01777904
-0.04486251
-0.03034593
0.00003212
0.03207800
0.03579618
0.04547336
0.02922712
-0.01794808
0.01851403
0.03381654
0.02635557
0.02794444
-0.04816520
-0.00538144
-0.03962053
0.02250481
0.03037967
0.04052856
-0.03322997
0.00170002
-0.01363928
0.03798454
0.01370247
0.03043379
0.04821930
0.01640402
-0.04833254
0.01701305
0.02003106
-0.03744715
-0.00047755
-0.02692579
-0.00085702
-0.03434468
0.03542781
-0.00703676
-0.00250135
0.01583988
0.00903482
0.04049329
0.03680601
-0.02665727
-0.03946879
0.03100517
0.03095260
-0.04212312
-0.03052425
0.02155805
-0.03405154
-0.02330546
-0.01051856
-0.04788356
0.00527223
-0.00559435
-0.02068589
-0.03805030
0.03360013
0.01919558
-0.00831471
0.01529965
0.02641291
-0.00624256
-0.03373053
-0.01471587
0.01132477
0.04674875
0.02146684
-0.02390232
0.04909389
-0.02926208
-0.00005785
-0.03048809
-0.03174955
0.02853706
-0.02442434
0.04624463
0.02753112
0.01420500
0.01232639
-0.01847788
-0.03208406
0.01265741
0.03829488
0.01270808
-0.03971764
-0.04042343
0.04347639
0.02070895
-0.03422923
-0.02054954
-0.00353154
-0.01817321
-0.02600406
0.00173026
-0.01003082
-0.03361250
0.03648291
0.03606300
-0.02394662
-0.02644815
-0.00457617
0.00550350
0.00446462
0.04878348
-0.00690670
0.03194613
-0.04567759
-0.02051689
-0.00702569
0.02651720
-0.04294203
-0.04528354
-0.01169210
-0.00968221
0.01806897
-0.00118035
0.01298332
0.02964934
0.03340513
-0.04491829
0.00756181
0.01451862
-0.02896864
0.02278271
-0.00262425
-0.04903372
-0.00967442
-0.04913060
-0.04986750
-0.02871388
-0.04191815
0.01228838
-0.00673824
0.03119604
-0.03156783
0.04604154
-0.00318968
0.02972620
0.03137374
0.02928462
-0.04864961
0.00821546
0.02522777
0.04244693
0.02379623
-0.01718706
-0.02746227
0.02143189
-0.03505160
-0.03623638
0.04654139
0.01414217
-0.02381549
0.00034606
0.00874729
-0.00946794
-0.01084488
0.03091775
-0.03169171
-0.00044165
-0.02630196
-0.00697259
0.02451468
-0.01812470
-0.04357189
0.01436912
-0.04912018
0.01725278
-0.03404901
-0.00469556
-0.02266120
0.03914128
0.04407945
-0.03151312
0.03929905
0.02380314
0.01960454
-0.00505045
0.00821474
0.03703520
-0.00121871
0.02934680
0.03793046
0.04449255
0.01530427
-0.04853406
-0.04372415
0.00614345
0.01025927
-0.04006808
-0.02459206
-0.01418350
-0.02839692
-0.03631059
0.03554955
0.01555015
-0.04497273
-0.01131490
0.02362308
-0.02575790
-0.03408284
-0.03107317
-0.01946271
0.00128055
0.02922694
0.04820023
0.01617198
-0.03144147
-0.03669646
-0.01331831
-0.04014620
-0.03026676
-0.02149819
-0.01207648
0.00844100
-0.01405392
0.01261057
-0.04475616
-0.01223348
-0.04214662
-0.01014379
-0.02944297
-0.01738747
0.03846028
0.01715733
-0.03717313
-0.01012304
-0.01142708
-0.01191386
-0.03747105
-0.03890372
-0.01409037
0.04583557
-0.03202556
-0.02518641
-0.01886614
0.03107390
0.03474035
-0.01838143
0.03920593
-0.00645516
-0.01483932
-0.03887169
-0.03801143
-0.02186478
-0.04083202
-0.01189139
-0.01698405
0.02251302
0.04222590
-0.01290848
-0.01238323
0.01823778
-0.00113889
0.04494807
0.03174939
-0.01966024
-0.04869704
0.03377185
-0.04016967
-0.02841503
-0.04831161
0.03662865
0.00582618
-0.02667290
-0.04040048
-0.01819095
0.01643380
0.02842796
0.00288935
-0.04823877
-0.01886570
-0.02449808
0.03760831
-0.01443006
0.03502472
-0.00464242
-0.04691853
-0.04790509
-0.00411682
0.04402130
-0.03108367
-0.03729872
0.02251929
-0.04032507
-0.04575729
-0.02612810
0.00407575
-0.02355696
-0.01001906
-0.02114602
-0.02779491
0.01828307
-0.02703349
0.00017581
0.00888187
-0.00216764
-0.03982963
-0.00931391
0.01075776
0.01013144
-0.02310809
0.00734569
-0.02899663
-0.03637094
-0.03214116
-0.04893846
-0.04243034
0.01858621
0.03636472
-0.03143559
0.01411691
0.04056529
-0.00726870
0.01624880
0.02252848
0.01034731
-0.01733336
-0.00948198
-0.02772777
-0.01566803
-0.00336698
-0.04444903
-0.03548998
-0.02626438
-0.00423234
0.00775932
0.01479646
-0.03005493
0.01501527
0.03001668
-0.02243249
0.04828657
-0.00198094
-0.02604648
-0.03720702
-0.04415023
0.04275635
-0.02084675
0.04938807
0.01755811
0.03628040
-0.04132003
0.03841438
0.00343281
0.02886646
0.01413745
-0.02368046
0.03351429
-0.01899757
-0.03226062
0.00007881
-0.00683272
-0.03905100
-0.01252639
-0.02337780
0.02250203
0.04322873
-0.02042529
0.04262741
0.04148707
-0.01920813
-0.00599675
0.04121045
-0.00825011
-0.03504931
0.00843869
0.01032245
0.00246401
-0.02996132
-0.02603547
-0.01198799
-0.00529772
-0.02076596
0.04803411
0.03566922
-0.03434022
-0.03376505
0.02997507
-0.03270626
0.03145978
-0.02449378
0.04912004
-0.04337833
0.03180841
0.03419929
0.02065531
0.02225905
-0.02636577
0.02535490
-0.00936010
-0.00706877
-0.02692734
0.01071869
-0.04394260
-0.02596445
0.00461814
0.04812371
0.03672036
-0.00138509
0.04020057
-0.01613476
0.01236711
-0.02074598
-0.00628352
-0.01432792
0.04567729
0.00820061
0.02853707
0.03619837
-0.02181508
-0.04335046
0.02974500
-0.04080347
-0.00397127
-0.03700849
-0.01378784
-0.04716065
-0.00133879
-0.01030238
0.02745719
-0.02622320
-0.00889300
-0.03944190
-0.04647228
-0.00759110
0.04648099
-0.01436529
-0.00820392
-0.02272847
0.03622834
0.00744959
0.03076881
0.00866963
0.01502823
0.04859054
0.03722547
0.02160870
-0.01171460
-0.00663501
-0.01560778
-0.04390937
-0.02779035
0.00530128
0.03883812
-0.02180257
-0.03378667
-0.03722313
-0.01827430
0.00645128
0.00745982
0.02359748
0.04912242
0.04934049
-0.00505710
0.03389126
0.02371010
0.01777135
0.03867778
-0.01546650
-0.03128885
0.00314987
-0.00051384
0.00828599
-0.03820599
-0.02878099
0.01095091
0.04752233
-0.04404771
0.04856752
0.03778337
0.00626800
0.01827482
0.03151553
0.02553741
-0.04901138
0.01450283
-0.00714798
0.00428332
-0.01315479
-0.01328062
0.00522543
0.01910634
-0.00677186
-0.02241708
-0.00451272
-0.02634476
0.04006904
0.03453261
-0.00087089
-0.01212907
0.02722232
-0.01346516
-0.00555395
-0.01860461
-0.04433428
-0.01142503
-0.00078051
0.04181942
0.01586981
-0.04682778
-0.02742030
-0.04460597
-0.03328552
-0.03595410
0.01692773
-0.03755745
0.03337871
-0.03633935
0.01392123
-0.02966059
-0.00473517
-0.02476782
0.02189023
-0.04277043
-0.02205013
-0.01055672
0.01569248
-0.01746982
0.00592909
-0.02283239
-0.04137862
-0.01926163
0.03031576
0.00384740
0.00075790
0.03747226
0.02888501
0.02499554
-0.04727935
0.02453704
0.03676734
-0.04127145
0.02504449
-0.03082478
0.03289469
0.04012157
0.04102473
0.02370412
0.02252740
-0.04640758
0.00213227
0.03236993
-0.03992964
-0.04630204
0.01304177
-0.03723222
0.01946915
-0.00228704
0.02433939
0.04758386
0.00244868
-0.03650200
-0.04846635
-0.00857416
0.04501498
0.00656570
0.01880416
-0.00494567
-0.01235202
0.00257424
-0.01135890
0.00983174
-0.04139387
-0.02771422
0.02776068
0.00144232
0.04262708
0.03121473
-0.02545667
0.03254846
0.03457433
-0.02610951
0.00730555
0.01595906
0.04461269
-0.00494654
0.04978503
-0.00795108
-0.01829803
0.01569408
-0.02234143
-0.04784467
-0.03444377
0.04796847
0.02627158
0.02790309
-0.03533883
-0.04922608
0.04369366
-0.00729911
-0.00672470
0.02564918
-0.02820814
-0.04959462
0.02359785
-0.02176749
-0.04537585
-0.00597000
0.02749209
0.01420942
0.00964382
-0.02890385
-0.00306604
0.02082844
-0.04354482
0.02812323
0.03074299
0.03956011
0.02382388
-0.03231405
0.01490914
0.04353235
0.02761635
0.03203207
-0.00746027
-0.02924714
0.04482227
0.04192340
0.00976114
0.03578698
-0.02551863
-0.00995198
-0.04194124
-0.01019023
0.01224239
-0.03928172
0.00171629
-0.03446757
-0.00987877
-0.03650320
0.00004994
-0.04104244
0.02444758
-0.04331552
-0.03578641
0.04373382
-0.01626235
0.03610919
0.00517350
-0.00609133
0.03140318
-0.03126080
-0.03305659
-0.02383843
-0.02075734
-0.00022434
-0.04388170
-0.04577037
0.01060049
-0.01232577
-0.03262804
-0.04191638
-0.02668703
0.02080666
0.03199591
-0.01463218
0.03478001
-0.00483855
0.03642144
-0.02415436
0.01754597
-0.01062511
0.02226129
0.04317926
0.02978369
0.03767866
0.01089855
-0.04964769
0.03428454
0.04088621
0.01378504
-0.00286224
0.03980527
-0.01694453
0.01071314
-0.00857081
0.00127815
-0.01098859
-0.03706066
-0.01631504
-0.02740520
-0.00112334
0.01747816
0.03264871
-0.00389782
-0.03211660
-0.00352608
-0.02914499
0.02485023
-0.00624062
-0.04498885
0.03016299
-0.02754988
0.02991896
-0.03361709
0.00182004
-0.02509803
-0.00013973
-0.03346942
0.02226144
-0.01518384
-0.01979555
-0.01566198
-0.03651240
-0.00303585
-0.00892938
-0.02579850
-0.03170107
-0.02014302
0.03100861
0.01927904
-0.01527555
-0.03640452
0.01606960
0.02664438
0.04348374
0.00107961
-0.03195591
-0.02573196
-0.00556547
-0.02817192
-0.00741922
-0.04046759
-0.02731628
-0.03887606
0.03100477
0.04715891
-0.00785568
-0.03677805
-0.04130139
0.01573060
-0.01596893
-0.04648300
-0.00473368
0.04181334
-0.03283318
0.00626189
0.02626631
0.01371940
-0.02507802
0.04604593
0.03663029
-0.03159878
-0.02079624
-0.03356737
-0.02616778
-0.04855302
-0.01353784
-0.04149963
-0.01724900
0.03814436
-0.00508681
-0.02673430
-0.04816766
-0.01128567
0.00537132
0.04268383
-0.02783994
-0.01613663
0.02496874
-0.03540535
0.04605225
0.03729070
-0.03129506
-0.04839725
0.00586289
0.02299361
0.02151090
-0.04448573
-0.04223745
-0.01969030
-0.02774248
-0.02511599
-0.02501204
-0.02117415
0.04489760
-0.03844715
-0.01313617
-0.00995682
0.04528715
-0.03996870
0.04938819
0.02438351
-0.03904825
-0.01532358
0.04362734
0.02731627
0.00373333
0.04275309
-0.03628462
0.04702307
0.01038232
-0.01097339
0.02179017
0.01826227
0.04484579
-0.01736221
-0.02928464
0.00455506
0.02876449
0.01558263
0.01470347
-0.00569792
-0.03555153
0.02739652
-0.04396515
0.03687106
-0.04815549
-0.01181405
0.04014071
0.01008665
-0.01854591
0.01279560
-0.02787647
0.03330610
0.02065809
0.04875761
-0.04681491
-0.04112409
-0.00288760
0.00177436
-0.03483976
0.02001025
0.02137144
-0.03482203
0.04000038
0.01412505
0.01891754
0.03183091
0.00726988
0.02522498
0.04885989
0.04147116
0.00079280
0.00109772
-0.01784884
-0.01205173
-0.04553624
0.01679910
-0.04974518
-0.04508249
-0.03585063
-0.01586406
0.01100894
0.04348784
0.00126645
0.00449466
-0.04477990
0.02140069
0.04048982
-0.02692552
0.03561948
-0.00883904
0.02020755
0.03652795
-0.01160150
-0.01433602
-0.03245505
-0.00473082
0.00699978
0.04697338
0.03874353
0.04483359
0.03388596
-0.03518819
-0.00851278
-0.02379932
0.04578879
0.03570060
0.01000115
0.03043894
-0.04228971
-0.01695378
-0.03771808
-0.01718120
0.02549295
-0.03980678
0.04719315
-0.04731307
-0.04579674
-0.04152586
0.01691276
-0.03773452
0.04364822
-0.03025962
0.02445915
-0.04837720
0.01479911
0.02162251
0.02430775
0.00631721
0.00682423
-0.04621935
-0.03525657
0.01950015
-0.00465907
-0.00287152
-0.04464782
0.01064886
-0.01065018
0.02614091
-0.04267474
0.01532112
-0.01866296
-0.04644544
0.02463978
0.03516415
-0.04675443
0.01393851
0.04566811
-0.03449117
-0.04098675
-0.01604866
0.01658864
-0.04530966
0.04519455
-0.04474089
-0.03778885
0.01112431
-0.00759288
0.02023039
-0.04900596
-0.03545944
-0.03037862
-0.02932901
-0.03539047
-0.03221230
0.03228404
0.04726128
-0.02524475
0.04025773
-0.03548705
0.03428571
0.01445046
0.02222142
-0.04456649
-0.00361587
0.03696644
-0.02462868
-0.00611265
0.03238424
0.00597123
0.03916901
0.00061737
0.04606967
0.03256196
0.00571346
-0.01476554
-0.03395599
0.01933071
0.02929512
0.00632501
0.00974837
-0.01147997
0.01467310
0.01539197
0.04487263
-0.03592268
0.01506681
-0.01498099
-0.00542565
0.00320880
0.03557817
0.02456864
0.01996378
0.04200877
0.03862260
0.00516755
0.01326279
0.03782513
-0.02945019
-0.00442483
-0.00521726
0.03309396
0.04096502
0.01237678
-0.04918901
-0.01649352
-0.04651362
0.00108334
-0.00164996
0.02762454
0.01226643
-0.02228931
0.01929458
0.02684897
-0.00198967
0.02239295
-0.04866808
-0.02677249
0.04171866
0.04977584
0.02318832
0.02711122
-0.00034909
-0.03486147
0.02619771
-0.00646215
-0.03792726
0.00508629
0.04038512
-0.00058622
-0.04818324
0.03749761
-0.04734117
0.03869549
0.04861711
0.02762285
-0.01115353
0.03440173
0.02815335
-0.01434911
-0.04923232
0.00399810
-0.00034113
-0.04157414
-0.04293811
0.00694798
0.01789034
0.01004038
0.00245365
0.03912343
0.01664821
-0.04279975
0.02482139
0.01772448
-0.00838544
0.03171827
0.01832907
0.03087796
-0.00257295
0.02822442
-0.00388975
0.04642040
0.03620412
-0.01903497
-0.01847517
-0.03463226
0.03323893
0.03030224
0.01820458
0.01403496
0.01680198
0.03286025
0.02380737
-0.02882308
0.01692427
-0.04589603
-0.01464294
-0.01114168
0.00870364
0.03587364
-0.04479617
-0.02904910
-0.04354892
-0.04679200
-0.00871630
-0.03051645
0.00057904
-0.04408966
0.01496171
0.01128838
0.04583387
-0.04081383
0.04534403
-0.00391111
-0.02050783
-0.00883005
-0.04922013
-0.00437350
0.00284913
-0.03847798
-0.02244300
-0.04521448
0.02672303
0.01026919
-0.04434253
0.03829106
-0.03425152
-0.03136579
-0.03154929
0.01521448
-0.02091375
0.00050355
-0.01896129
-0.02066926
0.02142841
-0.04807467
0.01039439
-0.03055446
0.02657797
-0.01832974
-0.01397251
0.02717568
0.02770060
0.04708025
-0.04073295
-0.03330239
-0.03086486
0.01882047
-0.00154143
0.03244580
0.04900984
-0.02552368
-0.04450461
-0.02902999
0.02221441
0.03932421
0.00070022
-0.02399578
0.04564282
-0.04398096
0.04380435
-0.00520583
0.01962469
-0.01010269
-0.04872106
0.00754093
-0.03738973
0.00547153
-0.04515576
0.00291115
0.01424589
0.02134321
0.00361200
-0.02720817
-0.03217597
-0.04268571
-0.03462973
0.00087758
0.03132661
0.02049835
-0.00174420
-0.03784632
0.01778195
0.02377623
0.00010194
-0.03343724
-0.04784185
0.03479402
0.02708022
-0.00305078
-0.04756844
0.04842449
0.03749458
0.03270080
0.02018573
0.01688593
-0.00764887
-0.01850440
0.01797859
0.00891619
0.04420230
-0.04366852
0.04231708
-0.04712826
-0.03447708
-0.04993960
0.01556874
0.03523652
-0.02432277
-0.03896489
-0.02711161
0.04000365
0.04854548
0.00607109
0.01647813
0.04824805
0.03087123
0.01748642
0.04889499
-0.03350751
-0.01373239
0.00820040
-0.04853836
-0.00696358
-0.04231571
0.04219392
-0.04137595
0.02251411
-0.01014007
-0.02663153
0.04523548
-0.01241745
-0.02021804
0.00952028
0.04289928
-0.02048719
0.01325345
0.03912183
0.01006158
-0.04498899
-0.01168384
0.02601725
-0.04942423
-0.04034147
-0.01242885
0.04674181
-0.00088328
-0.01370245
0.02054434
0.03004250
0.02799155
-0.01051197
0.01437976
0.03825445
-0.01763385
-0.02668512
-0.02019025
-0.01094418
0.02657520
-0.03225888
0.03248861
0.01203795
0.03972771
0.00774246
0.00249167
-0.00489883
-0.00593016
0.01984174
-0.03213209
0.04180099
-0.04023176
-0.04865582
-0.04503427
-0.01241409
0.02987600
0.03793199
0.04876518
0.03828105
-0.00017736
0.01720874
-0.02305291
0.00970600
-0.01223259
0.03490613
0.04523423
0.00798291
0.04715908
0.02569767
-0.02314078
-0.04119438
0.02138063
0.04161096
-0.03827262
0.02943943
0.01530796
0.02264849
-0.04867737
-0.01111336
-0.02459696
0.03102784
0.04869613
0.00701247
-0.03627937
0.03111758
-0.00235080
-0.02634151
-0.03434110
-0.03255608
0.01326755
0.03754447
-0.03581572
0.01000468
-0.01538346
-0.02067845
-0.02670239
0.03358924
-0.01340238
-0.01356292
0.00132687
0.00879270
0.01171054
-0.03160994
0.01747476
-0.04250795
0.01031432
0.00689681
-0.04611128
0.04005011
0.03472272
-0.00679526
-0.03853431
-0.02065071
0.03627601
-0.02716839
-0.00760863
-0.03537500
0.00803084
0.02502293
0.03875661
0.00361667
-0.02585929
0.03936408
0.00112190
-0.00435377
0.02227202
-0.02595347
-0.04098638
0.00272279
-0.02672418
0.01775488
-0.01453545
-0.01516267
0.04432878
0.02578069
0.01133216
-0.00372381
-0.01907414
0.04225339
-0.01974969
0.00522383
0.02786274
0.01315786
0.03051666
-0.04395263
0.02823943
-0.03661348
-0.00810112
0.02812288
-0.01415787
0.04577507
-0.03742167
0.04462218
-0.01465863
-0.03240298
-0.04079021
-0.02710861
0.00926404
-0.00905024
-0.03567071
-0.04399659
0.01959634
0.03298011
-0.01434519
-0.04605443
0.03194753
-0.01942345
0.03596562
0.04608605
-0.03438985
-0.04565755
0.04129389
-0.00810434
0.02929214
0.01589288
0.04066024
-0.01772717
-0.02493174
0.00297735
0.01957294
0.04452629
-0.01276791
0.00552706
0.01956358
-0.00614246
0.04531453
-0.02543106
-0.04608163
-0.03865470
0.03037518
0.01982683
-0.00103125
0.00428972
-0.00979952
-0.01502308
0.04897865
-0.02730937
0.04235603
-0.03888276
-0.04641126
-0.03193215
0.00082146
0.00432085
0.04167546
-0.04750572
-0.01639258
0.03798391
0.04186226
-0.02242534
0.01443375
-0.03235184
-0.00634111
0.03387821
-0.01756180
0.02167977
-0.01288725
0.00804137
-0.04410012
-0.01996241
0.01321313
-0.02164098
-0.04417058
0.02435571
-0.03525930
0.00460369
0.01091664
-0.02825450
-0.01434844
0.00005705
0.00346648
0.02044389
0.04588409
-0.04009982
0.00172656
-0.02251025
-0.03901910
-0.04673029
-0.03637037
0.02366081
-0.01982258
0.02526324
-0.04233941
-0.00454658
0.04111242
-0.02622533
-0.03799002
0.04067093
-0.01497809
0.03346474
0.01278732
0.03913819
0.03818408
-0.04537047
0.00773094
0.00036209
-0.02949085
-0.03951953
0.00277900
0.04635745
0.03104707
-0.04347814
0.03516540
-0.03663861
-0.00614271
0.03273759
0.02731367
0.02609966
0.01288326
-0.03615468
0.00257640
-0.04528245
-0.03322078
-0.00749163
0.00977776
0.04431188
-0.01184821
-0.02041412
-0.02837101
0.04500141
-0.04540249
-0.04887957
-0.03088528
0.00438884
0.02066185
0.02640247
-0.04830598
0.02824878
-0.02555305
-0.02182081
0.00320958
-0.01634139
-0.00167072
0.02446453
0.04683590
0.02815699
-0.01336250
0.00873153
0.02614390
0.01952106
0.02942976
-0.00392372
0.01376268
0.04857691
-0.00876846
0.03626201
-0.00859675
-0.02878099
0.00859508
0.02204128
0.03958596
0.03333499
0.04893172
-0.03291841
-0.02357615
-0.02322866
0.02430767
-0.03766458
-0.03221401
0.04758298
-0.03422770
0.00803634
0.01513880
-0.02683768
0.02640647
-0.03836665
-0.01043534
0.02714950
-0.01365242
-0.00410497
0.04534637
-0.00721557
-0.04171673
-0.03814560
-0.00283183
-0.04869521
-0.01556020
-0.02246050
-0.00809461
-0.04291657
-0.02276750
0.04864250
0.00254846
-0.02442943
0.02035701
0.00377601
-0.01066391
-0.04368461
-0.00268730
-0.02684224
-0.04597863
-0.00520167
-0.01915886
-0.04179972
0.03237322
-0.03090236
0.03161985
0.00068089
-0.00934649
0.00155433
0.03726090
-0.00666392
0.00170556
-0.04266517
-0.01848668
-0.01961437
0.03142267
-0.04159223
-0.01601959
0.02144158
-0.00591376
-0.02294318
0.00118337
0.00206758
0.03294087
0.00750274
0.03721849
-0.00090978
-0.00756563
0.02288455
0.04792495
0.03658755
-0.01498394
-0.01706696
-0.01254956
0.01052096
0.00354936
0.03047393
0.04134607
0.02358538
-0.01539207
0.03341767
-0.03749396
0.04970877
-0.04688773
-0.02261821
-0.00594243
-0.00795436
-0.04649596
-0.01910915
0.03692009
0.01397712
0.02108503
0.04552834
-0.01938364
-0.03639691
-0.04472604
-0.03075201
-0.03168029
-0.02982895
-0.04353461
0.01474312
-0.02318306
0.00911175
0.02231487
-0.03348289
0.04809495
-0.03448535
-0.01001429
0.00419490
0.01252708
-0.03635203
0.04973939
0.03805313
0.04383801
0.02957124
-0.03287382
-0.03278822
0.01397264
0.04745639
-0.02303554
0.00872338
-0.03878047
-0.00615655
-0.02010180
0.04044507
0.02661196
0.04338488
-0.04294543
0.01756050
-0.00224239
0.03535429
0.02799289
0.00908501
0.04039022
-0.00615774
-0.01494443
-0.04087922
-0.04578564
0.03076236
0.00779163
0.04004462
0.04119591
-0.03261922
0.01938533
0.02317718
0.03982378
0.02957984
-0.04013427
-0.00181639
0.02761627
-0.04660286
-0.03912229
-0.01731520
-0.02453933
-0.04173281
-0.04387725
0.00520188
-0.02459410
-0.01635880
-0.01815550
-0.00163380
0.03560789
0.03444907
0.03730815
-0.03456007
-0.04911789
0.01581445
0.01969860
0.01025663
0.04910141
0.03402906
-0.03008826
-0.04838086
0.02088706
0.02171250
0.03784373
0.04265164
-0.03055449
0.03921307
0.03376945
0.02885566
-0.04675065
-0.02264749
-0.02780479
-0.04291736
-0.00285844
0.00120495
-0.03947983
-0.00198481
-0.03986744
-0.03059150
0.04149450
-0.03126684
-0.00006994
-0.03122836
0.02558959
-0.04551456
0.01764108
0.00015378
-0.03653773
-0.01167790
-0.02819850
0.00596569
-0.02449867
-0.02863328
-0.03488494
-0.01845933
0.04222809
0.02362713
-0.01450396
0.02920602
-0.02887498
0.03963369
-0.02657693
-0.02900822
0.03182557
-0.03477025
-0.02507585
0.03767158
0.02735093
-0.01939299
0.04717297
0.00815296
0.03599997
-0.02898442
0.00392982
0.00593652
-0.01197501
-0.04520602
0.04290554
-0.03492972
-0.02121034
-0.02765284
-0.01889554
-0.01729233
0.02546840
-0.04912898
-0.01439225
-0.03093627
-0.00891695
-0.02518940
0.01744831
0.00209078
-0.04263338
-0.01575523
0.01216729
-0.03143611
-0.04506435
0.04275982
-0.03265633
-0.00664673
0.01447200
-0.04469751
-0.01703835
-0.03602788
0.01329877
-0.04875999
-0.04484698
-0.02565954
0.02691211
0.02804723
0.02212774
0.00216807
-0.02030609
-0.02759869
-0.01172280
0.02089275
0.04227070
0.01118709
-0.01549862
0.03185792
0.03599439
-0.01550814
-0.00676526
0.00333898
-0.00315599
0.03075437
-0.00647257
-0.03640583
0.02263516
-0.00486269
0.03397068
-0.03745674
-0.02209251
-0.00701293
-0.04663918
0.00952324
-0.01116098
0.01311119
-0.02066459
0.00032188
-0.03434329
-0.00245876
0.02710507
-0.04366603
0.02022577
-0.04994461
-0.01591848
0.00204062
0.02360918
0.00324987
-0.00898593
-0.00918776
0.00830772
0.04915299
0.03847607
-0.02819882
0.03797049
0.02142115
-0.02697620
-0.01337641
-0.04863302
-0.04282507
0.00881328
-0.00843199
-0.01319449
-0.02708496
-0.02406549
-0.03569879
0.01578295
0.04676737
0.00350877
-0.02517679
-0.03591456
-0.00126593
-0.03612400
0.04328615
0.04541751
0.00483063
-0.02260067
-0.01361089
-0.02425076
-0.03726213
0.00865727
-0.04008458
-0.00797380
0.03677003
-0.02100543
0.00387039
-0.00639267
0.03693548
0.02590151
-0.04741573
0.01962782
-0.01889685
-0.00685695
0.03382703
0.01313055
-0.03376894
0.00596245
-0.01445927
-0.01144360
-0.00495203
0.03478231
0.00879195
-0.04632536
0.00814790
0.01961756
0.00794263
0.04018608
-0.04575328
0.00249554
0.03612620
-0.04114299
-0.02536073
0.03899432
-0.04393433
-0.00588847
0.03648269
0.02700543
0.00589997
-0.00306043
-0.03879029
-0.01479389
0.02050022
-0.04981756
-0.04197416
-0.02915107
-0.03380180
-0.00111890
0.00898289
-0.03082383
-0.04633709
-0.02714958
-0.00635105
-0.02653113
0.03045061
-0.03111338
0.00375903
-0.02465073
0.03161329
-0.02166608
-0.01347214
0.02581333
0.00505245
0.04266782
-0.02228610
0.00054847
0.03430010
-0.01086440
-0.00745556
-0.01567244
0.03035734
-0.03434758
-0.04241798
0.02295164
0.04308957
-0.02443135
0.01831192
0.03755981
-0.02032853
0.04561710
-0.04596215
0.01587205
0.02056621
0.01736803
-0.03837515
-0.04067288
-0.03657809
0.03980273
-0.00614161
-0.01750641
-0.01585809
-0.02868054
0.04172329
0.01475620
0.01717805
0.03228137
-0.04591476
0.00125097
-0.04171829
0.04693448
-0.02257743
-0.01653959
0.03868005
-0.00792590
-0.03723639
0.03347299
-0.00908147
0.00010803
0.03945157
0.02425875
0.01911626
-0.00277802
-0.01914251
-0.02454245
-0.03390610
-0.02030856
-0.01444449
0.01310273
0.04117775
0.01186584
0.04639212
-0.03527587
0.02620983
0.03195069
-0.03657851
-0.02429660
0.04941685
0.02628612
0.04329853
0.00335304
-0.02790354
-0.01879333
0.03015115
-0.00319526
0.04687013
0.04831568
-0.01080372
-0.02327311
0.01651009
-0.03428655
0.03460875
-0.03802306
-0.01724513
-0.00746639
-0.04019607
-0.01149615
-0.03877776
-0.02790123
-0.02951579
0.00726114
0.02876872
0.02861563
0.02636612
0.03204279
0.01684326
-0.03939038
0.03618833
0.00633198
0.03298398
0.04161596
0.01287523
-0.00252659
0.00216078
-0.04791367
0.02392475
0.02846075
-0.00635437
-0.04226543
-0.02588507
0.03209260
-0.04990437
-0.01320037
-0.00581177
-0.01044972
-0.01304211
0.00902482
0.02750642
-0.00667345
0.02455495
-0.04987183
-0.02756317
-0.04368595
-0.02455962
0.04381089
-0.02054176
0.00931600
-0.02439848
-0.01501179
0.04257920
0.03244031
-0.02212767
-0.01517606
0.03225397
0.00883632
-0.04563214
0.01086826
0.00245595
-0.03733568
-0.02327760
-0.00746189
-0.02294848
0.00891093
-0.01091804
0.02824509
0.00560615
-0.02677030
-0.00699724
0.02905785
0.02955740
0.01595363
0.01217835
-0.03975327
0.02957815
0.03448140
0.01205955
0.04815456
-0.02019643
0.00940926
-0.01758727
-0.03547633
0.00398241
-0.02277710
0.00096997
-0.02607130
-0.02087225
0.00014717
-0.01889839
0.02161637
-0.03042321
-0.04615843
-0.04865432
-0.04296208
-0.04227794
-0.03729420
0.03454602
-0.00134433
-0.03710211
0.04689467
-0.03560109
-0.01789698
-0.02686726
-0.04971477
-0.02195636
0.02712110
-0.00592800
0.00334567
-0.03864973
-0.02216073
-0.03359067
-0.04190709
-0.00524257
0.03286219
0.00742357
0.00183931
0.04492180
0.00322997
-0.03899545
-0.04994331
-0.02089180
0.04526421
-0.04417806
-0.02923690
0.00704289
-0.03194479
-0.04353416
0.01408804
-0.04784510
-0.04559048
0.00024648
-0.00726921
0.00055408
0.03406880
-0.02192137
0.04139259
0.01175761
-0.03815631
-0.00623603
0.00408812
0.04420676
-0.00270492
0.01952347
0.01208190
-0.04239616
0.01409947
-0.03716409
-0.03554662
0.02542353
-0.03220468
0.03916053
0.04898509
0.00969843
0.02344619
0.02364870
0.01111287
0.00571676
-0.00701380
-0.02712636
-0.00933725
-0.00440985
0.04926726
-0.03096503
0.04829290
-0.03683781
-0.00885077
-0.01581710
-0.03317357
0.01165719
-0.03870722
0.00346008
-0.01662740
-0.01769679
-0.01288348
0.03958761
0.02384014
0.01757546
-0.04159326
-0.01131180
0.04075800
-0.00575642
-0.01316864
-0.03174701
-0.04001408
-0.02488292
0.01318434
-0.03022714
-0.01486228
-0.00408683
-0.04550891
-0.00600900
-0.01505454
-0.02030721
-0.02698612
-0.04873878
-0.00763023
0.04582552
-0.01736759
-0.01058477
0.04580009
0.01065307
-0.02693915
-0.04293409
-0.01362673
0.01543440
-0.03783303
0.02381558
0.04757601
-0.02593713
0.04930377
-0.01850806
0.04047908
0.02958643
-0.01616853
-0.02958651
-0.01087550
-0.00064957
-0.02000860
0.01010966
0.01934858
0.00495005
0.01948334
0.02027649
-0.00842594
0.03649339
0.02831977
0.00973925
-0.01656507
0.03711966
-0.00726302
0.00615225
0.02033151
0.04919994
0.02557283
-0.02481340
-0.02286414
-0.02574538
-0.01610493
-0.03629772
-0.04531259
-0.04520246
0.04023772
-0.00925124
0.03709264
0.04171018
0.02521547
-0.01534154
0.03530044
-0.04833968
0.03754474
0.00934472
-0.03300685
0.04770710
-0.01765250
0.00951874
-0.03407240
0.03713488
-0.01060649
-0.02568904
0.03745595
0.01400698
0.03493068
-0.03035630
0.02143244
-0.04848873
0.01907296
-0.02254141
-0.01765545
-0.02417962
0.03268141
-0.01425766
-0.02622633
0.02273541
0.03900666
-0.03596757
0.04572377
-0.04343835
0.00095017
0.04365619
-0.01236187
0.01251155
0.01252981
-0.03691136
-0.04640178
-0.01532525
0.01042894
0.01672287
0.04828970
0.04823267
0.00730660
0.04884250
0.01149004
-0.03924437
0.04471097
0.01476710
-0.03635282
0.00233810
-0.01814482
-0.03856025
0.03524055
-0.03192240
0.01785991
-0.01976581
-0.02136582
-0.00883131
0.02862177
0.00626328
-0.00877533
0.01183521
-0.01991021
-0.00718561
-0.02730740
-0.01194718
-0.01788970
-0.03939601
-0.02662988
0.03959426
0.02403945
0.00949483
0.03640362
-0.00304165
0.02029031
0.02507007
-0.03039910
-0.04198650
-0.03158794
-0.02486559
-0.00914128
0.03098536
0.01135887
-0.02509958
-0.02950874
-0.01456192
-0.01501726
-0.00894058
0.00431509
0.02125507
-0.01620538
0.00167741
0.01595418
-0.02405261
0.03549048
-0.00908427
0.04685359
0.02167807
0.01935771
0.02258606
-0.02287314
0.04742864
0.00306127
-0.02949299
-0.01292479
-0.00606079
0.01041767
0.03812977
0.03624578
-0.04116821
0.04429678
0.00472255
0.04905369
-0.04444449
0.01843157
0.03298597
0.03664616
-0.03553708
0.03679522
0.03207061
0.04366564
0.01387945
-0.04371285
0.04725308
0.00021671
0.03001486
-0.04966822
-0.00972012
-0.01480453
-0.04997806
0.00523472
0.01428433
0.02968225
-0.04697477
-0.04174362
0.04267827
0.04367479
-0.01453461
0.01036488
-0.00203820
-0.00483177
-0.00392930
0.01687306
0.01360734
0.00565823
0.00898690
-0.02522714
-0.04907030
0.01586000
0.03956456
0.02601904
-0.00158692
-0.04053482
0.01731325
-0.01280057
-0.01893923
-0.03859807
0.03677903
0.01338352
0.03573472
-0.04594963
0.01333250
0.04633661
0.00992753
-0.00556726
-0.04259464
0.00186530
-0.03517855
-0.02917550
0.04739672
-0.01370150
0.02978499
0.00266054
0.04414377
-0.03397900
0.02759175
0.01002456
-0.00978293
-0.00500854
-0.04502075
0.03346132
0.00935513
0.03189759
0.04203437
-0.04665215
-0.02038191
0.04437846
-0.04026513
-0.01949885
-0.03318444
0.02740388
-0.03293523
-0.01472393
0.01984300
0.01954955
0.01698792
0.00307111
0.04504996
0.02292872
-0.01990170
-0.00206049
0.03159450
-0.03165281
-0.04937137
0.03278279
0.00258826
0.02589459
0.00802189
0.03918709
-0.02300903
0.02969920
0.00159900
0.00019063
0.00335950
0.03447830
0.04589183
0.00131604
0.04743743
0.03150458
-0.02447611
0.00961615
-0.03523741
-0.00901627
-0.03840262
0.01473905
-0.03651681
-0.00546777
-0.04442463
0.03154828
0.02450060
-0.01642223
-0.01465742
-0.01927893
0.01283896
-0.03062917
0.01734049
-0.02035643
0.02224801
0.00907483
-0.02654065
-0.03166156
-0.03414156
-0.01450490
-0.00382400
-0.03006846
0.01387900
0.04379462
0.04315713
0.02787356
-0.04915342
-0.03338529
0.02519390
0.04997008
-0.01421614
0.03818098
0.00337695
-0.02873586
-0.04195960
0.04812065
-0.01038778
0.02114543
0.04189223
-0.03330876
0.02977337
0.00148455
-0.01592837
0.03958811
-0.03963239
0.02193302
0.00788152
-0.02626050
0.01353639
0.01926781
-0.00364833
0.00260404
-0.01635255
0.01126328
0.03702768
0.02421067
0.02175452
0.02312738
0.01546125
0.04799959
0.00809289
-0.01611647
0.01754534
0.03804640
0.04518125
-0.00749211
-0.01031568
-0.03092417
-0.02516933
0.02321121
0.04365890
0.02190798
-0.01686276
0.02458908
-0.02899790
0.04404610
0.00335170
0.03990038
-0.01009863
0.02767433
0.02857039
0.04921354
-0.03743270
-0.03640259
0.01665235
0.01661807
0.01299786
-0.03324896
-0.02256183
0.03875978
-0.00407662
-0.01349622
0.01076968
0.04541158
-0.00817125
0.03304530
0.04839198
0.01977504
-0.01628765
-0.04358526
-0.02336336
0.01230957
0.01379545
0.01370209
0.00381804
0.03196870
-0.00106426
-0.01134176
-0.04723297
-0.00833445
0.02653272
0.04779362
-0.03979426
-0.02827032
0.04569272
-0.03314171
-0.03478090
-0.02750137
-0.04391727
0.04739518
0.01173204
0.04911904
-0.03636739
0.00956942
-0.00377253
0.02400546
0.01591541
0.01431154
-0.00951206
-0.03220072
-0.03865791
0.01538353
0.03034543
-0.00876547
0.04191087
-0.01582319
-0.02683290
-0.00430188
0.02750272
-0.03088769
-0.02528633
0.02406597
-0.02752853
0.04737071
-0.02238895
0.03033864
-0.02905891
0.02744070
-0.04652091
-0.01941330
-0.04505277
0.00810744
0.03165616
-0.02932579
0.04916877
0.03699834
0.00411783
0.03095326
0.04501192
0.02740657
0.04325081
0.01761625
0.04250353
0.04489550
0.02457000
-0.03223320
-0.00938446
-0.03054320
-0.04693718
-0.02217307
-0.01353283
-0.03754366
0.03015506
-0.04461756
-0.03378084
0.02142349
0.02313611
0.00450573
0.04349679
-0.00972235
0.01922024
0.01887494
-0.04258407
-0.01018205
0.03895226
0.02744704
0.03300268
0.00105240
0.02633978
0.01567982
0.01331256
0.02777185
0.03836019
-0.01780374
0.02538846
-0.01100643
-0.04199255
0.02506766
0.03852566
-0.04253383
-0.03725786
-0.02751640
0.01728103
0.01769431
0.01557078
0.04486435
0.02462393
-0.00137057
-0.04143574
-0.04725693
0.00451747
0.04965685
-0.00223304
-0.04255896
-0.00229222
-0.02651428
0.02875483
0.03350136
0.04700982
-0.00159390
0.03050221
0.00387193
0.00446253
-0.02619533
0.03418157
-0.04497198
-0.03551550
-0.01659139
0.04373360
0.04656737
0.01340584
-0.03918651
0.00963940
-0.02649705
-0.02115360
0.04454559
0.00287947
-0.04551009
0.03612861
0.02765355
0.04027927
-0.02209540
-0.00669008
0.00090651
0.02921925
0.04816860
0.02536231
-0.01140690
0.00171805
-0.04460590
0.02564947
-0.01496649
0.03884691
-0.04429538
0.04759800
-0.04879938
0.03910197
-0.04683587
-0.03454009
0.04021093
0.01363626
0.03887449
-0.03774383
0.02189910
0.03130664
0.04804622
-0.02811602
0.02664867
-0.04279618
0.03452908
0.01252410
0.02883795
-0.02862463
-0.02500150
0.02335244
-0.02117596
0.00392791
-0.04030434
0.00946108
-0.02768877
0.02030155
-0.00233206
-0.03145624
0.01060171
0.03414639
-0.02350133
0.02068727
0.03131568
-0.04905103
0.03751375
-0.00637409
0.04787949
-0.01039385
0.01552629
0.03521095
0.01903852
0.00412670
-0.04653979
0.01139852
0.00073831
-0.00852014
-0.01603352
-0.01834512
-0.02903112
-0.02103887
0.02098837
-0.01001916
-0.04461931
0.00597717
-0.04880080
-0.00432842
0.01677615
0.01707446
0.02796085
0.01715173
-0.03582992
-0.04332452
-0.02740285
-0.04460436
-0.00644794
0.03041187
-0.03031323
0.04275271
0.01976862
0.04253310
-0.03041061
-0.01942494
0.00626706
0.03547761
0.03751486
0.00112274
0.04320581
-0.02294786
-0.02633834
0.04012367
-0.04569989
0.04203038
0.02483200
-0.04595506
-0.03948335
-0.01056258
0.04432870
0.03108729
0.03641404
-0.01223292
0.00555225
-0.04737065
-0.00241681
-0.02312226
-0.01245795
0.03976544
0.04460553
-0.00467690
0.00774595
-0.04677628
-0.01451864
0.04066047
-0.03217227
-0.03110070
-0.00116937
0.02667210
-0.02026165
0.00997013
0.03568037
0.02867890
-0.02652889
-0.02500035
0.01701384
-0.03217819
0.00464763
-0.02074449
0.01205158
0.01181815
-0.01173388
-0.03665437
-0.00930516
-0.04241345
0.02780477
-0.03306806
0.01041892
0.03469842
-0.04141109
0.04651467
0.01482553
0.03807177
0.00056849
0.03371148
-0.00520013
0.03203879
0.04595128
-0.04008811
-0.00540111
0.02884549
-0.00380570
0.01493720
0.00906222
-0.02677260
0.04165716
-0.03060841
-0.00710223
0.00482156
0.00806413
0.04463768
-0.01499128
0.00070656
0.00900700
-0.02331206
-0.01090459
-0.00051466
-0.00329802
-0.01546517
-0.00654202
0.03513787
0.03290826
-0.03612806
0.02247024
-0.04825611
0.04076735
-0.04766941
0.02121637
-0.01596752
0.04456463
0.02041881
-0.01688759
0.04664820
0.00693604
0.01039900
0.04456247
-0.01971287
0.04724896
-0.03953015
-0.04083794
-0.00267230
-0.02100827
-0.02965014
0.04574531
-0.02310382
0.03296186
-0.04839205
-0.04730139
-0.03074862
-0.01147961
-0.02827791
-0.04895864
0.02131176
0.00929066
-0.02818791
0.00205859
0.00902276
-0.03538036
-0.01869627
-0.00330474
-0.00214711
0.03719919
-0.00068108
0.00271647
0.02692621
-0.00464817
-0.00310202
-0.03976145
-0.02169180
-0.00397379
-0.04871884
0.01406624
-0.00650022
0.04670895
-0.03186728
-0.00187902
0.02540173
0.00291271
-0.03921721
0.04875825
-0.02231226
-0.04849764
-0.03611866
0.01620201
-0.01350612
-0.02080532
0.01713735
-0.01764726
0.02141273
-0.01514638
0.02238173
-0.04962167
-0.01649318
0.04041603
0.01943741
-0.01423545
0.04846144
0.01246580
-0.02414426
-0.04412547
-0.04971856
0.04505165
-0.03017900
-0.04740413
0.01704590
0.01341736
-0.04045890
-0.03866998
-0.02460229
-0.03251101
0.04806693
0.02947927
0.02293742
-0.00183720
-0.03933792
-0.04962211
-0.01787728
-0.00726009
0.04285396
0.00461581
-0.03828720
-0.04501971
0.00329350
0.03754415
-0.03568678
-0.02720757
-0.02262773
0.01415540
0.00758890
-0.02579129
0.02053110
0.04111048
0.00411291
-0.03223959
-0.00599556
0.04508846
0.04823094
0.04432524
0.01503804
0.00028462
-0.02619491
-0.01423103
-0.02210434
0.00081574
0.00298994
0.01236946
0.01674067
-0.03685287
0.03543950
-0.00948358
0.00716228
-0.04446147
-0.04726093
-0.02399694
-0.02903355
-0.03311553
-0.01428537
0.02847263
-0.03366200
-0.04028080
0.00577582
0.04529426
0.01821105
-0.04069110
-0.02887837
-0.03187552
-0.01663504
-0.03472436
-0.02393983
-0.04561552
-0.02353973
0.04691856
0.00676729
0.03722933
0.04249854
0.03264414
0.04734584
0.03398100
-0.00381748
0.03884553
0.01121910
-0.00964843
0.02427224
-0.03389792
-0.03536760
0.04446317
0.01215016
0.01353976
0.02123469
0.01625090
-0.03600022
-0.03246989
0.04764640
0.04478293
0.00979043
0.00434754
0.02738829
0.02395282
-0.00711119
-0.02394263
0.04317313
-0.02066159
-0.03253357
0.01238475
-0.04467260
0.02913943
0.01855730
-0.00690281
-0.00711999
-0.01566868
-0.03822783
-0.00656102
0.01122559
0.03046813
-0.01757128
-0.03473683
0.03531097
0.01852929
-0.02417639
0.02135625
-0.03353018
0.00584009
0.02289405
0.03288241
-0.01566175
-0.01815412
0.03735759
-0.00313037
0.00684659
0.00818162
-0.00655347
0.04348528
-0.03663947
0.04847326
-0.00713072
0.00747219
0.00151930
-0.04870260
-0.04783242
-0.01014559
-0.01474764
-0.04715990
-0.01557273
0.02927549
-0.03981519
-0.02340937
-0.01319263
0.03972113
-0.02174141
-0.01591185
0.02808676
-0.04303832
-0.00353677
0.01590685
0.00301001
-0.03137241
0.03746648
0.00009768
-0.00549707
-0.01161936
0.01274839
0.04888911
-0.02224207
0.04067113
0.03535629
-0.02267449
0.00342842
-0.01242969
-0.00092245
0.04961493
0.03371198
-0.01865441
-0.04197323
0.03144034
0.03133640
0.03314100
-0.04977029
-0.01228489
0.02842260
0.03009208
-0.00453614
-0.03042025
-0.04856694
0.01453951
-0.02650974
-0.02485264
-0.01825903
0.04720131
0.00821346
-0.00850171
-0.02075666
0.02461488
-0.04190315
0.01938990
-0.03524634
0.00708726
-0.01666175
-0.02241893
-0.04646209
-0.00338634
0.02537294
0.04285675
-0.02106043
0.02828780
0.03579598
-0.03425286
-0.04487423
0.04867328
-0.00515402
-0.00245677
0.03312754
0.02067878
0.04724988
-0.00841897
0.00766171
-0.01064236
0.03042044
-0.02078860
-0.02807617
-0.00951653
0.01056773
-0.03758573
-0.00972966
-0.03781828
0.00667347
-0.03212314
-0.00157983
0.03125136
0.01187540
-0.01046841
0.00296949
-0.03101772
0.00491645
0.03053296
0.02977972
0.04015257
0.04465228
-0.01387828
0.03993205
0.02201602
0.04972465
0.03576330
0.00266251
0.01651074
0.01412793
0.01889814
0.00377336
-0.01652338
0.03520719
-0.02976956
0.00702494
0.00196119
0.03636105
0.03810361
0.03382880
-0.03002750
-0.04320077
-0.00065165
-0.01872458
-0.02782631
0.04436245
-0.00747541
0.02596752
-0.01833577
0.02594120
0.03817242
-0.04668568
0.00148957
-0.00537818
-0.01241506
0.01038912
-0.02622990
0.00712551
-0.04069640
0.02036335
-0.01679217
-0.00328555
-0.02789258
0.02094623
0.03364373
-0.04644911
0.01210864
0.01282647
0.03089108
-0.01978408
0.02131515
0.02549612
-0.01255503
0.03880500
-0.04797458
0.02270868
-0.04794651
-0.04681167
-0.03534411
0.04152985
0.03078748
0.03946975
0.03753006
0.02501928
-0.04596287
-0.03270265
-0.03778125
-0.04872947
-0.02211090
-0.01598193
0.04061869
0.04565473
0.04194022
-0.01231432
0.03535378
0.04272728
-0.02870011
-0.03658378
-0.02261129
-0.01783712
-0.04044487
0.00150196
0.01524628
0.04450772
-0.00781403
-0.04004771
0.04463832
-0.00169705
0.02572609
-0.04953328
-0.04312799
-0.00207832
0.00981896
0.00606179
-0.02636465
-0.04670866
-0.01405942
-0.03659125
-0.01042302
-0.00911221
0.00660535
-0.04218194
0.01376011
0.00255234
-0.04488286
-0.01570900
0.00537464
-0.02597059
-0.02433038
0.02858758
-0.00730944
0.02800303
0.00078529
-0.02123925
0.04403853
-0.02903077
0.02146828
-0.03018239
0.00119398
0.01317035
-0.04993043
-0.04366120
0.03618283
-0.00728572
0.04283525
-0.03093157
0.03640189
0.03570618
-0.03215483
0.03822761
0.04578878
-0.00080210
-0.01184822
0.04058269
0.04965854
-0.02904894
0.00653252
-0.03009310
0.00847698
0.04864632
0.03691250
0.04381235
0.01558430
0.04829985
-0.03032107
0.02928754
0.01184051
-0.04093234
0.03980610
-0.03882525
-0.01057096
-0.02170585
0.02734763
0.00703483
0.03698473
0.02718706
0.02304172
-0.04338634
-0.01821640
0.02050299
0.00483764
0.01430353
-0.00126393
0.03155391
-0.01820865
0.04763283
0.03589200
0.00461446
-0.03160254
0.00227473
0.03961501
-0.02545606
-0.02397804
0.04604967
-0.04753217
-0.00866952
0.03516542
-0.00157132
-0.02434579
0.02515589
0.02112640
-0.00281680
0.03000876
-0.04057148
0.00401853
-0.04218372
-0.03398950
0.04361948
0.01741969
0.03858240
-0.01537725
0.01124110
-0.01883426
0.01541610
0.01368060
-0.03640175
-0.04205729
0.00843862
-0.02229256
-0.02814653
0.01339288
-0.02057199
0.04678173
-0.00697447
0.04827801
-0.03263993
-0.00419332
-0.01864321
0.00186703
0.03341763
0.02533673
-0.00675809
0.00949432
0.00060794
-0.04403588
0.03401588
-0.00911449
0.02012398
0.02369777
0.02338142
0.04273242
0.01479002
0.00326176
0.04246259
-0.01188107
0.04549223
0.00636992
-0.02058415
0.03886481
0.03631797
-0.02664982
0.02771056
-0.02150673
-0.04931833
0.03319506
0.02479633
-0.00341112
-0.02957165
0.04494097
-0.03425885
0.04575769
-0.01359721
-0.04312218
-0.01798978
-0.03966600
0.03945993
-0.00307662
-0.03636412
0.00296149
0.00727660
0.00029446
0.01982985
0.04139248
0.03344678
0.03640268
-0.02664439
0.03991225
-0.01026661
0.04101437
-0.00208424
0.01416097
0.02425468
-0.00865112
0.04179586
-0.02471722
0.01805603
0.01780865
-0.04507065
0.01092215
-0.01485621
0.04958018
0.02615962
0.01526290
-0.02198073
0.04893508
0.02157307
-0.04520278
-0.01833951
-0.01215054
0.02967905
0.02847297
-0.02587158
0.00408105
0.03348092
0.03900518
0.00075189
-0.04596334
-0.00738049
-0.04313775
0.04221498
-0.03462937
-0.03800131
-0.02979869
-0.03506183
-0.04396212
0.01013976
0.00763143
0.03966020
0.04442216
0.04182067
0.04895812
-0.01140465
0.01082375
0.01431571
-0.04208472
-0.03226018
0.01966045
0.02168914
0.03368641
0.00764262
0.01357826
-0.00795924
0.03075698
-0.01859342
-0.03772254
0.03867222
0.03194356
-0.01273565
-0.03923709
-0.03365630
0.01248553
-0.02586301
-0.04395637
0.00501107
0.02516910
-0.02019117
-0.02298820
-0.00590276
-0.04986768
-0.04590195
-0.03929222
0.01237993
-0.01424550
0.00974874
0.03173101
0.00487056
-0.00720301
-0.01105122
-0.00179958
