shape=[128, 256]
-0.00729057
0.04411934
-0.04781794
0.02812727
-0.02113168
0.03787692
-0.01386445
0.00468163
-0.00418753
-0.01271896
0.01557230
-0.02012360
-0.02605702
-0.03683926
-0.04575348
0.01280481
-0.03778356
0.03379114
-0.01800796
-0.00325422
-0.03275051
-0.03311328
0.04961200
0.03107701
0.03647014
0.00359354
-0.01628007
0.02948087
-0.04944624
-0.00817452
-0.03302877
0.03597228
-0.04164756
-0.01873554
0.00097635
-0.01427304
0.04852927
-0.02136820
-0.00778394
-0.00565938
-0.04605166
-0.04504327
-0.01783421
0.00769682
0.01652728
0.04990632
0.03337224
0.04584020
-0.04104975
0.03040817
0.02866874
-0.02957422
-0.04914507
-0.01937843
0.03180207
0.04950733
-0.01874927
-0.02805130
-0.04145627
-0.04047451
0.04033964
-0.01773411
0.02625969
0.02154433
-0.04033833
0.04871808
-0.01077348
0.02513891
-0.01158091
0.00206254
-0.03603241
-0.03954540
-0.04648529
0.02672864
0.03293926
0.02523231
-0.00791852
-0.01990017
0.03639216
0.04737547
0.03057296
0.03702041
0.02295864
-0.02764922
0.00675374
0.04590689
-0.04441113
-0.03360442
0.00253136
0.00852379
0.00546109
0.03608508
0.03635870
-0.03925104
-0.01060855
-0.04444862
0.01660481
-0.04889350
-0.02777728
0.04385518
-0.01644525
0.03251932
-0.00752587
-0.01729767
0.01794385
-0.00304292
0.02884972
-0.04119500
-0.03662103
0.03877624
-0.04803942
-0.01078676
-0.00537330
-0.01687720
0.03147759
0.03080139
-0.01268837
0.01010474
0.03294940
0.00734010
0.00580598
0.04209923
0.04393425
-0.04843961
-0.04903910
-0.00584238
-0.01886929
-0.03541206
0.00791887
-0.00198469
-0.02163498
0.00763229
-0.02587230
-0.03514862
-0.01804307
0.02027279
0.02957936
-0.02033876
-0.03227838
-0.01913699
0.01295105
0.00228902
-0.02706841
-0.02479698
0.03933356
-0.03915244
0.04116697
-0.00832862
-0.04911596
-0.01718682
-0.03595983
-0.02180084
0.00014677
-0.02829763
-0.01876925
-0.03169829
0.02170902
0.02521092
-0.00415713
-0.02420712
0.02790319
0.02665193
0.02221512
-0.00150324
-0.01400016
-0.01046889
-0.00048325
0.04062048
-0.01142649
-0.02764823
0.01833876
-0.04587784
0.03649234
0.02588364
0.02199539
-0.02022884
-0.02081482
-0.03463311
-0.03901490
0.04293706
0.02521122
0.01599086
0.04749048
-0.04797762
0.03325314
0.01579855
0.03455289
0.04617434
-0.03170302
-0.00377471
0.03239563
0.02953695
-0.04524355
-0.03721217
-0.01676819
-0.01563014
0.04293327
0.01230094
-0.02881715
-0.02286884
-0.02931184
0.04806221
0.03384347
0.01757921
-0.01798625
-0.04125604
-0.03441426
-0.00951391
0.00177329
0.02003701
-0.03347536
-0.02704316
-0.02668651
-0.02659967
-0.02675212
0.03121665
0.00764998
-0.00444286
0.00241630
-0.04596338
-0.03431990
0.03348877
0.02446724
-0.00018077
-0.01491853
-0.04851642
0.03761093
-0.00619968
0.00948854
0.02674245
0.04315960
-0.01808917
-0.03754395
-0.01004430
-0.00729261
-0.02842953
-0.01842382
-0.01550443
-0.01438712
-0.02763819
0.02887260
0.04790793
-0.04498954
0.02385872
-0.02602976
0.04980002
0.00548236
-0.02985195
-0.01963957
-0.04885764
-0.00248202
-0.01677977
0.01820458
-0.02249271
0.02639388
-0.01144983
-0.04619123
0.01436521
-0.03065092
-0.02431048
-0.00707545
0.03253530
0.04842043
0.00027401
-0.02885234
-0.00440240
0.00154825
-0.01119875
0.01403987
-0.01679347
0.01616708
0.04563455
0.03380696
0.01677887
0.02712540
0.02432275
0.04902153
0.03875036
0.02006093
0.04479575
-0.02306934
0.01869090
-0.01508153
-0.03375809
-0.04309303
-0.03752898
-0.00529416
0.04486926
-0.03543687
-0.03826099
-0.03627008
0.02056465
0.00487535
-0.02584450
-0.02104777
0.04830643
-0.02017030
0.03490355
0.00847420
0.01590369
0.00642160
0.02101430
0.02435105
0.03582371
0.04706625
0.02501763
0.04395741
-0.00449211
-0.00990031
-0.01351237
-0.04486751
0.03442829
-0.03507786
-0.04152605
-0.04189393
0.04198430
-0.01258110
-0.01609523
-0.00945805
0.04947868
0.04890428
0.04329336
0.04372728
-0.01641173
-0.04774278
0.02979823
0.03557684
-0.01179211
0.00929011
-0.00534069
0.04014069
0.02155802
-0.03789586
0.01331108
-0.03617482
0.03034200
0.03644530
0.02924543
0.04322419
0.01499981
0.01290786
-0.04080649
-0.03972294
0.00716656
-0.04019419
-0.00598062
0.00012305
-0.02023906
0.04036674
-0.03370063
0.02497575
-0.00898832
0.01693937
-0.03571228
0.02540220
0.03658524
0.04435662
0.03716804
-0.00261598
-0.02549663
-0.03822551
0.03498722
-0.01881324
0.02403761
0.00381545
0.03590799
0.04463918
-0.03377663
-0.00774740
-0.02648741
-0.01757866
-0.01988246
-0.01004424
-0.04479223
0.04089114
-0.03741647
-0.01771007
0.00706047
-0.03195373
0.00322603
0.00554663
0.04383382
0.04288092
-0.01752616
0.00851010
0.01128078
-0.04229932
0.03938238
-0.00533813
-0.02893565
-0.01626275
-0.02618187
-0.01943020
0.01171346
-0.01473614
-0.04289356
0.04491865
-0.01745729
-0.00402427
0.00054794
0.02056151
-0.04958146
0.00071014
-0.02082087
-0.02295893
0.01863982
-0.04081769
0.01223145
0.00978364
-0.04076735
-0.03693038
-0.04191000
-0.01402484
-0.00009397
-0.00147540
-0.04999856
-0.02080837
-0.04753776
-0.00075258
0.03048390
-0.01527843
0.04472263
-0.04733786
0.02127179
-0.03298126
-0.01535470
0.02966585
-0.02174748
-0.02673052
0.02340515
0.00843454
-0.01438958
0.00400989
-0.04029613
-0.00643275
0.04511423
0.02314448
-0.04757706
-0.02940903
-0.03095421
-0.02202725
-0.00035017
0.02706150
-0.03313956
-0.00078939
0.00065212
-0.04782003
0.03608682
0.03669383
-0.04600508
-0.04898507
0.01413572
0.00732999
-0.03721545
-0.02127081
-0.04043864
0.01288924
0.03758751
-0.01394915
-0.03190406
0.04234026
0.01676299
-0.04055548
0.04368487
0.01363366
-0.03423660
0.03462854
-0.01275055
-0.04604028
0.01657023
-0.02523753
0.04424401
0.02671709
0.04725122
-0.04365401
-0.04453797
-0.00511240
-0.02459886
0.00778598
-0.04232607
0.00748262
-0.00054115
-0.00408445
0.00125846
0.03070062
-0.02184610
0.01423507
-0.04852827
-0.03831210
-0.02429869
0.03945949
-0.03648280
0.01684044
0.04575976
-0.01558213
-0.01269391
-0.00308089
0.04576107
-0.01033630
-0.00568403
0.03563400
-0.01672455
0.01564737
0.04525890
-0.04521563
-0.03493509
-0.00959748
-0.04877885
0.01853019
-0.00795341
-0.03806062
0.02986954
0.02699644
0.02468868
-0.01338084
-0.01956301
0.01162988
-0.00134343
0.01492661
-0.03094854
0.01709811
0.02791976
0.04361242
0.03908793
0.04028923
-0.00568053
-0.04842480
0.03125591
0.02131161
0.03216145
-0.02583267
0.00422249
-0.00020242
-0.04045187
0.04476229
0.02623633
-0.04456168
-0.04833905
0.00744744
0.03956131
0.00407592
0.00112680
0.01446973
0.04626865
0.04405830
0.03491680
-0.00719681
-0.03529091
-0.02917873
0.00116481
0.00782417
-0.03733242
-0.00026654
0.00630638
-0.02726392
-0.01739141
-0.00164257
0.00055127
0.02066295
0.00872417
-0.00934315
-0.01030921
0.02507156
0.00740746
-0.01676135
-0.00191035
-0.00320702
-0.04296090
0.01628639
0.03676356
-0.02834218
-0.03634587
0.00944109
-0.04924868
0.02750660
-0.01786257
-0.04675556
-0.00817519
-0.00052006
-0.02652506
-0.00038531
0.02097138
0.04765977
-0.00301871
0.03930363
0.01587880
0.00329103
-0.00132415
0.04636578
0.01142450
-0.01540382
-0.03955258
0.00313443
-0.02702067
-0.03660618
-0.01910480
-0.03814038
-0.03572832
-0.02967417
-0.01722652
0.04685436
0.03937541
-0.00527234
-0.01018550
0.00477196
-0.02253312
-0.00186919
-0.02486441
-0.04497466
0.02477930
0.01147720
-0.04094429
-0.01267669
0.01459168
-0.02434706
-0.01423362
-0.02991322
0.01284696
-0.01949484
-0.03680320
0.02672586
-0.01158020
0.01246223
0.04358497
0.03218291
0.04770449
0.01127145
-0.03092872
0.01313105
0.03338678
-0.04847297
-0.01595517
0.00100184
-0.00345757
0.01882243
-0.03157197
-0.00753790
0.01431606
0.04554608
0.00251226
-0.00686212
0.02358686
0.01438564
0.04998399
0.02823727
0.04650273
-0.02497137
0.00539016
0.03188599
0.03269855
0.01264811
-0.02413395
-0.00824553
0.03719818
0.02699729
-0.00913874
0.01197492
-0.01905077
-0.02799388
0.02724665
0.03292097
-0.04787150
0.02114957
-0.04401977
-0.01542858
0.00217222
-0.01885070
-0.01030238
-0.04612630
0.04144830
-0.00838737
-0.02878928
-0.02818393
-0.03461736
-0.00594345
-0.02368033
0.04166222
-0.00681175
-0.02196997
0.02458937
0.02346567
0.04367781
-0.02871769
0.00238445
-0.01772880
0.00544284
0.03484980
-0.02923901
-0.04773794
0.03999995
-0.01223210
-0.01784414
-0.03952191
0.04909189
0.03361540
-0.03266691
0.03114164
0.02075637
0.00545776
0.02567697
-0.03770001
0.04234369
-0.00587365
0.01853896
-0.03794011
-0.00186844
0.03840482
-0.04175029
0.03450901
-0.02873138
0.01772327
-0.03250517
-0.02456723
-0.00222513
0.00970830
-0.02592578
0.03364388
0.03666631
-0.02477719
0.01072867
0.04293641
0.01327986
-0.02963195
0.01037267
0.04933551
-0.00588622
0.00074873
-0.00047337
0.02911345
0.01604812
-0.04674664
0.00750678
0.00110406
0.01567148
0.03428584
-0.04678641
-0.04167637
-0.03416913
-0.04958817
0.03446714
-0.02026991
0.04346633
-0.04151440
-0.01961736
0.00977012
-0.02655060
0.03346505
-0.02136247
0.02793226
-0.03198541
-0.01530465
0.00846353
0.03244739
-0.00621737
0.03424520
0.02694959
-0.00821867
-0.00655632
-0.03424452
-0.03859717
0.04591247
-0.01317600
0.04776309
0.03686344
-0.01967365
0.04220481
-0.00017002
0.00468812
-0.01246586
-0.02160090
-0.01383884
0.04913358
-0.00707034
0.04319847
-0.03892427
0.04963730
-0.00962281
-0.01262757
-0.01120160
0.04230266
0.00745803
-0.02515434
0.00974124
0.02545515
0.04300679
0.00150896
0.02543806
0.02495978
0.03114046
0.01912874
-0.04528805
0.01264531
-0.00300890
-0.02062505
-0.01187420
-0.01476068
-0.03969793
-0.00769927
-0.03857974
-0.00686568
-0.02954454
-0.03710630
-0.00238969
-0.04235909
0.04508035
0.03111402
0.04901673
-0.04024435
0.04227427
0.00856296
0.03994827
0.03802222
0.03063272
0.04293530
-0.00858422
0.03437506
0.00357845
-0.04602599
-0.03508135
0.01614007
-0.02260831
0.03610862
-0.02222549
0.00614736
-0.03655695
-0.02592648
0.01779445
-0.00342174
0.04684336
0.04525364
-0.01979883
0.04504818
0.04538905
0.01008309
0.02188641
0.02123542
0.01244889
-0.00832451
-0.03568665
0.04966605
0.00589404
0.04173954
-0.02872771
0.00506644
0.03701438
-0.04243299
-0.00308863
0.00562338
0.00694728
0.04559254
0.03624731
0.03356888
0.00865216
0.03682914
-0.02541744
-0.02703509
0.04148117
0.03334978
-0.02621052
-0.00671221
-0.03416079
0.01171800
0.04317066
0.04723994
-0.03878158
-0.04517927
0.01048156
-0.04499186
0.02419579
0.03838171
0.03057286
-0.02031902
0.01381044
0.01762070
-0.01402821
0.03033505
0.00537155
-0.01715286
0.01337165
-0.01633873
0.00579986
-0.00667960
-0.01840085
0.02478948
-0.00797506
0.03572970
-0.03375290
0.01859119
0.02788312
0.04576707
0.01361088
-0.01880977
-0.04299054
0.03961729
0.02189042
0.01602419
-0.00238287
0.04381832
0.01699031
0.00537472
0.00493329
0.02572395
-0.00199985
0.01325588
0.01132472
-0.03218101
0.00729482
0.04446259
0.00748437
-0.00213195
-0.01149036
0.02208600
-0.03328770
-0.03894176
0.02332906
0.04673861
-0.04041022
0.00608596
0.02445222
-0.00014730
-0.03716154
0.01195611
-0.04119371
0.00643194
-0.01963029
-0.04526444
-0.03618433
-0.03003736
0.00727377
0.03718114
0.01276334
-0.00662716
0.00154673
0.03701489
-0.03096148
0.01695649
0.03434216
0.01964299
-0.03020514
0.02528156
0.02249439
0.02650546
-0.03336354
-0.00282162
0.03556983
-0.04677019
-0.01931259
0.04130957
0.02550371
-0.03381995
-0.04091820
0.01758049
-0.02174865
0.00782039
0.00478895
-0.01142615
-0.02786271
0.00749826
0.04857487
0.00022156
0.04842992
0.01335612
-0.00360441
0.04254394
0.02283587
0.01046218
0.04783763
-0.04667617
-0.04139715
-0.04226105
-0.01515806
0.04806502
0.03554913
0.02165318
-0.03284298
0.04657796
-0.04083915
-0.00586690
-0.04095338
0.02255776
0.00126776
-0.04016206
0.01237955
-0.02018242
0.00005073
-0.00274116
0.01576464
-0.00343762
0.04896471
-0.04636593
0.02060510
0.03405521
-0.03389148
0.00624911
-0.00639434
0.02531921
-0.03283625
0.01207658
-0.04651968
-0.01974664
-0.03128215
-0.03920185
-0.04937615
0.04451506
0.01292115
-0.00330747
0.02204672
-0.04430355
-0.03526561
-0.02485454
-0.04301654
0.02795142
0.00450327
-0.02136700
-0.04700192
0.04401736
-0.04454830
-0.00133699
0.00505192
-0.01353694
0.02495338
0.02031588
-0.03296447
-0.04442589
-0.01067917
-0.01935894
0.00961275
-0.01138796
-0.03843147
0.02207839
0.01354181
-0.00638619
0.02697912
0.02514139
0.04626435
-0.01584176
-0.03948469
0.04199259
-0.02966987
0.01411915
-0.01533330
0.00996611
-0.04773218
-0.01787281
-0.01769368
-0.04795376
0.03594777
-0.03927789
0.04877375
-0.04940921
-0.00238465
0.04255042
0.00368997
0.02493243
0.04270233
0.02067868
0.02132196
-0.03350524
-0.02330766
0.00271214
-0.00810630
-0.03080877
-0.01385928
-0.04653248
0.02788414
-0.04029487
0.03230998
-0.01751389
-0.04335774
0.03140040
-0.00126012
-0.00766137
-0.03157255
-0.04843188
0.03171512
-0.00972109
-0.02226308
-0.01922329
-0.02869443
-0.03603612
0.00929333
0.03105862
-0.03875662
0.00584653
0.04482643
-0.04831536
0.01308506
0.04329161
-0.02017190
-0.02886358
0.00358836
-0.04847581
-0.04401205
0.04138177
-0.04433041
0.03266513
-0.03854323
-0.04353349
0.04532758
0.04992642
0.00878553
-0.01244936
0.04014575
-0.02810011
0.02987594
-0.02109754
0.02176301
-0.00984138
0.03098422
0.03290348
-0.03297410
0.00722417
0.04337490
-0.00713535
0.03936585
0.04814801
0.01785582
-0.03135126
0.02837151
0.04223946
0.03440360
-0.00960815
-0.03536153
0.04100485
-0.03484538
-0.01014774
-0.01980655
-0.02199655
0.03424425
-0.01425792
0.01254791
-0.03021001
0.01022902
0.00940509
0.01079976
0.02936719
0.01711635
-0.03072723
-0.00957564
-0.02824563
-0.01545667
-0.03719661
0.03144689
-0.04696726
0.01752628
0.03158211
-0.00299489
0.00157750
-0.03965038
-0.00386978
-0.01081207
-0.01514451
-0.02972320
0.01906383
0.02717842
-0.01396535
-0.01260803
0.03310376
0.04506378
-0.02450070
0.04216063
0.01844532
-0.00675438
0.01587273
-0.03456895
-0.01114578
0.01874021
-0.03363084
-0.03490426
-0.03371479
-0.02799957
0.01069439
-0.01450255
-0.03659830
0.01822366
-0.01894467
-0.02478372
-0.00852289
-0.01247389
-0.02521707
-0.04738140
-0.03367845
-0.02863612
-0.02753671
0.04839394
0.04324475
-0.03374561
-0.00718062
-0.02346626
-0.00306619
-0.04179751
-0.01443906
0.03216131
-0.00637778
0.03763699
-0.00095791
-0.01922020
0.02395356
-0.01762481
-0.00871311
0.02195099
0.03601120
-0.03311112
-0.00691508
0.02261656
0.03256030
-0.04657054
-0.03154182
-0.02313226
0.00415822
-0.02297322
-0.04119391
-0.04982664
-0.01305069
-0.01972136
-0.04948543
-0.04141723
-0.04513197
0.00587088
0.00653884
-0.00116700
0.02095484
0.00572249
0.00088766
-0.00115097
-0.03308520
-0.01369226
-0.03827144
0.00000781
0.01588320
0.04288042
0.04542746
-0.00126710
0.02504316
-0.00023336
0.02331738
-0.03893017
0.03647841
0.00726282
-0.00689194
0.02253116
-0.02481400
0.01695595
-0.02187866
-0.02724488
0.03783929
0.04896136
-0.04955829
0.01160901
0.00235617
0.01490043
0.02989236
0.01684703
0.02321834
-0.03853996
-0.00888454
0.03361434
0.02693371
0.04384732
0.02985070
-0.04209746
-0.01731972
0.03959710
-0.03341147
-0.01124740
0.03416289
-0.01999260
0.04920199
0.03121801
-0.02277598
-0.04249466
-0.00680174
0.00624117
0.04352266
-0.01542520
-0.04465906
0.00581855
0.04712590
-0.04104638
-0.01278284
-0.01296465
-0.02289298
0.03368742
-0.02151566
-0.02234482
0.02680887
-0.00552499
0.03938563
0.04333680
0.04519218
0.03913176
-0.02061173
-0.02561371
0.03978053
-0.04004052
-0.03231487
-0.02436604
0.02440431
-0.00490107
0.01785745
0.04535536
-0.04720134
0.04650132
-0.03102656
0.00495402
0.01094486
0.02667397
0.01618544
0.00564689
-0.02961629
-0.00705387
-0.00252781
-0.01790956
0.01824335
0.04660187
0.03037711
0.01386079
0.04282828
0.02138202
-0.04387574
-0.02195694
-0.03887293
0.04389656
0.03065947
-0.01040682
-0.03880833
-0.04704675
-0.04308352
0.01936564
0.04395904
-0.00151308
-0.03105732
0.03360753
-0.04604261
-0.03648315
0.04047471
0.03207684
-0.03000324
0.01818288
0.02540342
-0.02080125
-0.00436167
0.01662810
0.04796916
0.04186416
-0.01369779
-0.00227126
-0.00610007
0.01718902
0.01558356
0.01323978
-0.04578739
-0.04238263
-0.04898986
-0.04015638
0.00217637
0.04971731
-0.02048611
0.01733288
0.04604885
0.02798464
-0.03966845
0.03458908
0.04009333
0.01831190
-0.00392221
0.03210761
0.03629683
0.00357697
-0.01931307
0.02856774
0.03554869
0.04507541
-0.01403268
0.01712398
0.02927162
-0.01598620
-0.03361671
-0.02037446
-0.02193187
-0.04973609
0.01352394
-0.01918337
0.04349228
-0.04514607
0.00431471
-0.02798225
0.00551693
-0.04389880
-0.04899501
-0.02366189
0.04030564
-0.00482140
0.01789248
0.01389659
-0.04910222
-0.00492742
-0.01393549
0.03544388
-0.00992902
0.00018588
0.03831527
-0.04871270
0.02510128
0.02109050
-0.03184493
-0.03639948
-0.01933765
0.02802162
-0.02689300
-0.03750499
-0.01641664
0.03105867
0.04479704
-0.00737587
-0.00296390
-0.04140417
-0.00240360
-0.02521838
0.02895500
-0.01402381
-0.03349181
0.02353266
-0.00909918
-0.03218364
0.02860664
0.04513046
-0.00807019
0.01312223
-0.02154694
-0.04702530
0.01369035
-0.02751931
-0.00878475
-0.04073340
0.04513435
-0.02884180
-0.02504844
-0.01393265
0.02683527
-0.02187411
0.02585467
-0.02975474
0.03484228
-0.03816897
-0.04857811
0.03286171
-0.03550494
0.01479861
-0.01453026
-0.04587649
0.01771051
-0.01677337
0.01439711
-0.02863865
-0.04600149
0.03649208
-0.01509260
-0.03887163
-0.03410755
-0.01871481
0.03561109
0.04147016
-0.04019069
-0.03422655
-0.02341685
-0.01823835
0.04770687
-0.00054056
0.03760304
0.00830911
0.04020738
0.00112537
0.02497629
0.03497937
-0.03771479
0.03535200
-0.00104049
-0.00352963
0.00715039
-0.01391279
0.04896249
0.01194936
-0.00108259
0.04359616
0.01637035
-0.03594606
0.02594370
-0.00985553
-0.01999838
-0.01061369
-0.04356352
0.02095260
0.00986500
0.04100684
-0.00889756
-0.03382164
-0.01567059
-0.00282739
0.02458318
0.01143649
0.02324484
-0.01343346
-0.01741370
-0.00121327
0.01066284
-0.04960663
0.03264815
-0.04875777
0.00465835
0.01962105
0.04170119
0.01373316
-0.03650174
-0.04505000
-0.02305249
0.04748459
-0.00600646
0.04629184
0.03370813
0.02159592
0.03400219
0.02764994
0.02444184
-0.04238030
0.01036137
-0.04156022
0.03119713
-0.00157527
-0.00765304
0.03966647
0.00543073
0.04408581
0.03705535
-0.01188366
0.00226261
-0.02063331
-0.01838251
0.00589759
0.04900600
0.03919292
-0.03723635
0.03974489
-0.00206899
0.00161567
-0.02750177
-0.02076713
-0.02941644
0.03296986
0.04621578
-0.02196938
-0.01025245
-0.01478874
-0.02397174
-0.00646431
0.04788436
-0.04957886
0.04486168
-0.02867559
-0.02305709
0.01835518
0.01462904
0.04969257
-0.04725707
0.02760337
-0.04256225
0.00701435
-0.00938774
-0.00662185
0.04488518
-0.03888559
-0.04122579
-0.03411720
-0.00359936
-0.01362314
-0.01362887
0.00671868
0.03775811
-0.02172932
-0.03875038
0.02678772
0.00051379
-0.03812480
-0.02252125
-0.00991490
0.03244839
0.04070659
0.02203676
-0.01934655
-0.00743320
-0.02626938
0.02972715
0.04189703
0.02824953
0.03920602
0.02341006
-0.02227782
-0.04722258
0.04510491
0.00623446
-0.00098736
0.00586974
0.00580066
0.04791291
0.01420713
-0.02153790
0.04614227
0.04656871
-0.04206360
0.02218351
0.04281303
0.02039401
-0.03376672
0.03933100
-0.02468592
0.02784734
0.00410488
0.04227899
0.01721375
0.01925920
0.04236335
0.04743227
-0.03524351
0.00985716
-0.00359197
-0.00271609
-0.01730736
-0.04883550
-0.03152097
-0.04121214
0.03149572
0.04433944
0.03199819
-0.03775102
0.02102225
0.02220219
-0.02891173
0.01694660
0.04501836
-0.00928279
-0.04348823
-0.01373352
-0.00609305
0.01421487
0.03868646
-0.01903176
0.04600239
0.03553303
-0.04688123
-0.02089030
0.01644186
-0.02025746
0.01442616
0.03096072
-0.01349015
-0.02804353
-0.01773331
-0.02649989
0.03547694
0.00366631
-0.02165185
-0.00662380
-0.01752126
-0.01895463
-0.00638947
-0.02108880
-0.03376569
-0.01661869
-0.02184394
-0.04673484
-0.02407025
-0.01988889
0.04246660
-0.03121408
0.02655940
0.03306149
-0.04408225
-0.00772316
0.03984341
-0.04464549
0.01541386
-0.02747838
0.03051729
0.00676269
0.04007581
0.01755335
-0.04297649
0.02837533
0.03805073
-0.04672365
-0.02605191
0.00142643
0.01699304
-0.03664142
-0.02436440
0.04052547
-0.02809216
-0.04269456
-0.04168325
-0.00316144
-0.01519570
0.01918321
0.01507956
0.01111047
-0.04003642
0.02487178
0.01732941
-0.02518896
0.03293820
0.01689065
0.01740134
0.01727242
0.04910048
0.03124698
0.01477569
-0.01275927
-0.01741781
0.03367765
-0.02272247
-0.03082908
0.01658697
0.02392863
0.04161573
-0.01795852
0.03272742
-0.01770281
-0.01792691
0.03837391
0.04472578
0.02818846
-0.04156982
-0.01860374
0.01154562
0.00444475
-0.02000227
-0.00944335
-0.03911937
0.04078525
-0.02449732
-0.02447131
-0.02486787
-0.03266246
0.00795959
-0.01281657
-0.03726220
-0.02464249
0.02322477
0.03153658
0.04632224
-0.01279063
0.02044017
-0.02528203
0.02344202
0.04916168
-0.01711428
-0.03928553
-0.00039727
0.04847459
-0.02436808
-0.01489116
-0.01414732
-0.01652969
0.01542651
0.02442415
0.04257637
-0.04996244
0.02244749
0.00182525
0.03037228
0.00463830
-0.03656950
0.04142780
0.00518954
-0.01816168
-0.02260777
-0.04882567
-0.02580939
-0.04029049
0.04460100
0.01449393
0.03010558
0.01798119
0.00223625
-0.02579367
0.01230573
0.03270411
-0.00659479
0.04664500
0.04909788
-0.02130059
0.02960738
-0.00904773
0.01750587
-0.03559822
0.03932687
0.00624096
0.02902137
-0.02169063
-0.02239061
-0.03998823
-0.02785569
0.00347447
0.04293091
-0.03792673
-0.04367482
-0.02049138
0.01469296
0.00210962
0.00472594
-0.02513403
0.01202153
-0.00149461
0.01348523
-0.00053591
0.04567519
-0.03307538
-0.00645655
0.00955361
0.02712613
-0.04735872
-0.02838931
0.04113818
0.02197209
0.03230760
0.02945420
0.04529991
-0.00097196
-0.01386886
0.00877907
-0.00086180
0.03146410
0.01900475
-0.02189588
0.02385951
0.00534288
-0.01623999
0.01071469
0.02299425
0.04371834
0.02027199
0.04804339
0.01397255
-0.04569865
0.04655555
-0.00903136
0.00548209
-0.04375142
-0.01758919
-0.03735760
-0.02090400
0.03660631
-0.00058803
-0.00662012
-0.01751360
0.02487046
-0.04902901
0.03931623
-0.04098669
0.01937932
0.01543316
0.00545150
0.01476258
0.01650855
0.02042808
-0.02223644
-0.01348255
0.03784492
-0.04897971
-0.03720542
-0.02984305
-0.04381758
0.00485203
0.03714245
0.02310210
0.00034809
0.03716012
-0.04770638
-0.00753432
-0.02490633
0.01890726
0.03297761
-0.03740083
0.00676581
0.00635766
0.04032639
0.04161827
0.03016907
-0.01051037
0.02604268
-0.04764539
0.00196602
0.01685324
0.01234962
-0.04668070
0.04884683
0.03913825
-0.01887620
-0.02884351
0.00795920
-0.00225616
0.01413902
-0.03513346
0.04233282
-0.00448454
-0.04908489
-0.03647126
0.04301586
0.01293976
0.03063070
0.00860844
-0.03793218
-0.00892373
-0.03502869
0.03347225
-0.03971419
0.01511443
-0.01383492
0.00038452
0.04813316
-0.04127827
0.04135810
0.04819202
0.04312282
-0.04115490
-0.02498006
-0.01780820
-0.03574087
-0.04693321
-0.04178708
-0.03445593
-0.03987809
0.02538032
-0.04963885
-0.02462696
0.03361879
-0.04219880
0.01348677
0.01297387
0.04063360
0.00459231
0.01705686
-0.00757055
-0.02033287
0.02572235
-0.03613361
-0.02311074
-0.04834224
-0.01411406
0.02567622
-0.03843601
0.00830368
-0.00118124
0.01992773
-0.04253883
0.01483436
0.02500158
-0.03210522
0.00477262
0.04299355
0.00418904
0.03363064
0.03437573
0.03537915
-0.02817673
0.04038789
0.00051422
0.04929577
0.03380451
-0.03686525
0.02361641
-0.04276769
-0.04463840
-0.02510043
-0.01875104
0.03362761
0.01287660
-0.03258400
0.04151189
0.01977349
0.02675718
0.04044154
-0.01084218
0.03092580
-0.01103858
-0.01375222
-0.03243663
-0.00108433
0.02835350
0.02540702
0.01594176
-0.04028881
-0.03034595
-0.02067338
0.02926143
-0.03169976
0.00301496
0.01268823
0.04121210
0.01232357
-0.02453755
-0.04729228
0.01454176
-0.00078450
-0.02849185
-0.01945867
-0.00864085
-0.04701953
0.04535753
-0.00005181
-0.01293741
0.00330624
0.02417754
-0.00287579
0.01788303
0.04941437
-0.02135971
-0.01896467
0.03889130
-0.00809867
0.04986037
-0.00585993
0.03990805
0.01635911
0.00420077
-0.04849757
0.04361778
0.04963563
0.00115298
-0.00372726
0.00183341
-0.00850141
-0.04575431
-0.03954796
-0.00281162
0.02025920
-0.01329988
-0.00085203
0.04776182
0.01571518
0.00931644
0.01770708
-0.01139144
0.00841860
0.03116457
0.03585144
0.03435712
-0.00151184
0.02361838
-0.00317029
0.02445809
0.02879306
-0.00441756
0.04293299
0.02899863
0.00687955
0.04324665
0.04365518
-0.01131516
0.03430467
0.04505092
-0.00487106
-0.01738393
-0.04693936
0.03403341
-0.00852832
-0.04009071
-0.04382252
0.02369774
0.02044899
0.02514378
0.04890375
0.02282345
0.02380921
-0.00591767
0.04577129
-0.01493832
-0.01042358
0.03644549
-0.00914216
0.02634037
0.03742179
-0.02166470
-0.03939875
0.01572506
-0.00005703
0.01113409
0.00099238
0.02181502
-0.03658880
0.02093543
0.03830460
0.01693622
0.00154197
0.04952541
-0.00989469
-0.00995112
0.00417602
0.02477663
0.03889951
-0.01910456
-0.01932780
-0.04121569
-0.04797991
-0.00335632
-0.03479996
-0.01569328
0.01498513
-0.02327484
0.01035559
-0.04750123
0.00511640
0.04614853
0.02957930
0.04200311
-0.00574756
0.02775774
0.02104907
0.03681702
-0.02364331
-0.02672522
-0.03807987
-0.02259394
0.01408420
0.00377104
0.01576767
0.00416518
0.01386579
0.01369760
-0.00271491
0.02739822
-0.03999116
-0.03692491
-0.03221565
-0.02092301
0.01624228
-0.03324021
0.02154334
-0.03969282
-0.00543290
0.04251770
-0.02829692
0.03061934
-0.00849372
-0.01182787
0.03918966
0.00346208
0.02765734
0.03216606
0.03774427
-0.01750382
0.02343083
0.04423392
-0.03797586
0.03465770
0.02024940
-0.01402905
0.01346975
-0.02557500
0.00186406
0.02558415
-0.00597941
-0.02511104
-0.03606600
-0.03884807
-0.03026666
-0.00703686
-0.00247670
0.00105896
-0.04511632
-0.00093306
0.03855006
0.00560909
-0.04237736
0.02967612
-0.04236308
-0.03237938
-0.03885993
-0.00929546
0.03688404
0.01290770
0.02231989
0.02032792
0.02540751
0.02396930
-0.03373405
-0.04411852
-0.00912928
0.03454569
-0.02887119
-0.02090900
-0.02950000
-0.03715984
0.00471770
-0.00628174
0.04830628
0.02240137
0.00436582
0.02764919
-0.00611167
-0.00711310
0.01608042
-0.03158244
0.04494688
-0.04591751
0.04162111
-0.03188532
-0.04039072
0.03542339
0.01103511
0.00191135
-0.01244654
-0.01134676
0.00957617
0.04978471
0.00752663
0.04708119
0.00897242
0.01631553
-0.01705047
0.03352016
-0.03086062
0.02863236
-0.02235672
0.01720466
-0.04402611
0.03414961
-0.02812453
-0.02957125
-0.01614988
0.04354928
-0.03124274
0.04424188
0.03116006
0.04639441
0.04674374
-0.01008242
0.00198718
0.04418612
0.00160439
0.03785931
0.01782086
0.04493537
-0.02276336
0.00062821
0.02845936
0.02644501
0.03030553
0.00204623
0.04706173
0.00034201
-0.04254274
0.03992587
-0.03951440
-0.03264746
-0.04587894
-0.04031369
0.02984640
-0.03542129
-0.04156926
-0.00259334
0.02751558
-0.00687712
0.01719239
0.01370606
0.02747994
0.04372344
0.00590933
-0.04009942
0.04180768
0.00240385
0.03653631
-0.01138635
-0.03997224
-0.04976749
0.04866466
-0.00556184
0.01420165
-0.00964110
-0.04420321
-0.04429941
-0.03217650
0.04567990
0.04949254
0.04700627
0.00761080
-0.01697171
0.02434568
-0.00270256
0.03672679
-0.04833664
0.04128351
0.03549988
0.00491091
0.03587158
-0.02386995
0.01660944
0.00424561
0.04709537
-0.01059162
-0.02410733
0.01035116
0.01493492
0.02413838
-0.02675525
0.03441682
-0.03287520
-0.02069292
0.03823546
0.03809381
-0.00661776
0.02353394
-0.01974973
0.00563605
-0.02440717
0.03810174
-0.02168725
-0.04223159
-0.02968388
0.04327498
-0.02641391
-0.01785237
-0.03625438
0.01716812
-0.02963285
-0.04913006
0.01573168
0.03538464
0.00672725
-0.01693697
-0.01104358
0.04184578
-0.03532085
0.01859723
0.03348483
0.04811031
0.03560368
-0.02743669
-0.04092838
-0.00102975
-0.03378184
0.00726788
0.00562044
0.04745222
0.01495415
-0.03475542
0.04426781
-0.03231910
-0.02316527
-0.02399673
0.00803195
-0.03558869
0.02514038
0.00595526
0.04860637
0.02841003
0.01430150
-0.02591208
0.00766542
0.03516863
0.01007922
0.03866892
0.01746827
-0.02188858
-0.03732658
0.02178593
0.00186033
-0.01961854
-0.04897224
-0.01542495
-0.00499916
-0.04321709
-0.03922777
0.04087181
-0.02966466
0.02082913
-0.03106637
0.01379489
0.03991980
0.00024368
-0.03896656
-0.02248546
0.01641136
0.02874913
-0.00208575
-0.03386061
0.02198813
0.03799821
0.04596819
0.03606484
-0.04563296
0.03969425
0.02590176
-0.01982071
0.02822760
0.03521352
-0.01308889
0.04965218
0.00089257
-0.03230396
0.02335962
-0.04144637
-0.01704212
-0.03198891
0.02639361
0.04497157
-0.01346728
-0.04560487
-0.00015934
-0.04721698
0.03439819
-0.04962775
-0.01589593
-0.04175592
-0.03875195
0.03659926
0.00003580
-0.03138886
-0.03376200
-0.01804536
-0.02724092
-0.03686915
0.02356919
-0.00373511
0.04036082
-0.02836905
-0.04622841
0.03952326
0.03140081
0.02304492
0.01089984
0.04133529
0.00515879
-0.04093859
-0.02338478
-0.00869121
-0.00549405
0.02158435
0.04749089
0.01616822
0.04254813
0.03083204
-0.03182255
0.03799378
-0.03400662
0.01924463
-0.01660037
-0.01694229
0.02930369
-0.03190380
0.00165566
0.03539563
-0.00738952
0.03362587
-0.02560707
0.03690746
0.00932693
0.03316459
0.02392741
-0.04805684
-0.02493874
-0.03383344
-0.04357119
0.00164094
0.02014646
0.04250021
0.01117249
-0.03752413
-0.03434678
0.00782781
0.04953787
0.01116259
0.00495698
0.02709349
0.03002697
-0.02080749
0.00583958
0.03628440
-0.02689680
0.00339653
-0.02437029
-0.01489607
0.01871260
-0.03828634
0.03685141
-0.04007445
-0.00323467
0.00511653
0.02080686
0.00313261
-0.01442062
-0.02862264
-0.04514224
0.03622017
0.02966375
0.04918769
0.01962441
-0.03916607
-0.02458901
-0.03659263
-0.02528974
-0.01329393
0.01542175
0.02862645
0.00239110
0.02391462
-0.00161187
-0.01084739
-0.04287926
-0.03489126
-0.04573490
-0.01383883
-0.00808208
0.00278953
0.01599310
0.02101672
-0.04136348
-0.04830139
-0.01972555
0.04284805
-0.01268990
0.03891301
0.03375237
0.03481473
-0.00012646
0.03180934
0.00649351
0.00461502
-0.01100489
-0.00345412
0.03408318
0.01572403
0.04707820
-0.03758578
-0.03894823
0.04539048
0.00785181
-0.02328538
-0.00149575
0.03291022
-0.01632903
-0.02096917
0.04811649
-0.02950944
0.04249429
-0.04950929
0.02483092
-0.01432651
0.04221362
0.04336609
0.04114767
0.00483300
0.04392109
0.04327468
0.02730031
-0.01215480
-0.03967219
0.00647310
0.03376405
-0.03885308
-0.00582179
0.01097376
-0.02659392
0.02420415
0.00061308
-0.03718301
0.01928578
-0.00104056
-0.01580331
0.02492803
0.00636801
0.01524386
0.02864278
0.03238485
-0.02128393
0.01803005
-0.01823606
0.04939589
-0.01170740
-0.03310545
-0.03107774
-0.02904946
-0.01235488
-0.02821380
-0.00914161
-0.04085479
-0.02475560
0.04632130
0.03735017
-0.04055936
0.00316275
-0.01642423
0.03113701
0.00453649
0.02071301
0.03537081
0.02181913
-0.03640557
0.03448305
0.01532200
-0.04981775
0.01747190
0.00540526
0.03713277
0.01639322
0.00644708
0.00261150
-0.00132198
-0.04425088
-0.03749442
0.00300804
-0.04761489
-0.03871685
0.02539377
-0.04383077
0.01300108
-0.03165883
-0.03959887
0.02862358
-0.02362210
-0.01553831
-0.02200558
-0.01983904
0.03393649
-0.00165334
-0.04693077
-0.04397872
0.03448926
0.00103291
-0.01375823
0.01786404
0.00675020
-0.04529389
-0.02456471
0.04435332
0.01800070
0.00359874
-0.02875326
-0.04289530
-0.03612486
-0.02040510
0.00623401
-0.04638043
0.00177991
0.01649535
0.03031957
-0.03032373
0.00539592
0.03621130
0.04732100
-0.02030150
0.01699490
-0.04060410
-0.03334642
-0.01900817
-0.01364096
0.02128680
-0.04926255
-0.03181324
0.04956983
-0.02519682
-0.04263544
0.01047613
0.03475866
0.00515449
0.02661279
0.03699567
-0.02745382
0.03402778
-0.04777543
0.03640387
-0.03428829
-0.01516908
0.00325037
-0.03103621
-0.04471047
0.01232884
-0.02413715
0.03981721
0.01469700
0.02300639
0.01557381
-0.00389675
0.02418256
-0.02980242
-0.02666598
-0.01078808
-0.04684158
-0.03211964
-0.00996869
-0.03081498
0.01838401
-0.02568714
-0.02845666
0.03543539
0.04221969
-0.00660003
0.01248707
0.02720541
0.02208209
-0.03892617
-0.02939195
0.00247791
0.02383699
-0.02239069
0.03950518
-0.00710027
0.01431673
0.01823923
0.03335784
-0.02553107
-0.03171417
0.04303170
-0.02786422
-0.01222595
0.03003463
0.00483758
-0.03209585
-0.01678859
-0.02068444
-0.01720909
0.02246576
0.01289296
0.01211711
-0.04333394
0.02278833
0.04546619
0.02769581
-0.02109763
-0.00480171
-0.01056019
0.01849225
0.01997744
-0.04528508
-0.04541244
-0.01302486
0.04534300
-0.02418789
0.03742716
0.00163370
0.01408102
0.02709767
-0.03401191
-0.00250938
0.04679597
0.00937596
0.04520319
0.00166775
-0.03107958
0.00029522
0.00504461
0.00201632
-0.02736462
0.03485165
0.03860629
0.00372585
0.02949783
-0.02020495
0.04712569
-0.02331957
0.00808620
0.01690974
-0.04846605
0.04156516
-0.04347017
0.04561488
-0.01146662
-0.01711447
-0.03562597
-0.03573311
-0.04066440
0.04880568
-0.00001380
-0.04058593
-0.00704000
0.00055672
-0.04668354
0.04097667
0.00386886
0.04349556
0.02086548
0.01259734
0.01080123
0.01608287
-0.02915467
0.03407187
-0.00681641
0.01708103
0.02949993
-0.02915843
-0.03160158
-0.01583873
-0.01792242
0.02025644
-0.01822321
-0.01173010
0.01594378
-0.02402254
0.00110883
-0.04681839
-0.00860188
-0.04796711
0.02096694
-0.02783961
-0.04716472
0.02226680
-0.01459480
-0.02382950
-0.04815375
-0.01567600
0.02881278
0.00065704
-0.00563481
0.03984016
-0.02001388
0.01791733
0.01663828
0.03014745
0.00138866
-0.02266408
0.03279614
-0.04206948
0.04249581
-0.00967954
0.02817979
0.01943211
-0.00012706
-0.01751664
0.02157521
0.04929515
0.03791845
0.02328867
0.04802126
-0.04793876
-0.03044805
0.00368013
0.03566595
0.04966569
0.04807411
-0.00391441
0.02708339
-0.03489784
-0.04561237
-0.04010294
-0.03792438
-0.03951995
-0.01389475
0.00628400
-0.04174006
0.04411604
0.01521303
0.01707222
0.00855666
-0.01766522
-0.00018594
-0.00712194
0.04037149
-0.01002875
-0.00978644
0.00448820
0.03718573
0.03834505
0.02992576
-0.04484514
0.01716718
0.01063852
-0.00501972
0.03750569
-0.01116183
-0.01590102
-0.02387407
-0.00438146
-0.00744751
0.03226009
-0.02360808
-0.04214907
0.00437218
-0.00935294
0.00589722
0.01500335
-0.02918674
0.00368831
-0.03164971
-0.01643397
0.02944345
-0.00225177
-0.04598210
0.00168197
0.03211689
0.00443951
0.02268730
-0.03313181
0.00071067
0.04503583
0.00210591
-0.04095787
-0.03955881
-0.00262476
-0.04466144
-0.01421434
-0.00514123
-0.04969509
0.01906343
0.01573247
-0.03651643
0.02476444
-0.02023349
-0.04349020
-0.02482766
0.03809257
0.01140816
-0.01719588
-0.00111660
0.04183365
-0.00220266
0.03147796
0.01639262
0.00748933
0.00271759
-0.00790060
0.02508287
0.02857355
-0.00162874
-0.04300361
0.04416106
-0.04389873
-0.04767609
0.02263667
0.00706947
0.01726927
0.03539934
-0.00724338
-0.00818753
0.02331944
0.00796596
-0.02819803
-0.04298021
0.02517152
0.03569629
-0.04730218
-0.01542911
-0.03224845
0.04689392
0.03340317
-0.03740657
0.00682585
0.01029747
0.04506393
-0.02447662
0.00960234
0.02273159
-0.04249887
-0.01226632
-0.01611823
-0.00584787
-0.00523588
-0.01598449
0.02887017
0.02751142
-0.04745942
0.03928020
-0.03804214
-0.03594600
0.04794154
0.02934465
0.01226850
-0.00867256
0.03334774
0.03022802
0.04037485
0.01712004
-0.04953253
0.01670454
0.02565738
-0.03831543
0.00680119
-0.04078637
0.04689375
0.02884686
0.04734878
-0.01447947
-0.04371356
0.01287163
0.00594108
0.02093209
-0.00464954
0.03493302
-0.02652777
-0.02941417
0.01609918
0.00804010
-0.04881487
-0.00467584
0.04033002
0.01282878
0.01805599
0.02129565
-0.00524599
-0.03749358
-0.03505039
-0.04119289
0.03683923
-0.00667827
0.03523455
0.01245380
-0.02578761
0.00032697
0.01401198
0.04587767
-0.01398612
-0.00599527
-0.04487418
-0.02862434
-0.03014360
-0.02966407
-0.04014812
0.01006021
0.03263434
0.02610056
0.04437227
0.04314853
-0.02977414
0.00293951
0.04577140
-0.01870856
0.02199995
-0.02812258
0.04579057
-0.02097315
-0.04171877
-0.00630480
-0.00567704
-0.01470161
-0.00289066
-0.00653608
0.03834913
-0.04748221
0.02043726
-0.00002741
-0.00789908
-0.00570453
0.02115132
-0.03287952
0.04318498
-0.03729269
0.02020496
-0.02820899
0.03817704
-0.00187533
-0.04201765
-0.04717096
-0.00233287
-0.01296585
-0.01645755
0.00755812
0.02786772
-0.02449261
-0.03957882
-0.00075512
0.02060993
-0.01262923
-0.03428281
-0.01832159
0.03674510
0.04836876
0.00384159
-0.00258625
0.00351726
0.01841180
0.04583760
0.04627348
0.02419639
0.01103018
0.02738243
-0.04753606
-0.01849779
-0.01795144
-0.04028125
0.03110476
0.04220770
-0.03882508
-0.04147056
0.00571203
0.01322459
-0.03708927
-0.01886187
-0.03463129
0.01984419
0.03646931
-0.01002338
-0.04247215
-0.02258814
0.04363864
-0.04831986
0.01252818
0.00575718
0.02243159
0.04346110
0.01470621
-0.03761204
0.03103304
-0.03798412
0.04489855
-0.02874988
0.03652378
-0.00823914
-0.01140613
-0.00064149
0.02869222
-0.04114112
0.04242956
-0.03214826
-0.03814638
0.04957451
-0.02474764
0.01813157
0.01953055
-0.03090309
-0.01534756
0.04211034
0.02195574
0.00523723
0.00916672
0.01282201
-0.00687472
-0.02998554
0.00345517
0.01136357
-0.02600356
-0.02422867
0.03874421
-0.04796294
0.04262725
-0.03754923
0.03816323
0.04390198
-0.04311304
0.02074004
-0.00217713
0.04612361
-0.00648817
0.03660278
0.04527478
0.00038904
0.03136087
0.02940122
-0.01771383
0.02352627
0.03800835
0.00328212
0.02900396
0.03603655
0.04025253
0.03015938
-0.00167076
-0.04599160
0.02783252
0.01986488
-0.03344321
-0.04563234
-0.04458795
-0.00002192
0.00363173
-0.03182059
-0.00022975
-0.02951283
0.03587310
-0.02681843
0.02809092
-0.04953782
0.01936027
0.03067296
0.00124777
0.00207583
-0.02591732
-0.00447169
0.01543404
0.00430418
0.00135086
-0.00813756
0.01084400
0.03324033
-0.03398310
0.03928201
-0.04355682
0.03963340
0.04047245
0.00060059
-0.04613259
-0.01550215
0.04084465
-0.02938375
-0.00010862
0.02292309
0.03059362
-0.02556774
0.02918154
0.01533850
0.04793939
0.01089725
0.04729710
-0.03575836
-0.00679094
-0.03082016
-0.03395429
-0.00864689
-0.04162531
0.00392417
0.03076935
0.04860466
0.04023623
0.00126650
0.02791931
0.00224092
0.03618450
0.04718616
-0.01660573
0.00121854
0.02624070
-0.04131543
0.02028719
0.02962464
-0.01663276
0.03566805
0.00616775
0.01285756
-0.01832768
-0.01792405
-0.03910236
-0.03047219
0.04330730
-0.04607245
-0.02329084
-0.03795289
-0.02763557
-0.00172198
0.02265993
-0.00048525
0.04337478
-0.02501822
-0.04162628
-0.03742042
-0.01903958
0.01307288
-0.00877524
0.02814142
-0.00361740
0.02682227
0.01222037
-0.04512900
-0.01679571
-0.01322433
-0.03675571
0.00220546
0.03696557
0.02826881
-0.02871315
-0.03420929
-0.01794693
0.00395890
-0.01508496
-0.04788367
0.03784720
-0.01947035
0.03979746
-0.03425217
-0.00232690
-0.00242521
0.01524942
-0.03349137
0.03001532
0.03758454
-0.02641515
-0.00612303
0.01092286
0.00057770
-0.01907369
-0.03094040
-0.04347350
-0.00056360
0.03020597
0.03718083
0.00588839
0.01575600
0.00322662
-0.02173780
0.03235956
0.01465139
0.04894388
0.02535137
0.01865123
-0.03473624
0.01662805
0.01051048
-0.03858238
0.01789043
0.04540011
0.00958755
0.03617479
0.03645531
0.02430233
-0.03037844
-0.02054034
-0.03184338
-0.04283959
0.01030347
-0.00869682
0.04823121
-0.02672165
-0.02060455
0.00241939
-0.03269815
-0.01004335
-0.03201004
-0.02244834
0.02460821
0.03361350
-0.04080060
0.04039750
-0.02580404
-0.02519527
0.01744935
0.03862960
-0.04364586
0.02390858
-0.00508168
-0.03542869
0.00500282
0.00555910
-0.04511091
-0.01263564
0.03959464
-0.02418998
-0.02967040
0.04684661
-0.04216208
0.04357146
-0.04043253
0.04827493
0.04193543
-0.03590386
-0.04247014
-0.02510596
-0.03861053
0.04338284
0.04340800
0.03304059
0.02203703
0.03582896
0.03383145
-0.01738872
0.00538938
-0.02294097
0.03653672
-0.00957350
0.04057497
0.01553423
-0.03731455
0.01937710
0.04284661
0.04638858
-0.00058235
0.02320603
-0.01931551
0.00143881
-0.00170291
-0.00803715
-0.01551633
-0.04876999
-0.00702189
0.01384263
-0.00268682
0.03429768
-0.01965222
-0.03520629
0.01499574
0.02955114
0.00741727
-0.00050184
-0.00962082
-0.03840157
0.02076401
0.02352857
-0.02027168
-0.03320652
-0.04092127
0.00989156
0.02287473
0.02791561
0.03821109
-0.00499432
0.00628633
-0.00750714
-0.03256103
-0.04756469
0.01485156
-0.02969846
-0.02880358
-0.04002377
-0.03725717
-0.00576082
0.03825648
0.01890459
-0.04319297
0.00911159
0.04074985
-0.01204418
-0.04461677
0.03833717
-0.04243577
0.00429996
-0.03693625
0.04228721
0.04703089
0.04639400
0.01875538
0.04570572
-0.01338939
0.04713526
0.02212942
0.00798904
-0.04385248
-0.04754475
-0.02357640
0.02264480
0.00292765
0.04195178
-0.00803946
-0.02929505
-0.01403782
0.04420855
-0.03361423
0.01621989
-0.01869339
-0.03194476
0.01392166
0.02886751
-0.04675548
0.03164005
0.04242694
-0.04124778
-0.04524941
0.02271014
-0.03114277
-0.01643872
-0.04493134
0.00451258
0.02514300
0.03254442
0.00893310
-0.01599856
-0.03933753
-0.01793231
0.02892651
0.02249978
-0.04943575
0.04602935
-0.01476420
0.03653949
0.03704287
0.03216282
0.02412349
-0.00012702
-0.03158396
-0.01874932
0.04485269
0.01117527
0.04458614
-0.01203330
-0.03938245
0.00917487
-0.01881159
-0.01232430
-0.02267766
-0.03329292
0.02558034
0.02557374
-0.01036465
0.01657681
0.02503287
-0.04119200
-0.01744107
0.03591695
-0.01031504
-0.00964987
-0.04928029
0.04605345
-0.03677649
-0.03336979
-0.04107440
0.00026430
0.03153223
0.03530087
-0.03792295
0.03064100
0.00096855
0.00856182
-0.01130551
-0.04078059
0.02374292
0.04677406
0.01620656
0.02171703
0.03297900
0.00548161
-0.04201045
0.03393060
0.02415666
-0.03218197
0.00261474
0.03599734
0.01194494
0.00245208
-0.04050992
0.02818808
0.03036556
-0.01844097
0.00346606
0.01774755
-0.03358930
-0.01844406
0.00179259
-0.01173683
0.01728188
0.03815694
0.02179390
-0.04114275
-0.03204872
0.03924640
0.02238100
0.00558783
0.01508795
0.04170388
0.01428944
0.00354619
-0.00333922
-0.01097701
0.04549854
-0.03444102
-0.00139628
-0.01879105
0.02666685
0.00794370
0.04364616
-0.02396012
0.04893247
0.01567454
-0.02436782
0.03383314
0.03300344
-0.04546679
-0.00813682
-0.00734293
0.00777516
0.02466921
-0.03087831
-0.03831660
-0.03233323
0.04079697
-0.04393435
-0.00554616
-0.03240825
-0.01711293
0.02561171
-0.04148609
-0.01241817
0.04757457
0.01398272
-0.04645413
-0.04615967
0.02583025
0.04152252
-0.01290336
-0.02423852
-0.02518164
0.03015618
0.04319007
0.02408503
0.04468866
0.03089223
-0.02451070
-0.02882556
0.04147363
0.04452682
0.00966501
0.00006004
-0.04776482
0.01634961
-0.04829033
-0.03357464
-0.04481788
-0.01076810
0.00653117
-0.04106130
-0.04986625
-0.04063250
-0.03272355
0.00503297
0.04841043
-0.01057265
0.04078193
-0.00532202
0.02617332
0.00971764
0.03964110
0.02616387
0.03463981
-0.03717002
0.02465610
0.01760167
0.04912162
-0.04300111
0.00256108
0.01296309
0.02508764
0.03604855
-0.04101694
-0.02818226
0.02841088
-0.01277918
0.03740708
0.01096202
0.03228915
0.00202645
-0.02735041
-0.04183245
-0.00820689
0.03225667
0.02641167
-0.04851159
-0.01832758
-0.01649220
-0.00759904
-0.04334372
-0.01353269
0.02627341
-0.00547833
-0.03536121
-0.03345855
0.03841804
0.03090923
0.00990194
0.02321207
0.01084804
0.04451421
-0.01424913
-0.04466920
0.01277159
0.02786500
0.00715768
0.03495718
0.04000371
0.03516197
-0.04148577
0.01826964
0.04607024
-0.04685773
0.00886680
-0.03734182
-0.04634426
-0.04357829
-0.01423023
0.03870312
-0.03496544
-0.04254176
0.00708112
-0.03968612
0.02042323
0.02901752
0.01692694
0.02271006
0.03906838
-0.01906367
-0.00473990
-0.00926391
0.03728513
-0.02472442
-0.02810596
-0.04898040
-0.02463540
0.01268468
0.04099226
-0.03131599
-0.04151038
0.01094577
-0.00469866
-0.03709428
0.01975724
0.04415848
-0.00835501
-0.02459767
-0.00222344
0.02144289
-0.01585881
0.01198260
0.04724832
-0.01612171
-0.01633125
-0.01088549
-0.02823608
0.00981074
0.02244152
-0.01127585
0.00975062
-0.02658252
0.01009839
0.01865442
0.02681857
-0.00259139
-0.02523785
-0.03273100
0.02415325
-0.04907583
0.01880825
-0.01950586
-0.04984593
-0.02253874
0.03386363
-0.04693723
-0.04855911
0.00138924
-0.00485971
-0.03149773
-0.03489188
0.02938028
-0.00858621
-0.03228776
-0.02097166
-0.04233904
-0.01430934
-0.00898372
-0.04575398
0.03969130
0.02949433
0.02070580
-0.02564718
0.03824147
-0.03160697
0.00343310
-0.02949462
0.04270642
0.02014970
0.01305815
0.01405982
0.00520433
-0.00876288
0.01677028
0.01750964
-0.01842995
-0.02408602
0.01733972
-0.04744932
-0.00628013
0.03329160
-0.03003484
-0.04455452
0.01610890
-0.02681556
0.03976496
0.01961713
0.03730565
0.03370850
-0.00947568
-0.04004667
0.01430624
0.04765084
0.00822684
0.01764002
-0.04660475
0.00226258
-0.03371843
0.02411332
0.00462474
-0.02542316
0.03743095
0.01396277
-0.04536385
0.03590098
-0.01222693
-0.04025194
-0.04745482
-0.02158144
-0.01019478
0.02794692
-0.00023786
0.02290285
-0.00172245
0.00048523
0.01376887
0.01654246
-0.01057562
-0.03372420
-0.02108344
0.01058064
-0.01150001
-0.00325246
-0.01036496
-0.04015434
-0.00609522
0.02715690
0.01522109
0.00387871
-0.00587498
0.01421457
0.01263170
-0.02189902
-0.02552947
0.03197466
-0.03493042
-0.03347956
-0.03204880
-0.01189631
-0.01094536
-0.02518360
0.01315650
0.04551571
0.04845247
0.01057961
-0.04911237
-0.04082751
0.03339062
-0.01728711
-0.01449172
-0.03206261
-0.01881364
0.03983028
-0.04814827
-0.00858481
0.02440422
0.01170139
-0.00633350
0.02395472
0.03775087
-0.03014462
-0.02845742
0.04903688
-0.04036418
0.00182830
-0.02054635
-0.00509031
0.02376367
-0.02201889
-0.04628999
0.03538261
0.03714377
-0.01079646
0.03528836
-0.03955088
0.04659622
-0.01125287
-0.00544408
0.03322877
-0.02072067
-0.03463602
0.03941014
0.00508785
-0.03618601
0.00908153
-0.01630205
-0.01932714
0.01326658
0.03270191
-0.04646686
0.03606670
-0.01755309
-0.03799723
0.00217548
-0.04468731
-0.03812807
0.01285548
-0.03889034
0.02827851
0.00205440
0.04542604
-0.00976970
-0.02681288
0.01278599
0.03291722
-0.04785113
0.00053094
-0.01135860
0.01701504
-0.00038378
-0.00872677
0.01575930
0.04237061
0.01084059
0.01596387
-0.04819422
0.04111898
-0.02448303
-0.00188076
0.02305087
-0.00869734
0.00290653
-0.02754174
0.03960383
0.03847151
-0.02441423
-0.04344920
-0.01220114
-0.03246598
-0.00567859
0.03005104
-0.01617876
0.00159945
-0.00681099
-0.00098115
-0.04586036
-0.02960477
-0.04778414
0.02672152
0.02967631
0.00249093
-0.04006968
0.02837227
-0.03885363
0.00974292
0.01897854
0.03468104
0.01446648
0.03683835
0.04412034
-0.00820347
0.00847750
0.03710398
0.02276077
-0.00234467
0.00243450
-0.04417371
-0.03604602
0.01398305
0.04055528
0.01063825
-0.02176897
-0.03491813
0.00942120
0.01424313
-0.03443850
0.04788269
-0.04681555
0.02506269
-0.03775851
-0.04900077
-0.04747843
-0.01760719
0.03502367
-0.00588387
-0.03418244
-0.00361919
0.02702435
0.02591945
0.04752444
-0.00751666
-0.03059966
0.02771500
0.01807334
0.02950353
-0.03024932
-0.03209158
0.03974230
-0.04272853
-0.04294534
-0.03106692
0.04869594
0.00336119
0.02416369
-0.04353993
-0.01965616
-0.00518977
0.02785760
0.02728811
0.01692747
0.04385547
-0.03581996
-0.02436749
-0.04372664
0.03886323
0.01134463
-0.00057988
0.03931796
0.04554331
-0.01785379
-0.01230979
0.03557178
0.03937202
0.02408477
-0.00484433
-0.00300879
0.04084817
-0.02051174
0.04850131
0.04354383
0.04337446
-0.01273960
0.00013808
0.00524575
-0.03088009
0.01237474
-0.04114760
-0.01164478
-0.00912611
0.02723404
-0.00368226
0.03011910
-0.01895851
0.03169908
-0.03814474
0.01533186
-0.00499385
0.02291139
-0.04239472
-0.03861531
-0.00733129
0.01991497
0.00843458
0.03274349
-0.03441083
-0.00684335
-0.04589519
-0.04883634
-0.03546600
0.01126747
0.02913297
-0.01172607
0.02864409
0.03211624
0.00610750
0.00372321
0.04661264
-0.00229445
0.01159465
-0.04340782
-0.04690891
-0.04158212
-0.00777753
-0.02866716
-0.00823777
-0.03166253
-0.02655124
0.03431267
0.02583409
-0.03729744
0.01234336
0.01028897
-0.04006850
0.04925257
0.03149426
-0.04171699
0.03314288
0.03733923
0.02125192
-0.02388052
0.04865306
-0.01410876
0.00425214
-0.01957128
-0.00462084
-0.01118505
-0.00008380
0.01082484
0.00226880
0.00061631
0.04088759
0.00146182
0.02373495
0.04813144
-0.02282146
0.04616043
0.02032646
0.02638637
0.02644032
-0.01120177
-0.00842259
-0.03714560
-0.04706131
0.01307597
0.01141857
0.04478484
0.02728383
0.04675590
0.02262759
-0.01458946
0.04921825
-0.00712240
-0.00724754
0.02486573
-0.02055291
0.02718334
-0.01792847
-0.04177402
0.02395381
0.01872914
0.04642298
0.01014088
0.00278670
-0.02464136
-0.00457928
-0.00422386
-0.01225676
0.01094485
-0.00378340
-0.00205068
-0.02153294
-0.02863591
-0.04282579
0.04089411
-0.00529495
-0.02259640
-0.02374587
-0.02739351
-0.00664434
-0.02758021
0.00582051
0.04967615
0.02420507
0.04170105
0.04183443
-0.03185080
-0.01985965
0.03459566
-0.04520670
0.02432692
-0.03419106
0.04203969
-0.01973931
-0.03899743
0.00515290
0.04136270
-0.04400945
0.03017209
-0.04467721
-0.01371747
-0.01527036
0.00655479
-0.00024481
0.01496771
-0.00523917
-0.03104473
0.03626667
-0.03772360
-0.02507552
-0.00948733
0.04298864
0.04984365
0.01349249
-0.03627884
-0.00203611
-0.02215647
0.02370754
-0.02234703
0.01828516
-0.03473410
0.00818917
0.00583500
-0.00008568
-0.04675664
0.03957245
-0.00234870
0.02249092
0.04276615
0.00518561
-0.01170930
0.04330836
0.03299853
-0.03531803
0.01049999
0.04772867
-0.04365877
0.02472179
0.03246926
0.04584924
-0.03503339
-0.03052762
0.04904133
0.00127566
0.00269408
0.00230385
0.03661174
0.01187024
-0.02972465
0.01467308
0.03088812
0.01648553
-0.02988122
0.00757244
-0.00742748
0.03443108
-0.00598324
0.03333902
0.03442923
0.03783084
0.00656336
0.01949102
0.03035188
0.04668046
-0.03561921
0.00423906
-0.02619338
-0.01513278
0.02137933
0.04222031
0.04417927
0.03202447
0.01365267
-0.04044860
-0.02672821
0.04683881
0.00548889
0.00633412
0.04164774
0.01051898
-0.01714818
0.03136425
-0.02342623
-0.04888855
0.01427285
-0.04026201
-0.00593822
0.04708467
-0.01161497
0.02649219
0.00577743
0.00689272
0.03694661
0.03747644
0.02603175
0.04360331
0.01192986
-0.01413642
0.03200025
0.00915247
0.01520418
-0.04328490
-0.02640960
-0.01112907
0.04221206
-0.01983474
0.01778492
-0.00191532
-0.04473681
0.03010467
0.04771314
-0.00117434
-0.01662302
-0.01922179
0.01432598
0.02324152
-0.01328575
-0.02001610
0.01099273
0.02192747
-0.02928747
-0.03450279
0.01381503
-0.03635984
0.00187996
-0.01415025
-0.00361457
0.02015688
0.02231266
-0.02175572
0.02526231
-0.00650165
0.00024916
-0.01416976
-0.01076631
-0.01667549
-0.03635106
0.01197374
-0.04791195
0.04285552
0.02143189
-0.00495454
0.04231856
0.01297397
0.02788628
0.00460436
-0.02666893
-0.01479643
0.03276783
0.01439463
-0.01019923
-0.04586040
-0.01825994
0.01922631
0.00688127
0.00268489
0.04703695
0.03825944
-0.02211115
-0.01924702
-0.03579586
0.02915217
0.03080219
-0.04924279
-0.00504903
0.00006686
0.03030801
-0.03516152
0.01600140
0.03826632
0.00897593
0.03227603
0.02366671
-0.01061199
0.00383612
-0.04308969
-0.00697216
-0.00756430
0.03974760
-0.04988207
0.04896887
0.00009462
-0.00785935
0.03731474
-0.03483453
-0.04887450
0.04284776
-0.03466046
-0.00551946
-0.02324829
-0.03615068
0.03102972
-0.04386906
0.01942409
-0.04733127
0.03471014
0.04428717
-0.03399209
0.00959292
0.01837665
0.00704997
-0.01956110
0.04565878
-0.00624204
-0.03678826
-0.04857923
-0.03133767
0.02451752
-0.03620809
0.02812082
0.00799664
-0.02967106
0.01802779
0.03944231
0.03282658
0.03711122
-0.01966262
-0.04215571
0.03732136
-0.01808714
0.04541037
0.00009826
0.00612711
-0.04822692
0.04398365
-0.00472349
0.03619491
-0.00005964
-0.02242759
-0.02604560
0.00371566
0.03058580
0.02666513
-0.00685211
0.04848948
0.02920640
0.00874954
0.03730698
0.01455405
-0.02802383
-0.03000603
-0.00245833
0.01752915
0.04350913
-0.04251008
0.03792964
0.00750206
-0.01826382
0.03463341
0.03406129
-0.02619420
-0.01447781
0.00458837
-0.01460308
-0.00770513
-0.03595143
0.01759028
0.00171821
0.04312642
-0.00717962
-0.00539622
-0.03114271
0.04533196
0.00991004
0.04695375
-0.00862167
0.03628546
-0.01052959
-0.00564911
-0.02762811
-0.02304417
-0.00308382
-0.03996094
-0.00612448
-0.00411071
0.04184357
0.01010666
-0.02296748
0.02579304
0.04190999
-0.00902776
0.01538839
0.03274418
-0.02897323
0.04342619
0.00688055
0.03469282
-0.03967839
0.02808734
0.01197535
-0.03634011
0.02768948
-0.03785326
0.03098686
-0.04942300
-0.04437297
-0.01664774
-0.03345419
-0.04982826
-0.03580395
-0.04947311
-0.02915924
0.03278314
0.01272787
-0.02056087
-0.03251474
0.00698850
0.01167756
-0.04542061
0.01365762
0.02365675
0.02816104
0.00845433
0.04900150
0.00033327
-0.01142286
0.02889058
-0.03682005
-0.00572837
-0.03201433
0.03234328
-0.01826336
0.03934593
0.03732025
-0.02150641
0.03709440
-0.01030701
0.01502619
0.01720224
0.00068710
0.01566898
-0.02059012
-0.04415057
-0.00967799
0.00552382
0.02638905
0.02489601
-0.02852490
-0.02485753
0.01860980
-0.00384126
-0.03398993
0.04250717
-0.03735424
0.02173812
0.04832558
-0.03583927
0.03905122
-0.01504591
-0.01477131
0.00554998
0.03781892
0.03720324
0.03699949
-0.02931491
-0.01948120
-0.02238744
0.01587727
0.03241792
-0.04269016
-0.00510959
-0.01122628
-0.04002934
0.04563187
0.02600409
-0.02852874
0.00521219
-0.02797415
-0.00321766
0.00938097
-0.00124485
0.00727479
0.04015933
0.04221389
-0.04894374
-0.01416781
0.04826583
0.03064474
0.03477455
0.00742004
-0.02816838
0.00798808
0.00729638
0.01781163
-0.02609215
-0.04721319
-0.02022705
-0.01340331
-0.04235707
0.02178441
-0.03027164
-0.01505046
-0.01324463
0.02407313
0.01895073
-0.04495570
-0.01909121
-0.04963739
0.04119192
0.03580717
0.01064846
0.00206431
0.03731370
0.03293539
0.02837947
0.03483961
0.04653107
0.04806811
0.01292773
-0.03312706
-0.04346899
-0.02167842
0.00141910
-0.01011384
0.03463255
-0.04258144
0.00812132
-0.03940025
0.00965318
0.03476775
0.04999935
0.03836318
-0.04698721
0.03426928
-0.04439333
0.02907431
0.01662550
0.02803090
-0.02261006
0.04775658
0.04910347
0.03309411
0.03341574
0.04395162
0.01924177
-0.03912460
-0.01645960
0.04108679
0.00874411
0.01216369
-0.04339555
0.00578254
0.00055471
0.00428471
0.00941218
-0.04906682
-0.04035563
-0.02234999
0.04502045
0.02872424
0.04807017
0.00436370
0.00504057
-0.01315374
-0.04274866
-0.00656834
0.04691538
0.01739614
-0.00825511
0.02076053
-0.00154456
0.02363278
-0.02594530
0.04703963
-0.01748062
-0.02621725
0.00629145
0.03807137
0.00845563
0.01008342
0.02578178
-0.00761971
-0.02638830
-0.00605046
-0.04155574
0.04495798
0.03117988
-0.03433762
0.00702994
0.04460822
0.03788181
-0.00074395
-0.01719746
-0.04818942
-0.00767366
0.04024818
0.03866937
-0.02550228
-0.01418862
0.01317502
-0.02591780
0.04374171
-0.04208471
-0.01463359
-0.03746961
0.02864962
-0.03873275
-0.04039697
-0.02546436
-0.02373506
-0.04758105
-0.01122536
-0.04889224
-0.04189934
0.00713639
0.02340562
-0.00407546
0.03275693
-0.03699785
0.03785424
-0.02005344
0.04875152
0.04957188
-0.02981923
0.01314993
0.00098664
-0.00800102
-0.04814027
-0.04026536
-0.04208104
-0.01226320
-0.04494984
-0.00194704
0.00326987
0.03084705
-0.03137206
-0.00549807
-0.02215329
-0.01849522
0.04883989
0.04123157
0.01778991
0.02635381
0.03154444
-0.02913591
0.03792782
-0.00619670
0.00302925
-0.00462619
0.01971584
0.02121579
-0.02785462
-0.03364637
-0.04771685
-0.01928321
-0.00098583
0.04063249
0.01497533
-0.02514940
-0.02564675
-0.01676092
-0.03400620
-0.03417224
-0.04709721
-0.01863110
0.02591703
-0.00125315
-0.04099095
-0.00578898
-0.04817779
-0.02573241
0.03174464
0.03241511
-0.03434040
-0.02390654
0.03901128
-0.04642480
0.01904351
0.03307750
-0.00658758
0.03960362
-0.01598652
0.00335317
0.03052285
-0.03935036
0.04990993
0.00443744
0.02160269
0.00399961
-0.00781273
-0.03371302
0.04680865
-0.00836040
-0.02241659
0.00699099
-0.04501161
-0.00227102
0.02492554
-0.01064228
-0.01581725
-0.01108022
0.00096859
-0.00160017
0.02992106
-0.02438037
0.03044301
-0.04885613
0.04716759
-0.01526548
0.02898737
-0.03622425
-0.03461256
-0.03763821
-0.00532505
0.00091578
0.01261362
-0.03709817
-0.02178089
-0.03581374
0.03958490
0.03416920
-0.01913965
0.00686529
0.02702969
0.02346162
-0.02723987
-0.04589057
0.03524917
-0.04101562
0.00049684
-0.02974871
-0.03846148
-0.01852129
0.02067201
-0.03142354
0.00209188
-0.02285488
-0.04965520
0.02989053
0.04735259
0.04786413
-0.03108504
0.02467313
-0.01881853
0.04715881
-0.04422135
0.02193810
-0.03060545
0.03040658
-0.00286796
0.01443217
-0.01986766
0.01653158
-0.03714553
0.02685257
0.00964422
-0.00871389
-0.00838976
0.00376707
-0.04884873
0.03036154
0.04183567
-0.04007594
0.04275696
-0.03225947
0.00421960
-0.04708579
-0.04666339
0.00592320
-0.02124245
0.04827944
-0.03088898
-0.02152375
-0.00570452
-0.04164203
0.04529603
0.03795173
0.01846861
-0.01465128
-0.02824885
0.04436949
0.02484247
0.00227935
-0.00851673
0.01192930
0.03327227
0.00053274
0.02667648
-0.04536373
0.04363261
-0.00024217
0.02538742
0.03111343
-0.02227800
0.04174583
-0.04481201
-0.04639667
-0.03324024
-0.03804808
0.03829569
0.03838425
-0.04125032
-0.01874085
0.02703515
-0.04142815
-0.01741239
0.01534103
-0.01689039
0.04194749
-0.00552853
0.03054858
-0.04143428
-0.00042690
-0.04565473
0.01948865
0.03891148
-0.04428810
-0.03477629
-0.03684464
0.01262979
-0.02046285
0.02534493
0.03328840
0.01643543
-0.02435290
-0.01704740
0.04392143
-0.01691574
0.03256357
0.02143332
0.02249649
0.00027967
-0.03971902
0.01299411
0.00960901
-0.03705879
-0.02818686
0.02991302
-0.02184770
0.01032235
-0.01426033
0.01761621
0.00745620
0.04360576
-0.04642263
-0.01390603
-0.03571501
-0.03735474
-0.01641229
-0.02092767
0.03807098
0.03904004
-0.04096471
-0.00828289
0.04111567
0.03162469
-0.03386158
0.02877925
-0.04901456
0.03597464
-0.01090309
-0.01818137
0.03548153
-0.03003211
0.00045949
0.03806041
0.00709198
0.04749011
0.00309416
0.01191807
-0.01592967
-0.02025119
-0.02915508
-0.03129177
0.01862418
-0.01333673
0.02712088
0.04001778
-0.00463692
-0.04953383
0.04498113
-0.04864682
-0.02710597
-0.03732504
0.01117776
-0.03081719
-0.00985211
-0.02881816
-0.03412721
-0.02898015
-0.02321212
0.00519596
-0.00713730
0.04453526
-0.01439982
-0.03271130
-0.03423415
0.02545875
0.00054890
-0.02535011
-0.01540112
0.01728135
-0.01833097
-0.03171495
0.04111790
-0.01056843
-0.02978040
0.04077002
0.02900149
0.00876402
-0.04673767
-0.03515458
0.01982580
0.00613866
0.00531982
0.01053385
-0.04374813
-0.03603619
0.04017542
-0.01810777
-0.02007402
-0.01753358
0.04134806
0.03626760
-0.01555478
0.00212759
0.03594626
0.00426688
-0.02735420
-0.04213572
0.01836232
-0.01426374
0.02195020
0.02233767
-0.01070935
0.01696047
0.00369407
0.04241714
-0.03951214
-0.00954716
0.03518051
0.04492018
0.04175274
-0.04122813
-0.00898550
-0.02435911
-0.04941518
-0.03501062
0.01444162
-0.04792468
0.01975035
-0.03216356
0.04114782
0.03390511
-0.03910785
-0.00917425
0.04673984
0.02232810
-0.02766703
0.04678287
-0.03627580
-0.03198680
0.04963674
0.04846143
0.01019011
0.03177981
0.03565741
-0.04226626
0.00077094
0.02612827
-0.04812136
0.00614265
-0.01148528
0.04016477
0.02997624
0.00146093
0.03432148
0.00100414
-0.03353918
0.00518746
0.04645697
0.02314585
0.04920923
0.00296598
-0.04494534
-0.02015601
-0.03736437
0.04675996
-0.00654577
0.03124712
-0.02169471
-0.03183096
0.04131523
-0.01053622
0.04827258
-0.04086746
-0.00703706
0.03673071
-0.00563092
0.04208384
-0.04073990
-0.04880686
0.02747725
-0.04822750
0.04798698
0.01285324
-0.02410029
0.03390193
0.01838983
-0.03354112
-0.03212380
-0.03823650
-0.00763091
-0.00941112
0.04283333
0.03602157
-0.03534501
0.03911074
0.03966314
-0.04048967
0.01737191
0.02672465
0.01823532
0.01927400
0.04136968
-0.03495891
-0.01842050
0.00464279
-0.04215347
-0.01104486
0.02677002
0.00227169
0.00528496
-0.02086088
-0.00639451
0.03548025
0.02133984
-0.00897591
0.02740135
-0.02056110
0.03528244
0.03770001
0.01959315
0.00952080
0.00345990
-0.00811411
-0.01721659
-0.02626878
0.01428140
0.00413142
-0.01139136
0.01758824
0.03276432
0.04239674
-0.00048490
0.02102686
0.03078211
-0.00515515
-0.04934984
0.01779460
0.03286162
0.00805518
-0.03204104
0.02395615
0.03921065
-0.00679212
-0.00470625
-0.04822375
-0.02498532
0.00604915
-0.03135111
-0.04188786
-0.01532432
0.03960939
-0.01438967
-0.03890330
-0.01578287
0.00603437
0.01597539
-0.04053774
-0.01961358
-0.00483304
-0.02906923
0.01975007
0.03184959
0.00691520
0.02853648
0.02894964
0.03059233
0.00371234
0.02606387
0.04345792
0.01980706
-0.01672544
0.04431435
0.00931448
-0.01775368
0.04896488
-0.02226890
0.00835430
0.03488081
0.03324046
0.01502274
0.02272251
-0.02569522
0.04124369
-0.03366672
-0.02002591
-0.04895478
0.01477052
0.00221228
0.04213296
-0.03301905
-0.02892254
-0.01793305
0.01559614
0.01188557
0.01973075
0.03781610
0.01961459
-0.02496407
0.03768210
-0.00527004
-0.01599004
-0.03214726
-0.03909866
0.00696456
-0.01537480
-0.01689202
0.03970037
-0.04653984
0.03148405
-0.04717565
0.02883828
0.04467593
0.00613620
0.02190978
0.00669800
0.00251931
-0.04766082
0.03646810
-0.00325594
-0.01043006
0.04682408
-0.01760601
-0.00174338
0.04553318
0.02426935
0.01309285
-0.01027047
-0.01077557
-0.03468595
-0.02893616
0.02072329
0.02158407
0.01572367
0.04470459
0.02423941
-0.00560083
0.01059701
0.02395287
0.02686641
0.01437029
0.00139469
0.03520634
0.00880434
-0.04210314
0.02521845
-0.00880777
-0.01907503
0.04556301
0.01116216
-0.03877441
0.04036983
0.00799652
-0.00995838
-0.03350091
-0.02704629
-0.00201191
0.02538518
0.00618772
-0.04469791
0.02751695
-0.01959115
0.03130308
-0.00191511
-0.01549111
-0.02436182
0.00418966
0.02670921
0.00895969
0.02427352
-0.03583811
0.03399483
-0.04179731
-0.04522317
0.01863290
0.03011917
0.01133648
-0.04302704
-0.02032541
0.03315897
0.02668728
0.00185990
0.04762711
-0.03056818
-0.03446823
0.02329895
0.03519749
0.01059786
-0.02076129
0.02163388
0.01467653
0.01423190
-0.04431020
0.03532821
0.03831045
0.03839285
0.04831567
0.00931893
0.03483316
0.02484615
0.02273104
-0.02255259
-0.01146065
0.04065115
0.02814959
-0.01328591
0.00904501
-0.03902074
0.03737431
0.01317240
0.00141407
-0.02043330
0.02661489
0.01415904
0.02139494
-0.02070004
-0.04513966
0.00816491
-0.04628736
0.00927341
-0.02580977
0.02756475
-0.04751103
-0.02282525
0.03261917
-0.04824181
0.02798226
-0.01408870
-0.02661515
0.01543144
0.00711347
-0.04709728
-0.01283572
0.01079060
-0.00459276
0.02502430
0.02218185
0.03265961
-0.00554875
0.02576262
0.00083131
-0.00717326
-0.04846107
0.01468772
-0.01497483
0.02997598
-0.00589547
0.01086012
0.02191412
0.03441079
-0.02288394
-0.03739870
0.03925426
0.03176659
-0.00463892
0.00472840
0.02075177
0.00613427
0.02895560
-0.03179536
-0.03569345
0.02199604
-0.00108964
-0.00416003
0.04657077
0.02307440
0.04169094
0.04567838
0.03962134
-0.00947574
-0.03089942
0.00531666
-0.00552590
0.01804398
0.01431181
0.04428214
0.00949171
-0.02927880
0.02713250
0.00138223
0.04174410
-0.03402566
-0.03450319
-0.03401255
-0.00089353
0.04192135
0.01170768
-0.04724350
-0.01643088
-0.01719131
0.03727881
-0.01004874
0.03575556
-0.01477811
0.00625561
0.02895111
-0.02458535
-0.01518009
0.02359204
0.04479713
-0.04014179
-0.02456238
-0.03439746
0.01450304
-0.00570064
0.00435198
-0.00228719
-0.01663524
0.04566947
-0.04293099
0.04548541
0.03030751
0.04988916
-0.03737500
0.01248265
0.04173066
0.01485941
0.02112797
-0.03256576
-0.01180778
-0.01431108
-0.04876636
-0.01244792
0.02307324
0.01678050
0.02276991
-0.04840641
0.01630276
0.01363644
0.00096488
0.04060004
0.03271618
-0.03409201
-0.01884826
0.01509237
0.02182009
-0.00941824
-0.01102658
-0.02137152
-0.01913098
0.01265796
0.02281050
0.01478640
-0.00724718
-0.04416867
-0.01871947
0.01449655
-0.01646570
0.02335729
-0.00390787
-0.02210709
0.01854360
0.04387006
0.00359791
0.00587067
-0.02329389
0.04062332
0.04561974
0.04760784
-0.03764936
0.04491650
-0.03319394
-0.00745722
0.00444492
0.02393346
0.01932843
0.00184835
0.02791271
-0.01700896
-0.01920094
0.04227219
0.02558857
0.00156779
0.04390774
-0.04426423
-0.02439913
0.03163825
-0.04109273
-0.00212064
-0.01228253
0.03661552
-0.01881894
0.03199009
0.00328980
-0.03280744
0.04052617
0.02567903
-0.03355678
0.02369661
0.00965222
-0.00153674
0.01749327
-0.04604049
-0.04739191
-0.03984629
-0.01706036
-0.03077820
-0.00175552
0.04068007
0.02422277
0.00289901
0.04639763
-0.03359287
0.01501093
0.03175646
-0.01578147
-0.00974279
0.03687370
-0.00972933
-0.04884698
-0.01999218
-0.03181500
0.04455349
-0.02754628
0.03499387
-0.01432032
0.04251388
0.00157002
-0.04596549
-0.04739977
-0.02680846
0.02349824
-0.00622544
-0.04484845
0.03621051
-0.04203275
0.00833157
-0.01512441
0.00040182
-0.01282322
-0.02385421
0.02098405
-0.00687784
-0.02293090
0.01835887
-0.03306674
-0.03602728
0.02382608
0.01267696
-0.03762682
0.00083496
-0.02835926
-0.04512629
-0.04277920
0.01633524
-0.02833844
-0.00604460
-0.00163491
0.00484859
0.04300768
-0.01975429
-0.03622285
0.02455960
0.03978624
0.04864919
0.04044491
-0.04626681
-0.00011291
-0.00013247
-0.01484224
0.03937811
0.01864061
0.03378532
-0.00650463
-0.00657675
-0.02146895
-0.02599558
-0.03508690
0.01318225
0.03789371
0.03224216
0.02982610
0.01383683
0.04326154
0.00330898
-0.01833746
-0.01320662
-0.00304623
-0.03232504
-0.01404158
0.03824989
-0.03707163
0.00501899
0.04445703
-0.03786303
0.03314369
0.03846698
-0.04108429
0.01926248
0.04681760
-0.02180327
-0.03174949
-0.02704723
-0.04069525
-0.03861949
0.03330631
-0.02411450
0.03222167
-0.03643313
0.00959094
0.03974587
-0.01295824
-0.02167069
0.01620626
0.00657849
0.01314610
-0.00389958
-0.01393815
-0.04044741
-0.03131263
0.02438161
-0.03277892
-0.00324205
0.00759631
0.04401704
0.03827531
-0.02151205
-0.01769493
-0.01231825
0.02348321
-0.03509451
-0.02705564
-0.00005055
0.00786804
0.03848621
-0.00028467
0.02784252
-0.01038318
-0.02087139
-0.01331862
0.02623684
-0.03126423
0.02828008
-0.02990644
0.02373637
0.03329962
-0.00116283
-0.02773508
-0.01135892
-0.02069735
-0.03860243
-0.04873278
0.01488935
-0.04413469
0.04717046
0.04509956
-0.02029403
-0.03208254
0.03078986
0.02073878
-0.00324084
0.04023117
0.00825983
-0.00157558
0.03913588
-0.01599357
0.04780450
0.03417523
0.01032297
0.02364070
0.03166365
-0.03905565
-0.03522541
0.03905251
-0.01509974
-0.01980598
-0.04030835
0.02522486
-0.04052828
-0.02711014
-0.00194105
-0.02406158
-0.01182251
-0.03818996
0.03896195
0.00587334
-0.02954118
-0.04681884
0.00599185
0.01575894
0.02520303
0.01390699
-0.03208654
0.04076445
-0.03647168
0.00445490
-0.02045022
-0.02671339
-0.02137983
0.00811987
0.01952928
0.02173043
-0.02166865
-0.02784861
0.03893487
-0.04668094
0.02198536
0.02587115
0.04419848
0.01530495
0.01456872
-0.02041612
-0.02020399
-0.04208520
-0.04173206
-0.00532461
0.03405480
0.00040276
0.03079417
-0.01523367
-0.04789867
0.04662783
0.04471266
0.01749106
0.04677477
0.01120381
-0.03819386
0.03156197
0.03422923
0.04935250
-0.01962860
0.02046165
-0.03969439
0.01996348
0.01450311
-0.03958434
0.03433983
0.01079590
-0.00171034
0.02171040
0.03195878
0.04623841
0.00810342
-0.02356372
-0.01367234
-0.02343999
-0.02323260
0.00859381
0.04992421
0.04259044
-0.04550372
-0.02058031
-0.03632652
-0.02502566
-0.04715939
0.00950473
0.03983904
0.00796968
-0.04101837
-0.02756327
-0.03410456
-0.01177849
-0.02891093
-0.01241904
0.03375167
-0.03366035
0.03019461
-0.01886555
0.03613923
-0.03907806
0.04359967
-0.02694935
0.03941749
0.03272667
0.04710678
0.02634599
0.02839284
0.03225622
-0.02545407
-0.03066455
0.00198306
0.01382587
0.04907565
0.02190478
0.03500913
0.01538196
0.00994149
0.03695280
-0.00088832
-0.03475595
0.01186272
-0.03464594
-0.02792143
0.04654722
0.03199900
-0.02153406
0.01971552
0.01787077
0.02489606
-0.00533859
-0.02399833
-0.00518559
0.01896995
0.04382793
0.03548170
-0.03627542
0.03390601
0.00207018
-0.03801734
0.02828585
0.04569949
-0.02422004
0.03901895
0.03408228
-0.00737289
-0.02030174
-0.04259614
-0.02295343
0.04468646
-0.00796275
-0.04255421
-0.02198582
-0.03097839
-0.03095172
-0.03932161
0.02586237
-0.02341589
-0.04864792
-0.00423304
-0.00046305
0.01092845
0.04946690
0.03508058
-0.00666203
0.00499345
0.04837449
-0.00486174
-0.00197751
-0.04031461
0.02409631
0.00386226
0.03691971
-0.00161699
-0.02212718
0.04830381
0.01314375
-0.02387088
-0.01569038
0.04359483
-0.03045100
-0.00242004
-0.03026001
-0.04597308
0.04933168
-0.04619830
-0.04648187
-0.04085254
-0.02426132
0.04147385
-0.02095096
-0.00741861
-0.00208219
-0.01842107
-0.02272513
0.04939019
0.01461761
0.01796378
-0.03566089
-0.03235696
0.03653267
0.02401396
-0.00802150
0.04690756
-0.01657312
0.01970395
0.03923194
0.00844355
-0.04445651
0.02698034
0.01019100
-0.00985182
-0.00888362
0.01080418
0.01258839
-0.00576066
-0.03196961
0.02877115
-0.03130018
-0.04617465
-0.04075350
-0.02732852
0.02671949
0.00953462
-0.03532736
-0.01443556
-0.02307634
-0.04498690
0.03430494
-0.02812911
-0.04941061
0.01864254
0.04133235
0.04384196
-0.04166520
0.02800136
-0.01170339
-0.04892259
-0.04227218
-0.00700872
0.04589989
-0.00814953
-0.01421430
-0.03213492
-0.00221436
0.00494576
0.04971231
-0.01908697
-0.03450300
-0.02321060
-0.02562743
0.02214876
-0.03748838
0.01950824
0.01517698
0.02422667
0.02824039
0.02128109
-0.03964676
-0.00858312
-0.02945748
-0.00920172
-0.03467104
-0.01491892
0.00411998
0.00049400
0.01701144
0.01076202
-0.03848338
0.02011377
0.01406210
-0.03094997
-0.00057133
0.01833673
0.02030211
0.02005311
-0.03722202
0.03017141
-0.02392225
-0.04920861
0.02118789
-0.02316239
-0.03458577
-0.02452457
-0.00378138
0.03610935
0.04809319
-0.03184884
0.01118255
-0.03730247
-0.00800064
0.00500327
0.03294584
-0.01187309
0.03043673
-0.03250160
-0.01823742
-0.04237073
-0.01887728
-0.03028799
-0.00769159
0.03502597
-0.03894341
0.00782991
0.03102249
0.03344343
-0.00585409
-0.03076767
-0.01242897
-0.03295589
0.01972153
0.00288150
-0.04515894
-0.00178307
0.04366980
0.04952088
-0.03829683
0.02426512
0.02908996
0.02399343
0.01419976
0.02695581
-0.00342143
-0.00548695
0.03956671
-0.03281394
0.02526732
0.04043692
-0.01245025
-0.04908720
-0.03327115
0.04001857
0.01459400
0.02584666
-0.04520557
-0.00448576
0.02229581
0.04647251
0.00505005
0.01317704
-0.02430128
0.00351455
-0.03884417
-0.04429384
0.04663571
0.03140673
-0.03289096
0.02956736
-0.04890120
-0.00098618
0.02049078
0.02290996
0.04204228
0.02572814
-0.04564790
-0.01437761
0.01452731
0.00945257
0.04901678
-0.03491886
-0.03698524
-0.01540806
0.00730542
0.04515138
0.02798763
0.03662876
-0.00888060
0.04333008
-0.02860949
0.03431005
-0.03409501
0.00612142
0.04908130
0.03298294
-0.04295908
0.00627534
0.02302922
0.03139188
-0.02476996
-0.04546005
0.01782327
0.03291402
0.02198504
-0.02560501
-0.04935304
-0.01340215
0.01812598
0.03073758
-0.00410543
-0.04092360
0.01489995
0.02031792
0.04401041
0.03098662
0.04914051
0.01544338
-0.04993867
-0.03120948
0.04006511
0.01245407
-0.04599782
-0.03598651
0.03943001
0.03528063
-0.04798564
0.03386302
-0.03428559
0.03408842
-0.00463543
0.01211793
0.03486153
0.01347897
0.01124251
0.03172364
0.04513012
-0.01808177
-0.04619648
0.02678038
0.01095330
-0.02870577
-0.03453840
-0.01224109
0.00217494
-0.02117329
0.04616882
-0.04813654
-0.02190624
0.03680997
-0.00614039
0.03391391
-0.03601618
0.01568272
0.01117106
0.03620556
-0.04073289
-0.01515362
0.00165721
-0.00185176
-0.04896938
-0.01444838
0.04384879
0.00199602
0.04991020
-0.04456041
-0.04994798
0.02874531
0.02847328
-0.01412229
-0.04093203
0.01551598
-0.04863223
0.00701557
0.01813285
-0.04681707
-0.04396134
0.03995238
0.00796115
-0.01924410
-0.01935528
-0.04388888
-0.01178209
0.03693540
-0.04343203
0.00601286
0.02902827
-0.01286749
0.01204895
0.02298531
0.03676128
-0.04620183
0.02361720
0.02698828
0.03803493
0.02457554
0.00776992
-0.04450987
0.02210449
0.03136931
-0.00921814
0.00214626
0.00440876
-0.02702382
-0.01195124
0.00343480
-0.01140335
0.02867455
-0.02956477
-0.04883683
0.03938412
-0.00655700
-0.00195111
-0.01303524
0.01076448
-0.04215434
-0.04707355
0.03408575
-0.00482463
-0.03055773
-0.03594499
-0.00310023
-0.00912122
-0.00785705
-0.00575750
0.03988922
-0.02043345
0.04000137
0.02179473
-0.03080180
0.01166716
-0.03718320
-0.04990774
0.02993846
-0.01654949
0.00086061
-0.00330125
-0.04237821
0.01855770
0.01012366
-0.00139453
-0.01240765
-0.03814391
0.01294140
-0.01786988
-0.03810933
0.04348579
0.02177319
0.03701239
0.01736174
0.00321903
-0.00852464
-0.04465843
-0.02559774
-0.02974749
-0.02683325
0.04704641
0.02060981
0.02844591
-0.03363080
-0.01944369
-0.02528889
0.01535073
0.00555787
-0.01918014
-0.04448020
-0.01255549
-0.00796313
-0.01300974
-0.00783930
-0.04669705
0.01082603
0.03223054
-0.02070571
-0.01495902
-0.01813143
0.02413829
-0.04060420
-0.02998244
-0.02543848
0.00371687
-0.02382756
0.01047133
-0.03132773
-0.02403354
0.00622094
-0.00594263
0.03796793
-0.04923332
0.04744508
0.03481494
0.00647407
-0.00431295
-0.00001037
-0.02464878
-0.04073743
-0.02416286
-0.01153336
-0.03578000
-0.02304462
0.04630015
0.03811648
-0.02219272
-0.01149063
0.02782518
0.00461050
-0.02106805
-0.01968603
-0.02054741
-0.04631322
-0.00753899
-0.04084057
0.03424557
0.02029618
-0.01994085
-0.01091163
-0.04591584
0.04251564
-0.04190146
-0.03681097
-0.01682586
-0.00130475
0.03820188
0.03987074
0.03885755
-0.04289118
-0.03996459
0.00528240
0.03096037
0.00974515
0.01760991
-0.00467946
-0.03546595
0.03095914
0.01601051
-0.01796124
0.02871441
0.03091842
0.01814945
-0.04207050
0.02143281
0.01873403
0.03599513
-0.04386353
-0.04331727
-0.01251402
-0.01255434
0.01548087
0.01908347
-0.03309560
-0.04915578
-0.03041173
-0.02751043
0.02613402
-0.02550519
0.00880561
0.04967692
0.01785962
0.03971011
0.02321853
0.00346211
0.04409171
0.02030436
-0.02431818
-0.02494263
0.02580166
0.00288027
-0.03301815
-0.00923745
0.00961028
-0.01477480
0.03167512
0.03111752
0.04248328
-0.03127489
0.00576590
0.04743339
0.01825976
0.03461113
-0.00886923
0.01515715
0.02512977
-0.04431178
-0.01770738
-0.02585500
-0.04019215
-0.01820965
-0.04127310
0.02618333
-0.04720258
0.03653924
-0.00321557
0.00232074
0.04034715
0.00300802
-0.04766480
-0.01239758
-0.02220481
0.02155743
-0.03544179
0.04094916
-0.03794064
-0.02177983
0.00636371
0.03620581
0.01262864
0.04264321
-0.02637156
-0.02981588
-0.01588856
0.02669316
-0.03879352
0.01809410
0.04547653
-0.01201850
0.03020477
0.00523159
0.02135483
-0.00613616
-0.00947924
0.02785229
-0.03587763
0.01325765
-0.02679317
0.00962520
-0.04886736
-0.03783112
0.04367847
-0.03865497
0.04308987
0.00987619
-0.02447045
0.03948746
0.03246885
0.04574923
-0.04569941
0.02277200
0.02274553
-0.01503047
0.01354020
-0.03763544
-0.01907187
0.01123789
0.00511276
-0.01420486
-0.04039436
-0.01239258
0.02917416
0.00895348
-0.00247948
0.01835044
-0.04602938
-0.04304410
0.03225269
0.00523681
-0.04199301
0.00503872
-0.01588741
-0.00151331
-0.00001115
-0.03087433
0.00856390
-0.02635550
0.02300159
0.03919955
-0.00326980
-0.03748000
-0.02861407
0.04935771
-0.02526054
0.00372167
0.03403648
0.02474055
0.02379241
-0.00342457
0.01380245
-0.02718359
-0.00186590
0.01674335
-0.03432698
0.03528678
0.02455190
-0.01284388
0.02622229
0.04187413
-0.02581486
-0.04743974
-0.01305409
0.04937572
0.02254174
0.03187159
-0.01545859
0.04636761
-0.00117938
0.01088236
-0.04506325
-0.02346782
0.04129669
0.04791053
-0.03654849
-0.03712163
-0.00471793
-0.00269998
0.00361786
0.02772984
0.00479775
0.00832942
-0.00052801
0.04883605
-0.04522156
-0.04305680
0.02085561
-0.03431531
-0.00254545
0.04530669
-0.03753763
0.02168408
-0.02112276
0.00944083
0.02897155
-0.01027089
-0.04133329
0.01655434
0.04710671
0.01808837
0.04517953
0.04870985
0.02038997
-0.01511148
0.01967642
0.01854130
-0.00398232
-0.00833473
-0.03992529
0.04812284
0.02730883
0.03429271
0.03344022
0.03054203
-0.03161520
0.02578623
0.04091967
0.03843242
-0.02289740
0.03247198
-0.00243852
0.04965566
-0.03658681
0.00106078
-0.02292388
0.02700862
-0.01188738
-0.04356692
-0.00523885
0.00404948
0.02664654
-0.02929993
0.02140848
-0.04846911
0.03737992
0.01271599
-0.01111334
-0.03564365
-0.02283111
-0.02960075
-0.04302317
-0.02275661
-0.01139865
0.04312130
-0.01871474
0.04102956
0.00328880
-0.03902845
-0.02385390
-0.01265903
0.03408871
0.03915910
-0.00620238
0.01100374
-0.04079347
0.01122412
0.00776447
0.04976170
0.04773568
-0.03480241
-0.02525294
-0.00063538
0.04777983
0.03964626
0.00234200
0.04127032
0.04742832
0.02365232
-0.04394136
-0.00772841
0.03008570
-0.00249035
0.00628455
0.02919365
-0.04240419
0.04160440
0.02405162
-0.01779933
-0.04331262
-0.03480318
0.02614432
-0.03235692
-0.02500649
0.00380047
0.01781871
-0.01429582
-0.04281710
0.04848582
-0.00897770
-0.01951697
-0.03944629
0.00382611
0.01553292
0.02925789
0.03766213
0.03474106
-0.03334263
0.03873364
-0.02641226
-0.02605101
0.02656712
-0.00447863
-0.00863234
-0.03069778
0.01122531
-0.00398757
-0.02890053
-0.04228614
-0.01829312
0.02093096
0.01494308
-0.00886657
0.00535610
0.04927411
0.04618282
-0.01941516
0.04622421
-0.01381688
-0.04180123
-0.04652093
0.02789585
0.03436944
0.01378854
-0.03376265
0.04464395
-0.02703798
0.02314250
-0.02101112
0.00550781
-0.04209559
-0.03746573
-0.00870324
0.01584083
-0.04251422
-0.02274914
0.00085005
-0.01569920
0.00738782
-0.02362260
0.01748268
0.00018973
0.04595020
-0.00925337
-0.04143685
0.02830450
0.01736250
-0.01022823
0.04694424
-0.03393452
-0.00007672
0.01113284
0.04928480
-0.00456601
-0.01286429
0.01570611
-0.02150352
-0.03472117
0.00741589
-0.03028899
-0.00158160
-0.02071784
-0.02294461
-0.04602979
0.03595072
0.03622745
0.02423955
0.01458826
-0.04904600
-0.02999946
-0.00071399
0.03347343
0.04065439
0.03827564
-0.00895983
0.03792055
-0.04510989
0.02980205
0.02964500
-0.01790233
0.04501003
0.02711420
-0.04360858
-0.01276294
-0.01981131
-0.00823583
0.03387444
-0.01803465
-0.03578097
0.00313397
0.02488851
-0.04347002
-0.02164507
-0.01870081
-0.03247393
-0.03468927
0.04980637
-0.04111014
-0.03268377
0.03358722
0.02778367
0.04479695
0.00484786
-0.00517613
-0.00815597
0.02804165
0.02619960
-0.01165464
-0.01228554
0.02534637
-0.02767066
-0.04931592
0.03951990
0.03358027
-0.00449876
0.02857807
-0.01519716
0.04643676
-0.00592931
0.03747204
-0.02223480
-0.01949514
0.04441186
-0.00257290
0.03942497
-0.01698832
-0.02116850
-0.04182510
-0.00127172
-0.02222144
-0.01154073
-0.01919967
-0.01832515
-0.00259186
0.02503709
0.04332127
-0.03911751
-0.00443860
-0.01341269
-0.02454399
0.02250226
0.02908717
-0.00868631
-0.02904181
0.04892712
0.03487964
-0.02341013
0.03666588
-0.01555089
0.02261977
-0.03966065
0.02824879
-0.00747174
-0.03921552
0.01010065
0.02004745
0.00418153
-0.01499933
0.04710561
-0.04798677
0.04280159
-0.00173891
0.00102927
-0.02104519
-0.01178249
-0.01480451
0.03316562
-0.00856298
-0.00771726
0.04345661
0.02326233
0.01223999
0.01682613
0.01299975
0.04030915
0.04218321
0.03098316
-0.02780486
-0.04222155
-0.03472024
0.04819011
-0.01762946
-0.01585249
0.03560276
-0.03563385
0.01067703
-0.02641978
-0.03346064
-0.03215981
-0.00844294
-0.03410802
0.00024013
0.01214742
-0.00882867
-0.00235288
0.04998268
0.01935011
-0.04087472
0.02953866
-0.00935681
0.01742468
-0.04782136
-0.01255813
0.01867689
-0.02818813
-0.03568798
0.03627747
0.04047902
0.00509132
0.00466004
0.03570275
-0.03271001
-0.00584358
-0.04584300
0.01594130
-0.03945755
-0.00707067
0.02663004
-0.00537890
0.02672501
-0.00964308
0.00839249
0.02540549
-0.00620609
-0.02933145
-0.03162161
0.02960761
0.01047118
-0.04884743
0.00219406
-0.01063738
0.02179794
-0.02425377
0.03928908
0.04793626
0.03768660
0.04826299
0.03016122
-0.02230759
-0.04739783
0.03425545
-0.02245559
-0.04346992
-0.01403696
-0.00185516
0.01557158
-0.03080788
-0.04915538
0.04828989
-0.02983538
0.00538121
0.04453034
0.00514608
-0.02602977
0.02433900
-0.02633890
0.04288679
-0.04158821
-0.03690020
-0.00002581
-0.01436523
-0.02436901
-0.00216381
0.04099774
0.00687750
-0.03801325
0.04403003
-0.03396256
-0.01018253
0.04202504
0.01993802
0.02063416
0.04778643
-0.03988694
0.04485545
-0.01119090
0.04859225
0.02049085
0.04235885
-0.03362061
-0.04251903
-0.03111578
-0.04472759
0.02144681
0.00828235
0.00555791
-0.00619079
0.03182432
-0.01673420
0.03833864
0.03046521
-0.03341069
-0.04996298
-0.00504403
0.00864764
-0.04803219
0.00564370
0.02250729
-0.01871197
0.00560468
-0.03332273
0.04846321
0.04512990
0.01631119
-0.04843930
0.00415550
-0.04688941
-0.00869451
-0.04054593
0.01506106
0.02983958
0.03071210
0.04881881
0.03857619
-0.03989660
-0.03591774
0.02686059
-0.02405216
0.00456771
-0.00693507
-0.03791716
-0.02327037
0.00177723
-0.00317694
0.04219479
0.04827648
-0.02608162
-0.01346731
-0.02516399
0.04783286
0.04733565
0.02212763
0.04858426
-0.03879995
-0.00543199
-0.01512544
0.03702578
-0.03353556
0.01004799
-0.01157173
0.04746359
0.02052539
-0.03196261
-0.01792971
0.04881495
-0.04498305
-0.02216245
-0.02187397
0.01924408
-0.02273466
0.03799317
0.01442845
0.00390687
0.03868175
0.00449832
0.00122974
0.04029651
0.04724408
-0.01217966
0.03677673
0.00391115
0.04629315
0.01783897
-0.01051811
0.02049305
-0.04575878
0.04359900
0.01623437
-0.01247681
0.04379524
-0.00124978
-0.02530576
-0.03592230
-0.01241356
0.02656886
0.02443166
0.01366003
0.04832099
0.00471237
0.03493103
0.02761518
-0.02749937
0.03944501
0.04851911
-0.03633206
-0.01615114
-0.02780247
0.00155612
-0.01008776
-0.02558675
-0.02719022
-0.04086811
-0.01877040
-0.04926586
-0.01123515
-0.04939165
0.00467118
-0.02227730
0.02971817
0.04326417
-0.04328861
0.03894926
-0.03246151
-0.00382429
-0.00667879
-0.01975489
0.00654687
0.04128716
0.02118816
-0.00349673
-0.01829284
0.01041145
-0.04379202
0.02323801
-0.01712612
0.03489526
0.04143323
-0.03666496
-0.01295597
0.01831323
-0.04049899
-0.01210640
-0.01450787
0.00434480
0.03118845
-0.00343619
-0.03135912
0.04937117
0.01010022
-0.00833252
0.04885861
0.02716465
-0.02697702
0.01629721
0.04247417
0.02773511
-0.00686911
0.04393026
0.01932319
-0.00264162
0.03561598
0.02582189
-0.01115688
-0.01798320
0.01608502
-0.04943927
0.02853788
-0.04501754
-0.01893542
0.03054603
-0.03031980
-0.00123987
-0.03345356
-0.02193233
-0.01698447
-0.01855831
0.00792601
0.04592241
-0.00273239
0.00982636
-0.04829011
0.01332613
-0.04330948
-0.03692518
-0.03317032
0.01425222
0.03127157
-0.01279503
0.00601699
0.02166365
-0.02330742
0.04818735
-0.01742099
-0.03114240
-0.01855207
0.03056734
-0.00721710
0.03472407
-0.02227865
-0.01719025
-0.01567937
0.00658012
-0.02466652
0.00077888
-0.03999645
-0.03096469
0.01465687
0.03794542
0.04415061
-0.00367223
-0.03584538
0.02438044
0.03149987
0.00725836
-0.03133292
0.03654263
-0.01301006
-0.01744429
-0.02632142
-0.04339116
-0.01370558
0.00951486
0.02303014
-0.02315954
0.00423729
0.03363349
0.01615196
-0.04693066
0.02003145
0.01120190
0.02811670
0.03046355
-0.00590793
0.01563251
-0.00625026
-0.00991071
0.04988475
-0.00534668
-0.02603240
-0.02936969
-0.00616310
-0.02252564
-0.03315023
0.02242087
-0.04905371
0.02482818
-0.01712975
0.03629039
-0.02700725
0.00391957
-0.03551167
-0.01821044
0.01723472
0.02998964
-0.02498545
-0.03687397
0.04657769
0.00570104
-0.01446737
0.03885546
-0.01548892
0.02798836
-0.04825438
0.03663280
-0.04549028
-0.02420389
-0.03235337
-0.04635180
-0.01923371
0.04218267
0.04637961
0.02693302
0.04121751
0.04301322
-0.04748755
-0.02594574
0.04054022
-0.01817758
-0.02388604
-0.04636553
-0.01751522
-0.04487941
-0.00937644
-0.01157836
-0.02738313
0.02547521
0.03018207
-0.04070996
0.00263404
-0.00531907
0.02774042
-0.01711718
-0.03821666
-0.04960496
0.01147355
-0.01030603
0.01387455
0.01775685
-0.01440089
-0.01337398
-0.04539978
0.00588339
0.01758020
0.01852544
0.02319009
0.03721101
0.02475984
-0.00618752
-0.03602695
0.04084768
-0.00743677
0.01373937
-0.01083141
0.03670451
-0.02065691
-0.04161042
0.02770244
0.00807887
-0.02341345
-0.00473921
-0.00249459
0.01897574
0.04840838
-0.01710365
-0.01395817
-0.00803095
-0.02543330
0.04893604
-0.00911766
-0.00580333
0.04835290
0.00313862
0.01296749
-0.00893055
-0.01251332
0.04924560
-0.04120829
-0.00337605
0.01742756
0.04069822
-0.02681561
-0.03009227
0.00971136
-0.04806661
0.03877407
0.01908264
0.03333667
0.01797862
0.01881886
-0.03227407
0.02449663
-0.00989316
-0.03158792
0.02878140
0.03802009
0.03967579
-0.00920163
0.01076297
-0.04723999
0.00804781
-0.03183259
-0.02876565
0.03579789
-0.03589664
-0.02366796
0.01326823
0.02191036
-0.03011397
0.02686585
0.02169491
-0.03096909
0.03110899
-0.02999397
0.00585473
-0.03305618
-0.03092461
0.04725265
-0.03034407
0.03495604
0.02573257
0.00755836
-0.01629220
-0.00423744
-0.01922720
-0.03540706
-0.00664247
0.04338248
0.03764997
-0.03320902
-0.00095077
-0.01818897
0.04695774
-0.01932620
-0.01914125
-0.03949638
-0.01764146
0.02369112
-0.00335719
0.03664076
-0.00778693
0.02144549
0.02713895
-0.04335594
-0.04072300
-0.04232343
0.03097353
0.03060913
0.00288519
0.03766163
-0.01637813
0.01306475
0.00064762
0.04384601
-0.01708028
0.04768745
0.03391007
0.03740385
-0.01298680
-0.03020521
-0.04124455
0.02979099
-0.01740410
-0.04542364
-0.04913551
-0.00216114
0.02431535
0.00435364
-0.04146427
0.03595831
0.00337233
-0.03060821
-0.04821108
0.03513795
0.00670315
-0.04454352
0.02849338
0.01440506
0.01881812
0.00175922
-0.00404752
0.03059279
-0.00329888
-0.02666539
0.01229247
-0.03811464
0.03717748
0.04240321
-0.02623450
-0.02880369
-0.00742512
0.02728358
0.00337416
0.01239369
0.01837169
-0.02470836
0.00757077
-0.02757110
0.00432333
0.03268719
-0.00023448
0.01441326
0.04507928
-0.01539564
-0.01386354
0.03140454
-0.00922331
0.02809800
0.04175677
-0.01882944
-0.01862968
-0.01204476
0.03440554
0.01875788
0.02530445
0.04232895
-0.03389036
0.02635502
-0.00278033
-0.04796689
-0.04006189
0.04222658
0.04807658
0.03767215
0.03485139
0.04729584
0.02358557
-0.00139472
-0.03802663
-0.00000473
-0.03975593
0.02246100
0.04315273
-0.00655616
0.03323721
-0.02321482
-0.04916256
0.02244098
0.01287757
-0.01152854
-0.04199487
-0.03239221
0.03159580
0.01879220
-0.02271660
0.03369029
-0.04000433
0.03752197
-0.00797319
0.00921396
0.00773729
-0.01153089
-0.04552655
-0.04057106
0.00728703
0.04834374
-0.02437749
0.01289098
-0.04999042
0.00085436
0.03942133
-0.00347810
-0.04095314
0.01392302
-0.04699470
-0.00845705
-0.02770370
-0.03457021
-0.04063109
0.02337423
-0.01868495
0.01403021
-0.01181294
0.03603591
0.00253534
-0.04139997
0.02838551
0.00288676
-0.03316389
0.03933341
0.02463435
-0.03635801
-0.01986131
-0.02876650
-0.02622582
-0.00400186
-0.02946874
0.04763945
-0.04836985
0.03257674
0.03999167
0.02012341
-0.03188688
-0.02478403
-0.03994955
0.01599613
0.04112593
-0.03186740
0.01925249
0.04987353
0.01979376
-0.00233711
-0.00484756
0.02282221
0.03610612
-0.00824960
0.00901158
0.00179038
-0.00632588
-0.04680996
-0.00316417
-0.04885717
0.00751139
0.01037849
0.01000969
-0.04137604
-0.02586535
0.02385527
0.02308283
0.01220863
-0.02668134
0.02660455
-0.02998195
-0.04454600
-0.01528248
0.02894881
-0.02263742
0.04857337
-0.03800515
-0.02956261
-0.02567272
0.02284684
0.04701881
0.04567707
-0.02301732
-0.01404455
0.00172909
0.00610188
0.03136438
-0.03562744
-0.00214929
0.03242560
-0.01798383
0.01701605
0.02070611
0.01148253
-0.03167421
0.04881536
-0.04906612
-0.01931337
-0.04127888
-0.04481314
0.02341310
-0.02129328
0.00872801
-0.01116736
-0.03230127
-0.01878829
0.03573323
0.02472926
-0.04779949
-0.04165615
-0.03509075
0.01338195
-0.01796810
0.03683032
0.00948275
-0.04239556
0.04617727
0.02617315
-0.01767368
-0.04262491
-0.04516598
-0.01721755
-0.01787986
-0.04091411
-0.01229634
-0.00393325
0.00810806
-0.04636255
-0.04911319
-0.00571353
-0.03066557
0.03574828
-0.01538225
-0.00803061
-0.03930596
0.04492250
-0.01033911
0.00611025
-0.02226988
-0.00932887
-0.00989792
0.02431711
-0.00924419
-0.01669280
-0.04163512
-0.03403793
0.02855950
0.00910639
-0.01060733
0.04683521
0.03545615
-0.02461685
0.01811301
-0.02120652
0.02780601
0.04311389
-0.02739555
-0.02846386
-0.00586544
0.03757551
-0.00769845
0.03257518
0.00513707
0.04087000
-0.03741474
0.00582513
0.04166264
-0.02023651
0.02104049
0.01407241
0.04109735
-0.01578393
-0.02712707
-0.02766005
-0.01957615
0.04147802
0.01583645
-0.02799361
-0.01033696
0.03026973
0.01057377
0.04745817
0.03429048
-0.02179665
-0.03230604
-0.03161578
0.02046259
0.04706360
0.03130827
0.04014450
-0.01807818
-0.03029940
-0.01213918
-0.04148571
0.03837164
-0.02913137
-0.04705036
0.01753399
-0.03792785
-0.04973565
-0.01773806
-0.03323052
-0.02460706
0.02607239
-0.03601834
-0.00330621
0.01258718
-0.03902804
0.00982432
-0.04500255
0.03147759
-0.03259671
0.03248714
0.00682218
-0.02484926
0.01922341
-0.00795312
-0.02177672
-0.04096203
0.03284813
-0.02143205
0.04192714
0.00877334
0.00839887
0.00279838
0.04672677
-0.04735245
0.04625642
-0.02588997
-0.00840006
-0.00687003
-0.02569583
0.01616768
0.03110795
0.01895264
0.01215583
0.04963422
-0.03577030
0.02449363
-0.03586205
0.04499630
-0.04982426
-0.01533206
-0.00547711
0.04709271
0.01991612
-0.04162989
-0.03493917
0.00274511
0.02494139
0.00945727
-0.03958922
0.01446309
0.04592869
-0.04471304
-0.02153113
0.04519616
0.01650828
-0.00317535
-0.01451152
0.04623639
-0.00240108
-0.04733145
0.03392155
0.02181880
0.01840609
0.02574691
0.04768529
0.01127015
-0.03200911
0.00771973
0.00884526
-0.04753767
0.04717316
0.03877319
0.03360096
-0.04573804
0.00526827
0.00200411
-0.00221805
0.03818835
0.02246326
-0.01038904
0.03665604
0.03178233
-0.02714345
0.00728295
-0.03343954
-0.00085975
0.00268178
-0.02738036
0.00029824
-0.04732273
-0.00514131
0.02300251
-0.03273629
0.04377149
0.03181846
-0.02068703
-0.02389411
-0.01876056
0.04132910
-0.02394475
0.00486420
-0.02012641
-0.04057668
-0.02957427
0.01402741
0.02294490
-0.00534018
-0.02858171
0.00495950
-0.03559411
0.02402094
-0.01732102
-0.02527564
0.00670123
-0.01540304
0.01540430
0.01961403
-0.00668548
0.03219015
0.02798234
0.04101169
-0.03470519
0.03657551
0.04675351
-0.01183558
-0.01749438
-0.00001046
-0.01358623
-0.00599385
0.04313388
-0.00467494
0.02906967
-0.04769527
0.01641806
-0.03771853
0.03210735
0.04815048
-0.03755522
-0.03870101
0.04089044
0.01263299
0.02352466
-0.02254379
-0.02497674
-0.04831925
-0.02402354
-0.01546019
0.02965214
-0.04279716
0.02543424
-0.00669061
0.00424530
0.02348015
0.02660989
-0.02151075
0.01432322
-0.01922771
-0.02654486
-0.04802598
0.01525846
-0.04578601
-0.01279938
0.02923742
0.00106229
0.04470180
-0.00496337
0.03708886
-0.04397651
-0.01765329
-0.03065091
-0.02082132
0.03034145
0.02262015
0.04100797
-0.04432695
0.00311595
0.04076298
-0.04617940
-0.01336939
0.04811493
-0.00216728
-0.04944250
-0.04631476
0.04369141
-0.02950714
-0.04603681
0.00396090
-0.04240616
0.00191977
-0.00359842
-0.02777765
-0.04411278
0.01325890
-0.01314634
0.01379704
0.02253243
0.01999232
0.01329591
0.01437094
0.00367461
-0.03460738
-0.01965917
0.02554726
0.01833317
0.00268328
0.00573518
-0.03684811
-0.02694929
-0.02243017
0.01073477
-0.03715495
0.00446777
-0.00542556
-0.01505838
-0.04445558
0.04286867
0.03134030
-0.04683734
-0.02130746
0.00363503
0.01916532
-0.03517434
-0.03459843
0.01473919
-0.03609548
0.01369776
-0.03331813
0.01057761
0.00247854
0.03261841
0.01661395
-0.03240380
-0.03803765
0.03421832
0.04238293
-0.03990452
-0.04646807
0.04511192
0.04068630
-0.01524644
0.03482123
-0.03202501
0.04855172
-0.04511083
0.02660670
-0.03059112
0.03134172
0.04055871
0.01317358
0.00918879
-0.03182303
-0.01097753
0.02191924
0.02429325
0.00598599
0.00964640
0.01995889
0.04676238
-0.03618397
-0.01501965
-0.04241949
0.03833551
-0.03244114
0.04989688
0.01469844
0.02695110
0.00476273
0.00687474
-0.01439514
0.01252345
-0.04951940
-0.02259842
-0.00993721
0.01501138
0.02279656
-0.02462533
0.01940627
-0.04163790
-0.01547209
0.04999436
-0.04035149
-0.04904808
-0.00747859
0.03876908
-0.01293863
0.01766830
-0.02868895
0.00714833
-0.03423486
-0.03435671
0.04786099
0.03282071
-0.00542699
-0.02393451
-0.01629896
-0.02368398
-0.03994269
0.01320793
-0.04220843
0.00637600
-0.01459978
-0.01896641
0.03483219
-0.00610365
-0.03414847
0.00312265
0.03899994
-0.04462295
-0.04842191
0.00558545
0.03917804
-0.01577443
-0.03223969
0.04573086
-0.00494364
0.04239022
0.04313499
0.02287353
0.01932522
-0.00044422
0.00447210
-0.01231862
-0.03296045
-0.00083424
-0.01706147
-0.00661439
-0.02377922
-0.00677685
0.02932700
0.02929375
-0.04839354
-0.04370963
0.02516570
0.01694510
-0.01090684
0.02747787
0.04347450
0.04467244
0.01719801
-0.00712459
-0.01269129
-0.01293765
0.04537242
0.03335611
-0.00646682
0.03655840
0.03717497
-0.03812562
-0.04183671
0.04974416
0.01865106
0.04328269
-0.01472718
0.03414853
0.02617973
-0.03721140
0.02000820
-0.04726917
0.04440567
-0.03606627
0.00633646
-0.02821188
0.03674080
-0.02341406
0.04749258
-0.02446730
-0.03128108
0.04632721
-0.04790084
-0.00676023
-0.00810208
0.01592095
-0.01549490
-0.01347083
-0.00127302
-0.02533758
0.04759114
0.04086339
0.01782976
0.04899821
0.04479287
0.02807594
-0.02559835
-0.02740770
-0.03022275
-0.00697859
-0.02876876
0.04780274
-0.00519373
0.02135547
-0.04536951
-0.03619485
-0.04184791
-0.04092748
-0.03108694
-0.00864654
0.02397562
0.03136169
-0.00673165
-0.02204348
-0.01788918
0.02798424
0.00163898
0.01653579
0.02026973
-0.02765577
-0.02240582
-0.00957779
-0.04501706
0.03106126
0.00693861
-0.00998466
0.00700993
0.05000728
-0.01546244
0.04622141
-0.02656209
0.01841858
0.02076614
-0.01028255
0.03140483
-0.03156397
0.01874323
-0.01014812
-0.00926105
-0.04753491
-0.02859437
0.00704575
0.01096860
0.03950134
-0.01237814
-0.02510743
-0.03307812
-0.01180329
-0.01306486
-0.01877684
-0.03636036
0.02049978
0.03115478
0.04229293
0.02955700
-0.04356727
-0.02839007
0.03891104
0.01770627
0.02306579
0.01823524
-0.01273683
-0.03665281
-0.02529690
-0.03632303
0.04692603
0.00167651
-0.03965740
-0.00114634
-0.00136150
0.01372025
-0.03109175
0.02802067
-0.03091183
0.02171156
-0.02908635
0.02747069
-0.03886606
-0.01003791
-0.04709318
0.00027719
-0.00435077
0.01312417
0.00420673
-0.04667705
-0.03582927
-0.03291503
-0.04005632
0.04312767
-0.02418644
-0.03086366
0.00660949
0.02030360
-0.01177255
0.03723990
-0.01664674
-0.00089510
-0.03602788
0.00329870
0.02265863
0.04942879
0.04141038
0.00047504
0.01550800
0.02188379
0.03378192
0.02028430
-0.02771023
0.00582609
0.04081236
0.03151387
0.00970845
-0.03336136
-0.04813141
-0.00798252
-0.04510402
0.02191809
-0.00710474
-0.02751482
0.02961161
-0.02119440
0.01329988
0.00606757
0.00637408
0.02283045
-0.01981972
-0.02698752
0.00875803
0.04245235
0.02915850
0.03631053
0.01970089
0.04333192
0.00662609
0.02114397
0.01329383
-0.01587841
0.04098535
0.01611643
0.03142853
-0.00583287
0.04674109
0.04011276
-0.03118707
-0.04539102
0.01366468
-0.02027228
-0.00912443
0.01427548
0.00670934
0.01357445
-0.00661970
-0.04784851
-0.00812576
-0.00644851
-0.02555701
0.00757489
0.04571177
0.03986180
-0.02199993
0.04448090
-0.04397865
0.01737609
-0.00387837
-0.03847391
0.01538975
-0.00795207
-0.04275963
-0.00073368
-0.01857596
-0.02383164
-0.00258597
-0.03934757
-0.04390159
0.02653328
-0.01568283
0.03748590
-0.04664002
0.02844531
-0.03730244
-0.00025890
0.01507178
-0.01079705
-0.00121147
-0.00469542
-0.03392813
0.03585981
-0.03151090
-0.04609491
0.02259405
0.01815903
-0.00416867
-0.03044601
0.04546779
0.04994972
0.00802875
0.03461214
0.02675078
-0.03953338
0.03892486
0.02093426
0.03841902
0.04907622
-0.04660012
-0.04019682
0.04255545
0.03552828
0.00622749
0.04385345
-0.01652394
0.02678461
-0.04705081
-0.04590643
-0.02227712
0.04393545
0.01312860
-0.00509920
0.01545795
-0.03802651
-0.00564811
-0.04709758
0.04571095
-0.01459071
-0.04467359
0.03799006
-0.02162896
-0.01395444
0.03813070
-0.04443068
-0.01301381
0.00127082
0.01599675
0.03998570
0.02168611
-0.01993987
0.02967025
0.03469649
-0.04273703
-0.03076631
0.04087625
0.03847568
-0.02589885
0.02986620
-0.02613330
-0.03978984
-0.01356876
0.00199630
-0.03274101
-0.01310312
-0.00641108
0.00695211
0.04209072
-0.00700750
0.04563619
0.02243170
0.00485024
0.04969674
0.04702208
-0.01414800
0.04597608
-0.00607941
-0.03746605
-0.04169642
-0.00310059
0.01413784
0.02613954
-0.02425418
-0.00541096
-0.02448742
-0.01994668
0.01968478
-0.04264558
-0.02286420
-0.02216763
0.04885397
-0.01606898
0.01411667
0.04021851
0.00644403
0.00897688
-0.03207821
0.03395881
0.02981040
0.04959011
0.00833551
-0.03970191
0.00244591
0.04165370
-0.02439472
-0.03121525
-0.00325567
0.00382355
-0.01809785
0.04667295
0.00210722
-0.01296932
-0.03889013
0.04451357
0.00138865
-0.04404093
0.01443012
0.03357759
0.02701116
0.00673981
0.01911202
-0.00452121
0.04157635
-0.02161426
-0.01956794
0.02591448
-0.00776547
-0.02315466
-0.04249238
0.04050954
0.02341621
-0.01333525
0.00038112
-0.02973087
-0.02053498
-0.03831195
0.03675197
0.02947132
-0.01032762
0.03064106
-0.04365557
0.04453988
-0.03811869
0.01357895
0.03189451
-0.02773465
0.04766335
-0.02786585
-0.01786799
0.03274915
-0.02937766
-0.04398641
-0.00349466
-0.02340620
0.01663144
-0.00470557
0.04584689
0.03459262
-0.04551876
-0.00928152
-0.03149223
-0.00276668
-0.00119648
0.01934439
0.04590504
0.03187757
-0.02770745
-0.04480536
0.02316194
0.02298808
-0.04469043
-0.03418166
-0.01390087
-0.00331186
0.00639402
0.04050047
0.02423791
0.02545062
-0.00216356
-0.00664792
-0.00349348
0.04262286
0.01496769
0.03749420
-0.02829736
0.00919157
-0.02375095
0.03564535
-0.00582626
-0.00689281
0.04526794
0.03784428
-0.01724511
0.04964340
0.04369909
0.03922958
-0.04894492
0.00387740
-0.03229699
-0.02752026
0.04500664
0.01254034
0.02793985
-0.04640948
-0.01259994
0.03423912
0.03002437
0.01554009
-0.02797724
0.00635460
0.01195820
0.04673181
-0.04579589
0.01644111
0.01397195
0.03547331
0.03135416
-0.00790621
-0.02463254
0.04966829
0.02122429
-0.03291021
0.01725567
-0.03540130
-0.01219230
-0.03069773
0.04753614
-0.01888965
0.03010736
-0.01288315
0.01309941
0.01981825
-0.00637592
0.04208001
0.01102960
-0.04760185
-0.02666095
0.01498842
-0.00995718
-0.01283198
-0.03882286
0.04129908
0.03189512
0.00181571
0.00022527
0.04957409
0.00334621
-0.02026115
0.01596675
0.04677879
-0.02207214
-0.02019060
-0.04217602
0.03069504
-0.02804552
0.03724541
0.00042472
-0.04854511
-0.04354484
-0.02592571
0.04260860
0.03417458
-0.03293698
-0.02264240
-0.02746052
0.01310260
-0.00746742
-0.02813014
0.01640275
0.00132630
-0.01305321
0.00925404
-0.00418892
0.04997915
0.03679078
0.03109790
0.00946578
-0.00494661
0.03066966
0.01056823
-0.02962465
-0.01664543
0.04404283
-0.04010201
0.04362423
-0.03415766
-0.04052016
-0.01314382
-0.03114136
-0.01717027
-0.04572284
-0.02506443
0.01674186
0.00636683
0.00661499
-0.04001912
-0.01381355
-0.02823391
0.02460415
-0.04201230
-0.04884104
0.04400381
0.04834637
0.04105403
-0.02180519
0.02940921
-0.02814133
-0.00389262
-0.04141314
-0.04256179
-0.00838212
-0.03812395
-0.02873382
0.02874616
0.04368327
-0.02751371
-0.01495587
0.02528635
0.02514851
0.00996946
-0.03604328
-0.04637628
0.04436582
-0.00536853
-0.02517950
-0.04480663
0.00755618
-0.03174762
0.03893398
-0.00482145
0.04131597
-0.00560046
-0.04570613
0.02451401
0.01463619
0.01001383
-0.03057593
-0.03201092
-0.00246991
0.03805410
0.00032009
0.01381321
-0.01861889
-0.01652274
-0.04196565
-0.04678927
-0.01704279
0.04624308
0.01113880
0.03886560
-0.02910575
-0.00835632
0.03126357
0.04324530
-0.02146644
-0.02857007
-0.03162315
0.00995375
0.01316265
0.00687906
-0.01340144
0.00328586
0.02835302
0.04679725
0.04704383
0.01992872
-0.01750891
-0.00761093
-0.00818215
0.02230312
-0.04769620
-0.04741132
0.01147627
0.02032387
-0.00519661
0.04758867
0.02916348
0.04108065
0.01643156
0.01218479
0.03419498
-0.01326425
0.01200974
0.02181388
-0.03586887
-0.02364188
0.00854309
-0.03025468
0.04908084
-0.00849354
0.04771911
-0.00295368
0.00818508
0.02055590
0.00416845
-0.00853528
-0.00819632
-0.03233082
-0.03280483
-0.00055851
0.02877681
-0.04490456
0.03083971
-0.03838940
0.03238685
0.03697946
0.04226775
0.02794782
0.03157987
0.01583450
-0.04655506
0.03498588
-0.02483059
0.02467476
-0.03930631
-0.00057566
0.03348877
-0.01899471
0.04051137
-0.01447538
-0.03621252
-0.01341043
-0.02747141
-0.01429654
0.01012577
-0.02810748
0.00859267
0.03054155
0.04626434
0.00222065
-0.04555847
-0.04915276
0.00852031
-0.03941857
0.02374684
0.03865526
-0.00890209
0.01832147
-0.04380875
-0.01129930
-0.04190557
0.02604968
0.04649693
-0.01615293
0.02706658
-0.01570380
-0.01489509
-0.01655130
0.04275700
0.00300688
0.01968298
-0.01711390
0.00640879
0.03744806
-0.02518250
-0.02273242
-0.00763392
0.01818685
-0.03684957
-0.04527339
-0.04867912
0.02100876
-0.03098799
-0.01585852
-0.02785361
-0.03992476
0.02574139
0.01961686
0.02776864
-0.00596835
0.03327356
0.00371696
0.04482820
0.02982058
-0.02583041
0.00877551
0.03397452
0.02375034
0.00905171
0.04738509
-0.04298944
-0.03563728
0.03976959
0.00147241
0.02383218
-0.02994441
0.01430442
0.00335033
0.00825470
-0.04885101
0.03254964
0.02076772
-0.00118181
-0.00478965
-0.03487891
0.03678102
0.03158405
0.00034361
0.00894867
-0.03410305
0.04991623
-0.01207736
-0.01191240
-0.02448398
-0.01940619
0.00279666
0.02471067
0.03900576
0.02706992
-0.03404139
0.00979291
-0.00374082
0.01982714
0.04263172
-0.02625071
-0.03536192
0.00391103
-0.02868214
-0.03506533
0.02763961
0.00528161
-0.04152553
-0.00405401
0.02025495
-0.03587802
0.03256244
-0.01509365
-0.03503434
0.00486656
0.04324511
0.03471594
-0.03015215
-0.03764723
0.03684136
0.00790447
0.03118516
0.00542060
-0.00692973
0.02840676
0.03919108
-0.04925215
-0.00242124
0.01692522
-0.04250884
0.03029368
-0.00472650
0.02795710
-0.00330867
0.00939658
0.04870626
-0.01086390
0.04718881
0.02091739
-0.01619527
0.02953058
-0.00938924
0.03553099
-0.02065321
-0.01258343
0.03962858
-0.01274032
-0.02197183
0.04033604
0.04927807
-0.02398356
-0.03201168
0.03711545
-0.00138432
0.00829806
-0.00179600
-0.04618951
0.02776875
-0.02335445
-0.00294459
-0.02186415
-0.02232830
-0.01449980
-0.00865894
0.00912443
-0.02356171
0.00786505
0.03011990
-0.01057689
-0.01109305
0.00745216
-0.03312605
-0.04643156
-0.04207308
0.00019613
-0.01229147
0.03568636
-0.00715749
-0.01331085
0.01991470
-0.00643793
-0.02970757
-0.00242903
0.04758994
-0.02240457
0.00832154
0.04764740
-0.00005194
-0.00880807
0.03661707
0.03942955
-0.01616931
-0.00511987
-0.01318283
-0.01162869
0.00228292
-0.01299808
0.04688830
0.04199972
0.01914070
0.03238517
0.03747951
0.03994187
-0.03393205
-0.02495017
0.01104847
0.01900053
-0.02190886
0.01651468
0.04287230
0.03535577
0.04028451
-0.00392348
-0.03665191
0.02240612
0.02923760
0.00098808
-0.02835680
-0.01144346
0.00779598
-0.03698186
0.00224518
0.02156875
-0.03297521
0.00650546
-0.04268275
-0.02478899
0.02133693
0.00071288
-0.01240334
-0.01300616
0.00984128
-0.02577846
0.03127616
0.04363783
-0.03055325
-0.00915087
0.04317999
-0.00009478
-0.03547330
-0.01053632
-0.04422482
-0.03357157
0.04139633
0.03525370
-0.02879417
-0.03131606
-0.04278676
-0.00133191
0.04831863
0.02813793
0.03463057
0.00886606
-0.01754863
-0.03670545
0.03210069
0.01178936
0.02117564
-0.04931525
-0.02445864
-0.04368536
0.02481881
0.02000914
0.00942440
-0.02510833
0.01947425
-0.01651757
-0.03791021
0.04205319
-0.01539557
0.03923652
-0.04602735
0.01843490
-0.00147842
-0.03462543
0.04603111
-0.01988259
-0.00188430
-0.02293291
0.01507336
0.00055673
-0.02384952
-0.02873218
-0.01646462
0.00722504
-0.00934004
0.02701002
0.01057022
-0.01604440
0.04189766
-0.03412370
0.02871909
0.00971949
-0.02438623
0.02483198
0.03838747
-0.04960448
-0.04030283
-0.01930007
-0.00906844
0.00868209
0.03654208
-0.04506015
0.03581632
0.02755483
-0.01763029
0.02290201
-0.00186460
-0.00712106
0.02505716
0.03922133
0.01561232
0.04922235
0.00526769
0.01664213
-0.04161220
0.03400034
0.01016536
0.00862748
-0.04838852
-0.01120609
0.03873647
-0.02082158
-0.02403062
-0.04534922
0.01849383
0.02095524
0.01890007
-0.04492994
0.01701366
0.02894240
-0.04201080
0.03018987
-0.02447886
0.02025299
-0.02045874
-0.04389400
-0.04579005
0.00597902
-0.01415446
0.01755083
0.03363201
0.03491976
-0.01976669
-0.02045194
0.02481432
-0.03946334
-0.01649904
-0.02509674
0.02239463
0.02318204
0.00587075
0.00882986
0.04103326
0.02071214
0.00653016
-0.02372284
0.02610552
0.00140869
0.02451096
0.04688802
-0.03972008
-0.01934084
-0.00758888
-0.00891250
0.02317653
-0.03740894
0.02247823
-0.03037938
-0.00001014
-0.02490485
-0.02096212
0.03038796
0.00486012
0.02150206
-0.03676498
-0.02441913
0.02395759
-0.04249462
-0.03686419
0.02109623
0.02205347
0.01826056
0.02866774
0.00077347
-0.00107112
0.04423985
-0.01520069
-0.03025730
0.03098128
0.01850915
-0.00865208
-0.03250108
0.02033789
-0.04136717
-0.03332727
-0.02131823
-0.00703286
0.04861584
-0.04916622
0.00721979
0.03402485
-0.04476453
-0.01905558
-0.00519728
0.04384347
-0.02769768
0.00503684
-0.00950013
-0.01761005
0.00197545
-0.00324362
-0.00613870
-0.00882124
0.00834511
0.01113633
-0.02916987
-0.02346630
-0.01195482
-0.04302879
0.00046007
-0.02312789
0.04490356
0.00460315
-0.04676726
0.04386143
0.04312631
-0.01438092
0.02075923
-0.01238260
-0.01816196
-0.02099082
0.01603548
-0.00781584
0.03107285
0.03613864
0.04112563
0.02109584
-0.01182961
-0.03796514
0.01991406
-0.04070153
0.02344131
-0.01536536
-0.00138571
0.02287565
-0.01004785
-0.01398749
-0.04641949
-0.00944912
-0.02047790
0.04731332
-0.04539055
0.04218040
-0.04956141
0.04192976
-0.04409821
-0.01659714
-0.01922131
0.00111924
-0.00841395
0.03236702
-0.01434724
-0.04195237
0.04688064
-0.02462806
-0.01500221
0.01972637
-0.04444551
-0.00083769
-0.01786221
-0.01918914
-0.04419122
-0.01003215
0.03122395
-0.04612518
-0.02860104
0.03185061
0.01651661
-0.01008780
0.01740364
0.04899966
-0.03631586
0.01871873
0.03392871
-0.02095196
0.00042417
-0.01933885
-0.03892823
-0.00110821
0.02897366
0.04606745
-0.03657576
-0.03907976
-0.02569859
0.02654032
0.03819737
0.04587809
-0.02845816
0.04372279
-0.00214498
0.04308691
0.00301673
-0.01100942
0.00107495
0.04115209
-0.02382917
-0.03535310
-0.04356137
0.01519139
-0.01816931
0.00286357
-0.01255879
-0.03511491
0.01135921
-0.02674662
0.02459769
-0.01170657
0.03657968
0.00657358
-0.04206208
0.00550607
0.02965685
0.01077580
0.04347369
-0.00866398
0.01234824
0.01794746
0.00250350
-0.00100443
0.00898270
0.00730451
-0.01799265
0.04311400
0.03200655
-0.00630121
0.04957806
-0.03884533
-0.02018217
0.04219973
-0.00512829
0.04445210
0.04070254
0.02506323
0.02416489
0.03789782
0.03118557
0.03537844
-0.02979665
-0.04715788
0.04558381
-0.04743877
-0.03050472
0.04091904
-0.03697864
0.03152094
0.03653688
0.00455614
0.00641415
-0.02425371
0.03709124
0.03493061
-0.02506585
-0.01619681
-0.02879898
0.04677106
-0.02203913
0.04082765
0.00023927
-0.00873613
0.04810070
-0.04942643
0.02771338
0.04148165
0.00212826
0.02293171
-0.00408879
-0.00695343
-0.01637412
0.02487106
-0.03169002
0.03364648
-0.01000273
0.02080828
-0.03931800
0.01495682
-0.00144390
0.03676129
0.01656609
0.02691334
0.02557712
0.04697077
0.02417133
0.00278571
0.02743078
-0.01300092
0.01337422
0.03876690
0.04560075
0.02820366
-0.03850165
0.02104113
-0.01183690
0.02273012
-0.02569469
0.03502906
-0.01963781
0.02201655
0.04906736
0.02185343
0.03356378
0.03020078
0.03143580
-0.04785852
-0.02816066
-0.03520328
-0.03513895
-0.01511438
-0.02896914
-0.01625611
-0.02290850
0.01392930
-0.01992078
0.04159144
0.03518188
-0.02444289
-0.02330828
-0.03732083
0.00855714
-0.00369181
-0.00046181
0.03290983
0.01760994
-0.02574195
-0.03474474
-0.04405966
-0.02751664
-0.02347998
-0.04710351
-0.04960973
-0.02356989
0.01319663
-0.00140163
-0.04729410
-0.03872802
0.02977409
-0.03168999
0.03653533
0.00264687
-0.02689478
0.02026080
-0.02194155
-0.00302530
-0.03029557
0.01653332
0.02779390
-0.00753300
-0.02161537
0.01230958
0.01159103
-0.02740810
-0.01585356
0.00310280
0.03146648
0.03718850
-0.04907461
0.00470396
0.01412683
-0.04266941
0.03885976
0.00557493
-0.03179315
-0.04422397
0.01960494
-0.00617920
0.00230868
-0.01848933
0.02864325
-0.00605524
-0.01029776
0.00751032
0.02665320
0.01869785
0.04466004
-0.01070611
-0.03204871
0.00595844
0.01543094
0.04472419
-0.00615735
0.02422671
0.03725335
0.02165365
-0.01176522
-0.01673173
-0.01174142
-0.04491985
0.02057755
0.04919508
0.01224181
-0.00534966
-0.01545364
0.02309955
0.02664530
-0.01957541
-0.04185985
-0.02399362
0.01960599
0.03910070
-0.01077212
0.02127737
-0.00524243
-0.02824617
-0.03478305
-0.01492009
-0.03760251
0.02566530
-0.04112730
-0.02966841
-0.04570461
-0.04360710
0.02272343
0.03007364
-0.01009902
0.02109206
-0.01871041
-0.02693747
-0.04088385
0.00279284
-0.00635630
0.02572990
0.00232194
-0.04032311
0.01978626
-0.02784482
-0.02336483
-0.02736869
0.02263533
0.04926876
0.04710611
-0.03899503
-0.04244063
-0.02460224
-0.01729459
-0.00396828
0.01146276
-0.02290115
0.00120749
0.00083364
-0.01954868
-0.00713460
0.03141886
0.04645855
-0.01502871
0.03554067
-0.04556269
-0.00812540
-0.03716325
0.00696241
0.04072650
-0.02234508
-0.00219118
-0.01105024
-0.02630880
-0.01003212
0.04802950
0.00128783
-0.02313897
0.00649442
-0.01766841
-0.02498022
-0.00775279
-0.04670671
0.02421406
0.00657393
-0.03810889
-0.01676540
-0.00984174
0.00280538
-0.03530835
0.01258560
0.02557455
0.00546132
0.02384400
-0.03020246
-0.00800678
0.02043663
-0.00768582
-0.02200765
-0.04202951
0.04863457
-0.02279433
-0.03569968
-0.01287850
-0.02252472
-0.00256282
0.02304102
-0.00624712
-0.03269202
-0.00024294
0.02770246
0.04520226
-0.03031275
-0.00430874
-0.00950374
-0.02373574
0.00646365
-0.04617802
-0.04453367
0.04301116
0.03625571
0.04991560
0.02407752
0.03690350
0.02278456
-0.01509019
-0.02164589
-0.03260045
-0.04349887
-0.03165897
-0.00760815
-0.00438289
-0.01620258
-0.02662189
-0.02123056
-0.00913436
-0.02439156
-0.00747044
-0.00614042
0.04197291
-0.00233302
-0.02247440
0.00419089
0.04608449
0.04592633
-0.00755264
0.03167368
0.02485381
0.02065642
0.03392034
0.03275833
0.04289738
0.01735054
0.00272834
0.04696091
0.02318217
0.03238517
-0.03973916
-0.00879181
-0.01880248
-0.03197253
-0.02959064
-0.03720366
-0.03694705
0.00841146
-0.02969841
-0.02574737
-0.03189550
0.03209239
0.04390952
-0.00034105
-0.01803899
-0.00240616
-0.02603098
0.03752377
-0.01934763
-0.03383676
0.02014629
0.01206874
0.03389170
0.00310213
0.04080063
0.03230705
-0.01663690
-0.01430468
0.04997694
0.04215321
0.03806427
-0.04264314
0.03729860
0.00278200
-0.01273699
-0.04076098
0.01429101
0.02460777
-0.04641927
-0.03528584
-0.00271966
0.00664918
-0.02234657
0.01743571
-0.04163124
-0.02980055
0.01149593
0.04618677
-0.03741710
0.00366491
-0.04594967
-0.02880840
-0.00169414
-0.01595305
-0.01219088
-0.03988844
-0.01933233
0.00201309
-0.00845731
-0.03486606
-0.04390113
-0.01241667
-0.03014256
-0.02221659
0.00639332
-0.00884702
-0.01695463
-0.02644158
0.02830732
-0.03378137
0.04383777
-0.02147253
0.03342218
-0.03026218
0.04997623
-0.02997411
0.03651856
-0.04453191
-0.02785555
-0.04716482
-0.01783244
0.04861829
0.00777561
0.00630669
-0.04105781
0.00803307
-0.00829918
0.04631964
0.03481400
0.00250845
0.00843637
-0.00141316
-0.03463610
-0.04409404
-0.01853432
-0.02530843
-0.02121352
-0.00005528
-0.03834917
0.00881129
-0.00596099
-0.00395674
-0.01142747
-0.03155486
0.04162832
-0.04349806
0.01432245
0.01254420
0.03421344
0.04670061
0.04961574
-0.00530659
-0.04939482
0.00391571
0.01951473
0.04806078
-0.04246668
-0.01618442
-0.03611935
-0.04427362
0.04162898
0.01195479
0.03467456
0.01179413
0.03466476
0.01580408
-0.02454845
0.00938101
-0.03468999
-0.01856745
0.00593857
0.03148006
-0.00215648
0.01758325
-0.02356918
0.02791758
-0.01133382
0.03199113
0.00980462
0.02082684
0.01199618
0.01662462
-0.00408119
-0.00855662
-0.02372402
0.02754913
-0.02743022
-0.03098588
0.04131962
0.00548890
-0.03224971
-0.00520704
0.02939329
-0.03522512
-0.01810247
0.00091734
0.01240893
0.00585545
0.02533086
0.02039858
0.02715287
-0.01792571
0.02490070
0.02408786
0.01471543
0.01634641
-0.04212764
-0.02660458
-0.02110123
-0.01663312
-0.04020304
0.04879581
0.01143720
0.04925306
0.04095704
0.03200276
0.03458187
-0.04372218
0.00279305
0.01220244
-0.01154924
-0.02148283
0.01663345
0.03339260
0.04369015
-0.03594351
-0.02083973
0.03634169
0.01974801
-0.00592761
0.03554768
-0.00306604
0.04449987
0.04119024
-0.04936289
0.01116773
-0.02320793
0.01214699
-0.03207181
-0.03683085
-0.00965168
0.02809608
-0.04206827
-0.04323600
0.00645926
-0.03138933
0.00017397
-0.01270020
-0.01497935
0.03130610
0.03956198
-0.02749202
-0.01386878
-0.03292468
0.04778393
-0.02511628
-0.02380181
0.00372408
-0.03623646
-0.00128121
0.00860225
0.00382661
0.00251083
0.04857158
0.04082546
0.04783167
-0.01993584
0.02434457
-0.01692883
0.00399191
-0.02297499
-0.03234338
-0.00101148
-0.01207769
0.01817916
0.00894016
-0.03937181
-0.00225574
0.04591981
-0.04504769
0.01891418
0.02097300
0.00900437
-0.00626495
-0.03323198
0.04734216
0.01538124
0.00560251
-0.04364228
0.04601228
0.04967129
-0.00823483
-0.02372708
0.01069256
-0.02002673
-0.00104621
0.00415672
-0.01739193
-0.04900409
-0.04314419
-0.04752234
0.02777283
0.00479136
0.02916672
0.01293574
0.01821061
-0.00914040
-0.00049769
-0.00363599
0.02673662
-0.01351496
0.02760394
0.04223682
-0.01310883
-0.02018206
-0.01303645
-0.02101383
-0.00047793
-0.00066369
-0.04806584
0.00058496
-0.00253524
-0.00106642
0.01714754
0.00158539
-0.01354464
0.02104846
0.00813147
-0.04169096
-0.01555830
-0.03452424
0.03946802
0.00920697
0.04292861
0.03619723
0.04332919
-0.00000059
0.02119398
0.00248489
0.02472668
-0.00467589
0.00876064
0.03783891
0.00777392
0.02322909
-0.02081124
0.00920338
-0.04848104
0.02679785
-0.04806671
0.00248179
-0.02503499
-0.01728866
0.02590345
-0.00487896
-0.01023750
0.00936259
0.00229102
0.02730027
-0.02478664
-0.02276562
-0.02541588
0.03606511
-0.01579384
-0.00761489
0.03230226
0.03882281
-0.01259682
0.02226609
0.01772739
-0.02496113
0.02587902
0.00348694
-0.01958495
0.01381687
-0.02178374
0.04641749
0.03187613
0.04352994
0.02217345
-0.02497262
0.02128964
0.03560336
-0.03507381
0.03166492
-0.00342240
0.04430153
0.00091966
-0.01552430
-0.01410464
-0.02488183
-0.02466727
-0.04292455
-0.01304016
-0.02543911
-0.00707536
-0.03978782
-0.01301894
0.01523351
0.02590954
0.00800044
0.03820117
-0.03277054
-0.00833534
-0.04500786
-0.04135934
0.04965959
-0.00665176
-0.03081862
0.04307992
0.01689883
0.04892222
-0.00453323
0.03700361
0.01517523
0.03060487
-0.04353723
0.02301208
0.03855111
-0.01252520
0.04458351
0.04798251
-0.04215740
0.01230577
-0.04316816
-0.02962435
-0.00193821
-0.00422486
-0.03205531
0.03020770
0.01080641
0.02584157
-0.00102489
0.00954559
-0.01417896
0.00887399
0.03518307
-0.01219975
0.04551998
-0.01723639
0.00044653
0.01448079
-0.03965783
0.04314304
0.01102442
0.04496065
0.02098316
-0.03866057
-0.00555154
-0.01276354
0.03270483
0.03135467
-0.03565979
-0.01945733
-0.03567958
0.03751647
-0.02226637
0.03841898
0.01074729
0.04166598
-0.02857164
-0.03727622
-0.00647120
0.00482308
0.04820063
0.01206104
0.04894000
0.04610568
0.00083577
-0.04060213
-0.03715362
0.01553119
0.00485916
-0.02997139
-0.00011433
-0.03811570
0.03165511
-0.04898790
-0.04932613
0.03647144
0.02696526
0.02307013
-0.02416611
0.04604002
-0.03714392
-0.00123330
-0.01434036
-0.04843426
0.03777889
-0.04096574
0.02533141
-0.04251096
-0.00597568
0.04774541
-0.00296046
0.04861173
0.04661117
-0.00443092
0.00050664
0.03899799
-0.01798030
-0.00293098
-0.02199525
-0.02585440
0.02841489
0.00114799
0.01459285
-0.02063943
-0.01455386
-0.03266019
-0.02482922
-0.01877675
0.01228582
-0.03127276
-0.03241914
-0.04475414
-0.01408236
0.04803138
0.01342864
-0.00897959
0.00694116
-0.00667422
0.03236908
-0.03566604
0.03332192
-0.01932288
0.00546596
-0.04017833
-0.01985721
0.03729492
0.04806412
-0.02371698
0.04033568
-0.04366619
0.00125712
0.03514431
0.03714986
-0.01188283
-0.04052268
-0.02119644
-0.00535854
-0.04869125
-0.02725352
0.04209274
0.02297542
0.01173278
0.04554938
-0.01066621
-0.00389677
0.02216686
0.01606106
0.02517157
-0.01663506
-0.01439364
-0.01819441
0.04070606
0.00122665
-0.03307508
0.03684307
0.03424091
0.04375938
0.00913729
-0.04718548
0.02932294
0.03154586
-0.01139684
-0.01144045
0.01079360
0.02109721
0.03035074
-0.04719979
0.02044135
-0.01342548
-0.02130730
0.03310743
0.01696161
-0.03061563
0.01155522
-0.04243593
-0.03884587
0.01508489
-0.02246979
0.04634510
-0.03654299
-0.02585124
0.04201532
-0.03093034
-0.00904631
-0.04521926
-0.00769496
-0.02055983
0.01009745
0.01073844
0.00313817
0.04756658
-0.01570560
0.02670724
-0.00192297
-0.00493769
-0.03257473
0.03070584
0.03806157
0.00809329
0.01269737
-0.02667411
0.03292133
-0.02662242
0.00469005
-0.01045867
-0.04944976
0.01817652
-0.01897292
0.00142348
0.04616114
0.02290023
-0.03573709
-0.01288591
-0.02426499
0.00442121
0.01225072
0.03380062
0.01978838
-0.00381107
-0.03844634
0.03971900
-0.00816346
0.01277238
-0.03422951
0.04414384
-0.02781578
-0.01706667
0.00974640
0.00964107
0.04060257
0.03028482
-0.02846084
0.02042568
-0.03851948
0.03377390
-0.01333116
-0.01808985
0.04285838
0.03462440
-0.00790878
-0.02798370
0.02813249
0.03031669
0.03423925
0.00332114
-0.01056876
0.04108985
0.04588363
-0.04337198
-0.04273120
0.01483453
0.04786457
0.02879640
-0.04867068
0.04226664
0.04520602
-0.00189986
0.02992559
0.00004741
-0.02682207
0.02794159
0.02787678
-0.02234182
-0.03482850
-0.03151624
0.03585069
0.03822184
0.03672657
0.03949123
-0.03292520
0.02742160
0.03692495
-0.04271591
-0.02632107
0.00025961
-0.02320339
-0.01782288
0.02888557
0.03094441
0.00576607
-0.04995985
-0.02395692
-0.02278198
-0.03181481
-0.00162199
0.03861148
0.00983513
0.02816015
0.02535516
-0.01746083
-0.03021036
-0.03319971
-0.01077294
0.04887881
-0.02935841
-0.04025636
0.02204240
-0.03282133
-0.04234327
-0.04508046
-0.00467700
0.04361693
0.01531106
0.03732886
-0.02948106
-0.00614067
-0.02306689
-0.00517427
0.03679448
0.01748814
0.01285356
0.01968435
-0.01134841
-0.02298531
-0.02319192
-0.01347059
0.04487720
0.03249002
0.01059798
0.04804015
0.02950746
-0.01735924
-0.00635904
-0.00108071
0.00343365
0.00148821
-0.03108197
0.00979873
-0.04292085
-0.02171926
0.04694504
0.00946093
-0.04406641
0.01244308
0.04376214
-0.02571126
-0.04927365
-0.02167694
-0.00448594
0.01639001
-0.02368552
-0.01297785
0.03694784
-0.00107895
-0.02924502
0.02623246
0.04053061
-0.03400278
0.03615901
0.03903311
-0.01011282
0.00024863
-0.03030706
0.02819701
-0.04082112
0.04199299
-0.02662229
-0.01370494
-0.04477000
0.03830651
-0.00167222
0.02460265
-0.02994694
0.02186913
0.00174932
0.01765556
-0.00806715
-0.01299873
-0.04397047
-0.00208444
-0.03629492
0.01271458
-0.03721295
-0.00358266
-0.02584604
0.02571554
0.01144544
0.01598835
0.00595513
-0.02447883
0.03057671
-0.02477474
-0.04006911
-0.04058884
0.04792539
0.04098884
0.01052682
0.03368349
0.02314076
0.04952764
0.01739613
-0.01490979
-0.00918638
0.01156235
-0.04363295
0.02191098
0.00412269
-0.04641307
0.03023589
-0.02783900
0.02535781
-0.02847488
0.03085193
0.01787848
0.03350944
0.04226889
0.01719510
-0.02158734
0.04315875
-0.02656617
0.04632114
-0.00402317
0.04873970
-0.04885637
0.02379600
0.00358832
0.00087726
0.03548475
0.00259846
-0.00819721
-0.02223620
-0.00588598
-0.00369398
0.01968483
0.02373195
0.01125685
0.03196993
0.01853727
0.03472344
-0.02773050
-0.03202205
-0.02992855
0.01844310
-0.01263720
0.04082705
0.02609984
0.03904645
0.01586708
0.03926021
0.01932755
-0.02933945
0.04499896
-0.00113667
-0.01616089
0.03317860
-0.04712202
-0.03606972
-0.03889478
0.00813229
0.04182019
0.02208864
-0.02122121
0.01787315
-0.03558324
0.03772323
-0.04526795
0.00199185
-0.01339147
0.00324382
-0.00732193
0.01555717
-0.04078147
-0.04390807
0.02570462
-0.03807103
0.03072394
0.04499715
0.03870776
-0.03463103
-0.01795681
-0.03473675
0.01036208
-0.02953991
-0.01770548
0.02456080
-0.02844482
0.02723231
0.02720900
0.03956141
0.03890031
-0.01253094
0.01581678
-0.02035054
0.00039713
-0.00955081
0.02625536
-0.04166215
-0.03179834
-0.03830650
0.03551584
-0.02709245
0.02073977
0.04595166
-0.03191920
0.02467192
-0.00569750
-0.01864832
0.04062999
0.03754163
0.00486426
-0.03025803
-0.01443909
-0.04244042
0.02857069
0.03668460
-0.00016011
-0.04443111
0.03955227
-0.03132482
0.03779258
-0.00514033
-0.03742726
-0.04067003
0.01881004
-0.03429060
-0.02326062
-0.01828445
-0.02190505
0.01182617
0.03287430
-0.01471955
0.04539582
0.00100302
0.01139612
-0.01930314
0.02794819
-0.00493447
-0.04054321
-0.02693763
0.00044971
0.02546862
-0.02390684
0.01186350
0.03945665
-0.02106300
-0.03695315
0.03460776
0.00337750
0.01365834
0.01887210
0.03979990
0.03042054
-0.02591954
0.02355572
-0.02914043
0.03092137
0.04404059
-0.03798588
-0.04246952
0.01257010
0.04885615
-0.03455443
0.03104548
-0.04400818
-0.00236519
-0.00065210
-0.02265236
0.03921803
-0.02592863
0.03808841
-0.02181468
0.03141397
-0.00441539
0.00654198
-0.04988628
0.00338215
0.03664540
-0.01684153
0.01420500
0.03403180
0.01258096
0.00550396
-0.02169630
0.01656663
-0.02822723
0.00915176
0.03550981
0.02090795
0.01751770
0.04375996
-0.04004581
-0.00734856
-0.01911389
-0.01197378
0.00531963
-0.03016837
0.01676713
-0.01510141
0.02408340
-0.04719191
0.04058810
0.04523392
0.02260939
-0.01950009
0.04984042
0.01534799
-0.02088137
0.00126804
0.03268106
0.04522360
0.00668757
0.04419226
-0.04473222
0.04125316
0.00040248
-0.03435386
0.00462156
-0.02922012
0.04378444
-0.00228135
-0.02092672
0.02777264
-0.00933553
-0.03048522
0.00421836
0.04602318
-0.04639647
0.02671761
0.04191501
0.04793434
0.00901229
0.03026413
-0.02472138
-0.03313606
0.03456607
0.04831358
0.03895850
-0.00624710
0.01843819
-0.01934289
0.01240294
0.01149751
-0.00894184
0.02321184
-0.04553162
-0.02711097
0.04782844
-0.00138628
-0.03579705
0.04256811
-0.04636437
0.02193200
0.03730533
0.01485000
0.00205686
0.01306702
-0.03131609
-0.02650671
0.01274958
-0.02447229
-0.03314911
-0.00575055
-0.00652943
0.01310186
0.02011971
-0.00473311
-0.01853209
0.01992547
-0.02766410
0.01430768
-0.01502841
-0.01073989
-0.02319619
-0.04796690
0.01108374
-0.04291024
0.04783905
-0.03150024
0.02854569
-0.01349597
0.01791476
0.02176937
0.01693510
0.02997277
-0.02203607
-0.01339333
0.02135574
0.01402634
0.03111619
0.03427539
-0.01864500
0.02721545
0.02562631
-0.02888450
0.04205759
-0.00616356
-0.03906273
0.01245590
-0.01889866
0.00468864
-0.03896701
-0.03762094
-0.04464289
0.04362636
0.04643134
0.01143791
-0.04837703
0.02115277
0.01625341
0.02852314
0.02047045
-0.01017153
-0.01514468
-0.03318398
0.03227768
0.01848570
0.04915297
0.01612691
0.04311722
-0.03938280
-0.03750349
-0.04459409
0.04835473
-0.02975195
-0.03020798
-0.02294778
-0.00307243
0.04887560
0.03135964
0.04223754
0.02839481
-0.00337425
-0.01522719
-0.01627400
0.04865335
-0.01808912
0.04100672
0.04895362
0.03250965
-0.03510210
0.00273897
-0.01636045
0.03084020
-0.01257507
0.01953416
-0.04023691
-0.03589501
-0.02700744
0.02441406
-0.01630138
0.01714397
0.04740939
0.04029966
-0.03072167
0.00165684
-0.04410882
0.02340923
0.04359247
0.02431870
0.04959392
-0.03453070
-0.03257897
-0.01160961
0.03603141
-0.04329241
-0.00065116
0.01368329
0.02857395
-0.04403261
-0.02857382
0.03015678
0.00970912
-0.00553205
-0.01865774
-0.02279783
0.03213296
0.04671089
-0.03360604
0.01234094
-0.00510062
-0.02574643
0.02777785
-0.03380714
-0.00658938
0.00859329
-0.02256138
0.03540767
0.00972847
-0.03658612
-0.00005431
0.02284798
0.02226401
0.00529745
0.00082203
-0.02923624
-0.04491412
0.04535110
0.02772659
-0.00108705
-0.02722377
0.00861262
-0.02611960
-0.00466018
0.02960406
0.04808190
-0.03057774
-0.01615961
0.02955828
0.01533764
-0.03996721
-0.04934109
0.04902429
-0.04619776
-0.03337196
-0.01114387
-0.00731364
0.01424350
0.01922194
-0.01689772
-0.03876215
-0.03043169
-0.04401719
0.03150814
0.01917031
0.02145659
-0.02845523
0.03279316
0.00227939
-0.03060823
-0.04875769
-0.00216849
-0.03250965
-0.01661910
-0.01483032
-0.02277294
-0.04476757
-0.04055261
0.03942935
0.03438433
-0.00084185
0.01529530
0.00044787
0.02121578
-0.00567852
-0.01744922
-0.02436510
0.04591748
0.00234626
-0.03534178
-0.03721251
-0.04251964
-0.04334794
-0.02451586
0.03953265
0.00651737
-0.03203751
-0.03845764
0.00276934
-0.01425736
0.01975735
-0.02425843
0.04986331
0.00957100
-0.01338652
-0.00306500
0.01011596
-0.02477492
-0.00815793
-0.00558882
0.03878867
0.02920663
-0.03945738
-0.04423650
0.04590091
0.04166502
-0.04921199
0.04931445
-0.02230345
0.01640222
-0.04283086
-0.00452307
-0.02362888
-0.02467673
-0.04193173
-0.03154535
-0.00557076
-0.01300751
-0.01343133
0.03179012
-0.01381507
0.01118263
0.00736274
-0.04263347
-0.03949393
-0.04859468
0.02329234
-0.01308591
0.03531665
-0.01060794
0.00736968
-0.02546983
0.01626862
0.01868430
0.03890759
-0.04719764
-0.00636901
-0.01965446
0.02957142
-0.04464727
0.01666336
0.00787465
-0.01979710
0.04168588
-0.03527227
0.03655112
-0.04597217
-0.02507335
-0.03158548
-0.02186547
0.04866439
-0.00432700
-0.00446630
0.02415990
-0.00247691
-0.00441950
-0.03301873
0.04266284
0.02523850
-0.01344505
-0.03792666
0.03613027
0.02388337
-0.03361161
-0.01635951
-0.01723785
-0.00795603
0.03966024
0.00896677
-0.03624015
0.02893093
-0.02499317
-0.02894828
-0.00716555
0.03977397
-0.00294804
0.01765288
0.01968151
0.04337860
-0.02732906
0.04998188
0.01715554
-0.04988416
-0.03750787
-0.04527118
0.01210131
0.04138697
0.04483835
-0.03547458
-0.03008798
-0.01469157
0.03415017
0.04695647
0.04789466
-0.00533406
-0.00779523
0.00800227
-0.02810933
0.00361359
-0.03103865
-0.04260630
-0.02093888
-0.00947413
-0.04259695
-0.03588671
-0.04339542
0.02722076
0.00875403
-0.04248814
0.03970169
-0.03299777
-0.04367127
-0.00650472
0.00169857
0.00927987
-0.01327069
-0.04209718
0.02043999
-0.01027239
-0.03833733
-0.01795321
-0.04758476
-0.01775188
-0.02848530
0.04357073
-0.04579366
0.02559515
0.02090565
-0.03796134
0.01192701
-0.00653341
0.01099723
-0.01218039
-0.01986545
0.01752916
0.02435138
0.04672959
-0.01160338
0.00995755
-0.01681757
0.00858545
-0.00591649
-0.01457661
0.00661616
0.02001880
0.02516326
-0.01777933
-0.01326937
-0.02329885
0.02071510
-0.03831674
0.02722272
-0.03350550
0.04769816
0.02505387
0.02952895
0.04349162
-0.00000476
-0.04967855
0.03663701
-0.01482556
0.01372963
-0.01809218
-0.03441297
0.04501278
0.03324315
-0.00233396
-0.00317445
0.02990182
0.00567749
0.00254855
0.03369232
-0.02337129
-0.04746710
0.01642066
-0.04282781
-0.03012335
0.01672846
0.02393320
-0.03813599
0.02919781
-0.00734702
-0.00185197
-0.04744431
-0.04135522
-0.01464684
-0.01148784
-0.01497586
0.00245429
-0.02091753
-0.04011228
-0.03853440
0.01036598
-0.00844659
0.02053599
0.02377621
-0.04340696
-0.03746928
0.04355821
-0.03711101
-0.00283811
-0.03908642
-0.00592030
-0.03359230
0.01297802
0.01651881
0.04208766
0.03475067
-0.03843040
0.03780890
0.01376560
-0.01810621
0.01845591
0.04986542
-0.01777363
-0.01093519
-0.01948227
-0.00961620
-0.04167664
0.00790964
-0.01355738
0.03606932
0.04342704
0.00942646
-0.00553233
0.02911990
-0.02284922
-0.00684372
-0.03791535
0.04237460
0.04421618
-0.02462705
0.01964075
0.04806253
0.04688226
0.03266681
-0.03589366
-0.01941487
-0.00704186
0.04310393
0.04989265
0.03580803
0.00543614
-0.02721508
0.01914630
0.01664191
0.01024351
-0.00167230
-0.00803141
0.02352518
-0.03600642
-0.02679381
-0.03216447
0.04470779
-0.01316681
0.04261399
-0.00660176
0.02294900
-0.03021600
0.04901052
-0.02520721
0.04255165
0.03613310
-0.02588993
0.04182310
0.01141102
-0.04093962
-0.00242310
0.01204314
0.01270072
-0.03727085
0.03539040
0.00619129
-0.00776706
0.02113661
0.01464090
0.00632347
-0.03528639
-0.01514469
0.00891655
0.04194372
-0.04372188
-0.03591910
0.04507099
-0.02267594
-0.01249210
-0.00595871
0.02457437
0.00116118
-0.02919957
-0.02750555
-0.01121943
0.01512734
0.03669687
-0.04708441
-0.04893396
-0.04396453
-0.03632496
0.03410481
0.04621695
-0.00917137
0.02753974
0.04756639
0.04770673
0.02473460
0.01082514
-0.03345833
-0.03383149
0.01169458
-0.00441656
0.03939524
0.03257686
-0.00207637
-0.03668247
0.04010807
0.03868471
0.03043319
0.00774355
-0.00894363
-0.02518929
0.04383315
-0.03133811
0.04856431
0.02821936
0.01602647
0.04463639
-0.03615277
-0.03062007
-0.03004758
-0.01091192
-0.01950963
0.00467399
0.02119712
0.03792099
-0.02564899
0.03912590
0.02577332
0.01407884
0.00713132
0.00243357
-0.01122814
0.02895745
0.04751168
0.00622109
-0.04667291
0.02457594
0.01258342
0.01617010
0.01772740
0.02758775
-0.00047659
0.00862287
0.03431890
-0.02851635
-0.01770801
-0.01774245
-0.03003082
0.01377210
0.00153599
0.00505436
-0.02522771
-0.03823667
0.01374584
-0.02192862
-0.02238119
0.03128813
-0.04068100
-0.00704109
-0.01786452
0.00186306
-0.00591946
-0.03998385
0.04878199
-0.00686557
-0.00132641
0.01078308
0.04766024
0.01645901
-0.04431691
-0.02020037
0.01505677
-0.03812543
0.01571154
-0.03391843
-0.04815502
0.03652287
-0.03299928
0.00146199
0.01763178
-0.03049136
0.01036617
0.01404551
-0.01924139
-0.04425008
0.02389043
-0.02388922
0.02001565
0.02733632
-0.04492868
0.02900079
0.00393232
0.03051536
-0.02422488
-0.01338224
0.03129917
0.01227091
0.04463612
0.02571436
-0.01312748
0.02742797
-0.04293246
-0.00408002
-0.01646675
0.01683856
0.01895964
-0.01178185
-0.01091619
0.00671237
-0.04944530
-0.00074862
0.04666721
-0.02546647
-0.04251218
-0.03897406
-0.01599653
-0.02752206
-0.00569115
-0.01247918
0.01941039
-0.04847015
-0.04746086
-0.02607316
0.01656138
-0.00904363
0.03759289
0.01517900
-0.04075854
0.04389900
-0.01724052
0.01958316
-0.03098014
0.02997312
0.00832963
-0.04361187
-0.03203694
-0.00705417
0.03841543
-0.02663363
-0.02840168
-0.02003720
-0.00872613
0.02996341
0.01336432
-0.03486726
-0.01737380
-0.00221215
-0.03936812
-0.00762524
0.01861616
0.02957240
-0.02483345
-0.01812504
-0.02975679
0.03059252
0.04788461
0.04292696
-0.04070155
0.00328018
0.00256502
-0.03440597
0.04341858
0.04048275
-0.00776768
0.02467575
-0.00491402
-0.00117867
-0.04920093
0.03121425
-0.04189694
0.02668225
0.02727723
0.03924643
0.03442982
0.04964713
-0.00403952
-0.03167991
-0.01694413
0.00571748
-0.01061134
0.04041635
0.03366858
0.02377317
0.00977412
-0.02799012
0.00278098
0.02665328
-0.03480667
0.01649359
0.02393173
0.03864591
0.02748370
-0.03285953
-0.01092865
-0.04125158
0.00194114
0.02371113
0.04940944
0.03463477
0.01359980
-0.02358342
0.04925574
-0.02226414
-0.04304019
-0.00504680
-0.02084340
-0.03652336
0.01779800
-0.00737193
-0.01575064
-0.00660724
0.00626360
0.02175235
-0.04074993
-0.01372151
0.04457955
0.02124308
-0.04585559
-0.03716265
0.02031675
0.04454295
0.04547164
0.04579685
0.02428477
0.04850257
0.00549510
-0.02005897
-0.00958785
0.00962243
0.02375293
-0.00704427
0.02399231
0.01079540
0.03521901
-0.01938443
0.04862985
0.03881773
-0.01486345
-0.04706507
-0.03054756
-0.01645514
0.02234948
0.04907444
0.04828680
-0.03174453
-0.02659538
0.03724043
-0.01448898
-0.00563723
-0.01016788
0.04730469
0.02917614
-0.00883475
-0.00386294
-0.03659245
-0.04820731
-0.04688714
0.01449367
-0.01382005
0.04340031
-0.00710698
0.03406798
0.00312588
0.04316036
-0.04682889
-0.00637595
0.01029836
0.01747386
0.03045486
0.04349076
-0.00444466
-0.04784432
-0.04560555
0.03708481
-0.00581280
-0.02548227
0.02996705
0.03805261
0.03951007
-0.02367504
0.03618910
-0.01862434
-0.00993634
0.02256915
-0.01416583
-0.03681397
0.00111930
0.02055157
0.02274652
-0.01758161
0.02866912
-0.00496601
-0.00321914
-0.02331514
-0.01747763
0.02854276
-0.00404847
0.01477037
-0.03836851
-0.02324336
-0.01919145
0.02985647
0.02710475
-0.02468720
0.03300861
0.03780592
0.02649463
-0.03109033
-0.03822875
-0.03030607
-0.03154860
-0.01488122
-0.03545506
0.02520089
-0.04070168
0.00718901
0.01838093
0.04143663
-0.04263802
-0.03873571
-0.03615191
-0.00859415
-0.04829016
-0.04486193
-0.02138668
-0.04496609
-0.04983037
-0.00694566
0.03775378
-0.02647632
-0.02235328
-0.01771164
-0.02471021
0.02804328
-0.04686483
0.04055005
-0.00864797
-0.02776744
0.02333085
-0.04916971
0.03551323
-0.03263424
0.03127686
0.01451409
0.00330432
0.04270707
-0.01335600
0.03697096
-0.01158585
-0.00191383
0.04853905
0.03617096
0.04232873
0.02349357
-0.04174260
0.03886016
-0.01668817
0.03461817
0.04739961
0.00285722
0.02051398
-0.03438443
-0.02973196
0.04199545
-0.01490438
-0.00451522
0.04220737
-0.02000806
0.01578174
-0.02336894
0.00493020
-0.00407894
0.03455835
0.04822135
-0.00553035
-0.01180699
-0.01431606
0.00855137
-0.01579029
-0.00490214
-0.00853224
-0.00355126
0.00182735
0.00087359
0.03691909
0.03842883
-0.00155340
0.02341526
0.04786548
0.01491140
-0.00033147
0.00492135
-0.01304825
0.01923338
0.04255303
-0.01641300
0.02780881
0.04828387
0.01895348
0.04356539
-0.04208303
-0.04686513
-0.04246076
-0.02722589
0.04560874
-0.00276772
-0.02052740
-0.00466032
0.00771481
0.01552692
0.04924859
0.03850732
0.00534803
-0.04475899
-0.04397028
-0.03325515
0.01357228
-0.03028156
-0.00342275
-0.00302909
-0.03919683
-0.04764526
0.00951830
0.02615484
-0.00491252
0.04840933
-0.03243692
-0.00480229
-0.04529592
-0.04105315
-0.01536626
-0.00801327
0.03605101
-0.00356165
-0.03688556
-0.04213715
0.01046935
0.03104355
0.00802010
0.03588738
-0.03560377
-0.02266172
-0.04566086
-0.02380635
0.03543514
0.02552880
-0.01944278
-0.00242945
0.03308317
-0.01492285
-0.02559454
-0.03063898
0.03853784
0.02751559
-0.03864326
-0.01577675
0.03064444
-0.02518282
-0.03805709
-0.02578139
0.03324486
0.01578913
0.00101388
-0.04702887
-0.02278891
0.03790757
-0.00305243
-0.02470381
-0.02538067
-0.04126412
-0.00309511
0.02189562
-0.00445102
-0.00680814
0.00069189
0.00713957
0.01919364
-0.03734168
-0.01167756
-0.02473930
0.00875325
-0.02818939
0.03454101
0.04308770
0.03200850
-0.04602257
0.01975814
0.02892152
0.04347636
-0.01888068
0.04969982
0.04621864
0.00411067
-0.03981018
-0.03984786
-0.01687317
0.03176180
0.04073776
0.04550163
-0.02340091
-0.04072618
-0.00927983
0.01768304
0.04938789
0.03158967
0.00909243
0.03035472
-0.03115710
0.01719605
0.03497636
-0.03413707
-0.02525644
0.04196347
0.02072113
0.02113288
0.00108847
0.01564280
0.01002053
-0.02775409
0.00204266
-0.00737048
0.01872802
-0.00550764
-0.04746687
-0.00344418
0.04263301
-0.00104776
0.03750893
-0.04579468
-0.04858625
-0.03640444
-0.02658676
0.04392870
-0.01754289
0.03720303
0.02637032
0.03869314
0.02797487
0.02862556
0.00566524
-0.04968870
-0.01157774
0.04944271
-0.03434328
-0.02016876
0.04790686
-0.01488292
-0.03250372
-0.00341470
0.01354051
0.04925400
-0.00725348
0.01575228
-0.01561711
0.00852177
-0.00251616
0.04308781
0.01371871
0.00099450
-0.01108658
-0.01912522
0.02469587
-0.02869933
0.03382772
0.03560403
0.01173630
0.02966489
0.00498100
0.03995643
-0.00173577
0.01017392
0.04599524
-0.01493880
-0.03879813
-0.03601112
-0.03955210
-0.00579370
-0.02501456
0.03087843
0.02341685
0.02901017
-0.04035490
0.01245438
0.02254272
-0.04339984
-0.04744037
-0.03353662
0.02270857
0.04364932
-0.03597052
-0.03749501
-0.04578355
-0.02589921
0.02066723
-0.01018610
0.01785314
0.04413106
-0.04790305
0.04187662
0.00722737
0.01432267
-0.00466394
0.01460921
0.01380269
0.02355561
-0.04819554
-0.01534402
-0.04873730
-0.00836151
-0.00509997
-0.00553615
-0.02240553
-0.03485126
-0.01342983
0.03157730
-0.01655520
0.04317772
0.00816273
-0.03127755
-0.03976160
-0.00856001
0.03840503
-0.01265662
-0.02820298
0.03340788
0.02831274
0.00531910
0.02789743
0.00661842
0.03174761
-0.02610906
0.00256121
0.03140525
-0.00132441
-0.04481130
-0.00920804
0.04676860
0.04832678
0.04628377
0.00788109
0.03259549
0.03160936
-0.04458626
-0.04880460
-0.00590494
-0.02391178
0.02847334
0.00339815
0.01931095
0.00299178
0.04261136
-0.01155413
-0.03795877
0.03323540
0.04896535
-0.03929159
0.02289855
0.03831486
0.01929099
-0.03846515
0.03820389
-0.03440743
0.04530079
-0.02898232
0.02018685
-0.03244913
-0.04617159
-0.00873040
0.04564349
0.04549796
-0.00074349
0.04859738
-0.02819605
-0.04765540
-0.01959085
0.04340999
0.04542879
-0.01767017
0.01648733
0.00757272
-0.00535582
0.04926931
-0.04183064
-0.04342974
-0.03210888
0.01343526
0.01278665
0.03381140
-0.02391331
0.00569772
0.01169001
-0.03960889
-0.03459438
0.00637717
-0.04367141
-0.02381204
0.00925981
-0.00977054
-0.03578278
-0.00070866
0.02190660
0.00496963
0.01501649
-0.01108222
-0.01496566
0.00990424
0.00003728
-0.04309122
0.03673404
-0.01530349
-0.03038646
-0.00349709
0.04460108
-0.03861508
-0.01422295
0.00240211
0.00334930
-0.00351699
0.02878202
0.02146597
0.04313522
-0.04596723
0.02874763
0.02241856
0.00299877
0.00902773
0.03177826
-0.04344445
0.02469387
0.02770523
0.03461182
0.03797509
0.00981545
-0.03045380
0.04758956
0.01671926
-0.03826315
0.04475084
-0.02947787
0.03858734
-0.01305114
-0.00765791
0.00475035
0.02474250
-0.00597854
-0.01466873
0.02152844
-0.03259097
0.01187344
-0.04720693
-0.01543282
-0.03509220
-0.03549314
0.00218644
0.00120902
0.01312984
-0.04759748
0.02727066
-0.04916215
0.01988404
0.02391506
-0.00825568
-0.00281117
-0.00993209
0.03513643
-0.00807859
0.01982732
0.03037600
0.01512471
0.00025789
-0.03346497
0.02436045
0.01727526
-0.01947792
-0.02805338
-0.04572998
0.03630630
0.01100643
-0.00122695
-0.01599729
0.01112130
0.00976767
-0.01636518
-0.04771882
0.00233464
0.03261665
0.03128040
0.02015738
-0.03763536
-0.00510792
0.02721755
-0.00443375
-0.00295428
-0.00993247
0.01385666
-0.04467574
0.02429326
-0.02914156
-0.01931640
-0.01241831
0.00647072
-0.00797718
-0.02508288
0.02298457
-0.02465293
0.02468053
0.01308523
-0.00455476
0.02431043
-0.04821434
0.02607656
-0.01550527
0.00227557
0.02064128
-0.00761644
0.04596553
0.01509294
-0.01981640
0.03046142
-0.03679999
-0.03601258
0.01716639
0.03933809
-0.02709115
0.02907536
0.02562809
0.00455249
-0.04068565
0.00314189
0.04980317
0.00994173
-0.04956377
0.00165242
0.04375887
-0.01829546
-0.03853235
0.00558094
0.00358190
-0.04011654
0.03809204
0.02517895
-0.00566521
-0.01639738
0.02631892
0.01556932
0.04707868
0.02115413
0.00769096
0.02011995
-0.03860798
-0.03499055
-0.00997057
-0.03035742
0.00723787
-0.02692021
-0.01047033
0.03580182
-0.01565162
0.02162988
-0.03816871
-0.03014382
-0.01677771
-0.01862787
-0.03164046
0.01887607
0.00930168
-0.03825396
-0.01976432
0.04622998
0.01481115
-0.01204035
-0.03038258
-0.04917014
0.02165841
-0.04502542
0.02564083
0.00766485
-0.02594916
-0.00372609
-0.01265560
0.01709869
-0.01631168
-0.02246040
-0.03908055
0.02122191
0.00833496
0.01145314
-0.01468887
0.02722608
0.02964193
-0.03551735
0.03317598
-0.02768053
0.02058905
0.02953258
-0.04860396
-0.04372113
-0.01485269
0.00029883
0.01324229
-0.01974859
-0.03038280
-0.04857671
0.02147436
0.01417149
-0.03154156
0.04099587
-0.04170851
0.00318453
-0.02025186
0.03453366
-0.04235033
-0.03645235
0.01623793
-0.00146117
0.04862996
-0.04420400
0.00133136
-0.02585321
-0.02857037
0.03593943
-0.03471635
0.01390986
-0.00540303
0.02007914
-0.03960299
-0.00998234
-0.03123438
0.02932271
0.02247010
0.00342362
0.02538175
0.03881194
0.00054467
-0.04923941
0.00184674
0.04748928
-0.02119088
0.00530985
0.03632149
0.01107694
0.01399367
-0.02424912
0.04235149
0.01353836
-0.02495027
-0.04234050
0.01727424
-0.01566897
-0.04058355
0.04329600
-0.02534644
0.01685163
0.02888287
0.04922359
-0.01341056
0.04406360
0.03904121
0.02951355
-0.03473544
-0.00765555
0.01959630
-0.03194159
-0.00585982
0.03448142
0.02706013
0.00742901
0.02294767
0.04425552
-0.01489651
0.03545230
-0.03779437
0.01633571
0.03511618
0.00369400
0.00719753
0.04440952
0.02351581
0.03712764
0.02525164
-0.03970638
0.04447990
0.03110790
0.01749991
0.01814656
0.04053373
-0.03085500
0.02256962
-0.01537379
-0.02358558
0.01072007
-0.04348538
-0.02764085
0.00686732
-0.02041569
0.04599150
0.01276016
-0.04261694
0.03919814
-0.04245597
0.00217085
0.00543830
0.02763077
0.02388950
0.01694797
-0.00518733
-0.02944264
-0.03634055
-0.04474657
0.03794901
-0.00827279
-0.03322862
0.04567639
-0.00224740
0.04232758
0.03579446
0.01713985
0.01150411
-0.04637852
0.01127573
0.01079566
-0.01677350
-0.00639933
0.03650192
-0.02533432
-0.00676167
0.04384245
0.01051174
-0.01450054
0.03180495
0.04475369
-0.03805607
-0.04180391
-0.04887202
0.03775124
0.01210842
0.03582146
0.03326569
0.01486669
0.04651241
0.01862790
-0.02368952
0.02753442
-0.03698735
-0.04620029
0.04016290
-0.01091844
0.02718166
0.01612909
-0.03774096
0.00480439
0.02043545
0.04649738
-0.02696635
-0.00353021
0.01405052
0.02795193
-0.01912709
-0.02638877
-0.04644829
0.04800779
-0.04970840
-0.04954397
0.00080900
-0.01414391
-0.00774051
0.04068036
0.02118971
-0.03638654
-0.02478487
0.03946000
-0.03334180
-0.00520383
0.04210853
0.00631341
0.04697420
0.04500376
-0.04148828
0.00262813
-0.02815372
-0.03313689
-0.04594604
-0.00250973
0.03301962
-0.02137681
-0.00270130
0.03545906
0.01422187
0.01118641
-0.04299088
-0.04025787
0.00801788
0.04165267
0.03371097
0.01736787
-0.01408138
0.04365850
-0.04916460
0.01452288
-0.03491995
-0.01837924
-0.02965357
0.01372801
0.04190911
-0.04360062
0.03232093
0.04529144
0.01314007
0.04978632
-0.03659969
-0.02347529
0.00825243
0.00922009
0.01622906
0.03295828
-0.00011805
-0.04344942
0.02333946
0.01921414
-0.00944564
0.00570523
-0.02962985
-0.03053200
-0.02956570
-0.02029458
0.04562009
0.02168602
-0.01775675
-0.00874760
-0.04506474
0.00269361
0.00495475
0.00740577
-0.01883944
0.02024551
0.04778508
-0.00279970
-0.01859839
0.04762872
-0.04232480
0.03742603
-0.03021695
-0.02065133
0.02865017
0.03949484
0.00658566
0.01409028
-0.02015617
0.04451919
-0.00991300
0.02640765
-0.01052276
0.00318485
-0.04377434
0.03649664
-0.00784515
-0.00408077
-0.02523792
-0.02288506
-0.01771802
-0.03386567
0.01140576
-0.04053538
0.02377527
-0.03048931
0.00250743
-0.00935180
0.02195585
-0.04757857
-0.03363179
0.02063261
0.01466684
-0.04375605
-0.00248026
0.00892499
-0.02674380
0.02050104
-0.02753339
0.02354424
0.01004817
0.04313400
0.00433762
-0.01471855
-0.01362729
0.02900675
0.03474044
-0.04226578
0.00783471
0.04438788
-0.01007637
-0.00078834
0.02714492
0.04817599
-0.00741556
0.00347040
0.01571908
-0.02579903
0.00338521
0.02723520
0.02259951
0.03805160
0.03510213
-0.01320347
0.03098786
0.00325299
0.04235783
0.00672793
0.01416544
0.04155613
-0.00594584
-0.00687572
0.01001780
-0.04183239
-0.03145627
-0.04646722
0.04922162
-0.04378696
0.03420293
-0.01360289
-0.04035877
-0.04217119
-0.04814424
-0.01206302
-0.04581549
-0.03534491
0.00750350
0.01910597
0.04725559
0.03335882
-0.00240125
-0.00355583
-0.04786638
-0.03904882
-0.00902226
-0.02386805
0.01940667
0.03024784
0.01928247
0.03323441
-0.04300211
-0.04996209
0.04393322
0.00667096
-0.03935529
-0.02406493
-0.00317002
-0.04653057
-0.01880017
-0.01050788
-0.00807223
0.04362718
0.02839882
-0.00582706
0.03022949
0.01884444
0.03060310
0.00001613
0.03666436
0.00409708
0.00523197
-0.01705269
0.01428170
0.03906251
0.01826454
0.01903282
0.00685369
0.03455357
0.03514053
0.04205022
-0.03355012
0.03415003
-0.04107223
0.00030803
0.03751375
-0.02070246
0.02424616
0.00269991
0.04629322
-0.02005432
0.00041111
-0.04669052
-0.03592337
0.00071402
0.01705382
0.03626543
0.03693546
-0.02775150
-0.00391013
-0.04480315
-0.02263619
-0.03449016
-0.01443187
-0.01724927
0.03498620
0.00957860
-0.02519618
-0.00042724
-0.01447469
0.02330840
-0.03018348
-0.03265750
-0.04704053
-0.03501986
-0.01938462
0.04514995
-0.01097550
-0.03046048
-0.00929197
-0.00275380
-0.04680815
0.03586220
-0.00899011
0.03798643
-0.03298021
-0.01603412
0.01410192
-0.01579037
-0.01703941
-0.03264282
-0.02335833
0.04945935
-0.04970232
0.03319764
0.01178886
-0.02587472
0.04742857
-0.01827160
-0.02434057
0.01082286
0.04552506
0.02955240
0.00536990
0.04122254
-0.03762467
-0.02539348
0.03600081
0.04078997
0.02805082
0.00120221
0.02135417
0.01552971
-0.02594738
0.03134518
-0.01894303
-0.04232423
0.00119629
0.02614419
0.03111519
-0.02658281
0.03121201
0.02995514
0.02508691
0.03129325
0.03518111
-0.04063850
0.04007544
-0.02718237
-0.00486678
-0.04834297
0.02218597
0.03317128
0.00449948
-0.03130047
0.03784034
-0.00557520
0.01391176
-0.03661238
-0.01562311
-0.04682569
0.04853670
0.03239805
0.02663278
-0.02299438
-0.03251193
0.03214225
0.01943691
0.00324838
-0.04217773
-0.02292592
0.01043718
0.04268264
0.03944163
-0.01796668
-0.01578593
-0.03431380
0.02081368
-0.00444402
0.03756671
0.00988506
0.00501958
0.04679197
0.02889146
0.01669514
0.04926345
-0.02388104
-0.01243317
0.01382897
-0.00961566
0.03514499
-0.00488949
0.01736087
0.01033832
-0.01390352
0.02454006
0.03722055
-0.02470642
-0.01102214
-0.02390113
0.02250195
-0.02041594
-0.02809870
-0.03087652
0.03065548
-0.00287588
0.02423583
-0.01552388
-0.04438927
0.01225011
-0.00621281
-0.03738449
-0.03015133
0.04545473
-0.04482761
0.03292746
0.00764184
0.04267956
-0.04852569
-0.02887815
0.01029803
0.04881473
-0.02519202
0.04905375
-0.03492981
-0.04908892
-0.00895030
0.02809526
0.02761806
0.02547586
0.03810789
0.03965436
-0.01811082
-0.01439889
0.01667446
-0.02248016
-0.01373556
0.01861987
-0.02821954
-0.02963377
-0.01134904
-0.03621219
0.04913555
0.00966122
-0.00964197
0.04628755
0.01198188
-0.02822221
0.00268826
0.01929618
0.04575780
0.04791921
-0.01942885
0.04472329
-0.02840176
0.02456430
-0.04190219
0.04107125
0.03617090
-0.02879658
0.03152183
-0.01661080
0.00812847
-0.03594071
0.04235654
0.00706566
0.04457893
0.00821251
-0.04596255
0.03842333
0.04840849
0.00990183
-0.01829259
0.04685253
-0.02543564
-0.00549677
0.04461463
-0.00211654
0.01686922
0.02256165
-0.02845164
0.02093503
-0.02306793
0.01996236
0.04627180
0.01486821
0.04749439
0.01853820
0.02297292
-0.01082639
0.04365122
-0.02455200
0.04294000
-0.00498539
-0.01995833
0.00191125
0.01730272
-0.04279584
-0.02806112
-0.03539431
0.01705327
-0.04109520
0.03038204
0.03825551
0.01179648
0.02263255
-0.03672158
-0.01395408
-0.00470184
0.03311021
-0.01263563
-0.03393923
0.04619555
0.03535705
-0.02028325
-0.00479379
0.00033307
-0.00113234
0.00789909
-0.02636886
-0.01706531
-0.02236536
0.00817965
-0.04526475
-0.00188755
-0.04981266
-0.03918226
-0.01357657
-0.03030268
-0.00799028
0.04469690
-0.02445482
0.01767037
0.02124997
-0.04927610
-0.01378348
0.03530633
-0.04953988
0.04118293
0.00855794
0.04638816
0.01856879
0.00702066
-0.00357522
-0.01302412
-0.02811460
-0.03316814
0.01368045
0.00825560
0.04342912
0.00917564
0.00241367
-0.03476248
-0.00471664
-0.04983932
-0.02586842
-0.04355139
-0.04288873
-0.00757174
-0.04060007
-0.00125904
0.00850878
-0.02366936
0.04550669
0.04825533
-0.01019141
-0.04718654
-0.04042983
-0.01961544
-0.00529660
0.01836543
0.02146518
0.03554696
0.00406645
-0.02525530
0.04496022
0.01675986
0.04608845
-0.00865676
0.03968759
-0.03124285
-0.00692542
-0.01078589
0.04488143
-0.04785077
-0.00815270
0.00570956
-0.01122176
-0.04220055
0.03447921
0.00213041
0.02628694
-0.03226680
-0.04715313
-0.03651134
-0.03632143
-0.04482284
0.03828527
-0.03716901
0.00825296
0.03965554
0.04484899
0.02586121
0.01075418
-0.02828013
0.03626437
-0.01142936
0.03291254
-0.03416143
-0.03354500
0.00985483
-0.00135302
-0.00376317
0.01311906
0.04475255
-0.03513914
0.00378250
-0.01716124
-0.03971524
-0.00229133
0.04306618
-0.01232514
-0.04739175
0.02623409
0.04233492
-0.00121531
-0.04981135
0.04162361
-0.00646988
-0.00965980
0.03902148
-0.00841662
-0.02152720
0.04366373
0.01602461
-0.02796250
0.01308934
-0.03235563
0.00417267
-0.03266123
0.04817276
0.01769431
0.04422882
0.01055598
0.04455383
0.01886199
-0.04328788
0.00535817
-0.03743130
-0.02818666
0.03379326
-0.02047612
-0.04623762
-0.01800396
-0.03222783
0.03767733
-0.04577471
0.02555051
-0.00717804
0.00970545
-0.03670814
0.01862537
0.00435181
-0.04038671
0.02800947
0.04196082
0.02057466
-0.04222328
-0.01327437
-0.01290190
-0.03560441
-0.00805578
-0.02835136
0.01828955
-0.00083985
0.01829221
-0.01863311
0.04751385
-0.02782192
-0.00939626
-0.02752176
0.03866178
-0.02170949
0.02963415
-0.02815963
-0.04313840
-0.00819568
-0.00718237
-0.03352895
0.00504642
-0.03536368
0.02993342
-0.02905001
0.03905048
0.02480197
0.00921263
0.04170079
-0.04295913
-0.03274741
0.00190597
0.02573259
-0.01039274
0.01617629
-0.01316806
-0.01865211
-0.00181242
0.01004114
0.00886131
0.03870381
-0.03650812
-0.04902989
0.04936469
0.02105818
-0.04332682
0.00504907
0.01959184
-0.01939665
0.04779680
-0.04088903
-0.00993957
0.04557449
-0.04881698
-0.03863338
0.04793462
-0.03375568
0.01480145
0.04296184
0.02306117
-0.00886371
0.00420636
-0.00366477
-0.01723813
0.04973331
0.03074529
-0.03747097
-0.04687797
-0.03460779
-0.02038629
-0.00557095
-0.01036270
0.02115938
0.01356366
0.00150569
0.04306042
0.00917197
0.04062869
0.04448913
-0.04678507
0.03075474
-0.04756926
0.03141421
-0.03997550
0.02684387
-0.03992563
-0.02114759
0.03065261
0.03282785
0.04924122
-0.01186354
-0.00186552
0.00885229
-0.00701118
0.01087690
0.01805737
-0.02203150
-0.04387286
-0.04239194
-0.02258916
-0.04699676
0.00712561
0.00039870
-0.04692895
-0.03771060
0.02834687
0.01462248
-0.00252990
-0.03371219
0.02809605
-0.02399623
-0.04862277
0.03675731
-0.00398964
0.00254485
0.02923427
-0.04377226
-0.01593216
-0.01370857
0.02162623
-0.00248919
0.02677538
-0.00409884
0.04766049
-0.02601719
-0.01594396
-0.03032549
-0.03010555
-0.03905758
0.04456105
0.02011821
-0.02769161
0.00681163
-0.03751066
-0.00721624
0.01159759
0.00175144
-0.03181987
-0.01154649
0.02618676
-0.03770395
0.00215707
-0.01425466
0.00859161
0.04408129
0.03295001
-0.04843117
0.01281927
0.00989417
-0.03655013
-0.01604672
0.02970899
-0.02148002
0.02176528
0.02374112
-0.03603861
0.03909970
0.02776111
0.01503604
0.02063334
-0.00448716
-0.01232695
0.04728445
0.03617322
-0.04818153
0.00187852
0.03047553
-0.03032061
0.04711470
-0.01031976
-0.02027669
0.03084558
0.02937650
0.03486107
0.03803042
-0.03913818
0.02807620
-0.03127741
-0.04632476
-0.04821902
0.02971472
0.03727397
0.02943792
-0.03662222
-0.04416727
0.00186157
-0.03669075
-0.02894677
0.03366624
-0.00151200
0.02640062
-0.01664731
0.02253672
-0.02579876
-0.04596750
0.00686487
-0.04905546
-0.03019845
0.00004220
-0.01096633
-0.02282934
-0.00318993
0.01726395
0.04520625
-0.00469912
-0.01182808
-0.02512700
-0.02276545
0.01486317
-0.01587708
-0.03797594
0.00315296
-0.00317162
-0.01082479
-0.01578953
-0.02813696
0.00149332
-0.01422880
0.02079116
0.02659281
0.00650336
-0.01386305
0.02163162
0.03630216
-0.01954258
-0.04892011
0.03766827
-0.00778220
0.02716377
-0.00750409
-0.02546517
-0.04362968
-0.01523639
-0.02125917
-0.03477893
0.02275441
-0.00303286
0.04956326
-0.04400372
0.00656269
0.02586026
0.00995431
-0.01667024
0.02649309
0.01983563
-0.01406480
-0.02124478
-0.04273025
0.02832974
-0.00620573
-0.01961739
-0.02467171
-0.03145624
-0.00768802
-0.01869574
-0.03151282
0.00530696
0.02303342
0.03997624
0.02522360
-0.04282658
-0.02329927
-0.03600483
-0.02859388
0.02927828
-0.02926689
-0.04769397
-0.04089741
0.00874592
0.02403340
-0.02328841
0.04577239
-0.01164611
-0.01988597
-0.02999358
0.02509046
-0.02774806
-0.01551731
-0.01017952
-0.02928242
0.01493922
-0.03800130
-0.01878151
-0.04820054
-0.00168303
-0.01524061
-0.01752524
-0.03925002
-0.04081853
0.02504503
-0.04298566
0.01417802
-0.02534791
-0.04947771
-0.01961316
-0.01462176
0.01444911
0.01019482
-0.00635748
0.00932288
-0.01405994
0.01067675
0.03757671
-0.02737182
0.01466516
-0.04982930
0.04019612
-0.03870614
0.04579319
-0.00044609
-0.00839858
-0.04551085
-0.01114498
-0.02309252
-0.04225311
0.03660334
0.04526575
0.01592954
-0.00377394
0.01357243
-0.02340765
0.03644362
0.03198614
-0.00432351
0.03915785
-0.03790195
0.01605919
-0.04610102
-0.01092884
0.01437210
0.03274125
0.04380138
-0.04172132
-0.02268776
-0.04955691
0.04834438
-0.03621404
0.01441036
-0.01232987
0.04971235
-0.02632617
-0.01792357
0.00170855
0.00177864
-0.02436278
-0.00574969
0.03496473
-0.00029386
0.01174261
-0.01406967
-0.01334232
0.03286192
-0.04298857
-0.03257549
0.02075286
0.01027999
0.02433339
-0.00511903
-0.03144053
0.00863990
-0.02672678
-0.04539124
-0.02811486
0.02109594
-0.00290326
-0.03540413
0.02132617
-0.03376754
-0.00254738
-0.00604947
0.00400948
0.03853365
-0.04844303
0.00448548
0.01190136
0.04410555
-0.00308428
0.02473614
-0.03400737
0.04327168
-0.00687272
0.04304291
0.00991310
-0.03117151
-0.02474642
0.04752527
0.01347098
0.01774536
-0.02463648
-0.04760067
0.04973799
0.02315610
-0.04854942
0.03231629
0.02104285
-0.03091288
0.00799725
-0.02422460
0.00053249
0.04173198
0.03676281
-0.01933982
0.01709097
0.04375064
-0.00330574
-0.02358628
0.00605307
-0.03949728
-0.03694599
-0.01548459
0.03753973
0.03590596
-0.02616274
0.01473102
0.03525501
-0.02155164
0.02809994
-0.01209064
0.00714026
0.04893634
0.00038859
0.03456691
0.00650417
-0.03040363
-0.00612931
-0.04534354
-0.04878283
-0.03528894
-0.04681290
-0.04535148
-0.00377590
0.04397658
0.02285735
0.00112898
-0.04836973
0.00884619
-0.02870064
0.00993967
-0.02906512
-0.01099813
-0.03083729
-0.00314550
0.01056273
0.01230697
-0.03066174
-0.01939929
0.02127734
-0.02043099
0.00256103
-0.04671957
0.03799667
0.04600254
0.01222851
0.00350578
0.02982313
0.01651478
-0.00787053
0.03362722
0.02199050
-0.00258769
0.04277744
0.01701123
0.04887803
-0.03506479
0.03387880
0.00311483
0.01329694
-0.00042557
-0.01517900
-0.03158070
0.04625404
-0.03475765
-0.03315220
0.00154953
-0.01901587
0.02093728
0.03383693
-0.01662697
-0.03439474
-0.04587304
0.02083706
-0.01712484
0.04829511
-0.03688034
0.03422958
-0.03378101
-0.04093070
0.02058948
0.00558252
-0.04392765
0.04904887
-0.00712505
0.03458435
0.01180520
-0.00770462
-0.03066910
0.00267257
-0.02502182
-0.03287078
-0.01433981
0.03246487
0.00529345
-0.04893002
0.00126720
0.03706462
0.03508073
0.03291226
0.04676537
-0.00018526
-0.03902440
-0.03568185
0.02298644
-0.01082797
-0.03986546
-0.03257978
0.01180887
0.01685433
0.00969777
0.02591138
0.04630336
-0.01711291
0.04857785
0.03496639
0.02821171
0.02979950
0.03517440
-0.03417212
0.02949026
0.01897806
0.01878941
0.00469440
0.04875500
-0.02721612
-0.03175490
0.00712598
0.00930795
0.01409716
-0.00900830
0.02419906
0.00720365
-0.01938495
0.03993423
0.04771456
-0.02702572
0.03209395
0.01896921
0.00481726
0.01856925
-0.00733886
0.02487411
-0.03699573
-0.04969078
0.04515509
0.02826309
-0.04098183
-0.02432950
-0.04598019
0.03821488
0.01206993
-0.03100679
-0.04013497
0.02098457
-0.00228959
0.03720511
0.01510137
0.03739174
-0.03367504
0.03896647
0.03691299
-0.03561820
0.02771768
-0.04502666
-0.04085463
0.02066956
-0.02380775
-0.00503130
0.03318664
0.03105209
0.00710261
0.01223051
0.02418645
-0.03655713
0.02212303
0.00569775
0.03432221
0.02609212
0.00960821
0.01613961
-0.01495085
0.02775792
0.04378802
-0.00372528
0.02823664
-0.02624679
-0.04814601
-0.02465744
-0.04164657
-0.03289647
-0.00544343
0.00352722
0.03261076
0.01776337
-0.02709916
0.00860741
0.04336835
0.04829533
0.01347654
-0.04410223
-0.01129243
-0.04228943
0.02713925
-0.04162197
-0.03995962
0.02282147
-0.04378023
-0.02375895
0.02541881
-0.01581171
0.00620163
0.03580682
0.01980322
-0.02222997
0.03671297
0.01629785
-0.00455625
-0.01021307
0.02620955
-0.00481630
0.00510799
0.04174500
0.02701788
0.03664043
0.00101727
-0.04192093
0.02807641
-0.02804751
0.01161224
-0.00182582
0.03263525
0.01046469
0.04112566
0.00875605
-0.04228119
-0.00999273
0.04121059
0.00940405
0.01129222
0.04551822
-0.02967519
-0.01673981
0.03060327
0.02080452
0.01781737
-0.04281510
-0.02858562
-0.03243671
0.01760354
-0.00634973
-0.02222666
0.03684441
0.00162995
-0.02548096
0.01413784
0.00357761
0.01780255
0.01936628
0.00603814
-0.01658761
0.02301301
-0.00728931
-0.01224095
0.00812473
-0.01916262
-0.01353982
0.04845712
-0.02789931
0.03603316
-0.02819269
0.00019560
0.01449790
-0.03618247
-0.02813329
-0.02078773
-0.01016464
0.01715564
-0.00526853
-0.04442355
-0.04976955
-0.00191941
-0.00475971
0.02851955
-0.01934380
0.02490183
-0.03554496
-0.01611246
-0.01317407
0.04197327
0.02018249
0.03067203
0.01586362
0.04153724
0.00950881
0.02357240
0.04582610
-0.01184936
0.00791020
-0.03002921
-0.00685520
0.04214622
-0.02667095
0.02856256
-0.00794864
-0.00203001
-0.04738000
0.00081435
0.02254870
-0.04415451
-0.02715893
0.04570117
-0.03884270
0.02849929
-0.03206275
0.00580628
-0.04519303
0.00158949
0.01566080
-0.00755041
0.01521473
-0.02192687
0.02159043
0.01748443
-0.04167389
-0.01751762
0.04878024
0.02160061
-0.02707396
0.03378649
-0.04017919
-0.03456709
0.02353432
0.01987268
0.04493983
-0.00040988
0.00557776
0.03648041
0.03850058
-0.04858242
0.04699871
0.00245540
-0.00873739
-0.01110043
-0.04285470
0.01498543
0.00926660
-0.04188883
-0.02796218
0.04773173
-0.03925479
-0.02576303
-0.04743034
0.02001858
0.01736235
-0.04762768
0.01189653
0.02467284
0.01251653
0.02743531
-0.01655058
-0.00218981
-0.00883689
-0.00554385
-0.01271913
-0.02439543
-0.04280528
-0.00137703
0.01877967
0.03817290
0.00044473
-0.00018220
-0.04074097
-0.00160624
0.04079810
-0.04960197
0.04367321
0.04757611
0.01247950
-0.02831036
0.00391989
-0.04878011
0.01034102
0.01414808
-0.03738362
-0.03861848
0.04584634
-0.03888795
-0.03691887
-0.00022787
0.03520875
0.03670394
0.00141153
0.03055254
-0.00351312
-0.01350405
0.04743177
0.03140710
0.03686739
0.00632494
-0.00149656
0.00326420
0.00148041
0.03592356
-0.03587116
-0.03807505
0.01108102
0.03952239
0.01328410
-0.04453469
0.00152082
-0.03162678
0.01154922
-0.00889926
-0.02196380
-0.00594766
-0.04466500
0.02318814
0.03606207
0.00653803
0.02844496
-0.04992521
-0.02511851
0.03631515
0.01641090
0.01157375
-0.01529046
-0.01494590
0.02134046
0.00484575
-0.04131691
0.02928939
0.02386943
0.00568202
0.00007947
0.04610041
-0.02600930
-0.01756937
-0.00644682
-0.00129891
-0.04243268
0.00274787
0.03622505
-0.02752106
-0.00291964
-0.04764752
-0.03823653
-0.04133639
-0.01097629
0.02212770
0.04610141
0.02414942
0.02676291
-0.01486470
0.02792761
-0.00763805
0.03675689
0.01040720
0.04364392
0.01551353
0.03857642
0.04246109
0.04076856
-0.02764746
-0.00963861
-0.01956323
0.04523585
0.00235607
0.03499260
-0.01694012
0.00998224
0.01721870
-0.00860310
-0.01908036
0.01496013
0.03350159
-0.04618346
0.00113623
0.02004202
0.00285795
0.00121415
0.03622453
-0.01561632
-0.04295498
-0.04099001
-0.03950925
-0.03549362
0.00730704
0.00447218
0.02499238
0.03399306
-0.04265549
-0.03253403
-0.01270656
-0.00558960
-0.01750775
-0.02387022
-0.01190720
-0.04778871
0.03795900
-0.04894713
0.04318981
-0.01414985
0.02797284
-0.02850689
0.00817402
0.00496186
0.01091060
0.00280156
0.01038100
0.00806307
0.03211331
0.04229130
-0.01540440
0.02455500
0.00463388
-0.00528386
0.00648135
0.01456278
-0.04372766
0.03097177
0.04658618
-0.03147384
0.01696812
-0.03555821
0.00855940
-0.04234313
-0.01587753
0.00551601
-0.01054899
-0.03828206
0.03141018
-0.01227391
0.03212943
-0.01556936
0.04737876
0.01589319
0.01029908
-0.03808788
0.03944710
0.02671410
0.02341733
0.03175306
0.01178560
-0.04098350
0.03094481
-0.04189505
0.02075415
-0.03221551
-0.02057852
0.04894185
-0.04221105
0.01387628
0.01305080
-0.00880970
-0.03073833
0.04889192
-0.02892183
0.04208500
-0.00730519
0.03530728
-0.02601629
0.00026341
-0.02791033
-0.04202339
0.02250753
-0.02910708
-0.04593149
-0.02060047
0.03538221
0.01991891
-0.03344816
0.01147104
-0.04732943
-0.01966386
-0.03927479
-0.01310383
-0.04064589
0.03413851
-0.03749493
0.02073602
0.02803246
0.01100259
-0.00570717
0.00246834
-0.03236378
-0.04223340
0.00233595
0.04233312
-0.01032028
0.02833095
0.04368735
0.02531829
0.00054330
-0.04790402
0.02623701
0.02110270
0.02602454
-0.03792226
0.04338206
0.01823672
0.01215113
-0.02141828
0.03273695
-0.04850298
-0.04598957
0.02970411
0.04848655
0.01664745
-0.00531164
-0.04373361
-0.03106303
0.02390352
-0.01299670
-0.03879862
-0.01883870
0.00061073
0.03808403
-0.04388749
0.02735730
0.01035797
-0.02766186
0.01215523
0.01594262
-0.03283974
0.03438620
0.01026165
0.01430032
-0.02064845
-0.04100484
0.00419596
0.02419442
-0.00955745
0.04888634
0.02519537
0.00737134
-0.00187307
0.02197172
-0.02547326
0.04349188
-0.02922153
0.04357929
-0.00845616
0.00348558
-0.03247334
0.01472541
-0.00962986
0.04669954
0.00386680
0.01869071
-0.01968247
0.03986480
-0.03607259
-0.04586142
-0.04621015
0.03196663
-0.01226717
0.01416659
0.02000715
0.03947935
-0.04911928
0.00082782
0.02063518
-0.03157033
-0.02447663
0.04394461
-0.01404207
-0.00164953
0.02390173
0.02080773
-0.02466286
-0.04760309
0.01051286
0.04689565
-0.01439780
0.03701667
-0.03527392
0.00215990
-0.01566038
-0.02453455
-0.03483842
0.02717214
0.03480207
-0.03849399
0.01319166
-0.03367690
-0.03586654
0.00785501
0.03143257
0.03869632
-0.03010815
-0.00245863
-0.03695578
0.02499816
0.02175202
0.03854041
-0.04073262
0.04322663
0.03287138
0.03648860
-0.02202305
0.04924831
0.04917921
-0.01189899
0.00341056
0.02562613
0.02552655
-0.03763392
-0.04370052
-0.03591073
0.02122862
-0.02640596
0.02974875
-0.04260707
-0.04747071
-0.04170505
0.01427389
-0.04119725
-0.04209356
0.00079939
0.00963031
-0.00379235
0.03991283
0.04196806
-0.03216155
-0.01152396
0.01867298
0.04183555
-0.00089201
0.02980810
0.02306485
-0.02540721
0.03636701
0.02831287
-0.01268210
0.03603480
0.00765928
-0.03373437
0.00918835
0.03978438
-0.00882133
0.01513678
-0.00755458
0.00068145
0.02190078
0.00755166
-0.02335543
0.04989947
-0.01114931
0.00587228
0.01298261
0.03080606
0.04243626
-0.04445049
-0.03438861
0.04357315
-0.04132825
-0.00926591
-0.02384264
0.04519361
-0.03661946
0.03277758
-0.04681877
0.02784731
-0.04724900
-0.01577436
0.02987504
0.04743111
-0.00482188
-0.04811093
-0.03038276
-0.03751357
0.02722879
-0.01619923
-0.03734139
-0.00342129
0.03610751
0.00021751
-0.02607574
0.03203371
-0.01207529
-0.03578856
-0.02561566
-0.02426274
0.02649124
-0.01001331
0.03656699
-0.04479702
-0.02977549
0.02447511
-0.01007405
-0.04712958
0.00489564
-0.00606754
-0.03560968
0.04058328
0.01338678
-0.01371089
0.01559195
-0.01409195
0.02594272
-0.02645934
0.01809951
-0.01628444
0.01503072
0.01173058
-0.03673740
0.00412411
-0.00424337
0.02637532
-0.01394644
-0.01307260
-0.01503234
-0.02450789
-0.03737673
-0.04294144
0.04346936
-0.02049550
0.03116183
-0.03209954
-0.01544345
-0.02864328
-0.02142846
0.01504276
0.03483976
-0.01249838
-0.04520154
0.04739194
0.01150945
0.02911018
-0.03487194
0.03044895
-0.04572245
0.04964574
0.00214965
0.03134955
-0.04294651
0.00952254
0.01219394
-0.02430108
-0.03881281
-0.01734324
-0.01873919
0.04371244
0.01087260
-0.00870859
0.01924588
-0.00277720
0.02833116
-0.01134174
-0.01634637
-0.02369521
0.01404255
-0.02787258
0.04218014
-0.00636057
0.01645725
0.02938431
0.01207048
-0.03619594
-0.00737295
0.01641790
-0.02148588
-0.03447554
0.02573290
-0.00175707
0.04579036
0.04658122
0.03071398
-0.00639792
0.03361687
-0.04455686
0.02794862
-0.00720368
-0.00169472
-0.01464194
0.03941628
0.00594974
-0.04410984
-0.01764522
-0.01119462
-0.02874370
0.04301806
0.02852433
-0.01294641
0.00386796
0.04792928
0.00855418
0.01434362
-0.00456989
0.02683146
0.03344810
0.03218761
-0.01692347
0.04089499
-0.01980632
-0.03460394
0.02922416
-0.03286269
-0.00845622
0.04182890
-0.03696834
-0.01469455
-0.03723555
-0.03330306
-0.04082045
0.03101587
-0.03228685
-0.03118736
-0.01737232
0.04285770
0.04584257
0.00314071
0.04346703
-0.04318092
0.04006480
0.03944375
-0.01149854
-0.04136643
0.00570540
0.02486295
-0.04592283
-0.02649124
0.03073862
-0.00688014
-0.00449228
-0.00466360
-0.03802036
-0.04116474
-0.00545958
0.04503196
0.04704376
0.03954301
0.03950480
-0.04293108
-0.02703925
0.02442771
-0.04996765
0.01817147
-0.00547049
0.04591995
-0.00438921
0.00959102
-0.03147769
0.04199944
0.01093205
-0.00033725
0.02956525
-0.00212171
-0.04212383
-0.00382527
-0.04395535
0.00295719
-0.02221250
-0.01754203
0.02652543
-0.04279942
0.02065620
0.00888090
0.00850289
0.00952020
0.00256924
-0.00554854
0.03555015
0.04529180
0.00079886
0.04082853
-0.00853669
0.01829900
-0.02667370
-0.01365338
-0.04602476
0.01708810
0.03890313
0.02308459
-0.03180508
0.02476626
0.01446234
0.01310801
0.02733177
0.00859766
-0.02372457
-0.03541696
0.02403491
0.00697350
0.02378347
0.00934813
-0.00493871
0.03871993
-0.00697579
-0.04187445
0.00483689
-0.00096136
0.02355765
0.00006036
-0.01832265
0.00821027
-0.02783582
0.01927556
0.00058102
0.00498981
0.02572513
0.03499498
-0.03020464
-0.00042964
-0.01470436
0.02481935
-0.01677576
-0.03137370
-0.02077665
-0.00415988
-0.00391769
-0.00295212
0.01294517
0.02123977
0.03601647
0.02106616
0.01375256
-0.00547195
0.02173088
-0.01758694
-0.04570098
-0.01253442
0.00044939
-0.04238872
-0.04539641
0.04053122
0.00351822
0.02715453
-0.04502669
-0.03754658
-0.01734188
0.03752048
-0.03731201
0.01819695
-0.02668983
-0.03866317
-0.04373978
0.04386938
-0.00066846
0.01314763
-0.02860003
-0.00043835
-0.02424405
-0.01839966
-0.02022334
0.03729498
-0.03740613
-0.01648432
0.01047531
-0.03622194
0.04630399
-0.04237770
0.04552552
0.00536179
-0.02730125
0.02288716
0.03514588
-0.03547056
-0.03915195
-0.02433149
-0.01909682
0.03715276
0.00124424
0.00900998
0.03913198
-0.03778335
0.04201368
-0.04155020
-0.03120945
-0.04686787
-0.00011039
0.03856863
0.02722825
0.00050521
-0.03125769
0.03468338
-0.03077695
0.03990214
0.04928960
0.00766368
-0.01444201
-0.04108956
0.01583853
0.00891117
0.03029855
-0.01207037
0.01654919
0.03088835
-0.04525360
0.02466822
-0.03886415
-0.03372244
0.02478931
-0.00017598
-0.04577729
0.01972022
0.03945890
-0.01409921
0.01726733
-0.03880915
-0.01876159
-0.00233538
-0.02453569
0.04302290
-0.01379009
-0.01995979
0.01113465
-0.04534368
0.02227308
-0.04421829
-0.01598172
-0.03654865
-0.02963597
-0.00175766
-0.02177094
-0.01492711
-0.04307326
0.04619536
-0.01901342
-0.00500609
-0.00781449
-0.04410078
0.00660129
0.03908465
0.03227813
0.03683852
-0.04405925
-0.01201671
-0.01617227
0.03670942
0.02738084
0.03911051
-0.03109599
0.03183985
-0.03330663
-0.03139903
-0.04783398
0.01089287
0.00492495
0.00487631
0.01441544
-0.04718405
-0.02886904
0.00107698
0.00828136
-0.00932859
-0.02102522
-0.01365630
0.00116258
0.02817820
0.03496129
0.02079791
-0.00225915
-0.02058580
0.00085516
-0.04460224
0.00591801
0.04212580
-0.01004380
0.00153882
0.04837541
-0.04208716
-0.02245552
0.01183831
0.01904272
-0.02795815
-0.00051331
-0.02995738
0.02609922
-0.01332705
0.03779371
0.00419685
0.00598618
-0.01005532
0.04638688
-0.04485255
0.00937769
0.03907502
-0.00106039
-0.03689693
-0.01424374
-0.02092937
0.00653310
0.04143321
-0.03237585
0.01728243
0.02621614
-0.01605226
0.03397764
0.02914134
0.02958957
-0.00887805
0.03568211
-0.04648302
-0.04362326
-0.04431307
-0.03364816
0.01877804
-0.03977570
-0.04401334
-0.01711529
0.04325011
-0.04803325
-0.04898085
0.03406709
0.02650478
-0.03124557
0.04267238
-0.00068496
0.04875474
-0.04435692
-0.02488391
0.02370457
0.03610146
-0.00878251
-0.02887907
0.03328813
-0.02632239
0.01138571
0.04314655
0.01781880
-0.02509888
0.04784527
-0.02740296
-0.03034726
0.03903591
-0.02349407
0.03589352
0.02799931
0.00303701
-0.00500994
0.02242395
0.01694911
0.03883505
0.04376721
0.02030548
-0.04813391
0.01595414
-0.00896016
-0.04694785
0.00928582
0.03505603
-0.00529763
0.02105753
-0.03596900
0.03597688
-0.04544284
-0.03727964
0.04303170
0.00917164
-0.02289970
-0.00108707
-0.03673312
-0.04244504
-0.00842241
-0.02882472
0.02081915
-0.00938630
0.02284969
0.02645660
0.04295601
-0.04561822
-0.04083277
-0.04722107
0.03879177
0.04369424
0.00697207
0.02436472
0.00847905
0.02890122
0.02202292
0.00921023
-0.01429817
-0.00914729
0.04265449
0.03347525
0.03022019
0.03611192
-0.01867902
0.02533462
0.04960100
-0.03396261
-0.01579101
0.03384789
-0.02281806
0.03201021
-0.03984492
0.01376522
-0.03648869
-0.04996995
-0.01448820
0.00664590
0.00821838
0.04459107
-0.02637074
-0.04403422
0.04693078
0.02419704
0.04353518
-0.00798596
0.04153278
0.04528727
0.03315357
0.03174067
-0.03602581
-0.01915295
0.02749973
-0.04519868
-0.00260907
0.00253340
0.02184646
0.01428816
-0.04765145
0.04873860
0.04462104
0.02767571
0.03209406
-0.01522089
0.03983355
-0.01245900
-0.02898796
0.01696397
-0.03139771
-0.01225869
0.01795753
0.03085887
-0.03354678
0.01933648
0.02139286
0.00682200
-0.00372338
0.03464970
-0.01093325
0.01628152
0.04680574
0.03870488
0.01690861
0.02302713
-0.02084914
0.02326440
-0.02823637
-0.04243560
0.03542727
0.03227818
-0.02473981
0.03396326
-0.03905029
-0.01219877
-0.02051010
0.03952798
-0.03057533
0.03228200
-0.03792215
0.00779664
-0.00935086
0.00273203
0.03871959
0.00886794
0.00678604
0.01689675
-0.03769999
0.02016155
0.03233297
-0.03869158
0.01095268
-0.01671980
0.04606355
0.00233107
-0.00113558
-0.03559948
-0.00847302
0.04928948
0.04018817
-0.01642653
-0.03034095
0.02342483
-0.01248946
0.03514795
0.04814086
0.00372441
0.00471504
0.04349399
-0.02529215
0.04167037
-0.02241652
-0.01148192
0.01472965
-0.03098440
0.03813640
-0.01268154
-0.04879350
0.02238945
-0.02977816
-0.03223743
0.04182671
0.02679371
-0.01729205
-0.02186134
-0.01361886
0.01697421
0.04351017
0.00685353
-0.03536327
0.00480159
0.00622175
0.02621162
-0.00939380
0.03133728
0.00994922
0.02818039
-0.00208378
0.03565856
0.00383791
0.00837331
-0.02912128
0.02793524
0.00893174
0.01044625
-0.03158933
0.00393910
0.04158086
0.04136402
0.03710480
-0.03458218
-0.04108638
-0.03439634
0.00314003
-0.03487981
-0.04857098
0.03760146
-0.02055287
0.04361636
0.02435577
0.04931402
-0.01445671
0.01730238
-0.00439805
0.00387181
-0.04953000
-0.01444511
0.01775428
0.01464222
0.00821387
-0.01233681
0.00583984
0.01547558
-0.04044590
-0.03581654
-0.01542614
0.04937052
0.02865014
-0.00605072
0.04140158
-0.00299156
0.02303478
-0.00260832
-0.04906576
-0.00087717
0.04383564
0.02573299
-0.04015744
-0.02336909
0.02455881
0.00027866
0.02474617
0.01239796
0.04376792
0.00319143
0.02735492
0.04659414
0.02827774
0.02243136
0.00213162
0.03458798
0.03107655
-0.00948785
-0.00916747
-0.04088763
-0.01056819
-0.03901187
0.01589036
-0.03688396
0.03313554
-0.03101840
-0.01973131
0.03466050
-0.00297100
0.02964470
-0.01626017
0.04845340
0.01854384
-0.04977813
-0.00751393
-0.04187984
0.03546911
0.00383882
0.04120382
-0.03695048
0.00733503
0.01389511
0.02071751
0.03480943
-0.04975403
0.01281733
0.04138692
-0.03521968
-0.03971462
0.03658242
0.00868638
-0.02846707
-0.00493554
-0.01393729
0.00008946
0.00269332
0.02953222
-0.02673445
0.00342268
-0.01541486
-0.04466768
0.03267758
0.01182306
-0.01617783
0.02479380
-0.03941514
-0.00308608
-0.03033242
0.04413717
0.03495938
0.02968872
0.04495193
-0.00501795
0.03183300
-0.03991520
0.03089971
-0.03614742
0.04105834
0.00883100
-0.02967835
0.02851138
-0.00173298
0.00132342
0.04697987
-0.00241426
0.02699652
-0.02268318
-0.01146736
0.03330996
0.00669657
-0.03042737
0.02420078
-0.04152437
0.00991697
-0.04254960
0.00840902
0.00150249
0.03970785
0.04835360
0.01406501
-0.01883849
0.01347600
-0.00381796
0.00640818
-0.04655545
-0.01090633
0.04045300
-0.03300840
-0.02105725
0.00215696
0.00883196
0.00373245
-0.02116435
0.04073191
0.02830051
0.02064767
0.02735342
-0.03579901
0.02066064
0.04264288
-0.03911075
0.01013217
-0.02245575
-0.03325974
-0.02204671
0.03180763
-0.00701294
0.02702762
0.04092087
0.02573994
-0.00559754
-0.00585572
-0.01446304
0.00844776
-0.01112078
-0.02493853
0.03111145
0.01618240
-0.01831217
-0.04195826
0.02245142
-0.02065699
0.02391893
0.04601719
-0.01601363
-0.04090274
0.01106152
-0.02280454
0.04244726
-0.00243972
0.03224119
0.04583409
0.03827094
0.04928025
0.03258352
0.02105904
-0.04399988
0.00955321
0.03971514
-0.04124226
-0.00090822
-0.04604824
0.01884954
-0.03402378
0.02964480
-0.04448720
0.00976098
-0.02530769
-0.00180730
0.04067104
0.03783320
0.01875185
-0.03756604
0.02706431
0.01263746
-0.00905851
-0.04493195
-0.01666919
-0.00239207
0.01603116
0.03601460
-0.00659006
0.02907978
-0.02978534
0.04268047
0.00230483
0.03814038
-0.04345895
-0.01268461
0.00209310
-0.04673417
-0.02266454
0.01220581
-0.01682585
-0.03093668
-0.01486025
-0.02819063
0.01767007
0.00678479
-0.03912950
0.01536653
0.03955324
-0.04247851
-0.02544953
0.04461130
0.04350101
0.03213361
0.03040003
0.00616850
0.00165574
-0.00188372
-0.03871358
-0.00492688
-0.00500974
-0.03161338
-0.02021799
-0.04542102
0.02762420
-0.01077527
0.00278243
0.03676626
0.02213238
0.02633064
0.01541000
-0.04143913
0.04436425
-0.00913141
-0.01620115
-0.03917499
-0.02433492
-0.00398801
0.01462894
0.02673759
-0.03635130
0.04773240
-0.01535141
-0.03795192
0.03620182
0.01800902
0.04113967
0.04809055
-0.01980429
-0.04120393
0.03763446
0.04383601
0.00326920
0.02755363
-0.02184762
0.01779584
0.03641563
-0.02206715
0.01143247
-0.00809235
-0.00231038
-0.03753869
0.01796123
-0.02423078
-0.03301734
0.01765969
-0.00436621
-0.04177259
0.02323571
0.01865681
0.00400059
0.02377619
-0.03996030
-0.02169841
0.04735972
0.03227909
0.00402637
0.00395993
-0.02441728
0.03234741
0.00367268
-0.00517180
-0.01096544
-0.04692105
-0.00110725
-0.02288858
0.04475340
-0.03129593
-0.02136238
0.01114319
-0.04553765
-0.00070036
0.01960104
0.03526388
-0.03362685
-0.00044237
-0.01497133
-0.04059965
0.04187292
-0.01084712
0.02318377
0.01099298
-0.03883925
-0.02300124
-0.02881361
-0.02629694
-0.02137400
0.00372882
0.01355752
-0.02563287
0.01241829
0.02409534
-0.01948994
-0.01784816
-0.00534080
0.04938601
-0.03367054
0.01877711
-0.03349723
0.03386505
-0.03404892
-0.04503091
-0.00872022
0.02454818
-0.03911535
-0.02207581
0.02489726
-0.01724869
0.03481219
-0.04918488
0.01323701
0.03747120
0.00180218
0.03123000
0.00584175
-0.02997159
0.01867797
0.04139624
-0.01752288
-0.02514510
0.03519832
0.01298160
0.01198387
0.00125404
-0.03338582
0.03870664
-0.00556655
0.02790645
0.04098448
-0.02250054
-0.04056086
-0.04942104
0.01263341
-0.03045815
0.02407500
-0.04386587
-0.01040088
0.03002403
-0.01061336
-0.03756538
-0.00434343
-0.00894336
0.04884193
-0.03674261
-0.01304658
-0.04600856
0.00732707
0.02985075
-0.02934216
0.02644844
0.00150489
0.02151715
-0.02840111
-0.02540897
-0.03131748
-0.04749782
0.02264393
-0.02151464
0.03981811
0.03937200
0.02311861
-0.03369942
-0.02056434
0.01734864
-0.03241091
-0.00597931
-0.02053813
-0.02927402
0.01328236
-0.04754689
0.04387627
-0.04150838
-0.04228834
-0.00703562
0.01836508
0.02046130
-0.02476761
-0.04136036
0.02929464
-0.02220474
-0.02624934
-0.04093225
0.00584851
-0.00482980
0.04820815
0.00486804
0.04506332
-0.01232220
-0.01004574
0.00533107
0.01358936
-0.02569702
0.03453148
-0.00187881
0.02863862
0.02654285
-0.00517044
-0.01078476
0.04399678
0.00987348
0.01550710
-0.02139772
0.01447807
0.01980051
-0.00822682
-0.01553512
0.01715397
0.02701291
0.01116889
0.03675730
-0.04315223
-0.03836495
0.02013154
0.02886350
0.03316642
-0.03593617
0.04555688
-0.01688720
-0.01077780
0.00669452
-0.04819649
-0.03125362
0.01078285
-0.03990494
-0.04554365
0.01680334
0.00543005
0.03922889
0.03108491
-0.00698471
0.01144095
0.04082203
-0.03667736
-0.04931680
0.02793471
-0.03997709
-0.04914924
-0.03412699
0.03899347
0.03883196
-0.03949585
-0.00538967
0.03015222
-0.02503950
-0.04639304
-0.03760220
0.02617577
-0.03720407
-0.02136499
-0.04285664
0.02387301
-0.04977791
-0.04265865
0.01728576
-0.01031509
-0.01105002
0.04442468
-0.03488706
0.02602992
0.02931961
-0.04690697
0.00303198
0.02481581
-0.01889594
0.04375261
0.03152633
0.01023685
-0.04037739
0.03498294
-0.04940789
0.02237175
0.02006491
0.03381141
0.02959684
0.03231372
-0.02474008
0.02288939
-0.03650945
0.01609491
-0.04134527
0.03893775
0.02827810
-0.01952907
-0.01010783
0.04581807
0.00163479
0.01489141
-0.03666121
-0.01803263
0.04431960
-0.02565940
-0.02216141
0.03567065
0.02529784
0.01154680
-0.02125979
0.04729667
-0.00188577
0.01115327
-0.02433795
0.02106509
-0.02105688
-0.04374492
0.00657037
0.04526299
0.04060283
0.04140390
0.00688113
0.04886543
0.00778338
-0.01010530
0.01689326
0.02764726
0.02926274
-0.04515089
-0.04167284
-0.02302923
-0.03589664
-0.01489819
-0.01683367
0.03130251
-0.01672597
-0.03426911
0.01987464
0.03399930
-0.02685713
0.01548453
-0.04616316
0.03552566
0.00012733
-0.00085990
-0.03500806
-0.00684386
0.00920445
0.00629633
-0.00480667
-0.02673435
-0.02233397
-0.01978261
-0.01988783
-0.03104920
-0.00550172
0.04279299
-0.04978077
-0.00828963
0.02956226
-0.03486592
0.00731451
0.03521165
0.04350936
0.00772743
0.01268880
0.00488166
0.04420778
0.03200133
0.04560815
-0.01639648
0.00581324
-0.02116453
-0.02638816
-0.02281090
-0.02579942
-0.02170137
0.04071527
-0.00688769
-0.02727260
0.00355090
0.03879348
-0.04554015
0.03545802
0.00136214
-0.02766325
0.03090557
0.03777834
0.01205020
0.01252054
-0.01431092
-0.02592167
-0.04804218
-0.01263878
0.03106825
0.04466632
0.03911030
-0.04950737
-0.01410516
-0.00317972
-0.00947574
0.03706174
-0.01843131
0.03169294
0.02394623
-0.00389346
0.01078178
-0.01562262
-0.04249968
-0.02776635
0.00555396
0.04736940
-0.03308266
0.00186947
0.02910523
0.01290051
0.00632295
0.02022375
-0.02070633
-0.02587087
-0.00792172
-0.04987345
0.01758034
0.01489548
0.04898784
-0.03512495
-0.01307589
-0.02710271
0.03941175
-0.03378069
-0.02216363
0.03315581
-0.02519201
0.03086884
-0.02509482
-0.00657672
-0.02865123
0.01134552
0.03939163
-0.00578126
-0.00996715
-0.00837419
-0.03897363
0.03429024
0.04572574
-0.00737443
-0.04923836
0.04937762
-0.03836074
0.03301489
0.01123375
0.01001606
0.03940091
-0.01358737
-0.00601792
0.00379030
-0.01400582
0.02930829
0.03540358
-0.02689405
0.02198358
-0.02663559
0.02906078
-0.04308649
0.02908305
-0.04170563
-0.02377690
-0.00136190
-0.03409739
0.04911419
-0.04278560
0.01861597
0.01294322
0.00407012
0.03094530
0.03630706
0.02315619
-0.01948998
-0.00343412
0.01963591
-0.02344290
-0.04195621
-0.01850197
-0.02976801
-0.03989380
0.02146928
0.00064144
-0.04004679
-0.02691913
-0.04977451
-0.04556763
0.04739662
0.00290010
-0.04780934
0.00407901
0.01877398
0.04348007
0.03818029
-0.00619410
0.04755151
-0.01039330
0.04524019
0.02060612
0.01300772
0.01817048
-0.01650765
-0.04387226
0.00452643
-0.01479589
0.01302147
0.01643790
0.03699490
-0.00694391
-0.00320076
-0.01765562
0.00533989
-0.03641053
0.04535704
-0.03834913
0.00439801
-0.02200654
-0.03297314
0.03950870
-0.01644662
0.03923208
-0.03373634
0.03071031
-0.00578313
0.03244520
-0.03220117
0.02123773
-0.04523457
0.01864598
-0.01069811
-0.01865516
0.00707837
-0.00340908
0.04346519
-0.04567252
0.00189088
0.04525276
0.02631542
-0.04074807
-0.00411007
0.02008901
0.02708871
-0.01758405
-0.00194502
0.00077214
0.03532759
-0.04124127
0.01971036
-0.03815878
0.04464915
0.02846641
-0.01149407
0.03888585
-0.00567642
-0.02676147
-0.01165805
0.00341943
-0.04010889
-0.04968941
0.02333523
0.01704974
-0.01542716
0.03871143
-0.02662911
-0.04557153
0.00319709
-0.02907400
-0.01197933
-0.03722639
0.00734041
-0.00181280
-0.03369562
0.00869517
0.04791039
0.04353644
0.02477755
0.00194469
0.00649316
-0.01954124
0.02945261
-0.01116786
-0.02403785
0.00363242
0.02851494
0.01239284
0.02273671
0.01175032
-0.02010460
0.00952264
-0.02777915
-0.01548607
-0.04883211
-0.03831726
0.03517690
0.00631766
0.02555254
0.01591017
0.00877290
-0.01315905
-0.01009571
-0.01056584
0.00770602
-0.01304175
-0.01388576
-0.01427139
-0.03854555
0.03058635
0.04755185
0.04255826
-0.01962273
0.01886659
-0.01475135
-0.02841840
-0.01586348
-0.00432400
0.00294635
-0.01523220
-0.01831789
0.02039560
-0.01424917
0.01307611
-0.01353302
0.01562893
-0.03779143
-0.03216983
-0.01729419
0.03895413
-0.03041346
0.02114628
-0.02686842
0.01255031
-0.01832317
-0.01940214
-0.00578464
-0.03038696
0.04517226
0.00285499
-0.03376465
-0.02372189
-0.03314325
0.01608618
0.03904462
-0.04809387
0.03909837
-0.01876514
-0.03004820
0.04000737
-0.04203001
0.01545378
0.03543170
0.01336481
0.02222326
0.04177197
-0.02171963
0.01105364
-0.03773363
-0.04732493
-0.02048496
0.04070554
-0.03403160
-0.03265527
-0.02179441
-0.02031307
0.01283613
-0.02781405
-0.01141794
-0.00956909
0.02116846
-0.01575311
0.04749050
0.04087826
-0.02402729
-0.04513642
-0.02619026
0.04706672
-0.00259766
0.02203303
0.02755016
-0.01012738
-0.01437027
-0.04419141
-0.01352085
-0.04257429
-0.00300001
-0.00996152
0.03146823
-0.00898851
0.04021959
-0.03596191
0.03553904
0.02340566
-0.01205659
-0.00868140
-0.04077765
0.03797289
0.04759559
-0.02208328
0.03360873
-0.02696767
0.04009544
-0.04265418
0.00620882
0.03849468
0.01435850
-0.00569782
-0.03689989
-0.02074736
0.00357895
-0.04842342
0.01318065
0.02267902
-0.04553124
-0.02417937
0.01835133
-0.04331625
-0.01077729
0.04073058
-0.01291156
0.01849592
0.03236184
0.01848000
-0.01496293
-0.03493601
-0.00633511
0.02024801
0.00959641
-0.00218274
-0.03908597
-0.03208534
-0.02024466
-0.01807491
-0.00913288
-0.02263308
0.02172412
0.03261372
0.02257030
-0.03397423
0.02821731
-0.03823441
0.04794867
0.03151273
0.03488202
-0.03213931
0.03725854
-0.01404068
-0.04030801
0.03264197
0.04336049
0.01368329
-0.02831411
-0.04824485
0.00697428
0.00254041
-0.03612447
0.04235826
0.01237160
0.04325807
0.03810757
-0.01828077
0.00557143
0.03290609
0.02906757
-0.00401877
0.01272249
0.04125040
0.00129857
0.01480681
0.01785783
0.02294739
-0.04905472
0.03758152
0.04686138
0.01627894
0.00410466
-0.01764207
-0.04248936
-0.04127084
0.03530094
0.03271860
0.02955111
-0.01810176
-0.04342609
-0.03136003
0.01029218
-0.02221288
-0.04698344
-0.04677368
0.04764200
0.03262596
-0.01867543
-0.01920118
0.03743340
0.03703167
0.04456371
-0.02876355
-0.00915532
-0.03279553
-0.03887489
0.02705555
0.02705392
0.00954178
0.03760675
-0.04846138
0.02518478
-0.02129107
-0.04339417
-0.02133242
-0.04487350
-0.04465085
-0.04951690
-0.02296196
0.04281420
-0.01292135
-0.02299460
0.02219959
-0.02108738
-0.04564746
-0.01666321
-0.04131886
0.03764552
0.04149272
-0.03800143
-0.00700218
-0.04457764
-0.03443244
-0.03305293
0.00953846
-0.04318221
-0.01679729
0.02273818
-0.02429240
0.04481350
-0.01129821
-0.00235774
0.02244262
0.01098934
0.00019299
-0.03708715
0.02710177
-0.02360785
-0.02111076
-0.00562972
-0.03767007
-0.03325509
-0.02910006
-0.01621841
-0.01627328
-0.00261229
0.03135436
0.03150420
-0.00946360
0.00181972
0.00703792
0.01290270
0.01690020
0.03039327
0.04370905
-0.01156306
0.01353428
0.00048105
0.00306656
-0.04402313
0.03323357
0.02913875
0.00814276
-0.02775591
-0.01220920
-0.00960348
-0.00150010
0.01066808
0.00861711
0.00620825
-0.01642856
-0.02953863
0.00826321
0.04340335
-0.04700569
0.03214507
-0.03810083
-0.00712566
-0.02338089
0.02711957
0.01653054
-0.00103934
-0.02330737
-0.00441835
0.01497422
-0.01889296
0.01420571
0.01119106
-0.04782923
0.00508570
0.01207200
0.02900443
0.01998460
0.03159546
-0.02261753
-0.01267096
-0.03191707
0.04438431
-0.00432488
-0.02523160
-0.04257653
-0.01117152
0.03235744
-0.03489264
0.02368731
-0.02857359
-0.01671045
-0.02390734
-0.00467399
-0.00820199
-0.01948388
-0.04792830
-0.03704206
0.03878089
0.00547730
0.00444613
-0.00192895
-0.03831058
-0.01186084
0.04253085
-0.00463820
0.02720315
-0.02169571
-0.02725619
-0.02717901
0.03766879
-0.04410307
-0.03466202
-0.00283997
-0.04524718
0.01100539
-0.00641479
-0.00957493
0.03964496
0.02798197
0.03811350
-0.01728345
-0.03208081
-0.00349233
-0.04818623
-0.00900892
0.04336070
0.01826715
-0.00421029
-0.00766099
0.02398122
0.02607883
0.03438280
0.03430488
0.02479002
0.02415681
-0.04612133
0.01080781
0.02221136
0.04772467
-0.02269049
0.04698070
-0.03120045
0.02369298
0.01383808
0.01481513
-0.03623559
0.01527520
-0.01047998
-0.04274251
0.02413051
0.04463383
0.02838153
-0.00599730
0.02374154
0.01625083
-0.00825321
-0.02625008
0.02028165
-0.03073140
-0.03136590
-0.00336719
-0.04424664
-0.00118177
-0.04738525
0.04385842
-0.03581375
0.00286835
0.00889088
-0.02886305
0.01867319
0.01991060
0.03713459
0.03534968
0.01552086
-0.00173115
-0.02520934
0.02023428
-0.01096796
0.03979702
-0.01188636
0.04622637
-0.00832009
-0.02764315
0.04367088
-0.01531801
-0.00230055
-0.03321269
-0.01497846
0.04904391
0.01029762
-0.01508594
-0.03819732
-0.02157299
-0.01611415
0.01713478
0.04205443
0.04734629
0.04683961
0.04048150
-0.04802707
-0.00200376
0.03235509
-0.01812187
-0.02735063
0.02857525
-0.00311136
-0.00781948
0.02297314
-0.03458278
-0.04348125
0.03645796
0.04536475
0.04971631
0.01568207
-0.03669450
0.01016612
0.02707584
-0.00168457
0.03726169
-0.04426057
0.00105662
0.01624863
-0.01842218
-0.02085219
-0.03614321
-0.02589938
-0.00884549
-0.00692744
0.02764082
-0.02976274
0.04805933
0.04071780
0.02836509
-0.00904902
-0.04241333
0.01634321
-0.01279109
-0.01679372
-0.01347445
-0.04439877
-0.02357043
-0.01622362
-0.03518913
-0.03703300
-0.02693583
0.04912843
0.03666738
0.03538566
0.00346226
0.04244589
-0.01907436
-0.02551477
-0.04781628
-0.02525285
0.00467595
0.02565859
-0.02104839
-0.00931753
0.03287294
0.02052211
0.03022691
-0.02778175
0.03508763
-0.00248719
-0.03185587
-0.00424862
0.03517402
-0.02344020
0.01738867
0.01685695
-0.03691212
0.01634967
-0.03897319
-0.03755009
0.01163497
-0.01631645
-0.04935677
-0.01610143
0.03573323
0.02621691
0.01846231
0.00749157
-0.03952546
-0.04593448
0.02081328
-0.00457408
0.02074888
0.04864306
0.00767532
0.00739239
0.04954003
-0.03142642
0.01706675
-0.02348386
-0.04095807
0.01214520
-0.00961623
0.02348983
-0.04679168
-0.00889174
0.02000401
0.00624342
0.03961856
-0.00659485
-0.01562384
-0.03907982
0.00928814
0.00057893
-0.01210258
-0.02624942
0.03339362
-0.03192579
-0.00414968
0.04797132
0.02846364
0.04960695
-0.04158534
-0.03262998
0.00306558
0.04598601
0.02722628
-0.01476692
-0.02270043
-0.02555686
0.03000469
0.01506398
-0.03523032
-0.04245927
0.00303361
0.00113494
-0.00172634
-0.02063639
-0.00237891
0.02084571
-0.03493609
-0.03313854
0.04096669
-0.00347339
0.01031027
0.01843671
0.00275388
0.02202354
0.03068345
0.04995674
-0.03636046
0.03201450
-0.03328682
-0.03945008
-0.01330324
0.04571027
0.02149901
0.02085291
-0.04120012
0.00420922
-0.04715159
-0.01080810
0.01245100
-0.00857385
0.00597009
0.00789755
-0.00387584
0.03644968
0.00086820
0.01855870
0.04189350
-0.00305402
0.02488921
-0.00038699
-0.04342357
0.00729392
-0.04118975
0.04977931
0.02275382
0.01214602
-0.04723004
0.02948689
0.01626808
-0.02896744
-0.04674377
-0.00715162
-0.00618751
-0.01198437
0.03986742
-0.02537134
0.01272782
0.02594852
0.04444824
0.01252507
-0.03444024
0.01619204
0.01853753
-0.00175994
-0.00017466
-0.04076260
0.00469430
-0.02853384
-0.03791092
0.01958116
0.04964616
-0.02997027
-0.00562667
0.04689509
-0.02322543
-0.02885222
0.03522539
-0.03206949
0.00706119
0.01148103
0.01703611
0.00701283
0.01620146
-0.01345894
-0.03732636
0.01986481
-0.01604990
0.03710972
-0.00291160
-0.00680715
-0.01825806
0.04752246
0.03653833
0.00070687
-0.04712601
0.01705070
0.02763505
-0.04781843
-0.02454230
0.04968289
-0.04246726
0.01133933
0.02933871
0.01192944
0.04708560
0.00322242
-0.00680781
-0.03098671
0.03609141
-0.00382413
0.02175872
0.03520411
-0.03646004
0.01078958
-0.03135831
-0.04738466
-0.00740431
-0.00209132
0.00963352
0.02061143
-0.03173256
-0.03468067
0.02548955
0.02954190
-0.03514439
-0.04975271
0.04900804
0.00693361
-0.01357260
0.04738276
-0.02680974
-0.02971728
-0.04743636
0.03090505
-0.03349065
-0.04940163
0.00962524
-0.00154546
0.01686004
0.01246012
0.01613602
0.01298862
-0.03391086
-0.01213627
-0.03402851
-0.00127599
-0.01119191
0.04107898
-0.02478771
-0.04934729
-0.02884251
0.00247389
-0.02049349
0.01486552
0.01138324
-0.00531829
0.02708287
0.02608913
-0.00640829
-0.00177474
0.00381736
-0.03117668
0.01297777
-0.03955118
0.04645750
-0.02231207
0.04829109
0.04991402
0.03682850
0.02986224
0.03461228
-0.02414171
-0.03352695
0.04258041
-0.02505959
0.03493382
-0.04110902
-0.04279368
0.02367413
-0.00574145
0.00454631
0.01822275
-0.01192444
-0.03221851
-0.03628576
0.02951811
-0.04524107
0.02789721
0.00777282
0.03952128
0.04186769
-0.03294860
0.02379038
-0.00958837
0.01341633
0.01941398
-0.03192548
-0.02509301
-0.04157898
-0.00044947
0.02436652
-0.00879090
0.04468241
-0.03853421
0.04680097
-0.01282147
-0.00018692
0.04977882
0.02327267
-0.03682112
-0.02507549
0.00931384
0.00691711
-0.00692171
-0.02120014
-0.01440477
-0.03172387
0.04128843
0.04703657
-0.01182565
0.04690228
0.01552317
0.03342501
-0.02622666
-0.01973536
0.01935889
-0.00529513
-0.00276089
-0.00790732
-0.04390176
0.01913448
-0.02255730
-0.04462638
0.01969049
0.01799902
-0.00555556
0.00341805
-0.00839428
0.01569607
0.01600814
0.01205373
0.03990866
0.00170322
0.03225702
0.04975102
0.03146132
-0.03023628
-0.03588925
-0.04443170
0.00717449
0.01828622
0.02773331
-0.02271575
-0.00121916
0.01706604
-0.01677130
-0.04621228
0.02025483
0.01951848
0.04396619
-0.00929717
0.01845503
0.03633425
0.04566741
0.02249772
0.02046481
-0.03028972
0.00398523
-0.03640298
0.02272545
0.00658511
-0.01311360
-0.03251518
0.01232960
0.03661164
0.01033262
-0.01107521
-0.01520707
0.00871886
0.01443818
-0.04155247
0.04464577
-0.03797112
-0.01673842
0.03437234
0.03381569
-0.01301124
-0.02176488
0.01514265
-0.04929164
-0.01154354
-0.04320369
0.02323242
0.03931188
-0.02696888
0.00250623
0.02933684
-0.04087179
-0.02342773
-0.04881949
0.02606736
-0.00167614
0.00589665
0.03332007
-0.02120388
-0.04880890
-0.04502854
0.03983926
-0.03206984
0.02802506
0.00248069
-0.02521922
-0.03111094
-0.00447016
0.00063223
-0.02878373
-0.03167447
0.04256236
0.02264730
-0.01434336
-0.00937539
-0.03320707
0.02586722
-0.02717466
0.03496380
-0.04630873
-0.03203457
-0.01759421
-0.00946051
-0.01361129
-0.01232106
-0.04558414
-0.00890177
0.01426003
0.02036596
0.03959315
-0.03764701
-0.04863317
0.02870334
-0.02896687
0.00311587
0.04558771
-0.03167437
-0.00751814
-0.02147419
0.04118796
0.01253354
-0.03726353
-0.02176516
0.01939200
-0.00652855
-0.02068787
-0.01823900
-0.00266074
0.01590509
-0.03814961
-0.02720898
0.04596148
0.01611050
-0.02871426
-0.00927365
-0.03933914
0.01837892
-0.00437051
0.01075129
0.02615845
-0.02792910
0.00125998
0.01057205
0.00920380
-0.00878366
-0.04569511
0.03619976
0.03278742
-0.02804803
-0.03586464
0.04523750
0.00365847
0.02762571
-0.03031443
0.00884741
0.03128763
0.00381958
-0.03928056
-0.01014787
-0.00957237
-0.01885921
0.01534603
-0.04838985
-0.01708441
-0.00293088
-0.02221158
-0.01156335
0.02433202
0.01955016
0.04668223
-0.03133543
-0.02401337
0.01357807
-0.00133853
-0.01774022
-0.00422633
0.03449714
-0.03559474
0.04550958
0.02526809
0.04885149
-0.02665803
-0.01203093
-0.02621955
0.03820544
-0.04648423
-0.00491017
-0.04921342
0.04404620
0.00245411
0.01228811
0.01543364
0.01058791
-0.01183660
0.01351266
-0.04903597
-0.00626053
-0.02767146
-0.03733080
-0.02567668
0.04321516
0.01726556
-0.03480807
0.00316524
-0.02787399
-0.01393828
0.00346399
0.02147953
0.02879506
0.03790419
0.01005417
0.03724925
0.01797112
0.03457218
-0.04212887
-0.04018921
0.00829444
-0.04523835
-0.04175238
-0.04803432
-0.04947602
-0.03075777
0.04661433
-0.02161541
0.00214552
-0.01930027
0.01522603
0.04630817
0.02073404
-0.01338379
-0.02922799
-0.04677787
-0.03052260
0.02201507
0.02386428
0.02095947
0.02628157
0.04674298
0.00659105
0.02068712
-0.02929931
0.00050197
-0.00117377
0.01772119
-0.00912675
0.04216796
0.03770173
0.01544978
-0.03419260
-0.00848753
0.01660769
0.01477269
-0.02071313
-0.00182341
0.04410630
0.01307387
0.01687131
0.03297940
0.00890066
-0.02535509
-0.03425159
-0.04035011
-0.04452681
-0.02404351
0.02658748
-0.03304157
-0.01939118
0.01585711
-0.04537651
0.03203759
0.00625375
-0.01026193
0.02386271
0.02373828
0.00918886
-0.03463348
0.00924786
0.01248150
-0.02665146
-0.02307156
0.04788597
-0.00115336
0.01307959
-0.01523029
-0.04882141
0.01601342
-0.04926569
-0.02939749
-0.01099976
0.02179221
-0.03323344
-0.01230626
-0.03089725
-0.01469824
-0.01923879
-0.00491203
-0.04462365
0.01088917
-0.01716188
0.02519514
0.02770729
-0.01750076
0.04169749
0.01034956
-0.03900577
0.00404048
0.04069805
0.03440500
-0.03542624
0.01244712
-0.00805536
-0.00442578
0.01926650
0.00763575
-0.00006964
-0.00745185
0.04939866
0.01742127
-0.04231623
0.00585723
0.01103124
0.00105051
0.04649574
-0.02831086
0.04789368
0.02418056
0.01972543
0.02781557
0.04866276
-0.01633579
-0.01521568
0.03113039
0.02382204
-0.03068449
0.04677946
0.02587873
-0.02625502
0.04975012
-0.04003183
0.01714000
0.02650291
0.03506774
-0.00735294
-0.00430877
0.02390039
-0.01889353
0.02998123
0.02777122
0.02766036
-0.01603966
0.03444350
-0.01731771
0.00812979
-0.01391370
-0.00670871
0.00231955
-0.01739541
0.01370081
-0.03036915
-0.03599368
0.04306441
-0.02881235
0.00029194
0.03108319
-0.04111885
0.03438541
-0.01212822
-0.04364468
-0.03379257
-0.04501372
0.01232608
-0.03347711
-0.03850707
0.04147195
-0.02529569
0.04789399
-0.03326539
0.03491097
0.01342346
-0.02666492
-0.03678394
0.00463295
0.03562425
0.02187529
-0.01833127
0.02141934
0.01406808
-0.00809987
-0.00256582
-0.00325033
-0.01968916
-0.01021470
0.01660555
-0.02784088
-0.00930254
0.00801803
-0.03706185
-0.03915797
0.00561522
0.01794336
-0.04192306
0.00771034
-0.00322275
0.04382340
-0.01872008
0.01707601
-0.00084153
0.03580479
-0.03949587
0.04498191
-0.02954044
0.01081667
0.03448722
-0.03061765
-0.03444207
-0.01483924
0.02459173
-0.02044958
-0.03581122
0.02511280
0.02802803
0.01860363
-0.00351740
-0.00554937
-0.02592106
-0.02713672
-0.02133104
0.02768435
-0.04288491
0.00884601
0.01790592
0.04835163
0.03310225
-0.03707736
0.04303446
0.01567253
0.00469735
0.03561776
0.00500611
-0.00405600
-0.01533847
-0.01770595
0.04852428
0.04639317
-0.02865412
0.01419444
-0.00315210
-0.00422384
-0.04928382
0.04614853
-0.00204463
-0.01146743
0.00314957
-0.03266785
0.00223396
-0.00031311
-0.01769552
0.04891599
0.02011519
0.03583401
-0.04321509
-0.03598554
-0.02732887
0.02530452
0.00103229
-0.03153887
0.01630212
-0.04791176
-0.02069046
0.02255560
-0.04215414
-0.01748104
-0.01619604
0.03878431
0.03781572
-0.03613210
-0.01606631
-0.00883762
-0.04800276
-0.02633197
-0.01510225
-0.04557156
-0.01017072
0.04829383
0.02051804
-0.01648880
0.01822515
0.01419019
0.00286774
0.01447484
-0.03949476
0.00426823
-0.03093463
0.00155151
-0.03644485
0.03679857
0.00109498
0.04848878
0.04732111
0.04476148
0.00333423
-0.01501995
0.00168086
0.02876630
-0.02262028
-0.02055143
0.01158182
0.01294663
0.02909634
0.03763976
0.01657710
-0.01013614
0.01912455
-0.01632851
-0.03988103
0.00265178
0.00375453
-0.04207299
0.00437304
0.00100553
0.03100266
-0.01801227
-0.00898580
-0.04155737
-0.01348049
-0.04405820
-0.04764445
-0.00193474
0.01602434
0.01216603
0.02622452
0.00239373
-0.02752865
-0.04748859
0.02542306
0.01319687
0.04332849
-0.02899154
0.02899493
0.01528806
-0.01281110
-0.02354059
0.04276776
-0.02287429
0.02015685
-0.02378118
0.02425253
-0.00329702
-0.00409963
-0.02877333
-0.00537040
0.01757454
-0.01301348
0.02523568
0.03556830
-0.01261812
0.01565204
-0.01989860
0.04758456
0.02273631
0.02393709
0.00503824
0.00852403
0.02191105
-0.00168344
-0.01284159
-0.04734277
0.00054231
-0.02591224
0.02904182
0.03256646
-0.01389649
0.04524525
-0.02008892
-0.01894724
-0.03928486
-0.02093168
-0.00267724
-0.03709946
-0.03837186
-0.01889956
0.01702505
0.04692130
-0.03319380
0.00482612
0.00779265
0.01375300
0.02081570
0.04091772
0.04335852
0.00569168
-0.03297414
0.00063148
0.01166671
-0.00763112
0.03474331
0.02045213
0.00050986
-0.01755698
0.03830895
0.01411437
-0.02276067
-0.02742822
-0.02357682
0.01809790
0.02891867
0.02942389
-0.02058449
-0.00083937
0.03775358
-0.02211683
-0.03867453
-0.04272889
0.02857921
0.01853421
0.04042286
0.04373060
-0.01357788
-0.02099575
-0.03615241
-0.02504776
-0.03032352
0.00075593
-0.01510904
-0.04561526
0.03979398
0.01745108
-0.03896221
0.01284718
0.03725613
-0.00902887
-0.04895995
-0.04846070
0.00594365
-0.01799992
0.01143990
0.00749244
-0.00097742
0.03827188
0.02795085
-0.01860822
0.00912047
-0.03468661
0.01471802
-0.04414892
-0.00035817
-0.01389872
0.03021592
-0.04885393
0.00233673
-0.01107176
-0.03797668
-0.00096134
-0.01436472
0.03261362
0.02245788
-0.04008441
-0.00501980
0.02131513
0.04631997
0.04310541
0.03863825
0.00946669
0.01193222
0.03396133
-0.04656604
-0.04634219
0.01775681
-0.01661306
0.00582268
-0.03658406
0.04881350
-0.01938756
-0.01099084
-0.03238606
0.03278647
-0.03998218
-0.00347711
0.01467522
-0.04450011
-0.04936695
0.03939360
0.03728218
0.03422247
-0.03750095
0.01036023
-0.04855772
-0.04061048
0.00141558
0.03917862
-0.00770681
0.03847337
0.03276637
0.02653454
-0.04807717
-0.04156487
0.03457173
-0.00499377
0.03995608
-0.03088159
0.03595215
-0.02760234
0.02897254
-0.02623339
-0.01639482
0.00062456
-0.02046174
0.04837251
-0.01234655
-0.00075884
0.02278218
-0.04952333
0.01107737
0.00514789
-0.01192530
-0.03906544
-0.00589080
-0.03476121
-0.00840342
-0.02871830
-0.01666535
0.01575470
0.04494112
0.02554813
0.02126890
0.02792052
-0.01596815
-0.00671943
-0.01571622
-0.00707087
-0.01607426
-0.03230533
0.03160258
0.04934819
-0.03474402
-0.00260104
0.01234420
0.00430952
-0.02831350
0.04754879
-0.00678042
0.00917547
0.00647190
0.00032646
0.01974968
0.03624144
-0.04301672
-0.03528505
0.02101133
-0.01643524
0.01911891
0.02293232
-0.00210256
0.02503482
-0.02675039
-0.01778546
-0.04033679
-0.04902652
0.00479642
-0.00253261
0.04062399
0.03100459
0.01494327
0.02876313
-0.01231612
-0.00892674
-0.04733264
0.03518249
0.01790022
0.02313377
0.02156652
0.03616242
0.02587766
0.00280309
0.00689512
-0.02492362
0.00428055
-0.03933002
0.02126683
-0.01292329
0.02089670
-0.01229537
0.00860948
0.03285218
-0.04471973
0.01372640
-0.04419117
0.00522145
0.00228295
-0.01871242
0.00438720
-0.03333338
-0.00910708
-0.02349430
0.03194265
-0.03029411
0.03886132
0.04511878
0.00976169
0.04488001
0.03653656
0.01533771
-0.02201690
-0.03714316
0.01548089
0.02179015
0.04708578
0.02473713
-0.04975170
0.03273731
-0.02578779
0.00156969
0.02312006
-0.02265433
0.02340226
-0.04927602
-0.03292924
-0.03617348
-0.04927911
-0.04661902
0.04846142
0.04189372
0.03310282
0.02530531
0.04826348
-0.02244859
-0.02720571
0.04729709
0.04145376
0.02032367
0.01204497
0.04514233
0.02495511
-0.03709598
0.00053802
-0.04951591
-0.04671516
-0.02909071
0.01103920
0.03858425
-0.02052799
-0.03498080
0.00251752
0.01778968
-0.01456410
0.03007664
-0.00292212
-0.00245667
0.04261151
0.02773849
-0.00705569
-0.00537991
-0.04594258
0.02281213
0.00873488
-0.02213975
-0.03308532
0.00188623
0.00637765
-0.01792580
0.03570331
-0.02140729
0.02589031
-0.03194939
0.02316293
0.00842670
0.00502177
-0.03055669
-0.02302098
0.02062837
-0.01918380
0.04511990
-0.01591325
-0.02761458
0.04280463
0.02762958
0.01871272
-0.04533656
-0.04591926
-0.02606371
-0.04556305
0.03900116
-0.04237837
0.00649587
0.00328704
0.02398171
-0.04717010
-0.02245396
-0.00264701
-0.00024716
-0.03403663
-0.02772416
0.04438550
-0.01456443
0.00226771
0.04814547
-0.02497303
0.03262315
0.04694905
-0.03945092
-0.01367083
0.01390374
-0.00849026
-0.00259973
0.03147225
0.03280268
-0.02341949
-0.03593209
-0.04795291
-0.04110800
0.00721290
0.04198116
-0.01809787
0.02742920
0.04087582
-0.01557573
0.01638031
0.03577697
0.00866732
-0.02021557
0.02873877
0.00374053
0.01963762
0.03926282
0.01031162
-0.02032548
0.04602114
0.02820698
0.04481769
0.02179902
-0.01276479
0.04693187
-0.03213856
0.00945379
-0.04555560
0.01328578
0.00655710
0.03054357
-0.01527874
-0.04949554
-0.04240735
0.01554871
-0.01859118
-0.01417501
-0.03259860
0.00833097
0.02303418
-0.04857076
-0.00223288
-0.01719054
0.02760412
0.04699790
-0.00109817
-0.02971896
0.03813135
0.04801855
0.01860101
-0.03175485
-0.01577162
-0.01985546
0.00551888
-0.00652769
0.03739689
-0.01594412
-0.03940729
0.01178909
0.00218280
0.00530635
-0.00877251
-0.01494054
-0.00851455
0.04725762
0.02241644
-0.04928254
0.01920023
0.02444395
0.03074661
-0.01576420
0.02420274
-0.03491134
-0.03512323
0.03862656
0.03633035
-0.02014256
-0.02651769
-0.01498088
-0.00889670
0.01780131
0.01955825
-0.02182688
-0.00223992
0.03143542
-0.03981913
-0.04448052
0.00839764
-0.01687214
0.01866903
0.00017930
0.01453108
0.01067686
-0.00835615
-0.02055095
0.02265156
-0.00437858
-0.04696254
-0.00475703
0.00344539
-0.02492905
-0.02499322
0.01406311
-0.04714440
0.01984666
0.04567981
-0.01166147
0.01635027
-0.00404496
-0.01751560
0.01788526
-0.00603743
0.03936201
0.03816228
0.01785097
-0.03534268
-0.00473423
0.03162608
0.01342715
0.01154539
0.02843846
-0.01058176
-0.02223542
-0.01266642
0.01812048
-0.02286502
0.00613075
0.00813378
0.03551459
-0.04651370
-0.01489624
0.03449930
0.03352011
-0.03230781
-0.02004811
-0.00149515
0.01336120
0.01247536
0.01533855
0.04545918
-0.03345994
-0.02363063
0.02109803
-0.01329383
-0.02719954
0.02621281
0.04920045
-0.02400917
-0.02190659
-0.04181141
-0.03540717
-0.02522028
0.00784201
-0.01705311
0.03330611
0.02129568
-0.03501367
0.02740864
0.04206236
0.03057839
0.04685969
-0.01215061
0.00798945
0.01902812
-0.00936295
-0.02806035
0.00303236
0.02512033
0.00292147
-0.04022510
0.03638984
-0.01840482
-0.04622782
-0.02116143
0.01527593
-0.02713339
-0.01874542
0.03882672
-0.03541831
0.04957392
-0.04379064
-0.01086932
0.02491756
0.03289905
-0.00660464
0.02047399
-0.01681379
0.02606777
-0.01352904
0.00654328
0.02706058
0.02876454
0.02020317
0.04520842
-0.01388873
-0.03304694
0.00935454
-0.04041050
-0.02968657
0.03972033
-0.03544230
-0.00923895
-0.01654469
0.02662278
0.01051913
0.04458089
0.01836247
-0.01653611
-0.00475872
0.00660907
-0.01724692
0.01599786
-0.04239330
-0.03338159
-0.02275342
0.02905117
-0.00839228
0.03078661
-0.02855374
-0.03291455
-0.03524660
-0.01826838
0.00517009
0.04125866
-0.03068045
0.00841869
-0.03432494
-0.02797638
-0.03267410
0.00293536
0.02823022
-0.03848920
0.01768498
0.00492349
-0.03154881
0.02082982
0.01421580
-0.04306063
0.02115835
0.03317385
0.00317523
0.00318634
0.04837564
0.02884329
0.04486613
0.01797035
-0.00191393
0.03453416
-0.01229180
0.01857840
-0.02623932
0.04350727
0.03014739
-0.03214375
-0.04211228
-0.00211321
-0.03034476
-0.01886879
-0.01189118
-0.02213173
0.03212486
-0.03677219
-0.02513297
0.02529306
0.01337067
0.00396887
-0.02626997
0.01456918
-0.03794593
-0.02791621
0.00084241
0.01863718
-0.00218288
-0.04220118
0.01436211
0.01503757
-0.03747201
0.04823513
0.04866941
-0.03336766
-0.02885925
0.00772296
-0.02512620
-0.01662756
0.04364158
0.03407226
0.02946957
0.00035832
-0.01452805
0.00316861
0.01616424
0.01561361
0.00219208
-0.04797959
-0.04893098
0.02530953
0.02935498
0.04378136
0.03116547
-0.01023239
-0.02682251
-0.01836843
-0.00956116
0.03137904
0.02743002
-0.03031678
0.00284636
0.02548535
-0.00973430
-0.04991711
-0.00419747
-0.00386240
-0.01497330
-0.04929813
0.02292643
0.02516802
0.00032310
0.01061435
0.01677623
-0.03774785
0.00623226
0.04814592
0.04545677
0.02576078
-0.04248567
0.03278256
0.04270630
-0.01541200
-0.04608725
0.03268274
0.04950492
0.03565411
0.03045631
0.03876035
0.00707031
0.03959129
0.00598230
-0.01080430
0.02601138
-0.02114735
-0.04457776
-0.04929345
0.00070291
0.01609103
-0.04168253
0.01237745
0.01764741
-0.04146248
0.03539852
0.02270996
-0.00242905
0.04090282
0.01198403
-0.02781550
-0.01917170
0.00690845
-0.02900693
-0.01027887
-0.02516147
0.00953035
-0.01545560
-0.00198999
0.02090300
-0.03706519
0.04850920
0.02651486
0.04380829
0.02040254
-0.02701712
-0.01434489
0.03654617
0.00426697
-0.03249909
-0.00431942
-0.04537542
0.00394701
0.01337779
0.00302356
-0.04938876
-0.02456732
0.02027621
0.00435169
-0.02241513
-0.00801247
-0.04736418
-0.02904264
-0.01202180
0.02895568
-0.01272802
0.00900906
-0.00578209
-0.01470526
0.00060499
0.00301820
-0.03547598
-0.01005598
-0.03818401
0.04483107
0.00998594
0.00227342
-0.02717144
0.03605980
0.02953897
-0.03745576
-0.01585086
0.02174692
-0.02141212
0.03091753
0.01714015
0.03333110
-0.02718269
-0.03273652
-0.00968059
0.02963336
0.02020481
0.04608788
-0.01886929
-0.04471223
-0.03601756
-0.03394030
0.04093179
0.01353333
-0.02901884
-0.02205563
0.04583079
0.04704445
0.03387822
0.00713122
-0.00477910
-0.03675593
0.01286747
-0.01670471
0.04674942
-0.04579091
-0.02473650
-0.04100905
-0.02402706
-0.00770273
0.00806865
-0.01120201
-0.01763396
-0.00030964
-0.04766070
0.02146803
-0.02333283
0.04632922
0.04845278
0.01430729
-0.00748996
-0.00268755
-0.04253866
-0.02809753
-0.03757163
-0.03465803
0.01939311
-0.02795189
0.02470403
-0.01276798
0.00852272
-0.03475463
-0.03718068
-0.02138670
0.02388789
0.04448279
0.03421525
0.01254754
-0.04310715
-0.04871903
-0.00570416
0.02631865
0.02430041
-0.02946625
-0.00268495
0.04288458
-0.03714775
-0.02102090
-0.00154226
0.00311870
-0.02922347
-0.03658111
-0.01110981
0.01848198
-0.00435278
0.00951668
-0.03216358
-0.03031125
-0.02164244
-0.00804964
-0.03732187
0.03992711
0.03218850
-0.02440800
0.03580758
-0.00711007
0.01446282
-0.01035631
0.01624564
-0.03606955
-0.02577861
-0.02634506
-0.02826246
0.00558201
0.04391872
-0.01250365
-0.00735904
-0.04230389
-0.03499512
0.01545142
0.02565797
0.03038667
0.02380786
-0.01473027
0.00218852
0.03957674
0.04725297
-0.04964561
0.00309933
0.01279765
0.04808003
-0.00875757
0.01301842
0.03983914
0.00186899
-0.02214577
-0.02098561
-0.00952384
-0.01033480
-0.01243828
-0.04610212
-0.00216303
0.02892107
-0.03935738
-0.03144989
0.04467147
-0.02128888
-0.01372041
0.01657586
-0.04899860
0.00459745
0.04759048
0.04772340
0.03864638
0.04747423
-0.01359073
-0.02448648
-0.02200644
0.03340289
-0.04796447
-0.02277479
-0.02221977
-0.00977468
0.01643152
0.02096552
0.03745740
-0.04251609
0.04719096
-0.00433165
0.01852135
0.04092036
-0.01146001
-0.04623219
-0.03465150
-0.00039347
0.01101211
-0.03339417
-0.04903556
0.01768467
0.03776962
-0.03763364
0.03017578
0.00600922
-0.03317445
0.03357952
-0.01832312
-0.01031940
0.01310297
0.03096542
-0.02967939
0.00191610
0.00016481
-0.00724321
0.00955881
-0.02794422
-0.02334784
-0.03585676
0.04363531
0.03281063
-0.02617127
0.01137511
-0.02452839
-0.01531255
-0.02369852
0.02638125
0.04077138
-0.03769740
0.00359232
-0.01969831
0.02036738
0.00652675
-0.04292149
-0.00631036
-0.00009293
-0.03236914
-0.04538007
0.04751023
0.04487630
0.04536021
0.01193054
0.03529544
-0.04334439
0.03234924
0.00178295
0.00157197
0.02283298
-0.03526687
0.01742774
-0.01965671
0.03203493
0.00653910
-0.02158352
0.03379429
-0.04566083
0.00732004
-0.00059310
-0.00908880
0.04802849
0.00062988
0.03878829
-0.03248687
0.00983909
0.00401569
0.03632257
0.04344475
-0.00582348
-0.00390372
-0.00905485
0.03379146
-0.00962109
0.02707194
-0.04205589
-0.00036533
0.01657135
-0.04876941
-0.03758553
-0.02348700
0.02484043
0.04965619
0.00241979
-0.00611814
-0.00674165
0.01595578
0.04827065
-0.00937726
0.00430006
0.02726488
-0.00120624
-0.00322919
0.02301158
0.04724755
-0.04045822
-0.00651005
-0.02299228
-0.02629318
-0.03269448
-0.02666068
0.03490531
-0.03873017
0.03449179
0.03338664
0.03699076
0.00339660
0.03855386
0.00517626
0.01279181
0.03734086
0.03889554
-0.03682956
0.04930364
-0.00921491
0.03604878
0.04730904
0.00569339
0.04601110
0.01066065
-0.00073093
0.03098010
0.02758876
0.01438245
0.00256311
0.00962636
-0.03305503
-0.00777509
-0.04211631
-0.02249309
0.02222734
-0.02325454
-0.00314997
-0.03226074
-0.04516521
-0.04740692
0.02894185
0.00273545
0.03197675
0.04785625
-0.01941638
-0.00624618
-0.00166759
-0.00373377
-0.02875217
-0.02972316
0.03768233
0.02958485
0.00637300
0.01193891
-0.04909247
0.03616615
0.00301628
0.01714401
-0.03105568
-0.02612646
-0.03860198
-0.00312544
0.02885726
-0.00276336
0.02177968
-0.04683701
-0.02658450
-0.00846824
-0.01229687
0.04813523
0.04384421
-0.03300918
-0.02911188
0.04821831
-0.00556939
0.04946977
0.04308885
0.02943226
-0.00792270
-0.00699273
0.00260563
-0.01304895
0.00516178
-0.03014356
-0.04119624
0.04576589
0.04023080
0.04649039
-0.02761845
0.03050084
-0.02074109
0.04667915
0.04504083
0.02730129
0.03772765
-0.02213616
0.00399512
-0.01943422
-0.02528367
-0.02717369
-0.02676486
0.00018107
-0.04864134
-0.04869679
0.01405658
-0.02370805
-0.02386791
-0.01295907
0.00777447
0.02726801
0.04503988
-0.04304324
-0.03243176
-0.01919717
0.01226492
0.04086484
-0.03805038
-0.04394943
0.02408244
-0.03638601
-0.04224983
0.02815903
0.04890564
0.02236558
-0.01354201
-0.02963170
0.03081389
0.01843749
0.02729098
-0.02577142
0.04939169
-0.04592938
0.03850286
-0.03375277
-0.03481707
-0.04230739
-0.01791310
-0.01455645
-0.04024815
-0.02841451
-0.02734849
-0.04830424
-0.00732045
0.02979908
0.02370741
-0.03439745
-0.04854142
-0.03905860
-0.03202329
-0.04212185
-0.03667668
0.04022835
0.04886287
-0.04917710
-0.02130657
0.03366604
-0.04528813
-0.01137554
-0.01284130
0.02195205
-0.03961287
0.04112587
-0.04587214
-0.02935761
0.04111822
0.02190083
0.00366278
0.03840511
0.03951287
-0.04353764
0.01494217
-0.03718973
0.04808909
-0.02004697
0.01364091
0.02881160
-0.02788852
-0.03639589
0.02741336
0.01327908
-0.03585386
0.01599607
0.01558551
0.03859005
-0.01434453
0.03899960
0.03843027
-0.03781134
0.00453857
-0.03441536
-0.03042766
-0.00082050
0.01316588
-0.03508601
0.04474920
-0.00750487
-0.04842163
-0.04665216
0.02328846
0.04141294
0.02219766
0.02439643
0.01371467
0.03522588
0.04913943
0.00034309
0.03487375
-0.01852627
-0.00760334
-0.02369726
0.00353411
0.00746351
0.04552494
-0.02814656
-0.00150923
0.02321086
0.02579197
0.02787555
0.03125472
0.01206550
0.03471504
-0.01515373
-0.03165216
-0.02214815
-0.02651680
0.03836169
-0.03636209
0.04301186
0.02679968
0.04006690
0.01907312
0.03701639
0.01038738
-0.01052098
-0.01593042
0.04304022
0.03650967
-0.01073590
-0.00205723
-0.00232719
0.03905194
0.00825560
0.01466548
0.02945586
-0.01349311
0.01445207
-0.00817436
-0.01538302
0.01860099
-0.01339362
-0.01343776
-0.04938866
-0.04885846
0.01346603
0.02658672
0.04497395
-0.02733520
-0.01250809
0.04325952
0.02342809
-0.03379440
0.03718891
0.03770708
-0.02695036
-0.01150533
-0.03440536
0.02027255
0.03173313
0.00929792
-0.03622134
0.00481394
0.01335718
0.01951410
0.01762776
-0.02739219
0.04145374
0.00317076
-0.04315817
0.04074853
0.03633852
0.04345204
0.00181118
0.04716161
0.02845404
-0.04355032
0.04436482
-0.04093878
-0.01648422
0.02966721
0.01003572
0.03846925
0.02114345
-0.04194593
0.02376924
-0.01002174
0.00691380
-0.00336693
0.01336532
-0.04612036
-0.02408941
0.02309672
-0.00847901
-0.04675063
-0.00185388
-0.02477412
-0.01578540
0.00647700
-0.00659018
0.04538095
0.02415291
-0.04149385
0.04672178
0.01430788
0.01836457
0.00334839
0.01429010
-0.02013330
-0.02576933
0.00536062
-0.02162743
0.02941280
-0.04344884
-0.03046272
-0.01887147
-0.01743919
0.03051288
-0.04083945
0.00902657
0.01331965
0.00294809
0.04655802
0.02590941
0.04730523
0.03211937
0.04244167
-0.00658661
-0.01075935
0.00876662
0.00129537
0.02355404
0.02374058
-0.02979187
-0.04538655
0.03843243
0.00306774
0.04076669
0.02342760
-0.00084366
0.00878722
-0.03917968
0.04768931
-0.04761253
0.01942480
-0.04808135
0.01933504
-0.00041464
-0.01186173
-0.00630990
0.00065779
-0.03317617
0.04491050
-0.03486228
-0.03661167
0.01674818
0.00764105
0.02224883
-0.01283693
0.04561450
-0.02097257
-0.03964261
0.02238064
-0.00062845
-0.00800485
-0.00105185
-0.02768035
0.02896138
0.03083218
0.04201670
0.00883881
0.03626654
-0.02236551
0.01742368
-0.02841098
-0.04272684
-0.01248495
0.01215043
0.01139263
-0.00374160
-0.03245063
0.01886807
0.03680409
0.02944264
0.03838006
-0.02765063
-0.03126148
-0.00018967
0.03112429
-0.03252443
-0.03580435
-0.01433188
-0.02792414
-0.04466293
-0.01434506
0.02982906
-0.03866258
0.01299732
0.03519499
-0.04339666
0.04525563
0.00166104
0.03557039
-0.00585675
0.03434549
0.02910383
0.03302456
-0.04383601
-0.03756085
-0.03241242
0.02375907
-0.03043692
-0.00067802
0.02510078
-0.03066149
0.01476193
0.03383484
-0.02619886
0.00951879
-0.04698316
0.01289089
-0.04422235
0.00261898
-0.03106299
-0.02906822
0.04647802
-0.01536183
-0.03127947
-0.00133077
0.01528998
-0.01898080
-0.01682649
0.04216475
-0.01888745
0.04967920
0.04953475
-0.04137995
0.00227970
-0.01966115
-0.03277633
0.03942580
-0.04110583
-0.01382380
0.03124688
-0.03937251
0.01867488
0.00069557
0.00127324
0.04869991
-0.02142089
0.00448525
-0.02298832
-0.02885278
-0.00592065
-0.01075762
0.00227947
0.03657947
-0.01910453
0.02857892
-0.00546039
-0.00611619
-0.03805642
0.01892639
-0.02552253
-0.01065493
-0.01528368
0.01662360
-0.02299467
0.04013168
-0.02707460
0.00683629
-0.00405874
0.02063553
-0.01063457
-0.04896479
-0.00955292
-0.04094318
-0.00379298
0.04626296
-0.01550780
0.01916853
0.01324659
0.00043968
-0.02635828
0.02475897
-0.04933428
0.02272762
0.04417111
0.01098855
-0.04385177
0.00938410
-0.00226025
-0.00745311
-0.01309463
0.00807005
-0.03074808
0.03127386
0.01830017
-0.04599781
0.03887593
-0.00492530
0.02099948
0.03405113
-0.01661553
-0.04097442
0.01417760
0.01618862
-0.04501992
0.02118323
-0.03434877
0.01170765
-0.00127804
-0.01511181
-0.00150145
-0.02572856
0.00350974
-0.02526336
-0.04934601
0.04959381
0.01630172
0.04488870
-0.01691361
-0.02908248
0.02768045
-0.03956361
-0.00645766
-0.04712318
0.01409237
0.03251243
0.01289295
0.03356634
-0.00233752
-0.00681154
0.04321660
-0.04606147
0.01697179
-0.04540447
0.03887369
-0.04326444
0.01548868
-0.00395297
-0.03371828
-0.02195243
0.04687540
-0.04755368
0.01393595
0.03083811
0.01253740
-0.04748107
0.03063995
0.03833674
0.04251766
0.02971784
0.01537871
0.00842617
0.02293433
-0.04147851
-0.01204088
0.00622419
-0.03113486
0.02533324
-0.03103094
-0.02558838
-0.04164199
-0.03135648
0.03868987
-0.03831264
0.03990612
-0.04829624
-0.03753799
0.03934904
-0.02436873
-0.01788765
0.00937843
0.02140465
0.04537562
-0.04849460
-0.01108900
-0.01828551
0.01511262
0.03253562
-0.01730460
0.00197792
-0.04160209
0.03198062
0.04920657
0.00564016
0.04593103
0.03427163
-0.04617775
0.00584265
-0.04618100
-0.04355979
-0.04453766
0.00120812
0.03894005
0.02906610
-0.01756564
0.00082194
-0.03911922
-0.00017342
-0.00609824
-0.02447780
0.02338997
-0.03479720
-0.01334113
-0.00925463
-0.02519041
0.01659490
0.02237396
0.02325266
-0.00597383
-0.03281732
-0.02727576
0.03845407
0.00931712
-0.04254195
-0.03068650
-0.01257124
-0.04446537
-0.00220379
-0.00157844
-0.01513464
0.01649123
-0.04014705
-0.00814393
-0.03975543
0.00044044
0.02475831
-0.00487323
-0.01465893
-0.01435096
0.02716502
-0.00971235
0.00988623
0.01591176
0.00022441
-0.03592695
0.00598126
-0.00324204
0.00719824
0.00209964
-0.00466214
-0.02796135
-0.00456740
-0.00711338
0.03923716
0.03366169
-0.00617423
-0.01710443
-0.04472793
-0.02480264
-0.02490255
-0.03760392
0.02600964
0.02085594
-0.02539566
-0.04609928
-0.02405845
0.04679741
-0.01071814
0.02107600
0.00169953
-0.04287651
0.02934317
0.02414472
0.02222631
0.02115883
-0.02626414
0.02228491
0.01720490
-0.01859525
-0.04464536
0.02615248
0.03534674
-0.00275283
0.02682457
0.00126005
0.00249062
-0.03646399
0.00161860
0.01334145
-0.04681268
0.04758936
0.04030418
0.04081345
-0.04968648
0.00138553
-0.00705806
-0.00399282
0.03194694
-0.02477896
-0.01604201
0.02851281
-0.03823101
0.03075114
-0.01361699
-0.01440270
0.02538229
-0.01518722
0.03829779
0.00670600
-0.02329762
0.00270389
-0.01922805
0.04904627
-0.00744527
0.02485767
0.00347951
-0.04303748
-0.01619859
0.03980711
-0.04603557
-0.04667944
-0.00605374
-0.04509525
-0.01815808
-0.02474083
0.03622905
0.04556932
-0.04315261
0.04158676
0.04716690
-0.02717185
-0.01980195
-0.01805545
-0.01308715
0.03527577
-0.01382457
0.04961591
-0.02631261
0.01544047
-0.02027981
0.03229467
-0.02285011
-0.01134513
0.02492672
-0.03274008
-0.03016761
0.03132695
-0.03911572
0.02123000
0.02044654
-0.01092281
0.04953056
0.00687540
0.03017662
-0.02658640
-0.01822086
-0.01299187
0.02418718
-0.04371295
-0.02346171
0.02142468
0.01595304
0.00225421
0.01163004
-0.03984329
-0.04874883
0.03544309
-0.04944053
0.00785604
0.01239359
-0.02034020
-0.00405763
-0.02422164
0.02623983
0.04446417
-0.02449118
0.01705907
-0.03232398
-0.00999082
0.03845248
-0.00691810
-0.03848017
-0.00596540
0.02700216
-0.02758051
0.01839551
-0.02714985
0.00639077
0.03996979
0.04822330
0.04807000
-0.01271140
0.04234604
0.01105323
0.01381898
-0.04621411
0.02174175
-0.03701701
-0.00529068
-0.00804840
0.03050089
0.04652406
0.04623379
0.00755699
0.03655485
0.02693852
-0.02000732
-0.04609521
-0.02936605
-0.03755906
-0.04056872
-0.03840158
0.00740257
0.03315955
0.03075787
0.01939050
0.01030794
-0.03033798
0.00261919
0.03538235
0.04850092
0.01970357
-0.04538129
0.03880880
-0.01177418
0.04983608
0.03779690
0.01915428
-0.04641779
-0.04410385
-0.03385536
0.01980573
-0.04724647
-0.01862681
-0.01186700
0.03377783
0.03696841
-0.03330459
-0.01197916
0.02833771
0.01954035
0.03255670
-0.04892144
-0.04409578
-0.03134391
-0.00906131
0.03922569
0.02549835
-0.01948757
0.03170730
0.04147902
0.01050386
0.04639442
-0.04667524
-0.03020829
-0.00142303
-0.04324964
0.01949364
0.01141573
-0.01248133
0.04329654
-0.01421706
-0.04628834
-0.02200103
-0.00963506
0.01685915
0.00052447
-0.01001027
0.03696064
0.00247505
0.00705235
0.00989527
-0.02959339
0.00353020
0.04414113
-0.00474858
-0.00993939
0.03344819
0.04900166
-0.00557305
0.02893740
-0.03424273
-0.00572371
0.03083220
-0.01953690
0.01751581
0.00112881
0.02861869
0.01169453
0.04701902
-0.02941242
0.04052592
-0.00021084
0.01948446
-0.00040791
-0.04651422
0.03067425
0.03609592
-0.03749399
0.01913659
-0.00182657
-0.04165148
-0.00371975
0.01030789
0.03830252
-0.03586369
0.04002667
-0.03576703
-0.02471374
-0.02817257
0.02168578
0.01221025
-0.02075330
-0.00818509
-0.00336850
0.01744814
-0.04787055
0.02357941
-0.01085453
0.03842899
-0.03430473
-0.02982207
-0.04972184
-0.03533885
0.04696258
-0.04335023
0.01253757
0.00811144
-0.04761561
-0.04599865
-0.02009699
-0.01131704
0.01105032
-0.02538037
0.03689007
0.00620845
0.00254343
0.00057802
-0.03356788
0.00510265
0.01034812
0.03283017
-0.00555925
0.02150874
-0.02991720
-0.00624046
0.04945866
-0.01474031
0.01702735
-0.01848619
-0.03925598
0.00222620
-0.00929876
-0.04969091
-0.02034776
0.00279532
-0.00444304
0.04623737
0.01352760
-0.03812431
-0.03524056
0.02847217
-0.03467070
-0.00993017
-0.02036698
0.01491916
-0.00117944
-0.02478748
-0.03133339
-0.03934529
-0.04679091
-0.00820613
-0.02633436
-0.00562530
-0.03750339
0.04156863
-0.01334344
-0.01551529
-0.03881709
0.02937658
0.02273925
-0.04021326
-0.03314416
-0.01806737
-0.02618877
0.03808611
-0.04048719
-0.00459881
-0.03832704
-0.03453086
-0.02510305
0.03008653
0.01261226
-0.04625794
0.02456455
0.04498355
0.01924570
-0.03245800
0.00320958
-0.00667415
0.03545480
0.00048365
-0.00595306
0.04395779
-0.01018209
0.00396421
-0.01890923
0.00294795
0.03516815
0.04693027
0.01811136
0.03928467
-0.03003997
0.02924093
0.04129646
0.00328276
-0.00496373
0.00020738
0.02870159
-0.04743914
-0.02250733
-0.03590633
0.03144852
-0.04105871
0.04899424
-0.02324223
-0.02811058
0.04689271
0.04113233
-0.02723813
0.02092616
0.04852406
0.02993140
-0.02404393
0.04268547
-0.03354846
-0.03471732
-0.00467526
-0.00631486
0.03407244
-0.03570921
0.01629322
0.00240890
-0.03255820
-0.01701213
-0.04886779
-0.01237286
-0.01607568
-0.04629640
-0.04426265
-0.03393470
0.00260223
-0.00783006
-0.00095879
-0.02972845
-0.02996970
-0.03567791
-0.01106067
-0.04674267
-0.00487181
0.01651743
0.00451827
0.00644409
-0.01118160
0.00809616
-0.04191049
-0.02776752
0.04062863
0.00590494
0.01495894
0.01181122
-0.00104761
-0.04937370
-0.01092405
-0.04896700
-0.03790565
-0.04012589
-0.04914330
-0.00680425
0.03722911
0.01541389
-0.01431721
0.02376979
-0.03277294
0.03606359
-0.01373577
0.04719432
0.01012715
-0.01095381
-0.02486546
0.02779763
-0.03645295
0.00572313
0.03200319
0.01717095
0.04382347
-0.04378299
0.01802125
-0.01641346
0.01935052
-0.01230746
-0.03730345
-0.03589518
-0.04441752
0.02774935
-0.03575128
-0.04006213
0.02551381
0.00633204
0.01753867
-0.00560809
0.03437150
-0.04453904
-0.00441354
-0.00434289
-0.04032356
-0.03667392
0.04454975
-0.01523378
-0.02233383
0.02606832
-0.04735096
-0.04159868
-0.03193246
0.03929484
-0.02510526
0.04941060
-0.00933531
-0.02867727
0.04042022
0.01378615
-0.01706649
0.01711211
-0.02434992
0.01337785
-0.00583638
0.04643189
0.01538839
-0.01071388
-0.01307575
-0.03268538
-0.00818191
-0.00847607
0.03759203
-0.02765628
0.01423276
0.02622717
0.03648842
-0.00973059
0.01621444
0.02606640
0.04596306
0.03826010
-0.01908976
-0.03237626
-0.04272751
-0.01618180
0.03271871
-0.02500184
-0.00796449
0.03883769
0.01477943
-0.03236846
-0.03173968
0.01390270
0.01114581
0.01323749
-0.04076033
-0.01265062
-0.02613926
0.02249568
0.03626784
0.01783889
-0.04225235
0.03357367
0.03976547
-0.02163173
-0.02554014
-0.04946806
-0.04099749
-0.03677081
0.01780959
0.02682945
0.00603119
0.03976378
-0.04285700
-0.04937613
-0.00669555
0.01652536
-0.04235950
0.00491696
0.04469633
0.03747700
0.01120548
-0.03199624
0.02814410
0.00245709
-0.02523479
0.01512323
0.02859992
0.01696319
-0.03704788
-0.02010020
-0.04560700
-0.04468567
-0.04948279
0.01690093
0.03925405
-0.04421085
-0.00846806
-0.03446175
0.02792851
-0.01495596
-0.01462904
0.02990618
0.04801364
-0.01292288
-0.00462131
-0.00479775
-0.02436707
0.03373839
0.03521564
-0.01846067
0.00874455
0.01637987
0.00229506
-0.02363444
0.02685738
0.02945190
0.02313614
-0.04112414
-0.01496286
-0.02311993
-0.04691698
-0.00931648
0.00617440
0.02585245
-0.01428242
0.02236194
0.02520341
-0.02862393
0.04003065
-0.04681845
0.02609603
0.02596583
0.00946741
-0.04772730
-0.02015651
-0.03658287
-0.01142471
-0.03250256
-0.00818738
0.00522076
0.03833529
-0.01246126
0.04990785
0.01556080
-0.00897912
-0.01765247
-0.01911013
-0.04323331
0.00607662
-0.00723796
0.03564433
-0.00930159
-0.00997764
-0.00744521
-0.04308739
-0.00086313
0.02577464
-0.04352232
0.00112251
0.01994019
-0.01403732
-0.00723696
0.01370679
0.02547501
0.02804136
-0.04186625
-0.03625348
-0.03309868
0.02534544
-0.03428495
0.00003266
0.02656005
0.02912132
-0.02814563
0.00569055
0.03621095
-0.00333194
0.00666577
0.01021472
-0.01155754
0.02747398
-0.03166292
-0.03635038
-0.03862065
-0.00310809
-0.02097582
-0.04168404
0.04383687
-0.00575403
-0.04753694
-0.03788832
0.04722417
0.03585699
-0.04514672
0.04544141
0.04310946
-0.03384605
0.02502840
-0.04905798
0.00862975
-0.02716960
-0.02680177
-0.01290037
-0.00441391
0.01034447
-0.02146167
0.00021911
-0.04457228
-0.01557491
0.03402118
0.04274828
-0.03335686
0.04618430
-0.04285400
-0.03186156
-0.04145088
-0.00725966
-0.00156115
0.04944289
0.00864936
-0.04011929
0.01633437
0.01829472
0.01558119
0.01538053
0.01816049
0.04600392
0.03901025
0.02342452
0.03997726
-0.04299045
0.03288272
0.00779017
0.01941081
0.01268991
0.01720052
0.04331507
0.00123757
-0.04670031
-0.00712583
0.01628075
0.03252943
0.04910408
0.04609660
0.02925215
0.00981037
-0.00081475
-0.00414666
-0.00280067
0.00579324
0.02176760
-0.02909553
0.04867318
-0.01643726
0.03364731
-0.01388561
-0.03644768
-0.01660246
0.02102758
0.02190684
0.00688420
-0.00794366
-0.01943605
0.01547111
0.00870180
-0.01004275
-0.01794601
0.00784255
0.00711409
0.00376233
0.04689179
0.01217356
-0.02100624
-0.03388049
0.04790175
-0.04386074
-0.04569038
-0.04145712
-0.00046080
-0.04334369
-0.01331299
0.02292891
0.04008356
-0.02738537
-0.04685076
0.04069572
0.02070471
-0.03053997
0.02557946
0.02613046
0.04723870
-0.04695976
0.04850594
0.02476334
-0.00826106
0.00873760
0.01797635
0.01304394
0.04498758
0.00106937
-0.02079297
-0.04527793
0.04737568
-0.02632193
-0.01367198
0.02248075
-0.02352102
0.01462778
0.02153017
0.02840628
0.01103646
0.02375911
0.04458921
-0.03774997
-0.01863031
0.02285507
-0.00293278
0.00650657
0.01563419
0.00835214
-0.00076116
-0.04015267
0.03596498
0.00640441
0.00698566
0.01464891
-0.00190579
0.02477628
0.04686457
0.01674711
0.01893745
0.02802548
-0.00857357
0.02026974
0.00858314
0.00837052
0.00711410
0.01861301
0.01076131
0.04318644
0.00257473
-0.04569728
-0.02222465
-0.00882691
0.00505639
-0.04483956
0.03756858
0.01676381
0.00758742
-0.03433078
-0.00265560
-0.03070449
-0.02280683
-0.02229587
0.03589273
0.03162254
0.01126186
0.02739889
-0.04552875
0.00649219
0.04742935
0.00166832
-0.00232373
0.00133872
-0.02331173
-0.02030246
-0.01408440
0.00349555
-0.02064889
-0.00915663
-0.04406637
0.02858296
0.01433371
-0.02398302
0.04028190
0.02783797
-0.04418857
-0.03208064
0.02250871
-0.00188499
0.02364424
0.00339968
-0.04087494
-0.02564511
0.02530915
0.03440488
-0.02093408
0.04300517
0.03762626
0.00575246
0.02594838
0.02859633
-0.03958255
-0.00839963
0.04498345
-0.02797847
-0.02495260
0.02332870
-0.02785395
-0.01153261
0.04080188
0.03423065
-0.01271828
-0.04623895
0.02118855
0.01717350
0.00463308
-0.01732901
0.03111312
-0.01037885
-0.00826955
0.04244149
-0.04979018
0.00037046
0.03093701
-0.02466243
0.00295592
-0.03027534
0.01728110
-0.02199893
0.03823311
0.03637503
0.03030493
0.02741468
-0.04063020
0.04609775
0.01331353
-0.03800348
-0.02692711
0.02338122
0.03243233
0.03920385
-0.02046935
-0.03331335
-0.01113554
0.01560612
0.03158882
-0.04780164
-0.01443598
-0.04872972
-0.03581569
-0.04094543
-0.03301269
-0.02397918
0.00270780
0.02470336
-0.01318693
0.00047299
-0.01186489
-0.01291630
0.00189999
0.01597056
0.01050564
0.00544250
-0.02008829
0.02775629
0.00912555
-0.02645327
-0.02534145
0.04842557
0.03722083
0.00411207
-0.01987019
0.02485746
-0.01819718
-0.04273195
0.03814512
-0.01843888
0.04897233
-0.04924814
-0.04787635
-0.04578543
-0.01339515
-0.04864504
-0.03158661
-0.03087103
-0.01044104
-0.03390729
-0.00097780
-0.03297329
0.03157837
-0.02029357
-0.01945102
0.00717681
0.00595667
-0.03237471
-0.02110167
0.03583211
-0.02925058
0.01370140
-0.03218957
0.01249719
0.03437911
0.00505295
-0.00034156
-0.02692943
-0.01185672
0.01776672
0.01883362
0.03192201
0.02962679
0.01262506
0.02561503
0.03861145
0.02592186
-0.01790905
0.02021297
0.00314253
-0.03055310
-0.04726034
-0.02044803
-0.03881202
-0.02081978
-0.04769051
0.00182021
-0.01109111
0.02306715
-0.01241524
-0.02382019
0.00626857
-0.02987431
-0.03480921
-0.00223237
0.03893238
-0.01169498
0.02875740
-0.00658999
-0.01888160
0.03310594
0.01877708
-0.02288418
-0.01299545
0.03872481
0.03817455
-0.00910611
-0.02847327
-0.00198366
-0.00779505
0.03168280
-0.03990635
-0.03110869
-0.00220150
0.04490028
0.04559563
0.04281667
0.04798997
-0.03151887
0.00956627
-0.03820225
-0.01577368
-0.01108029
0.00138160
0.04776460
-0.01893219
0.03267931
-0.04913389
-0.01710592
-0.03078755
-0.04148674
0.00771386
0.04046568
0.02378036
0.03378466
-0.02949372
0.01879918
0.01931906
-0.04614745
-0.02738221
0.03387392
-0.04813075
0.00087494
0.00220272
-0.01488585
0.02739191
-0.02201154
-0.04489975
0.00111881
0.02562081
-0.03419787
0.03342786
-0.01637876
-0.00635454
-0.03018483
-0.03956030
-0.04667098
0.01646089
0.00020686
0.04213026
-0.01341151
-0.03006115
-0.04365896
-0.00241184
0.01567518
-0.00176464
0.00212433
0.03721815
-0.01160524
0.03100588
-0.02818839
-0.03396631
0.01908609
-0.02849484
-0.02293541
0.03508445
-0.03030841
0.00907722
0.03505149
0.02410325
-0.04031544
-0.00390586
-0.04851950
0.01738237
-0.03363041
0.02788016
-0.00440283
-0.03535948
-0.01614797
0.01745103
0.04271641
0.01377542
-0.01460154
-0.00833683
0.04446511
0.00878396
-0.03549500
-0.02480709
-0.02291497
0.02437239
-0.01221861
-0.04961029
0.03037001
0.04166954
-0.02728258
-0.04004613
0.00362287
-0.04456757
-0.01058611
0.03076820
-0.04566411
0.01003655
-0.02720754
-0.00913206
0.00308454
-0.04871991
-0.00411810
-0.00377468
0.00190738
0.02908786
-0.03090261
0.02988590
0.00340166
0.02386294
0.02707602
0.02410028
0.04905632
0.03755007
0.02252572
-0.00330722
0.01461969
0.04341263
0.04663472
0.04727073
0.02149332
-0.03016606
0.00948162
-0.03671293
-0.01766032
0.01065905
0.03265282
0.04624851
-0.02826712
0.02271064
0.00482620
-0.03305351
-0.03616687
0.00540449
-0.04256410
-0.03172692
0.00046966
-0.03242211
-0.02907096
0.04241526
0.04492113
-0.00013957
-0.01289118
-0.00619176
-0.03481425
0.00507804
-0.01125309
-0.01790697
-0.04628312
0.00718210
0.04476668
-0.04591382
0.02535993
-0.02707443
-0.03534229
-0.01770689
0.02106837
0.00756714
-0.01620723
0.02226711
-0.04185043
-0.01405786
0.02992862
-0.03232387
0.04219066
-0.02472994
-0.02460286
-0.02106049
-0.02406715
0.03621890
-0.02606698
0.04051855
0.00459620
0.01207170
-0.00785687
0.04842233
0.04675746
0.04837597
-0.04640696
-0.01646172
-0.02651128
0.03424885
-0.04416107
0.01965330
0.03185122
-0.02453280
0.04444525
0.02927327
-0.03379540
-0.04981096
-0.02442332
-0.04875934
0.01191655
-0.00760234
-0.03184526
0.01276853
0.02448504
0.02686591
0.01038460
0.01905277
-0.02590598
-0.03116825
0.04766022
0.01062175
0.03225454
0.04149636
-0.00287387
0.00185364
0.02938557
-0.03412290
-0.01390563
-0.03206338
0.04501376
-0.00489742
-0.00099906
0.03209530
0.01400243
0.01030045
0.03702024
0.01564022
-0.02839106
-0.04934520
0.04326949
0.01506753
0.00246991
-0.01358596
0.03214154
0.01794946
0.03749613
0.00327664
0.00037657
-0.01537940
-0.03524971
0.02785574
0.00255749
0.02265720
0.01734961
0.01850541
-0.02587759
0.02996779
0.01335694
-0.01371834
0.04540988
-0.04006386
0.04145251
-0.03964216
0.04000202
0.02846086
-0.04599949
0.01038440
0.00920415
-0.03001951
-0.03479704
0.01380236
0.00764960
0.04339683
-0.01524635
0.03441939
0.04951013
0.00850336
0.03648411
-0.02559258
-0.03820073
-0.04154629
0.00626907
-0.04009886
0.02749981
-0.00350238
0.03311464
-0.03837959
0.01588976
-0.01104769
-0.00502663
0.00642026
-0.01030968
0.04381677
-0.00779053
-0.03620562
0.01411441
-0.04514899
0.04076082
-0.00626081
-0.02834580
-0.03800350
0.00946685
0.01725388
-0.03577089
-0.02248945
-0.03536307
-0.03215808
-0.02965469
0.00852561
-0.00848518
-0.04537896
0.04105863
-0.04055879
-0.03932069
0.03763188
0.03344986
0.02406653
0.02512421
-0.04942549
0.00101395
-0.00606088
-0.03860985
0.00612745
-0.01503172
-0.04618378
0.03277314
0.02566076
-0.03171769
0.01595442
-0.00861974
0.01941562
0.04661619
0.00383646
0.01556670
-0.03307405
0.04645962
0.03969750
-0.04951520
0.02004012
-0.01696213
0.02881259
-0.04122469
-0.02143168
0.01953126
-0.02515629
0.01542059
0.01879381
-0.01193513
-0.04672813
0.00545715
0.01181995
0.03360806
0.01082153
0.02667587
-0.04996934
0.02503034
-0.01536869
-0.03480696
0.00630186
0.00760281
-0.01866786
0.03812912
-0.02373636
0.04877814
0.01257923
0.02074337
-0.01371513
0.00802803
-0.02670533
0.03045631
0.04790672
0.04495472
0.03122358
-0.00137719
0.04213509
-0.03231720
0.03121778
0.00340908
-0.00179368
0.02496121
-0.01823231
-0.03165497
-0.02326155
-0.03227025
-0.01194357
-0.02184977
0.03517764
0.01941054
0.00186130
-0.02041166
-0.02329740
0.02752168
0.02281999
0.00081445
0.02717201
-0.00668673
0.01146001
-0.04460850
-0.01834071
0.02279317
0.03620472
-0.03090495
0.03308276
0.04349991
0.00659583
-0.04674776
0.04459517
0.01122056
-0.00186968
0.04454119
-0.02713910
-0.00175973
-0.03933491
0.00554814
0.01768933
-0.04656740
0.02777156
-0.02587219
-0.04909286
0.01649221
-0.04036069
0.04857021
0.01697272
0.03559179
0.00034404
0.03307715
-0.04892535
0.04634157
-0.03036612
-0.01756800
0.01497298
-0.00755865
0.04692998
0.03516626
-0.00604124
0.02977818
-0.01962448
-0.03635067
0.00408981
-0.01611648
-0.02745047
0.03868863
-0.04586916
0.03262577
-0.04733294
-0.02251678
0.03987610
0.03847207
-0.02613892
-0.00790183
0.01723180
-0.00191672
-0.03876755
0.04685266
-0.00086272
0.04922253
0.01174944
-0.03074476
0.03993815
0.04953547
0.04140747
0.03771944
0.03935152
0.04593730
-0.03941100
-0.01857138
0.02603838
0.00278318
-0.00325329
0.01193883
0.00518834
-0.04061933
-0.00249417
-0.01153887
-0.00770573
0.00157002
-0.02181946
0.01554422
-0.03523465
0.03723788
-0.00888381
0.01073394
0.02058029
-0.00899136
-0.01652130
-0.04850173
-0.02312772
0.01604957
-0.01533779
0.02078398
-0.01035442
0.02103033
-0.00119206
0.02686107
0.00932777
-0.01963750
-0.00208225
0.01963115
-0.02992830
-0.00644464
0.04256334
-0.01029309
0.02705415
0.02926092
-0.01894974
-0.04896027
0.04598323
-0.01991271
-0.00512613
-0.02552462
0.03198959
0.00209457
-0.04258705
-0.02344810
0.02587882
0.04371038
0.02040404
0.00460558
-0.02052888
-0.01251026
0.00139353
-0.01132422
-0.00963795
0.03715292
0.00343932
0.04900058
-0.03594330
-0.02912078
-0.00294384
-0.01965230
0.04046018
-0.04990593
0.01144055
-0.02458278
-0.00000165
-0.03478025
-0.01144827
-0.01421817
0.01670602
-0.01533517
0.02294379
-0.03231562
0.02327023
-0.01177512
0.02550127
-0.00038347
-0.01123175
0.02519330
-0.01036584
0.02721212
0.03891168
-0.02299957
0.01185255
0.02440481
-0.01463747
-0.02147088
0.04158658
0.04999613
0.03661147
-0.02246042
0.04952399
-0.04628856
0.02012435
0.04721962
-0.01082887
0.01418765
0.03437043
-0.03007759
-0.02403140
0.01096450
-0.00185846
-0.02389892
0.04159956
0.04971712
-0.04518907
0.03168978
0.00092380
-0.01481187
0.01604295
0.02083931
0.01314414
-0.00390805
-0.00184011
0.02229348
-0.00091701
-0.01969172
0.02238632
-0.04370058
-0.01287357
0.03206288
-0.03200347
-0.00212044
-0.03305762
0.02709313
0.03671725
-0.01652818
0.00211404
0.03410188
0.02769309
0.01886534
0.03145805
-0.02023582
0.04788372
-0.03957311
0.04198634
0.00634028
0.04980497
0.03567680
0.04386677
-0.03110040
-0.00073726
-0.01584783
0.03051710
0.02942776
0.00071348
-0.03450930
-0.00572480
-0.01836580
0.00227952
-0.04796725
0.03997249
-0.04988566
-0.00063309
0.02231977
0.03493344
0.02285825
0.03887897
0.01892212
-0.00565498
0.04469078
-0.04119314
0.02361404
-0.02422971
-0.04051974
-0.04173283
-0.01017343
0.01628381
0.02086379
-0.00537748
0.01698429
-0.00960390
0.03146133
-0.03444315
0.03274208
0.03940545
-0.03865234
-0.04248260
-0.01531021
-0.01800271
-0.04725218
-0.01726643
-0.04483248
0.02150355
0.01593835
-0.04444183
0.00203201
-0.04844949
-0.01745966
0.01858906
-0.02335865
0.03455441
0.00175269
-0.00243820
0.02009771
-0.01450862
0.01358601
0.00466795
-0.03767471
-0.02352938
-0.04093934
-0.02492147
-0.00862532
-0.00737224
0.00913473
0.04547795
-0.01171837
-0.00760501
-0.03403716
0.04342360
0.02633936
-0.03245495
-0.00154819
0.02846268
0.01154028
-0.01194240
-0.01582974
-0.03716751
0.00180869
-0.04656098
-0.00724094
0.02105467
-0.03342070
-0.01129120
-0.02568966
-0.02364150
-0.01301364
0.02914423
0.03922386
-0.00367714
-0.01240861
0.00618747
-0.01175547
-0.00100774
-0.02638115
-0.04826814
-0.04438145
0.04450278
0.00714708
-0.02266456
0.03161629
-0.00736947
0.03700067
-0.03949672
-0.01806565
0.02382960
0.00693850
-0.00838889
0.03260947
0.04869147
-0.02781739
-0.02127166
0.00531108
0.00530836
0.00920576
-0.01768979
-0.04271637
0.03668980
-0.01057806
0.00219671
0.03673120
-0.03975426
-0.03148486
-0.04029028
0.04355767
-0.04877698
-0.02972562
-0.01374909
0.04639729
-0.01136983
-0.04650092
0.00206046
0.01364263
0.00439856
0.02372037
0.01093052
-0.03863479
-0.00481900
-0.02437541
0.04527326
-0.02238062
0.02361693
-0.01780730
-0.02299752
-0.01816636
-0.01267571
0.02971673
-0.00390927
0.00507016
0.04961427
-0.01079069
0.02741334
-0.02305909
0.03847655
-0.02087835
0.03899757
0.00759785
-0.02534957
-0.00197051
-0.01612546
-0.02411685
-0.04808708
0.03226482
-0.04827805
0.04446652
0.00650819
0.00433867
0.03430148
-0.00824949
0.04708279
-0.00224124
0.02237964
-0.00355905
-0.04468997
-0.01903646
0.01206866
0.04669618
-0.01548923
-0.04671748
-0.01055914
-0.01723580
0.00916898
-0.01808139
0.02075629
0.03831619
0.03533248
0.04704021
0.02082330
0.03112297
0.04358480
0.00262017
-0.01789428
0.01254536
0.02061612
0.03231274
0.04573273
-0.02071646
-0.01336959
-0.00555006
-0.00076715
0.04886727
-0.03688684
0.03136109
0.03107700
0.00319105
0.04891159
-0.04556194
0.03782802
0.01568814
0.00007138
0.02366762
0.01957881
0.04309486
-0.04657438
-0.02564521
-0.04513571
-0.03368873
-0.04212485
0.00379912
-0.03458532
-0.03861468
-0.01102754
0.01944515
0.01499544
0.04865798
0.03174214
0.02283940
0.03841598
-0.04337500
-0.02896845
0.00759014
-0.00504545
-0.04351652
-0.00614013
0.03000411
-0.00403038
0.01217652
0.03573185
0.02274705
-0.02492719
-0.02964467
-0.02214552
0.00681269
-0.00625079
-0.03058073
0.04732810
0.00569710
-0.02437784
-0.01033919
-0.00047288
-0.04018006
-0.00980780
-0.00424806
0.03781934
0.02882960
-0.01675541
0.03853382
0.00509494
0.03824726
0.04701767
0.03154731
0.02301313
-0.03025460
0.01115096
0.04696623
-0.02227813
-0.00463736
0.01751132
0.04689761
0.00845103
-0.00209178
0.03622499
-0.00180202
-0.00639685
-0.00932078
0.04915987
-0.04016158
-0.01410986
-0.02760118
-0.00268114
0.02335372
-0.02866360
-0.04709832
0.04749499
0.02680219
-0.01086746
-0.04185871
-0.03373284
-0.01118259
0.03152856
0.02583022
-0.03424208
0.04159804
-0.04499022
-0.00852162
0.03982235
0.03468671
0.01545796
0.03102251
-0.03371911
0.01147170
0.03447895
-0.02797674
-0.00566678
0.00229342
-0.02653207
-0.03367091
0.02990113
0.04231642
-0.03466536
0.01206578
0.03829455
-0.00637554
-0.01503083
0.02231828
0.02929690
-0.03876817
0.03797729
0.01105773
-0.04131334
0.00612825
0.02525238
0.01248311
0.03977994
0.04353902
-0.03465169
0.00039071
-0.03030281
-0.00327923
0.04281209
-0.04496134
0.01292778
0.02732118
0.02877049
0.03382863
0.02152060
0.04339312
0.04693601
0.02025463
-0.02720667
0.01591518
0.03325892
0.01400791
-0.02896585
-0.02918779
0.04512723
0.03780090
-0.02984689
-0.00033019
-0.02316207
0.01349154
0.01527990
0.04453303
0.04262497
0.01263123
0.04661656
0.00429789
-0.04042191
-0.02199227
-0.02990329
0.02537570
0.00029937
0.01321682
-0.00181931
-0.01526680
-0.01272587
0.00334468
0.02070438
-0.01071009
-0.01889839
-0.03468625
0.02755969
-0.00514974
0.01532765
-0.03437263
-0.03090575
0.02308942
-0.04308851
-0.02980506
0.02593703
-0.02092124
-0.00508998
-0.02215920
0.02424808
0.01683449
-0.00347670
0.00501510
0.00723878
0.03873568
-0.04104432
-0.02467585
-0.00230008
-0.03661727
-0.02386104
0.04005243
-0.03287169
-0.02555046
0.01615314
0.02074300
0.02958474
-0.04708940
0.02090445
-0.00365420
0.02278416
0.00412298
-0.03481178
-0.00968987
0.03934576
0.04143309
0.04139478
-0.00836962
0.01906307
0.02589038
0.00813603
-0.04433433
0.03794487
-0.00300578
-0.03401407
0.02251892
-0.02713358
0.04167113
0.03851391
0.02140979
0.00938484
-0.02811400
0.01895953
-0.01861502
-0.01776424
0.01528430
-0.02127444
-0.04519329
0.00207800
0.02777332
-0.00554991
0.02388628
-0.01241696
0.04618082
-0.02822156
-0.03742981
-0.02274469
-0.00657548
0.04219916
0.03991000
0.00064493
0.04030691
0.03859176
0.02905719
-0.03292130
0.03402276
-0.03477164
0.03958976
0.02257615
-0.02187137
-0.03700059
-0.01644124
0.00408037
0.00078743
-0.03908705
0.00763556
-0.01491634
-0.01114188
0.00207985
0.00937298
0.04265747
-0.00489868
-0.00590555
0.00655722
0.03837500
0.03614764
-0.02645219
-0.01953361
-0.03409323
0.01414996
-0.02832840
-0.04575400
0.03971811
-0.04261944
0.02570954
0.02254269
0.04740471
0.04507823
0.03304205
0.02878330
-0.03380976
0.03497509
-0.00764677
0.03760127
-0.03936809
0.01223384
-0.02433884
0.01736882
-0.03171912
-0.02699206
-0.01898083
0.00596914
-0.00016690
-0.00522793
0.02712680
0.03909490
-0.03430454
0.03043018
0.01199312
-0.02868377
0.04467048
-0.00625986
0.03976623
0.02372433
0.04618841
-0.02941764
0.04021771
-0.01838869
-0.01579552
0.03030716
-0.02668742
-0.00966790
-0.03084150
0.02554924
-0.03085446
-0.02015710
0.03078274
0.03639237
0.00681570
-0.01864382
0.03609851
0.01852836
-0.01807233
-0.00359700
-0.01077915
-0.04932927
0.01145810
0.03906199
0.04085585
-0.02878450
0.01636546
-0.02165506
0.03587326
-0.01343517
-0.02787727
0.04529705
0.01251784
-0.02701521
-0.02685138
0.03289250
-0.04881006
-0.04656712
-0.03438581
-0.02563428
0.01907051
-0.04041311
0.00237504
0.00829739
-0.01225302
0.01056734
-0.02260993
0.01744218
0.04591506
0.02801099
0.03288794
0.02246349
-0.02535365
-0.02519282
0.03029227
0.02448126
-0.03811035
0.02890417
-0.02273699
-0.03721470
0.02649237
0.01652919
-0.02162307
0.00861582
0.03886535
-0.00256535
-0.03496875
0.01920672
-0.01014846
-0.00357993
-0.04911255
0.00899735
0.03140580
-0.00159712
-0.00827137
0.04828330
0.01103952
0.00404733
-0.02789966
-0.00191737
-0.03720175
-0.01749462
-0.03636875
-0.02976306
0.04601547
0.00956646
0.02418478
0.03307763
-0.01756797
-0.01376468
-0.02705638
0.03963284
0.01293543
-0.00647892
-0.04938456
-0.03487346
-0.04567361
-0.00037215
-0.01942225
-0.02814264
-0.04257122
-0.04722746
-0.00365242
-0.04495166
0.04902437
-0.00047570
0.04608354
-0.02686529
-0.02287065
-0.00798099
-0.01813007
-0.01344288
0.03947251
0.01644326
-0.01175157
-0.04876015
0.02914123
0.02870492
-0.01610966
0.04344368
-0.04290741
0.02768558
-0.00437940
-0.04067082
-0.04458880
-0.01649258
0.03027678
-0.01105661
0.00739815
0.03707169
-0.00299354
-0.01971752
0.00437228
-0.00106275
-0.01747965
0.00124811
0.03892101
-0.02024523
0.02533893
-0.00769950
-0.00099133
0.01913016
0.01487675
0.03264149
-0.01330926
0.01775374
-0.04313108
0.02537633
-0.00044855
-0.00974175
0.01369507
-0.01650331
0.04091148
-0.01790762
0.01465589
0.02268381
-0.04335907
-0.04922485
-0.03215926
0.04921783
-0.02000237
0.01414192
0.04070355
-0.00625174
-0.01970280
-0.03150444
0.04257407
0.02927793
0.00265167
0.00889499
-0.03188347
0.02487231
0.00202747
0.00059953
-0.02089373
-0.04238955
0.01236751
0.00253742
-0.04699846
-0.03813164
-0.01669309
0.04063221
0.02142527
0.04959763
-0.03999670
0.02950056
0.03615784
0.00649914
-0.00812955
0.01228246
0.03449845
0.00306486
0.01194633
0.00828561
0.04621929
0.04980300
0.01328549
0.01524429
0.01425565
0.02530424
0.02544097
0.02192609
-0.03186170
0.00764450
-0.03045795
-0.01117584
-0.01584971
0.04847742
0.04268038
0.03392550
-0.01794826
-0.01596544
0.04262593
0.00121165
0.00739173
-0.04500209
0.04712327
-0.04151356
-0.02258604
-0.01193622
0.02159625
-0.01824844
0.03882566
0.03499580
-0.03136706
-0.03473865
-0.00332004
-0.01205289
0.04497463
0.04433072
-0.04931134
-0.03499498
-0.03848075
-0.03912503
-0.00555587
-0.00226907
-0.03388746
0.01086513
0.02649147
-0.00480383
0.01785702
-0.02434801
0.03526266
-0.04770622
-0.00863081
0.00527501
0.02361531
-0.03898936
0.03179406
0.04094382
0.04070237
0.00010279
0.04378501
0.04669679
0.02248708
-0.04769663
0.02686655
-0.03013519
0.00082219
-0.03278389
0.02877578
-0.02706641
-0.04087375
0.02682407
0.03334714
-0.04217230
-0.02128782
0.00886369
0.04630378
0.02371293
-0.01796686
0.04563287
-0.00175446
0.03770289
0.03795949
0.00049722
0.00632417
0.02144770
0.04330713
0.00526727
-0.00435587
0.03986057
-0.02539949
-0.01382221
-0.01173837
0.04363779
-0.02399682
-0.00523766
0.00470412
0.03916682
-0.00658563
-0.04400153
0.03027905
0.00249836
0.00356706
-0.03630017
-0.04372939
-0.01749144
-0.04570597
0.02043461
0.02672198
-0.01905254
0.04938132
-0.02371355
0.01233102
0.01312749
-0.04634532
-0.03497770
0.04176548
0.04939460
0.03539679
0.03716574
0.01683452
-0.03883975
-0.02950175
-0.01456288
-0.04137871
-0.00382805
0.00949336
-0.04028462
0.02679642
-0.01025134
0.00623655
-0.00043679
-0.00555453
0.04200164
0.04331212
-0.04341999
0.00473907
0.02075298
-0.00916731
-0.02216148
-0.02593718
-0.01787880
0.01308325
-0.02201252
0.02732397
-0.01632896
0.02934593
-0.02840979
-0.02726719
-0.02364322
-0.03761156
-0.02760570
0.04017574
0.00665538
0.04232012
0.00862683
0.00714727
-0.03079217
-0.01068349
-0.03668530
0.02197183
-0.04940895
0.01830194
0.04322176
0.04075147
0.00690419
-0.01368003
0.00498213
-0.01938758
-0.01142152
-0.03215336
-0.03615968
-0.02607874
0.00312484
0.01912399
0.03809204
0.02024043
0.02832385
-0.04328635
-0.03325784
0.01197810
-0.01779441
0.01156020
0.00599066
-0.02465374
-0.02643728
-0.02507134
-0.03914301
-0.04944216
-0.02867900
-0.02369986
0.00974178
0.04565986
0.04962717
0.01937151
-0.04671471
0.00435940
-0.01436955
-0.01398101
-0.04761220
0.03361890
-0.02581548
-0.01468914
-0.01379976
0.01630742
-0.00936683
0.01833899
0.02934496
0.00266862
0.00614807
0.03322857
0.02154652
-0.01088494
0.02385481
0.02078327
-0.00185266
-0.03881208
0.01283322
0.03910479
0.03976648
0.03291843
-0.02643370
-0.04644568
0.00840010
0.04744823
0.01217217
0.03015964
-0.03121953
0.00885235
0.00151798
0.02972813
-0.04144292
-0.02580503
-0.03950905
-0.02616148
0.00130718
-0.04077908
-0.02866407
-0.03195233
-0.00164137
0.02913220
0.03338151
0.01087357
-0.02158014
0.01256987
-0.02278644
0.03044363
-0.00059129
0.00597765
0.00244122
0.00158293
0.02399897
-0.01092172
0.04309621
-0.03858377
-0.04205936
0.00911916
0.04133064
0.01808017
0.02643929
0.02406677
-0.01570052
0.01452740
0.04541063
0.04790656
0.00926233
0.03078456
-0.03667993
-0.01141080
0.04593660
0.04163514
0.04090023
0.01743380
0.02057307
0.02806457
-0.02282166
0.00751655
-0.00511139
-0.04227729
-0.02927629
-0.03160921
-0.02018971
0.04328411
0.01934305
0.04624896
-0.01295330
-0.03874705
-0.03901006
-0.02928748
-0.00645686
-0.00775428
-0.03814249
0.04945723
-0.02409816
0.02576936
0.04314221
0.03586717
-0.03017733
-0.04611314
-0.04218914
-0.04015429
-0.01288592
0.00586367
0.03064168
-0.04592203
0.03374456
-0.03053346
0.02143124
-0.01390131
0.02508455
-0.02372256
-0.04139124
-0.02123214
0.03427439
0.04752060
-0.00202943
0.04025724
0.00539849
-0.03136172
0.01283196
0.03021159
-0.00900217
-0.04879136
-0.03399659
0.00614730
-0.03216740
0.04401862
0.04652848
0.04524675
0.01645087
0.04190127
0.01196949
0.03623968
-0.03949398
0.03457125
-0.01441998
0.04642076
0.01059397
-0.03022338
-0.01418548
-0.02442213
-0.02528399
0.01067550
-0.02155842
-0.03745285
-0.02454226
-0.01305305
0.04022292
-0.02106498
0.04484989
-0.01404944
-0.04636007
0.03167014
-0.00674872
-0.04574071
0.02411385
-0.02828551
0.04623301
-0.04640978
0.04004241
-0.02806560
0.01419904
0.03759371
-0.03895250
-0.01553159
-0.00229455
-0.02462442
-0.00363216
-0.04206391
-0.03824258
-0.00114975
0.02607233
-0.01843220
0.00552628
-0.03719826
0.02959583
0.01034623
-0.04902098
-0.04514856
0.01909513
-0.03432006
-0.01026557
-0.03016671
0.04988250
-0.04615149
0.04158705
-0.02402832
0.00398708
0.02316480
0.03175149
-0.02023363
-0.00180518
0.04248201
0.03340980
0.00401296
0.04251640
0.01527968
0.00406898
-0.00396884
0.04630169
0.04425004
0.00632597
0.04716655
0.01117215
0.03438824
0.03369577
0.01533828
-0.03298619
-0.00791915
0.01895065
0.02769256
0.04340646
0.03084842
-0.00987401
-0.04718968
-0.04394094
0.04981609
0.02223519
-0.03463962
-0.02512467
0.01730717
0.02180819
0.00113551
-0.01824908
-0.03365138
-0.00268158
0.02155342
-0.04930428
-0.01836951
0.00487310
0.01757317
-0.02186723
0.00545358
0.03329047
0.04251910
-0.02100716
0.01826069
0.02079438
-0.03280723
0.02567324
-0.02253828
0.03596866
0.04505689
0.03479287
-0.00097489
-0.02768282
0.01482242
0.03709667
0.02193121
-0.03907418
-0.02922398
0.03876127
-0.03651565
-0.01009939
-0.01370037
0.02819761
-0.03304011
-0.01046024
0.03464061
-0.03020826
-0.00563134
-0.02857853
0.00164837
0.01870114
0.00206289
-0.01533523
0.02854425
0.01251573
0.04709587
0.02147169
0.01481423
-0.00222508
0.00531581
0.04561639
0.03854324
-0.04080599
-0.02733234
0.03064475
-0.01369389
0.01107868
0.00783602
-0.01810711
-0.02626146
-0.04152945
0.03485903
-0.00648391
0.04385738
0.00176743
-0.02726144
-0.04978994
-0.04213737
0.04655708
-0.04682295
-0.04685379
-0.01414189
-0.03655051
0.02653996
0.00702857
0.01379018
0.03620737
0.02353189
0.01343780
0.00633805
0.00687791
0.01929558
0.03869318
-0.03956449
0.02762575
-0.03754544
-0.00879803
-0.03969324
-0.02543555
-0.04859901
0.01021067
0.01099319
-0.04269079
0.04074220
-0.04454033
0.01488635
-0.00382332
-0.00181440
-0.00926506
-0.03471535
-0.01178247
-0.01481166
0.00854205
0.00822937
0.04946029
0.01413423
-0.04563265
0.04972427
-0.01240563
-0.02513698
0.01046427
0.00637834
0.01690799
0.04393949
-0.03538059
0.01179498
-0.03123778
0.02246257
0.04426685
-0.00277970
-0.04921010
-0.00626598
-0.01806369
0.04178459
0.03389072
0.03421151
0.02836211
-0.04333907
-0.03284789
-0.01494389
-0.00554091
0.02553918
0.00162994
-0.01888158
0.04806612
0.01495718
0.00014511
-0.04698788
0.04223933
0.02503537
-0.01577526
-0.03236449
-0.01191004
-0.03657493
-0.02621708
-0.00742675
0.04385824
0.01067415
0.01357922
-0.03748791
0.04866633
-0.03576562
0.04611273
0.02643184
0.02162595
-0.01541800
-0.03915158
-0.04449354
-0.02781593
-0.03117643
0.02468515
0.03811218
0.01450792
0.00020662
0.02606798
-0.00650313
0.04541550
-0.03674440
0.00113366
-0.00919445
-0.01613697
0.00093903
0.04928840
-0.04461002
0.03287949
-0.04372169
0.01955261
0.02629348
0.00374398
0.03888362
-0.00120047
-0.02423775
-0.02863801
-0.01288478
0.01541798
0.00479036
-0.04629540
-0.02672546
-0.01587449
-0.03280126
0.03359962
-0.04064745
-0.01038917
-0.03746597
0.00935162
0.01712477
0.02380166
-0.01181955
0.01774574
-0.02081201
0.00455895
0.00821598
0.00510141
-0.04149747
0.01598599
-0.04312563
0.02709547
-0.00248743
-0.00524323
-0.01705315
-0.02276447
0.02342427
0.00366826
0.00710888
0.04281507
-0.00654015
0.01101128
-0.02856444
0.01237459
0.03386752
0.01851870
-0.04097007
-0.01101681
-0.02010002
0.02159669
-0.00298965
-0.03818812
0.00493926
0.03335254
-0.03827488
0.00060558
0.04580980
0.03441370
0.00075206
-0.04881854
-0.01812515
0.03058182
-0.03587690
-0.01913339
-0.01941780
0.01745200
-0.00155503
0.02804894
-0.00624398
-0.02201447
-0.04113581
-0.00117090
-0.03042482
0.02425895
0.02810176
0.02625701
0.03819270
-0.02518640
-0.04054779
-0.01316200
-0.03518889
-0.00777840
0.04612565
-0.01199112
0.02432557
-0.01860791
-0.04057583
-0.03303694
0.01364123
-0.03182875
-0.04484601
0.01740974
-0.04492694
0.01363485
0.00841456
0.02913657
-0.00041253
-0.04369538
-0.02971713
0.02030626
0.03916607
-0.02569743
0.04152670
0.00231794
0.03289011
0.02139316
0.02906534
-0.02326485
-0.02176980
0.00472769
0.02339725
-0.02283959
0.01975400
0.02396583
-0.01707386
-0.00481306
-0.00243315
0.00018027
0.03438024
-0.04955706
0.00108870
-0.04283769
0.01410541
-0.03443535
-0.04503506
-0.01845160
-0.04567041
0.04365187
0.03415327
0.01656759
0.02270989
-0.01258715
0.04503750
0.02362271
0.04948306
-0.03792662
-0.03660487
0.02809161
-0.02820919
-0.00677272
-0.01878682
0.01220597
0.00847412
0.02318945
-0.00505202
0.04701053
-0.00334533
0.00365486
-0.02454208
-0.04297514
-0.03735268
0.03651626
0.04129303
-0.03293655
0.03504033
0.01100316
-0.02132629
0.00718037
0.02791533
-0.02094448
-0.00140835
0.01335175
0.03395845
0.01487649
0.02316580
-0.01841596
0.02396155
0.04854907
0.01505076
-0.03408278
-0.00744425
0.03550968
0.00453080
-0.03878149
-0.00427141
-0.04953925
0.04429662
-0.01185790
-0.00150859
0.04229946
0.01540929
0.00719111
0.02186058
0.04232205
0.00181703
-0.00633634
-0.01607504
0.00909216
-0.02819826
-0.04225677
-0.00285208
-0.01502171
0.00275396
-0.00208516
0.00028241
-0.00430176
0.01418882
-0.03542728
-0.01945365
0.01285988
-0.02648451
0.01607837
0.02514769
0.03646330
0.02859136
-0.03281066
0.01543065
0.04249720
0.01585783
-0.01478780
0.04932743
0.04899545
0.03691529
-0.03382206
0.03396924
-0.02122777
-0.01224675
0.02833642
-0.00357184
-0.01828082
-0.01208401
0.01504713
0.02151330
-0.03356727
0.02287595
0.02643230
-0.00182720
0.00935230
0.00632033
-0.00156346
0.00723517
-0.01309316
0.02512513
0.03251889
-0.01061033
0.01033831
-0.00941044
-0.04774248
0.01122322
0.00551112
0.01144416
0.01940089
0.02748773
-0.01375223
-0.00388492
0.00376709
0.00702836
0.00632929
-0.04961088
0.03472057
-0.00873272
-0.04061115
0.00186507
0.01882658
-0.03348362
0.02271144
0.00420617
0.03567617
0.00831146
-0.03627051
0.01991722
0.00276538
0.04161082
-0.00723376
0.01801448
-0.00434896
-0.00023971
0.01541317
0.03762667
0.00876298
-0.03493974
0.04008283
-0.01859365
-0.03220080
0.04801191
-0.00051582
-0.04784489
-0.02365821
0.03361112
-0.00031667
-0.01640130
0.04219538
-0.00511768
-0.02483138
0.00056608
-0.03390773
-0.04104232
-0.03412241
0.01361468
-0.03993298
0.00391619
-0.03705361
-0.01754391
0.02061287
-0.04160808
0.01343666
0.00773392
-0.00141606
0.00560996
0.04279855
-0.04255929
-0.02599798
0.00520856
0.03421241
-0.00859281
0.01680260
0.02335129
-0.04310976
-0.02439859
-0.01924627
0.02314790
0.04872292
-0.04284249
0.03616444
0.01801957
0.04271495
0.02479916
-0.02943591
0.01539425
-0.01080445
0.02344869
0.03858700
-0.00809315
0.04639380
-0.03992157
0.01357915
-0.02880255
0.00294674
-0.00469869
0.04570134
0.02529430
-0.02366539
-0.03829442
0.00025904
0.02294782
0.03077693
-0.01815507
0.01774207
-0.03451253
-0.03856580
0.02755015
0.04004463
0.00295139
-0.01512747
-0.02563806
0.02651792
-0.00299995
0.04231576
0.03145879
0.04323733
-0.01819248
0.02033407
-0.02570716
-0.03688012
0.01175158
0.00685568
-0.04405418
-0.01785067
0.04987096
0.00249647
0.03051457
0.00039530
0.04926074
0.04275665
-0.01875445
0.03168186
-0.03357705
-0.00383866
0.02277111
0.01907186
-0.03722563
0.03292395
-0.04686395
0.00953173
0.04229112
0.01986849
0.00870864
0.03023910
-0.00263665
0.02716822
0.02801387
-0.01012028
-0.03221608
0.02326632
-0.03108070
-0.03494354
0.02550281
0.02908848
-0.01418251
-0.04990494
0.01915132
-0.03240987
0.03729421
-0.02415370
0.01086064
-0.02325328
-0.04281797
-0.02189327
-0.01942989
0.01035521
0.04910006
0.04478665
0.01263788
-0.03154590
-0.00303742
0.02630653
-0.00128107
-0.02185307
-0.02987573
-0.03375414
0.00224622
0.02740337
-0.00295947
0.00722644
0.01035952
-0.01147924
-0.00917822
-0.02931696
-0.03348011
-0.03480400
-0.02165880
0.04861967
0.00436918
0.02055255
0.00234042
-0.00744192
-0.04198249
-0.01713624
0.02270883
0.00328795
-0.01408161
0.03212378
-0.03354796
-0.01251007
0.03374089
-0.03567031
-0.00422354
0.04945997
-0.04996911
-0.02990098
-0.03983507
0.02724510
-0.04207474
-0.00622108
-0.00132904
-0.03845939
0.04126077
-0.00734698
-0.04757869
0.03291836
-0.03328335
0.03585095
-0.00416376
-0.00749664
-0.02319063
0.03687269
0.03952501
-0.01814838
0.02201119
0.01346788
0.01519896
0.04310726
0.00405939
0.02934792
0.04224730
-0.04467326
-0.04454609
0.04073351
-0.01787166
-0.04239883
0.02946838
0.03119837
0.01559991
0.01714358
-0.01886796
-0.03300999
-0.02337847
0.00277787
-0.03367080
0.04098067
-0.02786164
-0.02536395
-0.01051602
0.03307924
0.03934640
-0.00202383
-0.00506041
0.01402684
0.00851707
0.01820834
-0.00781542
-0.02773583
-0.03585729
0.01054132
-0.01695419
-0.00192843
-0.01190367
0.02826116
0.01173946
-0.03842698
0.00660578
-0.00377047
-0.01883444
-0.02374246
-0.01778579
0.00995273
0.02629648
-0.04542708
-0.04472336
-0.01341989
0.00201221
-0.01113003
0.02890101
0.03569119
0.01372427
0.03630893
-0.00268670
-0.03412392
-0.02485308
-0.00814018
-0.02116838
0.04228257
0.01517325
-0.01047997
0.02957905
-0.00099000
0.04162747
-0.02411350
0.02845208
0.00142150
0.00306210
0.03610360
-0.03135124
-0.00191482
-0.04944961
-0.03164145
-0.04532843
-0.02320578
0.00481387
-0.02975219
-0.00553947
-0.04536431
-0.03924704
0.01794964
0.03524630
0.02701808
-0.01201627
-0.01900700
0.04422195
0.04786184
-0.01627464
-0.01792422
0.03270938
-0.00103360
-0.04384251
0.03600468
0.01312702
0.01191677
0.01451939
0.03236084
0.02605949
-0.02645876
0.04446381
0.03966190
0.00727785
-0.02739826
-0.04312711
0.00458542
-0.03034172
0.04106507
-0.02726043
0.01394943
-0.03021882
-0.00342183
0.03329008
0.02863111
-0.02449325
-0.03229744
-0.02263130
-0.04705894
0.04216417
0.02558995
-0.00383513
-0.04357576
0.01160657
-0.04647972
-0.01583920
0.01202711
-0.00638541
-0.02931786
0.03464047
0.00116471
0.02887867
0.03583860
-0.01662775
-0.00408616
0.04888566
-0.03414539
0.02443303
-0.04064497
0.01057206
-0.01961057
0.02663395
0.00289273
-0.00166540
0.02928600
0.01839771
-0.01614274
-0.04940971
-0.02763411
0.00673616
-0.01524189
0.01420373
0.00524305
-0.01157394
0.03353810
0.03767920
0.03887342
-0.02213453
0.00595108
0.04196827
-0.01033091
-0.03647028
0.04477824
-0.03631585
0.02149371
-0.00798809
-0.00321044
0.00859168
-0.03689654
0.03680461
0.00624451
0.00451874
0.02577793
-0.03079178
-0.01977120
-0.03683111
0.03932041
-0.00533187
0.03595742
-0.03865474
0.04901367
-0.01637645
-0.00745040
-0.03163343
0.00020468
0.01284872
-0.02805933
-0.02399319
0.01775650
0.04803105
-0.03858312
-0.02897005
-0.03385606
0.02779957
0.03757520
-0.02875152
-0.02794650
-0.01140518
-0.01683123
0.04036591
0.04407051
-0.03591267
0.01894689
0.03553712
-0.03879998
0.02748038
-0.00130525
-0.02850996
-0.03764540
0.04380134
-0.04075628
0.01103834
-0.02336052
0.00513352
0.03115240
-0.01067773
-0.02572118
-0.01228120
0.01313443
0.02491540
-0.04231663
0.01503680
-0.02639708
0.01128843
0.01029480
-0.02103462
-0.00382660
0.04712042
-0.02491606
0.04738937
0.01629655
-0.00264269
-0.00325374
-0.04876719
-0.01395182
-0.00260252
-0.00379604
-0.01986215
-0.02180854
0.00494283
-0.04508628
-0.04146261
0.01997645
-0.01216325
-0.03549531
-0.01569582
0.04231322
-0.03095418
-0.03537962
0.04281771
0.01614117
-0.04423356
0.01301394
0.03111817
0.02455918
0.04803417
0.01553595
-0.00513118
-0.00232494
0.03679834
0.01430709
-0.00044842
-0.04864127
0.02532096
-0.00398322
0.04876183
0.02496773
-0.02813753
-0.02596562
-0.01358825
0.00649325
-0.02368138
0.00640657
-0.04720685
0.02008889
-0.03773745
0.02683518
0.03459265
-0.04218855
0.03461697
-0.01505937
0.00988009
0.03715230
0.00288145
0.02742326
0.01651596
-0.00201197
0.00091272
-0.01025409
-0.00803740
-0.00409995
0.02543928
-0.02489445
-0.03778228
-0.04450669
-0.04892418
0.03396785
-0.03827688
-0.01030422
0.02708356
-0.04189894
-0.01265627
-0.04340721
-0.02795247
0.00942517
0.00158123
0.01460829
0.02529331
0.02096896
0.00501249
-0.00144924
0.00187607
0.01685583
0.01546085
0.02186550
-0.03990515
0.04587285
-0.04656335
0.00321779
-0.04489926
-0.02361399
0.02566553
0.04912242
-0.01919075
0.03673802
-0.04971822
-0.02091734
0.00116729
0.04699409
0.04224828
-0.02237362
-0.01123998
-0.04788120
-0.03690306
0.01878728
-0.01017476
0.01308888
-0.01566402
0.00787128
-0.03554430
-0.04889023
0.04528771
0.03670307
0.00731493
0.00452077
0.04333271
-0.04311796
-0.04807259
-0.01177606
-0.02103466
-0.04671373
0.04912847
0.04241024
-0.01866677
0.01500282
-0.02508410
-0.02875406
-0.02151868
0.01819999
-0.04067636
-0.02613535
0.03360099
-0.04915409
0.04979028
-0.02127017
0.04973207
0.03624302
-0.03293198
0.02665515
-0.00492981
-0.01414372
-0.04810397
0.01524694
-0.00772584
0.04404011
0.00949612
-0.02191338
0.04182262
0.02636990
0.03261363
-0.03922870
-0.01770371
0.03508237
0.01857849
-0.04835897
0.02642185
0.02171785
0.01799725
0.02803991
0.03474275
-0.04137023
0.01010081
0.04164944
-0.01042487
0.00889143
0.00311855
-0.02622259
0.03580443
-0.03790163
0.00748313
-0.00501128
0.00868720
0.03351054
-0.03857826
0.00355636
0.04628472
-0.03420830
0.02220239
-0.03942565
-0.00365226
0.03264400
0.01931063
0.03682997
-0.04391738
-0.02863333
-0.04048065
0.02065359
-0.04236012
0.03871894
0.00952319
0.00929427
-0.02043106
0.04029835
-0.03907514
0.01609960
0.03197708
0.01366959
0.03259570
-0.02896099
-0.01937003
-0.00818887
0.01748480
0.02526913
-0.01900463
0.03924714
-0.03148815
0.02934786
-0.00473311
0.01503800
-0.04239327
-0.04736158
0.00764465
0.01644435
-0.00624873
0.04879152
-0.01411138
0.02614565
-0.00075196
0.01218901
0.03972961
-0.01849872
-0.00538248
0.02322054
0.01394520
-0.02363477
0.03557123
-0.02071570
-0.00979351
-0.03962828
-0.03749217
0.03281240
0.04693142
0.03525764
-0.04419995
0.01702468
-0.01650413
0.03639762
-0.02589844
-0.00808881
-0.01612759
0.01103726
-0.04948059
0.00340986
-0.02241752
0.01547786
0.00066914
-0.04608409
-0.00481634
-0.02934205
-0.04694811
-0.03397888
-0.03548672
-0.01906960
-0.00261858
-0.03936206
0.02068207
-0.03711787
0.00050145
0.02470437
0.01163727
-0.02129425
0.02513281
-0.02356477
0.01294330
0.01177906
-0.01567565
-0.02995517
-0.02164316
-0.01538480
-0.02619015
0.01692759
-0.01896405
-0.04379286
-0.03134499
-0.01553759
0.03747860
-0.03481375
0.00565022
0.02029398
-0.02764300
0.00807147
-0.01123360
-0.03436024
0.02699530
-0.00373774
-0.03169765
0.03316605
-0.03545869
-0.04529256
-0.02640282
-0.04701874
0.00423941
0.00135571
0.01541150
0.00295011
-0.02622918
0.04853017
-0.02478714
0.00518644
0.01928719
-0.04751053
0.01876518
0.01885971
0.03982405
-0.02429752
0.04103372
0.03588804
-0.01227692
0.03860797
0.02557467
0.02926864
0.02563133
-0.00380635
0.03606886
-0.04258462
-0.03276929
-0.02413994
-0.02386738
-0.00264367
0.03204496
0.03576430
0.04358539
0.03787697
0.00714974
0.02955835
0.03518900
0.03375350
0.03930222
0.04238292
-0.03224266
0.04294478
0.04550834
-0.03596025
0.00568071
0.04082695
-0.04147766
0.00273250
-0.01876795
0.00206505
0.03915645
0.00770140
0.02832509
-0.04215182
0.01171612
-0.02114457
0.04746184
0.01238341
-0.03223800
-0.04429611
-0.00184290
0.00968646
0.03266359
-0.00613889
0.02763137
0.01346521
-0.00820403
-0.02767949
0.03143971
-0.03541749
-0.00455952
-0.04546016
-0.04525536
0.01489124
-0.02111139
-0.03274687
-0.00363827
0.01457924
0.03004397
-0.00679923
-0.04108223
0.00815636
0.00107598
-0.01803677
-0.00775310
0.03273183
-0.00989921
-0.00191713
-0.00512613
-0.03716014
0.01889854
-0.00564334
-0.03643399
0.02979386
-0.02447098
0.01427264
0.03179967
-0.04193552
0.00183233
0.00462831
-0.01842913
-0.00650076
-0.02413724
0.00340154
0.01633494
0.00855657
0.03021538
0.04638269
-0.02804074
-0.03362887
-0.03310704
-0.00973646
-0.02750305
-0.04840252
0.00412878
-0.03513223
-0.02714537
-0.00997982
-0.01826265
0.00882272
-0.03597470
-0.00925833
-0.00782801
-0.02531950
0.00971831
-0.02437498
-0.01455831
-0.00007962
0.03315278
-0.01473338
0.04350016
-0.03976081
-0.04080115
0.01617244
0.03255841
-0.03153441
-0.00199264
0.03099190
-0.04371469
-0.04794434
-0.00949972
0.01327906
0.02678636
0.00590008
-0.02884093
0.02359344
-0.00245919
-0.00193452
-0.00322741
0.01746733
0.01289307
-0.04267271
0.00027307
-0.00973974
0.00973715
0.01849727
0.00926786
-0.01033221
0.02137726
0.03743194
-0.03559957
-0.01911128
-0.02645400
0.04237816
0.01458288
-0.02856853
0.02280069
0.00992094
-0.04515627
0.00509140
-0.00502021
0.04295855
0.02026300
-0.04897924
-0.01488665
-0.04075471
-0.04064951
0.04211357
0.01417092
-0.01425086
-0.01153157
-0.02441250
-0.01093323
0.02560038
-0.04507973
0.04084894
0.01149003
0.03253317
-0.02096443
0.03851242
0.00883923
0.01891714
0.01341443
0.00687359
0.02788684
0.00333714
0.04024141
-0.01776469
0.03953417
-0.02073042
-0.03922487
-0.04106159
0.04182917
0.03819600
0.00270133
0.01484733
0.00684105
0.01486463
0.02234846
-0.02987413
-0.04101900
-0.02149277
-0.02342509
-0.01861150
-0.02659448
0.03856800
0.01529394
-0.03215069
0.03023181
0.02948801
-0.03739826
-0.02972474
0.03220639
0.01148807
0.03665188
-0.03121609
-0.03089378
-0.04882999
-0.02712872
-0.02842060
-0.01541390
0.03381178
-0.01364184
-0.00648423
0.02720918
0.01282119
-0.03005500
0.03438948
-0.02147312
-0.03979436
-0.01480278
0.01861924
-0.00822242
-0.04932252
0.01920157
0.03803081
0.01363520
-0.01368219
-0.03823694
-0.01498596
-0.03990364
-0.01431438
0.01475703
-0.02783917
0.00720652
0.03645888
-0.03652056
-0.03648531
-0.00155604
-0.03874680
-0.00382495
-0.00132479
-0.00112941
0.03935971
-0.01041322
-0.03926402
0.01150091
0.03694103
-0.03716179
0.03409903
0.03536238
-0.00641184
-0.03183565
0.04614130
-0.03946212
-0.02212941
-0.01057817
0.02213653
-0.00778513
-0.03123216
-0.00502396
0.04984195
0.02753905
-0.00421389
0.03230645
-0.02813121
-0.00156825
0.00876604
-0.02827280
-0.00519685
0.02300600
-0.01440990
-0.03988511
0.04913097
-0.04499028
0.02138724
0.01641134
-0.01994500
0.04528525
0.01680461
-0.03246146
-0.00202655
-0.02687791
0.04133802
-0.04204430
-0.04081882
-0.03894823
-0.03763141
-0.02082375
0.03915528
0.00633160
0.04765717
0.02208924
-0.02254425
-0.02502997
0.00951901
-0.00322561
0.00885497
0.00686380
0.00851413
-0.02415732
-0.00235491
-0.03044161
0.02783146
0.01133449
0.04775429
-0.04453487
0.00647984
0.04191006
-0.00081781
-0.03590880
-0.00839645
-0.01704326
0.00641478
0.01930351
-0.03919972
-0.02717022
0.01653914
0.01808920
-0.04397080
0.03250321
-0.01268346
-0.04523195
-0.01867682
-0.04978192
0.03737041
0.03867780
0.00306227
0.04796559
-0.04591327
-0.01649333
-0.00277732
-0.03155643
-0.04811111
-0.02211068
0.01479594
-0.01472533
-0.01089944
-0.04435767
0.00081347
0.03921372
-0.03709915
-0.00337782
-0.01077353
-0.03330956
0.01438669
0.04500910
-0.03927626
0.00974448
0.04176049
0.00958278
-0.03066203
-0.02047474
0.03055136
-0.02409959
0.04710748
-0.03028729
0.00968515
-0.01283738
0.02376207
0.01016802
0.04741911
-0.00740114
0.04504475
0.04569483
-0.00876419
-0.04207361
-0.01737997
0.03955541
0.01806871
0.00636186
0.02510465
-0.01931004
-0.00741907
-0.02260379
0.00273837
-0.03488856
-0.03354374
-0.01296629
-0.04957325
-0.01577705
-0.02230267
-0.01198260
-0.00592861
-0.00622162
0.03433895
-0.00408342
0.02068802
-0.02439841
0.03635976
-0.03253075
0.02710778
-0.03802257
-0.00106336
-0.00505933
0.02901706
0.03778601
0.02356416
-0.01468024
0.00173034
-0.01334649
-0.03147597
0.02923357
0.04444619
0.02628961
-0.01985437
-0.00456391
-0.00262479
0.02593904
0.02586038
-0.02867300
0.03966876
-0.01203658
0.04226012
-0.03979691
0.02341971
-0.00938583
-0.00608343
-0.00257822
0.04332363
0.00012079
0.00107794
-0.01938642
-0.00560558
0.04958578
-0.03442005
-0.04023486
0.04366638
0.01203057
-0.03170567
-0.00406288
-0.03372862
0.03735401
0.01952089
-0.02905080
-0.02866497
0.03532011
-0.01301194
0.02534263
0.03834224
0.01505343
-0.04342355
-0.01800763
0.01634232
0.04696473
0.04717987
0.02045737
0.01490055
0.02088748
-0.01385759
-0.03081051
0.04055122
0.02928033
-0.04840574
0.02294639
0.03612178
-0.00146915
-0.03084252
-0.02764079
-0.01571526
-0.01983871
-0.02702827
-0.02249489
0.03002393
-0.04123359
-0.03116072
-0.04057992
-0.04191952
-0.00736534
-0.02654506
0.01030143
0.04116103
0.01923325
0.00744967
-0.02716481
0.01882543
-0.03510162
0.01101721
0.02619798
0.03926743
0.03869919
0.00810740
-0.03648620
-0.04203637
-0.02724245
0.03316529
-0.00062913
0.01536149
-0.03339067
-0.03204127
-0.04828703
-0.00361296
-0.01897618
0.04747147
0.03144218
-0.00412838
-0.02824654
-0.04263943
0.01019841
0.00984219
0.03979214
0.02045826
0.00015011
0.04369012
-0.00833705
-0.03890191
0.00559489
0.03636798
0.00129220
-0.01548966
-0.01657913
-0.04641304
-0.02553077
0.02395164
0.01336535
-0.00855560
0.01382130
-0.01339986
-0.03794113
0.01268114
-0.04007209
0.03686861
0.01601757
-0.01422568
0.02455606
-0.00773134
-0.01145984
-0.04255882
-0.01849436
0.02534190
0.02217751
-0.02778910
-0.02539122
0.01156534
-0.02481241
0.02061991
-0.00896494
0.01142332
0.00612410
0.00159829
-0.03248524
0.01185692
0.01763099
0.03847612
-0.04491496
-0.02149467
0.02611651
0.04281058
-0.02281310
-0.03605792
-0.03451874
-0.00355454
-0.02817458
-0.03627862
-0.03183614
-0.00106976
-0.02327546
0.00018489
0.01406448
0.00969670
-0.03334077
-0.04455468
0.03378838
-0.04066083
-0.02214009
0.02298907
0.01683899
-0.00894464
-0.03144549
-0.00524447
-0.00975293
0.01931183
0.03569314
0.01717318
0.03280253
-0.02938171
0.04734517
0.03538986
0.03124681
-0.00301278
-0.02913709
0.02755225
-0.03574527
-0.02522518
-0.04166040
-0.01406375
0.03732869
-0.02420228
0.00563726
0.02247574
-0.02772447
-0.03495174
0.01166907
-0.04355645
-0.03282678
0.02256859
0.02409564
-0.01927544
-0.00680580
0.03341518
0.03381034
0.02481524
-0.02628144
0.01745764
0.02414492
0.04636262
-0.03041760
0.00414278
-0.00099252
0.03414161
0.00381180
0.04944439
0.02912418
-0.01428584
-0.01656857
0.04816186
-0.03460036
0.03688463
0.04361639
-0.00724696
0.03612862
0.04903068
-0.03676686
0.02153124
0.02630762
0.00725905
-0.03987163
-0.03820861
0.01376611
-0.04564539
-0.01887182
0.03997321
0.04081401
0.03659832
0.04229045
0.00184087
-0.04527322
0.03437686
-0.01880170
0.01774762
-0.00315171
0.01387336
-0.03378320
0.02361375
-0.01502130
-0.03251043
0.01321253
0.02983734
0.02230145
0.02995906
0.04067943
-0.02768786
0.00209660
-0.04045194
0.04338391
-0.01699392
0.02970458
0.01974870
0.03322211
0.04688799
0.04135511
0.02799838
-0.02811344
0.00735390
0.04490513
-0.03950539
0.00780581
0.02044271
-0.01771503
0.03883130
-0.02236185
0.03481324
0.01741410
0.03145697
0.04638749
-0.03681894
-0.01319766
-0.00490450
0.00865356
-0.01281867
-0.00683849
0.03347384
-0.00930359
-0.03687695
-0.02879875
0.02184030
-0.03852133
-0.00649724
0.00463296
-0.04841360
0.00408434
0.01446573
-0.04783715
0.02573850
-0.01621897
0.03379728
0.04040378
0.01529447
-0.04240052
-0.03993409
0.01963757
0.01111479
-0.00324929
0.00686324
0.02163684
-0.01104428
-0.02633486
0.04049991
0.02283673
0.03063268
-0.03036351
-0.03618637
-0.02017011
0.04497683
-0.00195423
-0.04098703
0.04390175
0.00630369
0.00916521
0.00671402
0.04292121
-0.02965741
-0.00692300
-0.03805290
0.02830335
-0.02627460
-0.01846289
0.04619724
0.00247983
-0.01678206
-0.01734169
0.01510163
0.01962126
-0.04903019
-0.02430427
-0.04582532
-0.02481518
0.03798413
0.04792044
-0.03470127
-0.04350732
0.00994458
0.02307443
-0.04355621
0.02901177
-0.04487849
-0.00559741
0.02242723
-0.03628271
-0.02867850
-0.00877253
0.01826307
0.04270130
-0.01684914
-0.03212336
0.04106531
0.00960179
0.04632616
-0.00893357
0.00139531
0.01369584
-0.01469070
-0.03783063
0.01060415
0.04276369
0.02595222
0.01082503
-0.04755005
0.02973608
-0.02727656
-0.04489347
-0.00745322
0.00622423
0.00559932
-0.03581276
-0.02385373
0.04009717
0.00939239
-0.02151043
0.01689835
0.02211654
0.01381030
0.00373334
0.03929144
-0.03227988
0.02152587
0.02432873
-0.03916473
0.02538118
0.00250261
0.04070397
-0.03997956
0.01017472
-0.02402391
-0.03454230
-0.04105255
-0.01577258
0.02778067
0.02908724
-0.02928544
0.04212377
-0.02975244
0.04301727
0.01476591
-0.02198043
-0.00146176
0.01794436
-0.02653285
-0.00560462
-0.02196827
0.03803053
0.01178688
0.02185990
-0.01987320
0.00545026
0.03954562
-0.04567225
0.04287085
0.00238631
0.01881369
0.03708689
0.03379416
0.04242324
0.04732931
0.02611111
-0.01461860
-0.03859629
0.01975251
0.03572562
0.03300226
0.02775128
-0.02709864
0.03978885
0.02312469
0.00374819
0.04314796
-0.00348302
0.01629862
-0.03268487
0.02394895
-0.02647658
-0.00686495
0.02345298
-0.03485252
0.04141294
0.04036197
0.04512183
0.04423384
-0.03792497
0.00612554
0.02149629
-0.02802855
0.00735170
0.03388448
-0.04784806
0.04828738
-0.00583095
0.04510297
0.00529388
0.03129423
-0.02253824
-0.02644430
0.04784950
-0.02479455
-0.03062253
-0.01885536
0.04832033
0.00986122
0.01946923
0.02530563
0.01298783
-0.00484742
0.02352536
0.04543238
0.02140436
-0.04357000
-0.02016335
-0.04740346
0.00843146
-0.00949539
-0.00703645
0.04558077
-0.00234930
0.02454540
0.00869282
0.00646813
-0.04744009
-0.01706718
-0.04412143
-0.03764132
0.04025924
0.04099759
0.01975302
-0.02681000
0.03126981
-0.02597513
-0.00065620
-0.02755751
-0.04909187
0.01162074
-0.00965423
0.03295326
-0.02708800
-0.00914780
0.03219678
-0.01187820
-0.03170802
0.04251395
-0.00167105
-0.04406369
0.00314982
0.02209510
-0.03307375
0.04903441
0.04076136
0.00155599
0.03101764
0.01294662
0.04843133
-0.00637861
-0.00787838
-0.01651941
0.00965624
0.01524088
-0.04567219
0.04164867
0.02851313
-0.04266687
0.04345478
-0.01529633
0.04126087
-0.02146011
-0.02375210
-0.01284555
-0.00925403
0.02803006
-0.04226301
0.01589930
0.04720508
0.04320135
-0.01668424
-0.03986703
0.03085230
0.02236731
-0.04412020
-0.00387616
0.01733272
-0.03631392
-0.01203740
-0.01909591
-0.02948242
0.00282596
-0.00835375
-0.04642500
-0.03377809
-0.00860665
-0.04533895
-0.04325620
0.00663837
-0.01135396
-0.04400836
-0.04534547
0.04280498
-0.01517125
-0.04776826
0.00196682
0.04669668
-0.01875845
-0.02728158
0.00960281
-0.01119996
0.04666649
-0.03327036
-0.01127828
-0.00920587
0.02997288
0.03398338
0.01667551
0.04195851
-0.04979520
0.03816216
0.02150107
0.03342592
-0.00370929
-0.01503600
0.02637209
0.02536822
0.03975311
-0.01483695
-0.02053212
-0.02707298
-0.04291264
0.02549084
-0.04398794
-0.04572371
-0.04776210
0.02065670
-0.03806315
0.03055249
0.01815308
-0.02080739
-0.01170265
0.00867975
0.02949375
0.03383835
-0.03616399
-0.04115067
-0.00327959
0.01918909
0.01923667
-0.02271400
-0.00987960
0.00310235
-0.02901581
0.04515459
0.01226424
-0.04039841
-0.00855731
0.00057311
0.01355689
-0.01487761
0.04479397
-0.04531212
-0.02353347
0.01884534
0.03573275
0.04668361
-0.04559298
0.04078995
-0.02055319
-0.03299271
-0.00267714
-0.03967980
0.04229193
0.01535570
0.04687522
-0.04535938
0.00895665
0.04707614
0.04308457
0.00554278
-0.00231525
0.04828664
0.01528882
-0.01095208
0.00761194
0.00963822
0.00928754
0.02579872
-0.02621746
-0.01081750
-0.00788454
-0.03615887
0.00358441
-0.04744274
-0.00727843
-0.03277945
0.02636739
0.02365574
0.04158213
0.00893890
0.03540611
-0.03660577
0.04681031
-0.04265491
0.03426972
0.02902544
-0.02815820
-0.01671009
-0.01637359
0.01460884
0.00706694
-0.04797751
0.01215044
-0.01915088
-0.00843005
0.04832167
0.00439214
0.04131641
0.04773686
0.00814559
0.04911570
0.01782911
-0.04074334
0.02262357
0.04127563
0.04060435
0.01210747
0.04156632
-0.04473636
0.04926583
0.01924788
0.02658918
0.04796387
0.03352596
-0.00581589
0.03057932
-0.00573278
0.00690053
0.02102517
0.02313170
0.04555868
-0.01263464
0.00781603
-0.01957342
-0.04016627
0.02693514
0.04518064
0.04440588
-0.02742870
0.02948793
0.03219616
-0.02550137
-0.00391278
-0.02748068
-0.03408936
-0.02431495
0.04828872
0.02154584
-0.01720809
-0.02904657
0.02422393
0.01466399
0.03049336
0.04231589
0.02691779
0.01498904
0.02567197
0.02661420
-0.03820188
-0.03133735
-0.00072366
-0.01461089
-0.02926675
0.04801148
0.04100612
-0.01182238
-0.02813107
-0.04398675
-0.04100228
0.02227080
0.03211102
-0.03405757
-0.01213176
-0.03362172
-0.02590420
0.04774933
-0.04147818
0.04694082
-0.01595174
-0.04588354
0.03612066
0.02009969
-0.03921478
0.03236103
-0.01415905
-0.00726018
0.01804667
0.00560854
0.04271534
0.00245979
-0.03079989
-0.04067257
-0.04244049
0.00590666
0.01023682
0.03740739
0.01830391
0.02648623
0.01424363
-0.01408949
-0.04058750
0.02304619
0.03122659
-0.01612337
-0.02009622
-0.02637852
0.04248848
0.02325356
-0.04911069
-0.04468118
-0.01058053
-0.01338096
0.01932643
0.04802783
-0.04780498
0.03152103
-0.01797836
0.01717121
-0.04487745
-0.02846543
0.00438679
0.01061361
0.04464891
0.04223983
0.01770182
-0.04735895
-0.02236427
0.00623853
0.01685131
0.02944000
0.00169794
0.04177073
0.01878733
0.04446115
-0.01585066
-0.04137388
0.02840298
-0.04539841
0.04709914
0.03774416
-0.03486392
-0.00968134
0.00184004
-0.02615567
-0.01380505
-0.00557872
0.03028904
-0.02009933
0.03018282
0.00067827
0.04851951
-0.00207541
0.00820419
0.00735225
0.01738586
0.03863267
0.00902443
-0.00846481
-0.02561697
0.04276662
-0.00192074
0.04883924
0.01611087
-0.03555387
0.03947171
-0.01930348
0.03183683
-0.04195315
0.04971477
-0.03251840
0.02484908
-0.00266896
0.02982173
-0.01606501
0.02776176
0.03726536
0.02801195
0.04721760
-0.02244732
-0.00308546
0.01092573
-0.02723487
0.04746848
-0.04524661
0.04791629
-0.00720114
-0.01960595
0.01110788
0.00085519
-0.00032092
0.03642023
0.00340191
-0.01438310
0.01068728
0.01960536
0.00304648
0.04186074
-0.02601884
-0.03705837
-0.01262369
-0.01560955
0.02385172
-0.02884360
0.03731716
-0.00074351
0.00593651
-0.03809655
-0.04764035
-0.04908458
0.02997644
0.00660064
-0.01794524
0.04536327
-0.03172904
0.02434510
0.02800788
-0.03486932
0.00840628
0.00438498
-0.03343245
-0.04567239
0.00400012
0.03793115
-0.00303266
0.01978401
-0.03079030
0.02976496
0.00615082
-0.02645432
-0.00623634
0.00408494
0.02645495
-0.01504812
-0.01025959
0.03555730
-0.03021962
0.04437900
0.03049286
0.04420910
0.03901262
0.01189443
0.01088177
-0.02761973
-0.00061222
-0.04207025
0.02169866
0.01643948
-0.02316967
-0.01593463
0.03385917
0.01251431
-0.01894842
-0.00111143
-0.01136399
-0.00097659
0.00508364
0.00874968
-0.00381540
-0.04414903
0.00902099
-0.00915358
-0.01527123
0.01484619
0.00884253
0.02759480
0.04462977
0.01473237
-0.01889697
-0.01177706
-0.00540292
0.00299898
0.01714323
0.00261187
-0.01469778
0.04401761
-0.03432316
0.00514450
0.01048515
0.04962692
-0.01889934
0.02636655
-0.03736440
0.02341340
0.03124489
0.03296656
-0.00285612
0.04490769
0.03343204
-0.01590142
0.01432376
-0.00233681
0.02787676
-0.03092849
-0.02170721
0.00079428
-0.03996025
0.01861902
-0.00889079
-0.00863556
-0.02866791
-0.01825392
0.02086707
-0.02599571
-0.00090737
-0.00769919
0.03004722
-0.01037083
-0.04710460
0.01459463
0.00398089
-0.03866537
0.00379490
-0.04265152
0.02050167
0.01690922
-0.02543442
0.01205545
-0.03614361
0.01078052
0.03278426
-0.01970740
0.01693863
0.03990680
0.00391368
-0.02677571
-0.03196908
-0.04996447
0.00788050
0.02975871
-0.01699594
0.04263727
-0.04190660
0.00462635
-0.02223665
0.04149532
-0.03983845
0.03420536
-0.00934410
-0.04565598
-0.01189054
-0.04088869
-0.02330583
-0.02438784
0.04892690
0.01034066
-0.04953719
0.04732588
-0.00026630
-0.02630265
0.04587337
-0.02335718
-0.00622661
-0.02579114
-0.04145086
0.02633514
0.02866381
-0.02256741
0.01708901
0.04751245
-0.02171959
0.00608695
-0.01630597
0.04694216
-0.03167770
-0.00540324
0.00455914
-0.03680729
-0.00879747
0.00754093
0.01597963
0.00207302
-0.04591892
0.03381366
-0.02579223
0.03553916
0.02104240
0.02572729
-0.04728829
-0.01469258
0.00956472
0.00649789
0.02125940
0.02256219
-0.03865211
-0.03274074
0.04663551
0.03717086
0.04306822
-0.01045362
-0.02716282
0.03356046
-0.02319565
0.04882961
-0.01365932
0.00795458
0.02393229
0.01244314
0.00286608
0.02068430
0.00738765
0.00044828
-0.03859826
-0.04396880
-0.01170174
-0.00944846
-0.02207813
-0.01004018
0.00436890
0.02947336
-0.01763819
0.04463358
0.03035146
-0.02981743
-0.04996849
-0.00433076
-0.04310042
-0.02825910
0.03390709
0.03103520
0.01435183
-0.01597678
0.02406437
0.01444821
0.04800763
-0.04186546
-0.01950940
-0.01271867
-0.04255313
-0.04936110
-0.00888101
0.00183299
0.00049296
-0.04696032
0.03870660
0.03415141
0.04411157
-0.01777239
0.02654314
-0.04483830
-0.01155773
0.04373648
0.01890671
-0.00310581
0.02850099
0.01996751
0.00774810
-0.03092205
0.00943733
0.02741675
0.03989740
0.04552925
0.00093871
-0.02381442
-0.02034394
-0.01988311
-0.03200616
0.03370881
0.02993832
-0.01169186
-0.00656584
-0.01119520
-0.00057525
0.01844823
-0.02383652
0.02634370
-0.00002453
0.03754694
0.03975014
0.04510035
0.00952445
-0.01832369
0.03344698
-0.03947642
-0.03217969
-0.01570348
-0.00408228
0.02326448
-0.04263506
0.01878034
-0.00194194
-0.02012442
-0.04040784
-0.02956271
-0.00231840
0.01042865
0.03945091
-0.03469303
-0.01279086
-0.01027750
0.01513279
-0.02128866
0.03656308
-0.00115768
-0.04335402
0.04568032
0.03427007
-0.04282321
-0.03472989
-0.01629476
0.03311511
-0.01802660
-0.03514037
0.02874424
0.01888721
-0.00893066
-0.01120834
0.04917367
-0.01454314
0.00592278
0.01828436
0.03407335
0.00555341
0.01668231
-0.04100099
-0.04508704
-0.00880141
0.02232303
-0.03452005
0.00378254
0.03810704
0.04192235
-0.03070365
-0.03930764
-0.00236256
-0.01417015
0.00009216
-0.02587472
-0.04894106
0.01365132
0.03163814
0.00364732
-0.01601310
0.03232450
-0.02742528
0.04769705
-0.04297400
-0.03513936
-0.02308995
0.02906414
0.03368311
0.01737727
-0.04349777
-0.03687736
0.04326440
-0.00130837
0.04449768
-0.01878833
-0.03312929
-0.04429889
-0.03646604
0.03298055
-0.01141327
0.04775312
-0.01276320
-0.03541768
-0.03684805
-0.02847899
0.04159221
-0.00826293
0.01824258
0.01578428
-0.01573460
0.02967243
-0.04789559
0.00680867
0.00440024
0.03345466
0.02524408
-0.04273478
-0.01340029
0.03825317
-0.04674849
0.03076383
0.02461874
-0.00148187
-0.03440454
0.00613993
0.01510459
-0.03555947
0.00867077
0.04628554
-0.04279977
0.00165159
-0.02985489
-0.03499066
0.04088796
-0.03034138
0.01724535
-0.01181790
0.02288757
-0.02102217
0.02289881
-0.04123179
0.04837067
-0.00422222
0.02583160
-0.01907755
0.00921563
-0.02068924
0.00532629
-0.04471724
0.02484488
0.04588833
0.04934518
-0.04247944
-0.04515241
0.02326269
0.01356158
0.04414753
0.04586018
0.04969278
0.03458233
0.00855613
-0.03564374
0.01574345
-0.02311024
0.03859501
0.03615821
-0.02714385
0.03355074
-0.02377793
0.04558749
-0.02910382
-0.01136037
-0.01321281
0.01655096
0.02087227
0.01919717
-0.03469619
0.03912406
-0.01965053
-0.04763930
0.01208559
0.01125268
-0.02230105
-0.01233307
0.01022185
-0.03112696
0.01462703
-0.04439094
0.04432662
-0.01343438
0.04380835
-0.03574681
0.01351093
0.03488958
0.02026509
-0.04362671
-0.02404988
0.01519693
0.00165973
-0.03484853
-0.03243601
-0.02447467
-0.00068609
-0.02525721
0.03320707
0.02258104
-0.02812446
0.02512126
0.02653444
-0.02489033
-0.04094867
-0.02993424
0.03219474
-0.03444815
-0.01879167
0.02544527
-0.03346310
-0.00508625
0.01450982
-0.02111496
0.04456576
0.04839572
0.03386918
0.00126838
0.00089893
-0.04372270
-0.00439851
0.03371092
0.01570989
0.01074980
0.02434362
-0.00223824
0.03880768
0.02764083
0.01743782
0.04216820
-0.04213930
-0.01272780
0.03207328
0.01829775
-0.00126033
-0.01403631
-0.02893043
0.04162897
0.02621059
0.01717922
-0.04908384
-0.03634144
0.01116005
-0.00632348
-0.03376800
0.04864049
-0.04582969
-0.02394348
-0.02234265
0.03664641
-0.03123781
0.02982987
0.01595364
-0.04820933
0.04051077
0.00934481
-0.04251795
0.04138775
-0.03440582
-0.01520265
-0.02306702
0.03021602
-0.02631137
-0.01140790
0.00538577
-0.00903588
0.03547022
0.02976530
-0.03514775
-0.04939400
0.04901616
-0.03511781
0.02282167
0.00248302
0.02176327
0.00239136
-0.02694297
-0.02670742
0.00249495
-0.01967005
0.03612878
0.01042525
0.03919590
0.04935732
-0.02849329
-0.02355202
0.01410448
-0.00747316
0.04555600
0.03766046
0.03544114
-0.02836464
-0.04157643
0.02603905
-0.01370840
0.04103119
-0.03208840
0.01474475
-0.01117481
-0.00631912
-0.03561988
0.01670547
-0.04204395
-0.03444806
0.01969764
0.00738842
0.02604632
0.04856749
-0.01889597
-0.02826267
-0.01214795
0.04926744
0.02342386
0.04139732
0.01379269
-0.00612066
0.04395447
-0.01547659
-0.02019997
-0.04557407
0.04900760
-0.01163351
-0.01679856
-0.04115408
-0.02151414
-0.03294016
0.00718323
-0.03803052
-0.01547754
0.03047642
0.03205381
-0.01322228
0.04914074
0.02343336
0.04068555
0.02840747
0.01118894
-0.02891700
-0.03565279
-0.01855314
-0.03591327
-0.00274122
-0.01079766
0.03356966
-0.02336378
0.00427212
-0.03957882
0.02581275
0.02578752
-0.01157706
0.04077584
-0.01907137
-0.01226751
0.01333520
-0.03562903
0.04979662
-0.01024561
0.04237149
-0.01403713
-0.02728209
-0.00396156
-0.04653910
-0.02433403
-0.01511432
-0.01193101
0.03140775
-0.00713167
0.01913188
0.00656868
-0.02660515
0.04555300
-0.01635964
-0.01316548
-0.01698032
-0.03472994
-0.01608341
0.01602591
0.02913550
0.01373851
0.01593173
-0.03090393
0.04000865
-0.00654626
0.04252980
0.00808984
-0.00667803
-0.01181709
0.04393100
0.04416046
0.00004462
-0.01657328
0.04456628
-0.02379252
0.00489454
-0.03382476
-0.01730621
-0.04538529
-0.04314024
-0.00490954
-0.04680503
-0.00782755
0.03432011
-0.04654975
-0.00437441
0.03547948
0.03739887
-0.00081237
-0.03930027
-0.02775243
0.03562184
0.03981638
-0.02490788
-0.01021505
0.02871130
-0.03305110
0.01873790
0.03227064
0.03257870
0.02154239
-0.03541570
-0.01446821
0.02249505
0.01241282
-0.02124646
0.00863731
0.03794391
-0.03200957
0.02765483
0.04282067
-0.00803545
-0.00292565
0.02403722
0.03406654
0.00535376
0.04137810
0.02966562
-0.00876382
0.03173595
0.04055954
-0.04305641
0.04880458
-0.02358015
0.04186702
0.04869263
0.03141126
-0.01951710
0.00400146
0.03483170
0.01674324
-0.00365125
0.01123261
-0.01656253
-0.03941729
-0.00635466
-0.00667025
-0.04054912
0.00868694
0.03040434
0.03162631
0.00291977
0.01368391
0.01111496
-0.03978673
0.03555173
-0.04850213
0.04322993
-0.04404752
0.04417847
-0.02120150
-0.03062533
-0.01731002
-0.00461270
0.01123278
-0.01600002
-0.02984612
0.03081130
-0.00821013
0.03914838
-0.04202603
0.00519230
0.04845332
0.00239440
0.02806081
0.03691338
-0.01933068
0.01918211
0.02878614
0.01743073
0.04949385
-0.00790797
0.02951377
0.04988402
-0.02949653
0.03817640
-0.01712607
0.03753539
-0.04856033
0.02129530
0.02559982
0.04089690
0.03225716
0.01178164
0.04773818
0.02602968
0.03294782
0.04969812
0.01011209
0.01203809
0.04710405
-0.03685263
0.04825810
0.03593353
-0.04955079
0.02988418
0.03054339
0.01948630
-0.02524086
0.04019266
0.01775336
0.03015924
0.04552154
0.03020409
0.04691898
0.03191077
0.03519868
-0.02049171
0.01797077
0.00613445
0.00711028
-0.01353843
0.01942960
-0.04326466
-0.00672291
0.04918140
0.00502432
0.04362106
0.01330091
-0.04667012
0.01120776
-0.01216838
0.02980685
-0.03513432
0.03504936
-0.01220261
0.01018224
0.01952034
-0.01318333
-0.00564118
-0.03784471
-0.02947499
-0.02326778
-0.03546463
0.00002934
-0.00162658
0.02022669
-0.03071258
-0.03976406
-0.01538761
-0.03978410
0.03816408
-0.04769998
-0.00690925
0.03731371
0.02727460
-0.01465755
-0.03727949
0.00439334
-0.03178795
-0.03109537
0.04675564
-0.01419846
0.01015053
0.01134961
0.03087704
-0.01911298
-0.01377625
0.04688357
-0.01372649
0.00906546
0.01366384
-0.00229259
0.03979128
-0.04704876
-0.02147412
-0.03956047
0.04731184
0.03311397
-0.02169836
-0.01521335
0.00746823
-0.00405870
0.04637968
0.03205825
0.00063668
0.02646911
-0.04504555
-0.04088880
0.01763801
0.04122579
0.03368257
0.03307192
-0.04426821
-0.03362347
0.04271356
-0.01484498
0.04863308
0.03828374
0.01147070
-0.03759152
0.04527029
-0.03152679
0.01268931
-0.00168924
0.02941707
-0.00451699
0.00771317
-0.03137552
-0.00043826
0.01438290
-0.00302928
-0.02905705
0.03636638
-0.01563744
0.01297106
-0.03493037
0.03043205
-0.00823305
-0.04620191
-0.04749074
0.04972064
0.02554661
-0.02659181
-0.00802803
0.01482263
0.02936494
0.04941882
-0.01889215
0.00629972
0.04536466
0.03220630
0.02541201
0.04413849
-0.03917492
0.04618221
0.00167943
0.01853696
-0.02196556
0.02979527
0.00131979
0.00909253
-0.03348140
0.03599803
0.00686681
0.02718420
-0.01435506
-0.02629280
0.03623813
0.04218925
-0.00629158
0.00497801
-0.03257090
0.01237576
0.00084954
-0.03702274
0.03954772
0.00069954
0.02149779
-0.04260439
-0.04352065
0.02663188
0.00170398
0.00302914
0.02274440
-0.02801394
-0.04128874
0.02064255
-0.03075438
-0.04693895
-0.04476620
0.03167547
-0.02589800
-0.04360101
-0.02132168
-0.02615247
0.02444380
0.00047489
0.03518781
0.04745991
0.00740745
0.03161234
-0.04142803
0.03745790
0.02949414
0.00020061
-0.02659052
0.02228102
-0.00861565
0.02327926
-0.01082463
0.04670501
-0.01787269
0.04003835
-0.02472269
0.00742232
-0.01070453
0.00189659
0.02244980
0.00476800
-0.02040820
-0.04961400
0.00615486
0.04900887
0.04559846
0.00751582
-0.00800306
-0.01326197
-0.00939280
0.00395226
0.04139654
0.01623506
0.04802201
0.00134612
-0.01870010
0.03396690
0.00692359
0.02668066
0.01109145
0.04528597
-0.02478758
-0.01495165
-0.03275795
-0.04224481
-0.02014419
-0.01682464
-0.01545448
0.00999566
-0.03722180
-0.04050892
0.02367192
-0.03762242
-0.04921966
0.00610611
-0.04718403
-0.03862834
-0.04920179
0.00015575
0.03761550
0.01823698
0.03043457
-0.03929226
-0.03990145
0.02278952
0.04034330
0.03999539
0.04192523
-0.03399034
-0.01674736
-0.02548917
-0.01541748
0.03671577
0.04366985
0.02533671
-0.03639447
-0.00875289
-0.03315765
-0.03150042
-0.01216897
0.02213378
-0.04002126
-0.03380656
-0.04010471
0.03557933
-0.01894379
0.02684482
-0.00965476
0.04071658
-0.03448267
-0.02375493
0.01860729
0.01375552
0.02447701
0.03319089
-0.01135006
-0.02540495
0.02021025
0.01224518
-0.02178816
0.04272551
0.01038739
0.00297883
-0.02709769
-0.04503565
-0.01523147
-0.01423214
-0.00840037
0.03549428
-0.00626147
0.04471172
-0.03935511
0.01169505
-0.04185166
0.03583524
0.03885913
0.01123286
0.02110101
0.02342595
0.01070570
-0.03063717
-0.01404202
-0.03233396
-0.01101211
0.03742889
-0.04687428
0.04413627
0.02957541
0.01363337
0.01091969
0.01605907
-0.01453139
0.03235583
0.00927354
0.03128169
-0.01990583
-0.02811344
-0.04584610
-0.03567037
-0.03861343
0.04338423
0.01695022
0.00321305
0.04932760
-0.01591614
0.02575371
0.02225037
0.01017437
0.00816344
0.04920270
0.02650077
-0.03912333
-0.02762264
0.02188885
0.03045213
-0.02208758
-0.02815363
0.04899944
-0.01989328
0.00217952
-0.02280510
-0.03068724
-0.02969979
-0.00722818
0.01196734
0.00421908
0.00425982
0.02194609
0.04407302
-0.00553784
0.01011492
0.03895580
-0.00380882
-0.02619810
0.00655875
0.03984605
-0.03756176
0.04586691
-0.01570937
0.00369781
0.02519282
-0.04542742
-0.03143198
0.02602414
-0.02537813
0.00995625
0.04495270
-0.04295949
0.01939002
0.04862934
-0.00274403
0.01149281
-0.00748616
-0.00311820
0.00223768
0.02941004
0.03305820
-0.04901074
-0.03095561
0.03779947
-0.02263758
-0.01986053
-0.01163989
0.01224439
-0.00691118
-0.01475803
-0.04590318
-0.02163500
0.03708503
-0.00272139
0.01790702
0.02523459
0.02059927
0.03326084
-0.01204051
0.03018790
0.03088375
0.04641867
-0.04694797
0.01141181
-0.00460623
0.04719400
-0.00569845
-0.01740922
-0.03134073
0.04840460
0.02389780
-0.03056706
0.01275776
0.00694854
0.04600348
-0.01490503
-0.03693013
0.02730914
0.02038453
0.03153192
0.04159459
-0.04023162
-0.00201203
0.04349069
0.02381268
0.04599147
0.04554453
-0.04796178
0.04938046
-0.01989855
-0.00694504
-0.01147603
0.04524498
-0.03667155
-0.03848314
-0.02182197
0.00358457
0.03653114
-0.04373010
0.04959814
0.03179520
-0.04532180
-0.02081455
-0.04427453
0.02734201
-0.02693272
0.04687901
-0.02631117
0.03504115
-0.00187171
0.01302920
-0.02380885
0.00204151
0.02283329
0.01520771
-0.04995561
0.02261488
0.01669946
-0.02132503
-0.03029986
-0.02209926
-0.01044596
-0.00454917
0.00893812
0.04413737
0.03137518
0.02272337
0.04144413
-0.02234723
0.03961246
-0.03426307
-0.02938550
-0.01373591
-0.02988047
-0.01261357
0.04088607
-0.04687695
-0.04555069
0.00893625
0.00526024
0.00605104
0.03522940
0.01783521
-0.03414661
-0.04193928
0.04096725
0.00490700
0.02157654
0.02611186
-0.04666106
-0.02759179
0.04248257
-0.00628062
-0.00538461
0.04104963
-0.00379638
-0.01447989
-0.03523885
0.03949784
-0.00008572
0.04406608
0.02640066
-0.04768997
0.03502067
-0.03004006
-0.02964624
0.00305750
0.02923735
-0.00113163
-0.01328515
-0.03287445
0.01585237
-0.02072006
-0.01102833
-0.01412164
0.02641815
0.04727995
-0.01900114
-0.01809100
-0.00871277
0.03668274
0.01563244
-0.01528149
0.04130266
0.04892365
0.00286080
-0.00848927
-0.02082551
0.00814727
-0.01659024
0.04469787
0.01801901
0.01351498
0.01987030
-0.04275105
0.01919992
-0.01734752
0.03420665
0.01616324
0.01572212
-0.01183911
-0.04409059
-0.01230591
0.01059791
-0.01936354
-0.03503560
-0.02882702
-0.01347808
-0.01033943
0.01028075
0.00849985
0.03067785
0.02774304
0.03872558
-0.04530413
-0.01463800
-0.04496930
-0.01244009
0.02496604
0.03320577
-0.01108960
0.02813432
0.04559744
-0.04614181
-0.03297413
-0.04486088
-0.04205323
-0.03082186
-0.01672674
0.03636513
0.01777613
0.02792095
-0.00034102
0.03495069
-0.03108958
-0.03867182
0.04272985
-0.02770109
-0.02538671
-0.01500276
-0.03043974
-0.01492632
-0.03240756
0.03760752
-0.00854671
-0.04439514
-0.03300805
0.03787741
-0.02936491
0.02494995
-0.01114780
0.04061744
0.00320782
-0.00049426
-0.04686489
-0.04254508
-0.03003954
0.00868453
0.02926962
0.04104691
-0.03482375
0.04353581
0.04983299
0.01927549
-0.02806349
-0.04487716
-0.04843725
-0.01060625
0.00813048
-0.03216946
0.00214812
-0.02029363
-0.00561638
-0.02876604
-0.02930342
-0.04792420
0.02784878
0.02774385
-0.01101332
0.04837330
-0.03699277
-0.01082334
0.03172627
-0.00574393
-0.04680680
-0.01247535
-0.00147933
0.02608371
0.04744498
-0.04035114
-0.01271809
-0.04689613
-0.02662663
0.03753644
0.00607871
-0.04112272
-0.02021456
-0.04090299
-0.04688911
0.03087344
-0.00609530
0.01694317
-0.01286364
0.01359358
0.02694454
-0.04672040
0.00501891
-0.01866684
0.01819734
-0.01302115
0.00663556
0.01783138
-0.03263945
0.04177942
-0.03286316
0.01306632
0.00306482
-0.01331342
0.01216220
-0.00102995
0.00777997
-0.02795928
-0.02298955
0.03666338
-0.04351601
-0.01248556
0.04147532
0.00997379
0.01741139
0.02925962
0.01974401
0.02561989
-0.01456466
-0.03234549
-0.03840206
-0.00630180
0.00754729
-0.02848284
0.01657567
-0.00205295
-0.02628201
0.01088190
0.01167406
0.02660440
0.02454409
0.04509111
0.01373988
-0.03918413
0.00487055
0.03544192
0.04726994
-0.02910214
-0.00310074
-0.00602011
-0.00839848
-0.01791516
-0.04580478
0.01403802
-0.04458448
0.04032448
-0.00862732
0.01236556
-0.03779481
-0.01066052
-0.00367715
-0.04228437
-0.00063235
0.01597429
-0.02837119
0.00302541
0.00873986
-0.03287719
-0.00685935
0.04904597
-0.02711835
0.03546048
-0.04964209
-0.03776501
-0.00908855
-0.00296408
0.00432728
-0.02822016
-0.04369257
-0.02366278
0.04508268
-0.04792196
0.02274829
-0.00705353
0.02087262
0.00235262
0.04907196
-0.00398218
-0.00052620
0.02511951
-0.01243020
-0.01616170
-0.01040032
-0.00476169
-0.04451888
0.00906379
-0.03352012
0.02341672
-0.01411483
-0.04660390
-0.03060428
0.02500655
0.03214253
0.02008826
-0.02714092
0.01085563
-0.00124401
-0.01857364
0.03119066
-0.00558908
-0.02620492
-0.03882405
-0.04881626
-0.04973918
0.00487183
0.03258514
0.03207939
0.03971743
-0.00051189
0.02312584
-0.01114824
0.01056434
-0.00387068
-0.00116734
0.02471502
0.00616802
0.04985679
-0.00821475
-0.04410440
-0.01448224
0.00152341
0.02603301
0.02163015
0.00501448
-0.02042287
0.02988108
-0.00685074
-0.00834159
-0.03100880
-0.01943739
0.02625997
-0.03449861
-0.03433468
0.02204387
-0.01028894
-0.01595830
-0.00274117
-0.01949675
0.01078915
0.04835341
-0.01107829
-0.00428216
-0.03663099
-0.04953481
-0.02880836
-0.00377862
0.02588861
0.04174978
0.03532853
0.01005305
-0.04365962
-0.01612553
0.00788356
-0.01537213
-0.02604287
0.03508062
0.03407638
-0.04098574
-0.01085080
-0.01941698
-0.04989177
-0.00373237
-0.04112805
-0.00975098
-0.04614674
-0.03505483
0.02093759
-0.03999248
0.03191438
0.01045542
0.02606916
-0.02684479
-0.00957609
-0.02081103
-0.04487022
-0.03426361
0.01656305
0.01825128
0.00554767
0.04929741
-0.01563287
-0.01596488
0.02846714
0.01214470
-0.03352882
-0.00190927
0.00016332
-0.02697773
0.00909060
-0.02007678
0.03028443
-0.02345960
-0.01153923
-0.04464550
0.01130990
-0.04995714
0.03126606
-0.01001383
0.04107447
0.02017970
0.03431527
-0.03932118
-0.03443979
-0.00529749
0.00021649
0.03012968
0.02433993
0.03665306
-0.01005722
0.04014426
-0.03627510
0.01780622
-0.02824446
0.00779993
-0.01570904
0.04055066
-0.03075955
-0.02734947
0.04998433
0.00811163
-0.00548590
0.02954198
-0.04991851
0.02281391
0.00222919
0.02437433
-0.03719347
0.02033887
-0.00448696
-0.03159057
0.04646446
-0.04823376
0.02686517
-0.02909924
-0.04443676
-0.01205746
-0.03964684
-0.04289611
-0.01164727
-0.03631347
-0.03713477
-0.01530735
0.03292450
-0.01098511
-0.00499681
0.03352011
-0.00390280
0.00323862
0.00052674
0.02438057
-0.02511645
-0.00518740
0.02070008
-0.01903902
-0.02377600
-0.04643644
0.01997918
0.02274245
0.00579679
0.02306438
-0.04949000
-0.04073354
0.02306812
-0.03141164
-0.01472373
-0.00019648
0.00681771
-0.03512224
-0.02095712
-0.04016214
0.04348507
0.03561931
0.00925221
-0.01525067
0.02724418
-0.03612342
-0.02935939
-0.03021639
0.02748522
-0.04683398
0.04391944
0.03330653
-0.04228839
0.01731172
0.04629272
-0.02118226
-0.04851756
0.04962059
0.03447174
-0.02767286
0.02588028
-0.00583104
-0.01852503
-0.00297332
-0.00041468
0.04282722
0.04130721
0.01643523
0.02617437
-0.04454640
0.03829499
-0.02414467
-0.02087437
-0.03578181
-0.01631006
-0.02769822
0.04857137
0.03123729
0.01899442
0.04422559
-0.04361729
0.02273881
0.03614236
-0.04656288
-0.00707834
-0.00273093
-0.01997493
-0.01236311
-0.01781365
-0.04015121
-0.01661361
0.00106685
0.01555384
0.03259577
-0.03619151
0.03688255
-0.04248143
0.03998845
-0.01484440
0.00918682
-0.04724754
0.01194958
-0.03748408
0.00532776
-0.01459943
-0.01281156
0.03153500
-0.00998133
0.01474301
-0.03390026
0.04266243
0.00776080
-0.02967547
0.01632809
0.02680867
-0.01284282
-0.04968540
0.01902853
0.00230966
0.04822602
0.01384689
0.01872684
-0.04648209
-0.02248450
-0.04569769
-0.02501708
-0.03019566
0.01042924
0.01638576
0.02886845
-0.00178901
-0.00757315
-0.00699847
-0.01189855
-0.01670230
0.02456819
0.02977644
0.03409570
-0.00056723
0.01296896
-0.03568719
-0.03830314
0.01246511
-0.03744868
-0.02426548
0.02297256
-0.01258928
0.03595113
0.01529676
-0.03586597
-0.00137003
0.01901348
0.03960646
0.04125806
-0.03790968
-0.02283476
0.02656039
0.01207897
0.03530021
0.03139807
0.04091332
0.00157588
-0.04170351
0.01282835
0.03170154
0.02608995
0.02926325
0.01672942
0.02024283
-0.00302553
0.00410662
0.00401608
-0.02864343
0.00926076
-0.03722328
0.01275906
-0.04144897
0.03400230
-0.01792617
0.04716159
0.02669965
0.03894981
-0.00925000
-0.03102958
0.03124909
-0.00174406
-0.00232235
-0.04447592
-0.03178594
0.01042994
-0.02375886
0.00037531
-0.00321935
0.04134480
-0.03912624
0.02447619
0.03066912
0.00804234
-0.01665285
0.03629071
-0.00548239
-0.04381281
-0.01834500
0.04803780
0.01854465
0.01429303
-0.03578995
0.02425438
0.00321749
0.00774293
-0.01467713
-0.01318660
-0.01751248
-0.04547959
-0.02445428
0.01447819
-0.01469860
-0.01074127
-0.02938803
-0.00422148
0.04856662
0.03013801
0.00228149
-0.02532342
-0.03036484
0.01881087
-0.00735038
0.00790250
0.02221809
-0.00996713
0.01374828
0.02648836
-0.04219582
0.01815224
0.00259243
-0.00202602
0.00177503
0.01250540
0.03406275
0.01266880
-0.04603055
-0.01918347
0.00118755
0.04426399
0.01055786
-0.03445496
0.03905068
0.01436205
-0.02370085
-0.00593015
0.01960906
-0.02879659
-0.02786026
-0.03169151
-0.01578821
-0.00537756
0.01942624
-0.03070822
0.03870479
-0.04956938
-0.03016099
0.01043112
-0.02085279
0.00132859
0.01937966
-0.00175664
-0.04552255
-0.03558166
0.02410841
0.00323173
0.01334478
-0.03486998
-0.02788263
0.03401519
-0.01969301
-0.01890481
-0.02984944
0.02095138
0.02930954
-0.00763876
-0.01352117
0.01882935
0.01432172
0.04963797
-0.04418913
0.03178899
-0.03988634
0.04290577
0.01094313
0.00447235
0.04072889
0.02936970
-0.01293530
0.04551328
-0.01204720
-0.01734527
0.01752418
-0.01266094
0.01522160
0.01817583
-0.00822707
0.02089342
-0.03654242
0.00930824
-0.02405282
-0.03305382
0.04078345
0.03223773
0.02018671
0.04114453
-0.04608116
0.02181226
-0.03170866
0.03742556
-0.02504063
-0.03934595
-0.04770466
0.00805043
-0.01428817
-0.02980889
0.00262572
-0.02830771
-0.02829117
0.04398361
-0.02877187
-0.04433822
0.02332786
-0.00754068
-0.00443732
0.03016566
0.04815487
-0.04055763
-0.04371933
0.01561779
0.00847523
-0.00015014
0.04889951
-0.00386119
0.00731373
0.02009135
-0.04355777
0.00259836
-0.04965221
0.04858113
0.04883610
0.03516100
0.02683863
0.00265154
0.00925433
-0.03260458
-0.00453584
0.04745023
-0.00609531
-0.00841289
-0.02010828
-0.02794225
-0.00322211
-0.04115680
-0.01720978
0.02681904
0.00040126
-0.01636347
-0.00672675
0.00514710
0.04312460
-0.00494261
-0.00902074
0.01654440
-0.01585155
-0.02517444
-0.01790598
0.00315802
-0.02334083
-0.00779575
-0.00882109
-0.01771878
-0.01809225
0.00358582
0.00228250
0.02907779
-0.01395245
0.03378456
0.04101809
-0.02808648
0.00752771
-0.01759462
0.00168886
-0.03685099
0.01515074
-0.04105400
-0.02659111
0.02823433
-0.02616381
0.03108345
-0.00240834
-0.01697667
-0.00058485
0.04184027
0.02920987
-0.03865920
0.04660756
0.01291037
0.02929246
0.01305402
0.03103545
0.01914226
-0.02308659
0.02139907
-0.03005502
-0.02922619
-0.00128027
-0.01789648
0.04742844
-0.02407062
0.02592346
0.04481235
-0.01812646
0.00422528
0.02756824
-0.02515927
0.01118101
0.02489244
-0.03990440
-0.02233601
-0.02618082
-0.04200814
0.04526723
0.01200848
-0.00852819
0.04204922
-0.02333898
-0.04034162
-0.00577932
-0.04588385
0.00039535
0.00243921
-0.02255208
0.01907138
0.04957486
-0.00829156
-0.03450248
-0.03684530
-0.04140871
-0.03310601
0.04823586
-0.00933153
-0.04681446
-0.03495134
-0.00959850
0.01190349
0.00329595
-0.04677740
0.04494721
0.04396458
-0.03255245
0.00878056
-0.04484691
0.03802961
-0.03209615
0.03136053
-0.00888209
0.02560136
0.00163375
0.04403612
-0.02270716
-0.04139467
0.03522752
0.04583088
-0.00523312
0.02623894
-0.04414606
-0.00830922
0.04406922
-0.01220205
0.04874814
0.03245334
-0.01819140
-0.02682295
-0.01883100
-0.01800519
0.03228749
0.04522555
-0.00578125
-0.02016106
0.00237242
-0.02705173
0.02946017
0.03519024
0.01938949
0.00134500
0.01592662
0.01191547
0.02526345
-0.02401864
-0.02752150
0.01309062
0.03263894
0.01122065
-0.01284297
0.00797830
-0.03947437
0.03403392
-0.01048053
-0.02730373
-0.03882387
0.00960020
-0.04230716
0.04257269
-0.04736855
0.00927565
-0.00979156
-0.04978501
-0.00306503
-0.02458088
0.00709067
0.04148554
0.03061333
-0.00699825
-0.04651160
-0.01399647
0.01961848
0.00098656
0.01829025
0.03383260
0.00808393
0.03794996
0.01649443
-0.00184901
0.04901687
-0.01605042
-0.02168372
-0.02035313
0.00297649
-0.01772456
0.02562852
-0.00108998
0.04505295
0.01555222
-0.04211640
0.01337125
-0.02455768
-0.01390389
-0.01237650
0.02691516
0.00977334
0.03111704
-0.00324105
0.01457845
0.01168299
0.02412361
0.04557396
-0.03855680
-0.00083956
-0.02561602
0.02049191
0.03670736
0.02666011
0.04862776
-0.00147224
-0.00135513
0.01546536
0.01073170
0.03813612
-0.04739747
-0.00867696
-0.02765463
0.02183823
-0.02149330
0.01295378
0.02620935
-0.02645762
0.04719783
0.01745490
-0.00725893
-0.00783860
0.00060917
0.01517409
0.01985033
-0.01076470
-0.04645618
-0.02929361
0.04734194
0.04371025
-0.03182042
0.00042998
-0.03802096
-0.01752387
0.03053934
0.03734418
0.02611153
0.03673198
-0.04491018
-0.02189303
0.04588960
0.04663790
-0.02796212
0.02430494
-0.04237942
0.02510840
-0.01279876
0.04139727
-0.04031280
-0.01996967
0.03728771
0.02400185
0.00733070
0.01471667
-0.01991889
-0.03662023
0.02382177
-0.03716045
-0.01756136
-0.02904532
-0.02618065
-0.02434690
0.00842240
-0.01611844
0.04395971
-0.02891644
-0.03946806
-0.01189801
0.02044038
-0.03226146
0.03034008
-0.02816128
-0.03834870
-0.02652000
-0.00292919
0.03350551
0.03467388
0.01191767
-0.04655910
-0.04488267
-0.01303431
-0.04817903
-0.04231120
0.01661405
-0.02823529
-0.04601572
0.00262296
0.03139301
-0.00864316
0.03795128
-0.03707520
0.04956430
0.00963089
-0.03188188
-0.00455621
0.00891071
-0.00132017
0.03614434
0.03063134
0.00920223
0.00530612
-0.04176702
-0.00910222
0.04035588
-0.03656561
-0.00494361
0.00791457
-0.02186976
-0.02195439
0.01661290
-0.00062086
-0.02398025
-0.03672134
-0.03089451
0.02735810
0.03169834
-0.04373755
-0.01082710
-0.00536186
0.02752402
-0.00148912
-0.00391273
-0.04972746
-0.00650558
0.04044428
-0.03475990
-0.03904134
0.01050816
0.01072672
0.00368633
0.00783007
0.01340924
0.02405922
0.04805477
-0.00232792
-0.03732746
-0.03869944
0.01270592
-0.04997638
-0.00496064
0.01733967
0.00047192
0.01901103
0.01190226
-0.04283954
-0.00914780
0.00806265
-0.03913435
-0.00395605
-0.00310097
-0.03883424
0.03231994
0.03858440
0.04059172
-0.03077235
0.01170239
0.02226779
-0.04784725
-0.04830375
0.04303674
-0.01235494
-0.01527444
0.02520609
0.00004053
0.00979670
-0.02109647
0.00466488
-0.01897184
-0.01701769
0.00060347
0.02477922
-0.04700470
-0.04262172
0.03863143
0.03725867
0.01834205
-0.04265379
0.01330093
0.00668455
0.00969781
0.03834325
-0.00256715
0.02431701
-0.03833803
-0.01862590
0.04488464
-0.02195833
0.03135241
0.03764612
0.04989425
-0.03951956
-0.02966429
-0.00425291
-0.04202209
0.00796615
0.01568608
-0.03774280
0.04648321
-0.01637724
-0.02586647
0.02068640
-0.04321397
0.01958822
-0.00058100
-0.04223805
0.03319829
0.03490329
-0.02935006
0.03062962
0.00500017
-0.00829691
-0.02612331
-0.02858907
-0.02319077
0.03094369
-0.03128084
-0.02014837
-0.00149750
-0.00777040
-0.00271565
0.02540302
-0.01191430
-0.02187469
0.04871869
0.02707679
0.04381938
-0.02669582
0.00646129
-0.04380777
0.00959559
-0.00606751
0.03402349
0.00499709
0.03749449
-0.03696930
-0.03031273
-0.02932820
-0.02500523
0.02045131
0.03089717
-0.00452007
-0.01642674
0.01599624
-0.01684967
0.02904712
-0.00312929
0.00128542
0.04936633
0.04585599
-0.03356676
0.01590711
0.00016471
0.01319726
0.00155810
-0.03640272
0.01276526
0.03651490
-0.03847095
0.03983076
-0.02630959
0.00519459
0.03368414
0.01044745
0.01490961
-0.01712633
0.01221847
-0.01664980
-0.01056229
0.04048663
0.00750493
0.04167267
-0.01642129
-0.00948569
0.01645265
0.00409821
-0.00095945
-0.00804482
-0.04022948
-0.02209384
-0.00335418
0.04243418
0.03760577
-0.00216854
-0.04455152
0.04166147
0.00553526
0.04642183
-0.01699025
0.04557367
0.00865846
-0.00142632
0.02527442
-0.01482668
-0.03531728
0.01394976
0.00079549
-0.00787047
0.01690358
0.01522809
0.02912573
-0.02486865
0.01026237
0.02741015
-0.03537868
0.03252306
-0.01028120
-0.01679710
-0.03345285
0.04114399
0.01909785
-0.00433933
0.03315735
0.01834871
-0.01735258
0.00357339
-0.04323753
0.02735230
0.03092753
-0.00870211
0.00070238
-0.02099069
-0.00210086
0.03874633
-0.04725368
0.01043356
-0.01287894
-0.00062837
0.02849558
0.04346852
0.01310808
-0.02711781
-0.01331942
0.00403074
0.02895905
-0.00166837
0.02440335
0.02674860
-0.00706473
0.04855566
0.03201547
-0.01931451
0.04852548
0.01380490
0.01305629
0.00880739
-0.00303890
-0.01912370
-0.00324288
-0.02111389
-0.00411943
-0.02210400
0.00458009
-0.03588590
0.03188882
-0.03946884
0.03560916
-0.01017804
0.00417484
-0.00173772
0.01906014
-0.01904229
-0.01237559
0.01808953
0.01005631
0.03438538
0.01142358
0.04441135
-0.03206853
0.01223476
-0.04569343
0.04839524
0.01656746
-0.04984909
-0.03632404
0.03560684
-0.00783444
0.00232243
0.01524940
0.00624406
0.02510959
0.02979313
0.01572755
-0.00814937
0.04308612
-0.03189697
0.00208806
0.04100443
-0.04661970
0.04502133
-0.04768265
-0.04222080
0.04176485
0.01598753
0.04438506
0.03001960
0.04762350
0.00216459
-0.00416841
0.00565676
0.04767479
0.03759612
-0.02326811
0.01111389
-0.02702267
0.02211513
-0.02763261
0.00149059
-0.01600841
0.02982751
0.01308248
-0.04348476
-0.03273923
0.04790979
-0.02636785
0.01455940
-0.04061368
0.01590351
0.04957477
0.04850990
-0.01357372
0.01330983
-0.00818698
-0.04501686
-0.01971497
-0.03840056
-0.01202174
0.00900887
-0.03700825
0.03798563
0.00223557
0.02462033
-0.04154964
-0.02714096
0.00995588
-0.04682479
-0.04882405
0.03038248
0.04412152
0.02740333
0.01499280
0.00874152
-0.03188162
-0.04461470
0.04503323
-0.02468674
-0.03536035
0.01213982
-0.03891199
-0.00890377
0.01206316
0.02928269
0.02262926
-0.02446449
0.02612453
0.01109385
0.03637310
-0.04389087
0.00225567
0.03990693
0.02937338
0.03601442
0.01922506
-0.03332625
-0.04725819
-0.03656533
-0.04800567
-0.03944030
0.01949712
-0.04869530
-0.04528834
0.01484659
0.03650984
0.01934322
0.01323811
0.02674784
0.04121013
-0.02722120
-0.00940142
0.02976159
0.03108258
-0.02501017
-0.02449831
-0.02912256
-0.01659290
0.04585842
0.03979410
0.01234474
0.02208732
0.02661364
0.04144732
-0.01866756
-0.00612462
-0.03444085
0.02747157
-0.00476672
-0.01797106
0.04126071
-0.00037739
-0.04833102
0.01894505
0.00551372
0.02907957
0.01284240
0.00613768
0.04492041
-0.03129050
-0.00692065
0.03908721
-0.03177215
0.04567706
-0.03494076
-0.02678632
0.03056972
0.01759784
-0.03652337
-0.03493106
0.00161471
-0.02198476
0.01360297
0.04196515
-0.01262102
-0.03108255
0.02939632
0.03554780
0.01462788
0.04818135
0.00466649
0.01169746
-0.01887260
-0.01167382
0.04435480
0.02610557
0.02999918
0.02378486
-0.03782590
0.04884816
-0.00389526
0.02176503
0.02315050
-0.00589434
-0.00951047
0.02942081
-0.03587064
-0.02166327
-0.01247180
-0.00484887
-0.03727441
0.00188273
-0.00153112
0.03085861
0.03592104
0.02652614
-0.04666862
-0.02522320
0.01026453
0.00771646
-0.02119804
0.03583046
0.02346458
-0.01603856
0.03771029
0.01590368
-0.04123774
0.04137265
-0.02038718
0.03154253
0.02019164
-0.02689291
-0.04121861
-0.04913723
-0.04288944
-0.00288516
-0.00812245
-0.02832410
-0.00415772
0.02209152
-0.03216176
-0.00261288
-0.03055574
0.02349743
0.03011628
-0.01255246
0.00192694
0.02922855
0.00952497
-0.02284879
0.02031247
0.00662302
0.04242683
-0.04359196
0.04804928
0.03992971
0.03313497
0.03781496
-0.03979424
-0.03481047
-0.00918776
-0.02238020
-0.01814842
0.00602398
-0.02637429
-0.02927442
-0.03204158
0.02151571
-0.02950656
-0.03097125
-0.01133440
-0.04997958
0.03117684
0.04485762
-0.01130750
-0.02002302
0.02411957
0.03769123
0.02594941
-0.00013269
-0.04763569
-0.04420186
-0.02986317
0.03027366
-0.04129659
-0.01217678
-0.04651381
0.00165461
0.02532285
-0.00756182
0.03327353
0.01529422
0.00832073
0.00578529
-0.04791370
-0.02519706
-0.01222150
0.03863392
-0.02788468
-0.04462346
-0.02574334
0.01356438
-0.04906428
0.02233628
-0.04221760
0.04558581
-0.00028364
-0.00245829
-0.00453607
0.00210266
0.01473620
-0.04269629
-0.03579498
0.03149455
-0.04831105
0.03475418
-0.01744011
-0.00196149
0.03940915
-0.03786251
0.01589110
0.02831640
-0.02597775
-0.00309433
0.00483878
-0.02211308
-0.02883723
0.02161126
0.00169591
-0.03264289
-0.02412833
-0.00133691
0.01676644
0.02460176
-0.04960608
0.01146268
-0.02219271
0.01403058
-0.03703272
-0.01604447
0.04234963
0.04682979
-0.02751837
-0.04056383
0.03681851
0.04416582
-0.03995821
0.04984614
-0.01002411
0.04074190
-0.01369685
-0.00052321
0.01834502
-0.02384657
0.00720314
0.00531774
-0.01325967
0.03681451
0.02701764
0.00657961
0.00282220
0.03377333
-0.04419660
-0.01648475
-0.04194522
-0.01192314
0.04248963
-0.00827639
0.02317726
0.00023416
-0.00894102
0.04074430
0.04221254
-0.03241876
0.01510231
0.00527980
0.02816479
-0.00398277
-0.02492414
0.01455331
-0.02127433
0.04412128
0.01840928
-0.01380333
-0.01728537
-0.02244546
0.02312020
-0.00126548
0.01898799
-0.04453703
0.01479094
-0.01244291
0.03178279
-0.03899086
-0.02452083
0.01686253
0.03764070
-0.04740439
-0.02951242
0.03345547
-0.04842832
0.03423918
0.00231274
-0.01632698
0.01193247
-0.04911767
-0.03637576
0.02269416
-0.04077670
-0.03503324
0.03683400
-0.02979335
0.04570751
-0.00314675
-0.00098889
0.00360142
-0.01962913
-0.04784935
0.03070615
0.01498238
-0.00250270
-0.02467331
-0.02076009
0.02465766
0.03507596
0.01680683
-0.03811059
-0.02818679
-0.03381241
-0.01658508
-0.03321144
-0.04219870
-0.00088564
0.03524073
-0.03273110
0.03869789
0.04703953
0.02009875
0.02234966
0.03866449
0.00525117
-0.04196128
0.04760566
-0.02007262
0.03024126
-0.02286662
0.03425060
-0.04446637
0.00264802
0.01263461
-0.03099906
0.01918378
0.02003852
0.04866194
-0.00747177
-0.01299776
0.03360578
0.04984304
-0.03910709
0.02183902
-0.02777489
0.03315521
-0.03775183
0.02208539
-0.03556990
-0.02873485
0.01040631
-0.04336201
-0.00070587
0.03084963
0.00410347
-0.02045353
0.01222144
0.01681731
0.02423207
-0.02919748
0.00259585
0.04444887
0.01685612
0.02486411
0.01830557
0.00678403
-0.03710221
0.04923669
0.01802484
0.02898782
-0.04244342
0.00857646
-0.04923008
0.01788810
0.00041353
-0.03300383
0.04125793
0.02002619
-0.02592480
0.04700086
-0.00422342
-0.02002347
-0.02026169
-0.01396942
0.02634385
0.00274515
-0.04630874
0.00041419
-0.00055621
-0.00809917
-0.01310406
0.02513431
0.02535149
-0.01326038
0.02024452
0.02042380
0.03673050
0.00971313
-0.01395680
0.00174810
0.01781453
0.03340048
0.01040041
0.00164282
-0.00389080
-0.02853438
0.03651576
0.03318048
-0.04722480
-0.03070031
0.00646055
0.04090336
0.00837645
0.01583785
-0.04303616
-0.02924300
0.01899141
0.01804349
0.00818273
0.01467721
-0.00751266
0.04730440
0.04176546
-0.00594030
0.04580396
-0.00220665
0.03694403
-0.04048311
-0.02238810
0.01164233
0.03674849
-0.00578336
-0.00302670
0.02644779
-0.03128219
0.01814238
0.02802202
0.04854783
-0.01984071
0.02905257
-0.04432247
0.00848702
-0.02573714
-0.01173664
0.02673470
0.03252448
-0.00361304
-0.04678442
-0.00259578
0.03459077
-0.03807632
-0.00879511
0.04861157
0.03036833
-0.04803267
0.02305474
0.04644222
-0.00793213
-0.00999755
0.02503878
-0.02988878
-0.00952094
0.00308591
-0.04440155
-0.04899805
-0.02300717
0.00840232
0.00958448
0.00862562
0.00912619
-0.04365751
-0.00660528
0.03199766
-0.02683725
-0.04230299
0.04245920
0.00026886
0.04766630
-0.03789171
0.01699490
0.01670134
-0.02168325
-0.00755517
0.03257854
0.01628428
0.04065424
-0.00341150
-0.02615437
0.03554308
0.04837596
0.02135538
-0.00881500
-0.02643642
0.00568332
0.02496373
-0.00668472
0.01022642
-0.01135147
0.02773224
-0.03908458
0.03211866
0.00679826
0.00648937
0.01180708
-0.00017747
-0.04930091
-0.03786501
0.01409534
-0.02428468
-0.01658336
0.00449380
-0.04447408
0.01609687
-0.01594505
-0.01946424
0.03080879
0.02477003
-0.02041458
-0.03463386
0.04323178
0.00276308
0.03026069
0.02573686
0.00972808
-0.00252778
-0.00704970
-0.01287581
-0.01032819
0.00698992
-0.03362291
0.04855266
0.02416587
-0.00807046
0.04460604
0.03046566
0.03390915
-0.03759134
0.04346463
0.03177008
-0.04840307
0.04632394
-0.01182573
0.00233126
-0.04571616
-0.00220968
0.02658944
0.01407365
0.00286214
-0.03089845
-0.04803229
-0.02121407
0.04452919
-0.04024442
-0.03566637
0.02565562
0.03261132
-0.03924670
0.04974232
0.04257710
-0.04958197
0.03362450
0.02813824
-0.04010947
0.03026878
0.00884361
0.02036298
-0.03010106
-0.01646966
-0.02034415
0.04715690
0.04507144
-0.03391233
-0.01986202
-0.02864410
-0.04906676
0.00196306
-0.01874200
0.00164093
0.01844258
0.01193762
-0.00238558
0.01649436
0.01038805
-0.02002265
0.00041403
0.01359923
0.00707235
0.04549798
0.01299394
-0.00813223
-0.03194602
0.02214925
-0.02769963
0.01885576
0.00083384
0.04942604
0.04439158
-0.04468857
0.00014807
-0.03170804
-0.00620999
0.01783920
-0.03505157
0.01476355
0.01709656
0.03893976
0.00794213
0.01221986
0.04516798
-0.00614274
0.04945091
-0.01484393
0.04621251
-0.02884981
0.01730002
0.01156636
-0.00245523
-0.03109108
-0.02092573
0.00857719
0.03483423
0.04095313
0.01307841
-0.03015420
0.02297271
0.01754230
0.03877682
0.00323623
-0.03109998
0.01131405
0.04117559
0.04208465
0.04207035
0.03895626
0.00637549
0.04926915
-0.04803488
-0.00396714
-0.01798939
0.04413241
0.00789843
0.00375794
-0.00271150
0.02733487
-0.00440808
0.00665903
-0.01769822
-0.02081272
-0.03894763
-0.00802085
-0.00593058
-0.01990773
-0.02466104
0.04132901
0.03840783
-0.00378445
0.02187615
0.02764953
0.04227361
-0.02562601
0.01678912
-0.02567637
0.04572015
-0.02542859
-0.04189493
-0.04861374
0.00656076
-0.02484345
0.03741800
0.03228271
0.02738925
-0.00578631
-0.00754181
-0.02876535
0.04955851
0.00029508
-0.00664678
-0.02234104
-0.00378091
0.00572776
-0.02468833
-0.01726916
-0.03430789
0.04087973
0.04606145
-0.02962522
-0.02586889
-0.01422554
0.01073763
-0.01087664
-0.04205095
0.03016762
-0.01387662
0.02363966
-0.00240485
0.02107412
-0.02512752
-0.02180020
0.00487548
0.04711285
0.01053388
-0.04843515
0.04354907
0.00042134
0.00046476
-0.03697467
-0.03916219
-0.01215862
0.03806694
-0.01159870
-0.01700627
-0.01470335
-0.01084429
0.04106442
0.00088502
-0.03275223
-0.01985387
0.04501262
0.01564443
-0.00095958
-0.02091554
-0.04871227
-0.00292022
0.01480732
-0.02810187
-0.03723420
0.01235737
-0.03807819
-0.03812772
-0.00615534
-0.00645499
0.04266270
0.04557781
0.02250437
0.02779472
0.03544490
-0.02028671
-0.04871255
0.00946069
-0.03733242
0.04948816
0.03180219
-0.04005956
0.04763801
-0.04744596
-0.01294767
0.04499085
0.04982267
0.01662808
0.02428815
0.03371000
-0.03437001
-0.04913760
-0.02269446
-0.01663289
0.02504871
-0.01776186
-0.02458071
-0.01602383
0.02823405
-0.01287609
-0.01214280
0.00209223
-0.04892230
0.00056975
-0.02025919
0.01159267
0.01813671
0.00546768
0.04998431
0.04350049
0.04378903
0.03144837
-0.04632312
0.04070115
0.03917724
-0.02151946
0.02214188
-0.02467658
-0.01775003
0.03355524
-0.02577288
-0.03159357
0.01933160
0.03995886
0.02379565
-0.00627914
0.04839506
0.01065547
-0.02046495
0.03451877
0.04329723
-0.04409993
-0.02066297
0.02633128
0.00249594
-0.03748935
-0.02833604
0.00748184
0.01982569
-0.01618543
-0.02971589
0.00136247
0.03938612
-0.01186440
0.04578388
0.00420072
-0.02897517
0.01494745
0.01149909
0.01647107
-0.01083054
0.02159318
-0.02454899
-0.04075918
-0.02613024
-0.00383246
0.00325782
-0.03945330
0.00938773
0.00876978
-0.00860099
-0.03960294
0.04441823
0.00134813
0.04930673
0.03224766
-0.03403424
0.03018777
-0.02246978
-0.02418948
-0.02400414
-0.03864892
0.03395546
0.01223597
-0.04363837
-0.03839203
0.01344617
0.02673833
-0.00611620
0.00751619
-0.00647408
0.02652505
-0.04433154
0.03337981
0.00026171
-0.04119950
-0.03364775
-0.00956992
0.04283527
-0.00903251
-0.01811463
-0.01486965
0.04147219
0.04333904
-0.02674495
0.02825194
-0.03816780
-0.04779575
-0.03212411
-0.02788761
0.00259375
0.01388404
-0.00107922
0.04327539
0.01438413
0.02206845
0.03304262
0.02096813
-0.00882252
-0.04899425
-0.03260775
-0.00068065
0.00168311
-0.01290030
0.02378417
-0.01220998
-0.04332489
-0.01086765
0.01751027
-0.02805644
-0.00377516
-0.00294151
-0.03296789
-0.02474937
-0.03010643
-0.01909590
-0.01301017
0.03291189
0.00569497
-0.00204321
0.04161377
-0.01194722
0.03686004
-0.00227909
0.01290262
0.01003021
-0.03068493
-0.01360665
-0.00615404
-0.04757583
0.03817226
-0.00296186
-0.00362242
-0.01553500
-0.04323000
-0.00465797
-0.00298525
-0.03410915
0.02355154
-0.03072057
0.00832983
0.03950663
0.00834186
-0.02048325
0.01040473
-0.04107077
0.00974371
-0.03931774
-0.04479270
-0.02810237
0.04718013
-0.04674111
-0.02412560
-0.03102709
-0.04469136
0.04917732
0.02400008
-0.02138427
0.00883097
-0.03975189
0.02690418
0.00713865
0.01477687
-0.02478378
-0.03345320
-0.01486517
-0.02418585
-0.01606502
-0.01135970
-0.00093632
-0.02810901
-0.01517859
-0.01801853
0.01271279
0.04505143
0.02867170
-0.04880017
-0.02200628
-0.00473421
0.00391995
0.04722358
0.00661991
-0.01248083
-0.02885126
-0.04461382
0.01543656
-0.02257731
-0.00475867
0.02931955
-0.01100506
-0.04024263
0.04943991
-0.01642050
0.04296274
-0.00290465
0.01533822
-0.01983902
-0.00746452
0.01046959
0.00815079
0.02687315
-0.03325784
0.04088859
0.03698530
-0.00146613
0.04852156
-0.01570976
0.02729083
-0.04254365
-0.00301999
-0.04946198
0.03900632
0.04732358
-0.02715006
-0.01846224
-0.00205149
0.04735115
-0.00980030
-0.04000770
-0.03333350
-0.03494966
0.03798410
-0.00937465
-0.03326885
-0.03086305
-0.04464493
0.03688779
-0.04312641
0.01966604
0.03984135
-0.02007802
0.02001414
-0.03662590
-0.03679846
-0.00019558
-0.04790078
0.02422622
-0.00600762
-0.00977856
-0.02280638
0.04200007
0.00405840
-0.03617688
-0.02379523
-0.00397398
0.03923653
0.00394471
-0.03155911
-0.01257192
-0.04668910
-0.02800673
0.02321165
0.04425800
-0.01353417
-0.00963081
0.02411160
0.00980014
0.03028814
0.04300547
0.00871749
-0.03856767
-0.03049520
0.04517533
-0.03205635
0.04281922
0.02948015
0.02671317
-0.01886884
0.01083324
0.00874139
-0.01034484
-0.00789319
-0.04023178
-0.03291906
-0.02915195
-0.01775588
-0.01077184
0.02109603
-0.00353474
0.04179101
-0.00471319
0.04582258
0.00320065
-0.04083014
0.01895374
-0.02617048
-0.03476230
0.03097197
-0.00733212
0.02491735
0.04333933
-0.04825560
-0.01339905
-0.03360518
-0.04187797
0.03734997
-0.04936644
0.01680204
-0.02355287
0.03700290
-0.02280432
-0.04561513
-0.03466799
0.04959453
0.00144308
0.02839169
-0.02688377
-0.04391459
-0.04451200
0.01719713
0.04664453
0.04462381
0.01707872
0.03568151
0.01477869
0.01543291
0.04664514
0.03284646
0.01735295
0.00266984
-0.04054200
0.03943225
0.00490498
0.02184002
-0.04803887
-0.02486799
0.00256170
-0.04808122
0.04931321
0.04685111
0.04126713
-0.01047967
-0.01536216
-0.00910216
0.03943348
-0.00446061
0.03505582
0.02167191
0.04974855
-0.02049718
0.01373870
-0.02087948
0.04983414
0.03120090
-0.02571005
-0.02680549
0.04491622
-0.03755472
0.00604711
0.04412238
-0.01705532
0.03165509
-0.03125835
0.00887662
0.01527810
-0.01529412
0.03474582
-0.04608899
-0.01681260
-0.01099543
-0.03421301
0.02611691
-0.01330001
-0.00118574
0.00697677
0.01880199
-0.00405811
-0.01315367
0.02458590
0.03725398
-0.03906050
-0.03384744
0.00453426
0.04111149
0.04124925
-0.03800970
-0.03876979
-0.02197747
0.04766927
0.03891234
-0.03920364
-0.02888363
-0.00782086
-0.02271742
-0.03105802
-0.00525440
0.00775333
0.00165096
-0.03864112
0.02619110
0.01488115
0.02592860
-0.03892374
-0.00610715
-0.00036718
0.01539195
-0.01365396
0.03558683
0.01566202
-0.01530620
-0.03433948
-0.00239468
-0.03497930
-0.00258905
-0.00528456
0.03251339
0.03187365
-0.02632680
0.03191015
-0.01515441
0.00350489
-0.02537361
0.03027885
0.00532151
0.04813766
-0.03660281
0.04228665
0.00877196
0.03184276
0.03856941
-0.00772525
-0.03549238
-0.02660068
0.02516897
0.04897694
0.04718860
0.03977827
0.03329048
0.04796427
-0.04789069
0.00353910
0.03850848
-0.01448744
-0.00605528
-0.01696856
0.03324201
0.04040931
0.04963530
0.03975230
0.03468278
-0.01724992
0.02426996
0.00354276
-0.04742303
-0.01836723
-0.01858858
0.02809250
0.04313603
-0.02187314
-0.01281680
-0.03636136
0.04821669
0.01659423
0.03150738
-0.00821564
-0.00575998
0.03381388
-0.04702551
-0.04332251
0.01804255
-0.02433721
0.03166620
-0.03849754
0.04941374
-0.04116714
-0.00351678
-0.03515884
0.02809675
0.04096391
0.00703007
0.03452809
-0.04855405
0.01746028
0.00437345
-0.00679611
0.03219320
-0.04554643
-0.01284502
0.00908014
-0.03884393
0.00827779
0.01052492
-0.02513435
-0.02070480
-0.03935087
-0.01444419
0.01198195
0.03174121
0.02295475
-0.03672760
-0.00944277
0.00523082
-0.04947433
-0.01068720
-0.03803087
-0.04490969
-0.02923825
-0.00198806
0.03592953
-0.03569435
-0.04012663
-0.02190314
0.01209333
0.03890833
0.00483249
-0.01506971
-0.00255178
0.01568628
0.03887695
-0.02395042
0.01964404
-0.03565799
0.02378617
0.02289379
0.03530197
0.00589099
0.01688562
0.02742207
0.01301698
-0.02829211
-0.02497815
0.01410384
-0.00413272
0.00874507
-0.01890551
-0.04533078
0.01820241
-0.00646586
0.02872708
0.01852690
0.04278154
0.03151820
-0.04720758
0.00134901
0.00026900
0.03432815
0.01690587
0.03339565
-0.04680678
-0.03864463
-0.02426037
-0.00049942
0.04605911
0.02201511
-0.02013951
-0.03169960
0.02462638
0.00692348
0.04202748
0.04180781
0.02065588
0.03359124
-0.04217661
-0.01367821
0.03042329
0.04228130
-0.01635274
-0.03670802
-0.04692260
0.02565640
-0.00013544
0.00470271
-0.00408180
0.04117509
0.04848034
0.00652314
-0.02895562
0.03673114
-0.01887599
0.04717657
0.01665132
-0.02943194
0.00029039
-0.00561222
-0.02434655
-0.01365789
-0.03078299
-0.00660524
-0.01592683
-0.00324555
-0.01353509
0.00299646
0.04929503
0.03622694
-0.02953552
-0.02479178
0.04173925
0.03642246
0.02609092
0.03884014
-0.03087154
-0.03574531
0.04012924
-0.02369875
0.04558151
0.03592053
-0.02127356
-0.00320547
0.03588402
-0.04174925
-0.02597072
-0.04634779
0.00860446
-0.02181862
0.00174817
-0.02593075
-0.01830279
-0.02917296
-0.01358367
-0.04154765
-0.02045520
-0.00176869
-0.00402108
-0.00966307
0.00086116
-0.02984495
0.02493450
-0.00832619
-0.04327956
0.02307812
-0.04314096
0.03797244
0.01022642
0.04818727
-0.04407000
0.01296803
-0.01849756
-0.04678471
-0.00126112
0.01215479
0.01664856
-0.03082180
-0.00624705
0.03199569
-0.02314330
0.01277639
-0.04361581
0.01547676
0.03510875
-0.00015130
0.03926899
0.00376856
-0.00828045
0.01505587
0.02333907
0.01102627
-0.00039509
-0.01220473
-0.03239287
0.01059936
0.03262506
-0.02270401
-0.01282830
0.03179368
0.01471260
-0.00520107
-0.03970121
0.02571823
0.01555933
0.02869344
-0.00161857
0.02759593
-0.00505032
0.03802770
0.01888836
0.00691541
0.04457156
-0.01087236
-0.04841942
-0.01670542
0.04848113
0.00767867
0.04111441
-0.04252585
0.02586371
-0.01855036
0.03156435
0.03482224
-0.02907839
-0.03719050
0.01246531
0.03535789
0.02320701
0.01304690
-0.01168512
0.00189134
0.01458642
-0.01638313
0.00952832
-0.04760839
0.04225293
-0.02236162
0.03147364
0.04928677
-0.01178929
0.02970999
-0.04717000
0.04934177
-0.02716381
-0.00272551
0.00293762
-0.01784688
-0.01191989
0.00557298
-0.01595315
0.01916767
-0.04160939
-0.04302799
-0.03924919
0.01199530
-0.03328751
-0.04105594
0.01616238
-0.04959147
0.03647042
0.03077210
0.03444710
0.01279700
0.01072544
0.01307844
0.02518111
-0.04743025
-0.01713769
0.01174667
-0.01879594
0.00834979
0.01554730
0.03692584
0.03998326
-0.03452670
-0.03304382
-0.02278290
0.01209320
-0.04253329
-0.03276812
-0.00920895
0.00212547
0.02646228
0.00897384
-0.00257500
0.00884821
-0.03042560
0.03323124
0.03635561
-0.04064809
0.01313432
-0.02663825
-0.03925016
0.01868168
-0.02194914
0.00175638
0.03201227
-0.01477144
0.01757992
-0.04061260
-0.01146348
0.00431174
-0.01317796
-0.03444083
0.03823433
0.00912718
-0.03613381
-0.03544921
-0.01369586
-0.01171558
-0.00842470
0.02839133
0.04492213
-0.03451189
0.01614650
-0.03652760
-0.01493218
-0.00384799
-0.03718387
0.02399697
-0.02726012
0.04015660
-0.02299735
0.02937980
-0.04799541
-0.04707049
-0.03826677
0.02552732
-0.01374926
-0.03112435
-0.02142556
-0.01240335
0.00096863
-0.00060873
-0.04757078
0.01437858
0.03745301
-0.02909701
-0.00779212
-0.03285624
0.03172176
0.04100410
-0.00028700
0.00574733
-0.00832767
0.00759800
0.03602552
-0.04492716
-0.01446614
-0.02394472
-0.01963006
0.00381098
0.00029467
-0.00074840
-0.04094945
-0.00861507
-0.01374958
0.04385111
-0.01033200
-0.00152084
0.00498836
0.00346537
-0.00250729
0.01274692
-0.02734741
-0.00478444
-0.01834229
0.04624244
-0.03151977
-0.01161551
0.04741799
0.00447201
-0.01837896
0.03921855
0.04885362
0.04451539
0.00138527
0.02000607
0.01117868
0.02473373
-0.01284636
0.04744152
0.00324063
-0.00771349
0.00512972
0.02883077
0.01722523
-0.04420741
-0.03848030
0.04507089
0.01760838
-0.02210432
-0.00792546
0.01840261
0.03889377
0.02719325
-0.00510703
-0.02483671
-0.03690605
-0.01591611
-0.02091467
-0.00985424
0.02813948
0.03414696
0.02569622
-0.03238902
-0.03557196
0.03823098
-0.04906024
0.02083062
-0.03170544
-0.00195181
0.01970812
-0.02838649
-0.03270921
-0.01276824
0.02631629
0.04321191
-0.01468603
-0.03874199
-0.03271469
-0.03123049
0.02445121
0.01741105
-0.04622464
-0.01082380
-0.03714476
0.02084547
-0.00675468
-0.04284560
-0.00078296
0.01018970
0.00120008
-0.00992093
0.04710580
0.02412897
0.04196981
0.04518040
-0.02268174
0.03143020
0.00927357
0.01690471
-0.00419425
0.02021126
0.01900777
0.04318130
-0.04221562
0.04918511
-0.01745948
0.04473480
-0.04293319
-0.02489854
-0.02083050
-0.04538574
-0.01782946
0.00893297
-0.00619024
-0.01401389
-0.00570313
-0.03091827
0.04510821
0.00895337
0.04809765
0.02334769
0.02606802
0.03472051
0.03722817
-0.01673668
-0.03084075
-0.04234988
0.04016322
-0.00863274
0.03827427
0.01795786
-0.00069474
0.02824008
0.03474335
0.00140049
-0.00503260
0.01657454
0.03991420
0.04549158
-0.00964982
-0.00801114
0.02626153
-0.02693818
0.01671815
0.01104766
-0.03346751
-0.03161608
0.02704828
0.01114721
-0.01077149
0.00631943
0.01426111
-0.02186629
-0.02014030
-0.00273353
0.02420789
-0.04553335
-0.01307086
0.01752258
0.01914668
-0.02203409
-0.03883386
0.03102382
0.00161590
-0.00673157
-0.02437397
-0.02949155
-0.00811588
0.04484990
-0.01592983
0.04816270
0.03412135
0.01792301
0.01425926
0.03506255
-0.04059866
0.00286830
0.00767279
0.00470459
-0.03349667
0.02765115
-0.02486914
-0.02461228
0.02676423
-0.02768999
0.02489824
-0.00155239
-0.02117380
0.03520405
0.04149255
0.01922685
0.02914716
0.04740323
-0.00599263
0.04064836
-0.00190948
-0.01566701
0.04416265
-0.00861764
-0.04102883
-0.02589328
-0.02385293
-0.01398804
-0.00508267
0.02755094
0.01855104
-0.01640996
0.03027209
-0.02571285
-0.00513299
0.02682556
0.01597544
-0.00919029
-0.04726425
0.01699270
-0.04161009
-0.03151476
-0.04273698
0.00705888
-0.00917579
0.01830385
0.04754546
0.00794089
-0.00756782
0.03754453
-0.00042443
0.00906661
0.02263722
-0.00912656
0.04087123
0.00856202
0.04246954
-0.02324135
-0.00325895
-0.02072812
-0.04514274
0.02650121
0.00544234
-0.03689695
0.03143784
0.03348660
-0.00904681
0.00785307
-0.02373256
-0.04307563
0.02392978
-0.02285772
0.01797063
0.02789140
-0.03647037
-0.01112759
0.04446071
0.00950823
0.00840275
0.03011718
-0.00329681
0.00044937
0.00315704
-0.01088863
-0.02788364
0.00473224
-0.01525432
-0.03557455
0.03593741
0.03050144
-0.02862172
0.02496064
-0.03383085
0.02379867
0.02119692
-0.01266850
-0.02478569
0.01730805
0.02029115
0.03741335
-0.00088152
-0.02189521
-0.01806767
0.02964524
-0.04028127
0.03978663
0.02385290
0.02456921
-0.02996357
-0.04607222
0.03809069
0.00607089
0.04601663
-0.00663605
0.02793363
0.02354637
0.04593501
0.00483901
0.00442475
0.03813139
0.00940023
-0.01819440
0.04807639
-0.04037645
0.00656459
-0.04811323
0.01630593
-0.02979292
0.02281163
-0.01625169
0.00361365
-0.01518739
-0.03197444
0.04722349
-0.04937914
0.01799911
0.02437642
0.03376108
-0.02407480
0.04704780
-0.03848249
0.00897923
-0.02095893
0.03015863
-0.01817938
-0.00466445
0.04546658
-0.01897418
0.00498011
0.01825241
-0.04057451
0.03624101
-0.04246718
-0.04067605
-0.04005827
0.01447651
-0.01639114
0.02723329
-0.02087817
0.02019894
0.02296032
-0.02007889
-0.01008554
0.00403252
-0.04975519
-0.01705903
0.04065415
-0.00034009
-0.04995519
0.02773942
0.04664238
0.02663443
-0.02071253
-0.03547752
-0.04247744
-0.01519291
-0.01527740
-0.03455378
0.01029892
0.01506356
0.01938344
0.03425435
0.03769315
-0.00268125
0.04027415
-0.01743507
-0.04124761
0.01239845
-0.02665698
-0.00150130
0.00870839
0.02618244
-0.04242989
-0.00346988
0.02918483
-0.02106136
0.04833024
0.03274493
-0.00840139
0.01072620
0.01617160
0.00135625
-0.04886089
0.01479850
0.03500964
-0.04913750
0.02513577
0.03593778
-0.03484156
-0.03021369
0.01349023
0.01287096
-0.00601355
-0.02253938
-0.02350383
0.00553330
0.01889796
-0.02956844
-0.04706973
0.04082282
0.02951267
0.01528641
-0.00225489
0.03222568
0.02322481
-0.04720971
-0.03762325
0.04442087
-0.00853946
0.01845184
-0.03931896
-0.00165006
0.02520941
0.03346368
0.01804983
-0.02712844
-0.03658055
0.04666413
0.03237569
0.03122094
-0.03962797
-0.03760966
0.03126954
0.03264641
-0.02672921
0.04297219
0.03616000
-0.04842823
0.04855207
-0.03153982
0.01240105
0.00206410
0.04085830
-0.00510030
-0.04980846
-0.02788310
-0.04514602
-0.01343503
-0.00313315
-0.03664065
0.02734321
-0.02543159
0.04173005
0.01280744
-0.03744616
0.01350578
0.04200146
0.04045663
0.00543781
0.02650616
-0.01623484
0.00626670
0.03576313
-0.03518967
0.01060148
0.04525125
0.00687095
0.02644766
0.00560590
0.01256180
0.04601906
0.01631759
-0.03850866
-0.02013936
-0.02822377
-0.00231111
0.00712216
0.00436967
-0.01176761
-0.01406587
0.03105707
-0.00056150
0.03329559
0.00452027
0.01280755
0.02518296
-0.01335880
0.02449417
0.02587846
0.00612592
-0.01107076
0.03537237
-0.02878162
0.03851126
0.01632335
-0.00166998
-0.01154697
0.01957107
0.04030436
0.03023138
-0.02117607
0.03393970
0.04787368
-0.02573870
-0.02308829
0.00601180
-0.01595027
0.03291421
-0.03767232
0.04518083
0.02268916
0.02663545
-0.03916110
0.04695120
-0.02600885
0.01788286
-0.00929438
0.00317095
0.01700394
-0.02412456
-0.00021377
0.01422170
0.04756733
0.01671721
-0.04718420
-0.02581010
-0.03789588
-0.03454329
0.03768378
0.02491423
-0.01203392
0.02152004
0.02961797
0.02487671
-0.02861375
-0.04083677
0.00416665
-0.04877954
-0.04168379
0.01613960
-0.04864593
0.03998300
-0.01418596
-0.04949227
-0.03810277
0.01469008
-0.04693761
0.04482924
0.04809841
-0.01321756
0.01343103
0.04156141
-0.02743961
-0.02888412
0.02828054
-0.00884171
0.03618825
-0.02678385
0.04895775
0.00643261
-0.03185470
-0.01832183
0.01508050
-0.02652259
-0.01404034
0.03907455
-0.02871664
-0.02685808
0.01030044
-0.03752530
-0.02035998
0.03099966
-0.04094809
0.02400146
-0.04537801
-0.02066200
0.02203722
-0.02721740
-0.04826529
-0.04374968
-0.00118068
-0.02934337
-0.03251516
0.01301236
0.03892079
-0.04604269
0.03116896
-0.04774201
0.02727579
-0.02199250
0.02439123
0.04071093
-0.04020407
0.00100606
0.04169792
0.01700307
-0.01021187
-0.01208013
0.03953087
0.03099945
-0.00737080
0.03296893
0.00970037
-0.02434395
0.00285788
-0.03921818
-0.03908696
0.04460203
0.04398942
0.01038005
-0.01852599
0.04169230
-0.04989417
-0.01995854
0.04568702
0.00479147
-0.00832532
-0.02636876
0.01964352
-0.03690780
0.01555714
-0.02024228
0.00411014
-0.02972050
0.01859031
-0.00528633
-0.00173208
0.04306993
-0.00033347
0.03030988
0.00630956
-0.01842545
0.03433090
-0.00968488
-0.03311542
-0.01009218
0.04558275
0.00454969
0.03647095
0.04935307
0.02773172
0.02794098
-0.04373439
-0.02765657
-0.01196698
-0.02933915
-0.04899561
0.04882415
0.04621304
-0.03735304
0.00896881
0.04117710
0.03377479
-0.04657906
0.04509861
-0.00254369
-0.02720325
0.01488936
0.03402250
0.03967728
-0.04355866
0.03433769
-0.04550788
0.03599638
0.02748614
-0.00805689
-0.03190523
0.02815879
-0.04917723
0.02764028
0.03908937
0.04205573
-0.00617346
0.04534603
0.00025046
-0.02825999
-0.02992528
0.02483379
0.02747827
-0.03143971
0.01674079
-0.00795398
-0.03651560
0.02150659
-0.02506478
-0.03794020
-0.02087626
-0.01863828
0.01510327
-0.02148611
-0.01135472
0.01615759
-0.03246826
-0.02683822
-0.02863040
0.03521413
0.02310782
-0.01657527
-0.04579743
0.03344689
-0.00202434
0.04049822
0.03054169
0.02410541
-0.00554895
-0.04348407
0.00060095
0.04998527
0.00049470
-0.03881188
0.04487467
-0.00230605
0.03519847
0.02492536
-0.02090027
-0.02637314
0.01754882
0.02314027
0.00238283
0.03131250
-0.04048618
-0.00908905
-0.04135588
-0.04300827
-0.00606714
0.03539145
0.03618980
0.01899740
-0.02840707
0.02422945
-0.01641027
0.03060145
0.03075647
0.02958489
-0.04302346
0.00972982
0.00386549
0.01198321
0.04885410
-0.00565467
-0.02106002
-0.01706262
0.01994039
-0.01529879
0.02470850
0.03827269
-0.04658031
-0.03769972
-0.01782469
-0.03515464
-0.03814919
-0.02384738
-0.00808272
0.02372669
-0.02478993
0.02045486
-0.00128625
-0.04311327
-0.00806437
-0.04606744
-0.02122606
-0.01775707
-0.00002394
-0.02437990
-0.04476668
0.02926859
0.02940926
-0.01003531
-0.02861251
0.01940390
0.04449181
-0.02776240
-0.00022952
-0.02475163
-0.01308466
-0.01545011
-0.00725244
-0.04627642
-0.04535073
0.00108962
-0.02684711
-0.04657331
-0.00318452
-0.02536430
-0.02454706
0.03669971
0.00817456
-0.04184296
-0.03547448
-0.04779470
0.01595189
0.02659434
-0.03054951
-0.04110361
0.02183783
0.02907356
-0.00881424
-0.04294488
-0.04545568
0.00000281
-0.00392985
0.00163114
-0.02194498
0.04607409
0.03220283
-0.00217452
0.02253603
-0.04812805
-0.02550580
-0.02846752
-0.02683740
-0.01483724
-0.03726108
-0.03228689
-0.01750591
0.04624568
0.02102778
-0.00417806
0.04213880
-0.00225503
-0.01994414
0.00466558
-0.03481965
-0.02797351
0.01774503
-0.00311823
0.02090904
0.03305348
0.03777008
0.00110670
0.02544400
0.02946776
0.04031125
-0.01566982
0.00478706
0.00803262
-0.04999021
-0.01988153
-0.02829591
-0.02773671
-0.02497370
0.01360999
0.03761658
0.03696952
0.04134518
-0.00188670
0.01069755
0.03334630
0.04433394
-0.03071129
-0.04470205
-0.04559468
-0.04488517
0.01118589
-0.02791357
0.03661621
0.00720469
-0.04787270
0.00511967
0.00631805
0.01563796
0.04409342
-0.03764389
-0.01758181
0.02835868
-0.03899769
-0.00350160
-0.02198948
-0.02328127
0.03673320
-0.03407096
0.03652666
0.03502841
0.02198493
-0.00892463
0.01069104
0.02869896
0.04997918
-0.03528542
0.02700637
-0.03965450
0.04787691
0.00583132
0.03973731
0.04536109
0.01256108
-0.00098385
-0.00578484
0.03416293
-0.03730446
0.03240235
0.00744722
0.01127040
-0.00725715
-0.04446958
-0.01437342
-0.02902421
-0.00741032
0.00672947
0.01231904
-0.03260520
0.03862336
0.04261161
0.02880934
-0.03664614
-0.01974333
0.00843643
-0.02402770
-0.02027509
-0.02806433
0.01073798
0.04834293
-0.03530481
-0.00957185
0.04439280
0.02951909
-0.04372703
0.01800070
0.01551960
0.04130192
0.04407433
0.01674177
-0.04657239
-0.00252830
0.00424327
0.02814498
-0.03900828
-0.01059725
-0.03966335
-0.03281272
0.01768136
0.00674655
-0.00255845
-0.02867100
-0.02788014
0.00736674
0.01019194
0.03219388
0.00253581
-0.01583051
0.02009866
0.00230286
0.00722955
-0.02975561
-0.01712763
-0.00132709
-0.04247859
0.04627461
0.01295006
0.02748954
-0.01039893
0.00118496
0.01097528
-0.00753583
-0.02051861
0.01637982
-0.04390394
0.00472886
0.04805938
0.00506922
-0.01029804
-0.04228680
-0.00042784
-0.01291973
0.04196184
0.03104646
-0.01745654
-0.02583582
-0.04318323
0.01510768
0.04528479
0.03159771
0.04785037
-0.02921515
0.01886988
0.02773002
0.01161296
-0.02751891
-0.02898118
0.04747861
-0.03842244
-0.02165380
-0.00630088
-0.01836372
-0.02188990
-0.04032991
0.00851661
-0.02121288
-0.00732583
-0.01503179
0.00245358
-0.03049611
0.01865511
-0.04131585
0.02141891
-0.02352992
0.02847047
-0.04618086
-0.02787119
-0.01446235
-0.01322802
0.02370361
0.02965935
0.01167206
0.03413729
-0.02439635
0.00502935
-0.04532907
0.01880679
0.04516350
-0.01029184
0.03082667
-0.03357688
-0.01768562
0.04581505
-0.03293405
-0.00475569
-0.02949330
0.04576946
0.00820585
0.02359100
0.04575054
-0.03076680
0.04820561
0.04064878
-0.03502005
-0.03784153
0.02645270
0.00502696
-0.04948627
-0.00649757
-0.02079517
0.01357742
0.02190095
0.02346339
-0.00844645
0.01322435
0.00988400
-0.01163773
-0.00188462
0.01502763
-0.01247997
-0.01949873
-0.04311272
0.04183584
0.04946165
0.00893101
0.03669212
-0.03750173
-0.01945549
-0.00726140
-0.02929834
-0.00146522
0.00691312
-0.04359965
0.03309068
-0.03281187
-0.03944221
-0.02529587
0.03820517
0.04624036
-0.03602476
0.04791984
-0.02024313
-0.01627221
0.01302178
0.02672198
0.03555294
0.01342561
0.04794156
0.03340071
0.02989866
-0.01004249
-0.04941593
0.01070788
0.03836167
-0.02735182
0.03087851
-0.04867870
0.02110783
0.04273606
0.03606886
0.01494101
-0.04976628
0.00388247
-0.03029240
-0.01858971
0.01129200
-0.01336880
0.02938353
0.02382375
0.00408461
-0.04158422
-0.00079230
-0.00382170
-0.01881010
-0.03986284
0.01755999
0.02049153
-0.04360677
0.04328822
0.01185586
-0.02489469
-0.04625294
-0.03356029
0.02690608
-0.04923009
0.01278932
-0.01555143
-0.04386857
-0.04780984
-0.02761362
0.03192208
-0.02673282
0.02803866
-0.04804472
-0.01490852
-0.00364645
0.03410920
0.03768161
-0.00737579
-0.00937449
-0.02315010
0.03696947
0.03405466
-0.04414757
0.01220684
0.00406115
-0.00890305
0.04679447
-0.04168685
0.04843466
0.02136374
-0.04627127
0.00812308
0.04225447
0.04955067
-0.02295207
-0.00773993
0.03074576
0.01937165
0.01445876
0.03901294
0.02691848
-0.03285577
0.01087853
-0.01452369
-0.02363233
-0.02759624
-0.00108651
0.01316158
0.03982029
-0.04611887
-0.00745078
0.02475892
-0.01576663
0.04785294
-0.02663705
-0.02212722
0.00684918
0.04632179
0.04591380
0.03734813
0.01608723
-0.02856903
0.01805787
0.01921810
-0.04649255
0.01179890
0.01255874
0.03587130
0.01895327
-0.03774173
0.01422230
-0.03828536
-0.00360923
0.03194902
0.04828244
0.01394978
0.04719390
0.04191471
-0.02936631
0.02780103
-0.04742756
-0.00637134
-0.00953158
0.02050128
-0.02352333
0.00940902
0.01231824
-0.01225526
0.02954486
-0.01857251
-0.04841132
-0.04406004
0.03500602
0.01337030
0.02292550
0.02446146
-0.04839973
-0.02757445
-0.04837568
-0.02107891
-0.04019381
0.02357607
-0.04262843
-0.04240654
0.02449342
-0.04775714
0.04374873
-0.03770586
-0.02715657
0.02458929
-0.02521680
-0.02574374
0.02242730
0.04076723
-0.01008322
-0.03029004
-0.02680977
0.01159342
-0.00423363
0.00926184
-0.03910879
0.00311573
-0.04963345
-0.03131833
0.03553478
0.01675900
-0.03334766
0.01091168
0.04683104
0.03785970
-0.02389941
-0.01445739
0.04514790
-0.02015558
0.02535511
0.00001138
0.03394039
0.00203180
-0.01576824
0.03720504
-0.00460894
-0.00871369
0.00581247
-0.02788475
-0.04363676
-0.02388291
0.01417820
-0.04527740
-0.03076374
-0.01823083
0.00477306
0.03264808
0.03309748
-0.03129987
0.02778515
-0.03155490
0.04754004
-0.01275227
0.01832449
0.01618817
0.00087973
0.03053373
-0.00265416
-0.04225570
0.03109578
0.00425251
0.01899207
0.02175076
-0.02021326
0.03551016
0.02764856
-0.00794855
-0.01838530
0.00303738
-0.00303057
0.00950447
0.01764020
-0.02549349
0.04851962
-0.01537603
0.02677989
0.03572807
-0.01207206
-0.04860837
-0.01642826
-0.00731042
0.03321880
-0.04048501
-0.03605070
0.00804282
0.03436184
0.00360761
-0.04328324
0.02706214
0.00926916
0.00480709
-0.03116577
-0.03299019
0.00666701
0.00283395
-0.01264113
-0.00319051
-0.01711741
0.01913448
-0.03804116
-0.00923316
-0.00519869
-0.02133305
-0.02079778
-0.03239356
-0.03460706
-0.00317043
-0.03416683
0.00359411
-0.03529761
0.00043872
-0.00931288
-0.02943273
0.00829612
-0.04935819
-0.00178859
-0.02417597
0.00605043
-0.04789364
0.00259216
-0.00757399
0.01246736
0.03255244
-0.03208667
-0.04464164
-0.01049368
0.00496252
-0.04621824
-0.00862655
0.00534904
0.03682327
0.01260808
0.01469257
0.01421147
-0.03707486
0.00525211
0.04759872
-0.02161758
0.04330657
0.02618041
0.02544676
0.04840633
0.02279685
-0.01614052
0.03378705
-0.01347886
-0.00654707
0.01182578
-0.00723586
-0.00845498
0.01320431
0.01275670
-0.04728983
0.04301155
0.01062114
0.02926034
-0.02232639
-0.00528823
-0.02875503
0.02753666
0.04587698
0.00644951
0.04991678
-0.04975898
0.04495317
-0.00434805
-0.02577306
-0.03794420
-0.03339108
-0.02397975
0.04229235
0.03618012
0.03376417
-0.00592863
0.04777531
0.04209008
-0.00958395
-0.01322390
-0.04817459
0.01829942
-0.02411307
0.04265656
-0.03434571
-0.01262836
0.00249748
0.03609102
-0.01300059
0.00151142
0.00320245
-0.03134901
-0.04233384
-0.04511681
0.04280753
-0.03595767
0.02613827
-0.01899135
0.00002543
-0.02771294
0.03468219
0.04866046
-0.04086261
0.03026549
0.01948359
0.00494734
0.03922027
0.04791098
0.03228130
-0.02315556
0.03639866
-0.02278474
0.04355123
0.01090243
0.00054698
0.00198885
0.02302372
-0.04777196
0.01225020
-0.02261131
-0.04815589
-0.02342154
0.03941858
0.04507600
0.02118457
0.00126918
-0.04996452
-0.01227304
-0.04133688
-0.00757553
-0.04533349
0.00195395
-0.04255631
-0.00521270
0.01099201
-0.00989407
0.02917563
0.02869636
0.03170106
0.04039145
0.00831644
0.04284024
0.00972208
0.03156212
0.00195336
-0.04599366
0.03891965
-0.00019335
-0.04294896
-0.00980879
0.00010173
0.00338959
0.00569641
0.00296023
0.02614663
0.03799727
0.04641346
-0.04494338
0.03671410
-0.02901884
-0.02703777
0.04410588
-0.01846727
-0.02736796
0.01135281
0.02154114
-0.00364612
-0.03606236
0.03635580
0.02710718
0.04918012
0.03689777
0.00573113
0.04737435
0.03824036
0.04523476
0.01946995
-0.03783267
0.02050309
-0.02689157
0.03347891
-0.00921950
-0.04468952
-0.01088472
0.00590816
-0.02394450
-0.04385523
0.04409596
0.04301853
-0.03788086
-0.04421731
-0.03058732
-0.04576699
-0.03682063
0.01363374
0.00707329
-0.00887915
-0.01149599
0.01791644
-0.00057579
0.00512258
-0.02299854
0.00609084
-0.00806832
-0.01475105
0.02233577
-0.00099447
-0.00574175
0.04278966
0.00926745
-0.04830546
-0.02879502
-0.02943121
-0.00738227
-0.03988718
-0.04501572
0.00658028
-0.02977476
-0.02906042
-0.03737850
-0.00457074
0.04061945
0.01686727
0.02258337
0.00520480
0.01413606
0.04980895
0.04697517
-0.03289293
-0.00230219
0.04414527
0.01265307
-0.04315066
0.01530523
-0.01503795
0.01337394
-0.04016542
-0.01278439
0.00836115
-0.04117151
0.01161197
0.02756697
0.00731268
-0.02013970
0.04461070
0.01264174
0.01607156
0.01701071
-0.00105223
0.02896469
0.02219701
0.04298118
-0.04481576
-0.04626515
-0.02573039
-0.00428374
0.01201090
-0.01741297
0.04712414
0.02552645
-0.00726396
-0.02776122
-0.02160779
0.01155743
-0.03164551
-0.00774728
0.03323569
0.03768135
0.02267991
-0.03473522
0.00419060
0.01876328
-0.01901166
0.03809204
-0.01589596
0.03455884
-0.03990445
0.01435122
-0.03607732
-0.04963918
0.00850899
-0.01856798
0.01402283
0.02224292
0.02996950
-0.02594163
-0.04152848
-0.00860132
0.00955851
-0.01692630
0.04651136
0.01168232
-0.02872301
-0.02900271
0.02267146
0.03866433
-0.03713476
0.02426621
0.04704291
-0.04076081
-0.03338830
0.02212637
-0.02372497
0.04097062
-0.04271875
0.04193265
0.01839103
-0.02904030
0.02623702
0.01587500
0.04490734
0.03463240
0.01458864
0.03847704
-0.01289437
0.02327013
-0.02785687
0.03506999
0.03864651
-0.04487312
0.03604811
0.01222517
-0.02077694
0.03455614
-0.00751593
-0.00367908
0.02204609
0.01143126
0.04275885
0.02181417
-0.02922179
0.01854779
-0.01379437
-0.00251577
-0.02914646
0.03783102
0.00902995
-0.03482292
0.02182599
-0.03914449
-0.04693713
0.03127916
0.01623382
-0.04056491
-0.03718165
0.03051296
0.04743972
0.01178899
0.01935756
-0.00656251
-0.00654363
0.04290170
0.00474436
-0.02093758
-0.00741530
-0.04176112
0.02455296
-0.00473918
-0.00214269
-0.01683275
0.03217577
0.00828055
-0.03453459
-0.03903272
0.03788636
0.01075822
0.01220894
0.02329062
-0.04362140
0.01837881
0.04613825
-0.04514709
-0.03421536
-0.01557332
0.02460751
0.04818686
0.02651256
0.00580824
0.03442752
0.02034797
-0.02184539
-0.00181036
0.04955357
0.02621115
-0.02770343
-0.04984235
-0.03900759
-0.03724728
0.03669336
0.00955818
0.01097365
0.03720175
0.04852221
0.00776253
0.02385223
-0.04414231
-0.04620716
-0.01879356
0.01139180
-0.02687055
0.03650352
0.04968259
-0.02586706
-0.01543065
0.03952772
-0.01524865
0.02427235
-0.02067414
0.01922597
-0.02800778
0.00910035
0.02815327
-0.00730181
0.01217779
0.03053227
-0.01200507
-0.03005098
0.03511944
0.04901353
0.03990540
0.00193220
0.04551475
0.01095304
0.03258450
0.04034963
-0.03185149
0.02433521
-0.01733563
0.04170143
-0.01464737
-0.04027404
0.01577089
0.01380661
0.02354572
0.01494240
0.04577911
0.02995704
0.04562122
-0.00860449
-0.01266772
0.03542084
0.04067883
-0.04659257
-0.00575957
-0.00901375
0.00333319
0.02665957
-0.03373289
0.04341770
0.00976189
-0.00926684
-0.03027280
-0.00161232
0.03509064
-0.02272135
-0.01724737
-0.03778914
0.02718001
0.04166233
0.01934770
0.02323522
0.03616230
0.04783867
-0.02945809
0.00570440
0.01796405
0.04057464
-0.04998526
-0.02275265
-0.03448755
0.01319590
-0.02207724
0.02617581
0.00893276
-0.00535642
-0.04340715
0.01593779
0.02838640
-0.04831129
-0.03554368
0.03221474
0.01058847
-0.03002535
-0.00390832
0.02980776
0.01261835
-0.00617779
0.02771804
-0.00743752
0.02632059
0.04729965
0.03971671
0.04274824
-0.02992037
-0.03707166
-0.00551446
-0.01250486
-0.04352622
-0.01761777
-0.00180670
0.00804805
0.02013399
-0.00211304
-0.02759791
-0.03079663
-0.01806124
0.00455559
-0.04034511
-0.00383378
0.04061635
-0.02353596
-0.03153993
0.01143562
0.02991435
0.01272168
-0.04751102
-0.02588378
-0.00252155
0.02775814
0.03858293
0.01428695
-0.02194027
0.02965514
-0.03533175
0.04048697
-0.01358345
0.03147219
0.03994576
-0.01573264
-0.04145322
-0.01634637
-0.02943711
0.01874704
0.04379621
0.00374983
0.02745786
-0.01530540
0.00521908
0.00974402
-0.04013225
-0.00166028
0.01098975
0.00764828
-0.01406559
-0.00051676
0.00059478
-0.00816547
-0.02610207
0.03308125
0.04541622
-0.01588016
0.04888202
0.03884806
0.01717038
0.02877965
-0.04533269
0.01608473
-0.01637710
0.00378572
0.04780095
-0.04156662
-0.03182095
-0.00506827
-0.04172528
0.04368635
-0.01972645
0.01967207
0.00275623
0.03124031
0.01439092
-0.04382499
0.04122304
-0.03770729
-0.00890464
0.03874258
0.02541745
0.03931729
-0.04462224
-0.00120754
0.01906735
0.01526773
-0.01774187
0.02258280
0.03565063
-0.03993394
-0.03918764
0.04894255
0.02732880
0.00861126
0.01935102
0.03399858
0.02878347
-0.02444360
0.01456825
0.03685340
0.04225785
-0.02159055
0.00889559
-0.00395428
0.04987957
-0.04752609
0.04903649
0.03339778
-0.00001717
-0.01502937
-0.00486397
-0.01929759
-0.01865918
-0.04234038
-0.03810376
0.04135611
0.01658905
0.00607859
0.04969101
0.04155422
0.02466361
0.01960101
-0.02523987
0.01358152
0.00612636
0.04170313
-0.01591567
0.03881425
0.02627722
-0.02577666
-0.04910588
0.03636152
0.00318579
0.00865131
0.02381042
-0.01918230
0.04390804
0.00462628
0.02822150
-0.04659280
0.03866732
-0.04956863
0.02979654
0.04258650
0.02508987
-0.04634064
0.00561074
0.02033095
-0.03895388
0.03809966
0.01358045
0.04427388
-0.01921783
0.03042393
0.01299039
-0.00460743
-0.04447513
0.00514168
-0.02154186
0.01836812
-0.01417119
-0.04861688
-0.03909134
0.02206710
0.02492310
0.01819711
-0.00533245
-0.00039398
0.00732299
-0.03400876
-0.04649125
-0.04897912
0.01468968
-0.03396720
0.01610749
0.02552497
0.01852105
0.03102268
0.02237905
0.02128263
0.02205515
0.01252113
-0.02670819
-0.03499216
0.00989688
0.03810409
-0.04442112
-0.03198553
0.04930715
-0.02944705
0.03530801
0.01539543
-0.00551527
-0.00463721
-0.03510903
0.02054772
-0.03843864
0.03334734
0.02807190
-0.02863595
0.02643045
-0.00124446
0.01212135
-0.03043107
0.01382606
-0.03331234
0.00074035
0.04717746
-0.02948885
-0.03640876
0.02926661
-0.03175567
-0.03555773
-0.01068960
-0.04488486
0.02087006
0.04390433
-0.01204970
0.03388324
0.00009582
0.02697604
0.04837738
0.01907884
-0.03535308
-0.00671728
-0.03771501
-0.00569679
0.00249093
0.03089930
-0.04587528
-0.02431575
-0.04763620
0.00239715
-0.00371810
0.03517348
-0.04348252
0.03636590
0.04369421
-0.01758982
-0.02962529
-0.03249763
0.04664424
-0.03844299
0.02370426
0.03836717
0.04181500
0.03754178
0.04452758
-0.03091585
-0.03004097
0.01158018
-0.00683323
-0.00926796
-0.04741567
0.02136584
0.04205709
0.04472167
0.01712330
-0.02240478
-0.01864115
0.04685193
-0.02263875
-0.03960484
0.04283426
-0.04081576
0.01154245
0.00292088
-0.04731647
0.00515572
-0.03536643
0.01519686
0.04635147
-0.00655556
0.01590647
0.00756213
-0.01959083
0.02260804
0.01544773
-0.00308097
0.03533962
0.00630464
0.04077562
0.04235700
0.02616175
-0.04471893
-0.03553129
0.00568383
-0.02074713
-0.00738107
-0.00356377
0.03012826
0.03367742
-0.02475164
0.03014343
0.00202178
0.00706719
0.03833475
-0.03794489
-0.00656045
-0.04068507
0.02451172
0.02566347
-0.02301529
0.01629881
-0.02289094
-0.01155496
0.01293262
0.04569990
0.03253553
0.01235647
-0.02299330
-0.01935759
-0.02677701
0.03924898
0.02957332
0.03961566
-0.03907562
0.00900137
0.02365036
0.04799240
0.00469045
0.01084086
-0.02329349
-0.02704528
0.04339784
-0.01187974
0.01311951
0.00984014
0.01476966
-0.00378095
-0.04793624
0.01772266
-0.04715635
-0.01210168
0.00576481
-0.00104410
0.01483168
-0.04175197
-0.00725806
-0.00436495
0.03957330
0.01184667
0.03135104
-0.00398065
-0.03204489
-0.01819447
0.02764856
-0.01570534
0.00345479
-0.02590644
-0.02847569
0.01580874
-0.04326301
0.02240405
0.00702268
-0.03035016
-0.03349076
0.04160696
0.04269526
-0.00516036
0.03715346
0.04575933
0.03221026
-0.04797123
-0.00762475
0.00835349
0.00633009
-0.03508414
0.04085339
0.03593250
-0.04135818
0.03588520
0.01913466
-0.04717937
-0.03141072
0.04398524
-0.04734704
-0.03813215
-0.00509538
0.00611398
-0.00920287
0.04136059
-0.00446353
0.00309105
0.04974154
0.02747723
0.00428970
-0.00108656
-0.03610073
0.01900532
-0.04515904
-0.03532746
0.01600487
0.01167918
-0.04701233
-0.02701698
-0.03249444
0.03904020
-0.01896574
-0.04873559
-0.02567274
-0.01834346
-0.00412876
0.01778934
0.02715314
0.01473600
0.02425155
0.04970690
0.01069273
0.01527006
-0.01645736
0.04924563
0.03542283
0.02890706
0.00789903
0.04626758
-0.04645009
0.03054339
-0.00900893
0.01223462
-0.02867017
-0.04378011
-0.03017216
0.02406355
-0.00093838
-0.00185432
-0.02170871
0.00203279
-0.00480535
-0.02759689
0.03599903
0.01390149
0.04209395
-0.01996926
-0.00201071
-0.03882506
0.04194408
0.03046856
-0.02733336
0.04560639
0.02834211
0.01747096
-0.01107316
0.02961472
0.03089966
0.04136143
-0.00632869
-0.02195885
-0.01313693
0.00946874
0.00432995
-0.04690973
0.01905094
-0.03058867
-0.01801130
0.00899822
-0.03168524
-0.02041499
-0.04587223
-0.01696634
-0.00050531
0.03815445
0.00749304
0.00890704
-0.02236263
0.01908740
0.03990002
-0.00997179
-0.00266404
0.04932808
0.02116281
0.04298415
0.01925062
-0.01681929
-0.02025178
0.00933521
0.00535880
0.04457295
0.03945009
0.01666864
0.04774026
0.03016590
-0.00985829
-0.02672960
-0.03549754
-0.00099604
-0.02207237
0.04131570
0.02461880
0.00854815
-0.01014930
-0.03488482
0.03173343
-0.00326078
0.03595263
-0.00960021
0.03177071
0.00787561
0.01327778
0.00665633
-0.03818298
-0.00389314
-0.00440950
0.00669337
-0.00062747
0.03366863
0.04321368
-0.01612434
0.00752939
-0.03888692
0.03599416
-0.03128103
-0.03723103
-0.01819534
-0.03896910
0.04191270
-0.03395450
0.00388114
-0.01912208
0.03683946
-0.04057781
0.01420561
0.04204521
-0.04200930
0.02271798
0.02691520
-0.03860109
-0.02848828
-0.00230881
-0.01890451
-0.00860365
-0.03486774
0.00694385
-0.02598982
-0.04515432
0.01194358
-0.04851613
0.00569702
-0.04949735
-0.01004148
-0.04072464
0.03287461
0.04193740
0.03033975
0.02892845
0.00348313
-0.00554025
0.00536859
0.03972663
-0.03457251
-0.03340477
0.03854166
0.04764776
0.01233546
0.00710778
0.00342100
0.00106931
-0.02829023
0.04161978
-0.00461324
-0.00851179
0.01384131
0.00590001
-0.02684697
-0.00399378
-0.00564298
-0.00126269
0.01767186
0.04441836
-0.04972984
-0.00997794
-0.02120161
0.02797651
0.03126011
-0.01999804
0.00023526
0.01570127
-0.01393094
0.02165295
-0.04226457
-0.02624455
0.04403642
0.04838160
-0.04338729
0.01601327
0.00153965
-0.01343404
-0.00984338
-0.00155979
0.03801117
-0.03853264
-0.00264661
-0.00511042
-0.04720003
0.00009870
-0.01852723
-0.02343103
-0.01172271
0.02556728
-0.03934309
0.02862685
-0.04274582
-0.04014324
-0.01866216
0.03871427
-0.00931745
0.00375146
-0.01146588
-0.04452758
0.01007241
0.04024222
0.02103207
0.03505948
0.04010667
0.01762157
-0.02920228
0.03903935
0.01403558
-0.04832555
0.04790078
-0.02140495
-0.01060397
-0.03592448
0.03852518
0.04863083
-0.00190393
-0.02609397
-0.03803359
0.00772325
0.04334980
0.00123037
-0.02920759
0.02900875
-0.04969082
-0.02608876
-0.00486794
0.03498788
0.04248310
-0.03171400
-0.01287247
-0.04847663
0.01996353
0.04995130
0.01733904
0.00225719
0.03163254
-0.04208836
0.03403414
0.03738733
0.00293739
0.01196624
-0.01616020
0.02823521
-0.03907283
0.03823608
-0.04496644
0.02618390
0.03771628
-0.02579197
0.00714784
0.00289908
-0.04280169
0.01057667
-0.01743879
0.00755394
-0.01642091
-0.01514346
0.01013560
0.04465346
-0.01069987
0.03748117
0.03486264
0.02266140
-0.02678790
-0.02120631
0.01734998
0.03059157
-0.04784695
-0.00517324
-0.03943443
0.02558660
0.00045039
-0.00100997
0.01947727
0.04446573
0.04076889
-0.01310722
0.03799380
-0.02995612
0.03855677
-0.00251819
-0.00929414
-0.02673178
0.01646544
-0.01121044
0.03661095
-0.02297814
0.01981079
0.04100674
0.01873243
0.04781204
0.01984525
-0.04195065
-0.03861628
-0.02385350
-0.02965105
-0.00432947
-0.00491490
-0.01822404
0.00155231
0.03483550
0.01632725
-0.03565050
0.02205035
0.03348478
0.00421327
0.02096143
-0.04339461
-0.03243194
0.04778276
0.03694237
-0.03596421
0.01507824
0.00790743
0.04011392
0.03743064
-0.04541640
0.00830221
0.02357531
-0.00066541
-0.03511731
0.01769546
0.04188647
-0.04822300
-0.01175668
0.03173085
-0.03419406
-0.03953420
0.04058011
-0.02825922
-0.04758214
0.04283984
0.04032132
-0.02278110
-0.03978834
0.02158744
0.01254878
-0.01309532
-0.03403167
0.03400002
0.02496350
0.02062488
-0.01831413
-0.04475330
-0.03969475
-0.04925446
0.03277723
0.04796114
0.01456959
0.04363386
-0.03696768
0.00589727
0.00245133
-0.02538823
0.00425002
-0.03559137
-0.01912736
-0.00125867
-0.00614724
-0.01144845
-0.02813461
-0.02814691
0.03311270
-0.04131186
0.02042548
-0.02059655
-0.01896516
-0.03353736
-0.03452112
0.01887788
0.00440128
0.02165675
-0.03307378
-0.00671637
0.03467781
0.04037163
0.04009442
0.00608974
-0.04100776
0.03428714
0.00268795
-0.02404116
-0.04080051
0.00852364
-0.04782350
0.02226225
-0.01185964
-0.04867802
0.00000607
0.01032863
0.00446301
-0.02713257
0.04785156
-0.02740621
-0.01606841
0.04124954
-0.01564626
0.02200104
0.02000184
-0.01182338
-0.00493731
0.02205187
-0.03992304
-0.00366370
0.02520659
-0.03578272
-0.00526006
-0.01808833
-0.04427242
0.01571719
-0.03359824
-0.04045716
0.03021328
-0.04316346
-0.03239572
0.02969314
0.03233839
0.01580841
-0.01145551
0.04862975
-0.02402912
-0.04542951
0.02830600
-0.04368356
0.04594827
0.02228098
0.01203760
-0.01606870
-0.00531649
-0.00814947
-0.03565563
-0.03126514
0.01134205
-0.04574353
0.03375498
0.02454165
0.00870305
0.01742354
-0.00056929
0.02821661
0.01338368
-0.03681424
-0.02319739
-0.02914350
0.00396108
0.00391302
-0.02497632
0.02555531
0.04194726
0.04922246
-0.04080233
-0.02081443
-0.04798452
-0.01773414
-0.01922008
0.03007935
0.04828044
-0.02408730
-0.00322172
0.00881599
-0.03776021
0.04217685
0.03233328
-0.00191389
0.01472840
0.03361492
-0.01405840
-0.00025310
-0.02840676
-0.03604241
-0.01989681
0.00971437
0.02795845
-0.02697701
0.00877534
0.03821426
0.03398805
0.01490294
-0.01196847
0.04040464
-0.00112856
-0.02042319
0.02954338
-0.04919938
-0.04652767
0.01205597
0.04143057
0.03350678
0.00713382
-0.00952220
-0.01796575
-0.03912075
0.03492767
-0.04280730
0.02716498
0.02617669
-0.00174705
0.02369202
-0.01516175
0.00374714
0.01382610
-0.04959776
-0.03150412
0.01493574
-0.01270696
-0.02597285
-0.03952854
-0.04485476
0.04220786
-0.00775459
0.00630368
0.03201649
-0.00251601
0.01566269
0.00668657
0.04753510
-0.00918716
-0.00224849
0.00425286
0.01410133
-0.03208280
-0.01358860
0.01508164
0.01601168
0.04603749
0.00541569
0.01973625
0.01228933
-0.03002114
-0.01828345
-0.03417793
-0.02498704
0.02665252
0.03305451
0.01833776
0.03250439
-0.01429177
0.02892590
0.04216950
-0.02117165
-0.04987811
0.00408824
-0.01815514
-0.02772499
0.02221783
0.01598120
-0.04063985
-0.00277274
0.03831907
0.03454012
-0.00483680
0.03349745
-0.01110079
0.03379862
0.02520093
0.04716458
-0.04906468
0.01648136
-0.04429071
-0.01682447
-0.00678746
0.00382846
-0.03383248
-0.00054031
-0.01439849
0.01669419
0.02884686
-0.02650781
0.00784382
0.03139059
-0.04252348
0.04138385
-0.04964124
-0.00058935
-0.00598481
-0.00353338
-0.03476163
-0.01821480
0.01355201
-0.00729018
0.00728342
0.01943174
0.01292466
0.04000857
-0.01909812
-0.03115868
-0.01008782
0.03327603
-0.01816707
-0.03495938
-0.01618913
0.00695530
-0.03513068
-0.00145716
0.03707289
0.04769832
-0.04554902
-0.02529667
0.04352252
0.01403084
0.04781159
0.00608418
0.04540444
0.03495784
-0.01023963
0.02487581
-0.02700302
-0.03366940
0.00998504
-0.02372973
0.02039060
-0.02961367
-0.00823637
-0.04652835
-0.04074902
0.00073606
-0.01313994
-0.04630189
-0.03320115
-0.04446426
0.02785856
-0.03121802
-0.01010273
0.01727196
0.04912244
0.01873170
-0.01521919
0.02111848
0.02696644
0.04916002
-0.04396361
-0.03722750
-0.02378493
-0.02781464
0.00523392
-0.01907333
-0.00515838
-0.02121922
-0.00358658
0.03360095
0.04019335
-0.00097645
0.00910108
-0.03212515
-0.04687721
-0.04868242
0.04139061
0.02316280
-0.03462982
-0.01799418
-0.02918663
0.02038465
-0.03256078
-0.04641717
-0.03345879
-0.04852844
-0.03312898
-0.02082873
-0.00496430
-0.01235345
-0.01315233
0.02401596
-0.00019247
-0.02766261
-0.02312384
-0.02578132
-0.00627468
0.04492340
-0.04603775
-0.02179903
-0.00425896
0.02691602
0.01990314
0.02806599
0.00031789
0.04660849
0.03874187
-0.01321085
0.04630707
-0.00357287
0.04607215
-0.00211515
-0.04411139
0.00058107
0.00798669
0.04054412
-0.03164896
-0.00811175
0.01490086
-0.01895600
0.01865947
-0.01590682
-0.01559940
-0.01094129
0.02802083
-0.04165032
-0.02225512
-0.01713362
-0.00065758
0.02435448
-0.04611405
-0.01181623
-0.04384779
0.03206763
0.01951559
-0.04288983
0.01656064
-0.01973206
-0.01148826
-0.01163341
0.01073973
-0.02181536
-0.03059107
0.00915867
0.03301047
-0.04929988
-0.04574025
-0.01210629
-0.01696982
0.02181939
-0.04722088
0.03883759
-0.03910455
-0.03605117
0.03540440
0.03624490
-0.03420780
-0.02927407
0.04123966
-0.03648729
-0.03312514
-0.04515464
0.02767027
0.00774796
0.02882994
0.04985434
-0.00246008
-0.01376355
0.03159130
0.00396421
-0.00494528
0.02820584
0.04780772
0.00971917
0.03860501
-0.04071273
0.03833823
-0.04415082
0.00120821
0.01996851
0.03099236
0.04801479
-0.02438541
0.03551713
-0.03945479
0.03788045
-0.00108957
-0.03657936
0.01515372
0.04374378
0.04178279
-0.00950583
-0.01388495
0.00510167
-0.02981162
0.01479554
0.01347573
0.01398554
0.00936328
-0.01639942
0.03394553
-0.00837517
-0.03234444
0.01568672
-0.04527503
0.04758964
-0.04526981
0.02395882
0.02481752
-0.01488038
-0.01355822
0.03660323
-0.01469568
-0.02144920
-0.02691622
-0.00382333
0.00685782
-0.04224221
-0.04058108
0.03941584
-0.02210433
0.00937705
-0.03392744
-0.04003939
0.04807786
0.02784543
0.01029816
-0.02724115
-0.01650899
-0.04646551
0.03254943
-0.01049908
-0.01321083
0.03482158
0.02961853
0.04439734
0.00612715
0.01731851
0.03058790
0.02520682
-0.03305819
0.01205123
0.03575210
-0.00692354
-0.01408455
0.01736053
-0.01919368
0.04420870
0.01150211
-0.03690912
-0.04538809
0.02883450
-0.04321412
-0.03113214
0.04069617
-0.02378181
-0.03245093
0.02608234
0.01848827
0.04927313
-0.00609414
-0.01441919
-0.01860357
0.00771615
0.01961680
0.01586623
-0.04160625
0.01802426
0.00847766
-0.02349498
0.02441485
-0.01996274
0.02541206
-0.00330238
-0.01505483
-0.02859773
0.00289128
-0.02477783
-0.03966954
0.03907484
0.04301199
-0.04877055
-0.01299092
-0.00703279
0.04385686
0.04456196
0.01448384
0.02591149
0.01383178
-0.04008132
0.01991519
0.03386175
-0.00750281
0.02650181
0.03008064
-0.01623310
0.02445375
0.03188531
-0.03438698
-0.03383723
-0.02077953
-0.02636703
-0.01954332
-0.02327578
-0.00932618
0.01876706
0.02070470
-0.01361996
0.04327870
0.01185360
0.04526211
-0.03590063
-0.00345748
-0.04899460
0.04520764
-0.04937439
0.04403209
0.02529386
0.00805012
0.00835259
-0.02625561
0.00250683
-0.01777028
0.04502003
0.01782786
0.02579018
-0.00393413
0.00548072
-0.00846595
-0.01552413
0.00028826
0.04270226
0.02106438
-0.04281819
-0.02092727
-0.01764350
0.00291560
-0.04399182
-0.00708376
0.03884640
-0.03301596
0.04109185
-0.01658188
0.03997882
0.04015211
0.01094059
0.04616210
-0.03861758
0.02607842
0.00464894
-0.00262243
0.00577996
-0.03910107
-0.02372757
-0.01468812
-0.03920003
-0.00138964
0.01316282
-0.01661934
0.04390902
0.01076503
-0.04002667
0.02571132
0.03932213
0.00988869
-0.02450395
0.04753329
0.02091936
0.00968334
0.03713675
-0.01082140
-0.01540991
0.03425907
0.01726223
-0.00112884
0.04954609
0.04328255
0.04957163
-0.00444154
-0.04076497
0.03331481
-0.03626604
-0.00129651
-0.03828233
-0.02805509
0.00694675
-0.03085623
0.01946307
-0.03033147
-0.00587842
-0.01959281
-0.02428554
0.04859090
-0.02222099
-0.03612405
-0.04362765
0.00918862
-0.02292993
-0.00161519
-0.01947012
-0.00240339
0.03424921
0.02595994
0.00541900
0.02601358
-0.03997393
-0.01412077
-0.00371219
0.02576861
0.01892005
0.01216374
0.03005605
-0.04606232
-0.01967724
0.02335716
0.03460388
0.00025025
0.00737347
-0.04735666
-0.04813417
0.00352660
0.02201204
-0.02614874
0.03348498
0.02110133
-0.02144185
0.03917556
0.01731214
-0.03189569
0.03746143
0.01838950
0.01280552
-0.02670050
0.00244167
0.02828892
-0.03050376
0.01946239
0.01422532
-0.00510462
0.03551951
0.03813082
-0.04698304
-0.01396496
-0.00571159
0.02838329
-0.04563574
0.01507720
-0.04721401
0.04089015
-0.02172553
-0.02726906
-0.04509742
-0.00040141
-0.02775411
0.02674748
-0.00005309
-0.04211750
0.03606703
-0.03661831
-0.01401273
-0.02587146
0.03086835
0.00388520
0.00730332
0.01702293
-0.03180378
0.04941867
-0.02966589
0.02503629
-0.01679526
-0.03386373
0.03940228
-0.00337819
0.04538770
0.01555572
-0.02197776
-0.02211886
0.00163850
0.02058798
-0.00637537
-0.04686417
-0.03658840
-0.01317242
0.04628626
-0.04755505
0.01980501
-0.02117535
-0.02374324
-0.01220118
0.02237722
-0.04619654
0.01290089
-0.00056809
0.03127094
0.00031418
-0.01406968
-0.03539448
0.01274003
-0.03412116
-0.00191245
0.03937651
-0.02274950
0.02127919
0.02494969
0.02660211
-0.03711865
-0.01246429
-0.00561923
0.04177213
0.02458799
-0.01882189
-0.03196825
-0.00854450
0.04080573
0.00669330
0.01227241
0.01261824
-0.01550361
0.03225812
0.03397613
0.00166617
-0.00031817
0.00696347
-0.03266252
0.02978836
0.00970758
-0.04252389
0.02479585
0.03592025
0.02193454
-0.04417147
0.01215643
0.01971436
-0.01314798
-0.01703877
0.02487692
-0.01694016
-0.01490574
-0.02812483
0.02530593
0.02729880
0.02917902
0.01326953
0.03710967
-0.04328194
0.02699048
0.01646833
-0.03311379
-0.01785632
-0.04410310
0.00889685
-0.04525794
-0.00233006
0.01800676
-0.03169012
-0.04640869
0.03288646
0.00876061
-0.02988361
0.00212294
-0.04373809
0.00991865
-0.01207092
0.01800768
0.01858247
0.00321279
-0.01134410
0.02898303
0.03038650
0.00710803
-0.02100318
0.03121749
-0.03948752
0.04432533
0.00144982
0.02368196
0.02667462
-0.00876653
-0.01671501
0.00450464
-0.01403935
-0.00015080
0.04753923
0.01586564
-0.02451611
0.03122345
0.00283351
0.00721389
0.01385773
0.02016446
-0.02300510
0.04327726
-0.02260704
0.00639417
0.02382444
-0.00252365
-0.01432817
0.01739764
0.04321103
-0.00800851
-0.01785830
0.03341359
0.00313427
-0.04405569
-0.01787612
0.01197348
-0.02224104
0.01040065
0.01583340
0.02367350
0.00688760
0.03415513
-0.01877384
0.03324229
0.04762844
0.00936639
-0.02363972
0.04256204
0.01104049
-0.04334558
-0.02426649
0.03992373
0.03976736
-0.00307229
0.03166877
-0.04743093
-0.02177299
0.00887125
-0.02707796
0.04266453
-0.03883312
-0.00267715
0.03104149
0.03287294
0.02732178
0.01879779
-0.04667066
-0.01420931
0.02555425
0.02140986
-0.01006345
-0.03850447
0.02769518
0.00472049
-0.00821364
-0.03045377
0.04397525
-0.00212571
-0.02083409
-0.04967649
0.03141989
-0.02973195
0.00632386
-0.04361441
-0.01951229
-0.01694761
0.01972076
0.02988667
-0.00334388
-0.01635254
-0.04454450
0.04956932
0.01256439
-0.04364379
-0.00998177
-0.04314665
-0.04552756
-0.04912590
-0.02848116
-0.01901107
-0.04890404
-0.02391633
0.00044352
0.04604088
0.00239700
-0.04598984
-0.04107590
-0.04197296
-0.04880190
0.00831632
-0.01242534
-0.01355846
-0.04728406
-0.02001187
0.01405540
-0.04410708
0.00039411
0.01324170
0.02545037
-0.01906351
-0.00323153
0.01437468
0.03930752
0.00860027
-0.01206842
0.00863653
-0.00166577
0.00731439
-0.02791664
0.03331164
0.00602929
-0.04386195
-0.00822769
-0.00588012
0.00012084
-0.01804407
0.01953430
-0.03156646
-0.03111149
-0.02724008
0.03087589
0.01284114
-0.03994906
-0.03788183
0.01789253
-0.00696683
-0.04236069
0.04345370
-0.00331972
-0.01367530
-0.01056902
0.00708699
-0.02239281
-0.01725944
0.03453901
-0.01603114
0.03703160
0.01013933
0.01274141
-0.02573134
0.01880947
0.00634699
-0.00596513
0.02043707
0.03632418
0.04506201
0.01188526
0.02671598
-0.02194541
-0.02966162
-0.03951134
-0.02316898
0.00317974
-0.00460068
-0.04433254
0.04909616
-0.02236859
-0.03379936
-0.04666948
-0.03032547
-0.03774620
-0.00679238
0.02355118
0.02733591
-0.02695439
0.01752256
0.01222003
0.02742173
-0.00417255
0.01223842
0.04077144
0.01300708
-0.01755715
0.01276936
0.01666935
0.01837738
0.03647220
0.03324548
-0.03849011
-0.02618449
0.01993258
-0.00763018
0.03031179
0.04046689
0.02000234
-0.02751593
-0.02393969
-0.00443118
0.03133383
-0.02118946
0.01306100
0.04314079
0.01438572
-0.01043533
-0.01145021
-0.03781663
-0.01459928
0.00775750
0.03753805
-0.00907218
-0.00185753
-0.03609346
0.02772138
0.03089511
0.01911945
0.02484188
-0.02327680
-0.03443161
-0.00534412
0.03341881
0.03509041
-0.00708217
0.04783252
-0.03267551
0.03227559
0.04239322
-0.01790263
0.01959427
0.00269869
-0.02377042
-0.04064515
-0.03961610
0.02098891
0.00693429
-0.01491323
-0.02920648
-0.04298324
-0.03706990
-0.01130556
0.03531222
0.02457690
-0.01052441
0.02139275
0.04359350
0.03707816
-0.00432140
0.03410944
-0.03231842
-0.04846748
-0.03674253
-0.02215166
-0.02462504
-0.02630460
0.04879998
-0.01924014
0.01409456
0.02728992
0.01318892
0.01805363
0.03765887
-0.04426342
-0.00259792
0.04958399
0.04931213
0.04838857
0.00219325
0.03990139
-0.01494071
0.02383939
0.03865634
-0.04113030
-0.00819266
-0.04521253
-0.02676336
0.02908036
0.03734294
-0.04873729
0.04229458
-0.03302212
0.01705376
-0.03083231
-0.01677224
-0.04222456
-0.02751893
-0.01981742
0.01316148
-0.01441027
-0.02877076
0.01511497
0.04949093
0.04359136
0.02076159
0.01829056
0.03686520
-0.01272249
-0.03074567
0.00611199
0.00988408
-0.01710340
-0.04234676
0.00507499
0.04291642
0.03028734
-0.01059010
-0.01078633
0.00233893
-0.04107732
-0.03114939
-0.01409004
-0.03777201
0.00035168
-0.02624093
0.01164111
-0.04559403
0.04823651
0.04271850
-0.00278611
0.02534663
0.02617561
-0.04077142
-0.00283246
-0.02963885
0.02041162
0.00462848
0.04841749
0.03916695
0.01567742
0.01861481
0.01543503
-0.00177601
-0.04907578
0.04467397
0.00635723
-0.04231935
-0.01869864
-0.03842055
-0.04489312
-0.01597845
0.02906109
0.03243586
-0.00428000
0.00485812
-0.03473503
-0.00613348
-0.01020575
0.02913787
-0.03292567
-0.00889274
-0.01034409
0.00265115
-0.04598078
0.04225986
0.04337827
0.03201535
-0.02870641
-0.04119534
0.02965513
0.03147512
0.04734689
0.04129705
-0.04401384
-0.00016724
0.00319983
0.04987881
0.02843607
0.00977532
-0.03251225
-0.02763410
-0.02139037
0.01540976
0.02363802
0.04619300
-0.00070880
0.02901142
-0.02196958
0.02132564
-0.03961820
0.01416258
0.04372793
0.04266546
-0.03070195
-0.02318792
-0.01824136
-0.03926416
-0.01144633
0.01996413
0.04233517
-0.00658762
0.03022485
-0.02554704
-0.03236046
-0.02462817
0.01127353
0.03062869
-0.00641555
0.01641152
-0.04964517
0.00399468
0.01988444
0.03471167
-0.00655195
-0.04158392
-0.03773816
-0.00110826
0.03423170
0.04024666
-0.02677932
0.04937033
0.03326657
0.00365496
0.04176993
-0.01711902
0.03130355
-0.03086479
0.02859400
0.02290901
0.04761025
-0.04682292
-0.00963745
-0.00973301
-0.02918283
0.00332791
0.02824722
-0.03255963
-0.00803157
0.03578407
0.00247643
0.01418291
-0.02012875
-0.02790060
-0.04318495
-0.03234395
0.00461016
0.02710586
0.01911099
-0.03513937
0.00753675
-0.01459948
0.03743625
-0.01187568
-0.00948082
0.00424192
0.02052886
-0.00115526
-0.02637731
0.02358204
0.01792219
-0.02003936
-0.03733530
0.00909563
0.00955614
-0.04777472
0.01675090
-0.01355641
0.01219899
0.01439144
-0.03215356
-0.00706425
0.04289814
-0.01098143
-0.00054464
0.04001600
-0.02025198
-0.00256255
-0.03470331
0.00383637
-0.00879995
0.04375711
-0.01067647
-0.00333493
0.02269734
-0.04957690
-0.00561015
-0.01906291
-0.02519657
0.00325243
0.04092058
0.01315271
0.01920257
-0.04244035
-0.00935510
-0.03057577
-0.04229888
0.04773653
-0.00632903
0.00799699
-0.01437834
-0.04824029
0.02258472
-0.02121569
0.00740826
-0.04025777
-0.04281296
0.04837748
-0.03453699
-0.04069975
0.01273936
0.00168673
-0.04779210
0.01005469
-0.02481984
0.02076084
0.02405658
0.00224508
-0.00056288
0.03674868
-0.01271651
-0.03829563
0.03247039
0.02704109
-0.02743055
0.04170036
0.02338849
0.04655917
-0.02140576
0.00840682
0.00996817
0.00708251
0.03215163
0.01186718
-0.04411917
0.02278787
0.01277121
-0.03953774
0.01666968
0.03523486
-0.04833186
-0.01702018
0.03271771
-0.04087403
0.00928469
0.01827843
-0.02009787
0.02500569
-0.01999351
-0.00380222
0.03893488
-0.00953022
0.02675995
0.02824540
0.02652676
-0.01707694
0.01421373
-0.03895703
-0.00446809
0.01435673
0.00882773
-0.03282273
0.02224934
-0.01614951
0.04467474
0.03399461
0.03254690
-0.04441785
0.04442121
0.03251286
-0.00990377
-0.00877424
0.01412491
0.03192763
-0.01287849
0.03084163
-0.01404896
0.03552437
0.02368467
0.00461977
0.02469818
-0.02747105
0.01626209
-0.00926740
-0.04107926
-0.04220424
-0.03922212
-0.04842263
0.02434576
-0.01738602
-0.01267328
0.04779017
-0.00196322
-0.01660154
-0.03545942
0.02716451
-0.01486562
-0.04326043
0.03705035
0.02539342
0.01230029
0.04192559
-0.00738028
0.03595894
-0.03024224
-0.01451596
0.03988872
-0.00483827
0.02940308
0.02317699
0.01364701
0.03249514
0.01674656
0.00825901
0.04999163
0.01788354
-0.01747655
-0.03987043
0.01162162
0.02073072
-0.04036192
-0.04751806
0.03980474
0.01796194
-0.03466677
0.00247165
0.04891465
-0.03716003
0.03922451
0.01356954
-0.00924687
-0.03037536
0.03142792
0.02728237
-0.01286016
-0.02931823
-0.02258489
-0.02433905
0.02997546
-0.04192997
0.00554249
0.04844467
0.02546730
-0.02183930
-0.00235846
0.04745525
-0.02651859
-0.00860628
-0.01233193
-0.00837814
0.02223349
-0.03113515
-0.01004389
-0.00350333
-0.04657640
0.02603218
-0.04316110
-0.01045893
-0.04224184
-0.01643564
-0.04990749
-0.02496367
0.04726398
-0.02791000
-0.00899237
0.03200517
-0.04023192
-0.04021193
0.03983644
-0.00060680
-0.04728538
-0.04600982
0.03313401
-0.03139751
0.03481996
-0.03859884
-0.02075902
-0.02600793
-0.03717006
0.00446432
-0.01306753
0.04955439
0.00467280
-0.03180109
-0.01538213
0.01766762
0.00744706
-0.04104393
0.02653798
0.02484282
-0.02991762
0.04909599
-0.02809867
0.03277327
-0.00206855
-0.04085486
-0.03405989
-0.01377579
-0.00592828
0.00286505
-0.03176331
-0.01283580
-0.04623165
-0.02883109
-0.04027538
-0.00601169
-0.00925729
0.04282998
-0.01835581
-0.01010930
-0.03024402
0.03338484
0.01970441
0.04285917
0.04446578
0.01174634
0.03076504
0.03436733
0.04193360
0.00579660
0.04814943
0.04280288
0.01063643
0.02492641
-0.04486729
-0.02701542
0.04999263
-0.01249741
-0.04647828
-0.03098315
-0.04139931
-0.00960301
0.00323763
-0.00601552
0.00080880
0.01026245
-0.04883169
-0.04790108
-0.04017289
0.02166018
-0.03060627
-0.03847860
0.04018066
-0.03006854
-0.03396834
-0.04218632
0.04304660
-0.02860761
-0.04646821
0.02948229
0.03207183
-0.00023742
-0.02174710
0.00099554
0.02016197
-0.00555521
-0.04720903
-0.01580890
0.00402072
0.00126089
0.00867520
0.02381841
-0.02149477
-0.00121404
0.01177437
-0.02067420
0.01910681
-0.04872512
-0.03537827
-0.03262413
-0.04468157
-0.02413265
0.04620967
-0.02513153
-0.01739885
-0.04674177
0.01750812
0.02728684
-0.00398654
0.02454246
0.03822771
-0.00431638
0.03589508
0.03004772
-0.04252290
0.01607654
-0.02878571
-0.04894198
-0.00219270
-0.02730751
0.03305233
-0.03579574
0.02437330
-0.00828366
0.01598847
0.01519507
0.00786845
-0.00305772
-0.01111887
-0.03362421
-0.02609801
0.01180497
0.04658781
-0.04771755
-0.03451584
0.03061506
-0.01344838
-0.02581517
0.02814911
-0.02431305
0.02048595
-0.04346080
-0.01099923
0.03431370
0.03150779
-0.00358076
-0.02342468
0.04565707
-0.00437063
0.04551562
0.00544161
-0.02787702
0.00891757
-0.03324419
0.00051432
0.02187175
0.04060730
-0.00347765
-0.03360905
0.00513286
-0.03872028
-0.03698466
-0.01951410
-0.03797929
0.03502704
0.01872921
0.01796052
0.01182193
-0.03775756
-0.03749595
0.04685152
-0.03662270
-0.02831667
-0.00293830
-0.03792682
-0.03498805
0.02350360
0.04812967
0.03467989
0.02386685
-0.02653226
-0.03640674
-0.03281115
0.04577314
0.04579295
-0.04672473
0.03724232
0.00885412
0.04435663
-0.04304546
-0.00018325
-0.02286195
-0.01968004
-0.01583011
-0.02673224
0.01075532
0.03714298
0.01612862
-0.02474990
-0.04332318
0.01196995
-0.01416901
-0.01953928
-0.02852686
-0.03869299
0.02654932
-0.01865784
0.00599170
0.02848559
-0.01481522
0.03646402
-0.04642867
-0.04245978
0.03808868
0.01848858
0.01456466
-0.00768017
-0.04489690
0.04205009
-0.03700558
0.04655444
-0.01132373
0.04935789
-0.02291362
0.04120415
-0.01968514
0.03336922
-0.02730336
-0.01559929
-0.04198268
-0.04165683
0.00638816
-0.04289264
-0.01305901
0.03140250
0.00512463
-0.03829375
-0.00520493
0.01530545
0.04876477
0.02587566
0.04457037
0.00742445
0.01681676
-0.00011289
-0.03955645
-0.04521108
-0.04245260
0.00256834
-0.02856828
-0.02609465
0.02993561
-0.01377605
0.02623928
-0.01899144
-0.04145527
0.00955962
-0.04201331
0.00848888
-0.03123271
0.00586277
-0.03171776
-0.00232016
-0.02789928
0.00839934
-0.00428717
-0.02153442
0.04128940
0.01744467
0.02313955
0.03615960
0.02404385
-0.00619560
-0.03805504
-0.01431657
0.01475432
-0.00622872
-0.04748167
0.03245511
0.04305588
0.02253910
-0.02286248
0.04875169
0.04510270
0.01686932
0.02243587
-0.01660142
0.04678019
-0.00218454
0.01711293
0.01139259
0.01237247
0.02860702
0.03529184
0.00432257
-0.02414658
-0.04021640
0.04119761
0.02270531
-0.00869990
-0.02891304
0.02147489
0.01878614
0.02292088
-0.02688383
0.01851629
-0.04363994
0.04912760
0.04177066
-0.03988187
0.01949678
-0.02951738
0.03036831
-0.01380310
-0.02845233
0.01811147
-0.01992128
0.03868136
-0.02577951
-0.01428583
0.01627661
0.03074055
-0.00143074
0.01837837
-0.03693800
0.04691347
0.04842736
-0.02507506
-0.00629747
0.00547316
-0.02090921
-0.02809725
0.01174834
-0.03301627
0.00052099
0.02986726
-0.00706046
-0.02498258
-0.04107508
0.00684509
0.00119886
0.01111375
-0.04065319
0.02598011
0.01826265
0.03641943
0.04183791
-0.03043704
-0.03585711
0.00189269
-0.02556531
0.00432421
0.04242549
0.01234449
-0.01053671
-0.02922450
0.03108602
-0.03059328
0.01688650
-0.01169728
0.00738659
0.02121007
0.00957402
0.04402979
0.04383479
-0.02371056
-0.01140930
0.01470518
0.03321948
-0.04667493
-0.00531400
-0.01073503
0.04384150
0.03740086
0.00464421
0.00780018
-0.01217030
-0.00183296
0.01195864
-0.01823574
-0.02464871
0.04863540
0.01137011
-0.00013513
0.01327323
0.00710244
-0.00932284
-0.01306678
0.03268117
0.02647263
-0.03488522
-0.01498349
0.01047514
-0.01804693
-0.04886103
-0.01586579
0.01250926
-0.02744996
0.02791707
0.00297441
-0.04997635
0.01505274
-0.01988583
-0.03103686
-0.04046978
0.03431326
0.01715338
-0.03992396
-0.03108138
0.02015612
-0.02721532
-0.00747749
-0.01132276
0.02066366
-0.01738441
0.03386001
-0.03151611
-0.00982082
0.02501114
0.00662758
-0.00035571
-0.01118061
0.04082925
0.03905320
0.04793111
0.03487894
0.03373001
-0.01237136
-0.02666618
0.02618863
0.00654575
0.03162014
0.00255219
0.03029043
-0.01070413
-0.01858818
0.03729815
0.01509470
-0.04245854
-0.04520969
-0.03478344
0.04075827
-0.03621419
0.03986344
0.04634102
-0.04952256
0.01191807
0.04049281
0.03427139
-0.01886882
0.00063392
0.03965409
0.02956248
-0.00269388
0.00862223
0.02173348
0.03550885
0.04213819
-0.01098372
-0.00873570
-0.04131035
-0.00509842
0.04857316
-0.01052743
0.01475326
0.01574663
-0.03571530
-0.01120397
0.02381024
-0.00856279
-0.03294650
-0.03776918
-0.03482364
0.02066322
-0.02740623
-0.00282705
0.03109138
-0.03599527
0.02649232
-0.01126998
0.00758110
-0.01863534
-0.03523425
0.04843555
0.03954184
0.03173394
0.00902832
-0.02150852
0.03522460
0.03921459
0.04822499
-0.01087499
0.01070679
-0.02035417
0.00993138
0.03330314
-0.03408276
-0.01483099
0.00920024
-0.02654328
0.03558253
0.04529168
-0.00002801
0.02599983
-0.04436379
-0.01411173
-0.00805831
-0.00525812
-0.03710614
0.03635764
-0.02622151
0.03537355
0.02143953
-0.02783852
-0.03541766
0.00379458
-0.02373429
-0.03637354
0.01233264
0.04039689
0.00762191
0.02401327
0.04287184
-0.00688944
-0.01023791
-0.03417400
-0.02417719
-0.02862371
0.02040998
0.03865515
-0.04111852
0.03592708
-0.01280490
-0.02270726
0.01835587
0.01701709
-0.03709795
0.04023975
0.04723533
0.03180431
0.03844857
0.00790199
0.04143005
-0.03151174
-0.00265178
-0.04427546
-0.02800668
-0.03835027
0.04095253
0.02887278
0.00373979
-0.00164889
-0.02822090
0.03355888
-0.04079816
-0.04002034
0.02913843
0.04569211
-0.02722372
0.03476447
0.01843662
0.03445395
0.00013695
-0.04313574
-0.04612767
-0.03858617
0.01073112
0.01821979
0.04547866
-0.01060172
0.04228288
0.01973007
-0.01549789
-0.01422876
-0.01028317
-0.02686002
-0.03658333
-0.03037619
0.02093045
-0.01904515
0.00561775
0.03807827
-0.04258594
-0.03204425
0.00601828
-0.03931795
0.03130005
-0.02422233
-0.03191445
0.00152001
-0.04780888
0.03066597
0.02835323
0.02486368
0.03122887
-0.03567557
0.01763562
-0.02979355
0.01143458
0.04806472
0.01094503
-0.03683224
0.03845665
0.03402543
0.02148383
0.03460676
0.02189780
0.03166461
0.00759060
0.02892711
0.03608062
0.00212960
-0.00111724
0.00586978
0.04191531
0.02423793
0.01531112
0.01247070
-0.04601087
-0.02295688
-0.04538644
0.01831473
0.04113464
-0.03584447
0.03113681
-0.03175992
-0.02303002
0.02076879
0.00184696
0.00633361
0.03430068
0.00247925
-0.00642911
0.01275128
-0.04279067
-0.04686496
0.01708399
0.00588011
-0.00130534
-0.01431610
0.01561614
-0.00051498
0.02295460
0.01406154
0.00627947
0.03218416
-0.00703381
-0.04001265
0.01502370
-0.00070384
0.00316619
0.04048727
-0.04716251
-0.04132638
-0.00820496
-0.01704808
-0.03418684
0.01421382
-0.02189436
0.03773683
-0.01965109
0.04906288
-0.04092011
0.01727725
0.03081387
0.03997412
-0.04466965
-0.04502901
0.04094810
-0.00934317
0.01669273
-0.00578455
-0.00594820
-0.03936314
0.03921746
0.00011424
0.03022738
-0.03313011
0.02290182
-0.03989770
0.04645710
0.03425701
-0.03140807
-0.00945450
-0.04229893
-0.03800369
0.03347142
-0.01584792
0.04417183
-0.00439094
0.02402847
0.02782953
-0.03032238
0.01250318
-0.01825497
0.04167754
-0.01791084
-0.00267994
-0.03634809
-0.01505249
0.04015675
0.04226306
-0.00107107
0.04122901
0.01294768
-0.01841342
0.01174153
0.00771313
0.02149809
0.03340139
-0.03320790
-0.03928411
0.02443030
0.02843277
-0.03329969
0.04148926
-0.01516783
0.02328363
0.02039435
0.04906048
0.04191615
-0.00566435
0.00180438
-0.04884483
-0.04487557
0.02421684
0.02785973
0.01145497
-0.02423425
-0.02776087
-0.02470260
-0.04492448
-0.02209976
0.02019273
-0.03878969
0.03514810
0.04697304
0.03388143
-0.04821955
0.03686483
0.00129937
-0.04178355
0.01442961
-0.02297126
-0.03373469
0.01196530
0.04221965
-0.02729793
0.01863338
0.03405330
-0.00901124
-0.00897461
-0.02354545
0.04534748
-0.04411719
0.02222283
-0.03614026
0.02578575
0.01032143
0.00364556
0.00645622
0.04011236
0.01799461
0.04226772
-0.04862107
-0.02546796
0.00213079
-0.03829746
-0.03876946
0.02421142
0.00997516
0.03173214
-0.04070495
-0.00257460
0.04905427
0.03113497
0.01574817
-0.04790268
-0.00371877
-0.01129259
-0.01432441
0.04261852
-0.01229942
-0.04402728
0.01063133
-0.01412679
0.02832843
0.03512477
-0.00549223
-0.00007631
0.03149596
-0.03676713
0.00385922
-0.01292905
-0.03858638
-0.00664421
-0.00225010
0.04352599
0.00630742
0.01714203
0.00560164
-0.04313729
0.04713144
0.03814828
-0.00308352
0.02117662
-0.01669016
0.01174165
0.01964157
0.00641949
-0.02928199
0.04101355
0.00297928
0.04173596
-0.04512912
0.02220238
0.01216612
-0.01228700
0.04964386
0.04683233
-0.03268214
-0.02440656
0.02607608
0.01615050
-0.03945129
-0.01788968
0.04195536
-0.00835594
-0.02514485
-0.01620700
-0.01006425
-0.02147225
-0.00834222
0.03611109
-0.02742324
0.01662700
0.01760137
-0.01463251
-0.00309907
0.00501717
0.02852243
-0.01925804
-0.02033872
-0.01076984
0.02626128
0.04127743
-0.00518884
0.01091335
0.04031305
-0.00819483
-0.01360888
0.02063732
-0.01565769
-0.01900469
0.01012142
-0.01916118
-0.04971485
-0.02602110
-0.00463024
0.03809378
0.02554552
-0.04965661
-0.04058590
0.01389528
-0.02902473
0.01471936
0.01076494
0.01237742
-0.02956040
0.02856754
-0.04526422
0.04249521
-0.04387334
-0.04369168
-0.03915586
0.00757072
-0.02698212
0.02407174
-0.04201724
0.01572610
-0.01511846
0.02793702
0.04851467
0.03895975
0.00943230
-0.00531420
0.01493391
0.03632244
-0.03943000
-0.02070894
0.04717464
-0.03027377
0.00192040
0.04036743
0.02207493
0.04563465
-0.02735719
0.00463315
-0.03133747
0.01249597
0.00025746
0.03069556
-0.04456184
0.01026639
-0.02862320
-0.01497252
-0.03829667
0.01628004
-0.04888250
-0.03825385
0.02318903
-0.01356711
0.04522724
-0.03464999
-0.04353603
-0.02759634
0.03459688
-0.00772943
0.04091134
-0.00972197
0.03608936
0.04718628
-0.04444175
-0.04388418
-0.04400632
0.03255095
0.01211235
0.02785498
0.04750397
-0.04481175
-0.00224377
0.01545908
0.02379622
0.02454652
-0.01966724
-0.01521237
-0.01219239
0.03612700
-0.00248013
-0.02711881
-0.01764305
-0.00579567
-0.02470645
0.03455065
0.01654982
-0.00279321
0.01144290
0.02404443
0.04164198
-0.01497158
-0.01990202
0.04536287
-0.00691901
0.01856513
-0.04982009
-0.02632519
-0.01835273
-0.02635647
0.00374841
0.02640563
-0.01374472
0.01725849
-0.01783032
0.03058568
0.00032588
0.02652580
-0.04713161
-0.04517275
0.04702092
-0.03683502
-0.02162877
0.00090172
0.04108360
0.02661660
-0.02333551
-0.02865905
-0.02670580
-0.04713299
0.02325497
0.03744824
0.03638506
0.04041461
-0.04715706
-0.00439123
0.01859923
0.02033710
-0.04823769
-0.04047645
0.03307485
-0.01005778
-0.01645673
-0.02359017
0.03301118
-0.00227682
-0.04915069
0.03342863
-0.01067392
0.01106380
0.02628347
-0.04489062
-0.00411163
0.04258882
0.02760599
0.01143641
0.02849134
0.02372284
-0.02898268
0.03382391
-0.01536397
-0.03752686
-0.00534375
-0.01628672
-0.02119095
0.02465678
0.02059693
-0.04375504
0.04271027
-0.00185435
-0.01072456
0.03263567
-0.03492305
0.03372145
-0.04842866
-0.04528309
-0.02332237
0.02291857
-0.00288345
0.04935110
0.01477982
0.03775461
0.04294991
0.03055358
-0.04530067
0.04424294
0.02260855
0.04478315
-0.02420488
-0.04076950
0.03049794
-0.02021071
-0.01011570
-0.02603701
-0.00055376
0.01299981
0.00835767
0.04462464
0.02372468
0.01894657
0.02803921
0.01896049
0.04102054
0.03630787
-0.02674344
-0.01121451
-0.03615528
-0.04253138
0.02009355
-0.04950998
0.00313045
-0.02939049
0.03314870
-0.01912843
0.00146208
0.01430874
-0.03204549
0.03349628
-0.02777795
-0.03696572
-0.03604395
0.02953810
-0.03571609
0.02882922
0.01007325
0.01608816
-0.00000345
-0.04029012
0.02978447
0.04514385
0.00211546
0.00504733
-0.03017626
-0.00262062
-0.00917781
-0.02684679
0.02535480
0.02204651
-0.01173344
-0.02864562
-0.00579677
0.03589675
0.01475043
-0.02582107
0.04702356
0.04857856
-0.01770147
-0.02540977
-0.02977131
-0.03731637
-0.02964870
-0.04669232
0.03266730
0.04338350
-0.02063725
-0.00532467
-0.02167155
0.02681010
-0.03726464
0.02298161
0.03323683
0.04807553
-0.02012126
-0.01734496
-0.01363593
0.02023907
0.04698273
-0.02429395
0.03048747
0.00240003
-0.03495613
-0.01341172
-0.02211943
-0.03994648
-0.04493886
0.01008399
0.03720626
0.04470786
-0.01301386
-0.01369808
0.03821221
0.00527358
0.01987572
0.03760201
-0.04828267
-0.01227952
0.00683535
-0.01933149
-0.03777735
0.03477531
-0.02840214
-0.00520844
0.04321665
0.02654882
-0.01007697
0.01307583
-0.03096472
0.01874624
0.03908929
-0.02731727
0.03397670
0.00318880
0.03136427
0.01815460
-0.01253324
0.04009395
-0.02730871
0.03937320
-0.03620566
0.01400220
0.01813976
-0.00965062
0.01233288
0.03567255
0.01653755
-0.01043202
0.00333754
0.04447574
0.02619130
0.02175356
0.04528758
-0.03535182
0.00773967
0.04941684
0.00909694
0.02022483
0.03365825
0.03559398
-0.01274988
0.01487661
0.01838329
0.02906336
0.00482524
-0.03156181
0.00427282
0.00193702
0.02232016
-0.00450039
