shape=[32, 400]
-0.11276871
-0.02198544
0.03495553
0.00371653
0.00220984
-0.01083996
-0.03555321
-0.00494891
0.01356404
-0.08076085
0.00378072
0.00139864
0.05095395
-0.04497628
-0.10125373
-0.07560766
-0.03114923
-0.04404878
0.01633051
0.00050883
-0.01974290
0.00823438
0.01229594
-0.01586923
-0.06029683
-0.06941118
0.03258679
-0.03843536
0.01179022
-0.03894057
-0.08588704
-0.06432994
-0.08955513
-0.07291146
-0.04046184
0.00748266
-0.04479189
-0.00546044
0.01940033
-0.04110458
0.04070116
-0.04034960
0.01806150
-0.02002357
0.01088200
0.01836760
-0.05998226
-0.04683930
-0.03886762
0.02830238
-0.04297995
0.01675186
-0.00405181
-0.00046096
-0.00965837
0.03209535
-0.01183219
0.00247254
-0.04848948
0.01612803
-0.04856294
0.00530182
0.00565507
0.03850944
0.01398097
-0.02430663
-0.04764966
-0.02273084
0.03034296
-0.04725256
-0.03283233
0.01448989
-0.02650189
0.03544526
-0.00502989
0.04541531
0.02652769
-0.03918210
-0.01566065
0.02197544
0.06564372
0.02290029
-0.00177520
-0.00680872
-0.00182052
0.04698496
0.01265803
-0.03562686
-0.01913490
-0.02035284
0.03440221
-0.01108053
-0.00840044
0.02040143
0.03017078
0.04475870
0.12097085
0.01111455
0.03807797
0.00459125
0.02691657
0.01832754
0.07499428
0.03442864
0.04650738
0.00722361
0.01186206
-0.04482099
0.04533012
0.08203717
0.00643977
-0.02830884
0.10268568
0.07771106
-0.03897764
0.02219064
0.03504372
0.03906413
0.07011890
0.00689164
0.04654030
0.02242829
0.00184364
-0.04849133
0.01100495
0.00315138
-0.00051229
-0.04605120
0.01500592
0.07645254
-0.02058923
-0.00621931
0.00429826
-0.01439280
0.00768689
0.02621826
-0.02468229
0.03579188
0.05652675
0.03355414
-0.04272205
0.07078484
-0.02532325
0.00122344
0.11703639
0.01529443
0.00355018
-0.00442051
0.05065670
-0.01616660
-0.01271341
0.02835067
0.03499375
0.05508677
0.05670483
-0.01842095
-0.00816903
0.05273417
0.01722130
0.04567506
0.06893977
0.05369139
0.03316278
0.03474719
-0.01129131
-0.04067109
0.00550095
-0.03307572
0.03571391
-0.03356699
-0.05102730
-0.02393213
0.01212819
0.01922835
-0.01641317
0.00074463
0.07488356
0.05729084
0.02746736
0.04103382
-0.04411759
-0.02569566
0.04366345
-0.03952020
0.01382735
0.03560194
0.00312394
0.03396095
0.03282266
0.08814604
0.03485422
0.07580472
0.03685623
-0.01168561
0.03952324
0.00919186
0.00900215
0.04421427
0.01644605
0.03023476
-0.00832677
0.04634435
-0.04419046
0.00830309
0.03553716
0.05844863
0.07430559
0.02323499
-0.01688084
-0.01749206
0.03162421
0.01136523
0.00589936
0.01254174
0.03061307
0.01521640
-0.02046819
-0.00324511
0.03050170
-0.00035394
0.00731312
0.01837714
0.01892801
0.06461320
0.04934462
0.04513229
-0.02947941
-0.01879380
-0.01644926
-0.00985069
-0.03907768
0.00792591
0.00550935
0.01240008
-0.01610475
-0.01553227
-0.02189643
0.02798269
0.05943679
0.03618333
0.02851425
0.02761482
-0.02004377
0.05064814
-0.03532786
0.03185883
-0.02012714
-0.00854239
0.01357104
0.00142632
0.02094976
0.00963452
-0.03232622
0.03286285
-0.03692359
-0.01128834
0.03255077
-0.02767965
-0.01940371
-0.05066900
0.00815462
-0.00517588
-0.04735575
-0.02376570
-0.01232881
-0.04492344
0.01084690
-0.01866204
-0.03233203
0.02980201
-0.02049135
0.01431137
-0.10868844
-0.03280598
-0.01084482
-0.08333332
-0.03707606
-0.01957475
-0.03815328
-0.02487912
0.02110955
-0.03718432
0.03070251
-0.03336509
0.03686581
-0.04513392
-0.03868711
-0.04384806
-0.14703619
-0.05846988
0.00432701
-0.03076201
-0.04837961
0.00981169
-0.03799218
0.03278730
0.03240577
-0.02555530
0.02923355
-0.02173348
-0.03783424
-0.00924107
-0.03538787
-0.05719915
-0.06777566
-0.08035222
-0.05134496
-0.01429183
-0.03605722
0.00574877
0.02919595
-0.00167337
0.02049386
-0.02133231
0.00759743
0.01284826
-0.00090745
0.00797188
-0.06808930
-0.01391411
0.00363337
-0.04986725
-0.04332162
-0.02510211
0.02687039
-0.03284593
0.00914922
-0.01706476
0.00883599
0.04117278
0.04387819
-0.01899619
0.03305049
0.01383087
-0.02067292
-0.01347867
-0.03030361
-0.02394909
-0.01552253
-0.05712175
-0.03925205
0.03768757
-0.04808946
0.04354745
-0.03731506
0.00823187
0.02977815
0.03469812
-0.01487194
0.02247030
0.02484352
-0.01701858
-0.08590513
-0.07124734
-0.02814183
-0.03164853
-0.01858839
-0.00482870
-0.02811593
-0.00340525
-0.05747040
0.02319970
-0.04102330
-0.00673103
-0.02444040
-0.04903505
0.00331668
-0.04855978
-0.09511467
0.01124143
-0.02194525
-0.04256390
0.03532548
-0.03911681
0.00137926
-0.00429999
-0.05214588
0.02097760
0.00237359
0.01035825
-0.02676395
-0.02089631
0.00210209
0.00989579
-0.05735231
-0.02378976
-0.01003855
0.01229741
0.04889899
-0.04305639
-0.03924786
0.02441257
-0.02092909
-0.03354669
-0.01529312
-0.00750787
-0.00623526
-0.04282077
-0.02584841
0.00112181
-0.14600404
-0.09799860
-0.05176489
-0.10321110
0.03480953
0.03475266
-0.05587658
0.03087908
-0.01787412
-0.03372292
-0.06015926
-0.02339309
0.00670260
-0.08832605
-0.09571996
-0.03725811
-0.15394825
-0.02615723
-0.02239911
-0.01790185
0.01928527
-0.04274888
-0.00533244
0.03279884
-0.05449499
-0.08639067
-0.03366203
0.00961111
-0.03522574
-0.04461444
-0.07207224
-0.03394914
0.00266118
-0.03191020
0.00452702
-0.04301755
-0.04485326
-0.01567013
-0.03155082
0.02726466
0.00999136
-0.05831555
0.04156529
-0.04626393
0.04797417
-0.03088008
-0.02615106
-0.01896428
0.01129166
0.00408709
0.03097281
-0.01763191
0.04238832
-0.03403686
-0.00548006
0.04645140
-0.00457292
0.04082402
-0.00061486
-0.05118729
-0.00448552
0.03984256
-0.04597067
-0.05047279
-0.10953967
-0.01683094
-0.01548262
-0.07115480
-0.04040135
-0.05281828
-0.08413304
0.02292154
0.02853570
0.00361762
-0.00506444
0.01301450
0.01753962
-0.09756441
-0.03079502
-0.05643247
-0.11268007
-0.03235690
-0.01688087
0.00450051
0.04932705
-0.00649542
-0.02558513
-0.02806964
-0.02279548
-0.05084015
0.02157174
0.00779136
0.00726202
-0.00556279
0.01372621
0.01835774
-0.01585284
0.03989328
0.03390561
0.03473290
0.03345958
0.00878281
0.04530956
-0.03263747
0.03892282
0.01322685
-0.00587528
0.02812630
0.03816190
-0.01626349
-0.00281883
-0.03410787
0.10357445
0.01472809
0.00595957
0.02131966
-0.00507013
-0.02522692
0.03019867
0.01173061
0.03965298
-0.02448615
0.04110668
-0.00212200
0.03910331
0.01730934
-0.00532873
-0.03108302
-0.03098058
-0.02474052
-0.01476431
0.01421826
0.01644845
-0.04068502
-0.00648560
-0.00452284
0.00656941
0.01385076
0.02100580
0.00152486
-0.01187271
-0.04805138
-0.00657601
-0.05210910
-0.10915140
-0.02070460
-0.01201190
-0.03874491
0.03386571
0.00171845
-0.02836192
-0.03007236
-0.03304309
0.01336172
-0.02861082
-0.02564996
-0.04870287
-0.07035903
-0.00168258
-0.05198130
0.03217039
0.01845252
-0.04069715
-0.04543244
-0.03396831
0.00126895
0.02364311
-0.02831579
-0.00687984
-0.00714892
0.01606032
0.00676768
-0.02321077
0.04205088
-0.00965840
0.03513055
0.09578486
0.06021032
0.05080181
0.03451873
-0.02761065
-0.02665118
0.03256423
0.03430180
0.04281151
0.03318201
0.06055218
0.03125617
-0.00527454
0.02499633
0.00176814
0.02249142
0.13141973
0.06749849
-0.00283661
0.03045601
-0.02678246
0.01726950
0.06837380
-0.03266983
-0.01122379
0.02934590
0.01709884
-0.03375112
-0.05364059
0.08674578
0.04936831
-0.00536075
-0.02847447
-0.01016399
0.01081134
-0.03852788
0.02162210
0.04566644
-0.00424594
0.00993435
-0.02485522
-0.01654001
-0.02680509
0.04215435
-0.00296808
-0.01613186
0.02666616
-0.02767620
-0.12306206
-0.01984779
-0.05960975
0.01213129
-0.00282868
0.04276862
-0.01399603
-0.00024098
-0.03194387
-0.03620427
-0.03650064
0.02292391
-0.02626900
-0.02241153
-0.08019932
0.01890180
-0.07680669
-0.02025995
-0.06016720
-0.08509169
-0.00550521
0.01951603
-0.07946757
0.03757114
-0.04421492
0.01929785
0.00647416
-0.00183456
0.04329139
-0.07278107
0.00127871
-0.01769620
0.03387133
0.02376061
0.04665692
0.03840827
0.02125812
0.00853567
0.02397916
-0.00369311
-0.03626798
-0.01378798
-0.02093933
-0.02433390
-0.02170219
0.03126295
-0.00859254
0.05543005
0.09770022
0.03765224
0.02735906
0.08367415
-0.00687278
0.00493118
0.04741123
-0.03923643
0.01677149
0.03690024
0.03274767
-0.01496250
0.02779990
0.02527094
0.02263205
0.07814354
-0.01862719
-0.03354799
-0.04004483
0.03783413
-0.04509733
0.03182561
-0.02176032
0.03348421
-0.02657094
0.02163886
0.04952335
-0.04066313
0.00652507
0.02616208
0.02389905
-0.05326659
-0.05836922
0.00741446
0.00135762
-0.05881097
-0.00291204
-0.03944661
-0.03791271
0.01084146
-0.04763658
-0.05999702
0.01842548
-0.01121808
-0.00862037
0.00524441
0.00736048
-0.03150922
-0.08373894
-0.02375391
-0.03491113
-0.08993527
-0.01864717
-0.00535105
-0.04269767
0.01714957
-0.01583178
-0.05295307
-0.00317114
-0.01531922
0.01212640
-0.07745687
-0.07959727
-0.06189393
0.01591850
0.00097921
0.00453463
-0.03511535
0.03797735
-0.01828899
-0.03858196
-0.03267740
-0.03941397
-0.01901638
-0.01933905
0.00245078
0.02293460
0.02096575
-0.04327905
0.01444006
0.08609588
0.05695083
0.02378402
0.04309016
-0.01233618
-0.01832775
-0.01505244
-0.02326605
0.06252095
0.02037572
0.00377828
0.00043691
0.03355429
0.07851991
-0.01984917
-0.01924030
0.02717866
0.06426967
-0.02398001
0.04889537
-0.04722631
-0.01930153
0.00439587
0.01787901
0.05491066
0.04159563
-0.00715432
0.00178120
-0.00313740
0.00775014
0.03086889
0.02244964
-0.03092589
0.04182996
0.04220919
-0.04409558
0.00168730
0.03649786
-0.01209816
-0.03756123
-0.00952659
0.02712392
0.04469401
0.04821234
0.01164249
-0.03818061
0.00274202
0.01590561
0.01450548
-0.04988995
-0.04755566
0.05011762
0.00949651
0.02224620
-0.00014438
-0.01811397
-0.03157053
-0.01696596
0.05020856
0.02141967
0.03086003
0.04171770
0.02457746
0.03880810
0.01263885
0.03591389
0.00600837
0.06628834
-0.04133232
0.03981080
0.04057585
0.01807301
0.01550830
0.02554332
0.00578191
-0.02582575
-0.00633203
-0.02813147
-0.02858878
-0.00645407
0.06366555
0.09154936
-0.01061380
0.02568065
-0.04589875
-0.02036826
0.05341633
0.00325653
0.00750758
-0.00270724
-0.03203575
-0.02187428
-0.01708816
0.02743888
0.03410398
-0.00756114
0.11203180
0.07148282
0.01756528
-0.01690749
0.02297329
-0.04346084
0.02996889
0.02599390
0.02926802
0.06785811
0.01626544
0.03232777
-0.05047053
0.08706292
0.00809514
0.01020624
0.12456767
0.06641927
0.03071183
-0.00348485
-0.02051866
-0.02937426
0.03659688
0.03514332
0.05173794
0.00020209
0.04961742
-0.04288756
0.03806891
0.03247527
0.04518985
0.03558549
0.04663008
-0.02409263
0.05042837
-0.05040589
0.01834317
-0.04411782
-0.02897545
-0.00829620
0.00082257
-0.00433413
0.01486534
0.01878421
0.02526988
-0.02117714
-0.04731104
0.01669908
-0.01029268
0.01284949
0.01494027
-0.00688507
0.00777187
-0.02733719
-0.03610641
-0.04296766
0.05211848
-0.03744115
0.04106981
-0.03618374
-0.04844771
0.00503762
-0.02908471
0.00618030
-0.01199483
-0.03816136
-0.04663673
-0.06123748
0.04491638
-0.03758622
-0.05023836
0.01152401
-0.00310412
0.05626440
0.03282131
0.00594771
0.02099937
-0.00443946
-0.02919157
0.05440113
0.04377026
-0.03129320
0.04100383
-0.03818337
0.00020036
0.01049608
-0.02278493
-0.01134185
-0.04207753
-0.03691150
-0.04376358
-0.00121375
0.00366979
0.00923227
-0.03075326
0.00605785
0.08814701
0.06491710
0.01285869
0.01833748
0.01059292
-0.01383983
-0.00278460
0.00340176
0.00073591
-0.00416078
-0.04660041
0.04807268
0.01645353
0.03948515
-0.00781974
0.00982507
-0.00581692
-0.02190113
-0.04980396
-0.02657245
0.00438671
-0.01588029
-0.01407056
-0.01652776
-0.02701649
-0.02747395
0.01570212
0.01572848
-0.03671030
-0.00433096
-0.02475924
0.03207732
-0.09112129
-0.00885771
-0.03530223
-0.06641580
0.04068203
0.00178711
0.02722786
0.01426667
-0.02106016
-0.04834021
-0.01924966
-0.04494733
0.01300459
0.01897028
-0.05436743
-0.04449915
-0.10468985
-0.01692904
-0.03076236
-0.00623077
0.02755056
-0.05184896
0.02634072
-0.00950671
0.02246769
-0.00985773
0.01093952
-0.01775227
0.03769850
-0.05489354
-0.05857400
0.00139747
-0.01249375
-0.00816312
0.00456608
0.01894214
0.00548428
-0.00911923
0.00708497
0.00857701
-0.00424115
-0.05067487
-0.01087128
0.01472457
0.03872851
-0.01309581
-0.00657769
0.00074710
-0.01955332
0.02584243
-0.02098164
0.01578723
-0.02247880
-0.02896392
0.01699210
-0.02113820
-0.02659919
0.03460832
-0.01704951
0.01348951
0.00364579
0.04217744
-0.01223339
0.01415726
0.00754748
-0.04272481
-0.03951952
-0.03053566
0.02944921
0.02321890
-0.01980403
-0.01422657
0.04390304
0.03725201
-0.03898431
-0.05015825
0.04932024
-0.02349252
-0.05355293
-0.02100075
-0.01087808
0.00452796
-0.04566653
-0.04195192
-0.00981268
0.02728231
-0.02649122
0.02720997
-0.00125005
-0.02904951
-0.00763403
0.00492279
-0.02888818
-0.00179605
-0.05191441
-0.01725751
-0.10862019
-0.04619396
-0.03973120
-0.04692774
0.01128994
-0.03680484
0.00958401
0.04722885
-0.05450677
0.02957378
-0.00754725
0.03880581
-0.00983496
-0.02151627
-0.01183960
-0.06383167
-0.01919623
0.04430316
0.02188450
0.02429330
0.04654912
-0.01254301
0.00641419
-0.00169771
-0.02278548
-0.00315642
-0.00763976
0.01823463
0.00451091
-0.03686013
-0.03454502
0.03509762
0.05711618
0.03685898
-0.01179892
0.02330210
-0.01580330
0.03251635
0.02240459
-0.02201523
-0.00039515
0.04718534
0.01242852
0.03464714
-0.04364872
-0.02765764
0.03880822
-0.04165572
-0.00205217
-0.02788302
-0.04515852
-0.00937524
-0.04320483
-0.00230189
-0.00014187
0.02799110
0.03958660
-0.04091332
0.04044558
0.03658569
-0.00846662
0.02830385
-0.02507010
0.04619236
0.04032992
0.01315554
0.01009839
0.01249127
-0.03777928
0.03463838
-0.02924066
-0.01765717
0.04231478
0.05057006
0.01084723
0.03324803
0.00320615
-0.01220668
0.01381201
0.00464115
-0.06015249
-0.00221863
-0.00363078
0.01076715
0.04306525
-0.01296108
0.05020593
-0.02535216
0.03539557
-0.03114037
-0.04461924
-0.02289905
0.04546480
-0.03011913
-0.02589177
0.02049107
-0.01656094
-0.06968459
-0.03172053
-0.06134954
0.04061817
-0.00555006
-0.03737287
-0.02906705
-0.02547969
-0.04456774
-0.04234985
0.00040615
0.04011395
-0.04688949
-0.03322474
-0.02818975
-0.04403203
-0.03459758
-0.05148298
-0.02233853
0.01993732
0.02243622
-0.02820136
0.04327168
-0.01768027
0.03852197
0.01218874
0.04289486
-0.01890704
-0.02575916
-0.05217619
0.01468065
0.01066533
-0.03578082
0.04572051
-0.02481970
-0.00599951
-0.00666778
-0.01965945
-0.01726456
0.02167212
0.03421137
-0.01019009
0.01482739
0.00660713
-0.03125668
0.03311853
0.04109667
-0.04322653
-0.04293828
-0.04960443
-0.02429319
-0.02210105
-0.04170217
0.02676955
-0.02666025
-0.00286954
-0.00801023
0.03733492
-0.01751205
-0.02801099
-0.03182279
0.02071409
0.01146585
0.02483536
-0.01949431
0.01443774
0.01649833
0.01877596
0.03797939
0.00193739
-0.03529065
0.03332052
-0.03420156
0.04585731
-0.03239437
-0.03843842
-0.03602857
-0.00369686
-0.00167205
-0.00805938
0.02789961
-0.04738069
0.02480552
-0.04627166
0.00742319
-0.03120111
-0.03376986
0.00163071
-0.00810940
0.01429945
0.01621929
-0.01649573
0.05312021
0.04266327
-0.01357911
-0.01431250
0.03576493
0.02958234
-0.03775800
-0.03976431
-0.03673425
-0.03122145
0.01821672
-0.02683860
0.02569510
-0.04061189
-0.03338125
-0.04932567
-0.02613392
-0.00823723
-0.01166843
-0.02322689
-0.03172153
0.00132808
-0.04133677
0.04457231
-0.03490779
-0.01190951
0.03797542
0.01126459
0.00795079
0.04192575
-0.04956441
0.03457269
-0.03688546
0.02501241
0.00391016
0.00128859
0.00470236
0.04086354
-0.02150550
-0.03017092
-0.00304530
-0.03556729
-0.00071345
0.04028048
0.04084980
0.02215717
-0.00709899
0.03972075
-0.01909337
0.00037558
-0.00438853
-0.03242110
-0.00682347
0.01683420
0.03273603
0.02126535
0.03506701
-0.03899701
-0.00516693
0.02625759
0.04787292
0.03849106
0.03521472
-0.00709261
0.01911732
0.02809507
0.00154101
-0.04882503
-0.00240832
0.01589553
0.04109291
0.01340270
0.03819900
-0.02487612
0.00152189
0.04161830
0.01210778
0.03805217
-0.03876767
-0.00931343
0.01230237
0.04629968
0.02976049
-0.04651656
-0.01808694
0.03216678
-0.01267045
0.00165315
-0.02093578
-0.03012422
0.03679528
0.00326589
-0.00937935
0.00949927
0.03412543
0.02154531
0.02883996
-0.00549702
-0.00075559
-0.01202961
-0.02819044
-0.04307648
0.02438679
-0.03966269
0.04944355
-0.03269273
-0.03228843
0.03072082
-0.01074261
-0.02076791
-0.00387002
0.00581931
-0.04803738
-0.04183352
0.00347799
0.00171479
0.04679288
0.02937898
0.03519932
-0.03704491
-0.00570607
0.00611208
-0.00090787
0.02355883
0.00543356
-0.04557975
0.02959171
-0.04026328
0.02741091
-0.00257924
-0.04803410
0.03333610
0.00662511
0.00783208
0.01734430
-0.01511077
-0.00549761
0.00352795
0.04902059
0.04249829
0.01336991
-0.00447381
0.04053792
0.03028865
-0.00190480
-0.03970261
-0.04164643
-0.04020102
-0.00828384
-0.03644217
-0.02377806
-0.02288681
-0.01484573
-0.02682047
0.01815595
0.01958285
0.01951448
0.04970725
0.04007424
0.02259840
-0.01920390
-0.01158526
0.03665832
0.04851031
0.02130875
0.03179755
-0.01229443
-0.01589828
0.01457702
-0.00055355
-0.01814143
0.00505960
-0.04408983
0.00240664
-0.03005056
0.00741804
-0.00464857
0.04217579
0.02215992
-0.02170435
-0.02221335
0.02602399
0.00935994
-0.04272574
-0.01895840
-0.03206947
0.03120757
0.01155430
0.01491055
-0.03427415
-0.04085916
0.03140565
-0.04541775
-0.00739336
-0.03486675
0.04541834
-0.01673186
-0.01716649
0.02362041
0.02623267
-0.03334614
-0.00794837
-0.04183316
0.03789510
-0.00956858
0.04449239
0.02965659
-0.04653838
-0.00156103
0.04466087
0.01923599
-0.03811786
-0.05418224
-0.05089113
-0.03388038
0.03891329
-0.02579305
0.02888293
0.01749523
-0.05093601
-0.00317706
-0.03145730
-0.01677196
-0.00130990
-0.00036592
0.02635554
0.02297268
0.04781393
-0.04596635
-0.03611935
-0.02434053
0.01677070
0.00069553
-0.01585157
-0.00430651
-0.01781547
0.01214166
-0.04618128
0.03853356
-0.03619201
-0.01417207
-0.01201763
0.03441334
-0.00244837
-0.01034214
-0.01636593
0.00308826
0.03493813
0.00230435
-0.03424497
0.01281271
-0.02350416
-0.04104322
0.00636227
-0.03182606
0.03905559
-0.01347357
0.01628733
-0.01061335
-0.04510758
-0.02392144
0.00382102
-0.02145535
0.03465943
0.04517632
0.02114017
-0.00547801
-0.04442837
0.03181227
0.02046655
-0.00399647
-0.04103002
-0.01644875
0.03435915
0.03038203
-0.04419029
-0.01591768
-0.02812604
-0.02866579
-0.00891237
-0.01015546
0.01908376
0.01420804
0.01239898
-0.02580704
-0.03232345
0.04687653
-0.04222177
0.04125211
0.00951230
-0.02819565
0.03024287
-0.03041758
-0.01756852
-0.04337163
0.00024090
-0.03828351
-0.04556029
0.02394458
0.01958013
0.01819053
-0.04358954
-0.03811782
-0.01050244
0.02977553
-0.03564421
0.03972422
0.02571655
-0.02505129
-0.01651843
0.02472531
0.00205598
0.01963476
0.04769012
0.00954234
0.02699166
-0.04599188
-0.04437160
0.03709979
-0.04675791
-0.01966702
-0.00980843
-0.00662584
-0.04468133
-0.01748108
-0.03408752
0.04209806
-0.04678247
0.03156381
0.01966535
-0.00853661
-0.03387972
-0.04102544
0.01199558
0.00546107
0.02513521
-0.05041189
-0.01293426
-0.03815404
-0.10920474
0.01103790
-0.00899138
-0.02006393
0.02289099
0.00410532
-0.05677947
-0.02060833
-0.00855673
-0.01179770
-0.00932950
-0.01937327
0.04513852
-0.07208558
0.00662525
0.01289391
-0.03357436
0.04139495
0.00692289
0.05104833
-0.03245667
-0.04465764
-0.02453789
-0.03501826
0.04536366
0.02976555
-0.05244145
-0.00939980
-0.04544288
-0.03275116
-0.00138974
0.00683478
0.02248925
0.06289665
0.01063169
0.06993508
-0.04486942
0.02873877
-0.00988208
0.03514770
0.04104424
0.02790541
0.00297875
-0.04210109
0.04792314
0.00836387
0.03978021
0.01313371
0.02394000
-0.00123599
0.03514608
-0.06199256
-0.01156632
0.03452098
-0.00985283
-0.00677390
-0.00145631
0.01991982
-0.04021008
-0.04540129
-0.03333751
-0.03886735
-0.02964360
-0.05059992
-0.02002423
-0.04016421
-0.01726354
-0.04637117
-0.00830988
0.01618936
0.00767828
-0.00150263
-0.00587367
0.00040904
-0.00645478
-0.05003974
-0.02765024
-0.03495991
0.01943710
-0.04947291
-0.13995291
-0.06516266
-0.03632225
-0.03325809
0.00330634
-0.03733578
-0.07792241
-0.02825573
-0.00481914
-0.05369003
-0.01821041
0.03493921
0.01625771
-0.03374133
0.01283675
0.01348637
-0.00894633
0.03320407
-0.03428211
0.03704445
-0.03980818
-0.03767401
0.00898761
-0.04215881
-0.01077323
-0.05095001
-0.04609879
-0.00389775
0.01071177
0.03901256
0.04235816
0.04830548
0.04957650
0.01737591
-0.00235684
-0.01009875
-0.02325177
0.01669711
0.00995547
0.02608190
0.01980118
0.01048716
0.04403850
-0.01102058
0.03220871
0.07988934
0.02318556
0.00771468
-0.03382960
-0.01679189
-0.04594496
-0.03826924
-0.04544501
-0.03606667
0.01815079
-0.03223610
-0.03766763
-0.05092781
0.00846600
-0.00563933
-0.01241996
-0.04032099
0.01699177
-0.00373722
-0.07274645
-0.01639021
-0.05365447
-0.06424865
0.04437067
-0.03344713
-0.01574696
0.03963058
-0.04952861
-0.04972655
0.04066540
0.04774119
-0.04911307
-0.04365592
-0.00337372
-0.00306134
-0.10137959
-0.02696417
-0.00614799
-0.01875206
-0.05052838
-0.04457304
0.01828979
0.03375564
-0.03176893
-0.02167326
-0.03442517
0.01634966
-0.04101027
-0.07530204
-0.03142278
-0.06626889
0.03829640
0.05686815
-0.03830156
0.03167956
-0.04038917
-0.01470437
0.03201767
-0.00510482
0.00312283
0.05111496
-0.02434166
0.04405426
-0.03836446
-0.02155854
0.02019998
0.02701944
0.09281402
0.07453849
-0.02404715
0.04507313
-0.04438187
-0.01107970
-0.01528352
0.00387904
0.00537031
0.01090745
0.00318878
0.02345568
-0.00593135
-0.00063386
-0.00964163
-0.00800297
-0.03702635
-0.00796826
0.00933039
0.02996493
-0.03640830
-0.01293452
-0.00366811
0.04702669
-0.01710982
-0.02293830
-0.03130958
0.01622298
0.01862746
-0.02739407
0.03524725
-0.00932134
-0.07508450
-0.04448786
-0.01027540
-0.07485463
-0.05093307
0.02639379
0.02927079
-0.02008990
-0.05296601
0.02529955
0.01359948
-0.04596686
-0.02841445
-0.01466310
0.00211713
-0.06910723
-0.05758381
0.03387423
0.02421603
0.03418895
-0.04153844
0.02272707
0.02555247
0.00135855
0.03416858
-0.04213848
-0.00561151
0.02353640
-0.03256541
-0.05472884
-0.03617026
0.02657939
0.06341897
-0.00658424
-0.01349935
0.01598366
-0.03854554
-0.00140153
-0.00895675
0.04787148
0.01361112
0.05875208
-0.01037835
-0.02204304
-0.03452122
-0.02086496
-0.00919124
0.03104713
0.07023206
0.06342235
0.02510650
0.00580563
-0.01221899
-0.02648273
0.00668470
0.03895050
-0.02950308
0.05383662
0.03801103
0.04591936
-0.01709560
0.04044824
0.03764555
0.03239535
-0.01674767
-0.02843367
0.00608237
0.03531561
-0.03397204
-0.00303092
-0.02641092
0.01038970
0.04448894
-0.01888713
-0.02033930
-0.03456052
0.04242288
0.00480655
-0.02850679
-0.00703858
0.02409988
-0.01637979
0.01687033
0.01868259
0.01192916
-0.04165869
0.03873427
-0.03283849
-0.04636636
-0.00401970
-0.02349371
0.03493875
0.04513080
-0.00539767
-0.04032917
-0.01208468
-0.05083006
0.02879540
0.02879686
0.03008986
0.03844017
0.00209454
-0.04399544
0.01514356
0.00736503
-0.04023019
0.03036726
-0.04098104
0.01008224
-0.00720492
-0.01616843
-0.01316696
0.02989931
0.04703720
0.00086563
0.02539176
-0.00299267
-0.04236256
-0.01215854
0.00852391
-0.04106493
0.01027599
0.01090903
0.00087266
0.01109729
-0.03986095
-0.03804336
-0.03120772
-0.01631076
-0.03408966
-0.05024570
0.01933289
0.00976669
0.01418824
0.00234981
0.00679726
-0.01973372
-0.01533781
-0.04359600
0.03037380
0.01715958
-0.06798203
-0.03708192
0.01772205
-0.05251804
0.02111297
-0.00414383
0.05188780
-0.03660723
0.02786563
-0.04158523
0.05030352
-0.01693374
-0.05071331
-0.00995422
0.04513869
-0.02679209
0.01779452
0.01236659
0.00489469
0.06717827
0.01305248
-0.03196898
0.01713613
0.03141620
0.01652524
0.00854762
-0.03582716
-0.01770998
-0.03669294
0.02141188
0.01920531
-0.01244724
0.02346443
-0.04263436
0.00719728
-0.01782255
0.01251937
-0.04005183
0.01145656
-0.04347662
-0.01382845
0.00919409
-0.03915279
0.04814642
0.04565783
0.04715482
0.00427637
-0.03828756
0.05805165
0.02755030
0.00748016
0.01811821
-0.03083142
-0.03949476
-0.01929764
0.02503026
0.03361928
0.05095885
-0.04440911
0.00989443
-0.00339087
-0.02856832
-0.02651924
-0.03597965
0.00394438
-0.01894458
0.01754357
-0.02663309
0.00982319
-0.04039000
-0.03080213
-0.02957925
-0.00813194
0.04058283
0.02544505
-0.01365884
-0.01924869
0.00193184
0.01580613
-0.04534093
0.02792738
-0.00173868
0.00765624
-0.04351667
-0.02175493
0.04434413
0.00123251
-0.00216329
-0.02935020
-0.05099058
0.00958307
-0.01038822
0.02426993
-0.02460692
0.04365509
-0.04759526
0.00420805
0.02126547
0.04226815
-0.04266123
-0.02202918
-0.01869783
-0.04903713
0.00649622
-0.01313395
-0.04945395
-0.02454838
-0.01742717
0.00433656
0.02167763
-0.03113291
-0.02973226
0.02699644
0.02664868
0.00263592
-0.00440242
0.01899001
0.03201925
0.02389293
0.02951072
0.02519115
0.01608381
-0.02672243
0.02382949
-0.03870668
-0.04004752
-0.01729249
-0.00493099
-0.02110990
-0.03381851
0.03886206
0.01941324
-0.04654176
0.00608204
-0.01977943
0.04405176
0.00996295
-0.01448402
0.02498242
0.03063504
-0.04619751
0.02856822
0.03076183
0.04352609
0.02327533
0.00074465
0.00076494
0.02567219
0.03518746
0.02130751
0.03612503
0.00242589
0.02496856
0.02193089
-0.04740959
-0.02587621
0.00800953
0.02611726
-0.00573973
-0.01526124
-0.01361400
0.01668020
-0.02209568
0.06268197
0.01970407
0.02038698
0.02551376
0.00123731
-0.03067840
-0.02377758
0.00006485
0.00365551
-0.02832361
0.00651197
0.03301429
0.01893836
0.01087587
0.03665991
-0.00526531
-0.00139210
-0.03719558
-0.05533576
-0.00378036
-0.01075920
-0.00308207
-0.05508860
-0.02235649
-0.02885575
0.00424181
-0.05308471
-0.02601631
0.04080876
-0.05208530
-0.00743795
-0.01537883
-0.10044701
-0.04447710
0.02140501
-0.08973310
0.02631557
-0.04620174
-0.01743946
-0.01895884
-0.02644181
-0.05412934
0.02101048
0.00706978
0.01595001
-0.01655030
0.01167367
-0.00256599
-0.05369935
0.00936062
-0.02380221
0.00400080
-0.00061807
-0.01681900
-0.03445143
-0.01407685
-0.03360535
-0.05240014
0.02906909
-0.01852687
0.04538229
-0.05198165
-0.01518391
-0.01000772
0.10216706
0.07777531
-0.02961684
0.01108744
0.03343595
0.03536967
0.00879310
-0.04545100
0.00420462
0.06325551
0.00740976
-0.00057137
-0.01617143
0.09928707
0.05799701
0.00567549
0.06424701
-0.00203555
-0.02249047
-0.01297417
-0.03149206
0.02539228
-0.00499985
0.04208908
0.02611455
0.05011874
-0.02818285
-0.01314458
-0.04131795
0.05246085
0.02284464
-0.02265301
-0.01880816
-0.00625885
0.01116791
-0.04500106
-0.04327585
-0.04375442
0.04938711
0.01199134
-0.02461712
-0.00295112
0.00854327
-0.01797527
0.03688682
-0.03102709
0.02500278
-0.06053959
-0.12524575
-0.07817377
-0.00305124
-0.03038221
-0.03617400
-0.02183256
0.02079082
-0.04875573
-0.01630147
-0.02097957
-0.02323001
0.02491601
0.03826281
-0.07137117
-0.05284926
-0.03257354
-0.03951863
0.03794730
-0.04357319
-0.00393792
0.01636934
0.01019678
-0.05330822
-0.03102916
-0.05333960
-0.05829969
0.02464907
0.01064970
0.02751612
0.02888109
0.02324251
-0.00815257
0.08196113
0.06858882
-0.03883915
0.05282211
-0.03372872
0.00181995
-0.04494640
-0.00516401
-0.02258485
0.07259785
-0.02286415
-0.05013007
0.00928900
0.09161471
0.04148089
0.04748740
0.00992705
-0.02908105
0.04675987
-0.02748064
0.04323780
0.04038221
-0.02839168
0.03464869
-0.00184828
0.02171587
-0.03857398
-0.04744934
-0.02680215
0.03269675
-0.01545746
-0.02618551
0.00137479
-0.00272723
-0.02932038
0.02055020
0.03351132
-0.00914836
0.02319564
-0.03352112
-0.00058315
-0.01583993
0.02029279
-0.03164538
-0.00268709
-0.01085276
-0.01173085
0.04379752
-0.05159122
-0.01565826
-0.05142676
0.03642862
-0.03374457
0.01045003
0.03648734
0.01524701
0.01053288
-0.05611959
0.01209466
-0.02326261
-0.03302315
-0.06849761
-0.03219373
-0.02488100
0.05359366
-0.01878888
-0.00951029
0.06924616
-0.03380227
0.01211847
0.02765635
0.04637579
-0.00149920
-0.01148492
-0.01818916
0.01936024
-0.04799137
-0.00141684
0.00990777
-0.01486076
0.03329398
0.04111359
-0.03260181
0.05479840
0.01154720
0.02833318
0.03268590
-0.02235428
0.01000113
0.05894246
-0.03974204
-0.02420099
-0.02850970
0.06483863
0.00831125
-0.00930422
-0.04795933
-0.01846163
-0.01433042
0.00050704
0.04341131
-0.04700587
0.02450090
0.03799807
0.02504158
0.02567991
-0.01655041
0.00018262
-0.01559806
-0.05387596
0.01820635
0.01228887
-0.04842547
-0.02115301
0.00237457
0.03503339
-0.01179474
-0.01200788
-0.01782796
0.04939219
-0.04441455
-0.02936221
0.04350127
-0.00329246
-0.04940758
-0.00789386
0.02208835
-0.04050102
-0.04042526
-0.01530731
0.03939185
-0.05389516
-0.00344815
-0.02188400
-0.03729364
0.02313035
0.02302077
0.00654272
0.02248026
0.01591267
0.03183940
-0.00257763
-0.01909113
-0.03745667
-0.00421084
-0.03478189
-0.03161836
0.03605173
0.03384773
-0.02348640
-0.00892988
-0.00816225
0.01189747
-0.03670847
0.03006577
-0.04906147
-0.00781241
0.02896173
0.00516373
-0.00141675
0.07087165
0.01625317
0.03785256
0.05438225
-0.02048635
0.00433759
-0.00379724
0.04271575
0.00017304
0.01169930
-0.00418838
-0.02108248
0.00213369
-0.01164560
0.02814898
0.01768393
-0.00242426
-0.06318096
-0.04432674
-0.02360133
-0.01874283
-0.01953820
-0.02604676
0.01270196
-0.03668631
0.04616010
0.01805492
-0.03366183
-0.05225173
-0.03235062
-0.00430201
-0.02678204
-0.10044240
-0.01622149
0.03124661
-0.01841379
0.03409289
-0.01704249
-0.03754640
0.03953992
0.00708341
-0.01457039
-0.05340654
0.01296901
-0.04629092
-0.00469930
-0.07333155
0.01654445
0.07020362
0.02572358
0.00704082
-0.02711188
-0.04022840
-0.01024396
0.00904841
0.01013065
-0.03613449
0.00021441
-0.00521614
-0.00088617
-0.03679757
0.03942976
0.01342128
-0.03468815
0.11226258
0.09609169
0.06012857
0.08329547
-0.01953604
0.03663607
0.01483287
0.04333168
-0.03288321
-0.00155270
0.02344924
-0.03331899
0.02511086
0.02819804
0.07436552
-0.02759768
0.06118568
0.03630283
0.03132178
0.03184522
-0.03399895
-0.01213475
0.05967143
-0.01576698
0.02165032
0.06225732
0.03776131
0.02523701
-0.00552271
0.05946521
0.05042930
-0.02232864
-0.01516395
0.03956394
-0.02967246
0.05134138
0.02655540
0.04822933
0.04349132
0.04267374
0.03679102
0.03632557
-0.00357466
-0.02839504
-0.02166103
-0.00777922
0.03905574
0.01278911
-0.02097769
-0.05898450
-0.03266420
-0.02315427
-0.03294031
0.01407354
-0.00553959
0.03739039
0.04439196
0.03324394
0.04370039
-0.03031881
0.01629846
-0.05632148
-0.04464177
-0.05434515
-0.06403695
0.00758727
-0.00749960
-0.07218163
0.01489879
0.01500814
-0.06198327
0.00316345
0.00319493
-0.03422162
0.00346053
-0.01819110
-0.00142088
-0.05427467
0.01684855
-0.03036014
0.04209391
0.00313481
-0.03536270
0.01726101
0.01036984
0.03276231
0.01128019
0.00064839
0.02734638
0.04923666
-0.00646910
0.05477665
-0.04700183
0.03772478
0.03601834
0.04663631
0.03410294
0.06534886
-0.02044705
0.03100947
0.01462716
-0.03425712
0.03189490
0.04550985
0.01313466
0.05614294
0.02314072
0.00514807
-0.03763685
0.01200206
0.06842708
0.03467089
0.08113867
0.03899585
0.03535295
-0.02188135
0.00938214
0.05273909
0.03927330
-0.04106311
0.02925642
0.02528112
0.03148719
-0.02343936
0.03629782
0.02021921
0.03809515
0.06430304
0.04955040
0.01144782
0.03772232
-0.01455781
0.04547920
0.04594850
-0.00514466
0.03580334
-0.04431038
0.01975732
-0.02950028
0.04313506
-0.04954373
-0.01127161
0.02667929
0.03438982
-0.07628576
-0.08005144
0.01696718
-0.03853556
-0.03236596
0.00365714
-0.06070527
0.03857220
-0.01073229
0.02090853
-0.01544361
-0.04602041
0.04000635
-0.09078415
-0.05353824
0.01585223
-0.11135945
-0.04908657
0.02723406
-0.04111038
0.03986854
0.01156817
-0.05923202
0.02230805
-0.05015524
0.01561579
0.00955759
0.00414260
-0.00752779
-0.00186212
-0.01527054
-0.05629031
-0.03430025
0.02674206
-0.02767981
-0.05247638
-0.03028531
0.03421072
-0.01336659
-0.04352663
-0.03585340
-0.01932039
0.02171747
0.03842483
-0.03622485
0.01421696
-0.02978234
0.00628418
0.05325236
-0.01167234
-0.01208298
0.04202783
-0.04775158
-0.02853286
0.02932844
0.01833366
0.03013599
0.01338623
-0.01123301
-0.01981628
0.03955775
0.02079624
-0.00792572
0.00429606
-0.04426133
0.04263118
-0.02554368
0.01967192
0.03038756
0.01643588
-0.04074638
0.00433732
0.05096819
0.00295829
-0.03691851
-0.00682135
-0.02801429
-0.03889544
0.04765650
-0.01581336
-0.01958344
-0.03940371
-0.04985062
0.00810859
0.02658748
0.03855379
0.01219692
-0.00412756
-0.04107676
-0.02458980
-0.01188111
-0.00796174
0.04689420
-0.06248155
-0.05868002
-0.02703693
-0.09688590
-0.01702371
-0.00940581
-0.00669878
0.01310633
-0.04115342
-0.03680214
-0.04161600
-0.03373383
0.00736401
-0.03062021
-0.03911552
-0.00339610
-0.04100792
-0.06970340
0.01138060
-0.03986958
-0.02917626
0.00391357
-0.02515169
-0.03371563
-0.02897847
-0.00754588
-0.04307018
0.00415348
-0.05854265
0.04533599
0.01879536
-0.00915427
0.00824047
-0.06068214
-0.00990680
0.01088589
-0.03403258
0.02220749
-0.00481971
-0.04360560
-0.01353254
0.04756093
0.03748418
-0.00254945
0.04370487
0.00778085
-0.04918668
-0.01760373
0.03363118
-0.02284164
0.02354209
0.05846477
0.00726440
-0.03075614
0.02733133
-0.03434886
-0.04924666
0.04336658
-0.05092891
-0.02639260
-0.03781932
-0.00149626
0.03896758
0.04190866
0.02795199
0.00413206
-0.03433300
-0.03614684
-0.00312388
-0.03300256
-0.05617461
-0.03385978
-0.05049630
-0.06880322
0.04336329
-0.03572741
-0.01678669
-0.03532546
-0.00568084
-0.01110403
0.00235301
-0.05267771
-0.00870327
-0.08717151
-0.00494169
0.03022106
-0.04992900
0.01452137
-0.04721943
-0.05876441
0.01195343
0.03301335
-0.01541421
0.00895288
-0.01561471
-0.04001392
-0.04636183
-0.00542492
-0.04831650
-0.15410697
-0.09046293
-0.05510696
-0.00013391
-0.03842667
-0.01944876
0.00834020
-0.03781724
-0.04564788
-0.07401431
0.01237110
0.00319212
-0.00118089
-0.07081171
-0.07862245
-0.04537896
-0.00718784
-0.01840996
-0.00329196
0.00953282
0.02030325
-0.00297175
-0.04656504
-0.00889982
-0.03813050
-0.05215292
0.01335047
-0.00226349
0.04579166
-0.02633624
-0.05751909
-0.04579765
0.06900918
0.00085602
-0.04282922
0.04611834
-0.00348572
0.03465017
0.05224499
-0.04157163
-0.01891430
-0.02638687
0.01283460
-0.03284973
-0.04719846
0.06662576
0.04359107
0.01099635
-0.11609046
-0.01939348
-0.01631457
-0.01963001
0.00382251
-0.01283881
0.00843107
0.00990968
0.03731719
0.01523042
-0.03982482
0.01479916
-0.00092907
-0.06673276
-0.06885511
-0.07141134
-0.08610998
-0.05520875
-0.03184794
0.01970297
-0.02530438
-0.02133834
0.02437108
-0.04545729
-0.04764146
-0.00278295
0.03284723
-0.03086886
-0.03693010
-0.03148846
-0.06700504
-0.00355031
0.03278574
0.06748338
0.01797757
0.05675824
-0.01070210
0.05249154
0.03964699
0.02999968
0.01033253
-0.04865019
0.01883796
-0.05265860
-0.01473945
0.02571379
-0.03621656
0.00235637
0.11141922
0.06556785
-0.01577924
0.08955920
-0.00225623
0.02844298
0.01955725
-0.00941251
0.00338587
0.07737748
-0.01013503
0.01769879
-0.01242959
0.01108470
0.04370297
0.05903654
0.09470813
0.01046869
0.05005166
0.02554594
-0.01210826
0.01210891
-0.00164185
-0.03009185
-0.02928455
0.02359755
-0.01745464
-0.03264169
0.01634469
0.04678046
0.05784340
0.05526727
0.04310140
-0.03489812
0.02374163
0.04926512
0.01666987
-0.00156047
0.03629693
-0.00156986
0.00411886
-0.05100176
0.04688470
0.00332071
-0.04958571
0.01792757
-0.02321964
0.02359160
0.03284649
-0.00113837
-0.04274815
0.03491406
0.04500004
0.05092523
0.01840411
0.01597964
0.01061570
-0.03395146
-0.00991110
0.00963145
0.03139058
0.04074674
-0.03203462
-0.00076813
0.05006726
0.04176483
0.05146274
0.02491544
0.03963279
-0.02093467
-0.00459618
-0.02011831
0.04522819
0.03802351
0.02657156
0.04872762
-0.04793010
0.09092368
0.07856419
0.06346057
0.11643186
-0.00724216
-0.00039449
-0.03533395
0.00543544
-0.04405483
-0.02090968
0.02393761
-0.01818312
-0.00806136
-0.04070441
-0.00431799
0.03357224
0.02756251
0.05258649
0.02134287
-0.00774148
-0.00535898
-0.02093871
-0.04007228
-0.02203652
-0.03583317
-0.02540415
-0.04199035
-0.03078477
0.01018530
-0.03887762
0.00297406
-0.00527399
-0.04318788
0.03100651
-0.00468306
-0.02959971
0.02468911
-0.01251014
0.00887233
0.03175138
0.04480250
-0.03061865
0.01628319
0.02353403
0.01294016
-0.04775938
-0.02165347
0.04713154
0.01266197
-0.01901982
-0.03948324
0.03906913
0.02144257
-0.01134713
0.03201886
-0.03999265
0.03332357
-0.00019215
-0.03463994
-0.04385320
-0.02557722
-0.02013831
0.03821883
-0.03754052
0.04567797
0.04941759
0.02420618
-0.05135766
-0.05375300
0.02319057
0.03599000
0.03460115
-0.03513258
0.00903048
-0.03965462
-0.00343051
-0.01325006
0.01039222
0.04583249
0.02946076
0.03353197
0.02424032
0.02799023
-0.00791151
-0.01825840
-0.01615182
0.02512752
-0.02153857
0.02723969
-0.02564549
-0.03069354
-0.03254566
-0.00915160
-0.03677434
0.04555500
-0.02719178
-0.05299050
-0.04730576
-0.04384866
-0.12288804
-0.01766717
-0.03072915
-0.00320916
0.03562600
0.00289765
-0.00618571
0.00950618
0.00312712
-0.04597897
0.01714350
0.00250880
0.02724983
-0.05335157
-0.07540169
-0.00759889
0.02491286
0.01246150
0.03624798
0.04217492
-0.00084944
0.01793304
0.03455488
-0.02541470
-0.00417762
0.03471113
-0.04658157
-0.03622234
0.01448422
0.00087599
0.01108735
0.02289294
0.00231831
0.04945054
0.04341947
0.03398247
0.02784665
-0.01736823
-0.03068031
-0.03722269
-0.01476563
0.04724327
-0.02638614
-0.03224490
-0.02975115
-0.03783724
-0.00079361
-0.03855897
0.01525253
0.03123333
0.02914618
-0.04398520
0.01687277
-0.02747109
-0.00475663
0.02264452
-0.02030920
-0.05148717
0.01970269
0.03643546
-0.04228158
0.01528816
-0.05387433
0.01901205
-0.03332079
-0.00100197
-0.04292904
0.01828725
0.01692154
0.00508812
-0.00828111
0.01600459
0.04923023
0.02686030
-0.00566322
0.01786905
-0.02082333
-0.00977938
-0.04004480
0.02500116
0.00773557
-0.00073907
-0.01227332
0.00169400
0.04501374
-0.00522808
0.01861039
-0.01266950
-0.04559439
0.01122954
0.02225504
-0.00947419
-0.02703828
-0.02390253
-0.01196759
-0.00138176
0.00152515
-0.03797886
-0.01095629
0.00216396
0.03672970
-0.01949596
-0.02250535
0.01172693
0.00356945
0.01550884
-0.01362821
-0.03627037
-0.05121763
-0.04606562
-0.03997826
0.01608135
-0.11890105
-0.06468636
0.02788001
-0.04589728
-0.00576568
-0.05157489
-0.06680554
0.03110851
0.01797199
-0.03262723
-0.02373910
0.01272044
0.04114913
-0.03898663
-0.08159281
0.00581228
-0.13702348
-0.05521610
-0.02055558
-0.08783437
0.03206958
-0.03486048
0.01277034
-0.04852674
-0.05770169
-0.07615371
-0.02278425
-0.02707361
0.01210985
-0.06337419
-0.08517272
-0.06050142
-0.06789202
-0.01294093
0.02513946
0.01393526
-0.04894242
-0.04421904
-0.00234760
-0.03666158
-0.00279395
-0.04750076
0.01963378
0.03618501
-0.00567516
0.00442160
-0.01619270
0.02609077
0.04650451
-0.03968713
-0.03662229
0.01797530
0.02222947
-0.04978356
-0.05515826
-0.00606476
-0.01483326
-0.00117988
-0.02118131
-0.01552081
-0.05115293
0.03496306
0.05122407
-0.02816159
0.00568807
-0.03086414
0.02209657
-0.01332482
0.00748869
0.00710671
0.03130591
0.01189268
-0.02062603
-0.05147503
-0.02767673
-0.00039700
-0.04568356
-0.00028653
0.00000086
-0.00185912
-0.09267796
-0.10154762
-0.04655858
-0.00976025
-0.00162774
-0.05160088
-0.05607644
-0.02347248
-0.00099221
-0.05356169
-0.03643262
-0.04342644
0.00607173
-0.04043982
-0.01492232
-0.07273481
-0.11163931
-0.08144210
-0.04804194
-0.05590845
-0.03452742
-0.03491993
-0.04107716
0.01999118
0.01484788
-0.03451928
0.00728710
0.03022496
0.02301818
-0.04124013
-0.03090720
0.01099188
-0.14391699
-0.07782722
0.02753891
-0.02743322
0.03923853
0.00434785
-0.01397921
-0.04720158
-0.01516498
-0.01599375
0.01843883
0.02048050
0.01161723
0.00148083
-0.08758559
-0.06743233
-0.02965586
-0.08552784
0.03097133
-0.01094476
0.01094453
0.00155505
0.03275565
0.00043057
-0.01649420
0.00219452
0.01142689
0.04324024
0.03229962
-0.08111788
-0.07189436
-0.02746865
0.15473740
0.09195906
0.06035475
0.05445204
0.01293326
0.01065765
0.03845609
0.00392265
0.02967565
0.07261034
0.02247806
0.02345002
0.04075303
0.09304728
0.08655413
0.02971836
0.08791108
0.10044169
0.01431136
0.09556861
0.00351062
0.01835406
0.12332044
-0.01450926
0.01711892
-0.01524412
0.04471070
0.04730719
0.02465386
0.06243871
-0.00479758
0.03394950
0.10898118
0.06985078
0.01889685
0.02052889
-0.02154715
0.02541005
0.07642993
-0.03938067
0.00701215
0.06583340
0.01662502
0.00091646
0.03397108
0.04130477
-0.00012983
-0.00830301
0.00352432
-0.02193731
0.01206335
0.01309299
0.01551994
-0.01003605
0.07790311
-0.00626181
0.01885665
-0.02055942
0.04248609
-0.01862604
-0.02139176
-0.02908465
0.01172786
0.02556258
-0.06897562
-0.05409774
-0.01937424
0.03563581
0.00205953
-0.02283257
-0.04536766
0.04820691
0.01970261
-0.01561132
-0.00642031
0.01212877
-0.03519861
0.01725939
0.03312012
-0.05340515
0.09821991
0.05017848
0.02228745
0.05891072
-0.03906872
0.04372154
0.03696887
-0.00006567
0.04556226
0.05398183
0.01300884
0.01304626
-0.03003502
0.06797802
0.06916372
0.05963837
0.17205723
0.09382154
0.01427948
-0.02028630
0.04564625
-0.04175789
-0.01049147
-0.03651726
-0.00427977
-0.00480260
-0.02022966
-0.02961271
-0.01358331
0.04747755
0.10819558
0.03909333
0.17109898
0.11389431
0.02242889
0.00886919
-0.02889870
-0.03578327
-0.00877251
0.01429778
-0.01244218
0.01594419
0.02254401
0.01939995
0.01212994
0.02282987
0.05263153
0.10478646
0.04367191
0.05789680
-0.01635150
0.02544422
-0.00539920
0.01801468
-0.00583183
0.01868241
0.03914875
0.02970955
0.00136454
0.02247544
-0.04450330
0.06906371
0.05543582
0.02836899
0.01642705
-0.04008567
-0.04471473
0.00114350
-0.00998736
-0.02179295
-0.01769120
-0.01178763
0.01511898
0.02671280
0.04932631
0.00088626
-0.01270655
0.02999442
0.04866910
0.03003980
-0.15728997
-0.10946974
-0.03158973
-0.05985111
0.04190191
0.01315521
-0.08826584
-0.04906058
0.03069706
0.00538235
-0.02641056
-0.03219789
-0.04239796
-0.11224762
-0.08679266
-0.00246451
-0.11588236
-0.07393615
-0.00101428
-0.04168886
-0.01605790
0.01364605
-0.04269125
0.01429686
-0.00586235
-0.07520612
-0.03335677
-0.01211646
-0.01234874
-0.06466445
-0.02559651
-0.01376730
-0.09155338
-0.03634543
-0.00550085
-0.02973646
-0.01331230
0.03594344
-0.01406698
-0.00617607
0.02142074
-0.01985474
-0.04659348
0.00840449
0.03352043
-0.05329850
-0.03615715
0.01982079
0.02474744
0.00231099
-0.01412370
0.03296755
0.01542846
-0.00472625
-0.04608941
0.01307925
-0.03675745
-0.04902736
0.01501373
-0.02927335
0.02918723
0.01836919
-0.02237680
0.01873811
-0.00838499
0.01586828
0.00041158
-0.03833127
-0.03989537
-0.01974865
-0.00351970
-0.01157168
0.02662806
-0.02415730
-0.00866787
0.01118604
0.03350810
-0.00314516
0.01463077
0.03805247
0.00453542
0.01793750
-0.01282740
0.02834069
0.05092332
-0.02572135
-0.01758994
-0.01290004
-0.02881926
-0.00715208
-0.01531265
-0.02333929
0.00091698
-0.00389548
0.00904965
0.00670176
-0.07290518
0.01926243
-0.00214906
-0.04739976
0.02282737
-0.03434759
-0.02982111
0.01499603
0.04314744
-0.02521468
-0.04474233
-0.03164336
0.03446008
0.00204719
0.01357592
0.02894908
-0.08159333
-0.08772089
-0.02767187
-0.07508538
-0.03384875
0.02119364
-0.02677975
0.03036301
-0.03113861
-0.06740988
0.03000128
0.03046174
-0.00385395
-0.01551554
-0.06229976
-0.03160783
-0.09754978
-0.07409567
-0.00284019
-0.06063178
-0.04337761
0.01053487
-0.07466904
-0.00417342
-0.01634130
0.01054283
0.01963987
0.01149655
-0.02689222
-0.11134695
-0.03595877
-0.00893420
-0.15660702
-0.08203400
0.03276162
-0.05756144
-0.00320313
-0.04416215
-0.01675960
-0.00013669
0.02734310
0.00731749
-0.03027591
-0.03684034
-0.00026832
-0.09274960
-0.07230511
-0.05888486
0.05305704
0.08311415
-0.03570805
0.04552596
0.01908996
0.04650982
-0.02782559
-0.02948086
0.00318301
0.06239092
0.01819034
-0.02380911
-0.05550259
0.06095264
-0.01629580
0.03036010
0.07028208
0.09005352
0.00044118
0.02562573
-0.03887884
0.00719321
0.07199960
0.00268528
-0.00899736
0.04219599
0.01393192
0.02718556
-0.00871346
0.05555609
0.07636429
0.00099499
-0.00047329
-0.01739437
-0.04763983
0.00223824
0.00337671
-0.02312126
0.03564106
-0.03551989
0.03142456
0.02873950
-0.00459179
0.03141658
-0.04175348
0.02667365
0.01792903
-0.00148747
-0.00378343
-0.01703458
-0.01751715
-0.04033164
0.01934543
0.00331464
-0.02196621
-0.01274201
0.01332020
0.01873876
0.03876024
-0.02432895
-0.05126750
0.02963294
-0.05942502
-0.05819858
-0.07869192
-0.01328667
0.01909190
0.01952289
0.01385250
-0.04593217
0.00899911
-0.01153760
-0.04514809
-0.00355031
-0.04047458
-0.00660054
0.02842852
-0.02466025
-0.06896333
-0.03476634
0.02563191
0.03407482
-0.02536769
0.04614675
0.04181812
0.01825845
-0.00038743
0.01794495
-0.01788986
-0.01670488
0.04298443
-0.02335942
-0.02030924
0.07542919
0.02768419
0.05812134
0.05913332
0.00511253
0.00515403
-0.03143967
-0.03790542
-0.02571499
-0.01556377
0.02996374
0.04652635
0.01579731
-0.03987029
0.02753893
0.04186984
-0.01335596
0.06751285
0.05847800
0.09033820
0.04707560
0.05176281
0.04813728
-0.03890061
0.02904458
-0.01331089
0.01065513
0.00523892
-0.02464586
0.02611209
0.00069230
-0.01630180
-0.01415502
0.04168258
0.00481933
0.12406975
0.09770449
-0.00042275
0.08135351
0.04733929
0.02137269
-0.00315044
-0.03213954
-0.02161155
0.05780246
0.06410351
0.00687703
0.01906192
0.09229353
0.07617697
0.06249792
-0.01380186
0.00194112
0.00290326
0.03291168
-0.04498224
-0.03946231
0.05966905
0.03797969
-0.00323088
0.01045336
-0.02078933
-0.04902999
0.00076133
-0.03339222
-0.02491536
-0.04524901
-0.00944694
0.04143206
0.01294587
0.04783941
-0.04961007
-0.01023309
-0.04676576
0.02344710
0.00225800
0.02597730
0.04585233
0.01846268
-0.03119607
0.01868629
0.04561451
0.00927722
0.01890311
-0.01920846
0.00343392
-0.06109808
0.04083226
0.04714979
-0.04659637
-0.01582716
0.02180795
-0.03399891
0.01044984
0.03401677
0.00935477
-0.05981934
0.00751784
-0.02231356
-0.02994191
0.00338863
-0.02088276
0.04820528
-0.03719056
-0.05023537
0.02013591
-0.00774314
-0.03366156
0.01969939
-0.01862706
-0.03866141
0.03263814
0.02621343
0.00197039
-0.01490545
0.12247750
0.00382626
0.05090687
0.01964346
-0.04606692
-0.04442495
0.04697467
0.03153300
-0.02097869
0.00388734
-0.03053906
-0.00176190
-0.03385015
0.09181199
0.01032515
-0.01103327
0.00096560
0.00007267
-0.04634728
0.04063414
-0.00905980
-0.03107219
0.01589460
-0.02080208
-0.04374793
0.04116445
0.00170869
0.03594531
-0.00459953
-0.03926866
0.00521207
0.02864999
-0.04304296
-0.04714676
-0.04853662
-0.02647001
0.00250059
0.01844727
0.00916137
-0.04368306
-0.00288019
-0.02192236
-0.03462602
-0.00289118
0.04057594
-0.06968177
-0.01352848
-0.05403874
-0.02683968
-0.04125585
-0.02435729
-0.00687600
-0.03310774
0.03768145
0.01542825
-0.04727069
-0.00554861
-0.00969310
0.01333722
0.01579310
0.03845587
-0.03612078
0.01770275
0.02101782
-0.05476794
-0.00584104
0.01587739
-0.04863680
-0.04991256
0.02478134
-0.04494822
0.01392861
-0.00516158
0.00162908
-0.00494656
-0.00227919
-0.05155820
0.00234057
-0.06105953
-0.03047598
-0.03094903
0.00549467
0.01199252
-0.02975355
0.02290599
-0.04844395
0.03451588
0.04475222
0.02788701
0.02166682
-0.03725661
-0.02250852
-0.03065383
-0.04427301
0.01144054
0.05001762
0.02941460
0.00005968
0.03121155
-0.02401167
-0.00122170
-0.00418371
-0.02787358
-0.03246455
-0.02816564
-0.03189855
-0.03401553
-0.01252395
-0.04156686
-0.00889014
0.02147150
-0.02421316
0.02426821
-0.00215261
0.02492227
-0.01005597
0.04113532
-0.02836671
-0.00893995
0.00136790
0.02263072
-0.00075128
-0.01598943
-0.02833382
0.03859981
0.04588995
-0.03202265
0.02784901
0.01664853
-0.02818701
0.01209025
0.03446269
0.00275142
0.04722395
0.03598930
0.02631801
0.04480146
0.03762768
-0.01845709
-0.02775696
-0.00132604
-0.02450553
0.04846936
-0.03030960
-0.03466627
-0.03036743
-0.01822731
-0.02440844
0.03836253
-0.03996975
-0.04752446
0.00565277
-0.00310243
0.03929188
0.02128339
-0.00650504
0.02983480
-0.04916202
-0.05350645
-0.02085666
0.01183374
-0.04825769
-0.03282700
0.01136776
-0.00754096
0.01599523
0.01285950
-0.04131138
-0.05157127
-0.03994250
-0.00621002
0.01031624
0.02843191
-0.01948478
-0.01485884
0.02780967
0.00915875
-0.01108573
-0.04951509
-0.04611973
0.04778558
-0.02198980
-0.04910420
0.01665160
-0.04183654
-0.01108372
-0.00597343
0.02359384
0.00124085
-0.01396055
0.00828979
-0.02441179
0.02587241
0.02362178
0.02498494
-0.03425444
-0.00235966
0.01280453
-0.04610405
0.00678267
0.05181480
0.00301689
0.02823946
0.04566525
-0.00154366
0.01401811
0.01310756
0.00565500
0.00822945
-0.03349422
-0.00274831
-0.00264435
-0.01675268
0.02083354
-0.01792072
-0.00120507
-0.00315280
0.02918415
-0.04897264
0.03350822
0.03268927
-0.03347959
-0.02299288
-0.00937001
-0.06727864
0.01765617
0.03145733
0.03656064
-0.04315271
-0.02867838
-0.05381205
0.02961279
-0.05020985
0.00070338
0.01795246
-0.03823825
0.01116506
-0.03978911
-0.01804815
0.01370089
0.00329833
0.00151266
-0.03272745
-0.04464371
-0.00121875
-0.03691186
0.00320195
0.00676841
0.02971472
0.00735189
-0.01331347
0.04529894
-0.02834668
-0.01395155
0.02206659
0.04481803
-0.00071181
0.00819079
-0.01333809
0.04375157
0.02075064
-0.04566342
0.04467895
-0.02910307
0.02788731
0.04980896
-0.04764629
-0.04197310
-0.00967758
-0.02058890
0.03826747
-0.01038970
-0.01272522
0.03898614
-0.02706643
0.03651142
-0.03481208
0.03190924
0.01759829
0.00677010
0.04071660
0.00731581
0.03194321
0.04199624
0.01819589
0.06311682
0.01772943
0.01018095
-0.03327415
0.01638390
-0.00435017
-0.01104936
0.02818145
-0.01222187
-0.04486074
-0.00383445
-0.04106304
-0.04870041
-0.04962160
0.01391734
0.04457894
0.00521451
-0.04807281
-0.03946531
-0.00626500
-0.05540379
-0.00355427
-0.01567716
0.01312949
-0.04631155
0.01631835
-0.02007988
0.02998292
-0.01884809
0.04293058
0.00382449
0.00012686
-0.05415945
0.00755361
-0.01574720
-0.05255764
0.03676840
0.04718398
0.04370099
-0.05007587
-0.03167583
-0.05227111
0.00490141
-0.00553377
-0.03224986
-0.01633850
-0.04743386
-0.00724077
0.02649143
0.03236862
0.02323887
-0.02002035
-0.02404089
-0.02942283
-0.00317081
0.00173935
-0.01690972
-0.03627595
-0.01323366
-0.01558627
-0.03216467
-0.04786036
0.04576808
0.00371416
-0.05010610
0.03090931
0.01512737
0.00435549
0.04308710
-0.02317591
-0.02762642
0.04222342
-0.01145264
0.02504957
0.04106865
0.04486060
-0.00149675
0.01880936
0.02143996
0.01474873
-0.00348252
-0.00927764
-0.01255333
-0.04827470
0.03438012
0.01771758
-0.03365809
0.04729892
0.04822465
0.01835658
-0.03319748
-0.01178026
-0.00124144
-0.03716838
0.03590318
-0.01977764
0.02597640
0.01603135
0.03185817
0.01007521
0.01945960
-0.00128129
-0.02304052
0.00444534
-0.03654192
-0.01715274
-0.01167812
-0.03807518
-0.05647777
0.00312525
0.02093527
0.02818376
-0.03063709
0.00621035
-0.04006663
-0.04694140
-0.02047544
0.03787598
-0.01091103
0.00039453
-0.00523093
0.01838352
-0.03031354
-0.03951874
-0.02864763
0.03447831
0.00910154
-0.03060222
0.00147875
0.03088346
0.03812909
0.03334314
-0.04614772
-0.00406079
0.04654590
-0.01297781
-0.00941727
-0.03592060
-0.02410501
0.01216768
0.04946122
0.01480872
0.00726129
0.01230362
-0.02827999
-0.03996783
0.03558423
0.01548385
0.04817122
0.02589801
0.02012271
-0.01921805
-0.03412153
-0.00403552
0.01642025
-0.01811065
0.01682150
0.01575507
-0.04631514
-0.01838794
0.05946702
0.05139596
0.01374018
-0.05943111
-0.02390544
-0.04321378
0.03021848
0.00068402
-0.02603448
0.01775686
-0.00925793
-0.04218549
0.02543526
0.00439186
0.00291329
-0.03783439
0.00778467
-0.00487032
0.04028933
-0.04109966
0.00754251
-0.03966054
0.02048943
-0.04047381
-0.01620404
-0.05169398
-0.00215211
-0.02659201
-0.04682017
-0.02283561
0.04542664
-0.04043498
-0.02885688
-0.05830329
0.01876766
-0.04121346
0.03313819
-0.01191776
-0.04573993
-0.00589515
-0.04124703
-0.01807815
-0.01430408
-0.03088878
0.04708239
0.01368698
0.02008471
-0.02958296
-0.03953791
-0.01618702
-0.01879865
-0.03784839
-0.01324225
-0.00062610
-0.04303171
0.00215208
-0.03440155
-0.03594064
-0.02320415
-0.02436057
-0.00818279
0.04888417
-0.02110552
0.04302567
0.02555499
-0.03943349
0.02816477
-0.05365622
0.02028569
0.02137685
0.02584362
0.00805968
-0.03374279
-0.00056299
0.04725719
0.04292195
0.02303064
0.00109298
-0.02993338
-0.03140423
-0.06629542
0.01034104
0.01829649
0.01960964
-0.00250618
0.02843478
0.03141930
-0.02900756
-0.03822886
0.02234563
-0.04953446
-0.02889098
-0.00345433
0.01609931
0.00123644
-0.04191426
0.01286632
0.01169179
-0.02837104
0.01272217
-0.00229191
-0.00603865
-0.04095430
-0.03091728
0.02895237
-0.01178607
0.03967582
0.00709493
-0.02948474
-0.01613403
-0.02096414
0.01634674
0.02260897
0.01733586
-0.03272677
-0.08307883
0.00238381
-0.01725450
-0.01874490
-0.03651337
0.00494883
-0.07428462
0.04855870
-0.05587111
0.03057799
0.00258620
0.04831962
-0.04041911
-0.06177851
0.01356143
-0.05966508
-0.10119609
-0.06149463
-0.03795132
0.00464339
-0.03168925
0.02641215
-0.03002578
-0.03879220
-0.05074129
0.02817572
-0.05442326
0.01200663
-0.02283240
-0.05380704
-0.04513377
-0.05974246
-0.09495948
0.02431988
-0.03029581
0.00028203
-0.01821430
-0.01760707
-0.05740597
0.03442269
0.02554241
-0.06692350
0.03040394
0.04581532
-0.00170227
-0.00284151
-0.01962555
0.00678660
0.12219646
0.09205268
0.02807523
0.06869791
-0.00494443
-0.04328915
0.06530561
0.03025525
0.05586615
0.05599641
-0.02589107
0.00458643
-0.02187203
0.09294008
0.02865921
0.05913992
0.05659395
0.00116581
0.01831341
0.03498716
-0.02943189
0.01778672
0.03925177
-0.02042060
0.04423127
-0.00744219
-0.03465228
-0.01497274
-0.04346455
0.00247548
-0.01583405
0.03316494
-0.00142957
-0.04203021
-0.04369571
0.04501200
-0.02857601
0.00269937
0.01995884
-0.00101720
-0.00895050
-0.01146059
-0.00511908
-0.02465103
0.02599388
-0.00057521
-0.03749343
0.02570074
-0.04853721
0.00140487
0.04221587
0.04417616
0.01979586
-0.01129268
-0.03949915
-0.04733477
-0.04367702
-0.02772314
-0.03283972
0.00239869
-0.02359799
0.02819385
-0.00429064
0.02312298
-0.03584626
0.03670447
0.04566050
0.05269333
-0.01070643
0.02184799
0.01058107
0.02944079
-0.04565238
-0.05327622
0.00915305
0.02782191
-0.03605767
-0.04173569
0.01776180
-0.04857513
0.14028952
0.04199135
0.01664554
0.00451146
-0.03038877
0.01949750
-0.00865290
0.04785483
-0.01225798
0.05314893
0.05816093
-0.03450060
-0.00261460
0.03718781
0.02436383
0.01638283
0.06046354
0.04404395
-0.00555976
-0.02751392
-0.02047153
0.02381597
-0.04280580
-0.02063919
0.02507293
-0.02201720
0.02184902
-0.04187198
-0.00813878
-0.01737683
0.05023665
-0.04286093
0.02464068
-0.01331814
-0.01075684
-0.01486808
-0.02323105
0.04071633
-0.00367622
0.02923548
-0.01155160
0.05525862
0.00296998
-0.02963388
0.00787827
-0.01544805
-0.02432925
0.04703439
0.02519214
-0.04132891
0.02839020
-0.04339829
-0.03790691
-0.04848825
-0.01321100
-0.03937181
0.02337054
-0.02204950
0.03628564
0.01409135
-0.02808333
0.02228305
-0.02743624
0.01231903
0.03479629
-0.05169088
-0.03605263
-0.01922548
-0.03377213
-0.03970509
0.02272169
0.00813333
0.04023740
-0.01405176
0.03858921
-0.01369839
0.03482075
0.03152598
-0.02692520
-0.02034226
0.04923937
0.04032697
-0.02715890
0.00511654
-0.01989400
-0.03732342
-0.04516261
-0.03431453
-0.02237223
0.03927802
0.03729770
-0.00167768
0.03903897
0.04648624
-0.01069330
-0.00686566
-0.03474646
0.00636613
0.01301573
0.01341616
-0.00011418
-0.04931916
0.00540329
-0.03393140
-0.01691263
-0.05511883
0.03374239
0.03658150
0.01408417
0.01704691
0.03149929
0.01473576
0.07853836
0.02437011
-0.03920230
0.01895758
0.02155637
0.03246164
-0.01578368
0.01350693
0.04940308
0.03771706
0.03410628
0.01815150
0.03654370
-0.00903402
0.02042458
0.05314913
0.03858500
-0.04838163
0.02220296
0.00617194
-0.01031411
-0.03101786
-0.01563286
0.00036574
-0.03239593
0.01780357
-0.00386316
-0.01574403
0.04494358
-0.03718156
0.03749548
0.00128848
-0.01335804
-0.00083366
0.03289013
-0.02374738
0.00055370
-0.01200067
-0.01275739
0.02481559
0.00537517
-0.03077880
-0.04035616
0.03840602
0.01227057
-0.03263021
-0.01499515
-0.03834315
-0.07277908
-0.05810256
-0.03794388
-0.02635971
0.00834686
-0.00117813
-0.05014059
-0.00169751
0.01662832
-0.00260524
0.02288340
0.00506136
-0.00181753
-0.03328777
-0.03261640
-0.01702324
-0.08390336
-0.02431708
-0.00761422
0.01532167
-0.04809630
-0.00975222
0.02349459
-0.03786942
0.03552547
-0.01380887
0.03960586
-0.02206671
-0.02028323
-0.03627395
-0.06684880
-0.00073429
-0.03926834
0.03670097
0.00112594
-0.01729457
-0.04886965
0.03482980
-0.00093208
-0.04186482
0.02391393
0.01183883
-0.04964870
-0.01491226
0.04554258
0.03323159
0.00013796
0.04837294
0.02470423
-0.03533626
-0.03561362
0.01132712
-0.04944646
-0.02816318
-0.01528492
0.03591757
0.04409278
-0.03371287
-0.03126903
-0.01879952
0.03040500
-0.03850742
0.00206179
-0.02347261
0.11735955
0.01406297
-0.03561138
0.06618266
-0.04795512
0.02278954
0.05276326
0.00580678
0.02064159
0.04872030
0.05032683
-0.03208082
0.01599537
0.08141392
0.03491504
-0.00191898
0.08697027
0.05977738
-0.01148723
0.04024778
0.04299477
-0.02182253
-0.01008112
-0.04536010
-0.02129609
0.04488960
0.02488068
-0.03398491
-0.00805725
-0.00412750
0.04627211
0.01502334
0.01122618
-0.01010739
-0.04098011
-0.02823215
0.01731315
-0.04083814
0.04148291
-0.02281076
0.02716025
-0.03442072
0.02493937
-0.04352263
0.01156230
-0.03048504
0.00018228
-0.02560670
-0.01579739
0.03725591
0.03807041
-0.04635343
0.01683379
-0.00564418
-0.03267221
0.02674614
0.01394307
0.05253454
0.03856953
-0.02903966
0.04679151
-0.02204041
0.02111772
-0.01989680
0.00867849
-0.05084384
0.03107926
0.02900302
-0.04468774
-0.00063486
-0.04684649
0.02030719
-0.01683635
0.01022815
-0.03583959
-0.04911622
0.00233192
-0.01140400
0.04734306
-0.01490038
-0.02433755
-0.03895321
0.03753192
0.03795006
0.02652898
-0.02142719
-0.03493468
0.01055863
0.04293592
-0.02654529
0.02173285
0.02652516
-0.02592308
-0.02624838
0.03892706
-0.03363977
0.02123845
-0.04640797
-0.03919823
0.01064806
-0.01008663
0.04794482
0.02886681
0.02493599
-0.04542791
-0.02164064
0.05001055
-0.02510564
-0.04534937
0.02769144
0.02270627
0.04299033
0.02852513
0.00638573
-0.01545319
-0.00791881
-0.04736715
-0.00414424
0.01872580
-0.04266154
0.04772974
-0.04716081
0.03917579
0.02018987
-0.01913339
-0.03974581
-0.01563544
0.00182599
-0.02097872
-0.03489434
0.00592187
0.04847693
0.01436038
0.04495030
-0.01111058
-0.00811160
-0.02524429
0.04442456
-0.02159243
-0.00966937
-0.04089063
-0.03103991
-0.01114762
0.03768378
0.02748194
-0.01074855
0.02175613
0.00872524
-0.00559754
-0.02498927
-0.02569370
0.04984784
-0.02370791
0.01377628
0.00910079
-0.03700648
0.04176369
0.01205094
-0.02476872
-0.01290954
-0.07105552
-0.05321326
-0.01548999
-0.06131365
-0.00042171
0.02807588
-0.01597650
-0.02400772
-0.05430298
-0.01031835
-0.00410297
-0.01610747
0.04444727
-0.03378776
-0.06146255
0.00649894
-0.02272767
0.00804209
0.00300287
0.00011054
-0.01867548
0.02140079
-0.01658663
-0.01363955
-0.01466290
-0.05027809
-0.00675257
-0.02020555
0.00851299
-0.04633070
0.01221974
0.04778188
-0.00274471
-0.00542963
0.03882589
0.03018555
0.00608097
-0.01111347
0.01716492
-0.02836990
-0.04015078
0.00199596
-0.02683876
0.03789777
-0.00293629
0.03659759
0.03152608
0.01610626
-0.02541849
0.01510477
0.02584984
-0.02268965
-0.04621008
0.00224452
-0.04647730
0.01142300
0.01650278
0.00879340
0.05012253
-0.01010157
-0.03871844
0.00056620
-0.02601650
-0.01314076
-0.06639345
0.03722795
0.02760710
0.01932973
-0.01127396
0.04313875
-0.03092281
0.02246703
-0.03579568
-0.00624874
0.02720501
-0.04801652
-0.04539323
0.03290996
0.03136425
-0.01384281
-0.00564811
0.01134504
-0.05102042
0.01683163
0.02545546
0.00056227
-0.03189887
-0.03676799
-0.01089714
-0.02011711
-0.04304159
0.04104528
-0.04494143
0.00267850
-0.02676670
-0.00112894
-0.04694638
-0.05556718
0.04461191
-0.04179260
-0.02210956
-0.02168764
0.01798247
-0.01661206
0.01781885
0.03236963
0.02250199
-0.01210165
0.02256680
0.01410413
-0.03875555
0.01832103
-0.03719356
-0.01007201
0.00599789
-0.01897346
0.00845060
-0.02379084
-0.03805538
0.00728136
-0.02582629
-0.05024168
-0.03312698
-0.01085638
-0.02313635
-0.04082424
-0.00957474
-0.03510441
0.01099603
-0.03466140
-0.02372596
0.00519493
-0.01397044
0.00745299
0.00690695
0.04809211
-0.02757292
0.04294052
-0.02656993
-0.02211207
-0.03563865
0.04628370
-0.00162482
0.05019215
-0.03955278
-0.02290312
0.00243548
0.03937374
0.04136086
0.00155027
-0.03916975
-0.04048461
-0.04462540
-0.03825191
-0.02002607
-0.03307154
0.04878771
-0.01109903
0.03402604
0.00626191
0.03983369
0.04351180
-0.01034372
0.00976031
-0.04426184
0.02182628
0.03491184
-0.00180480
-0.03100559
0.01708709
0.03124667
0.03074274
-0.03475612
-0.01233302
-0.02445403
-0.00253729
-0.01348902
-0.02181379
0.03503089
0.04452607
-0.02096348
-0.01930040
0.03314219
0.04130366
-0.03989370
-0.01175056
-0.02917341
-0.02909975
-0.01860201
-0.02359816
-0.04822301
0.02048274
-0.04493900
-0.04810919
0.04694057
0.03808684
-0.04945363
-0.02172137
0.04159563
0.03329833
-0.01624839
0.01589766
-0.03358741
0.04908648
0.03090429
0.00329068
-0.02416122
-0.00612329
-0.04284544
-0.05952245
-0.01791760
0.00962866
0.01951216
0.04119292
0.04351716
0.02710819
0.00179080
0.04431714
0.01802164
-0.04496291
-0.03639961
-0.02473633
-0.03558548
0.00412848
-0.02462979
-0.00219292
0.03526426
-0.04903006
-0.01385566
-0.02753850
-0.00260625
-0.00680822
-0.03574482
-0.01830197
0.02273963
0.04487463
-0.03811898
0.03778058
-0.05764405
-0.03628010
-0.01753191
-0.00266496
-0.03478010
0.03590596
0.04862552
0.04661786
-0.00022085
-0.01066640
0.04862887
0.03099578
0.00997266
0.01779711
-0.00096092
0.03955380
-0.03024724
-0.03546106
0.06528312
0.01485735
-0.00516542
0.00714993
-0.04147888
-0.04271465
0.04406366
0.00849868
0.01319454
-0.00121430
0.00956546
0.00701692
0.02238179
0.05281673
0.00586760
-0.04039874
0.05096362
0.02660392
0.00795711
-0.03732976
0.01990276
-0.02256210
-0.01174876
-0.00145810
0.04449157
-0.02499850
-0.03210957
0.01780384
-0.03421262
0.01859489
0.04592610
0.00654927
0.02723732
-0.00796697
0.00909534
-0.01087342
0.02020520
0.02677103
0.03535117
-0.03353799
0.00929029
0.02103117
0.01471126
-0.00052074
0.04138347
0.00261817
-0.03688934
0.00099304
-0.02848017
-0.04486778
-0.03076365
0.00065638
0.02722239
-0.02653040
-0.03927583
-0.02621902
0.01448548
-0.04422090
0.02809341
0.02974794
0.03997580
-0.03092789
0.03889577
0.04993635
-0.02794161
-0.04105100
0.00153521
0.00623737
0.03097296
-0.04975797
0.00966642
-0.04413305
-0.00256928
0.00583186
-0.04213806
0.03822012
0.02498377
0.03805974
-0.01328407
0.02566828
-0.02313230
-0.00773325
0.03067229
-0.01016008
-0.02223716
-0.00292196
0.03977911
-0.02049653
0.04390005
-0.02165014
0.03746314
-0.02661573
0.00872640
0.04086298
-0.03439194
0.03773966
-0.06004230
-0.03564880
-0.02650956
-0.02940651
0.04303605
-0.04948777
0.04394226
-0.03409593
-0.02815496
-0.04213312
0.03070676
-0.01324715
-0.02231409
-0.01248239
-0.02100967
0.02440746
-0.01545702
-0.00079653
0.04936429
-0.00693081
-0.02304098
-0.04726682
-0.01123182
-0.00042323
-0.04830860
-0.00133793
0.01231145
-0.04426389
0.00013248
-0.03227802
-0.00744138
0.00334894
-0.04594228
0.02533973
-0.03230634
0.03379545
-0.01113438
-0.00471423
0.03913540
-0.04751563
-0.04437803
-0.03387086
0.00167325
-0.01870191
-0.00529931
-0.03668911
0.00560028
-0.04016850
0.00069848
-0.03636006
0.00130799
0.02449363
-0.02143669
0.01455665
0.05181739
-0.04204949
-0.02883612
-0.01639879
0.01117590
-0.03626043
-0.04423722
-0.02394221
-0.01551158
0.01719876
-0.03747603
-0.01616616
0.04665766
0.01859890
0.03050791
-0.02543628
0.04131630
-0.01425853
-0.03007490
0.05166038
-0.00899372
0.04613209
0.03571825
-0.03781653
-0.04087472
-0.01590176
-0.00727542
0.03452039
0.01125295
0.03363280
-0.00829992
-0.03030168
-0.03848301
0.03971738
0.00835806
0.00261284
0.04743640
-0.01478207
-0.03314796
-0.00096203
-0.04681351
0.01161883
-0.01817732
0.01485088
0.02164616
0.01730056
-0.04783722
0.04300117
0.02135628
-0.04173491
-0.02465609
0.04740955
-0.00106735
-0.03984768
0.04782106
-0.04250401
0.02004346
-0.01447266
-0.03521295
-0.03912001
0.04967926
-0.04320533
-0.04054194
-0.01712608
-0.01270349
0.03900135
-0.02498759
0.03814399
0.03470460
-0.02042899
0.01472619
-0.02170353
-0.03852388
0.01720836
0.04087166
-0.03325993
0.02796032
-0.01201172
0.00081649
0.04721861
0.02551318
-0.04943727
-0.03823983
-0.02645673
-0.02404991
-0.02447331
-0.03136157
0.04548312
0.03141592
-0.01926568
0.01655269
0.02881155
-0.01135365
0.03523792
-0.01288829
-0.00051117
-0.02722923
0.03555991
-0.01999426
-0.03083825
-0.04483585
0.00018586
-0.01317884
0.03664154
0.02277524
0.03360398
-0.03888479
-0.04734340
0.03099210
0.03757862
-0.02808781
-0.04862916
0.03663248
0.01033483
0.00493509
-0.02500929
-0.03671956
-0.04308368
-0.01993259
0.01412115
-0.03726942
-0.02583742
0.03748059
0.00735485
-0.01651521
0.04062408
-0.04523361
-0.00426747
-0.01500753
-0.02165028
0.01382156
0.01096624
-0.02086394
0.01822889
0.03895009
-0.03413792
-0.03094684
0.00239782
0.00127590
0.00670148
0.01394469
-0.01098167
-0.04172150
-0.02196398
-0.01302436
0.01741217
0.00954048
-0.03036688
0.02093535
0.03330007
-0.01466162
-0.01042923
0.01136021
0.01063908
-0.04824168
-0.04879057
-0.01998341
0.03811317
0.04530578
-0.00526311
-0.02193026
-0.04190912
-0.04771678
-0.01830504
-0.04624992
0.02489163
0.01926017
0.01889951
-0.00465396
-0.00329332
-0.04052258
-0.03858099
-0.03104847
-0.02976669
0.01384911
-0.04497089
0.03114118
-0.01540399
-0.03615832
-0.03878842
-0.04689714
-0.00630207
0.01221612
-0.02507126
-0.01445639
-0.00274694
-0.02228393
0.02650772
0.03833561
-0.00057190
0.02213755
-0.03278829
-0.03708726
-0.00184090
0.03519662
-0.01254950
-0.01798090
0.02472670
0.00152634
0.03189126
0.01577579
-0.04376661
0.01591494
0.04467521
-0.01591162
-0.04073892
-0.00043258
-0.01012751
0.03912709
-0.03771622
0.04394337
0.03490238
0.02091212
0.02957541
-0.01321641
0.00510017
-0.03410005
-0.03265854
-0.04333480
-0.01400714
-0.03575816
-0.00045345
-0.01631517
-0.00944993
0.04296637
0.00197718
0.03307797
-0.03294098
-0.02318103
0.00357198
-0.01957453
-0.02543543
-0.02282994
0.04451114
-0.01973162
-0.06279335
-0.03650562
0.02784131
-0.04215769
0.03013792
-0.04831987
0.02638621
-0.01174067
0.03586291
-0.03747960
0.02005476
0.03751715
-0.00513937
-0.05799258
0.00336312
-0.09728167
-0.00360731
0.00283199
0.01884567
-0.04317894
-0.03214169
-0.06808665
-0.01025669
0.02455471
0.01124119
-0.01618361
0.03276582
0.04267974
-0.02828394
-0.07392970
-0.04515664
-0.08531958
-0.01304458
-0.04463588
-0.04961130
-0.01796999
0.01606838
-0.02286160
0.01210486
-0.04624086
-0.04355347
-0.05012031
0.03797861
0.02751485
-0.06643035
-0.01499167
-0.04484059
0.00145367
-0.05372689
0.01489164
-0.01590860
-0.01071477
0.00326897
0.02673255
0.02184609
-0.00841002
0.00056631
-0.03984076
0.01803845
-0.01782314
-0.04111744
0.04082979
-0.02178448
-0.01175067
-0.04473928
0.01629589
-0.00900589
-0.02525540
0.01306223
-0.03898763
0.01125793
-0.01716921
-0.00293425
-0.02787056
-0.02224631
0.02120545
0.00482335
-0.05260062
-0.04707295
-0.02683056
-0.04708863
0.03710289
0.00543650
-0.03350376
0.02873457
0.01829027
0.02152743
-0.01696336
0.04008930
0.00048529
0.01314020
0.04361465
-0.02557602
0.03138800
-0.04625126
-0.01664637
-0.05150124
0.03363630
0.01859322
0.03063907
0.02497578
0.01427133
-0.02856172
0.04026032
-0.05799697
-0.01329024
-0.05077418
0.04813990
-0.05175081
0.00991019
-0.03258455
-0.07116703
-0.01985470
-0.01426045
-0.04078149
0.02118922
-0.02766625
-0.03959256
-0.01266650
0.02420345
-0.01660683
-0.03885156
-0.01394579
-0.05036598
0.02543983
-0.04205813
-0.03725690
-0.01255291
-0.04110517
0.01655860
-0.04654224
0.00894494
-0.02395789
0.00252361
-0.01766829
-0.03437850
-0.02708040
0.01851288
0.03476628
0.02119911
-0.02812606
0.02847349
-0.04850785
-0.07925298
-0.06355426
-0.01303618
-0.07427441
-0.05298164
-0.02527988
-0.00170352
-0.03546283
-0.01823737
-0.06329598
-0.03390628
-0.04412383
-0.01006043
0.01108339
-0.06666416
-0.04951189
0.10293440
0.03961905
0.00517351
0.03665143
0.03694971
0.01755824
0.01796444
0.01177321
-0.03602689
0.05619963
0.03173893
0.00674005
0.03762050
0.06043893
0.03309960
0.05269306
0.02230906
0.06485958
0.00149559
0.04204339
0.02005533
-0.03005797
0.06335127
0.04076352
-0.00357544
-0.00908377
0.00580210
-0.01011275
0.02773125
0.00199150
0.05055587
0.03827136
0.08705676
0.05921612
-0.01919464
-0.00286679
-0.03781804
0.01676849
0.04958206
-0.03288557
0.04730660
0.00415904
0.01421472
0.05149412
-0.00703695
-0.00041654
0.03403017
-0.01953150
-0.01084931
-0.03001658
-0.03841591
-0.02560832
0.01979474
-0.04482717
0.00225238
0.01378669
-0.01258461
-0.00358104
-0.03338809
-0.02237127
-0.03219375
-0.05419747
-0.00514697
-0.00564229
-0.02844191
-0.03252847
0.02135097
-0.01323274
0.01220210
0.01399468
0.02985795
-0.00408003
-0.01677520
0.01652587
0.04105793
0.01100645
-0.03389873
-0.00256616
-0.01149665
0.02160318
0.07029068
0.05442555
-0.02684391
-0.00159528
-0.00258487
0.01828251
0.01858670
0.04379163
-0.01968478
-0.00130202
0.01438272
0.04975118
0.03858284
0.00346164
0.02158159
0.02776189
0.04625888
-0.02036190
0.01133304
0.05093025
0.04605409
0.00966268
-0.02958725
0.02541009
-0.00445455
0.03801432
-0.04569291
0.03248499
-0.03664538
-0.01906044
0.01580265
-0.01887823
0.00359630
-0.02611124
-0.02246530
-0.02631099
0.01909147
-0.04478333
0.03997511
0.04741204
0.01333078
0.00349283
0.04427389
0.01657349
-0.05284936
0.01409217
0.05037495
-0.02848450
0.02533085
-0.00224469
0.04782537
0.03817191
0.03898490
0.02120399
0.05300014
-0.00661469
-0.01053057
0.05288665
0.05364058
-0.02928920
-0.01896873
-0.00941666
0.03287764
0.01661663
0.03727591
0.01920981
-0.00624609
0.03309809
0.04785660
0.01146464
0.03444235
-0.01590032
0.03435260
-0.03755601
0.03324999
-0.04309034
0.03855809
-0.04543874
0.00255177
0.00069154
-0.07888712
-0.00670143
0.00601950
0.02728675
-0.03923855
-0.04492501
0.03503835
-0.03345521
0.02956421
0.01414861
-0.03491280
0.03063370
0.02832548
-0.04725292
0.01121160
-0.00955352
-0.04610477
0.03490881
0.01041296
-0.02595165
-0.02609993
-0.01154076
0.01345073
-0.01385395
-0.03042738
0.01497486
0.04688304
-0.04138216
0.02844231
0.00284324
0.02466381
0.00660684
0.06215912
0.02952412
-0.04486126
0.01901044
-0.03242236
0.03494434
0.06427892
-0.02984846
-0.00790535
0.05372469
0.02465315
-0.02637162
-0.03124643
0.02355800
0.01164562
-0.02499082
0.08341432
0.05080959
0.03767222
-0.02027383
0.04745208
-0.03539953
-0.01187156
0.01108084
-0.01165182
0.00289663
0.03674425
-0.03073802
-0.00579609
0.04731246
0.00877976
0.03817640
0.01094716
0.00362939
0.05083115
0.05131590
-0.02782733
-0.03758180
0.02261023
-0.01244221
-0.03776198
-0.01134231
-0.04098381
-0.03378221
0.00989801
0.00586569
-0.00480095
0.00999460
-0.05412607
-0.04965523
-0.03633126
-0.01048474
0.00200102
0.04194759
-0.04388204
0.03390532
0.04493681
-0.02882360
0.03418387
0.03782773
-0.04669887
0.00831061
-0.03917002
-0.00809410
-0.08744181
-0.08553738
0.00830670
-0.06675791
0.00283025
-0.03923352
-0.03904796
0.00264640
-0.00725382
-0.00865120
-0.05592726
-0.04529435
0.03733925
-0.07282596
0.01708838
0.02646662
-0.12221140
-0.08225665
0.00096755
-0.03201370
0.01877445
-0.01020097
-0.05067726
0.04082214
0.01867342
-0.03341379
-0.00485362
0.00933561
0.01425576
-0.05212197
-0.08556355
-0.02128428
-0.00176148
-0.00878696
-0.04456579
-0.03971047
0.00316416
-0.03806496
-0.01254312
-0.03267915
0.01941870
-0.05825782
-0.00629740
-0.04247982
-0.04541133
0.04653411
-0.02281373
-0.04627033
0.05140232
-0.04406568
-0.04159526
-0.02524722
-0.03861463
0.00535131
-0.03208753
-0.02377330
-0.00077151
0.01416992
0.03754629
-0.01960131
-0.00819550
0.04770069
0.00987367
-0.03724335
0.08842285
0.07117431
-0.00349295
0.06857195
-0.01814694
0.03226176
-0.00460878
-0.03817890
0.03628933
0.02936049
0.01766161
-0.03259917
-0.01698693
0.02910204
-0.02578929
-0.02444889
-0.00925976
0.07407980
0.03176299
0.06284346
0.02568579
0.03213245
0.06095193
0.04583384
0.00161659
0.03167163
0.06333558
-0.04334326
-0.01466816
0.02024947
0.04279367
0.02911690
0.03436370
0.05723911
0.00570598
0.02029436
0.04241506
0.04580701
0.01823555
-0.04582256
-0.03583312
-0.01837760
0.01029076
-0.02691390
-0.04138994
-0.00310098
0.01961703
-0.00807859
0.08348424
0.02625921
-0.01603711
0.08905774
0.01078272
-0.02218270
0.03213084
-0.00799710
-0.00411411
0.04333135
0.03400931
0.00937195
-0.00779565
0.03965379
0.00754806
0.02913277
0.06212551
0.05917216
0.03773896
0.00493253
-0.02451301
0.05507097
0.02468631
-0.04595033
-0.01440358
-0.00732354
0.04531889
-0.00658335
0.00847005
0.05443390
0.04497747
0.02185889
0.11236954
0.02996793
0.03283253
-0.02066915
0.01435076
-0.01504610
-0.01092736
-0.01678871
0.01294024
-0.00032335
0.00271084
-0.03919043
-0.02898337
0.08437541
0.08283113
0.06324398
0.12890598
0.10888167
0.02213507
-0.02097340
-0.03062379
-0.03304957
0.02182425
-0.04457486
0.00786915
0.02686882
0.04093457
0.02750790
-0.04764796
0.00636656
0.09084356
0.09257033
0.16766980
0.09140116
-0.02306564
0.00874805
0.00472356
0.04500149
-0.01004320
0.03611153
0.00575671
0.01912269
0.00572870
0.04323192
0.04295077
0.02401827
0.10689609
0.03505426
0.10621762
0.08609941
0.01306846
0.02165303
0.03811657
-0.00761892
-0.01088713
0.01475620
-0.02172932
-0.00916469
0.00424002
-0.01595249
0.01317777
-0.01612744
0.00389008
0.06074436
0.04446956
0.05077564
-0.03306856
0.00763233
-0.01521924
-0.04373416
0.04924249
-0.01349561
0.01551148
-0.00554388
0.01910575
-0.00371213
0.02770966
0.04527285
0.03028208
-0.01541386
-0.04556461
-0.06901687
-0.04332152
-0.02873428
-0.03045893
0.04252864
0.03006018
-0.03631497
-0.01473918
-0.00544110
-0.03468544
0.03106939
-0.01929403
-0.04649681
0.02815643
-0.02764654
-0.08162311
-0.03398825
-0.02517032
-0.07077751
-0.01036642
-0.05610613
-0.06219599
-0.00920970
0.00021911
-0.06308374
0.00019841
0.04052407
-0.04198625
-0.08238611
-0.02330618
-0.04365177
-0.06350865
-0.00486110
0.02039325
-0.01730603
-0.01042460
0.02633128
-0.03861974
-0.00561804
0.02900751
-0.00416834
-0.03152143
0.04466423
-0.03144756
-0.02269653
-0.00659351
-0.01804014
-0.07268537
0.00823677
0.03752571
-0.00235578
-0.03578779
0.04241657
0.01686962
-0.02962668
0.01085675
0.01221261
-0.02540883
-0.03283348
0.03799920
0.00097724
0.03061480
-0.02360843
-0.08447386
0.01453491
-0.05300054
-0.04920043
0.02754832
0.01076447
0.00884956
0.00820737
-0.01294511
-0.04838021
-0.04334977
0.02299705
0.01845576
-0.01675149
-0.06544793
-0.00786088
-0.08860847
-0.09138786
-0.02822674
-0.03159306
0.00386915
-0.04568179
-0.04789275
-0.02983522
-0.03979542
-0.02792843
0.00945975
-0.04463862
0.02895440
-0.08219346
-0.01316807
-0.00188582
-0.10570264
-0.03269916
-0.03593779
-0.01871756
-0.02182739
0.04696560
0.00684813
0.03286824
-0.03347553
-0.00097262
0.02253516
-0.04728868
0.01196382
-0.01483105
0.00828628
0.01648945
-0.04990711
-0.00483206
0.03443473
-0.01939379
-0.01522526
0.01961583
0.01789331
0.03604282
-0.00550866
0.03113471
0.01929609
-0.05373613
-0.01488311
-0.03267892
-0.03638130
0.01886399
-0.10633969
-0.07556181
-0.00796836
-0.04192850
-0.02942267
-0.01300448
-0.06452677
0.00385792
-0.06162693
-0.04777760
0.03075189
-0.02038658
-0.02792782
-0.08047020
-0.02924594
-0.03759635
-0.12654258
-0.06122652
0.00038401
-0.05166334
0.03836885
0.02522160
-0.06589790
-0.00487966
0.00297457
0.00390732
-0.04984517
-0.04311287
0.02835806
-0.06895860
-0.03400519
-0.03892202
-0.00517336
0.01534911
0.02697838
0.04679251
0.00018510
-0.02131176
0.01124135
-0.01186275
-0.03320759
0.01573942
-0.04163689
-0.04724810
-0.03546126
-0.00898852
0.00668270
0.03153087
-0.04846030
0.00899638
-0.00227008
-0.04407464
-0.02061742
-0.04050049
0.03340121
-0.01415960
0.04281662
-0.04615984
0.01388355
0.00796697
0.00907273
-0.02671242
-0.02720331
0.00601802
-0.06220409
-0.06754246
-0.03758937
0.03193057
0.01302830
0.05174729
0.01239428
-0.03278306
-0.01698273
-0.00303498
0.02620576
-0.00627588
0.04365526
-0.01416343
-0.09002151
-0.03596869
0.00674316
-0.02250117
0.00288066
0.05115894
-0.01419535
0.02425145
-0.00770712
-0.02497737
-0.01562419
-0.01684596
-0.03113692
0.03033250
0.02361538
-0.02222683
-0.05510566
-0.05946552
-0.01633180
-0.02959826
0.01602135
0.00004795
0.02615313
0.05335610
0.06487302
-0.04156702
-0.00421129
0.03575446
-0.00250394
0.01730572
-0.04917371
-0.05738189
0.02770171
0.01882825
0.07100179
0.00242939
0.00853910
0.01745542
0.00625534
0.02461246
0.02428374
0.03714760
-0.02249289
0.00907431
0.00904582
-0.00241949
-0.02975290
-0.02621732
0.02083716
0.00621239
0.10149033
0.11332574
-0.01934477
0.08444766
-0.01392732
0.05603333
0.06785808
0.01343022
0.06527945
0.04826955
0.06922746
-0.04629692
0.01664733
0.07580917
-0.00070579
0.06715859
0.12972142
0.10951180
0.01838318
0.04825704
0.05765458
-0.01133397
0.02514370
-0.02589737
0.02067652
-0.00178682
0.06994376
-0.01481630
-0.05129169
0.03575115
0.10041663
0.04282234
0.16865928
0.03934956
0.02556565
0.02156960
0.01812064
0.00423412
0.05062975
0.04724330
-0.01106418
0.05812082
0.01712089
-0.02483821
-0.00293047
0.03838872
0.10155466
0.07484799
0.12607935
0.01517562
-0.01307444
-0.00091608
0.01672566
0.03084275
-0.00004578
-0.01463810
-0.00133473
0.00010690
0.04222859
-0.01471207
-0.02494479
0.05662292
0.08908568
-0.01262995
0.00971210
-0.03092770
0.01529966
0.02640649
0.03877140
-0.00388026
-0.04420715
0.04698472
0.02957679
-0.00512067
-0.05634657
0.01577564
-0.01492119
0.00049182
0.03094683
-0.01664467
0.10286874
0.05062117
0.03060797
-0.05246271
0.00201605
-0.05537673
-0.02653313
-0.04839944
-0.03626398
-0.00512816
-0.04651504
0.00792910
0.04227360
-0.02082978
0.07591671
0.08199371
0.05266974
0.05396276
-0.01458849
-0.03892535
-0.02180536
-0.02878184
-0.06565280
0.00644233
-0.04267893
0.02721835
-0.05156818
0.04362795
-0.03975933
0.03086434
0.02462164
0.05212900
0.03253428
0.00056087
0.04101498
0.01107587
-0.02297247
-0.04361551
-0.03886219
-0.04370775
-0.01549183
0.03660531
-0.04061002
-0.03758727
0.02901719
-0.00276724
0.02669676
0.04663614
0.00027510
0.00322574
0.01814148
-0.00659877
-0.04328043
-0.02920752
-0.06096808
0.02299258
-0.01111923
0.02283712
-0.02349120
-0.01295769
0.02396325
-0.01067623
0.01739671
0.05053639
-0.10798188
-0.02426742
0.00154792
-0.08403012
-0.00558942
-0.02969844
-0.04492617
-0.04852248
0.00437960
-0.06025017
0.03571589
0.04588965
0.01063405
-0.06983697
-0.03599921
-0.00731108
-0.11646742
-0.04874784
-0.01147041
-0.04017479
0.04088097
-0.04724684
-0.07499035
0.04898359
-0.03905179
-0.01868921
-0.00497224
0.00352223
-0.02251310
-0.09655865
-0.08736718
-0.07584487
-0.15802284
-0.10624104
-0.03946910
-0.01501664
0.00125726
0.00487887
0.00973696
-0.01050726
-0.03132538
-0.02984753
0.00844629
0.01518956
-0.04619784
-0.06709363
-0.05290873
-0.07340510
-0.13378394
-0.06434216
0.01861502
-0.04733391
0.03320435
-0.04923178
-0.01065376
0.01809655
0.02553078
-0.07596907
-0.05581230
-0.04734713
-0.01244744
-0.02256578
-0.07093915
-0.00240923
-0.04884891
-0.00470254
0.03925983
-0.03725947
0.00381066
0.00547228
-0.03289359
0.04127011
-0.03056948
-0.03369274
-0.05077566
0.01852401
0.02580079
-0.06312584
-0.03954590
0.01001398
-0.07582280
-0.07449983
0.01193423
0.01965294
-0.03900512
0.03889846
-0.01870511
-0.02781932
0.02493125
-0.04233987
0.03190818
-0.03694132
-0.03008357
-0.07712419
0.01221058
0.01920595
-0.05762204
0.02350952
-0.03186163
0.00348934
-0.02493671
-0.00294172
-0.03502407
0.01870165
-0.04330610
-0.03024834
-0.04308474
0.01236979
-0.02033078
0.02459616
-0.01417751
-0.00077897
-0.06564640
-0.04291354
0.01490299
0.00591856
-0.01664686
-0.02407275
-0.02071204
-0.02625155
0.01082409
0.03052653
-0.01587360
-0.04295155
0.02886628
-0.00641325
-0.01305642
-0.00800785
-0.07904851
0.01017178
-0.05059477
0.03800698
0.03308877
-0.01402387
-0.02434632
0.00543660
0.02702736
0.00187698
0.03217101
-0.00464136
-0.00158905
-0.06189870
-0.06265318
-0.01136713
0.03341900
0.01880405
-0.00323172
-0.02686912
-0.01733992
-0.03902967
0.05494690
0.01977580
-0.02795177
-0.00646349
-0.00478157
0.01915507
-0.05331862
-0.02755131
0.02481565
0.00579163
-0.15520571
-0.05279984
0.03566980
-0.04065610
0.00499080
-0.04383288
-0.04261774
0.00803891
-0.01662662
-0.00698945
-0.02233891
-0.02176290
0.00494929
-0.02361442
-0.07789174
-0.00300663
0.11436965
0.08980901
0.00345847
0.06728179
-0.02195592
-0.02344958
-0.00712089
0.01464795
0.05964400
0.05270144
-0.02833065
0.00815745
-0.00517518
0.10597347
-0.01270267
0.00390671
0.14989002
0.03309167
0.01814242
0.04713990
-0.02776111
0.04285727
-0.00363038
-0.04508403
0.05313597
0.10014196
-0.03159773
0.02680974
0.03783728
0.11898769
0.07297238
-0.00175204
0.00161224
-0.00948146
0.02410896
-0.07571713
-0.01269621
0.01303985
-0.03190999
-0.04909183
-0.03974424
-0.03972805
-0.05868240
-0.03953209
0.04626295
-0.00507440
-0.00181147
-0.04525539
-0.00795801
-0.03209175
-0.02624282
-0.04133181
-0.02886853
-0.02910930
-0.01311756
0.01872519
-0.03424079
-0.04702149
-0.04100580
0.01460157
-0.01469818
-0.02562198
-0.05693142
-0.04360074
0.08448534
0.07622328
0.03337743
0.03520348
-0.03552267
-0.04491756
0.05454087
0.03417758
0.00090733
0.03810172
-0.00106009
-0.04237856
-0.00658716
0.02889740
-0.03537163
0.03455627
0.10702043
0.05518093
-0.02605880
0.05918373
0.00205524
-0.00503187
0.04467122
-0.00158653
0.04787936
0.05580596
0.04358445
-0.03334271
-0.03307695
0.09660663
0.05602465
0.03415430
0.04644106
-0.00894244
-0.05370484
-0.07462761
0.01008718
0.01972021
-0.03159466
0.01101048
-0.02161171
0.02483598
0.03681619
-0.03762194
-0.00950675
-0.03590406
0.06384893
0.01507750
-0.11155823
-0.09432910
-0.00109390
-0.00486025
-0.02804945
-0.01679447
-0.06026921
0.01926287
-0.04841327
-0.00999674
-0.04041418
-0.02658935
0.00734858
-0.00995155
-0.04005874
-0.05323934
-0.09630293
-0.06174279
-0.02787797
-0.05232830
-0.00471542
-0.04710398
0.03690684
0.00762265
-0.00327897
-0.01663081
-0.00536593
-0.04145106
0.00740054
-0.04127812
-0.04548126
0.00277200
-0.00142004
0.06498784
0.05110379
0.02591928
0.02523586
-0.04471754
-0.01760058
0.04535425
0.04029349
-0.00253354
0.01931131
-0.01038434
0.01087676
0.04781118
0.04401760
0.01133068
0.05546276
0.00577240
0.04814515
-0.02608768
-0.03223307
0.02175511
0.00797559
0.02974022
0.02976530
0.00035307
-0.01688148
0.02688280
-0.02841727
0.06084596
-0.02434170
0.02700711
-0.12841699
-0.00856908
-0.05587433
-0.09230043
0.03287190
0.02725741
-0.02731823
-0.03223117
0.00522954
0.02733959
-0.01256445
-0.00767317
-0.00276232
-0.01952488
-0.02457823
-0.02187301
-0.10235754
-0.10471627
-0.02877589
-0.03927395
0.00623060
-0.02874290
-0.00106030
-0.04587135
-0.00856747
-0.00571944
-0.01782772
-0.00754530
-0.00692735
-0.03650820
-0.09039672
-0.01283603
0.00402992
-0.05268343
0.01179317
-0.05451272
-0.01700418
0.00805083
-0.00247803
-0.00816997
0.00102072
-0.03748872
-0.02930271
-0.00039700
-0.00080753
0.03391112
-0.05961810
0.02819490
-0.02976675
-0.01084769
0.03146464
0.02251147
-0.00583867
0.00284097
0.01890950
0.01867057
0.00538898
-0.06498671
-0.04910773
-0.01826757
0.01603641
0.03118535
-0.06297977
-0.05366070
0.04154075
0.06136668
-0.01926322
0.04608495
-0.02971779
-0.01751222
-0.04890728
-0.03983521
0.05642021
-0.00467238
-0.01055700
0.03117969
0.02359171
0.04562055
0.02146097
0.01506938
-0.01130676
-0.07063653
0.02568645
-0.02849330
-0.03255592
-0.02459110
-0.00628824
0.01190877
0.00858138
-0.01232684
-0.00933348
0.00196625
-0.03857575
-0.06816640
-0.03886511
-0.04525830
-0.04923899
0.01021579
0.03011198
0.03182027
0.00254911
-0.00917218
-0.03674063
0.01707506
-0.03420673
-0.02534946
-0.03567461
0.02664039
-0.02700701
-0.06527077
-0.07332275
-0.00515129
-0.05721283
-0.00198959
0.02530139
-0.00434439
-0.01525643
-0.00225046
-0.04005332
0.02353803
-0.00915321
-0.00170829
0.01483171
-0.02257781
-0.00153626
0.02716330
0.00532788
0.03350065
0.00576416
-0.02410419
-0.04789216
-0.04154712
-0.04092998
0.00314230
0.00623289
-0.01868026
-0.00769896
-0.05150351
0.01727041
0.01091213
0.01765934
0.00560879
-0.04040355
-0.05254081
-0.00889457
0.03874046
-0.03680419
0.05710336
-0.00438360
-0.01475196
-0.02208423
0.02530435
0.01940769
0.04930891
-0.01837644
0.00674485
-0.02871128
-0.00342265
-0.02961596
-0.02478102
0.09942163
0.01868939
0.05647817
0.03745601
0.00513692
0.02019676
0.02275771
0.02822249
0.05298937
-0.02343895
0.05858904
-0.03022970
-0.03439461
-0.01247563
0.01987926
0.01043944
0.06206104
-0.00374224
0.02665359
0.02351022
0.04223640
0.05523116
0.03776127
0.00709722
-0.04342873
0.02595523
0.01399637
0.01456220
0.04634419
0.00276802
-0.00639979
0.04898554
-0.00990394
-0.00735010
-0.04741846
0.02401636
-0.01121389
-0.02931773
-0.02056212
0.03861846
0.01049793
-0.03708893
-0.01261136
0.00971106
0.03329811
0.00901228
0.03767616
-0.02848594
0.01066487
0.02153455
0.03836995
-0.03347903
0.03284408
0.00583776
-0.00108984
0.01880305
0.01708398
-0.05692752
-0.01254652
-0.03826786
0.03291484
-0.01419962
-0.01565274
-0.05280999
-0.07755338
-0.00525867
0.01055064
-0.01170271
-0.05037974
0.01780194
-0.03597641
0.04247838
0.00603159
-0.03277948
0.02330915
0.03425448
-0.01364508
-0.04312724
-0.06372741
0.01259802
-0.10494676
-0.05842960
-0.05659778
-0.06880984
-0.02609327
0.01176554
-0.02703056
0.00121972
-0.04964251
-0.03990327
0.02447460
-0.01283482
0.01424949
-0.08816729
0.01467087
-0.04535600
-0.01142346
-0.03201139
-0.02284136
0.04835345
0.01399373
-0.01959151
-0.03987297
0.02221944
-0.04191599
-0.04703703
0.03321182
-0.01041541
-0.04280294
-0.02555121
-0.04343132
-0.05001725
0.13577187
0.03680640
-0.03821580
0.03258063
0.02766808
0.01804897
-0.00628566
0.04506766
-0.02916644
0.05381990
0.04168175
0.01304246
0.00955293
0.05221280
0.04847274
0.00669286
-0.02389520
-0.03873399
0.00982120
0.03403376
-0.02303121
-0.02483235
-0.02553680
-0.02186078
0.02766511
0.01370113
-0.02700746
0.01864318
0.03112723
-0.02993916
-0.03453571
-0.02389959
-0.09982610
-0.05895529
-0.04333953
-0.00799897
0.00735773
0.04589721
-0.01946981
-0.03238599
-0.03922506
-0.02350873
0.03329620
0.00048876
0.00796961
0.00338909
-0.03246192
-0.02176958
-0.08271123
-0.06762723
0.02958750
-0.04234444
-0.02556611
-0.00942123
-0.06825172
-0.00108777
-0.05139337
-0.02215782
-0.03040799
0.03429249
-0.04205611
-0.03553743
-0.02817336
-0.05489974
-0.04289117
-0.02680460
0.02311459
-0.01372556
-0.03210607
0.03025708
0.00661674
-0.05001323
-0.00406982
-0.04282653
0.03573773
-0.00203410
-0.01978719
-0.05023786
0.00236320
0.04259353
0.08747374
0.06440236
0.00523125
-0.00647695
-0.02904000
0.05023747
0.02328018
0.00113129
-0.03343922
-0.01071663
0.02499675
-0.01247692
-0.05035313
-0.00837421
-0.02629568
-0.02333081
-0.00377840
-0.01134864
0.01937027
0.01982873
0.05009594
-0.00953833
0.03178873
-0.00363475
0.01855952
-0.01647184
-0.02656389
-0.01269309
-0.01654123
0.00772405
0.05354709
0.02817986
-0.00632022
-0.05449495
0.00488044
-0.00277128
-0.02683446
-0.04774693
0.01427769
-0.01165570
0.02168976
-0.00236745
-0.01119245
0.03426122
0.03666513
-0.02487497
0.01165763
0.01116837
-0.07296090
-0.05786973
-0.00217957
-0.04995835
0.02635021
-0.01599310
-0.03725143
-0.04743677
0.03136539
-0.03819975
-0.03495657
-0.00113862
0.01659130
-0.01225029
-0.06554779
-0.06570917
0.09105200
0.05890833
0.03882240
0.05745865
0.05094463
0.03639480
0.05070327
-0.00432097
-0.00888100
0.03323926
0.04664591
-0.00396656
0.03857746
0.01075199
0.05253948
0.02988408
0.04319365
0.04493513
-0.01321061
0.02265506
-0.01631943
-0.04149967
-0.01524501
-0.03706895
0.05153654
0.06328154
-0.02838836
0.04560428
0.02582385
0.07496627
0.04666439
0.04766037
-0.00221673
0.02621538
0.02203858
-0.02320857
0.01140955
0.01665255
-0.01378412
0.01498478
0.03439602
0.04171481
-0.01448133
-0.01309196
-0.00596911
0.00984942
0.04143885
-0.01516806
0.03311571
0.00296489
0.01536596
0.00258878
0.03010528
-0.03298866
0.03806202
0.01466130
0.03485981
-0.00384274
-0.00001963
-0.00337329
-0.02774659
0.02220150
0.01110445
0.01262234
-0.07477052
0.02326274
-0.04134384
0.01611151
0.02482555
0.01164378
-0.00309656
0.02737168
-0.00949837
-0.01458785
-0.01534573
-0.01419490
0.04467457
-0.05098428
0.02629423
-0.01996075
0.00902135
0.05413253
0.04824590
-0.02736619
0.00742217
0.04078101
0.03362308
0.00000476
-0.01208333
-0.03565009
0.01891940
-0.04110183
-0.04987464
0.01415870
0.02977147
0.00870260
0.04501437
0.05583512
-0.00259561
-0.00785813
0.04272361
0.00013022
-0.02984810
-0.01181454
0.00141444
0.03581466
0.00408362
0.03159098
0.03508880
0.02053347
0.04744348
0.03314732
-0.01576415
-0.05063780
-0.03635535
0.00184144
-0.04971943
-0.03115917
-0.01288129
-0.03638596
0.00915652
-0.04197638
0.01298920
-0.03404207
-0.03699958
-0.03563694
-0.03516787
-0.01628637
-0.03958862
0.02191642
-0.00608399
-0.05336507
0.01309907
0.04401630
-0.02201227
0.02996826
0.03895922
-0.05431569
0.00876703
0.03209712
0.01789842
-0.00817324
0.01110524
-0.05459677
-0.07609364
-0.07507962
-0.04786667
-0.04211541
-0.03641083
-0.00483896
-0.04999285
0.01778764
0.02279089
0.00704501
0.02525157
-0.02580894
0.02915455
0.01022923
-0.05446776
-0.04646142
-0.05249327
-0.01225454
0.02547418
0.02139650
0.02095623
-0.03753067
-0.01197841
-0.01627651
-0.01023185
-0.00850437
0.00958281
-0.03519717
-0.02695332
-0.06833024
-0.03016961
-0.04237014
-0.08089127
0.01159791
0.03689022
0.00201378
0.03460653
0.04329759
-0.02486667
-0.03297090
-0.00898028
0.02370596
-0.03327954
0.01736557
-0.03279376
0.00854603
-0.05848949
-0.05012016
0.05779447
0.02961166
-0.01884280
0.00372662
-0.01448903
0.01517941
-0.01121324
-0.00143692
-0.02373092
-0.03166069
-0.02051659
-0.04461569
0.03169126
-0.01985366
0.00661643
0.04565796
0.02591591
-0.01845469
-0.02922754
0.01424180
-0.01315465
0.02218828
0.02384458
-0.01592933
-0.04644963
0.02669917
0.00321186
-0.04294893
-0.04161742
0.06283957
0.04364092
0.04243507
0.01320470
0.03017783
-0.00322839
-0.05544025
0.03092288
-0.02748680
-0.00862988
0.03557487
-0.03980605
0.01403721
-0.05394550
-0.02424420
0.01522289
0.02050946
0.00230955
0.00613494
0.02152932
-0.03692994
-0.01004005
-0.01530479
-0.03219739
-0.00464522
-0.01081882
0.03057073
-0.04349740
-0.03512000
-0.03079649
-0.04367889
0.04410471
0.00463456
-0.03341392
0.01443298
0.02270023
0.02144342
-0.04300154
0.04296767
-0.00671139
-0.04482464
0.02609081
-0.02808331
0.01788519
-0.00270768
-0.00012670
0.01485960
-0.00858194
-0.03777505
0.01029837
-0.01777118
0.03668932
0.06850083
-0.02183555
0.05031726
0.00880960
0.02136575
-0.02626949
0.02134142
0.01894158
0.01860195
-0.03418991
-0.00731722
0.00443014
0.06791151
0.01802460
0.02809465
0.02679180
-0.02899527
-0.05087959
0.00633051
0.03269199
-0.03000963
-0.01016279
0.03625688
0.01139030
0.03958711
-0.01127515
0.02673285
0.03191771
0.04569108
-0.01671493
-0.00934767
-0.03049892
-0.06651764
-0.02518880
0.00974147
0.04443825
0.01894654
-0.02967259
0.04159687
-0.01750118
-0.02735052
0.02812718
-0.01879360
0.01793030
0.02653154
-0.05506953
-0.04588130
-0.06666268
-0.04511669
0.00521417
-0.01294721
-0.02201177
-0.05078631
-0.02087480
0.00183061
-0.02031259
0.03672795
-0.00652371
0.03086324
-0.04144771
0.00318189
-0.04634745
0.03107460
-0.02829445
-0.04080966
0.04757831
-0.04877293
-0.01748696
-0.02237426
-0.05359876
0.03555362
0.01352507
-0.03125906
-0.02132657
-0.04195838
0.01637470
-0.04054170
-0.04638853
-0.00089238
0.01808805
0.04426249
0.01266932
0.04465669
-0.00831583
-0.04204478
-0.02973823
0.03499295
0.00874353
0.05136830
0.04739936
-0.02422554
0.02104398
-0.01630230
-0.01301091
0.02748542
0.03925477
-0.03887893
-0.02699946
-0.03179900
-0.00582517
0.00500747
-0.01222917
-0.02574297
0.02755830
0.03619188
0.03909409
-0.02070041
0.03370602
0.03281330
-0.02181396
0.04013789
-0.06257232
-0.05218676
-0.04974996
-0.05711313
0.03352479
0.02843664
-0.04778009
0.01629808
-0.01045950
-0.05723639
-0.02520359
0.04036856
-0.00930902
-0.06274205
0.02195984
-0.05656880
-0.03305144
0.02687610
-0.03366162
-0.05451114
-0.01653486
-0.00394059
0.03424986
0.03072987
-0.04896278
-0.02841676
-0.03357985
0.03002643
-0.04113681
-0.06821106
0.01895444
-0.00573097
0.02347304
-0.04970214
-0.00448789
-0.02503189
-0.04087650
0.02353655
-0.02830115
-0.04383773
0.03104462
-0.05095970
-0.00621815
0.00180539
0.04966775
-0.05375895
-0.03760165
-0.00174588
0.01929834
-0.02907333
-0.03932469
-0.04026017
-0.05308268
-0.02714612
0.00077851
0.02565929
0.04122549
0.03747953
0.03310071
0.04055130
-0.01364113
-0.01876166
-0.02310963
0.01215781
0.04390483
0.02664750
-0.00019876
-0.04743039
-0.04357970
-0.01342972
0.03077416
0.02660714
-0.00594339
0.01454194
-0.02290107
-0.03239706
-0.02330271
0.03047874
0.03944537
-0.02215744
-0.03542466
0.03061345
0.01971058
0.00273278
0.00415485
-0.00476980
0.03825252
0.04200710
-0.03083730
0.03331593
-0.02807202
-0.03352013
0.02738261
-0.05583056
-0.00484494
0.00103897
0.00487846
-0.03467680
-0.00801174
0.04641037
-0.04486161
-0.00848508
0.00918389
-0.00909324
-0.02706865
0.02546948
0.05208808
0.02612085
-0.00686927
-0.05294696
0.01746535
-0.03983445
-0.01141240
0.01762050
-0.04261744
0.00637018
-0.00252333
0.04402284
-0.00829705
0.04065166
-0.01919919
0.00381636
-0.04800583
-0.03130231
0.04083886
-0.01667647
0.01865677
-0.01247830
-0.04406613
-0.00765698
-0.02329236
0.04620198
-0.00937585
0.03055180
0.02128650
0.02962726
-0.04673165
0.00780641
-0.01951420
-0.02299619
-0.00358060
0.04545503
-0.05504639
0.03254580
-0.02734818
-0.00161921
0.02677201
-0.00259212
-0.01948256
0.00333862
0.00398594
0.03126503
0.02098188
0.05172210
0.01392184
0.04603617
0.02761573
0.01157045
0.01981354
-0.00004241
-0.02617929
-0.03086331
0.04615203
-0.03903314
-0.01785924
-0.03642146
-0.00246539
0.01947292
0.04690041
0.01353147
-0.04874242
0.04657276
0.04559919
0.00886313
0.05431993
0.00766781
0.04087095
0.05151378
0.03840041
0.01873095
0.03995504
0.04452254
-0.03129138
0.04599671
-0.01527419
0.00135825
0.04039576
0.02690616
-0.01088007
0.02820922
0.05605694
0.05468065
-0.00188616
-0.03966453
0.04972602
-0.03508942
0.04798698
-0.00262189
-0.02784323
-0.03831381
-0.01417246
0.03876014
0.00178102
-0.01313636
-0.00083797
-0.02204950
0.02072565
-0.04231406
0.00879151
0.01766658
0.04305536
-0.01061987
-0.00587721
-0.03684218
-0.00073935
-0.00135836
0.03535139
0.03419293
0.04322611
-0.02154400
0.00425550
-0.03903421
-0.00843789
-0.04830387
-0.06540392
-0.07200757
-0.02260238
-0.00131929
-0.02269205
-0.03021912
0.00202334
0.02097520
-0.03404250
0.03414848
0.02457511
-0.03205861
-0.03765250
-0.02057735
-0.04380678
0.00292880
-0.08031797
-0.06343600
-0.04269080
-0.02253956
0.01460243
-0.03724853
-0.06033229
-0.04936996
0.00778611
-0.02769947
-0.01546257
-0.03398532
-0.03796513
-0.05657684
-0.04007240
-0.03556375
-0.11038761
-0.07019781
-0.02973591
-0.01539740
0.01085575
-0.02715922
-0.06069455
-0.03302126
-0.02276068
-0.06919219
0.00537555
0.02481485
0.00717214
-0.08472498
0.00768062
-0.06473191
-0.01974843
-0.01776219
0.04467309
-0.00877713
-0.02772281
0.00586518
-0.06829741
-0.04642720
0.02177198
0.01257964
-0.05370218
-0.04485895
-0.02619035
-0.00448419
0.01990489
0.03911707
-0.02520937
-0.04932781
0.00380344
-0.00943189
-0.02904248
0.02409304
-0.03858277
0.00185351
-0.02082723
0.04350803
-0.02977185
-0.01162000
0.04295884
0.02206188
-0.00183196
-0.00999246
-0.08722284
-0.05970035
-0.05264167
0.02390375
0.01873124
0.02702658
-0.03727562
0.03078496
0.03215396
-0.01464271
-0.01895956
-0.02694012
-0.00802084
-0.05802030
0.01030627
-0.00093467
-0.06384394
-0.00479339
-0.02067972
-0.01058771
-0.00667510
0.00899077
-0.00486442
0.02793133
-0.04078151
-0.04758140
0.00325131
-0.02050709
0.03968539
-0.00701636
-0.09585137
-0.06596749
-0.00547784
-0.02389615
-0.00141279
0.03587202
0.04294182
-0.02964201
0.00617918
0.01673695
-0.04805781
-0.02493571
0.04754150
-0.02120846
-0.03896137
-0.02634749
-0.06037622
0.02249734
-0.03664997
0.03855900
0.03866048
0.02627916
-0.03207430
-0.03369930
-0.00009840
0.03148112
0.04326638
0.00321021
-0.03353723
-0.03691501
-0.03633952
-0.02311324
-0.02902697
0.00428784
0.04924051
0.01945700
0.00638501
0.03958196
-0.00583736
0.01694230
0.05007964
0.00361510
0.03763181
-0.00786376
0.01899473
0.03664600
-0.04392035
-0.00713140
0.04958302
-0.01609261
0.08097018
0.06883550
-0.01298171
0.03828981
0.05638796
-0.02046829
0.11580741
0.04665765
-0.01141118
0.06640465
0.01210868
0.01723460
0.02189207
0.09633203
0.07609563
-0.00779042
0.14786588
0.07574625
0.04737290
0.05543172
0.05375903
-0.00352860
0.11497313
-0.00937217
0.03023584
0.04410060
0.02219694
0.03696964
-0.00117544
0.08889826
0.04674454
-0.01906461
0.13434181
0.05275711
-0.03323664
0.06734589
-0.02733870
-0.01592585
0.00821940
-0.02809525
0.03882597
0.06704964
0.06420764
-0.00871736
-0.00879766
0.03434525
0.04512498
0.00301981
0.07051682
0.02328485
0.04808392
0.06973986
0.04933382
0.04865605
0.03128072
-0.03833896
0.00423614
0.04085211
0.01972878
0.00399678
-0.05013093
0.05756386
0.03405409
0.02250631
0.10529608
0.07285596
0.01769921
0.00107534
-0.02154578
-0.00727879
0.04125963
0.02956294
-0.01677784
-0.02283423
-0.00255791
-0.04027510
-0.02967444
0.00067509
0.00561612
0.05162451
0.06665394
0.08145033
0.02821140
-0.02083511
0.02170958
-0.03461791
0.02682778
0.03398792
0.00274843
-0.02793017
-0.03400350
0.04562830
0.03769638
0.00389811
0.06339145
0.01664537
0.06157310
0.01527592
-0.03868085
-0.05349994
-0.02010109
0.02057695
0.00953430
-0.03763676
-0.00413513
-0.02153519
0.00251520
-0.03218049
0.03677360
0.02466849
-0.00992834
0.04075042
0.04715901
0.01528741
-0.02862079
0.03376167
0.03556112
0.01444370
-0.05130192
0.02028085
0.04317827
-0.00190925
-0.04578779
0.03756377
0.02143840
0.01900177
-0.00938557
0.00061542
0.02165539
0.02060529
-0.02693862
0.01189480
-0.00147983
0.01173734
-0.05040974
-0.01873046
0.00871358
0.03227350
-0.04283606
0.00810017
-0.01871784
0.00036825
0.02088205
-0.00768351
-0.03800041
-0.05277123
0.01442000
-0.07851767
0.02579040
-0.02477878
-0.03204162
0.04189621
0.03817522
-0.05289202
-0.04194216
-0.03846188
0.02792625
-0.03069941
-0.02450346
-0.04517693
-0.10021361
-0.09995329
-0.05935242
-0.09764480
-0.00079328
-0.02011858
-0.04521402
-0.01246850
-0.04510464
-0.08118954
-0.03529997
0.02920768
0.02714111
-0.10555808
-0.01677606
-0.04950344
-0.18359797
-0.07738151
-0.06625637
-0.10561134
-0.02912836
0.00144517
-0.04977454
-0.02297553
-0.00070488
-0.08679523
-0.03878201
0.00486913
0.02646162
-0.05104163
-0.06267642
-0.04888519
-0.04831727
-0.00180606
0.02253273
-0.05085156
-0.00433196
-0.03906001
0.02008062
0.03299696
-0.00162175
-0.04869981
-0.05704664
-0.02470789
0.01178525
-0.07605814
-0.08212809
-0.02317095
-0.05552451
-0.01655960
0.03100613
0.04178967
0.02847732
-0.03748125
-0.05448822
0.01438099
0.01647122
-0.01967446
0.04198547
0.02764088
-0.03282674
-0.00373412
-0.04907523
0.01864597
-0.07711919
-0.07882146
-0.00916878
0.00662169
0.04195332
-0.01421830
0.00210013
0.02658442
-0.04062717
-0.05799455
-0.02358849
0.01071335
-0.00116052
-0.05007844
-0.03913760
0.01129799
-0.07747804
-0.05465735
-0.00311002
-0.05942063
0.00573022
0.03717985
-0.05421011
-0.00118055
0.04177880
-0.05581468
-0.03935887
-0.01911231
-0.04207559
-0.00762653
-0.06876737
-0.06748641
-0.01888873
-0.04962223
0.01293370
-0.02076411
0.05216067
-0.00812313
0.06503291
-0.01289802
0.01198174
0.02758122
-0.03710819
-0.02036528
-0.01694130
-0.04065338
-0.01710030
-0.00467703
0.03579699
0.02004164
0.02065003
0.01735730
0.01657807
-0.00783980
-0.02213774
0.01901296
0.03982290
0.04022214
-0.01060078
-0.04081995
0.03043387
0.03641119
0.03333914
-0.05537833
0.01213974
0.00359328
-0.03756488
0.00112632
-0.01955289
-0.04834979
-0.02075086
-0.00898204
-0.02479961
-0.01364930
-0.05135254
0.03082261
0.02537037
-0.01581666
-0.03232715
-0.00566779
-0.10014824
-0.00751264
-0.02798316
0.00608032
0.04619875
-0.01395293
0.01828450
-0.00453040
0.01502646
0.01002073
0.01052468
-0.01180537
0.03743219
-0.07269868
-0.04166544
-0.00881485
0.01800151
0.00468108
0.04117271
0.02367610
0.03815006
-0.02914269
-0.04805475
-0.02857927
0.03021453
-0.00843469
0.03739664
-0.03008587
-0.04383148
-0.04728710
-0.02410445
0.02761795
0.07938904
0.02224227
0.02818492
0.02277233
0.01298594
-0.00303725
0.02758261
-0.03457363
-0.01893100
0.03466038
0.02762001
-0.01407210
-0.01290911
0.04541071
0.01001852
-0.00707867
0.03426031
0.03081492
0.04925795
0.03667452
-0.02824880
-0.01484965
-0.02705612
-0.02834925
-0.03949963
-0.00605100
-0.04526389
-0.00134693
-0.04559202
-0.00232711
-0.01324150
0.02457528
-0.09487521
-0.08288945
-0.06574174
-0.08851047
-0.03251923
0.03495939
-0.04582714
-0.03081746
-0.05562969
-0.00026879
0.01519175
0.03793856
0.00601863
-0.10022375
-0.06206167
0.00947560
-0.01866884
-0.03078212
-0.03401550
0.03203298
-0.02144986
0.03158455
0.05571108
-0.01317388
-0.03414993
-0.04340476
0.02572310
-0.04503161
0.04248441
-0.02357664
0.01529743
-0.01777070
0.01490187
0.05196349
-0.00563003
0.03447845
-0.00400574
0.03479907
0.00588632
-0.04764676
0.03404391
-0.01606622
-0.01127034
0.02025202
-0.05528024
-0.01274204
0.00333527
-0.03772766
0.09284971
0.02418333
-0.03105041
0.04066390
0.04410613
-0.03705703
0.03359296
-0.04824958
0.03411059
0.01028387
0.05266858
0.03772751
-0.02279766
0.07109595
0.07400851
-0.00928099
0.07933437
-0.00935146
0.00206488
0.00685559
0.04571155
-0.00097172
0.03930708
-0.00439851
0.03704142
-0.00774314
0.01877909
0.00016101
0.02474542
0.07785654
-0.01320119
-0.02975394
-0.10420634
-0.00681272
0.00534428
0.00939931
0.03773195
-0.00268759
-0.01314879
-0.04407732
-0.03802359
0.03128136
-0.04383067
0.03309265
-0.04461839
-0.03956224
-0.06236990
-0.04692671
0.08465905
0.00603885
-0.04423430
0.02339008
-0.00923233
-0.03026664
-0.04331269
0.03290588
0.01580577
0.02442025
-0.04774789
-0.04496851
-0.03659385
-0.01216429
0.06671560
-0.02504606
0.02768244
0.01719042
-0.03812211
-0.00039266
-0.01059071
0.04566137
-0.01806207
0.00031234
-0.03841255
0.03984773
0.00653130
-0.00870368
-0.03003445
-0.04747939
0.04735369
-0.02965052
0.06980634
0.05870663
0.04609748
-0.03606790
-0.01872205
-0.03909098
-0.06610261
-0.02155061
-0.03299579
-0.03350085
-0.04126476
0.00753085
-0.05624593
-0.03051311
-0.03295990
0.00776099
0.18707834
0.08705518
0.04867645
0.05640555
0.02716126
0.00404258
0.04092069
0.01557132
0.06754749
0.02076380
-0.02187233
-0.02031312
0.00702295
0.08674161
0.05399593
0.05018446
0.06242826
0.02354237
0.03293949
-0.01374028
0.00983404
0.02647836
0.05111736
-0.02545370
0.01810552
-0.00080802
0.03305397
0.01527383
-0.02439117
-0.01923101
0.00687824
0.03828261
-0.11237033
-0.07652900
-0.02818393
-0.01410221
0.00210470
-0.05727806
-0.01978306
0.02581387
0.02305549
-0.05507741
0.02149146
-0.01563861
0.03619247
0.00352991
-0.04016861
-0.04100560
-0.15182194
-0.06622143
-0.02775307
-0.05395135
0.02554363
-0.02881774
-0.07993655
-0.01011559
0.02245344
-0.06600869
-0.03721796
0.03486222
0.03828285
-0.12213630
-0.10480815
0.01213959
-0.06570448
-0.06424364
0.00990081
0.00382690
-0.04244364
0.02448602
-0.03101705
0.03353731
0.02534374
0.02122371
-0.06109970
0.03170856
0.02987248
-0.04451503
-0.07391214
-0.01734269
0.04856220
0.01524467
0.03531847
-0.00533367
-0.03132501
-0.02600129
-0.04026049
0.01511162
-0.00033412
0.04105156
-0.03810447
-0.02453938
0.01023193
0.06126045
0.02975207
0.02681620
0.06121054
0.05094143
-0.04963782
-0.00271468
0.01405502
0.02892884
0.00747156
-0.00131429
0.00655497
0.03732929
-0.03838206
-0.02713504
0.01354361
0.02941742
0.03971905
-0.02029102
0.01266956
-0.04481929
-0.00891202
0.00968730
-0.02284794
0.01654494
0.04379343
0.01384905
0.03636639
0.01280178
0.01605679
0.02947193
0.04591314
0.01346241
0.02861701
-0.05353548
-0.00642892
-0.03264546
0.03248065
0.03280233
0.02368171
0.04331153
0.06452047
0.04631753
0.00035377
-0.03662700
0.05592709
-0.04829710
0.02563031
-0.02728819
0.03705076
-0.03698320
-0.02860199
0.04572247
0.04253965
0.03843555
0.01015955
0.04154055
0.05890052
-0.02017047
0.01482865
0.04101278
-0.01403110
-0.00486022
-0.04273937
-0.03270213
-0.00878813
-0.03546371
0.03689153
0.00232554
-0.00885095
0.04507209
0.01500368
0.00920672
0.09461837
0.03464165
-0.04059498
0.03525851
0.04923373
0.00035436
0.03585479
0.04831673
0.02904724
0.04349595
0.03976307
0.02380762
0.02488905
0.01588137
0.04682249
-0.00459950
0.09422012
0.02511204
0.01455461
0.02614067
0.02069409
-0.00862445
-0.01946511
-0.00416334
0.02785738
-0.01178741
0.07642613
0.01786613
-0.01410605
-0.01431482
-0.01371140
0.00271037
0.02038890
0.01285590
-0.03142071
0.03827203
0.04521463
0.01256602
0.03431130
-0.00322289
0.03788739
-0.00350346
0.11303256
0.05101420
-0.02057700
0.02187946
0.04851104
0.01157422
0.04490337
-0.02266630
0.03707768
0.05355232
-0.03048207
0.00516250
0.01326520
0.00210780
0.05635937
0.07289489
0.16205861
0.03830388
0.01298074
0.03644387
0.03662713
0.00647322
0.03859090
-0.01809745
0.00312601
-0.01871038
-0.01099384
-0.04480625
0.02784562
0.01872828
0.09990029
0.00200209
0.05325564
0.00190885
0.04154712
0.06075715
-0.03640416
-0.01810568
0.05304855
0.01928470
0.05320391
0.05191481
0.03918269
-0.02669731
-0.02448697
0.06775270
0.07176792
0.06201681
0.09581812
-0.01318053
-0.01122997
0.02248595
-0.01107336
0.01902500
0.01974240
-0.02642366
-0.00597764
0.04518666
0.03399024
0.02144123
0.03695991
0.00182809
0.05073165
0.06962527
-0.05933939
-0.05380156
-0.04849233
0.00858220
0.00793087
-0.02276977
-0.01384128
0.00901069
-0.04466273
-0.05480617
0.02091395
0.04303320
-0.01928556
-0.03177018
-0.02887476
0.03070683
-0.04479998
-0.04181153
0.01810896
-0.04471249
-0.03048110
-0.03829243
-0.05219156
-0.04153828
-0.03587019
-0.01760621
-0.02454534
-0.01975388
-0.01638430
-0.00177671
0.00040048
-0.04906116
-0.11660828
-0.07118912
0.02140306
-0.08734038
-0.03595011
-0.05532700
-0.03682367
0.03871286
-0.04987396
-0.05031446
-0.05813383
0.03569138
0.00480057
-0.08886955
-0.00637771
-0.00793802
-0.07129942
-0.06268023
-0.00713786
-0.08075020
0.02679892
0.03572680
-0.03046616
-0.04946661
-0.00521263
-0.04499808
-0.01066165
0.00441847
0.04825659
-0.05377796
-0.00871121
-0.03847260
-0.11666475
-0.05568738
0.00825049
-0.05783122
-0.05317347
0.02946033
-0.02832515
-0.04116535
-0.04127706
-0.00778444
-0.02729960
0.01827657
-0.01365760
0.00552016
0.01070159
-0.04474868
-0.08313001
-0.04536382
0.01819671
-0.02775493
0.02463932
0.03463467
0.01565927
-0.03945567
-0.04548565
0.00696372
0.02899441
-0.02628794
0.00131736
-0.01837177
0.02232242
-0.00486037
-0.13064945
-0.03063998
-0.01448370
-0.04971657
-0.03922075
0.02080205
-0.00638422
0.00174121
0.00365775
-0.02357679
-0.00963450
-0.04996094
-0.04489645
-0.06054444
-0.04213199
-0.01857711
-0.12919244
-0.05013804
-0.05653536
-0.06081725
-0.02845524
0.01887915
-0.04032398
0.01363895
0.03359096
-0.00895408
0.03849541
0.01801013
0.02329148
-0.03858657
-0.09249804
-0.02754042
-0.03327291
-0.07444687
0.00042252
-0.01285738
0.01932078
-0.03785844
-0.01260241
0.02350297
0.03540689
-0.06784526
0.04693235
-0.03390468
0.00463915
-0.05322086
-0.03837869
-0.00145589
-0.06583688
-0.01924136
-0.04249080
0.00256601
-0.03258887
-0.03488096
-0.02209986
-0.03134654
-0.05195158
-0.01977014
0.04989740
-0.03462063
0.01264695
-0.00082897
-0.00205842
0.02376882
0.10515820
0.06197141
0.03125363
0.05564414
0.03452504
-0.01612195
0.00540781
0.01110683
0.03579583
0.05605173
-0.03553731
0.02861153
-0.02643882
0.00812686
0.04321923
0.01483181
-0.00207538
-0.01815138
0.01418117
-0.01636295
-0.01894444
0.03927445
0.06855642
0.02658071
0.05026142
-0.02484547
0.01056883
-0.04038691
-0.04587689
0.02306056
0.02566984
0.03529590
0.02580628
-0.01405528
0.02136170
-0.02247719
0.02393343
0.04931364
-0.02951037
-0.04748648
-0.03026898
-0.03113334
-0.01664060
-0.01861793
-0.04013541
0.01915416
-0.02828900
-0.03556524
0.00282374
-0.02601458
-0.00910623
0.04118296
-0.00186729
0.04064189
0.03478022
0.00906832
0.04483293
0.04782024
0.02932941
0.04756131
-0.02441015
-0.00464576
0.05310060
-0.03108517
0.04327324
0.01953651
-0.04042159
-0.02548696
0.04655018
-0.03318525
-0.00762920
0.03914525
0.04844011
0.01276789
-0.02691849
-0.01104842
-0.02646625
0.05382836
-0.00644300
0.03918402
-0.02455450
-0.02391207
-0.01344118
0.01766747
0.02911948
0.00231154
-0.01569086
0.04761880
0.02524567
-0.03300132
-0.02247716
0.00867386
-0.01803569
-0.03280488
0.03639713
0.02004563
0.00281689
0.00275645
0.02747972
-0.05747862
0.02792547
-0.00403950
-0.04377735
0.04812519
-0.03645347
0.03223443
-0.00861386
0.01341537
0.01909288
-0.02488635
0.03763398
0.03997883
0.03960838
0.00021639
0.03771481
0.04384664
-0.02700389
-0.04340755
-0.02308104
-0.01564428
-0.04475520
0.04685006
0.04712968
0.03046366
-0.02951857
0.02598524
0.01851968
-0.01280073
0.03896341
-0.00784188
-0.00999521
-0.00923237
-0.00423350
0.03440812
0.02866938
0.01791904
-0.02436005
0.00199456
0.00851858
-0.03978179
0.04044689
0.03393768
0.01517047
0.00200842
0.01961291
0.01224872
-0.00603659
-0.00181113
0.03532131
-0.01353373
0.00406464
-0.00799175
-0.05301500
-0.04241976
-0.01636572
-0.00948994
0.02322594
-0.03138576
0.00782857
-0.04037209
-0.00796668
0.03023809
-0.04348414
-0.00487488
0.03356517
0.04758542
0.02928713
0.04011729
-0.00414342
-0.00556618
-0.00218361
0.04942379
-0.02603544
0.01331349
0.02499811
-0.02210352
-0.00261149
-0.01606541
0.00197758
-0.00927941
-0.02373356
-0.03412943
0.02472042
-0.01757345
-0.03449913
-0.06389631
-0.03286326
-0.03287159
-0.03137029
-0.06889306
0.01634723
0.03063788
-0.03947238
0.01942002
0.01993101
-0.03841363
-0.05113449
-0.01201307
-0.05040033
-0.01179569
-0.03824739
-0.05412567
0.00184667
0.02125357
-0.02282113
0.01891373
0.00334213
-0.03567443
0.00686534
0.01561094
-0.00645040
-0.01909791
0.01373648
-0.01630030
-0.03324724
0.04403259
-0.02921490
-0.01655378
0.01814358
0.02127717
-0.01050309
-0.02727903
-0.05228716
-0.04830493
-0.00447083
-0.05817560
-0.02095225
-0.03199412
-0.01454735
-0.03917733
-0.02008516
0.00225921
0.03552783
-0.03034182
0.00760579
-0.04137893
0.01770421
-0.02198197
-0.03282909
-0.05601306
-0.05486026
0.02035990
0.01143500
-0.00712680
0.01812665
-0.04020419
-0.04470044
-0.01666845
0.02467692
-0.02086938
-0.02316473
0.00245215
-0.02281975
0.00916197
-0.02638873
0.00255908
-0.06927387
-0.05448559
-0.03650404
-0.05951350
-0.03102497
0.00716236
-0.02304235
0.02327028
-0.05321739
-0.06578347
-0.00068517
-0.04827332
0.02147707
-0.00646994
-0.03634382
-0.02652457
-0.08168097
-0.05120678
0.00964932
0.02777738
0.01074864
0.03698689
-0.01054145
-0.01416376
-0.03727810
-0.00185906
-0.01657244
0.02804968
-0.04613129
-0.07197255
0.02490539
0.01951817
-0.07774369
-0.03631708
-0.01800339
-0.02194523
0.01684990
0.02070685
-0.04905680
-0.00604037
-0.01945491
0.00296084
-0.03144428
-0.03095978
0.02388109
-0.00926342
0.00628920
-0.05110472
-0.01214937
-0.00926221
0.03381564
0.00737848
-0.00823358
-0.03213500
-0.00855119
-0.04232499
0.02260213
0.02074692
0.01372314
-0.02725438
-0.03459053
0.00800926
-0.02701922
-0.04473577
-0.00431921
0.02161950
-0.01236290
-0.00664947
-0.01920108
0.02936827
-0.01492115
0.02958252
-0.00160717
-0.02595554
0.01309483
0.01514181
0.01689508
0.00356632
-0.04923425
-0.00077599
0.04273594
-0.00935014
0.00713849
0.05849908
-0.01950026
-0.00810451
0.02684392
-0.01179110
-0.03906437
-0.04066487
0.02956532
0.04826710
0.01007537
0.04509320
-0.03267172
-0.01104583
0.00593928
0.00794672
0.04219131
-0.00838436
-0.00698625
0.01917022
0.00490551
-0.03837056
-0.03973194
-0.04293124
0.03002655
0.00666163
0.03227007
0.02852863
0.00694174
0.02849280
-0.04680212
-0.02056407
0.00528044
-0.03924436
0.00984925
-0.02431188
0.05457974
0.03943283
0.00148323
-0.02263461
-0.02744897
-0.02800303
-0.04341621
-0.05093381
-0.03154400
-0.05022592
-0.03830552
-0.07163732
0.01871654
-0.01206480
0.01311063
-0.04985068
-0.02226423
0.02479299
0.03550050
-0.00046911
-0.05228157
0.00202519
-0.04374034
-0.00472552
-0.03357104
-0.05950087
0.06098510
-0.02546150
-0.04433067
0.02948986
-0.01448807
-0.00475902
0.04569830
-0.02897684
0.00494295
0.00879997
-0.02980370
0.00021446
0.04174251
-0.02560921
-0.02115205
-0.00712361
0.10814555
0.05570007
0.05183009
0.01628118
-0.04489059
0.01647572
0.00256475
0.04101158
-0.00051253
-0.00291054
0.04967099
0.03826044
-0.00435845
0.05114330
0.02152856
0.05417192
0.06107333
0.07195488
0.03756160
0.03202205
-0.02812294
0.00809531
0.05716349
0.02515953
0.00691153
0.03196577
-0.04042212
0.03938947
-0.02176424
0.01051892
0.02179500
0.02769637
0.07738522
0.02883432
-0.01854826
0.03242277
-0.03167076
-0.03201574
0.00564394
0.01197900
-0.02038223
0.02175876
0.00146947
-0.02226258
-0.01237166
0.02467246
0.05022040
0.01690836
0.01839196
0.00348502
-0.03346007
-0.04031050
0.01735094
0.03029723
0.04995496
0.03282678
0.03081106
0.00726463
-0.03480716
0.02844057
-0.00044040
-0.02422155
0.02311819
0.00423279
-0.04302383
-0.07979555
-0.05810076
-0.00867220
-0.01975742
0.01398453
0.00158414
0.04421698
-0.00921305
-0.05462706
-0.02727154
0.00366476
0.00093787
-0.09295174
-0.03102079
0.00368885
-0.07201951
0.00491878
-0.05111772
0.02563707
-0.00237022
0.02722942
0.03766737
-0.00722231
0.00159412
-0.07338626
-0.04868556
0.02613597
-0.03913929
-0.08524070
-0.01851419
-0.05289710
0.04582445
0.01898653
-0.01004724
0.07164910
0.04524064
-0.03146670
-0.00431793
0.00806373
0.04920394
-0.00633689
0.04992156
-0.05259917
-0.04188967
0.03388400
0.01576951
-0.02275654
0.07678384
-0.01017516
0.00957252
0.04562248
-0.01698439
0.02264070
-0.02258573
-0.03367100
0.03612944
0.05570020
-0.01706388
-0.01305006
-0.04818336
0.07666285
-0.01678860
-0.02363278
-0.06647446
0.02410958
0.02632652
-0.05717906
-0.04166770
0.04190536
0.01845803
-0.00102718
0.01756627
-0.00315985
0.04162140
-0.01773005
-0.02436594
0.00679320
-0.02448478
-0.02357265
-0.08752920
-0.00679551
-0.04629833
-0.07572154
0.04388370
-0.00732231
-0.05003008
0.01871253
-0.01440437
-0.03867949
0.01811870
-0.00858167
0.01849090
-0.07088726
-0.07282802
-0.02109171
-0.02480593
0.01440379
-0.01219929
0.05293861
0.04720493
0.02242920
0.01406632
-0.01141231
0.01220304
-0.03144106
0.02634238
0.02596060
-0.04874233
-0.03589107
-0.01820828
-0.04262235
0.05114413
0.03046273
-0.00125161
0.05080029
0.04851812
0.00367284
0.05864495
0.02002617
0.02803492
0.05951483
-0.00638607
0.00989714
-0.00297324
0.03406343
0.05691341
0.00287859
0.05828644
0.06884391
-0.02473527
-0.03765506
-0.01738011
-0.02939157
-0.01127218
0.02271296
-0.04157848
0.05171519
0.02954536
0.02488186
0.04335988
0.05303852
-0.00300284
-0.00509763
-0.07600545
-0.02489966
0.01235447
0.01542817
0.01663578
0.02609378
-0.02114984
0.02646703
0.00777485
0.01452339
0.03651042
0.03030486
-0.02323907
-0.02798411
-0.05122077
-0.04720873
-0.07370740
-0.05869560
-0.03194488
0.04476234
0.00675398
-0.02905113
0.02512397
0.01234645
-0.01217396
0.00866181
0.01271882
0.04535465
-0.04921539
0.01153303
-0.02293676
-0.03390157
0.06820660
0.02689159
0.02185195
0.03553106
-0.01437822
-0.04558734
-0.02133817
-0.01772326
0.02503547
0.01252286
0.02097155
-0.03567680
-0.02021922
0.00366334
-0.00882231
0.05320134
0.05968610
-0.02727516
0.04823858
-0.01035875
0.03345658
0.03351737
-0.03923990
0.03175401
0.03590909
0.04105637
-0.03516236
-0.02675960
-0.00037730
0.05359032
0.05806343
-0.02472012
-0.00456954
-0.06211843
-0.00949320
-0.06338068
0.00622888
-0.00863063
-0.04486900
0.01326316
0.04551312
0.02389788
0.00196429
0.03016366
-0.01868767
-0.00043647
-0.00643874
0.03886542
-0.04777163
-0.02634172
0.03848547
-0.02199795
-0.04970850
0.00076870
0.00200195
0.00730707
-0.03269822
-0.05229619
0.01861848
0.04467054
-0.01201474
-0.02721595
-0.04434850
-0.05123425
0.10851940
0.03864592
0.03961949
0.07377712
0.01687404
0.01789154
0.07001188
-0.04541814
0.00687595
0.06341798
0.04683976
-0.00500146
0.03624668
0.06199957
0.02776930
-0.02904694
0.09507066
0.04742555
-0.03204365
-0.02036656
-0.00200604
0.01853980
-0.02862861
0.01167319
-0.01472421
-0.02789424
0.03252910
-0.01111143
-0.05207620
0.06287055
0.01238880
0.03921803
-0.02079741
0.02231015
-0.03477991
-0.04373259
0.04456047
-0.00737771
-0.05360151
0.04843636
-0.03249866
0.03540062
-0.03370937
-0.02932289
-0.00637177
-0.00067976
0.03243369
-0.04559261
-0.12336157
-0.09633447
-0.00532131
-0.03905912
-0.00667964
-0.00984454
0.01094893
0.00842588
0.03213821
-0.05527817
0.00305569
0.02942169
0.02127522
-0.07646642
-0.00536335
-0.03244413
-0.09339242
-0.06947350
-0.04995743
0.03409921
0.01071767
-0.02163183
0.00857260
-0.00362504
-0.04911795
-0.04970739
0.03800904
0.00902766
0.01054414
0.01903390
-0.00031096
-0.06180832
0.07881085
-0.01350257
0.02776535
-0.01259817
0.04356589
-0.00781470
0.02280631
-0.01726411
0.03702010
-0.00046627
-0.00249025
0.00955797
0.00332210
0.02469358
0.06025381
0.01415843
0.07613469
0.00244615
0.04554478
0.00273763
-0.00159926
0.01221202
-0.03728297
0.00967479
0.01079754
0.04426355
-0.02126413
0.04528479
0.00239239
-0.00873869
0.02899843
0.02220755
0.03568639
0.00074145
-0.00583251
0.04101423
-0.01384380
-0.02985650
0.02161496
-0.01367484
-0.04115507
-0.03890753
-0.02430546
-0.00132090
0.00467951
0.03029348
-0.00436445
-0.05097637
-0.02518942
-0.03205670
0.04306715
-0.02337476
0.02734321
0.02641011
0.01880438
0.04332978
-0.01723312
0.00316986
0.00018104
0.03163702
-0.04506839
-0.01210688
0.02951984
0.00613159
-0.08386921
0.00804304
0.02480058
-0.05561603
-0.01892093
-0.02366202
-0.05198126
0.04048361
-0.01424470
-0.02170722
-0.04615208
-0.04248876
-0.00443124
0.01255198
-0.00684409
-0.00082868
0.03775759
-0.03339161
-0.01051430
-0.01969834
-0.04818304
0.04150476
-0.04376277
-0.04437219
0.03725402
0.01784276
0.04509827
-0.04999728
-0.04963175
0.02741183
0.03782507
-0.04036712
0.01917874
0.01698429
-0.00605403
-0.05520647
0.03984108
0.02794886
-0.05825091
0.02654907
-0.02554261
0.02869709
-0.02318418
-0.04550636
-0.00913573
-0.02285480
0.00379460
-0.03497733
-0.06119622
-0.06887867
-0.03009625
-0.05578650
0.03644788
-0.05129664
-0.04479039
0.02184861
-0.01578625
-0.02253978
-0.01923421
-0.03193584
0.02804283
-0.00144401
0.01536655
-0.02358479
-0.11945381
-0.07682858
-0.02201413
-0.05316266
-0.03411501
-0.04931604
-0.04844471
0.01447740
-0.04193906
-0.03378038
-0.03582626
0.04617735
0.04505554
-0.03178969
-0.05826046
-0.06916078
-0.10324357
0.01594151
-0.05209771
0.02633636
0.03735872
0.01031402
-0.01623966
-0.00652329
-0.04377586
-0.03120481
0.02640141
-0.02793419
0.03834686
-0.02949212
0.01000689
-0.00527286
0.01368609
-0.00450753
0.01782738
0.01840931
-0.02343198
0.00952532
-0.04426765
-0.00522950
-0.03060602
-0.02727345
0.02908718
-0.00148907
-0.01787719
0.03513758
-0.05302084
0.04088140
-0.00254490
-0.04060874
-0.05586190
-0.00765651
0.01059680
-0.05052694
-0.01879566
-0.01717608
0.00957225
0.00931709
-0.01633402
-0.00235089
0.03744569
-0.04687396
0.01244580
0.01463014
-0.11521522
-0.06768759
-0.05205876
-0.06668335
0.00768611
-0.03178633
-0.00326318
0.04615425
0.00301772
-0.03920911
0.01147810
0.00724052
-0.05027143
-0.07345166
-0.01672718
-0.04645723
-0.09850906
-0.03474234
-0.04132428
-0.06728523
-0.00164512
0.02182951
-0.04899732
-0.04826979
-0.01615111
0.00807262
-0.03964381
-0.04681093
-0.03422585
-0.05318241
-0.07558005
-0.02306320
0.02959887
-0.03148013
0.04690747
-0.02261689
-0.04973147
0.01883806
0.05127253
0.04377975
-0.05141413
0.00002758
-0.02675569
-0.02395684
-0.01460932
-0.02189911
-0.00703337
0.01734279
-0.01329479
0.00838491
0.04680356
0.07341472
0.00023633
0.01673538
-0.03558901
0.04435712
-0.01416041
0.04061863
0.00606288
-0.04360681
-0.01978080
0.05132104
0.01222268
0.00809633
0.10544635
0.02748391
0.03460204
-0.00531069
0.02124657
-0.02891636
0.02741543
-0.02691903
0.02975851
0.06917298
0.00768140
-0.04694358
-0.03310378
0.04597153
0.00743476
-0.03974945
-0.02847359
-0.00385336
-0.01599082
-0.03158775
-0.01909521
0.02316036
0.05703068
0.04393630
-0.01013258
0.04025131
0.00644147
0.02547670
0.00840933
-0.03151318
0.03210474
-0.02921357
-0.01971522
0.00948147
-0.02442704
-0.06573420
-0.00601116
0.02602016
0.04639192
-0.04540050
-0.03080753
-0.05448683
0.00235021
0.00009274
-0.00093941
-0.07793472
-0.07732941
-0.06521166
-0.00743889
0.00495445
-0.02286895
0.04980930
0.00923482
0.02717247
0.03136572
0.03279790
0.04114160
0.02347941
0.00117362
-0.04629995
0.02243730
-0.02118002
0.01722410
-0.00296675
0.05954759
0.02976017
-0.00595395
-0.00158417
0.02330261
-0.01666516
0.04103552
-0.02015407
0.03642400
-0.03437553
-0.02086366
-0.01443652
-0.02086492
0.00554941
0.04909400
0.02085711
0.09631763
0.02155747
0.04598605
0.04876431
0.04706825
0.03249106
0.06617706
0.01491239
0.04344381
0.08175381
-0.00826962
0.03116070
0.02806407
0.03412344
0.08044837
0.01975353
0.07068566
0.04133582
-0.01316149
0.06414766
0.01116615
-0.02094592
0.01821723
-0.02260198
0.02999247
0.05384799
0.04548985
-0.01908140
0.03806775
0.02343765
0.06003993
0.05756560
0.08427554
0.05944946
-0.02895662
0.04018556
0.03044708
0.02547647
0.06042490
0.01674934
0.02144334
0.04064127
0.03764619
-0.00086903
0.04393119
0.01971854
0.02090251
-0.03822237
0.08063570
-0.00813442
0.02478355
0.05605634
0.04424066
-0.00690011
0.00615189
0.01188337
0.03811924
0.01175701
-0.03242203
-0.04323053
-0.03575068
0.03270069
0.05364536
0.04786809
-0.05588338
-0.05379330
-0.00484867
-0.00874293
-0.03427679
0.01291690
-0.02651427
0.01835960
-0.03973925
-0.02166441
0.01080981
-0.02955044
-0.03384533
0.02687769
-0.03533152
-0.02922538
-0.00215738
-0.04030108
0.01020479
-0.01530501
-0.01023765
-0.00805314
-0.05887594
-0.02838244
0.03822085
-0.03991199
-0.00118523
0.00376531
0.01156172
0.04148253
0.02416135
0.03151594
0.01056191
0.02806676
0.02106355
-0.02044012
0.01854999
0.01951609
-0.05150635
-0.01765235
0.02039407
0.00639650
-0.01535470
-0.00590146
0.02750011
0.00015095
-0.03519151
0.04610791
0.02575880
0.01755921
0.02802198
0.02102232
-0.03599563
0.01543316
0.04158204
-0.00462643
-0.03737472
-0.01476388
0.03394811
0.00705542
-0.00804691
0.04422763
0.01888921
0.01083207
0.01126904
0.04376370
0.02145618
0.01193996
-0.03169155
0.04229160
0.04749347
0.01749185
-0.02720273
0.02304152
-0.01513276
0.00417385
0.00045180
0.05274658
0.06790674
0.05504607
-0.03100081
0.01148026
0.02804934
-0.03146734
0.01652961
-0.03545497
0.02757503
-0.00718045
0.00211207
-0.04324416
0.00692338
-0.03447273
0.03368661
-0.04102189
0.02731038
-0.02846764
0.00118159
-0.03810024
-0.03819210
-0.03206512
0.02091075
0.03314812
0.00462708
-0.02042636
-0.03541725
0.00033852
-0.00787908
0.04631590
-0.04321547
-0.05499728
0.02764635
-0.00968280
0.01894950
-0.03534265
0.00643618
0.01379095
-0.01202057
-0.01285669
0.01126742
0.00768442
0.04007133
-0.01584421
0.00656222
-0.01548207
-0.01577681
-0.02752515
-0.01347988
-0.03448092
0.01736066
0.01113377
-0.04245941
-0.01859018
0.01473089
0.02309496
0.05332458
-0.04933618
0.04757714
-0.00955047
0.01929989
-0.01058338
-0.01914148
0.05267682
0.04727959
0.01059634
-0.06836244
0.01776956
0.03112009
0.03414654
-0.04276651
-0.00753597
-0.00728924
-0.03556199
-0.04202554
-0.05526553
-0.01906905
0.00628325
-0.02667383
-0.00043776
-0.02378717
0.01778982
0.01081400
0.04428163
-0.01427079
0.04364992
0.02525795
-0.01899124
0.00274502
-0.01165025
0.02147163
0.04010160
0.01027758
0.04062530
-0.04697534
0.03523048
0.01324607
0.04038568
-0.03965399
0.04280202
-0.04601947
-0.00574741
-0.04724434
0.00131375
-0.03110866
0.00708248
0.00272489
0.03252443
-0.00284576
0.03286461
-0.04640609
0.00739661
-0.01193029
-0.01489823
-0.06986990
0.01255539
-0.01765035
-0.03568640
-0.05068519
0.02358582
0.02877784
-0.03051806
-0.01766456
-0.03041649
-0.03470974
0.02512291
0.04132276
0.01121545
-0.05531117
0.01599629
-0.04417306
-0.04644115
0.01303098
-0.03167389
0.03221440
0.04671607
-0.00741545
-0.02294002
0.02006095
-0.04063177
0.04227882
0.02295896
0.01097396
0.02127818
0.03159587
0.01192591
-0.04355330
-0.00582783
-0.01244241
0.05202343
-0.01673684
-0.01513493
-0.03008443
-0.01183035
0.02384607
0.04504818
0.04702706
-0.04544928
-0.05021004
-0.00538567
0.04289009
0.03425914
0.08637913
0.05265802
0.01062641
0.04386640
-0.01254917
-0.01996189
0.03075832
-0.04339523
0.05777349
0.05965715
0.03203385
-0.03161746
0.00732393
0.01142907
0.03711841
-0.00485365
-0.04500400
-0.04246407
-0.04805917
0.04647400
0.04572614
-0.03061576
0.00048783
-0.02442098
0.01857345
0.00202869
-0.01894491
-0.00526347
0.00684712
0.00752452
0.03227825
-0.02196996
-0.06729281
-0.05901023
-0.04641335
-0.05238764
0.00714965
-0.01859020
-0.01164707
-0.00615835
0.00581831
-0.04608589
0.02320908
-0.02661918
-0.00780694
-0.04186346
0.00468145
-0.06079339
-0.06997555
-0.04314492
-0.01963899
-0.01662964
0.00845769
0.04309270
-0.04969766
0.02595360
0.04090662
0.01493046
-0.01117065
-0.01294835
-0.02666527
-0.03970115
-0.06898478
-0.00440040
0.01212090
0.03910785
0.03351653
-0.01600866
0.04106651
-0.04913870
-0.02209042
0.01581074
0.03059066
-0.01504817
-0.00088498
0.02407094
0.03094547
0.03413297
-0.04119288
0.04313758
-0.01036470
0.01417608
0.04403929
-0.03594079
-0.04512040
0.04187927
-0.01097922
-0.00537266
-0.01035164
-0.01848863
0.01936687
0.04462500
-0.00085315
0.04491357
0.00885684
-0.00828322
0.08653966
0.05945690
-0.03364999
0.02877228
-0.02574438
-0.04144378
0.03302675
0.02902508
-0.02101985
0.01305590
0.00023517
-0.01404056
0.03162871
0.02303937
-0.02435251
0.06029958
0.05167035
0.02714363
0.03206322
-0.01744729
0.04099252
0.03607720
0.04651549
-0.02379243
0.04820695
0.01193022
0.04072148
0.04423958
0.04456693
0.05209057
0.00300922
-0.00239165
-0.07625709
-0.00609446
0.04365221
-0.03264463
-0.03187580
-0.02414185
-0.01385196
-0.02280821
-0.00697059
-0.05560004
0.00112409
0.01379385
-0.01693059
-0.06039599
-0.02910723
0.00966219
-0.01739406
-0.03212461
-0.03530674
0.01676277
-0.03114918
-0.04138374
-0.01738043
0.00271184
-0.04056922
0.03505483
0.01867179
-0.00856460
0.02023901
-0.03784387
-0.03539136
0.00792323
-0.03136418
-0.04303074
0.03271513
0.01752634
-0.00320476
0.02492614
-0.02674511
0.03278001
-0.01511831
-0.03217421
-0.05317508
-0.01442752
0.04582253
-0.03091986
-0.01953130
0.01058733
0.04905619
0.02137124
0.01692673
0.02268173
-0.04285840
0.01411486
-0.00663106
-0.00062474
0.02746025
-0.01206284
0.05233694
0.02662131
0.00714921
-0.01492307
0.02594713
-0.02798018
0.02223181
0.03666437
-0.00658319
0.06943309
-0.03111825
0.02044726
0.02622708
-0.00589712
0.04811701
0.03446726
-0.01173182
0.00871628
-0.02872712
0.06977921
0.06308179
0.01210069
-0.01475092
0.00059571
-0.02633694
0.00537494
-0.04100295
0.04326199
0.02383383
0.04341396
0.04965981
-0.02513960
0.02174775
0.04428065
-0.01478874
0.04606490
0.05795135
-0.03431335
-0.02986629
-0.03632211
0.02306882
0.01069053
0.03938632
-0.02503012
0.00633862
0.03959740
-0.03073877
-0.04415336
-0.02513234
-0.04573150
-0.03799234
-0.01204888
-0.00960304
-0.05431210
-0.09316897
-0.06059160
0.03590466
-0.07778666
-0.02848027
0.03098613
0.01362187
0.04689213
-0.05283022
-0.05463282
-0.02631825
0.03564215
-0.00221632
-0.01980455
-0.03630016
-0.00574044
-0.09766060
-0.05549885
0.01632978
-0.02628929
-0.04425492
0.01312214
-0.03011289
-0.00274757
-0.01194395
-0.00514517
-0.05178549
-0.00377951
-0.00255781
-0.04857602
-0.04461708
-0.01337616
-0.13146982
-0.04119093
-0.02980093
-0.07079897
-0.00836758
-0.00869580
-0.02267699
-0.01576819
0.01066214
-0.03002548
-0.05668195
-0.00867639
0.01484241
-0.07437630
-0.05020856
-0.01856200
0.00948996
-0.02306599
0.04435201
-0.00584654
0.02853655
0.01289058
-0.01500080
0.01194344
0.03740828
0.00634048
-0.00926668
-0.01710096
0.02117327
-0.03326449
0.02778361
0.03760514
-0.04038548
0.00525006
-0.02801534
-0.06496359
-0.01549987
0.01604094
-0.05179631
0.03925067
-0.02614749
-0.02159150
0.03442372
0.04620942
-0.02773634
-0.01929802
-0.04485763
0.02182997
-0.10764872
-0.03239736
-0.05661926
-0.02040338
-0.01122860
-0.04337488
0.02411722
-0.00220751
0.01656515
-0.07176889
-0.02337213
-0.03076926
-0.03285826
-0.01721706
-0.02334585
-0.00655585
-0.09363136
-0.06267972
-0.02615897
-0.01210266
-0.00748752
-0.03810221
-0.04231748
0.03684267
-0.03961086
-0.02695227
-0.02438431
-0.05121451
-0.03417425
-0.07327589
-0.07878646
0.00794604
-0.06708126
-0.05596129
0.01022095
-0.01732129
-0.00880804
0.03495261
0.04238709
-0.04586545
0.02972905
-0.05420345
0.00925309
-0.00145170
0.00923856
-0.00816570
-0.08570519
0.01066684
0.04320711
0.04585669
0.01446535
0.01563617
0.02982019
-0.03841867
0.02517102
-0.04485554
0.02397427
-0.03995396
-0.01063950
-0.00077578
0.02505783
0.05106084
-0.02173668
0.04185157
-0.04725862
-0.04962207
0.01683443
0.01976928
-0.04571651
-0.01601280
-0.01797102
-0.01394209
0.02540108
0.02683569
0.02347200
0.04569029
-0.03500897
-0.03287446
0.02722983
-0.05707443
0.10882826
0.07455348
0.02199358
0.08873748
0.01608620
0.00430123
0.07241742
-0.04409440
0.02463789
-0.01027152
0.06661188
0.02041540
-0.01321489
0.05207260
0.02750306
0.04140821
0.08859123
0.02704663
-0.02291948
0.07292289
0.02801601
0.01626844
-0.00379638
0.04246069
-0.03538769
0.02764048
0.01693182
-0.05026580
-0.04444578
-0.01132565
0.03171336
0.01458181
0.04843040
0.03351957
-0.00322358
-0.02586597
-0.01579266
-0.04336322
0.04931276
-0.02781518
0.00174588
-0.00019521
0.03126154
0.03454353
0.00667981
0.03024726
0.00752901
0.01095842
0.07812406
0.06237185
-0.04035642
0.04780275
-0.03874636
0.00265838
0.03750787
-0.05087091
0.02060578
0.03057235
-0.03337220
-0.01901948
0.02055206
0.01493535
0.01605271
0.00185075
0.05866004
0.04197976
0.01061967
-0.03538566
0.04688555
0.03972745
0.06386370
0.01978643
0.03249686
0.03862242
-0.01809480
-0.01172204
-0.03386709
0.05289980
0.03532762
0.05269565
0.09604045
0.02054412
-0.01403781
0.04926532
0.04582063
0.04335606
0.06091968
-0.04607683
0.05872031
0.07043033
0.00068338
0.03662135
-0.02991207
0.02665902
0.04818687
0.00569118
0.00775299
-0.01369234
-0.00233946
0.00275876
-0.05274000
-0.02441631
0.00686129
0.03569043
-0.03076395
0.00949435
-0.04660344
0.00253878
0.01854556
0.02848014
0.03740039
0.02261435
-0.02352411
0.00747523
0.01796776
-0.03648611
0.04630167
0.00411822
0.03537249
-0.00101821
-0.04739266
-0.04759325
0.01486749
0.01246324
0.01133098
-0.00866839
-0.05059620
0.03261889
0.03680819
0.03081520
-0.03884846
-0.01473173
-0.00070352
-0.04116490
-0.01787804
0.04718285
0.00980500
0.00377512
0.02128709
-0.03482284
-0.04432616
0.03341360
0.01347053
-0.02948587
-0.04513494
-0.03669168
-0.05213182
-0.05435169
-0.00184979
-0.00951187
0.00144599
0.01410036
0.00190987
-0.03393853
0.00297856
0.00787753
0.04324637
0.03019947
0.02293966
0.00317767
-0.04966509
-0.02652345
-0.04614502
-0.07129799
0.03341133
0.03958936
-0.03917600
-0.02849958
-0.05287819
-0.02838440
-0.05706492
0.02871505
-0.01571810
-0.02235610
0.02211196
0.04229992
-0.03089250
-0.05421661
-0.00818393
-0.04199919
-0.00393122
-0.02729231
-0.04017131
-0.04275989
0.04213772
-0.02992037
-0.02104093
-0.00494052
0.04239458
-0.05840068
-0.00423092
-0.01299561
-0.00620129
0.00922079
0.04011487
-0.00629177
-0.00241668
-0.03949041
-0.02157589
-0.04658740
-0.04154992
-0.02799326
-0.00665372
0.03230811
0.04270368
0.02481093
-0.01400044
-0.00965165
0.10216043
0.01948231
0.04206035
0.06384470
0.04573040
0.03561463
0.04525490
-0.00175089
-0.01796225
0.00501491
-0.02112221
-0.01365107
-0.02064483
0.01462831
-0.00817878
-0.01383658
0.00174058
-0.07079169
-0.03906638
-0.00706227
-0.01529309
0.04013566
0.02777679
0.00462821
0.01129234
0.02804153
-0.00746344
0.04649937
0.04072690
-0.02823593
0.01322593
0.01230360
-0.01735423
-0.00022710
0.00609541
-0.02494326
-0.04168727
0.00257400
0.00618735
-0.04577094
-0.01337140
0.03686696
-0.01043846
0.03721766
-0.04032250
0.00631269
-0.00626039
0.03322901
0.05550752
0.00088248
-0.03508715
0.01409891
0.01901364
-0.00730388
0.05513431
0.04243369
0.01062148
0.00032440
-0.01261868
-0.01756307
0.02602199
0.03918210
0.06949546
-0.02417483
0.08910643
0.01935007
0.01771482
0.01517633
0.01797431
0.00520091
-0.02654328
-0.01895050
0.03851505
0.03412940
0.01704549
0.01694309
0.03844028
0.04185952
0.01521258
0.06652307
0.13610144
0.08667707
-0.01418417
0.05635231
0.03986441
-0.02024729
-0.00749638
0.01782635
0.04356356
0.01239681
-0.03509911
0.01755939
-0.00197538
0.09185565
0.03851673
0.00200653
-0.05769059
-0.01470837
0.00032831
0.01820599
0.03918019
-0.00601650
0.03558841
0.01851231
-0.00079548
-0.03374853
-0.02309900
0.03902416
-0.01006911
0.03728278
-0.02297530
-0.00864340
0.05922974
0.01905437
0.04031907
0.01120558
-0.02477747
-0.00026489
-0.01921050
-0.04442247
0.02603549
-0.04274910
-0.00302004
0.02617488
0.03007191
-0.03953484
0.04796793
0.05444730
-0.01632347
-0.00244441
0.03216992
-0.09564298
-0.00412177
-0.01839416
-0.07656644
0.02431088
-0.05679048
-0.01214510
-0.03005902
-0.02496569
-0.00368167
-0.06950886
0.03323957
-0.04449227
-0.01534614
0.00504508
0.01183505
0.00698709
-0.02169874
-0.05068772
-0.04094557
0.01663004
0.04864738
-0.04551888
0.00285681
0.01134007
0.00625379
-0.03336460
0.02274225
0.03137924
0.13509306
0.03523313
0.01112177
0.05713759
-0.02535611
-0.03717726
0.04294844
0.01467815
-0.00355547
0.05947229
-0.02190256
0.02913014
-0.05007045
0.09868998
0.04594689
0.00082363
0.07416134
0.00564200
-0.02139058
-0.03726770
-0.00773647
-0.01365791
0.02015567
0.04302011
0.03456508
0.05653739
0.03683199
-0.02853230
-0.05278295
0.08073745
0.00037671
-0.00876630
-0.13547650
-0.09625560
0.00510051
-0.08280906
0.04626096
-0.00785240
-0.03094157
0.01105787
-0.00684059
-0.03136988
0.00166480
0.03047854
0.03934328
-0.05917935
-0.04685295
-0.07350315
-0.21330506
-0.12818570
0.02735374
-0.09362136
-0.00779370
-0.03893260
-0.06959358
-0.03405979
-0.00923991
-0.07859100
-0.00768028
0.01282393
0.01757294
-0.08763810
-0.08519562
-0.00884967
-0.07781227
-0.00835187
-0.00401896
0.03823324
-0.04229678
0.02787965
-0.02993115
0.00321181
-0.00051302
-0.06963895
0.00049357
-0.00907632
-0.05127592
-0.06909493
-0.01765293
-0.03740269
0.15137373
0.08461981
0.00382158
0.07037184
-0.00134867
-0.02101822
-0.00279896
0.02920233
-0.00735600
0.03214737
-0.02339136
0.04879076
-0.05173647
0.03172626
0.04797783
0.01686034
0.03746649
-0.00888713
-0.02494505
0.01369371
0.01627586
0.05170557
0.02045755
-0.01561731
0.01580035
0.05404598
-0.01865285
-0.00693768
0.03006777
0.04194641
0.03239958
0.01390450
-0.06977037
-0.05263169
-0.02207941
-0.00171047
-0.00427077
-0.01360945
-0.03741831
-0.03442619
-0.02739682
-0.05088840
0.04290548
-0.03946939
0.04425881
-0.04218284
-0.02220161
-0.04844022
-0.06366916
-0.01904684
-0.02202602
0.02631257
0.01180697
-0.00150398
-0.02826520
-0.03490696
0.00423688
-0.02670402
0.03845436
0.02189950
-0.01390887
-0.02684136
-0.04893376
-0.05518724
0.02211205
-0.00577920
-0.01823510
0.01938512
0.04371523
0.03943132
-0.02737504
-0.03199439
0.00609653
-0.01202518
0.01932484
-0.00570935
0.03311267
0.05908413
0.02257690
0.02354011
0.07410161
0.08918761
0.01963263
0.00137509
0.02896873
0.03674263
-0.01562059
-0.01033780
0.00172167
-0.00590794
0.03458620
0.02199862
-0.05060398
-0.00475440
0.01512319
0.01304263
-0.08976457
-0.02778771
-0.05214601
0.01243798
-0.04979036
0.02421655
0.01394971
-0.03817523
-0.00314560
0.02893656
0.01913206
-0.01972118
-0.05070327
-0.04485148
-0.03888620
-0.04514276
-0.01026297
0.04003718
0.00225833
0.02721059
0.04559873
0.05518210
0.00234701
-0.03025775
0.02843150
0.01265242
-0.02879066
-0.00401044
-0.04759590
-0.00463136
-0.00336697
0.01424946
-0.03133469
0.00312794
0.04582730
-0.05213601
0.00100578
0.01477886
0.00102721
-0.00623566
0.02356487
0.00311706
-0.03826338
0.01200584
0.03270871
0.02950179
-0.01913595
0.02405218
0.02542721
0.04271630
0.02978382
-0.00141334
0.04974069
0.02335615
-0.00580987
-0.05156414
-0.04582586
0.02946689
0.02523980
0.00754320
0.02632150
0.01546733
0.06721962
0.00777652
0.00146951
0.01634384
0.03076595
-0.06477182
-0.03072356
0.02151187
-0.04647999
0.02378664
0.03437534
0.04628158
0.01518002
0.01667420
-0.01470695
0.01910528
0.03445396
0.01249048
-0.12600474
-0.06141214
-0.05282558
-0.05688157
0.02374864
-0.03174381
-0.02903165
-0.03554946
-0.00482153
-0.08949013
-0.00435474
0.02607481
-0.03831835
-0.03402834
-0.08709017
-0.01345079
-0.03985326
-0.00103505
-0.04907959
-0.01451793
-0.00409946
-0.04734860
-0.02571256
-0.00943803
0.03097789
0.00060121
-0.02026072
-0.02086705
-0.02851786
-0.03800147
0.03175844
0.03330809
-0.04410877
-0.04010608
-0.00835532
0.01402970
-0.02749022
0.01839133
-0.01368924
0.02430251
0.04446305
-0.03439647
0.00090992
0.04102345
-0.01015604
0.01201219
-0.02764491
-0.03343600
-0.05550579
-0.04326494
-0.01694006
0.01872733
-0.03020631
-0.03552282
-0.00468302
-0.03545773
0.03815697
0.02375368
-0.04991325
-0.02745416
0.04143369
-0.05802153
-0.05292018
-0.03894339
-0.08745288
-0.03611835
0.02017579
0.00798469
0.01262504
-0.01160552
-0.04166591
-0.00093679
-0.04351719
0.00420855
-0.06059482
0.03225380
-0.04194837
-0.03119433
-0.01492454
0.00733928
-0.11597952
-0.07975306
-0.03801806
-0.01510773
0.01487290
0.00816801
0.02560162
0.04608960
0.01041532
-0.05685420
0.02171889
-0.02584456
0.01049733
-0.03701412
-0.07548673
-0.02715974
0.06308599
0.06822308
0.04528412
0.01846645
-0.02035474
0.05282246
-0.02704356
-0.04877798
0.04952037
-0.02382343
0.04088161
0.02615345
0.00615954
-0.01649304
0.03194001
0.04270029
0.03114400
0.04741891
0.05146855
0.01747890
-0.00059189
0.05840475
0.06429423
-0.00179878
0.03523295
0.02228067
0.04746710
0.04152671
0.01148741
0.07351509
0.00203262
0.02317580
-0.00352202
-0.00157198
-0.00563695
-0.00890592
0.04867696
0.02145649
0.00729382
0.02796972
0.04227273
0.02928931
-0.04041552
-0.01465492
-0.03276908
0.05575263
-0.00276295
-0.01625257
-0.09343293
0.00418777
-0.03583437
-0.03079057
-0.03202049
0.02755563
-0.06163958
0.02628554
0.04411631
-0.00112660
-0.04116725
0.01586919
-0.04064595
0.00815569
0.01580550
0.01301802
-0.03957786
0.01552955
-0.01344858
0.02801836
0.05002266
0.04183631
0.01244358
-0.00441173
0.04199437
-0.03956654
0.00851728
0.02416520
-0.02526002
0.03210347
-0.06165040
0.03175787
0.02093882
0.03873448
0.00462062
0.01444610
-0.03656777
0.01296909
0.03135971
0.02078879
0.03607658
-0.00788502
-0.01437185
0.03452430
0.04369687
0.01454087
-0.02457329
0.00654845
0.13014452
0.08577047
0.01250058
0.03552428
-0.02884131
-0.04235879
-0.02263620
-0.01794331
0.00308968
0.05762162
0.02992889
-0.00116700
0.04072642
0.00458744
0.04097417
0.01682046
0.08378685
0.07764646
0.04001117
0.07829179
0.00506161
-0.03955803
0.03415177
-0.01304163
0.06812496
0.03140549
0.03492511
0.03257723
0.00575766
0.05657348
0.05706009
0.06146710
-0.05754650
-0.00333512
0.02183548
-0.03454779
0.00075351
0.01652114
-0.05060189
0.03361348
0.03472245
-0.05139053
-0.03909870
-0.02076289
0.02089388
0.00089340
-0.00718103
-0.02184534
0.04423704
-0.02740907
-0.01437138
0.01112092
-0.03643873
0.00414368
0.02552279
-0.03253252
0.04038264
-0.01211293
0.00217860
-0.03075974
-0.05153453
0.00084919
-0.03701307
0.02140638
-0.07384513
-0.04179816
-0.02017919
-0.06908889
0.01331582
0.01525263
-0.04479791
-0.03906432
0.03579926
-0.05929761
-0.04978528
0.01675694
-0.01022982
-0.00029351
-0.02924139
-0.01780463
0.09217454
-0.00303466
0.02349144
0.05449910
-0.03070829
-0.01872169
-0.05692783
0.03952244
-0.02498860
-0.00290838
0.03905279
-0.03796104
-0.00846613
0.06590093
0.06384831
0.02972711
0.10615770
0.09369662
-0.00078737
-0.00276932
-0.00935406
-0.02242702
0.03548544
0.04026517
0.02933820
0.02745470
-0.03213297
0.03345159
0.01443377
0.06584980
0.00642451
0.05512907
-0.04852480
-0.01762793
0.02666602
-0.04046139
0.02837011
-0.01930406
-0.02967700
-0.02967441
0.01241569
0.02791449
-0.04967048
-0.01426064
0.00325782
0.03147731
0.00089021
0.01238778
0.05233583
-0.04086738
0.02810939
0.03807562
-0.00384267
0.00558095
-0.04569028
-0.02249048
0.04416244
-0.01232729
0.01280675
0.02629480
0.03829043
0.00294814
0.00396657
0.00572191
-0.18480146
-0.11319656
-0.01921247
-0.09641445
-0.00103883
-0.02910253
-0.00345516
0.01234362
-0.06461461
-0.00416538
-0.03283015
0.01809807
0.04477092
-0.11478350
-0.06844825
-0.01736595
-0.08431181
-0.03074188
-0.04388400
0.02300474
0.02791410
0.03954543
-0.07417960
0.03868261
0.01081558
-0.01884953
0.01882395
0.00693823
-0.04730632
-0.02203870
-0.03002006
-0.03051552
-0.00842514
0.01271186
-0.01293757
0.02116565
-0.01472700
0.01016798
-0.06548907
-0.00276122
0.00476453
0.03569613
0.00775052
-0.02911678
0.00881101
-0.04685148
0.02875150
-0.03177632
-0.01746938
-0.00862932
-0.00974406
-0.05715241
-0.01501630
0.02872905
-0.01000534
-0.00053333
0.00020767
-0.03515272
-0.02587482
0.01595480
0.00247072
0.00558018
0.03003062
-0.02977919
0.03620370
-0.02140374
-0.03480094
-0.01594669
0.00666592
-0.01996888
0.00964732
0.02931485
-0.01587669
0.03983697
-0.00581897
0.02026690
-0.04549617
-0.03867579
0.03070646
-0.03074247
0.03587829
-0.00826203
-0.04298022
-0.03883041
-0.03400157
-0.00351699
0.03946164
0.01964073
-0.04303798
0.00567793
0.03316962
-0.00332848
-0.03227760
0.04578098
0.05184483
-0.00161511
0.04037862
-0.00768553
-0.04159708
-0.01638946
-0.00078014
-0.00309197
0.05565535
0.03515144
0.05589101
0.05493909
-0.02164089
-0.04627878
-0.02681812
0.04971851
0.01583910
0.04996870
-0.01017153
-0.03675116
0.00964748
-0.01829996
0.05091290
-0.02590034
-0.03632768
-0.01753619
0.03424115
0.03918203
0.04318554
0.03741788
0.00378375
0.00122254
0.01715697
-0.05459906
-0.00145883
-0.05443735
-0.03267296
0.02027266
-0.00187068
0.00714977
-0.04776806
0.02084978
-0.02130398
0.02844418
-0.05091303
-0.00635638
-0.05076974
-0.00132850
-0.01666504
-0.03660839
-0.02065719
0.00095407
-0.03009566
-0.04449176
-0.03047028
-0.00567443
0.01883748
-0.03416586
0.00144795
0.02704559
0.02650833
-0.03267623
-0.01690941
-0.05224361
-0.03949488
0.03110328
-0.06912398
0.02584793
-0.00569506
0.03265511
-0.00485936
-0.02918211
0.02313917
-0.01718911
-0.04506351
-0.05574571
0.00628457
0.04229879
-0.00832251
-0.02678136
0.02719674
-0.03578760
0.04212069
0.04350736
0.03379300
0.04017492
0.03361996
0.00376190
0.01364293
-0.04310464
-0.01378520
-0.00107625
-0.01424220
0.01825575
-0.01220857
0.06041498
0.01547656
-0.03247342
0.03567343
-0.04503483
-0.04784485
0.03794046
0.03824827
-0.00096638
-0.03754492
-0.00636400
-0.00015924
-0.04047870
-0.04393873
-0.01116827
-0.04125602
0.04306180
-0.02317872
0.02540118
-0.02693998
-0.05856857
0.02404462
-0.02804899
0.00292856
-0.03613624
-0.03790997
-0.03693743
0.00882595
0.01450828
-0.04386617
0.02171494
-0.03585536
-0.01899455
-0.01417732
0.00463960
-0.04199113
0.01045197
-0.01741476
0.04126618
0.03209720
-0.02565818
0.03724563
-0.04316879
-0.04970261
0.03512915
0.01587989
0.00388354
-0.04607682
-0.02070330
0.01815590
0.01648265
-0.08682654
0.00449956
-0.03909442
0.00233630
-0.01822614
-0.00174419
0.02112020
-0.02369783
-0.05633236
-0.05574463
0.02669314
0.03914616
0.03717823
-0.04812254
-0.07354759
-0.05625510
0.00401799
0.04242713
0.05158708
0.01277051
-0.03339987
-0.01135958
0.02065168
0.00921616
-0.01234834
-0.02961937
-0.04274625
-0.01560850
-0.03958106
0.03440982
0.03563574
0.01501458
0.04781264
-0.00003152
-0.01514523
-0.01442471
0.00772274
-0.01174097
0.04943049
-0.04898160
0.04932700
-0.02565451
0.01826426
-0.01361491
-0.03340535
-0.01577688
0.01098590
-0.01227574
-0.00555543
0.02868919
0.01540795
-0.03531841
-0.03682217
-0.02477937
-0.00798231
-0.00118054
-0.02906681
0.00360460
-0.01128978
0.04032286
0.04225969
-0.02423528
-0.04219146
0.00762424
-0.02619075
0.01722194
0.02658131
-0.03087403
-0.04400031
0.00085767
0.03802079
-0.03288262
-0.00055549
0.00446011
0.02356758
-0.04125666
0.04646866
0.00615796
-0.04451039
-0.00198852
0.02087039
0.00414279
-0.00735072
0.05124388
0.04391621
-0.01654596
0.02747912
0.02918465
0.02083605
0.01177825
0.01858199
0.04052442
-0.01493632
0.01464481
-0.02966063
0.01612251
0.04720259
0.02775778
0.00704027
-0.00432037
-0.00671765
0.00199799
-0.01829168
-0.02843675
-0.02716641
0.04374745
0.02027815
-0.03354048
0.00461658
-0.00693066
0.01888796
0.02267038
-0.04740148
-0.02637101
-0.00788790
0.03131354
0.04248666
-0.01812871
-0.03988081
0.01433822
-0.04656469
-0.03716932
-0.02830548
0.05097951
0.04497078
-0.01416290
-0.01051770
-0.01071688
-0.02812071
-0.03470062
0.01327206
0.00396223
0.04337175
0.02029032
0.03093648
-0.00552424
-0.04643182
-0.01346580
-0.01284297
-0.00478924
0.01493234
-0.00575647
-0.03493427
0.01448605
0.00500032
-0.05844156
0.04646993
-0.05013462
-0.03553992
-0.04272314
-0.03130600
-0.04658264
0.03945730
-0.03031665
0.04011207
0.01934964
-0.01246582
0.02327185
-0.02082731
0.03301195
-0.02281388
0.02492081
0.02442711
-0.03377246
0.02877791
-0.04802285
0.00357841
-0.02323891
-0.02003601
-0.03668887
-0.01096262
0.01757174
0.02178711
-0.02676143
0.02190627
0.04699333
-0.00346423
-0.04075518
-0.03478923
0.01084777
-0.04157143
-0.04656162
0.01417000
0.01510474
0.01449731
0.02895983
-0.03553539
0.04847481
0.03668055
0.03623187
-0.04221514
0.00343375
-0.01155026
0.01891830
0.00075584
-0.04015673
0.04712405
0.00659850
-0.04851607
-0.01480851
0.05080816
0.03857155
0.01693304
-0.04484211
0.04575580
-0.00975848
0.04003532
0.01400506
0.02001751
-0.04125747
-0.02961075
-0.03579078
-0.03143410
-0.04098593
0.00276409
0.03039739
-0.04376711
0.00859679
0.01460524
-0.00803942
-0.02672385
0.01442480
0.03476752
0.01932861
-0.02057008
-0.04482562
0.01302912
0.01547478
0.04844645
-0.02796990
-0.02733973
0.04158137
0.01561659
-0.03194136
0.04429506
-0.05056498
0.01113784
0.04716446
0.00448497
0.04888533
0.01739577
0.03414658
0.02448081
-0.01892165
-0.04128326
-0.02947669
0.05945390
-0.03955418
0.03012271
-0.03427767
0.04531162
0.01409043
0.01324799
0.00809421
-0.01813712
0.01137820
0.07719892
0.01960343
0.05344637
-0.04174935
0.03368156
-0.03585750
-0.02275096
-0.01991795
0.03944980
-0.02921316
0.01663695
0.02212913
-0.04645010
0.04552713
0.05294218
-0.01843922
0.02829377
-0.00207998
0.03484419
-0.00605057
0.03261110
0.00925560
-0.00070442
0.04619699
-0.00428031
0.03603709
-0.01311173
0.01466535
-0.02651237
-0.01255455
0.00623542
-0.01312625
0.06293681
0.04422425
-0.00770937
0.01984629
0.04394558
0.03939058
0.05271554
-0.04955828
-0.03518761
0.05083188
-0.01595364
-0.04620792
0.03816614
0.05693020
0.04345896
0.03072032
0.03263145
-0.01423931
0.01261912
0.02672709
-0.03061074
-0.00255768
-0.02673650
0.00317946
0.04220021
-0.01525286
0.00534735
-0.03278949
-0.03488166
-0.03368055
0.00292612
-0.02986698
-0.00151031
-0.01883261
-0.01805832
-0.07878453
-0.05101502
-0.04508121
-0.03672167
-0.01671600
-0.00776793
0.00851659
-0.02604507
0.00960770
-0.03206718
-0.05816427
-0.05174103
0.00048393
-0.09810856
-0.06344283
0.01287350
-0.08575470
0.02606861
0.03198128
-0.01023060
-0.01233247
0.01721051
0.01521130
-0.05456341
0.04191273
-0.02608545
0.00570905
0.01454819
0.00952596
-0.00994689
0.06392889
0.01232653
0.04867893
0.02058221
0.02645253
-0.02429200
-0.01039222
-0.01810369
-0.02951890
-0.00453579
0.04071218
0.00385743
0.04613626
0.01851445
0.05140015
0.02279255
0.02772284
0.05428640
0.04585176
0.00492975
0.04182338
-0.03243486
-0.04311670
0.02804018
-0.00206512
0.03375299
-0.01369626
-0.04144324
0.06218302
-0.02018269
0.03071115
-0.07311270
-0.03083417
0.02894358
-0.01034797
0.02560695
0.03210302
-0.04053938
0.03368897
0.04487269
0.02568985
0.01604293
0.04861949
0.03987536
-0.00109613
-0.01196389
-0.00462209
-0.14777276
-0.06217132
-0.05756365
-0.04211842
-0.05459570
-0.04540808
-0.06879041
0.00544625
-0.02592041
-0.04405903
-0.03806492
-0.02095674
0.02251553
-0.05220271
-0.05333518
0.00922348
-0.12694475
-0.07770725
0.04365590
0.03356001
-0.04957904
-0.04290029
0.03709053
-0.01575335
-0.03487736
-0.03689425
-0.04959498
-0.03435006
-0.04607903
-0.01114132
0.00249788
-0.05946608
0.09528514
0.08913554
0.04843194
0.03508822
0.01048342
-0.04668205
-0.02536649
0.01890259
-0.01877914
0.02163175
-0.03584957
-0.04146876
-0.01823758
0.05519535
-0.00888885
0.00862724
0.01076738
-0.01229046
-0.03103022
-0.00504213
0.01877499
-0.00779293
-0.01948521
0.02756109
-0.02827801
0.06208229
0.04419404
-0.04210641
0.04142932
0.01580467
0.07266830
0.02803770
-0.09423698
-0.05777596
-0.04115831
-0.05023773
-0.03764083
-0.01407966
-0.02601853
0.01299712
0.01206373
0.00650686
0.01404664
0.00689154
0.02792757
-0.01595250
-0.00407646
-0.00894655
-0.14197810
-0.08935688
-0.05024566
0.01519618
0.03402359
-0.00599642
-0.00190956
0.01313183
0.03380951
-0.02876341
-0.00436901
-0.00260242
-0.04146019
-0.09026370
-0.02056263
-0.05795218
0.06610099
-0.00395821
0.00701621
0.03539043
-0.02606429
0.01372643
-0.00845104
-0.03255433
0.01896317
-0.04393853
0.05510491
-0.00019600
-0.03464441
0.00018073
-0.02345699
0.03299708
0.13003428
0.09475482
0.02150137
0.07552620
0.02726101
0.01110846
-0.03441915
0.04651398
0.04879219
-0.00545281
0.04724204
0.01124391
-0.00328694
0.08759053
0.00248540
0.05149499
-0.03562973
-0.03919163
0.03779381
-0.04919784
-0.02344089
0.00365591
-0.05407227
0.04398622
-0.01458820
-0.01470542
0.01303747
0.01355784
-0.02161504
0.01063254
0.01736102
0.03353218
-0.09428640
-0.01807437
-0.01661028
-0.04892105
0.02589567
-0.02100343
-0.01831549
0.03319727
0.03969828
-0.03118942
0.00807143
0.00175545
-0.04156321
-0.00022595
-0.00106354
-0.02832907
-0.03062924
0.02629851
0.00093552
-0.00005449
0.00538712
0.04032109
0.01082399
-0.00811899
-0.00892099
-0.05746812
-0.03148267
-0.02535927
-0.02184153
-0.03814212
-0.05897073
-0.04553854
0.10637505
0.03649518
0.06407031
0.11638314
0.01471554
-0.02202984
-0.00500038
0.02803019
0.01690120
0.07361349
0.03759084
0.01115150
-0.02827284
0.09239259
0.06898315
0.06517555
0.09429431
0.07258086
-0.03878704
-0.03677382
-0.04060480
0.05281588
-0.03291662
-0.03078590
0.01872407
-0.00824023
0.02221604
-0.00918156
-0.04370573
0.00347267
-0.00289608
0.00867702
-0.13397723
-0.03548456
-0.04002996
-0.00940911
0.02793123
-0.05177675
-0.03645090
-0.03448917
0.00861761
-0.06271072
0.01669906
0.01477471
0.02099836
-0.06850290
0.00218888
-0.06880006
-0.05302259
-0.05954893
0.02914258
0.01824358
-0.00858367
-0.05535470
-0.06236927
-0.03522628
-0.04666165
-0.07262420
0.02553329
0.00074771
0.04900508
-0.01224761
-0.06099439
-0.05895777
