shape=[128, 256]
0.00162840
-0.01624621
-0.02617326
-0.35697362
0.19538714
0.00491871
-0.45842236
0.02271450
-0.21648796
-0.10816778
0.06528975
0.30745104
-0.05024134
-0.31025130
-0.11426200
-0.02716502
0.09392016
-0.18167131
-0.26582658
-0.12784140
-0.12924854
-0.21686237
-0.26231918
-0.11439432
-0.03141174
0.00633570
0.10754636
-0.59458256
0.08837122
-0.28098622
0.00016847
-0.16961564
-0.09679879
-0.12398463
0.01895788
-0.00076209
-0.16746050
-0.04062323
-0.02899757
-0.01695824
0.02324344
0.18911736
-0.09232906
-0.44058299
0.06963962
0.00461491
0.00330754
-0.06337524
-0.00458936
-0.02934444
0.05008566
-0.06149602
0.28065291
-0.12013911
-0.04042304
-0.08836915
0.08801527
-0.03776125
0.00940680
0.07439569
-0.65185958
-0.11061551
-0.10133517
-0.27283567
0.01556485
0.06128584
-0.23087758
-0.05343493
-0.01521423
-0.03957416
-0.09280272
-0.00258189
-0.12856098
-0.05119508
-0.31495881
-1.29589808
-2.49080586
-0.21566741
-0.05132548
-0.07317516
-0.09854241
-0.01300091
-0.06230683
-0.21467391
-0.06426696
-0.12968342
-0.27531883
-0.05139587
-0.03624253
0.01642482
-0.00054261
-0.01515927
-0.25489190
0.13294029
0.00408835
-0.05967361
0.13768430
0.07072719
-0.24205072
-0.26888198
-0.07250500
-0.29610449
-0.04976612
-0.17720784
-0.08759300
-0.51282609
-0.44864550
-0.43781254
0.11507232
-0.04882094
0.02128320
-0.04192115
0.03991754
-0.05630656
-0.08379812
-0.06716114
0.06549705
-0.31121713
-0.05295634
-0.02148851
0.47879624
-0.01201692
-0.10815578
0.39109179
-0.04522251
-0.44859967
-0.32115829
-0.22102144
-0.00113725
-0.03750569
0.05594428
-0.06932770
-0.03953558
-0.03146451
-0.04914488
-0.16312897
-0.73422885
-0.07687301
0.01209589
0.25560156
-0.69101936
-0.31726271
-0.13539046
-0.13412778
0.02051160
0.02901825
0.01256142
0.02677205
-0.00041694
-0.50488329
0.01327555
-0.04969722
-0.07537338
-0.16402280
-0.13480264
-0.39201531
-0.00386187
-0.05452191
-0.09180187
-0.04394009
-0.02794919
-0.02528634
0.15258193
-0.10418926
-0.08479178
-0.34017557
0.11902788
-0.10145260
-0.07234613
-0.38060904
-0.17045218
-0.00972687
-0.04896503
-0.20236643
0.05414329
-0.12165508
-0.01271085
0.24199004
-0.02777296
-0.11341920
0.04047110
-0.65216064
-0.08271032
0.04689336
-0.00530970
0.02114434
-0.03654744
-0.29360187
-0.00782995
-0.18750569
-1.02892709
0.12125041
-0.07795261
-0.06970015
-0.04945268
-0.12309036
-0.06145757
0.03295811
-0.03258696
0.01656772
-0.01789067
-0.22053635
-0.08579868
-0.00960517
-0.32768545
0.12483335
-0.00427806
-0.33290306
-0.17686290
-0.11870721
-0.06494675
0.07918052
-0.70749938
-0.06255148
-0.05886733
-0.04141220
-0.21556309
-0.43519926
-0.37444645
-0.15764010
0.01612756
-0.08023939
-0.19354440
0.01215012
0.01325313
0.19050434
0.08694286
0.01214628
-0.06189342
-0.00654670
-0.25607860
0.20649189
-0.13673303
-0.32400054
-0.20097283
-0.02610653
-0.28745329
-0.39233452
-0.05419314
-0.14572290
0.11654951
-0.09149843
0.00778267
0.11556815
-0.36236113
0.21309568
-0.01258090
-0.10235170
-0.02558218
-0.02737896
-1.21188712
-0.15341374
-0.00593165
-0.05266237
-0.18154952
-0.20837332
0.09222960
-0.29475853
0.02687569
-0.04273207
-0.00235432
-0.08331257
-0.15918832
-0.02961220
-0.09850076
-0.20553964
0.04482967
-0.28397781
-0.00642367
-0.06891434
-0.13807528
-0.04618484
0.13983300
-0.29854727
-0.04515992
-0.04878590
-0.09677640
0.07547870
0.08294854
-0.03464609
0.01908208
-0.09064566
-0.08397301
0.01780845
0.42487001
-0.07315239
-0.03797868
-0.07952079
-0.10515405
-0.17244068
0.04432991
-0.13490206
0.02329860
-0.04418933
0.02412280
0.13514476
0.01114966
0.50062764
-0.15648998
-0.16695213
-0.01756417
0.13508038
-0.03952437
0.09543252
-0.04099400
-0.12530047
0.01074512
-0.01523724
0.08036901
-0.02362737
-0.04882286
-0.02804686
-0.01300799
-0.06593210
-0.04425215
-0.05263620
-0.09169096
0.02973208
-0.33363041
-0.13653405
-0.32159200
-0.05367545
-0.20412914
-0.10195477
-0.00867876
-0.04648624
0.10652960
-0.04031665
-0.22207968
-0.04948925
-0.14112358
-0.01575675
-0.27669856
-0.13174799
0.00096435
-0.00736887
-0.07080703
0.05168691
0.00673329
-0.00182509
-0.06622279
-0.01245515
-0.05761723
-0.09054432
0.06959883
0.01728421
-0.00539509
0.02843926
-0.03950082
0.00618391
-0.06034738
-0.04191502
-0.06651700
0.00798993
-0.11592034
-0.01546935
-0.02385352
-0.12873478
-0.03926703
-0.12424906
0.11530606
-0.15936589
-0.42094284
-0.37992039
-0.01094671
-0.04857410
-0.04296881
-0.06414829
-0.02535692
-0.04871302
-0.04324091
0.03220378
-0.02924632
-0.12213293
-0.02614440
0.31583440
-0.09399100
-0.07542977
0.05170321
-0.15143470
0.02749807
-0.05034492
-0.06453656
-0.38235009
-0.02368899
0.03960631
-0.10721465
-0.11210779
0.02216842
0.00560839
-0.03012454
-0.09382477
0.18080328
-0.01869871
-0.08577960
0.04606919
-0.00809955
-0.27175847
-0.05611834
-0.07987598
0.03053908
-0.01850382
-0.00383324
0.03684038
-0.05351752
-0.04394372
-0.53080457
-0.03250094
-0.12295255
-0.05172629
-0.01062942
0.04263879
-0.02089790
-0.01504274
-0.02999316
-0.05678531
0.02464545
-0.04440481
-0.06874758
0.01394964
0.01169005
0.01412540
-0.06364582
-0.10983948
0.00074950
-0.37581062
0.49980882
0.18641056
-0.03712851
-0.17553294
-0.07908438
-0.10866117
0.01993659
0.24511637
0.06765645
-0.04738352
-0.02545263
0.01394189
-0.03796782
-0.11634273
0.00761195
-0.09989046
-0.02793453
-0.49674934
-0.07002287
-0.04740598
-0.08433791
0.01626544
-0.12290277
0.03691170
-0.06192221
-0.14025022
0.55580980
-0.26401970
0.05919905
0.03757880
0.03949798
-0.16133103
0.04474100
0.01365558
-0.18450399
0.20182608
0.01451692
0.17088108
0.01139692
0.02575597
-0.00686697
0.03667426
-0.07236204
-0.40878588
-0.00894981
0.00018169
0.01445563
-0.20816629
-0.12985334
-0.05802723
-0.03318226
-0.21563788
-0.15050523
-0.02332685
-0.05049418
0.45179003
-0.04303523
-0.00125235
-0.04257866
0.02565900
0.04589922
-0.01136304
0.00988477
-0.19610760
-0.18968669
-0.02794424
-0.09807690
-0.08937541
-0.10370988
-0.06261362
-0.00923054
0.02401975
-0.00534292
0.44791761
0.13006595
-0.01616228
-0.00926444
0.00228604
-0.09746373
-0.06488534
-0.10945288
0.11176612
-0.06216465
-0.08184683
-0.11905702
0.09709269
-0.12055916
-0.57265699
-0.14369076
-0.15625744
0.01771484
-0.35629368
-0.31560454
-0.06304426
-0.47019210
-0.17021333
0.01736653
-0.00371801
0.02856676
-0.12077896
-0.04790901
-0.02838098
-0.02218534
-0.19562876
0.16616972
-0.03171352
-0.18261655
-0.06212213
-0.24205486
-0.07654046
-0.00824157
-0.11634242
-0.10242093
-0.03749675
-0.03317424
0.20159073
-0.02203578
-0.52926999
-0.15848127
-0.20722443
-0.06811865
0.01981448
-0.10389607
-0.04283627
0.00590184
-0.13460831
0.05184828
-0.19760276
-0.35575482
-0.14595854
-0.26857558
-0.02214552
0.00915066
-0.14729097
0.01053957
-0.13852547
-0.04353029
-0.07200307
-0.24365735
-0.09734217
0.03498673
0.06889771
0.06259602
-0.06189680
-0.28684309
0.05772688
-0.20729263
-0.04407842
-0.17172709
-0.25371465
-0.23978595
-0.06106247
0.19298556
-0.29633588
0.01553900
-0.02818171
-0.21812376
-0.08137787
-0.32674357
-0.11068062
-0.01603705
-0.13658817
-0.48093951
-0.04130529
0.00089155
-0.03377903
-0.19286229
-0.03277472
0.02238093
-0.05834542
-0.05737868
0.00919841
-0.61635840
-0.16995390
0.07565641
-0.03425802
0.03864980
-0.04495575
-0.45802340
-0.09832476
-0.08199477
-0.03007759
-0.16354606
-0.04918199
-0.08112258
-0.02600811
0.00424482
-0.12839317
0.01183672
-0.21068053
-0.14079167
-0.29762578
-0.17975026
0.03730531
-0.16571259
-0.18362814
-0.05283660
-0.03653567
0.01379065
-0.12129546
-0.17724928
0.11247583
-0.04595872
-0.12047756
-0.04718940
-0.08463206
-0.47402498
0.02506296
0.06305794
-0.24570306
0.02122506
-0.32684645
-0.06680951
0.07813183
0.10716300
-0.09461815
-0.17814925
0.01630232
-0.09568147
-0.06803438
-0.06933079
-0.07823087
-0.01021634
-0.11331662
-0.13996851
-0.08114939
-0.11361055
-0.08879963
-0.08329338
-0.12810695
-0.09011364
-0.04326376
-0.04028133
-0.05900640
-0.09491731
-0.16223656
-0.18466841
-0.03126424
-0.07257318
-0.11828201
-0.07102077
-0.44545132
-0.01853602
-0.03453511
0.06744828
-0.19747287
-0.03278504
-0.04384616
-0.23086287
-0.08964650
-0.02400594
-0.02331884
-0.06260018
-0.15542473
-0.15221478
0.00258739
-0.24506208
-0.01652350
-0.03322750
-0.63458282
0.22228603
-0.20250353
-0.00299471
-0.08886131
0.09403918
-0.16410442
-0.00237915
-0.00202228
0.12497334
0.01038331
0.26793414
-0.12065796
-0.00921449
-0.43245339
-0.13868228
-0.16529970
0.12191978
-0.11487603
-0.03253211
0.12284578
-0.16740999
-0.32824770
-0.10177404
-0.50654411
0.05648028
-0.19259022
-0.05760396
-0.40532351
-0.17502284
0.07445586
-0.25975400
-0.00065119
-0.08203784
-0.45785585
-0.02719586
-0.07099043
0.03416294
0.03115794
-0.18623142
-0.01944268
-0.12286908
0.06869536
0.08868552
-0.01064265
-0.17588465
-0.44185179
-0.01559560
-0.18858178
-0.10833167
-0.00206531
-0.08696352
-0.20523874
-0.05976205
-0.03615671
-0.04112501
-0.00997536
-0.34993440
-0.18933676
-0.03483777
-0.56075966
-0.12860836
-0.01107281
-0.33921036
-0.12584592
-0.40740323
-0.09616781
-0.01241062
-0.07929415
-0.07101304
-0.03419012
-0.04929417
-0.09820560
-0.08815862
-0.16005805
0.00672079
0.04937550
-0.05021856
-0.07229886
-0.00339471
0.16683657
-0.24141158
-0.08907365
-0.06289021
-0.20920497
-0.02027111
-0.33014709
0.04965831
0.09571559
-0.24334647
0.01330647
-0.08834212
-0.04746705
-0.00094302
-0.22844099
0.02219494
-0.24270810
-0.04676937
-0.01198357
-0.01639103
-0.03273308
-0.27626035
-0.00920891
0.07502275
0.08179940
-0.26669717
-0.25237471
-0.04122932
-0.02067715
-0.12943178
-0.02695998
-0.08813211
-0.09003488
0.03173771
-0.02309050
-0.00174116
-0.21924777
0.03729861
0.00823858
0.10662518
-0.01888572
-0.01844824
-0.13884549
-0.05244986
-0.08723994
-0.00254558
-0.04458056
-0.19103073
-0.00573878
0.01490540
-0.05730977
0.02392408
-0.05055460
-0.00022700
-0.05844456
-0.03998926
-0.02388676
0.09311902
-0.04166273
-0.01257669
-0.13457923
-0.20298246
-0.01971309
-0.19093941
-0.01276713
-0.09973528
-0.09641978
-0.09094285
0.06271847
0.02016828
-0.02156838
-0.00559021
-0.12741318
-0.04354070
-0.00994501
-0.16812667
-0.04561640
-0.09623289
-0.00888281
-0.06455061
-0.01707350
-0.04104170
0.04033432
-0.19238342
0.02688051
0.03094673
-0.07287379
0.04402664
-0.02767718
-0.07410431
-0.25236535
0.01744796
-0.05253005
-0.04328299
0.03018463
-0.23753335
-0.10584287
-0.01919236
-0.06339991
0.06878079
-0.00684874
-0.00503543
-0.17714863
-0.01865707
-0.07412739
-0.00578960
-0.12440249
0.01243728
-0.08506574
-0.13615455
0.00544101
0.02054819
0.02515158
-0.01821380
-0.05215641
0.02575777
-0.13494651
0.02490006
0.12606955
-0.00787174
0.01448894
-0.02396750
-0.07341960
-0.07209169
-0.05033045
0.00325538
-0.05911933
-0.00748799
-0.06651857
-0.13440195
-0.08178678
-0.01495011
-0.07001491
0.02736074
0.00420118
-0.04992597
-0.05679977
0.02773543
-0.09814969
-0.06405177
-0.00788806
-0.05347424
-0.13764779
-0.06777525
-0.18549655
-0.02323353
0.11537673
-0.03427127
0.03689263
-0.04045158
0.06693584
-0.00352411
-0.05387606
-0.06809259
-0.00800390
0.03341003
-0.01503314
-0.06074568
-0.16628301
-0.03755324
0.21538906
-0.09405642
0.00800702
-0.01054055
0.03847428
-0.05290530
-0.00876722
0.01133910
-0.04114198
-0.11447383
-0.13591471
-0.05752515
0.02600844
-0.05637906
0.01320875
0.00495743
-0.14176829
-0.35508722
-0.26849675
-0.06637520
-0.04011535
-0.06681719
-0.10984733
-0.02195065
-0.15825090
0.01826012
-0.04036694
-0.07715130
0.08163289
0.02089469
-0.01931635
-0.02503906
-0.05368648
-0.03106658
-0.21675780
-0.05457153
-0.09697001
-0.16969739
-0.19980937
-0.03817995
-0.08781848
0.03750560
-0.02202275
0.02416840
-0.13576539
0.00950818
0.00670650
-0.16884054
0.00933378
-0.04138640
-0.25269920
-0.28296059
-0.19098353
0.04016859
-0.02488248
-0.11815668
0.07843458
0.01197413
-0.07807622
-0.20483658
-0.21162553
-0.06834118
-0.13253365
0.03040294
-0.02292109
-0.06011732
-0.00693486
-0.02958836
-0.09962440
-0.06013565
0.04810994
-0.06154182
0.01783874
-0.05806111
-0.11027336
0.00555249
-0.18453754
-0.09711149
-0.02586888
-0.06742391
-0.38980389
-0.14556003
-0.21549928
-0.18068208
-0.13062327
-0.03877347
-0.03770098
-0.07147708
-0.03537794
-0.13389686
0.00568304
-0.01522379
0.23093674
-0.12891807
0.00293334
-0.04067552
0.01657136
-0.12933938
-0.06728648
-0.05202137
-0.12842113
0.01746288
-0.10049384
-0.03937205
-0.03690230
-0.18525569
0.00633306
-0.28741685
-0.11753807
-0.01919506
-0.18446027
-0.01698668
-0.45996198
-0.00042520
-0.04717508
0.01115146
-0.32655159
-0.03971718
-0.13473074
-0.08286947
-0.38144630
-0.21330810
0.08292358
-0.00464270
-0.04417456
0.02631281
-0.06461436
-0.10379923
-0.07586762
-0.04129980
-0.15981172
-0.08671338
-0.28862369
-0.04475191
0.01740038
-0.23581460
-0.02815152
0.02858736
-0.00856500
0.04651646
-0.23632112
-0.25939187
-0.02421984
-0.31887850
-0.04784717
0.00216320
-0.03445123
0.06965198
0.03419520
-0.00048145
-0.04406847
-0.28374669
-0.07842873
0.05068481
-0.02576786
-0.00906011
-0.04293705
0.09791852
-0.07097260
-0.17139074
-0.25271991
-0.03465214
0.05408237
-0.16963059
-0.03322695
-0.11731919
-0.05899164
-0.03784692
-0.05087813
-0.08930790
-0.06004462
-0.09753738
0.01331140
-0.03919600
-0.05394664
-0.34648147
-0.25197670
0.02279120
0.05334478
0.00420184
-0.00109509
-0.02980039
-0.05500755
0.00529114
0.03739440
-0.39284083
0.05221724
0.00923479
-0.03558312
0.00847538
0.00782326
-0.08756623
0.04192328
0.05219010
-0.01667455
-0.00255281
0.13624066
-0.08665963
0.09484108
0.18740238
0.01280553
-0.06812181
-0.27952754
-0.03952101
-0.06816015
-0.11005576
-0.13270526
0.02145936
-0.00440317
-0.02787747
-0.03825077
0.02700367
-0.00038167
-0.16655755
-0.03992345
-0.03763372
-0.19115819
0.02071771
-0.05574025
-0.28323734
0.02424043
0.00250653
-0.06363212
-0.04651507
-0.11271662
-0.02058509
-0.02723919
-0.04249319
0.00312144
-0.16683234
-0.06359234
0.06440210
-0.01425725
-0.12147470
-0.12172605
-0.13059801
-0.02456541
-0.01666254
-0.05772464
-0.05191806
-0.23863025
-0.16458094
-0.12112465
-0.05732121
-0.01580073
-0.02206131
-0.02012777
-0.23607577
-0.05478719
-0.21770978
-0.05824367
-0.03449687
-0.07074934
0.04309151
-0.17514344
0.09365165
-0.24230391
-0.11260703
0.08314632
-0.06361015
-0.05680480
0.01350008
-0.15739630
-0.01703706
0.05802928
0.03671541
-0.20452762
-0.05144483
-0.37271982
-0.03742869
-0.00957869
0.12332742
-0.15576917
-0.45322394
-0.00533083
-0.03168489
0.01901241
0.00292611
-0.10832187
0.00934189
-0.03269250
-0.03839988
-0.10355233
0.00567874
0.05869414
0.00668237
0.03155741
-0.03394400
0.04791874
-0.17265895
-0.13141321
-0.05590550
-0.05480416
-0.14510673
-1.05950284
-0.11078981
0.07259044
-0.04174322
-0.07270799
-0.00344846
-0.09947968
-0.15615173
0.00252815
-0.06594988
-0.03154981
-0.00188100
-0.27600145
-0.29452655
-0.11361152
0.03641078
0.05478777
-0.08006337
0.03570471
0.03564686
-0.03932668
-0.05733127
-0.12543437
-0.01972356
-0.30103427
-0.01107285
-0.12592034
-0.14986840
-0.04440492
-0.00646807
-0.14072287
0.01798631
0.04000260
-0.10425209
0.02584968
-0.16323513
0.14039135
-0.05813415
-0.19967966
0.20942256
-0.02691421
-0.17948349
-0.09379943
-0.00903531
0.02322014
-0.07565975
-0.13092135
0.03026805
0.04634086
0.00257304
-0.04011497
0.33804801
0.09619277
-0.04622191
-0.09614850
-0.13375042
-0.01635790
0.04030203
-0.19789353
-0.14207907
-0.05876300
-0.19075792
-0.22321421
-0.00585996
-0.48712593
-0.44301116
-0.09334897
-0.19873770
-0.02061504
-0.56507587
-0.55293095
0.03135205
-0.21759921
-0.00531854
-0.20455211
0.30252531
0.01918169
0.04175114
-0.27776772
0.13400689
-0.11651878
0.04669548
0.00832469
0.16464093
-0.07208097
0.00248550
0.03026567
-0.04423137
-0.12651160
-0.19946460
-0.06387559
-0.04215715
0.07833539
-0.23763521
-0.05263194
0.02484071
-0.03484688
0.05987662
0.06044691
0.01927662
-0.14952591
-0.04569934
-0.25658011
-0.34809217
-0.16013382
-0.26528597
-0.05254342
-0.04878793
-0.34153089
0.00460556
0.14606614
-0.04449427
-0.04845715
-0.10272633
-0.05339758
-0.05692285
-0.01969857
-0.13900959
-0.49624279
-0.19402952
0.05457999
0.04199607
0.15008126
-0.13327774
-0.24260995
-0.39459676
0.00033542
-0.36611703
-0.04149083
0.02512873
-0.15343995
-0.05562228
-0.10840455
-0.15666004
0.19283496
-0.08792084
-0.08278295
-0.16425595
-0.02289461
-0.05498907
0.00947984
0.00492457
0.02377749
-0.01329903
-0.26261717
0.02971888
-0.15264380
-0.45570591
-0.11210968
-0.19226830
0.04074217
-0.01160366
-0.04126936
-0.85809237
-0.00941565
0.02591470
-0.03251175
-0.06343885
-0.14566340
-0.03536223
0.09121606
-0.02064891
0.13792430
-0.01135414
-0.09379837
-0.15017413
-0.79323477
-0.38340059
-0.66356319
-0.09820931
-0.03023658
-0.03177279
-0.01386698
0.01267791
-0.28601545
-0.04008595
0.07317162
-0.00747707
-0.30244714
-0.33347514
-0.21590504
0.12501501
-0.00098840
-0.42656282
-0.01881832
-0.06084668
-0.06800217
-0.17087084
-0.10477737
0.00762386
-0.05124550
-0.12482219
-0.05158015
-0.03371008
0.01271793
0.00084255
-0.03120429
-0.02613871
-0.38457489
-0.26218024
-0.03579725
-0.01360140
-0.12365978
0.44333598
-0.32089177
-0.05149641
0.02194840
0.01323466
-0.12296329
-0.09779622
-0.45467690
-0.46949339
-0.09411648
0.11864086
-0.28242382
-0.31680515
-0.42448568
-0.08992172
-0.15457292
-0.47765496
-0.30595464
0.00992209
0.07264041
-0.02249824
-0.07891193
0.03416437
-0.15796982
-0.15760791
-0.32087424
-0.43005618
-0.05718880
-0.24425393
-0.09766762
-0.10748599
-0.18580572
0.06934165
-0.09169067
-0.01787758
-0.29348582
-0.07184631
-0.52800000
-0.01202050
0.16799957
-0.09519296
-0.07747187
-0.07750686
-0.15982407
0.01278417
0.00556409
-0.07812630
-0.09317993
-0.02218981
0.02080625
-0.07391943
-0.08495960
-0.28197980
-0.96664113
-0.15340862
-0.08525210
0.02328785
0.03671075
-0.01090912
-0.20962204
-0.32128862
-0.01322673
-0.11825456
-0.15330742
-0.06552736
-0.15730613
0.36658475
-0.10977447
-0.01043912
-0.09935473
-0.37474358
-0.04348967
-0.17124113
-0.07055297
-0.19563740
-0.21211553
-0.03923303
0.39609906
0.01327299
-0.02192692
-0.10406185
-0.04982869
0.03098926
-0.15247537
0.10526661
-0.00511017
-0.03813617
0.01798658
-0.48744950
-0.26162860
-0.12395091
-0.21288429
-0.45830983
-0.07971076
-0.60483032
-0.06748008
-0.40293744
0.08627044
-0.14551757
0.08185364
0.04115511
-0.03905289
-0.10934237
-0.03263372
-0.29986271
-0.06197344
0.02245658
0.31902105
-0.76895869
-0.06217845
-0.00714606
-0.19268680
-0.50990868
-0.09184369
-0.13218349
0.11790613
0.07609810
-0.12802477
-0.11358272
-0.05044337
-0.17115603
0.01144858
-0.27314171
-0.04404490
-0.05104484
-0.00797018
0.05618384
-0.01544545
0.00809395
0.03141163
0.03384854
-0.12376815
-0.04060417
0.02203861
-0.04089666
-0.03584699
-0.08913545
-0.16458228
-0.02053095
-0.02772538
-0.13913819
0.03597877
-0.17477888
-0.03920844
-0.00180685
-0.06431472
0.02100624
-0.10332684
0.05381957
-0.06433538
-0.05288997
-0.01700735
0.00023335
-0.13740537
-0.06107092
-0.08669765
-0.01708255
-0.09534382
-0.20850112
-0.03130841
-0.00700532
0.00971504
0.00738251
-0.05856051
-0.01827554
0.00959099
-0.16379149
0.02535763
-0.06870791
-0.01759748
-0.05849609
-0.06294863
-0.02642123
-0.01879267
-0.42482921
0.05424715
-0.08329060
-0.02434591
0.00169311
-0.01875694
-0.11840127
-0.00848637
0.05099999
-0.04125915
-0.11733246
0.01935501
-0.10941515
-0.00050992
-0.02143616
0.04790926
-0.27348205
-0.18706779
0.03550868
0.01140618
0.08504650
0.02399971
0.03437838
0.01144223
0.01560801
-0.05332006
-0.11715177
-0.00601296
0.11094093
-0.01950948
0.02119611
-0.03931721
-0.09608114
0.17106731
-0.08755717
0.00269381
-0.06103757
0.04239737
-0.18552867
0.03962333
-0.10620127
0.08972338
-0.03063888
-0.02933933
0.06462876
-0.07237656
-0.08122553
-0.04827071
0.04647720
-0.00004180
0.10689306
0.03857583
0.02720114
-0.11966206
-0.11097307
-0.13413832
0.02795256
-0.20750231
0.06839369
-0.13584793
-0.06958222
-0.01012255
-0.05090252
-0.08857194
-0.02363832
-0.09483792
-0.06296356
-0.12182071
-0.05255391
-0.00224156
0.00151696
-0.01937426
-0.05594354
0.03544938
-0.08810159
-0.14853942
-0.19112484
0.06330985
-0.13746507
-0.01346039
-0.02069627
-0.15655489
-0.08000052
-0.15817395
-0.00556677
-0.02430993
0.01921812
0.05128201
-0.22547843
-0.17513716
0.03129864
0.01462725
-0.04017120
-0.07986955
-0.03966952
-0.12595044
-0.04305062
-0.09152185
0.08932692
-0.06023911
-0.05791667
-0.00914778
-0.03157051
0.06919708
-0.04851487
-0.12478284
-0.04826744
0.05188465
-0.11179996
-0.11691874
-0.04630777
0.01078423
-0.02821554
-0.12053394
-0.09965591
-0.16384622
0.05369583
-0.12758113
-0.05657155
-0.00316954
-0.04135699
-0.18638961
0.09557006
-0.09911326
-0.04681841
-0.03097676
0.00694868
-0.19229221
-0.08276316
0.03333197
-0.00747803
-0.15187423
0.09204697
-0.02775091
-0.02955003
-0.10188994
0.07932857
-0.19853802
-0.04073869
-0.04369291
-0.10442053
-0.08368420
0.05519650
0.05190578
-0.09476508
-0.06062361
-0.02166995
-0.01537374
-0.05337438
-0.10628041
0.01215170
-0.04659773
-0.12773044
-0.01683168
-0.03874201
-0.02064600
-0.17384672
-0.09729773
-0.24610862
-0.19864357
0.04935116
0.01880020
-0.06213894
-0.02207545
-0.00061189
-0.05531188
-0.06830496
-0.02342503
0.03761178
-0.00469184
-0.04802162
-0.10800334
-0.10688148
-0.09973278
-0.05783016
0.02203218
-0.08001669
-0.01054465
-0.04122002
-0.13697210
0.04799255
-0.12042885
-0.04118443
0.00637100
-0.15939397
-0.09246761
-0.02221113
-0.03264488
0.04724932
0.06853693
-0.08339139
-0.02037318
0.04773793
-0.04179133
-0.07742536
-0.11831743
-0.06256176
-0.11665134
-0.35115907
0.10749719
-0.18872285
0.02041686
-0.31158730
0.03391005
-0.58539230
-0.08759139
-0.02119826
-0.30820099
0.02802660
-0.91151375
-0.25675255
-0.01019095
-0.10427871
-0.53755248
-0.45231768
-0.23642428
-0.30262440
-0.20840307
-0.05676410
-0.09764634
-0.01358111
-0.12185290
-0.22342326
-0.02233647
-0.12344633
-0.17140755
0.03033030
-0.13462484
-0.03581847
-0.72359109
0.05349783
-0.16465427
-0.12682936
0.01041037
-0.01501077
0.01409503
-0.07672611
-0.25269297
-0.23718299
-0.16014206
-0.04339156
0.01017658
0.04666067
-0.09219713
0.04526294
-0.07184756
0.00874561
-0.03744302
-0.35456878
-0.02847243
-0.02429381
0.02569144
-0.12398330
0.13595279
0.24686852
-0.00116411
-0.26047543
-0.10924964
-0.48656902
-0.03428389
0.13775943
-0.06057113
-0.17200972
-0.20249967
-0.00840182
-0.07404078
-0.15262239
-0.16933237
-0.02056077
-0.10369293
-0.04263303
-0.29338253
-0.22415078
-0.39191115
-0.01652180
0.21240030
0.13954535
-0.03037317
0.00548000
-0.36580935
-0.13716835
0.34355322
0.01317807
-0.24398275
0.22818168
-0.10414351
-0.03013573
-0.05080491
-0.71350461
-0.10909453
-0.10576043
-0.10847100
-0.03866689
-0.08982245
0.04013905
-0.42767450
0.01405134
0.08973143
-0.09094793
-0.25357154
0.06199355
-0.15785398
-0.07559966
0.15795074
-0.19836961
-0.08351752
-0.32755437
0.01576686
0.01431161
-0.07828176
0.02768444
-0.33716029
-0.02489779
-0.18300794
0.06596750
-0.11186381
-0.06982906
-0.01934865
-0.00847166
-0.38956407
0.01131767
-0.03699599
-0.26968130
-0.51315629
-0.01925263
-0.05483721
-0.05030774
-0.03598218
0.01128744
-0.07632455
0.10851688
-0.07303818
-0.06814169
0.09895949
-0.17037232
-0.27309182
-0.06736122
-0.50594175
-0.23452502
-0.12774195
-0.05790262
-0.02426825
-0.01310235
0.04837836
0.69587034
-1.58602500
-0.51243258
-0.03629640
-0.02890931
-0.26809716
-0.22520505
-0.52913791
-0.07228751
0.10913121
-0.23856001
-0.29433137
-0.00264666
0.00989144
-0.06133902
-0.06324888
0.02840204
-0.09937699
-0.17549214
-0.06165964
-0.28270453
-0.18035303
-0.24321441
0.03756277
-0.04141897
-0.19396366
-0.11437552
0.09344402
0.17819174
-0.09695641
-0.10292895
-0.12089352
-0.02607165
-0.04559932
-0.10573458
-0.01478287
0.04921955
-0.08054770
-0.04335458
-0.22487903
0.25504526
-0.07905570
-0.09100918
-0.35090789
0.01200167
-0.08845057
-0.31372452
-0.26278070
-0.14061111
-0.17471275
-0.13467400
0.24631716
0.06672363
0.54618126
0.10938160
0.02356688
-0.16550840
0.17078003
-0.00593037
-0.10924406
-0.41935915
-0.22200675
0.08475898
-0.02909526
-0.09633967
0.32726210
0.08725546
0.02598587
-0.32825428
-0.17013951
-0.41046819
-0.21621147
0.05285271
-0.28611711
-0.17175783
-0.06530835
-0.03331169
-0.05202504
0.07353772
-0.05533741
-0.05519832
-0.00207294
-0.02889241
-0.56166983
-0.14794701
-1.75832748
-0.17618604
0.02832847
-1.00476444
-0.05439800
-0.52337569
0.02916601
0.00754025
0.33133718
-0.05281839
-0.08007547
-0.09881753
-0.28080627
-0.06282990
-0.08336762
-0.15848629
-0.00686209
-0.01245144
0.11599426
0.03276773
-0.27034497
-0.53697717
-0.35484648
-0.09363136
-0.46846202
-0.22453746
0.06775638
-0.18623395
-0.27342379
-0.29817101
-0.06551105
-0.07389071
-0.16685095
0.02788268
-0.09600890
-0.05707697
-0.16809994
0.19721410
-0.17149121
0.05130251
0.01028511
-0.82516378
-0.38132972
-0.20881483
-0.27368993
-0.33758393
-0.03976600
-0.00746114
-0.04675428
-0.12094339
-0.10137332
-0.19487718
-0.01659739
0.02335399
-0.10061263
0.21780816
-0.72770625
0.03658627
-0.05156759
0.04537940
0.03560941
0.01664573
0.10107900
0.01164210
-0.31479898
-0.49809176
-0.00356070
-0.25195855
-0.00610436
0.01825015
-0.09614100
0.01964448
-0.02268046
0.00163557
-0.06431178
-0.07930068
-0.02879122
-0.01701036
-0.01695677
-0.13108747
-0.00875818
0.05344987
-0.00644929
-0.96127808
-0.09636971
-0.08915084
0.00471000
-0.05997429
0.00572032
-0.27805355
-0.16468857
0.05702660
-0.00921409
-0.19912572
-0.30171406
-0.15961307
0.04514447
-0.08920910
-0.08395933
-0.36236987
0.17552429
-0.03791026
0.02332247
-0.28626546
-0.01061945
-0.02815528
-0.14839718
-0.00170408
-0.12833925
-0.17127000
-0.07166144
-0.04459837
0.03624277
-0.07636364
-0.00765219
-0.78466392
-0.08328059
0.01206683
-0.05552758
-0.21636033
-0.01193515
-0.00651751
-0.34421942
-0.05994344
0.13331476
-0.09067367
-0.20162894
0.01918961
-0.85939634
-0.07229970
-0.07421250
0.03834212
0.04535242
-0.06354706
0.04885715
0.01470733
-0.44685084
0.00616738
-0.18699378
0.01805799
-0.38379979
-0.35788682
-0.26317382
-0.06964681
-0.10246383
-0.03040967
-0.70392615
-0.08743428
-0.42139247
-0.07689195
-0.63194412
0.02411863
-0.13584425
-0.29352096
-0.10068223
-0.07277786
-0.00731390
0.12657395
0.01596791
0.00167239
-0.24745782
-0.06532805
-0.14346519
-0.06826159
-0.28843579
0.16758057
-0.17765406
-0.03518952
0.01618063
0.00297408
-0.13873972
-0.36877668
0.20640044
0.42138490
-0.09438913
0.04392201
0.32201663
0.00246073
-0.09037896
-0.01248652
-0.14859660
-0.34974828
0.12815110
-0.04023761
0.00044225
0.08368315
-0.23027152
-0.18370618
0.14338598
-0.29946706
-0.35433701
-0.01339186
-0.18514021
0.15925537
-0.04173045
0.01892086
-0.16709629
-0.13933423
-0.16694050
-0.01943324
0.06929825
-0.14596577
-0.13947910
-0.02182954
-0.15453012
-0.03336025
-0.10726324
-0.04789516
-0.14135070
-0.01583333
-0.44516313
-0.01617699
0.11229564
-0.06028259
-0.01827957
-0.12371982
-0.09537914
-0.12799676
-0.33691260
-0.03667508
0.08509251
-0.02998766
-0.50666124
-0.05253698
-0.40657794
-0.02849500
-0.03614855
-0.13006891
-0.07848723
-0.06618698
-0.18606812
0.09587242
-0.16261639
-0.08583698
0.05727346
-0.53941047
-0.16994277
-0.13548562
-0.04854036
-0.05677827
-0.03484629
-0.06921802
0.16954723
0.04954711
-0.00198305
0.50128675
-0.07058161
0.07795012
-0.03361036
-0.01399921
0.04412771
0.05474227
0.02379735
-0.35151553
-0.27791557
0.01974242
-0.12346461
0.00707729
0.04880063
-1.05101013
-0.36498594
-0.51677626
-0.60043222
-0.15815234
-0.19028051
-0.00928444
-0.03665791
-0.06043372
-0.21699670
-0.17903621
-0.10720912
-0.15174709
-0.13823171
-0.51984924
0.08534247
0.01253778
-0.09966396
-0.37522221
-0.11566241
-0.04978566
-0.14854361
-0.07403144
-0.14427686
-0.25790960
0.05049267
0.08738745
0.04092079
-0.33918935
-0.12779659
-0.03267226
-0.29949582
0.03043638
-0.10881162
-0.04499858
0.02810302
0.00233058
-0.09558927
-0.21147197
-0.04122917
-0.03941986
-0.04473672
-0.21844803
-0.00154308
-0.03250720
-0.00669789
-0.11632928
-0.27496612
-0.01774926
-0.02590012
-0.07682426
-0.16164586
-0.05306269
-0.40935573
0.00551005
-0.11120291
-0.02157837
-0.06187766
-0.01216652
0.09383116
-0.07251109
-0.06904073
-0.44704798
-0.16770001
-0.53506452
-0.01670178
0.03412521
0.03074868
-0.03186705
-0.04909803
0.02256445
-0.03905144
-0.12368411
-0.01409582
-0.04116702
0.01132704
-0.06580702
0.11537113
0.02781598
-0.01501634
-0.21747485
-0.03459062
-0.03239484
-0.17000371
-0.32364920
0.02393806
0.05503879
-0.07676321
-0.01537561
0.01859299
-0.05797674
-0.01940924
-0.25449559
-0.08377016
-0.12230584
-0.21616574
-0.63924396
-0.17566182
-0.04062521
0.01888874
-0.10612785
-0.01288709
0.01179757
-0.08204733
-0.04052008
-0.04741628
-0.23341227
-0.02930842
-0.02470972
0.01713483
-0.05410524
-0.11024320
-0.30313528
0.00925753
-0.02927684
-0.03302314
0.05171961
0.08746244
-0.09276379
-0.44565728
-0.02202664
-0.12354050
-0.02552497
-0.03095245
-0.06626684
-0.20647328
-0.27212378
-0.20808801
-0.00511189
0.01035262
0.00799699
0.07669849
-0.01565057
-0.18109632
-0.13761708
-0.02514718
-0.01790104
-0.06921223
-0.04732890
-0.08574532
-0.06806267
-0.01724328
-0.04378062
0.15832825
0.00099784
-0.04831540
-0.29997608
-0.65911144
-0.12966497
-0.04780900
-0.41741621
-0.02336486
-0.03653868
-0.03361529
-0.08760901
0.09840527
-0.04778960
-0.12124705
-0.06127302
-0.02097948
-0.00945633
-0.11345975
-0.01332526
-0.14054474
-0.01630772
-0.00308289
-0.02403461
0.00818218
-0.06231553
-0.00152781
0.02066207
0.00335709
0.01999905
-0.06332916
-0.09808583
-0.10600720
0.05052221
0.04643193
-0.03662067
0.10796724
-0.04269997
0.01522832
-0.05834525
-0.07206254
-0.07394892
-0.14124644
-0.12392064
-0.11564957
-0.08974118
-0.26890162
-0.19886009
0.01765891
-0.01477162
-0.12249598
-0.11617158
-0.14429003
-0.02644797
-0.09419200
-0.06470355
-0.02734262
0.03848288
0.13890129
-0.00778662
-0.18140876
-0.35815638
-0.04539979
0.04085920
0.10264853
-0.07224055
-0.12208445
-0.06407574
-0.30783287
0.00343104
-0.04455576
-0.01649505
-0.62979782
0.00424685
-0.18709899
-0.11072796
-0.09358855
-0.14604427
-0.10547455
0.02029573
0.05202495
-0.12389556
0.01265956
-0.01020831
0.00000754
-0.05133036
-0.10515257
0.02644576
0.02915470
-0.24400853
-0.05565296
-0.09778900
-0.09665237
-0.15432678
0.03610737
-0.05585522
-0.02211407
-0.03678571
-0.06792469
-0.09964472
0.02082019
-0.05036998
-0.04495078
-0.04233139
0.00240224
-0.06378759
-0.02833344
-0.19943269
-0.10810181
-0.03482086
-0.20677099
-0.58929551
0.01762344
-0.12347137
0.05919130
-0.14491810
-0.13035178
-0.02063324
-0.02656537
-0.00295394
0.00102883
-0.03726349
0.13008212
0.01491626
-0.05825820
-0.04932588
-0.01763478
-0.30467689
0.17697774
0.04151746
-0.06255431
-0.24845099
-0.13961330
-0.00796527
-0.17247811
-0.00165990
-0.13452293
-0.18518792
-0.04237761
0.07372224
0.01668254
-0.17495157
-0.35071659
0.00315239
-0.18763219
0.03199609
0.07700772
-0.05400419
-0.06886855
0.03657930
0.08776763
-0.01485956
-0.11242644
0.02795951
-0.10997548
-0.05932045
-0.05042402
0.02118522
-0.00845472
0.00268809
-0.08420975
-0.03855931
0.05204152
-0.00657119
-0.04622309
0.02817572
0.00049519
-0.00697796
0.02299310
-0.03954767
0.02549621
-0.02026096
-0.07878467
-0.00981321
-0.02558106
-0.05186954
-0.02527992
-0.30311105
-0.02895321
0.01797109
-0.03491319
0.03713631
0.02632116
0.01999870
0.03025290
-0.06912652
-0.00614362
0.02721800
0.00602525
0.01791259
0.04721280
-0.03197927
0.00332225
0.07802808
0.00667476
-0.02094118
-0.03337067
0.02688675
0.01778970
-0.08721676
-0.01237847
0.02175439
-0.00178589
-0.01588009
-0.00647581
-0.00241647
0.03330341
-0.01060766
0.07188930
-0.22656830
-0.08030037
0.00387893
0.01851175
-0.03704038
-0.00753938
-0.01881972
-0.04263223
0.01578926
-0.11588486
0.09614024
-0.04478405
-0.08931728
0.01369769
-0.05356081
-0.05517873
0.13489386
-0.01129851
0.04662985
0.08513430
-0.01468009
0.03822903
-0.22734042
-0.14665890
-0.00579764
-0.08654102
-0.04530407
-0.01028021
-0.05722891
-0.08988568
-0.05062752
-0.00686493
-0.05409456
0.01922700
-0.01861499
-0.04614081
0.05581090
-0.08250029
-0.08372675
0.00573557
-0.05022628
-0.04263029
0.04323381
-0.03142934
0.18995778
-0.02607534
0.03880698
0.10947830
-0.03786184
-0.02713610
0.05163595
-0.20649311
0.04794208
0.08549025
0.01855194
-0.02005797
-0.02859179
0.03428395
-0.01178172
0.00936607
-0.04103636
-0.06068465
0.20003392
-0.08962805
-0.06410158
-0.18673657
-0.01954394
-0.01640637
-0.02173888
0.05403948
-0.05423836
0.02521863
-0.08286875
-0.08730023
-0.07578421
-0.00854940
0.01139049
-0.10941548
-0.04316596
-0.06596852
0.00762500
0.00245063
-0.04955071
-0.12795848
-0.01233046
-0.00804955
-0.05506331
-0.18751909
-0.05221206
-0.04798359
-0.08514007
-0.12895299
-0.02696040
-0.00837831
-0.20693846
-0.03648669
0.02506751
-0.19819860
-0.10197790
-0.07190342
-0.05487619
-0.06118732
0.01713383
-0.08046330
0.01018944
-0.01201328
-0.01962100
-0.12144945
0.00846832
-0.15450287
-0.02999032
-0.11566205
-0.06207111
-0.08516449
0.00940807
0.08768990
-0.03675631
-0.08167685
-0.03294278
-0.15124634
-0.03277973
-0.06360030
0.03492068
-0.07277404
-0.05030950
-0.25872329
-0.01585511
0.00035449
-0.07117148
-0.06020889
0.01892006
-0.10270608
-0.01006681
-0.01832948
-0.01807380
-0.07196820
-0.10795566
0.06738125
-0.04207383
-0.00161092
-0.14619833
-0.00250703
-0.17439388
-0.08016092
-0.00542848
-0.10273812
-0.09769545
0.00704453
0.00542780
0.01074650
-0.02938902
0.04745214
0.00318567
-0.01087894
-0.12914541
0.12320935
-0.02167034
-0.28774047
-0.76828086
-0.03986907
-0.06243455
0.22972810
-0.08379594
-0.12469868
-0.06782506
-0.10229824
0.03183832
-0.03385033
-0.04537512
-0.12184435
0.00190554
-0.06916624
-0.02778523
-0.04068182
-0.12511930
-0.00947075
-0.04836938
0.01839021
-0.83633274
-0.07269230
-0.03148387
-0.15302977
-0.12164065
0.01322676
0.17331952
-0.05628102
0.02170208
0.04774144
-0.09935402
-0.02570667
0.03124200
-0.02720254
-0.03690915
-0.10985029
-0.01063777
-0.05198289
0.03020399
0.07591349
-0.07622190
-0.04661110
0.00940833
-0.25265059
-0.11464382
-0.01409132
0.00196498
-0.10322600
-0.06593651
-0.01249941
0.01803143
-0.08362433
0.00023462
-0.11056819
0.15662715
-0.08434547
-0.03999817
-0.01273236
-0.04483638
-0.02582102
-0.00774819
-0.04756924
-0.06343203
-0.13090810
-0.07448430
-0.10724315
-0.10236643
-0.03030703
-0.03422675
-0.06466290
-0.00440247
0.06857225
0.03322783
-0.05933482
-0.06771573
0.00019632
-0.01123025
-0.02932811
-0.00493367
0.05663409
0.00991077
-0.00467793
0.13651252
0.01033724
-0.06316788
-0.07632445
-0.16854522
0.01294548
-0.02066346
0.05416050
0.04563819
0.12804542
-0.04720504
0.01975912
-0.01890418
-0.04768467
-0.00863202
-0.09579886
-0.05731170
-0.09160598
-0.00762949
-0.02818871
-0.04972235
-0.00693652
0.01778699
-0.03139284
-0.08058628
-0.02528156
-0.00759340
-0.14456451
-0.05328812
0.00707641
-0.04844707
-0.02487814
-0.15044589
-0.00893938
-0.00990474
0.00873866
-0.11010719
-0.02240201
-0.10178576
-0.06246150
-0.09258042
-0.01424067
-0.02575546
-0.05688890
-0.02926681
-0.02092387
0.08587038
-0.01916816
0.01855196
-0.01289043
0.04656763
0.01778423
-0.01259265
-0.03516658
-0.05508206
-0.00338489
-0.05404726
-0.11983886
-0.04976248
-0.09879780
0.03299556
-0.01763002
0.02617498
0.01831464
-0.00771433
0.10257807
-0.04017881
-0.04622124
-0.03642013
-0.05891880
-0.02948869
0.02114059
-0.01915848
0.00332370
0.04805264
-0.00001791
-0.06501188
0.03405367
-0.11410064
-0.03967338
-0.00055731
-0.10530366
0.02015436
-0.05707628
-0.00200596
-0.03986920
0.03686715
0.09217031
-0.11594798
-0.01398263
-0.12017161
0.02279148
-0.03660399
-0.06810393
-0.01732077
-0.12700705
-0.04395942
-0.04472554
-0.05556673
-0.02369194
-0.00897319
-0.01099387
0.00262696
-0.10792933
-0.01864168
0.11609451
-0.13731608
-0.11534692
-0.05615370
-0.10438376
-0.19062193
0.01250142
-0.03794686
-0.13041767
0.00924857
-0.23227319
0.00056620
-0.06017014
-0.03170038
-0.18178706
-0.01019598
0.00980466
-0.01489677
-0.04527070
-0.00267777
0.06362615
0.04853406
-0.03766666
0.02168059
-0.02550463
0.01405246
-0.09031550
-0.01359892
-0.02151982
-0.07479768
-0.43199494
0.02635957
-0.12817901
0.01687566
-0.08715955
0.06222904
-0.11079471
0.03921277
-0.04193481
-0.10842614
-0.09271132
-0.04918445
-0.12339656
-0.04124185
-0.09931526
-0.04757845
-0.05122278
0.00828313
-0.06483398
0.03719451
-0.02460577
0.09243225
-0.05916034
-0.17997439
0.03206598
-0.02791282
0.03345571
-0.09630255
-0.01674182
0.06540062
0.04941868
-0.08979303
-0.02997740
-0.06525067
-0.04056023
-0.08991636
-0.03291086
0.03982576
0.00826556
-0.13747396
-0.00780911
0.06385961
-0.11229724
-0.02265247
-0.07665075
0.06586665
-0.04232419
-0.00507536
0.02208903
-0.01806122
-0.10600831
-0.10532461
-0.02385642
0.03212593
-0.10892455
-0.00709435
-0.01383499
-0.01276692
-0.07132046
-0.12068852
-0.02868262
-0.00531700
-0.02561001
-0.02365142
0.05983744
-0.03462039
-0.17009474
-0.07659075
-0.04276505
-0.15716420
-0.14267169
-0.03675241
-0.14834534
-0.01689476
-0.22811848
-0.05173963
0.01795173
-0.02820127
-0.09220943
-0.07759771
-0.22925600
-0.02588110
-0.02895289
-0.08867569
-0.05831527
0.00119706
0.06898328
-0.02101503
-0.00918820
-0.02842283
-0.14193930
-0.03243127
-0.07840569
-0.11858097
-0.24112833
-0.02894578
-0.03085690
-0.02478362
-0.03175463
0.03161106
-0.11996523
0.08430287
-0.10872895
-0.16669907
0.04736434
-0.17076869
-0.00699226
0.01661867
-0.01626720
-0.02616961
-0.08432450
0.04808782
0.02389531
-0.02324113
-0.04151516
-0.04493766
0.10094264
0.06547827
-0.01752074
0.08388673
0.06966042
-0.05130961
-0.01271674
-0.01197989
-0.06886597
-0.08072910
0.00264801
-0.08863790
0.00120859
-0.02883756
-0.05416637
-0.07459157
-0.04065683
-0.10993366
0.03730645
-0.06900115
0.02203479
-0.06894593
0.01127488
0.03406724
0.01494268
-0.07590380
-0.02001591
-0.03540303
-0.18388593
-0.01533356
-0.04711671
-0.09249258
-0.03840255
0.00935756
-0.05688206
-0.01766306
-0.00815808
-0.20497078
-0.12093402
0.01894403
-0.08435129
0.01768658
-0.08143099
-0.02513483
0.01923627
-0.00343189
-0.02380186
-0.00893224
0.02283585
0.00365809
-0.10687826
-0.05742610
-0.05166974
-0.05086844
0.05663836
-0.31141531
-0.01540078
-0.01605380
-0.07112899
-0.04588972
-0.05429193
-0.01723652
0.04517084
-0.00262801
0.02870362
-0.17466475
0.02167572
-0.05513144
-0.07703216
-0.03704112
-0.04325162
-0.06235606
0.07308736
0.05577271
-0.04943441
0.06189268
-0.05595803
0.05960457
-0.04501975
-0.00109883
-0.04586881
-0.02670173
0.01015474
-0.32602701
-0.17956324
0.04086605
-0.25191051
-0.01855783
-0.00131999
0.00463786
0.03761291
0.02435925
-0.04241101
-0.07380336
0.02920155
-0.13603160
0.01279298
-0.07556603
-0.10111678
-0.09073186
-0.08370543
0.02580024
-0.12790489
-0.08618563
-0.00117386
-0.05019965
-0.00866540
0.02310792
-0.02833412
0.04018500
-0.09470724
-0.16406256
-0.10321932
-0.07987630
-0.38668492
-0.03860218
-0.01855955
-0.09031965
-0.06826168
-0.20552975
0.00739374
-0.09442211
-0.08384127
0.02391721
-0.11347783
0.02785796
-0.10113715
0.07158841
-0.04269277
0.14156063
-0.05439910
-0.04740945
-0.02739579
0.07857774
0.00765945
-0.05383722
-0.09772550
-0.02921887
0.06973610
0.04225254
-0.16091779
-0.05285159
-0.09326616
0.00758022
-0.13102700
0.02394978
-0.20620996
-0.29432809
0.04062136
0.01244872
0.03238513
0.04819613
-0.04225118
-0.24972460
-0.05694711
-0.00324996
-0.06129777
-0.20128457
-0.10147339
-0.05991518
0.09385801
0.00938855
-0.01538631
-0.05746197
-0.14218463
-0.03613260
-0.03776864
-0.01173269
0.01505764
-0.03502944
-0.13040063
-0.05879039
-0.02122658
-0.06914888
0.02756185
-0.03775448
-0.01883065
-0.06174136
0.02575470
-0.12136741
0.01857995
-0.07683460
-0.01953694
-0.18790850
-0.27222952
-0.01262465
-0.03989954
-0.00979593
-0.04934572
-0.02644049
0.09533264
-0.10170422
-0.03888335
-0.06227284
-0.01069028
-0.09730431
-0.04100494
-0.03503199
-0.08346737
-0.04350800
0.11329334
-0.05273282
-0.06881116
-0.04209021
-0.03517927
-0.05563127
-0.16625859
-0.08315751
0.02998355
-0.03291500
-0.02462841
0.08168258
-0.16284770
0.00605375
-0.22028317
-0.01616253
-0.03034872
0.00806590
0.03356430
-0.03028294
-0.05830200
-0.00564246
-0.22057073
-0.06339274
-0.00813272
0.01241996
0.02755740
0.07362428
-0.05492288
-0.09627253
0.03887657
0.00435475
-0.11255529
-0.02264467
-0.20094603
0.02851789
-0.04135380
-0.04978022
0.00280405
0.04192847
-0.07189465
-0.02632737
-0.10521270
-0.13928002
-0.06104280
-0.29766032
-0.01252916
0.00330914
-0.05238273
0.00470779
0.02463353
0.05019000
0.02624231
-0.15934570
-0.06185944
-0.00104806
-0.02739004
-0.01282261
-0.08065502
-0.00812180
-0.01552105
-0.03875777
-0.03960492
-0.13802163
-0.09225427
-0.03137144
-0.04981622
-0.05919789
0.01634599
-0.02662164
-0.00851260
-0.09207930
-0.01955383
-0.03034317
0.04843454
-0.01619619
-0.21985485
-0.13438068
-0.12691963
0.01648844
0.02492251
-0.63027936
0.01477480
0.01235920
0.06311026
-0.06518307
-0.05135589
-0.01190114
-0.10051812
0.02349291
-0.00349900
-0.05465880
-0.01226409
-0.12641747
-0.02408521
0.00627612
-0.21293481
-0.18638837
0.14475964
-0.07577390
-0.11948469
0.02090625
-0.01208450
0.01511196
-0.06421548
0.02696362
-0.01538776
-0.17184800
-0.06138131
-0.01242210
0.02209309
-0.00598457
-0.00633929
0.00082990
-0.04216883
-0.00273765
0.03174582
-0.02704832
-0.02970514
-0.00144343
-0.07439775
0.00584903
0.01079319
-0.01479428
-0.04107371
0.02251617
0.03786100
-0.09158725
-0.10353718
-0.11545393
0.04526916
0.03149020
-0.04648115
0.06617532
0.04794171
-0.04606916
-0.24098998
-0.03287024
-0.03250895
-0.12929028
-0.06599648
-0.02000935
-0.44909641
0.00670131
-0.06108765
-0.04684947
-0.03391676
0.00138544
0.01610731
-0.04749954
-0.05098013
-0.07879484
0.02261314
0.03382663
-0.01305253
-0.07383244
0.02197935
-0.25577077
0.01465158
-0.05225026
0.07952156
0.03709105
-0.00420442
0.01426655
-0.21494384
-0.04138601
-0.06929073
0.00735533
-0.02252586
-0.06683206
-0.06889805
-0.05074142
0.03457649
0.00900498
-0.12364196
-0.17594294
-0.10337846
-0.02655673
-0.03949546
0.00453652
-0.03547951
0.01246737
-0.02309429
-0.10629309
0.00696177
-0.03864878
-0.07677512
-0.01771799
0.02974016
-0.08340656
-0.01105700
0.08185113
0.06760219
-0.04673535
0.01090490
-0.03706477
-0.04322667
-0.02488354
-0.18323743
0.00183342
-0.02236062
-0.01675851
-0.17699629
-0.21333234
0.04006926
-0.11148918
-0.05435368
0.01267986
-0.21984695
0.06683622
-0.08586466
-0.04027437
0.01487543
-0.19412622
-0.11099154
-0.01203937
-0.04729238
-0.38821229
-0.08803497
0.00238804
-0.08138683
0.00567212
0.01751593
0.01643632
-0.05179355
-0.03636898
0.02278009
-0.04781104
0.05120072
0.02879941
0.01051355
-0.12397236
0.02821893
-0.04466324
-0.15467882
0.12664971
-0.00732633
-0.03416125
-0.04319905
-0.02971774
-0.01764970
0.01187967
-0.26807964
-0.04392635
0.00443151
0.06062733
-0.11479013
-0.28621936
-0.04896004
0.03510542
-0.12817626
-0.14452873
-0.05146067
0.04667341
-0.00640278
-0.08662356
-0.04833007
-0.07402548
-0.05978485
-0.18946026
-0.13254781
-0.17575145
-0.35935640
-0.14834160
-0.00882342
-0.14629835
-0.31762320
0.07847786
-0.71115035
-0.04280050
-0.11299447
-0.08052517
-0.00377984
-0.02592820
-0.39441180
-0.83731532
-0.01249094
-0.14694752
-0.30457857
-0.19854325
-0.05251909
-0.02416214
-0.07912755
-0.04832647
0.14297827
-0.05770949
0.07748599
0.03493631
0.26607451
-0.05587754
-0.04163839
-0.07254108
0.07101650
-0.08063776
0.01670746
-0.03978879
-0.07032210
0.03633960
-0.16815826
-0.14896023
-0.64798129
-0.00219792
-0.03598659
-0.03291367
-0.01844588
-0.02290580
-0.05990031
-0.11140598
-0.06937906
0.31100252
0.35990667
0.02968484
0.26691034
-0.02166560
-0.11083003
-0.08201422
-0.06842528
-0.12941499
-0.01870401
-0.43366703
-0.16825713
-0.24192438
0.05324554
-0.11734592
-0.05691438
-0.05455697
-0.00761719
-0.08953933
-0.06640835
0.02062596
-0.07034456
0.22505008
0.40460432
0.34507936
-0.07473604
0.01959887
-0.00810092
-0.04789667
0.03482925
0.00476150
-0.14346519
-0.08888544
0.09651133
-0.22804648
-0.30944958
-0.06885315
-0.10918048
0.04176499
-0.04895534
-0.22817166
-0.09738896
-0.01224471
0.02482244
0.01497953
-0.02767590
-0.04798619
0.12736678
0.07232498
-0.15130945
-0.02162214
-0.10302117
-0.01638004
-0.18788826
-0.89408767
-0.05399860
0.01697803
-0.06104669
-0.01754783
-0.00930654
0.00393071
-0.18873404
-0.10109662
-0.09080798
-0.01349161
-0.09053279
-0.06079262
0.02521200
-0.12092116
-0.00458304
-0.38584876
-0.25451979
0.00495990
-0.10993541
0.04081113
-0.56426001
0.11826354
0.08309919
0.01690887
-0.04873774
-0.02644285
0.07576833
0.04216093
0.07777841
0.09343907
-0.05307618
0.53382504
-0.07557721
0.32075793
-0.16009288
-0.03691242
-0.10853999
-0.05284847
-0.01434768
-0.04820596
-0.12718205
-0.16586101
-0.19235262
-0.12523533
0.03352046
-0.03957992
-0.15120991
-0.23033597
-0.32855922
-0.01981133
-0.01426693
-0.11785007
-0.01876963
-0.01575777
0.13372341
0.09023174
0.01989754
0.03166764
-0.04299487
-0.07820164
-0.19761334
-0.15576144
-0.12643306
-0.03883834
-0.03746242
-0.10071269
0.21520647
-0.04605961
-0.07254160
-0.00214659
-0.00191117
0.19382827
-0.28883156
-0.02825427
-0.03572292
-0.02890732
0.07682357
0.08969440
-0.06935645
-0.05425913
0.01162140
-0.12316101
-0.08046236
0.21629184
0.28002647
-0.06118471
0.05598127
-0.09625799
-0.39626843
0.03432872
-0.16635486
0.04051177
-0.15754226
0.03166905
-0.48448268
-0.08862527
0.05268960
-0.11605919
-0.09826612
-0.03284180
-0.24900572
-0.01873931
-0.06327610
-0.02049051
0.01210549
-0.06107082
-0.28852126
-0.06371368
0.08767068
-0.16160008
-0.02626310
-0.18164326
-0.17958991
0.03432130
-0.22706869
-0.06478304
-0.05579751
-0.06467617
-0.08689633
-0.04471568
0.00205068
-0.00247561
0.01273784
0.15834105
-0.04531230
-0.00991564
-0.35549271
-0.11494520
-0.04947496
0.11579592
0.23946063
-0.34368214
-0.17219423
-0.06174917
0.04625321
-0.00262156
-0.01267940
-0.02139736
-0.10221287
-0.21995459
-0.09741916
-0.13008526
-0.01317957
-0.21558051
-0.09553921
-0.04189691
0.01866115
-0.76519841
-0.17244254
0.29212236
-0.16983281
-0.07429700
-0.19108233
-0.04289953
-0.10819092
-0.31833321
-0.02159897
-0.59209102
-0.16028805
-0.03133895
0.01207646
0.05375350
-0.20744227
-0.17813227
-0.05058436
-0.07066794
-0.19867362
-0.20604597
-0.00291413
-0.57886398
-0.18212035
-0.03394455
-0.12341220
0.03158021
0.10561128
-0.10494351
-0.09619085
-0.00801871
-0.09129209
-0.02167600
-0.22238830
0.00083980
-1.21994078
-0.00877141
-0.43944162
-0.00577747
0.03286916
-0.04155288
-0.19521956
-0.04537115
-0.00205796
-0.40135947
-0.55060214
-0.14268571
0.00996223
-0.00650992
-0.22286922
-0.04101427
0.03773895
0.03076698
-0.01453576
-0.16867438
-0.08103912
-0.04998213
-0.01519017
-0.07142469
0.07928240
-0.03726397
-0.02300663
-0.16142428
0.01005591
-0.14870580
-0.22384757
-0.28081116
0.02985310
-0.00787442
0.02977590
-0.00823617
-0.49618840
0.01539862
-0.10576212
0.54089123
0.04902295
-0.06814781
-0.21811776
-0.51331174
-0.20532653
-0.03116675
-0.00663714
0.08758298
0.02275763
-0.05597911
-0.38283142
0.02187769
-0.10551474
0.02661279
-0.43080348
-0.05103118
-0.09152617
0.00794251
0.03208616
-0.12480009
-0.02397639
-0.01029257
-0.02561917
-0.14641343
0.06957342
-0.16182469
-0.18110755
-0.04685126
-0.16101542
-0.11234249
-0.13715765
-0.18717898
-0.19052272
-0.21712190
-0.10833376
0.05324441
-0.06007206
-0.03123623
-0.05408076
-0.03505832
-0.28430414
-0.09917370
-0.09710841
0.01920261
-0.13059600
-0.02737588
0.04358482
-0.16053213
0.05306818
-0.10916685
-0.22056320
0.00499914
-0.25019032
-0.35697156
-0.25998637
-0.04845793
-0.10166618
-0.42884931
-0.06749010
0.04235019
-0.01246463
0.00765057
-0.01378202
-0.06985752
0.01195537
-0.29416496
-0.14311188
-0.15446030
0.04189660
-0.24872117
-0.08231005
0.00313766
-0.02521416
-0.04294120
-0.01842686
-0.07900204
-0.56067854
0.01423070
-0.19886540
-0.00588744
-0.22007906
-0.17569914
-0.12924796
0.01400719
0.14302015
-0.05607314
-0.24365897
-0.01704805
-0.12813547
-0.14033490
-0.20922956
0.17150366
-0.10478625
-0.15854248
-0.29535314
-0.03548412
-0.69749969
-0.08115805
0.00803718
0.05403049
-0.05671877
-0.25040069
0.00607609
-0.04869114
-0.09938229
-0.06334043
-0.18982798
0.04304428
0.01873207
-0.01939571
-0.08518889
-0.19937722
0.04520392
-0.00390550
-0.19061607
-0.02167909
-0.00400641
-0.00504994
0.01583247
-0.08905330
-0.06082190
0.09097505
-0.47316748
-0.01738774
-0.03832848
0.00093814
-0.10158838
0.05095764
-0.11698178
0.01355488
-0.03232731
-0.19281302
-0.41748321
0.00535314
0.06544299
-0.14694275
-0.04356224
0.02448886
-0.06234790
-0.56810504
0.06444942
-0.11924200
-0.01347941
-0.04356575
-0.11600530
-0.02770019
-0.43394467
0.02066140
-0.05436964
-0.16385469
0.07076257
0.02552230
-0.15920541
-0.01552291
-0.02719216
-0.03204120
0.01362247
-0.13746339
-0.11972985
0.04228027
0.05634661
-0.06007450
-0.06579893
-0.12326791
-0.27342120
0.12885121
-0.21869993
-0.05132532
-0.13256109
0.04640045
-0.00654960
0.00686289
-0.17228334
0.03192363
0.02708210
-0.02887246
-0.08278425
-0.04328449
-0.09795021
-0.01717384
-0.03249441
-0.02044986
-0.32869413
-0.07606658
-0.03211797
-0.04534062
-0.05983223
0.01091063
-0.11085163
0.09973326
-0.01024412
-0.03839693
-0.05372752
0.00142822
-0.17757796
-0.01045694
-0.21920572
-0.05892962
-0.00138445
-0.02195727
-0.49780917
-0.20492473
0.02844873
0.07664800
-0.22245330
-0.19441321
-0.29841566
-0.02810545
-0.04359574
-0.20717083
-0.02509392
-0.02666269
-0.01319754
-0.01817718
-0.12237900
0.01559624
-0.37087503
0.07173109
-0.03671832
0.00970427
-0.01418221
0.02726524
-0.00177326
0.01299502
-0.10092721
-0.08510897
-0.01746828
-0.05949391
0.03667575
-0.03683637
-0.05865262
0.03911991
-0.27446887
0.00461870
-0.02883004
-0.10232751
-0.11148293
0.02015373
-0.05098412
-0.03946027
-0.01723245
-0.00935065
-0.03865924
-0.13309461
-0.01754693
-0.01132824
-0.11514837
-0.07128646
-0.09851710
-0.00726824
-0.25348085
-0.03982047
-0.11478015
-0.23295605
0.00254049
-0.31944793
-0.01442158
-0.07196317
-0.01219262
-0.04384632
-0.20435062
-0.06259533
-0.04928486
-0.10622576
0.03977896
-0.03922461
-0.08810793
-0.08803072
-0.01631888
-0.02293762
-0.19379181
-0.05594708
0.00586193
-0.01595689
0.02020885
-0.21494761
-0.04165198
-0.01038510
-0.00918089
0.05460188
-0.00044164
-0.13463295
-0.05510158
-0.05174633
-0.00618296
-0.23658857
-0.35967514
0.00466053
-0.11839113
-0.14934056
-0.17330202
-0.03236488
-0.00697608
-0.01282789
0.06713495
0.10024359
-0.03020717
-0.08735600
0.00242850
0.03180829
-0.33614576
0.07396217
0.00341472
-0.21721171
-0.08106702
-0.01451497
-0.12635998
-0.00083458
0.23364328
-0.00505836
-0.18114884
-0.01355260
-0.12890831
-0.02939565
-0.07095239
-0.06952458
-0.04024457
-0.03453125
0.06693482
0.02713305
0.06698880
-0.06987048
0.12933160
-0.02467766
-0.21120547
-0.03177823
0.05509770
-0.04546227
-0.04179602
-0.03601670
-0.02988713
-0.27176592
-0.08925664
-0.18080880
-0.08838192
-0.04965938
-0.08554237
-0.00704560
-0.10639976
-0.01032971
-0.04513549
-0.04600588
-0.15356413
0.00922378
0.06688319
-0.00042765
-0.05927079
-0.01866462
-0.01342642
-0.16702740
0.24646674
-0.12045471
-0.15871355
-0.07488921
0.03648047
-0.18491654
-0.23936625
-0.42935294
-0.38075656
-0.05249542
-0.05720160
-0.07534372
-0.07846242
-0.03924228
0.18735944
0.01877368
-0.03805959
-0.00587625
0.03461897
-0.00748165
-0.07205416
-0.20173231
-0.22629108
-0.07606786
-0.12429701
-0.04633313
-0.06744191
-0.13437726
-0.12823659
-0.10404211
-0.24252507
-0.11950390
-0.18595284
-0.03004655
-0.06579202
-0.01125033
-0.05556714
-0.25131544
0.03735263
0.00295506
-0.18493558
-0.09543070
-0.04992255
-0.02868865
-0.03029992
-0.12329353
-0.05709394
-0.01362202
-0.01694346
-0.07133891
-0.23727922
-0.23456961
0.10060732
0.04529754
-0.06714491
-0.06155054
-0.02783286
-0.00965186
-0.06792232
-0.18156272
0.05543931
-0.02185196
-0.05337062
-0.12468507
0.05831590
-0.12125114
-0.20233731
-0.11358537
0.02308884
-0.16152309
-0.31701073
-0.21438202
-0.11072525
-0.03280670
-0.07913531
-0.04050217
-0.03836142
-0.02390035
-0.09716026
0.05398944
0.01847494
0.04133345
-0.01818699
-0.23711361
0.09521820
-0.00218993
0.19925046
-0.00860184
-0.02075043
-0.01404734
-0.30886236
-0.15476647
-0.11644857
0.01059059
-0.31169727
-0.18197390
-0.02229834
-0.16397250
0.13608243
-0.01175284
-0.06405003
-0.07951458
-0.62202030
0.10721749
-0.03050313
0.01768858
-0.11287762
-0.17653917
-0.17374346
0.01825595
-0.36186817
-0.37000084
-0.02440980
0.01597155
-0.07305939
-0.13350584
-0.15078035
-0.04396538
-0.03009674
0.01065198
0.12999332
0.02630174
-0.90282178
-0.00346074
-0.09628657
-0.01840662
-0.03580562
0.01770064
0.16415092
0.07073532
-0.07022957
-0.23656811
-0.22809914
-0.03197446
-0.12711866
-0.03867326
-0.04293918
0.03912927
-0.03791742
-0.01882384
-0.04469255
-0.22805998
-0.04229148
0.04053297
0.00391882
-0.21083511
-0.09318277
-0.10036009
-0.10526310
-0.18566099
0.08834703
-0.12407517
-0.02193484
-0.25991228
-0.01569293
0.01535405
0.05659875
0.05436581
-0.10565293
-0.02442070
-0.05327633
-0.01295904
-0.00159851
-0.16103409
-0.00660363
-0.05721932
0.01533019
-0.01975898
-0.04135098
-0.50100935
-0.01673297
0.02006343
-0.23620351
0.01477088
-0.03001991
-0.09892727
-0.09586085
0.11481000
-0.02763757
0.04914828
-0.12999924
0.03319538
-0.06272279
0.01062251
-0.02512951
-0.03402130
-0.02706237
-0.06020060
-0.05039133
0.00267028
-0.00145569
-0.02879445
0.11422775
0.02154443
-0.17500922
-0.14146413
-0.09939384
0.03584209
0.00555058
-0.01981155
0.05664653
0.05956054
-0.18627198
-0.01214305
-0.43302482
-0.01317761
0.02663683
-0.05207720
-0.06440142
-0.04564320
-0.00005052
0.00450319
-0.40832612
-0.00649292
-0.07045111
0.00485143
-0.47393352
-0.01926902
-0.05512957
-0.04954177
-0.13811111
-0.03877437
-0.08337700
-0.01272306
-0.00664617
-0.05821624
-0.04504285
0.00816299
-0.16437601
-0.04737467
-0.02713310
0.27015024
-0.11953959
0.03937406
-0.02115959
0.03678600
-0.02259057
-0.05206092
-0.45204711
0.54632628
0.13531578
0.02424039
0.17315477
-0.13548592
-0.13436779
-0.05638292
-0.07043378
-0.11582027
0.44909528
-0.01291869
0.02819971
-0.07376997
-0.04493503
0.00367060
-0.20558782
-0.12197479
-0.34241828
0.11990908
-0.14930071
-0.09645475
-0.02159567
-0.08088283
-0.08205206
-0.13694884
-0.21445139
-0.03380766
-0.00925545
-0.06156665
-0.02148660
-0.03635057
-0.05988396
-0.04519579
-0.00920433
-0.06149090
-0.21063966
-0.04110524
-0.17232938
-0.01215922
-0.14694971
-0.05050186
-0.10370047
-0.03609310
-0.04979074
-0.07611258
0.05950885
-0.02489243
-0.22205852
-0.13976833
-0.10989802
0.00250986
-0.17901772
-0.01618786
0.04110965
-0.14906831
-0.01649379
0.02469105
-0.09320955
0.42561245
-0.05383496
-0.02417058
0.03932901
-0.15648356
-0.08700504
-0.01326149
-0.02334968
-0.03347820
-0.15445827
0.00679358
0.14036742
0.01633674
-0.07024749
0.37761378
-0.00574138
-0.05035083
-0.04662994
0.00791571
0.05201399
0.02217939
-0.00105581
-0.14678532
-0.24170345
-0.04449708
-0.58427495
0.01948281
0.09818929
-0.01126544
-0.00165516
-0.08467041
-0.03302198
-0.09125280
-0.15913935
0.00604722
-0.10782871
-0.09488218
-0.15076849
-0.15119240
-0.02255166
-0.09454033
0.05962294
0.11750857
0.23669201
0.04748508
-0.04539377
0.00290788
-0.20729798
-0.12958594
-0.24733149
-0.00672069
-0.13507895
-0.28241798
0.14687648
-0.27859095
-0.05675120
-0.01225361
-0.06938212
0.00436514
-0.30866385
0.03078319
-0.48783466
-0.05563647
0.06551021
0.01180467
-0.07150061
-0.02738261
-0.05979921
-0.14069586
-0.48487103
-0.15455493
-0.07308788
0.03280206
0.04708842
0.00050803
0.02281201
-0.07122080
-0.15662655
0.03318701
0.09587065
-0.05142229
-0.52438533
0.02509558
-0.04476104
-0.10460476
-0.01566357
0.01472458
-0.12819088
0.02549845
-0.16341999
0.17166817
-0.54340315
-0.06732393
-0.08643447
0.00835517
-0.04307185
0.00658921
-0.10256603
-0.05390887
0.05749092
-0.07773035
0.08195921
-0.09064735
0.06959338
0.01189633
-0.10624842
0.02597254
0.03178167
-0.20226480
-0.05375553
-0.38032478
-0.23063222
-0.17779827
-0.03077593
-0.18256786
-0.06988551
-0.02747092
-0.01519350
-0.01303826
0.01505525
-0.73595250
-0.10036869
-0.02275180
-0.13724071
0.11508273
-0.13910137
0.01901209
-0.06959520
-0.13716403
-0.03252922
-0.00933885
0.04786265
0.00769754
-0.15624362
-0.29395953
-0.07604656
-0.06609967
-0.04407927
-0.05034491
-0.09158720
-0.28016117
0.00450725
-0.06886045
0.08850498
-0.18931182
0.04509800
0.03501143
-0.16988814
-0.05514649
-0.03790496
-0.02122948
-0.09270735
-0.06603006
0.06938498
-0.49939424
-0.22095390
-0.09687386
-0.00618667
0.06343172
0.04084251
0.03513747
-0.00251509
-0.11407623
-0.06143958
-0.04006536
-0.07084563
-0.06836578
-0.10928793
-0.19942173
-0.03922268
0.04911914
-0.04399069
-0.05083389
-0.12726292
-0.26018119
-0.30879784
-0.00357057
-0.11965609
0.23683199
-0.14488007
-0.03105777
-0.02654352
0.02048401
-0.16462812
-0.19675450
-0.06970721
-0.15428799
-0.03312767
-0.05025693
-0.54550391
-0.08833719
0.01393148
-0.00708722
0.00176200
-0.03262204
-0.08951785
-0.21390320
0.08889365
-0.17315994
-0.07998269
-0.02663517
0.06480420
-0.37939388
-0.18625993
-0.04375627
-0.09556576
-0.01458953
0.02025296
-0.00795004
0.04851339
-0.00935219
-0.29560477
-0.18809384
-0.06165940
-0.02336369
-0.02375424
-0.01295515
-0.12675661
-0.09800460
-0.04690959
-0.10772871
-0.16820788
-0.03344161
-0.08781144
-0.03133627
-0.03385673
-0.04700591
-0.48809955
0.01420255
-0.09899954
0.01175479
0.01089193
0.01883989
-0.07016213
0.03884428
-0.71653593
-0.07377721
-0.08661768
-0.29900467
0.26766002
-0.09126249
-0.04930927
-0.07088018
-0.11508629
-0.06114020
-0.11949088
-0.03030218
-0.08270740
0.02017318
0.02854550
-0.00085797
0.03469126
-0.01026923
-0.02590027
-0.06403974
0.11880407
-0.22377017
-0.09368484
-0.03834700
-0.00608266
-0.17211923
-1.17965889
-0.00055292
0.02456556
-0.06077526
-0.22448266
0.00878513
-0.12671012
-0.02137553
0.01262554
-0.10048710
0.00552000
-0.05888093
-0.01794560
-0.20161466
0.00476110
0.03144759
-0.03441610
-0.10639717
0.06967002
0.03479218
-0.06519384
-0.08532833
-0.02792057
-0.04824770
-0.03240822
-0.22534072
-0.52051526
-0.01154882
-0.06659903
0.03917794
0.03024396
-0.04897814
-0.08957498
-0.09917600
-0.03419546
-0.15369178
-0.07560723
-0.08229136
-0.03315770
-0.01928075
-0.26248434
-0.17988910
-0.04272756
-0.00727884
-0.05181752
-0.10224045
-0.13181818
-0.08808417
0.01087774
-0.11907317
0.00124015
-0.24387574
0.01657938
-0.02361336
-0.08460505
0.05228074
-0.18847658
-0.02840646
0.15527542
0.03123946
-0.50158036
-0.31299075
-0.22384128
-0.05920422
-0.03106786
-0.30577517
-0.01684455
-0.01585236
-0.05607075
-0.26399621
-0.02596525
-0.04076938
-0.09597792
-0.06523724
-0.51200104
-0.14839114
-1.32085657
0.05340957
-0.16487056
0.06698026
-0.00715308
0.06225905
-0.10044128
-0.14814521
-1.05508077
-0.29231942
-0.30279595
-0.01459615
-0.01600957
-0.01459412
-0.17962906
0.01915574
-0.10362568
0.03996644
-0.03558736
-0.14856523
-0.04857856
-0.04251855
-0.05224064
-0.00876323
-0.12376485
0.00705243
-0.10067740
-0.15395734
0.16207577
-0.11294235
-0.27802241
-0.18596366
-0.03660887
-0.39000171
-0.08983722
0.00181604
-0.24242641
-0.16996047
-0.03631484
-0.19629097
-0.06093337
-0.12713519
-0.08827716
-0.19975929
-0.18202536
-0.05874905
-0.02295100
-0.05332558
-0.01068504
-0.03350314
-0.05208116
-0.10259553
-0.10508668
0.10445972
-0.02599416
-0.02113463
-0.04333592
-0.02268371
0.00991861
-0.03091412
0.10103508
-0.04587646
-0.02006758
-0.05694792
-0.12521954
-0.15155797
-0.17330974
-0.00557555
-0.31223196
-0.21806543
-0.10416479
-0.10301516
-0.02165413
0.09298544
-0.23522259
-0.06140356
-0.11479288
-0.11332630
0.01082196
0.02722966
-0.28092626
0.00640867
-0.08743928
0.05574119
-0.08861915
-0.12022737
-0.32404652
-0.13361789
-0.09549892
-0.10912834
-0.01768998
0.02429982
-0.02356553
0.02421937
-0.42842507
-0.11099090
0.11872370
-0.31774476
0.09654292
-0.08851370
-0.03666533
0.00721935
-0.05232138
-0.06054898
-0.11367641
-0.16213785
0.12609589
-0.02972947
-0.29749879
-0.00267529
0.07304532
-0.05086129
-0.05078637
-0.01826514
0.01031724
-0.41489697
-0.16476132
0.22146472
-0.05393275
-0.02445925
0.34197783
-0.11074135
0.10451669
0.02920450
-0.01468081
0.00813267
-0.03062901
0.07479460
-0.03170167
0.00426774
-0.12847483
0.01839488
-0.11520739
0.06613263
-0.12464397
0.01749781
-0.10057478
-0.09619799
0.05434046
-0.15761060
-0.23978348
-0.08795504
-0.08219734
-0.01980847
0.04519988
-0.08312224
-0.26790425
0.04851427
0.06334888
-0.03108181
-0.09535035
-0.16599832
-0.03700240
-0.03634103
-0.11259232
-0.30364949
-0.13723803
-0.07858159
-0.24113312
-0.04329041
-0.04325816
-0.00054305
-0.21219382
0.06378502
-0.40521166
0.00610960
-0.24841063
-0.03947191
-0.40117213
0.00378227
0.03464083
-0.19397001
-0.18103592
-0.12633742
-0.09236650
-0.12483454
-0.22290051
0.03230710
0.00538468
-0.11176981
-0.10839303
-0.11053456
-0.09469601
0.33719429
-0.17482056
-0.13685468
-0.20141044
-0.06264625
0.00793384
-0.04427951
0.03787697
0.12715110
0.04049466
-0.10877059
0.03382328
-0.08636509
0.07183751
-0.21167453
-0.01111064
-0.01543103
-0.17811398
0.03770933
-0.01138017
-0.17938182
0.04313912
-0.30435202
-0.03269664
0.00368753
-0.17498071
0.03471075
0.13928056
-0.04851829
-0.11948863
-0.38537630
-0.17985760
-0.00187571
0.05131686
-0.18705523
-0.15459532
0.01529928
0.07992829
0.07444206
-0.31927291
-0.08409143
-0.10913940
-0.20222920
-0.18636204
-0.19833693
-0.24594049
-0.15593275
-0.02997357
0.02179071
-0.22534132
-0.00010000
-0.17543080
0.01299688
0.03491977
-0.14091048
-0.08671625
0.05580286
-0.28195795
-0.06684151
-0.09323107
-0.19788766
-0.13357122
0.19426082
-0.12658355
0.00322913
-0.01228688
-0.21474172
-0.32634017
0.53572363
-0.06063728
-0.08474227
-0.63541549
-0.03761689
-0.50140464
0.02526669
-0.13652362
-0.02726390
0.00999986
-0.03154577
-0.04226869
-0.02346599
-0.70150828
0.26937813
-0.20727301
-0.39870015
0.16949078
0.01655330
0.23108862
-0.02230342
-0.01666602
0.01079475
0.02210016
-0.00436498
-0.12783419
-0.02636215
0.01039735
0.02233238
0.02043404
0.01624473
-0.01746322
-0.28895217
-0.04644677
-0.10810148
-0.11289838
0.07553762
-0.03433492
-0.58914006
-0.03320580
0.03789458
-0.28346428
-0.22151308
0.02412170
-0.20792684
-0.19253540
-0.11644956
-0.30742669
-0.30806336
0.03872022
0.08228203
-0.02305857
-0.12954542
-0.02711204
-0.05509104
-0.20144655
-0.05047151
0.00048259
-0.04453965
0.12976298
0.06243722
0.04232970
-0.01775809
-0.00554485
-0.18355818
0.11831388
-0.01379854
-0.17617024
-0.18814017
-0.40140992
-0.03682623
-0.19312990
-0.04499440
-0.34310415
-0.05519078
-0.12040763
-0.02948020
0.32367173
-0.28892329
-0.45480973
-0.00940714
-0.06626178
0.07286629
-0.01041334
0.01894387
-0.04188833
-0.05105381
-0.11162218
0.06056063
-0.05655009
0.03450245
-0.31467283
-0.26441753
-0.00697453
-0.11763241
-0.14106284
0.10609691
-0.53658813
-0.11878642
-0.64285970
-0.03160115
-0.14669758
-0.25142843
-0.15249485
-0.06771844
-0.17521167
0.00909674
0.01968356
0.56412441
0.02726994
-0.12975270
0.24178088
-0.07424425
-0.57688177
-0.15211043
0.09555679
-0.00269590
-0.01436230
-0.03759449
-0.07122747
-0.07963600
-0.20653231
-0.37925595
-0.05546000
-0.05804719
-0.02838351
-0.26147684
0.16323553
-0.03568128
-0.01350350
-0.02403617
-0.25232601
0.07393611
-0.00992068
0.02857002
-0.36745983
-0.05969177
0.05345374
-0.19350989
0.07993299
-0.15587357
-0.64319223
-0.27760512
0.09303322
-0.01232347
-0.34377286
-0.03710318
-0.08432122
-0.00031482
0.29257527
0.02013920
-0.06275171
0.01050462
-0.54720497
0.07691058
-0.21396354
-0.00349433
-0.14441761
0.01278993
-0.49062768
-0.02726986
-0.07468504
-0.07844823
0.07497962
0.03017476
-0.13150245
-0.06584661
-0.26490000
0.32353842
0.24652666
0.06367277
-0.14061661
0.04969336
-0.16471107
-0.16167971
0.02051448
-0.30699819
0.05427021
-0.02241134
-0.23674363
-0.26435506
-0.11289104
-0.04805101
0.09551378
-0.30179921
-0.48069769
-0.03122431
-0.08189239
-0.06209779
0.21197638
-0.20401880
-0.35712224
-0.04750427
0.02781698
-0.27980357
0.01397678
0.04177038
0.34141466
-0.04323798
-0.06217900
0.01777497
-0.01874429
-0.10451318
-0.12639166
-0.13448754
-0.20300318
-0.25889301
0.02148397
-0.06394675
-0.00270777
-0.19780563
-0.07468481
0.15917778
-0.06656309
0.06358709
0.23935974
0.12396070
-0.03724852
-0.23104426
-0.03901424
-0.00982374
-0.08471752
-1.11138654
-0.03672909
0.00540434
-0.20668440
-0.00313927
-0.09395708
-0.02306209
-0.37967268
-0.03293421
-0.11141173
-0.13508575
-0.12838979
-0.01655264
0.04934971
-0.06751539
-0.10918152
0.04001585
-0.07321189
0.03720491
-0.07673777
-0.05359204
-0.02007244
-0.00503622
-0.16005945
-0.13803937
-0.01667177
-0.06135369
-0.15371948
-0.11600411
0.02086080
-0.04943541
-0.02066402
0.01937979
-0.18849413
-0.04378365
0.00607528
-0.01751278
-0.17686796
-0.00844296
-0.43899298
0.01240831
0.06960359
-0.02102339
0.01732822
-0.01951808
-0.05178980
-0.05058542
0.01491394
-0.11993138
-0.11699287
-0.08805426
0.03592440
-0.03922247
-0.01108078
-0.00816029
0.00056332
-0.01058252
0.00944768
-0.05795892
-0.04488077
-0.07098444
0.01349249
-0.01497575
-0.13748808
-0.04915272
-0.06301542
-0.14267518
-0.03245348
-0.06133186
-0.03569607
-0.22007707
-0.01561739
-0.36199564
0.17163984
-0.01588201
-0.05561635
0.00395078
-0.00006695
-0.02847329
0.00156833
0.02279068
0.00557416
-0.11183852
-0.01500669
0.00021089
-0.05232673
-0.01176322
0.00083481
0.03429709
0.01551621
-0.04683165
0.08200059
-0.06685372
-0.14626141
0.02164058
0.03501211
-0.02627822
-0.02803594
-0.06420694
-0.06109710
-0.00606346
-0.00773072
-0.21673959
0.04188718
-0.07229391
-0.23279062
0.01621702
-0.05522076
0.01941727
-0.06991348
-0.09174999
-0.04526664
0.00481869
-0.23171882
-0.00527599
-0.03095356
0.01763641
0.04035927
0.03690517
0.00420046
-0.07231079
-0.04964855
0.03095412
-0.05754610
0.00297199
-0.03123447
-0.06131366
0.02241496
-0.20069864
-0.11969781
-0.02970470
-0.01152855
-0.30590609
-0.78559881
-0.00188298
-0.03569220
-0.14396690
-0.03702004
-0.04495782
-0.04315026
-0.02429275
-0.00748205
-0.03540741
-0.03797954
0.20384192
-0.03578436
0.03810305
-0.04192431
-0.04322109
-0.03504448
-0.00643891
0.02604413
0.00667848
-0.07857364
-0.22311997
-0.09286255
-0.03852260
-0.02068932
0.01522379
-0.01794662
-0.05942534
-0.12894629
-0.03319103
0.02195046
-0.09224852
-0.07598510
-0.01677643
0.02593698
0.03755776
-0.02460203
-0.03039163
-0.02175207
0.06697399
-0.00223554
-0.08642367
-0.06106516
-0.05982537
-0.04055217
0.01421604
0.09019569
-0.04139958
-0.16367979
-0.02100364
-0.03336534
-0.05547721
0.03608970
-0.03261257
0.00513728
-0.07458891
-0.09472296
-0.02239053
-0.15226740
-0.03252083
-0.01745981
0.00028359
-0.03880541
-0.00081086
-0.20358948
-0.01106856
0.03439526
-0.15683402
-0.38432682
0.00931507
-0.02236389
-0.05035462
-0.10133179
0.01094863
-0.01141512
-0.05485345
-0.00396603
0.30906346
0.01822277
-0.00832097
-0.17304590
-0.02957327
-0.00943063
-0.03821112
-0.01521132
-0.09135915
-0.14011112
-0.02612267
-0.02728551
0.03722069
0.00655866
-0.01927838
-0.07297950
0.02042386
-0.13095327
-0.00394338
-0.02823267
0.00019554
-0.01915237
-0.01914595
-0.04919590
-0.05488286
0.05403171
-0.13596135
-0.05274658
-0.02788137
-0.03883797
-0.03358532
-0.00361790
0.02484494
-0.11447870
-0.10594267
-0.00944443
-0.04578727
0.02897667
-0.03996010
-0.03796120
-0.04584613
0.04487442
-0.03934255
-0.02551331
-0.02156674
0.05816472
-0.01870974
-0.03327919
-0.04467349
-0.04158599
-0.22690976
-0.16399606
0.03461491
-0.19800749
-0.00347165
-0.11782131
-0.35603160
-0.21091898
-0.24088471
-0.03052738
-0.16347511
-0.06133936
0.00931972
-0.22365737
-0.04108168
-0.17003338
-0.05625139
-0.02118826
0.04417114
-0.10103574
-0.28734276
-0.10560634
-0.01429079
-0.12962456
0.13151942
-0.05597068
-0.06104983
-0.13043937
-0.14768046
-0.33154708
-0.01679947
-0.04190246
-0.11060280
-0.17073040
-0.06655618
-0.36792728
-0.00587134
-0.00472214
-0.02302166
-0.01881604
0.04644227
-0.13770214
0.02723761
-0.04498484
-0.39205226
0.02329016
-0.28345692
0.07762834
0.01810899
-0.01913250
0.04892242
-0.06299108
0.01752001
-0.04783160
-0.11199599
0.04379808
-0.10642336
-0.00936132
0.05372065
-0.13977852
-0.06424712
0.04626344
-0.14580967
-0.07238738
-0.02543415
0.07787844
-0.12483717
-0.00602362
-0.10211823
0.04740382
-0.03066554
-0.20162429
-0.16068695
0.02936664
-0.07815915
-0.09634761
-0.10559075
-0.16196850
-0.28443286
-0.03515359
-0.02048224
-0.02428731
-0.12941357
-0.02726196
0.04058665
-0.07332126
-0.02317834
0.01235559
-0.36275443
-0.14755109
0.03213151
0.03211034
0.03493761
-0.03714911
-0.07583831
-0.12115389
-0.07293325
-0.03038930
-0.13303252
-0.08110736
0.03442566
-0.17439537
-0.00518018
0.12181077
0.00486133
0.04186100
-0.03471497
-0.31126994
-0.03953113
-0.27404723
-0.00978072
-0.19178776
-0.04551592
-0.01068671
-0.00148846
-0.10456853
0.03454212
-0.02586999
0.05039484
-0.15784088
-0.00726535
-0.07576954
-0.34476483
0.02853216
-0.13938230
-0.12224346
-0.04572392
-0.01979183
-0.04998602
-0.93542802
-0.12588523
-0.10176589
-0.23263836
-0.04256872
-0.04048353
0.04200760
0.02915811
0.28182703
-0.01600961
-0.06021649
-0.01858576
-0.05066451
-0.02650931
-0.55862200
-0.06238262
-0.16841555
0.00557723
-0.00025416
0.02579614
-0.08545275
-0.15653531
-0.15065555
-0.13714100
0.10495657
-0.07049701
-0.04453739
-0.06982160
-0.05761185
-0.00038307
0.01703454
-0.14202601
0.01781298
0.01708364
-0.02559622
-0.03121161
-0.07391753
-0.09523436
0.02353650
-0.09518135
-0.11607062
-0.10112532
0.03028096
-0.23192047
0.03180598
-0.02360423
-0.05587534
0.00020139
-0.18191250
-0.04853821
0.00404803
-0.10568967
0.16413122
-0.04936569
-0.15898998
0.10419787
0.08755877
-0.13613525
-0.11968021
-0.04158083
-0.01220935
-0.03091928
-0.06673646
-0.11234266
-0.27245927
-0.03014955
0.06084777
-0.07169391
-0.38271523
-0.02795017
-0.06383063
-0.06618074
-0.07429712
0.01177022
0.26552883
0.00266281
-0.02952885
0.12855701
-0.11873803
0.00156726
-0.08786505
-0.11963708
-0.09463746
0.02490336
-0.01123725
-0.02437245
-0.24267870
-0.07555653
-0.10416777
-0.12089422
-0.14242095
-0.04806683
-0.24777332
-0.00147295
-0.25427377
-0.03029158
0.01028993
-0.00661843
-0.16432391
0.24394992
0.02800357
0.00411664
0.04110825
0.03201437
-0.08585303
0.08857853
-0.16593403
-0.03443980
-0.00695919
-0.08584695
-0.04837329
-0.15142563
-0.10561548
-0.09097584
0.01527015
0.00272330
-0.15933698
-0.01078594
-0.05488936
0.10094781
0.04849462
-0.03489219
-0.11736775
-0.05449305
-0.04208201
-0.02542410
-0.08186017
-0.31027284
-0.25475702
-0.03021863
-0.19471715
0.03943273
-0.13669048
-0.04870412
-0.09772720
0.05133309
-0.00574280
-0.12800555
0.00546560
-0.02832243
-0.10039568
-0.02119821
-0.26623034
-0.05979482
0.01238276
-0.07521340
-0.09075253
-0.13094456
-0.15825111
0.05319602
0.01889408
-0.15631123
-0.29342234
-0.04326209
-0.02570495
0.10184135
0.01945954
-0.03634763
-0.10111053
-0.04217565
-0.03109005
-0.05241452
-0.10624146
0.01460126
-0.01866761
-0.00410403
-0.06429213
-0.02475180
-0.12257305
-0.08426006
-0.18683177
-0.07192588
-0.16987258
0.03240570
-0.05735844
0.01835040
-0.02791334
-0.03853326
0.00519358
-0.00836364
-0.03454477
0.02403330
-0.03484497
-0.01263505
0.00571654
0.03340351
-0.19750845
-0.04821321
-0.03037211
-0.18577223
-0.08342911
-0.05189601
-0.07090014
0.05952081
0.05988035
-0.41109407
-0.11837252
-0.05757120
-0.26624101
0.04676299
-0.00063988
0.00061816
0.01360273
-0.10765494
-0.02716714
-0.29258883
-0.11743250
0.00376036
0.01463498
-0.15848157
-0.02064893
-0.01810542
-0.03408347
0.03675621
0.08241726
-0.22331429
-0.02455562
0.02574186
-0.01566747
0.01958125
0.01687287
-0.21212055
-0.10338514
-0.00544006
-0.08774708
-0.08963620
0.02147929
0.08815578
-0.14124258
0.01735714
-0.19219890
0.04259763
-0.01789364
-0.03061041
-0.04099374
-0.14704795
0.00702254
-0.02675603
-0.03772823
-0.02007977
-0.05192055
-0.01105646
-0.11975483
-0.09288548
0.12337072
0.00388143
-0.01894903
0.02929960
-0.07870721
-0.01324574
-0.02303432
-0.05001653
-0.33246639
0.01093711
-0.06762878
-0.06181635
-0.01550129
-0.14787801
0.00278445
-0.09978797
0.02836768
-0.01324772
-0.03129032
-0.08088600
0.08028483
-0.12267788
-0.12755470
0.04076428
-0.17244698
-0.02416647
-0.13389708
-0.23240666
-0.10376327
-0.05230191
0.01831343
-0.00179133
-0.07554532
-0.02518204
0.00063302
0.05184552
0.01020713
-0.05209754
0.05300129
0.01787237
-0.33748123
-0.03285516
-0.06225436
0.03068423
-0.13937521
-0.00917343
-0.04069749
-0.05101518
-0.03497973
0.01979234
-0.09981970
-0.07656571
-0.04724894
-0.17668530
-0.32615677
-0.09610734
0.03895541
0.02719037
-0.17179750
-0.27610406
-0.15358017
0.04036298
0.08196794
0.04559811
-0.09747088
0.02002298
-0.18147050
0.03869576
-0.04672856
0.00364341
0.01386936
0.02484677
-0.04186947
-0.11247939
0.15204653
-0.04206682
-0.16971438
0.19159371
0.08402713
-0.10254189
-0.23057392
0.00504265
-0.05188668
-0.02276617
0.02201341
-0.05907879
-0.17364135
-0.14748095
-0.00208544
0.02081953
-0.03433597
0.01373762
0.11824337
-0.13715822
0.03343638
0.00611681
-0.01369955
-0.23957841
-0.15322597
-0.04614329
0.05277699
-0.00333957
-0.03766033
-0.03637668
-0.13348010
-0.00150642
-0.06724294
-0.15214238
0.08061398
-0.02995478
-0.06495205
0.03855478
-0.00193895
-0.00966689
-0.01476585
-0.08583883
-0.15026627
0.00974696
-0.22886008
-0.08799794
0.01918879
0.01875110
-0.04432155
0.06279384
-0.18966903
-0.02763077
0.06282543
-0.02251129
-0.03813374
-0.10792342
-0.04878902
-0.19450980
-0.06259994
-0.05413868
-0.00944509
-0.12224537
-0.07829532
0.03070052
-0.06239435
-0.14239058
-0.11406070
-0.06598168
-0.08822794
0.03803418
-0.00244515
-0.00187438
-0.13135281
-0.10018553
0.03216968
-0.17538077
-0.00605453
-0.03343898
-0.02187119
0.02240621
-0.18924767
-0.07816578
0.00396518
-0.08725201
-0.06366628
-0.12097265
-0.07808951
0.01162726
-0.11345236
-0.26950032
-0.06927033
0.02609177
0.04761215
-0.03723612
-0.12606506
-0.24886274
0.00973157
-0.06043360
-0.20806216
-0.06017767
-0.18263744
-0.04896230
-0.05265671
-0.00824810
0.03481596
0.03250546
-0.20686726
-0.01749189
-0.10464809
0.04986928
-0.07047180
0.00206762
-0.05729669
-0.00167215
-0.11109535
-0.05179764
-0.08078363
0.00302386
-0.00277810
-0.15639043
-0.03338635
-0.00337036
0.02217588
-0.04099403
0.04903505
0.05644567
0.09531736
-0.08885386
0.01756228
-0.11204900
0.11169695
-0.16276886
-0.00043201
-0.01812791
-0.08860689
0.01597871
-0.14023006
-0.10831622
-0.04889319
-0.02290766
-0.02322990
-0.00297511
-0.08702984
-0.15771070
-0.12958455
-0.00550539
0.02528788
-0.14185633
-0.02043742
-0.01483791
0.05211273
-0.06402303
-0.06917240
-0.06311382
-0.04027146
-0.01829949
0.02984251
-0.04346349
-0.05145911
0.05620766
-0.00252422
0.05100268
0.02393073
-0.10829007
-0.00760089
-0.06328569
-0.05507368
0.02147858
-0.15506220
-0.03962618
-0.12062260
0.00481149
-0.16730057
-0.11477173
0.01641503
0.02754868
-0.02732808
-0.01955085
0.03924410
0.01297040
-0.02657894
-0.05782704
-0.04870072
0.02160288
-0.01796913
-0.02208831
-0.19752742
-0.06760562
0.01286984
-0.06724241
-0.11738610
-0.05231794
0.06245470
0.01954827
-0.12164579
-0.02692846
0.00697196
-0.11802010
-0.05055495
-0.03081237
0.00091886
-0.13043882
-0.02763844
-0.19366926
-0.00879610
-0.35214445
-0.07721870
-0.05933704
-0.09201892
-0.04875726
-0.23441984
-0.05589966
-0.04024892
-0.00912620
-0.06902269
-0.07972387
0.04001579
-0.12102684
-0.01363999
0.04333644
-0.01455264
0.01217015
-0.13020018
0.05059084
0.11696602
-0.05672601
-0.06510307
0.03132858
0.02007637
-0.05103046
-0.03949884
-0.03004080
0.00285901
-0.00849101
-0.02103678
0.05614500
-0.28054228
0.02845301
0.00380650
-0.09621011
-0.14302965
-0.03971612
-0.04830774
-0.00882389
-0.06449527
-0.00575575
-0.12780267
0.03755086
-0.17066163
0.00155322
-0.06110893
-0.05646798
0.00257599
0.00537145
-0.21152668
0.00835210
0.00518896
-0.03153823
-0.03577640
-0.03981251
-0.00935088
-0.05754036
-0.07983130
-0.08359470
-0.03544974
-0.04078172
-0.10744425
-0.02853825
-0.17744619
-0.09178638
0.00900006
-0.05861357
-0.06728554
0.04914013
-0.03585752
-0.03352622
-0.08206470
-0.02427553
-0.01005035
-0.02958544
0.04902242
0.00400644
-0.02819947
0.05030750
-0.24371623
-0.00319640
-0.12016568
-0.01870843
0.00361050
-0.11240974
0.00997869
0.01511226
-0.06678402
-0.04234452
0.04806582
0.03942719
0.03165110
-0.09374466
-0.14246090
0.04442963
-0.06754449
-0.06918963
0.04851610
-0.11562125
-0.09707224
-0.08783370
-0.11786278
-0.05835477
-0.11472859
0.00376645
-0.04273146
-0.04718636
0.02283575
-0.04150820
-0.00936198
-0.00342882
-0.02993490
-0.05925656
-0.10058924
-0.04403846
0.01983871
-0.08102448
-0.09456061
-0.06393161
-0.15909210
-0.05547202
-0.31302789
-0.20652498
-0.06688110
-0.20063287
-0.00037221
-0.28586867
-0.12817013
-0.08930167
-0.19936068
-0.02053413
-0.19772470
-0.13604553
0.00550212
0.00936254
-0.09593740
-0.01709271
-0.06961643
0.04119654
-0.75558954
-0.39181176
-0.01081321
-0.01068086
-0.11237046
-0.23526897
0.06046648
-0.08558608
0.02572334
0.05534019
-0.30713254
-0.05278960
-0.34094772
-0.00310042
0.13359249
-0.21516195
-0.01041539
0.02727699
0.00727119
-0.07905983
-0.16187587
-0.27045280
-0.22143102
-0.06099578
0.11849315
-0.01194823
-0.03435348
-0.05400578
-0.04531417
0.06837474
0.06137625
-0.23519003
-0.01682852
0.01741812
-0.04494518
-0.10014972
0.17889622
0.02293553
-0.00987910
0.03968400
0.11045873
-0.24723388
-0.25283518
-0.19376813
-0.03560061
-0.19383174
0.02351233
-0.12642846
-0.38455832
-0.01572645
0.02569316
-0.28674686
-0.15763213
-0.13939777
0.00823952
-0.15999293
-0.21932919
-0.00076043
0.04958338
-0.20007724
0.00583906
-0.02899729
0.06648179
-0.01840635
-0.05267059
-0.28082407
0.03969562
0.03372927
-0.00094836
0.03678219
-0.11934778
0.08240110
-0.09627467
-0.01520926
-0.14558624
0.03616110
-0.07334587
-0.19724180
-0.27417505
-0.02485212
-0.11422784
-0.09966706
-0.58215261
-0.00150654
-0.28079450
-0.25247756
-0.14634168
0.03587212
0.03116033
-0.11060768
0.02333026
0.04747722
-0.31259349
-0.12090373
-0.11699201
0.05781253
-0.26426581
-0.18055996
-0.10027226
-0.37153521
-0.02757499
-0.23879409
-0.14368650
0.01319125
0.22296713
0.04668779
-0.16324440
-0.15780534
-0.00663028
0.08142588
0.00065071
0.09197323
0.07665635
-0.04578551
-0.31994244
0.10855468
-0.14703327
-0.04098681
-0.06760618
-0.01077928
-0.16695456
-0.00225930
-0.03168542
0.01487496
0.03456604
-0.00525405
-0.06867351
-0.40575296
-0.36674193
-0.13061121
0.01260788
-0.10305074
-0.02740444
-0.17378940
-0.12181552
-0.02178979
-0.13308440
0.00280338
-0.04364305
0.00940667
0.04857296
-0.05373052
-0.10953994
-0.03850443
0.04478690
-0.47912303
-0.02905745
-0.13744183
-0.62598431
-0.22259647
-0.09147509
-0.01714446
-0.46430951
-0.46316734
-0.54089332
-0.03546210
-0.02692495
-0.01719409
0.06107508
0.00820753
-0.19944738
-0.11719703
-0.04794816
-0.20579183
-0.05498821
-0.05215524
-0.16586271
-0.20391905
-0.03467986
-0.07111578
-0.05694554
-0.08420180
-0.06376850
-0.04631121
-0.32917553
-0.24290083
-0.18834318
-0.08909076
-0.32253045
0.00759250
-0.24562728
-0.19482912
-0.00848122
-0.49555984
-0.05247686
-0.01350635
0.24627499
0.00448855
-0.14683737
-0.00578011
-0.08390350
0.37729940
-0.12435373
-0.08176926
-0.02580289
-0.15632004
0.09104939
-0.31184179
-0.09081730
-0.02520431
0.01455434
0.04946378
-0.06128596
0.01780303
-0.31910694
-0.16505288
-0.10250955
-0.00439176
-0.01643186
-0.29966632
-0.30865213
-0.01379126
-0.17448671
0.00087586
0.04041076
-0.16555372
-0.35065311
-0.18303724
-0.27658597
0.14842798
-0.22127698
-0.04646272
-0.13035268
-0.26606581
-0.19512293
-0.14403364
-0.02015620
-0.11718466
-0.29357558
-0.02191403
0.17834349
-0.02016499
-0.40783206
-0.37254527
-0.22142506
-0.14707640
-0.17201158
-0.04701215
-0.08522532
-0.15583710
-0.06399827
-0.25388756
0.04555966
0.08249378
-0.15485694
-0.02888567
-0.24992411
-0.05499144
-0.42630300
-0.05863832
-0.09367549
-0.07949635
0.10538815
-0.31663927
0.05728134
-0.23556612
-0.24776518
0.02039622
-0.11357667
-0.05604282
-0.00015221
-0.19552873
-0.04506954
-0.12474073
0.01936756
-0.02539954
-0.18768130
-0.00529181
-0.11121042
0.06022156
-0.04274062
-0.01533542
0.02313523
-0.03724608
-0.14007884
-0.03921432
-0.14147848
-0.18228304
-0.02494104
-0.31911501
-0.01824103
-0.02146115
-0.12168024
-0.01885464
-0.05147066
-0.02869970
-0.00463082
-0.00211877
-0.03742256
-0.06030961
-0.03287267
-0.05934836
0.06388771
0.01750871
-0.02992097
0.16935502
-0.04087454
-0.04935960
-0.07972660
0.11546486
-0.02028531
-0.18696655
-0.13064291
-0.04819059
-0.23516452
-0.23726636
0.01001684
-0.30833894
-0.10815288
-0.22733226
-0.10781689
-0.07505481
-0.18223080
0.01695894
-0.04080887
-0.05925902
0.00508115
0.00543051
-0.02448193
0.00973222
-0.00940587
0.17035542
0.01163843
0.14792228
0.05140577
-0.01557570
-0.04632555
-0.18838669
-0.07539394
-0.04952420
-0.06460249
-0.06096528
-0.02149601
-0.10348401
-0.19012256
0.01946499
-0.09929755
-0.15880135
-0.14521688
-0.07730021
-0.26914608
-0.30602330
-0.11978665
0.03921252
-0.11756705
0.05132272
-0.04366854
-0.01795644
-0.21110111
-0.10306516
-0.03135835
0.02263979
-0.01478837
-0.08264279
-0.08567528
-0.32243308
-0.05825819
0.01915186
-0.50040698
-0.03880646
-0.35885000
-0.12988243
-0.32145476
0.00680544
-0.08029592
-0.17440581
-0.00094205
0.01496127
-0.01926153
0.01142625
-0.07222410
-0.12476318
-0.01036972
0.03962827
-0.27131337
-0.08071323
-0.08404662
-0.00839332
0.15445815
0.01766846
-0.06628265
-0.03541252
-0.04704165
-0.01181953
-0.00708050
-0.09500387
-0.00106466
-0.03649487
-0.06428759
-0.02493189
-0.04840840
-0.00422867
-0.13144547
-0.18009491
-0.29069138
-0.00000555
-0.00084255
-0.04461815
-0.01113776
-0.09654214
-0.04443797
-0.29514539
-0.15532699
-0.30542791
-0.04553095
-0.08266761
0.02520568
0.05428132
-0.32836729
-0.03550535
-0.15737775
-0.03719483
-0.18225700
-0.02259794
-0.07209906
-0.00896658
0.11770168
0.00626525
-0.06039970
-0.04051932
-0.05619789
-0.05896679
-0.06915740
-0.07215375
-0.08505195
-0.11068285
-0.24268368
-0.08807354
-0.01168055
-0.10999659
-0.36089873
0.00536713
-0.20716269
0.14632298
-0.07172083
0.29711860
-0.30807206
-0.14468044
-0.02083829
0.06279901
-0.11598483
-0.00562429
-0.08599239
0.12974784
-0.09421576
-0.00651559
0.07610290
0.03667697
-0.08545951
-0.01183313
0.04426835
-0.15682001
-0.01757205
-0.20252624
0.20682627
-0.02886220
-0.07649761
-0.18272325
0.02368572
-0.05755435
-0.06656540
-0.07673804
0.03100557
-0.02961374
-0.03231031
-0.23886493
-0.24458902
-0.08672018
-0.19088057
-0.18271995
0.00219623
-0.12627643
-0.29208523
-0.20895463
-0.26498991
-0.16705757
-0.15322025
-0.00664997
-0.08239724
-0.07643458
-0.19264172
-0.32499999
0.10000725
-0.04051827
-0.12911536
-0.39906877
-0.11310105
0.00833815
-0.16969742
-0.02628341
-0.40828246
-0.01880239
-0.48994601
-0.04157314
-0.37671372
-0.81159395
-1.18892372
-0.29438233
0.04011033
0.05583223
0.00766134
0.00740222
-1.15769517
-0.00042998
-0.13344297
-0.05907170
-0.00136420
0.02235205
-0.48858258
-0.09325298
0.05425464
0.01707052
-0.09530780
-0.10431675
-0.01293899
0.03934154
0.07079124
0.02116928
-0.34378600
-0.12029041
0.10883972
0.04358698
-0.30356017
-0.07970450
-0.21690623
0.03446511
-0.05606638
-0.04908534
-0.04572716
0.00999474
0.04234035
-0.02323074
-0.07789826
-0.15699999
0.08850210
0.02632206
0.02692494
-0.00301528
0.03268326
0.03038778
-0.07379495
-0.04812574
-0.00689090
-0.08488912
0.09442735
0.02110029
0.08555793
0.05502838
-0.13647486
0.00652256
-0.02924470
0.08587912
-0.04418814
-0.59434855
0.14713378
0.10809573
-0.00669360
0.01614086
-0.45631036
-0.00511565
-0.18380374
0.11285206
-0.05168932
-0.12882100
-0.05614447
0.15343018
-0.15850845
-1.08454883
-0.05007542
0.00043184
0.00572808
-0.09755368
0.02229037
-0.01417580
0.03913692
0.00637705
-0.01446273
-1.23836625
-1.43327308
-0.10034396
0.04928178
-0.06928973
0.01402816
-0.41435012
0.00427879
0.00751090
0.07594890
0.03597889
0.01506801
0.04083102
-0.06560525
-0.05896814
-0.14998017
0.12184888
-0.03949648
-0.31280065
0.19697344
-0.17316647
0.26764998
0.01041776
-0.01232747
-0.07568086
-0.03840017
0.01259615
-0.10497063
-0.06696649
-0.06772056
-0.03855801
-0.07810351
-0.06815313
-0.04583474
-0.09336808
0.06485981
-0.67118603
-0.03805497
-0.02803214
-0.02716453
-0.00208259
-0.10675140
-0.09819748
-0.02943694
0.18904372
-0.04492256
0.00044467
0.04554869
0.02717053
-0.02015570
0.05702568
-0.07144960
-0.00122885
0.00952195
0.05369480
-0.13650125
0.01967268
0.21027568
0.03770547
-0.00945639
0.03826819
-0.01306984
-0.00514212
0.43763664
-0.25451717
0.06893450
-0.03062809
-0.00440872
-0.10882476
0.52342194
-0.00774754
0.03864474
-0.06149705
-0.10289364
0.00420927
0.07009976
-0.02288751
0.04992747
-0.05937299
-0.02509553
-0.00828335
0.08214515
-0.35941774
-0.20761538
-0.19229972
0.01961423
-0.01237911
0.15136778
-0.08849614
-0.10307470
0.03376997
-0.06717062
-0.01323804
-0.80551058
-0.02342606
-0.07157641
0.09451780
-0.01050436
-0.26709893
-0.00492629
-0.00690576
-0.09129493
-0.04843580
0.03581357
-0.07996816
0.15692843
-0.03811409
-0.03397415
-0.05533960
-0.03583488
-0.08662150
0.04125187
0.01279073
-0.05720253
0.12537500
-1.33060348
-0.07970572
0.00901794
0.23253363
0.11055095
0.02455272
-0.26686487
0.23283981
-0.06097813
-0.02553212
-0.06071769
0.13206007
-0.21619871
-0.01138137
0.01491479
0.13125581
-0.07978439
-0.22343749
0.10295401
-0.02295408
-0.04221518
-0.04754808
-0.03007234
-0.03659330
-0.13638815
-0.03311578
-0.00002041
0.00552161
0.01082931
-0.05388194
-0.06295562
0.01332470
-0.13358833
-0.06210304
0.01426312
0.04047704
0.23492369
0.05338021
0.10950582
0.01077823
0.15369949
0.07150080
-0.07772966
-0.04894871
-0.02339458
-0.11246619
-0.07195018
-0.04762715
-0.01634463
-0.55970436
0.06636098
-0.00857190
-0.19816893
-0.12577620
0.33524773
0.02319654
-0.09797665
0.00003976
-0.21738973
-0.08103448
0.31784850
-0.07971477
-0.04455665
-0.03394457
-0.11942578
0.04158755
-0.20256183
0.02013129
-0.47831795
0.03259632
-0.00411368
-0.06556536
0.02984497
-0.21719071
-0.04980538
0.20065288
-0.02602065
0.03659533
-0.11938548
-0.04290168
-0.07649471
-0.00061917
0.01237721
-0.08586247
0.02963091
-0.01401069
-0.27528679
0.06622829
-0.08043835
-0.00927694
-0.06232982
-0.00312700
-0.05293875
0.04311550
-0.03698537
-0.03125717
-0.13556023
0.00550854
0.04675425
-0.06557447
-0.02985666
-0.00566818
-0.07375342
-0.02501825
0.04160695
-0.02145513
-0.02899305
-0.29476681
-0.13380544
-0.07355274
-0.07359092
-0.01993081
-0.15285492
0.04572911
-0.04227153
-0.17241792
-0.10984675
-0.25427166
-0.00379539
0.08482713
-0.01719050
-0.19174813
-0.02917503
0.02695923
-0.22986682
-0.06637088
0.02330744
-0.18217973
-0.04306114
-0.08481397
-0.08473170
-0.28049630
-0.20634352
0.04470755
-0.02099340
-0.11280384
-0.02136418
0.04130559
-0.06839570
0.03633856
-0.05284340
-0.10250619
0.06917638
-0.03219982
0.05759280
0.04146862
-0.03967113
-0.21993957
-0.01108089
-0.02534278
0.09090799
-0.05055996
0.12716560
-0.02243730
-0.14602812
-0.06040679
-0.03624337
-0.04597172
-0.15272170
-0.07042436
-0.14041765
-0.07567956
-0.04548353
0.05384085
-0.04502313
-0.00387760
-0.04362602
-0.03179999
-0.07206147
0.03291910
-0.02815769
0.02885239
-0.00649734
-0.08134370
-0.02794392
-0.17697442
-0.00632182
0.01628246
-0.07653070
-0.00950048
-0.15885749
-0.14581773
-0.06642652
-0.10230245
-0.04459645
-0.11372937
0.13585931
-0.03660141
-0.03025801
0.02232293
-0.06327756
-0.03727414
-0.04694614
-0.06351542
-0.09473734
-0.04094617
-0.07672328
-0.05412995
-0.03024400
-0.02001656
-0.01513509
-0.01705287
0.01072144
-0.06798176
-0.01597448
-0.19054182
-0.11133169
-0.02902426
0.06467061
-0.07539960
-0.06756881
0.02081838
0.01250941
-0.00892158
-0.00642568
0.01932657
0.01017834
-0.03627544
-0.10617307
0.03455507
0.03297082
-0.16576077
-0.00752779
-0.09459409
-0.11403874
-0.00330327
-0.02758689
-0.04901029
-0.02737119
-0.13394547
-0.23962110
-0.05844135
-0.02734178
-0.06290252
-0.03483490
-0.01916965
-0.05776291
-0.00598513
-0.05378445
-0.05016548
0.01500503
0.02946379
-0.13812429
-0.02377689
0.02522491
-0.10413510
-0.12403385
-0.03037341
-0.03342846
-0.11426128
-0.58472705
0.00183793
0.11738561
0.03343324
0.10268617
-0.01784026
-0.22858419
0.07887968
-0.06869360
-0.09292159
0.01224225
-0.04674567
-0.05432811
-0.09554906
-0.16976634
-0.02919221
0.04206708
-0.07731308
-0.07605609
-0.04819343
0.02226291
-0.09538617
-0.08228170
-0.14700931
-0.17153282
-0.02249858
-0.05412564
-0.31756800
0.01539154
-0.02901967
-0.06715471
-0.08034946
0.03672604
-0.05843868
-0.00932744
-0.11409482
-0.13125972
-0.02336467
-0.41153389
0.08904955
0.02819313
-0.18139330
-0.06616132
-0.13899380
-0.21698192
-0.09001239
-0.10708075
-0.03366744
0.01929524
-0.04087657
-0.26157439
0.00111104
0.08265321
-0.02176064
-0.14970799
-0.32040992
0.01469006
0.01710668
-0.15265343
-0.02287346
-0.07565501
0.00011909
-0.12615578
0.02553840
-0.13258880
-0.29037133
0.00241471
-0.04957084
-0.03536287
-0.01792265
-0.12004963
0.02326519
-0.11938635
-0.01813216
-0.08071202
-0.07392517
-0.15171830
-0.09338847
-0.12107325
-0.04583469
-0.10731865
-0.08120392
-0.04666063
0.00445900
-0.06412467
-0.04424418
-0.08108819
-0.03376849
0.02777172
0.00479710
0.00446748
-0.03492345
-0.04474419
0.11157393
-0.11020052
0.00903715
0.00346715
-0.02968537
0.05513353
0.01371081
-0.06020282
-0.06492063
0.02057744
0.00345185
-0.00033969
-0.16341548
-0.02803993
-0.00318686
-0.07882802
-0.00936296
0.22601582
0.00347864
-0.02243493
-0.28220525
-0.04175950
-0.06179241
0.03479151
0.02112082
-0.07477219
0.14885633
-0.02550290
-0.16313457
-0.06379432
-0.15683681
0.08394969
-0.04015173
-0.00105126
-0.20202614
-0.03430298
0.07332670
-0.24352339
-0.05175041
0.03779719
-0.07221851
0.15042700
0.02633663
0.00298230
-0.41818431
-0.16383965
0.02924554
0.02240317
0.01234485
-0.00392330
-0.00078741
-0.04989852
0.07818328
-0.01715371
-0.00210114
-0.14761122
0.00279780
0.03212319
-0.02655867
-0.05833323
-0.10719599
-0.09556343
-0.08076662
0.04019636
-0.15211678
-0.03403681
-0.10885766
-0.05779363
-0.02666675
-0.08025166
-0.03839958
-0.05412693
-0.00668348
-0.07929440
-0.02563376
-0.04638745
-0.09885351
0.00469132
-0.06554738
-0.06398924
0.06547379
-0.11565312
-0.13846496
-0.01325305
-0.00253880
-0.19430561
0.05156875
0.03961683
-0.08816921
-0.10251517
-0.06019111
-0.14498456
-0.00749502
-0.16708232
-0.07577522
-0.01535433
-0.00399573
-0.14912122
-0.01329614
-0.01949660
-0.00040380
-0.01879625
0.01964786
-0.04618557
0.02428146
-0.04683295
-0.07972395
-0.01818456
0.02588761
-0.18674453
-0.10046308
-0.01932083
-0.02939478
0.04330460
0.03104176
-0.00681421
-0.27740219
-0.16804293
-0.17260154
-0.06388195
0.06323598
0.10707209
-0.01214372
0.01177724
-0.00084649
0.12036517
-0.03179400
0.01613052
-0.02147956
-0.09082642
0.05147471
-0.01005899
-0.10216225
-0.00724160
-0.17449130
-0.11116368
-0.10104988
-0.14243664
0.01807020
-0.00698480
-0.09127556
-0.11847764
-0.11043617
-0.14629741
-0.03703291
-0.08284362
-0.00717419
-0.10696349
-0.02883247
-0.09879213
-0.01643152
-0.00152781
-0.03521655
-0.02527357
0.02911121
-0.13644709
0.05521553
-0.03479581
-0.13987917
-0.04072014
-0.06016358
-0.04979194
-0.06377288
-0.16932879
-0.03428303
-0.11558002
0.04655775
-0.04169054
0.05888040
0.06090638
0.11424208
-0.01257014
-0.08363394
-0.05990020
0.03825358
-0.05622239
-0.07863043
-0.00271837
-0.05995326
0.01701841
-0.00125446
-0.10025755
0.07674235
-0.00064772
-0.05182917
-0.36210868
0.01085199
-0.06641821
0.02573688
-0.03116163
-0.01206405
0.05744535
0.14164300
-0.04922940
-0.00771347
-0.05578088
-0.04969749
-0.06298910
-0.06204796
-0.13522524
0.00459702
-0.18465497
0.12474406
-0.01791823
-0.15548186
-0.01176161
-0.05905643
-0.08837088
-0.14392291
-0.04347950
0.00464096
-0.00008173
-0.02313982
-0.19994143
0.02902341
0.07213385
-0.05408477
-0.07226375
-0.06539743
0.05173717
0.01977308
-0.06282986
-0.05532395
-0.06163268
0.02104364
-0.03053435
-0.01608580
-0.06371102
0.03206472
-0.03358700
0.02112140
0.04173623
-0.00923134
-0.06652313
-0.03054271
-0.05333973
0.00077213
-0.02742025
-0.03958961
0.02144579
0.03608423
0.04912580
0.00263259
0.02370947
0.01411149
-0.00366564
-0.01804163
0.05344800
-0.03366270
0.01225539
-0.04436459
-0.04583448
-0.01786576
-0.08312448
-0.01745043
-0.09890385
-0.10135681
-0.05057882
0.05104222
-0.01161427
0.01419548
-0.04492356
0.00290349
0.00704463
0.02084453
-0.03116103
-0.02876548
0.00358202
-0.04052553
0.02334653
0.01794459
0.01093479
0.03852704
-0.06049206
0.05864524
-0.07323181
-0.06590644
0.00474419
-0.02212251
0.00577743
-0.01185880
-0.04462482
0.02035286
-0.03553953
-0.06300753
-0.05535413
-0.08522611
-0.09565337
0.01164835
-0.03613060
-0.07170324
-0.07251356
-0.07864051
-0.00728173
-0.05902296
0.04241934
-0.05774008
-0.06781504
-0.02819407
-0.05179241
-0.07016907
-0.12363291
0.00627922
0.03139960
0.00784206
0.04434560
0.03679996
-0.04463848
0.00085343
-0.01480692
-0.02679759
0.01393698
-0.00913669
-0.00388267
0.02919048
-0.01786971
-0.06186659
0.01317567
0.02558872
-0.05682151
-0.08989149
-0.10872994
-0.05851046
-0.09157794
-0.01754810
-0.13120717
-0.00518754
-0.08532046
0.01074397
-0.01840628
-0.06220763
-0.00059458
0.02671891
-0.01522096
0.15735608
-0.08068263
0.00911689
-0.04946010
-0.04288719
-0.03805427
0.02602042
-0.10356871
0.05628077
-0.04900298
-0.03604512
-0.03323707
0.00672434
-0.18834583
0.00881539
-0.02157038
-0.00300096
-0.03428418
0.03200801
-0.07915434
0.01815712
-0.04315891
-0.02195304
0.01535940
-0.02100941
-0.04840915
-0.03571676
0.03284592
-0.06117589
-0.04768087
0.02283274
-0.03768825
-0.01158429
-0.06530360
0.04567315
-0.01473333
-0.02696297
-0.03966208
-0.03923266
-0.07245217
-0.06772916
-0.03672520
-0.02862377
-0.12206091
-0.02210299
-0.03609756
0.01904373
-0.06128339
0.01794570
-0.05151760
-0.06599513
-0.04287334
-0.02646287
0.02762708
0.00044432
0.05704048
-0.03196210
-0.02518524
-0.02211306
-0.04588246
-0.05759397
-0.00315295
-0.03682344
-0.01513612
-0.07890315
-0.02675712
0.01370485
-0.06098340
-0.05973222
0.02362182
-0.04753462
-0.02732549
-0.05563973
-0.00651234
0.02592309
0.04045665
0.00871489
-0.07238805
-0.00463362
-0.06391783
-0.03076411
-0.07506865
-0.02874125
0.01861258
-0.07810301
-0.02414063
-0.04409310
-0.07823788
-0.03333571
-0.08753061
-0.02976707
-0.04779905
-0.04887389
0.00052177
-0.04014134
-0.07003503
-0.00330529
-0.03193192
-0.07982203
-0.08878259
-0.08728403
-0.00168909
-0.09838017
0.01218933
0.00351275
0.03848987
-0.05138381
-0.04329536
-0.05730465
-0.00708732
0.02002519
-0.01194498
-0.07173690
-0.02112776
-0.10215054
-0.01259194
-0.04646003
-0.01034503
0.01681122
-0.02845534
-0.05109378
-0.00003719
-0.03904859
-0.08873013
0.00338762
-0.05604886
-0.10319973
-0.09108462
-0.05641730
-0.01930706
-0.03462831
-0.00821339
-0.03396911
0.00162860
0.02194105
0.00675564
-0.05928632
0.01211944
-0.02198755
-0.05305798
-0.08209036
-0.06132408
0.04457711
-0.02225051
-0.10341207
-0.00086632
-0.07352252
-0.15149628
0.02278997
-0.18123166
0.21363756
-0.12744310
-0.04582154
-0.08112460
-0.08635105
-0.16295087
-0.02713737
-0.29732519
0.01889420
-0.46432456
-0.01520450
-0.08782106
-0.04680496
-0.10324270
-0.31553283
0.31076369
0.01241515
-0.18884002
0.10233420
0.02822443
0.04972758
-0.12801133
-0.21044452
-0.09029213
-0.03262214
0.00993173
-0.00037324
-0.07937619
0.13117386
-0.52891511
-0.04047812
-0.11226000
-0.02396229
-0.04917921
-0.03289592
0.04498957
-0.00598949
-0.11739522
-0.11213560
-0.12678216
-0.15080604
-0.07159037
-0.02810507
-0.00231572
-0.01243117
-0.09501640
0.01975805
-0.03508516
-0.16274518
-0.10009690
-0.05190386
-0.07618416
0.03840360
-0.00925378
-0.05704171
-0.01087157
-0.15072855
-0.08907875
-0.32472628
-0.07495793
-0.23501787
0.00879435
0.00122863
-0.08435392
-0.04815660
0.20257583
-0.00188608
-0.01403325
0.07861051
-0.10758734
-0.07105451
-0.15949278
-0.97884446
-0.13462551
0.02807539
-0.02607019
-0.17148992
0.01041281
-0.02892944
-0.06674020
-0.02797188
0.00651673
-0.12481682
-0.19839394
-0.09341348
0.02487865
0.01462088
0.05443210
-0.08903322
-0.02938265
0.10613108
-0.10797578
-0.06552505
-0.06794307
0.15717931
0.06111157
-0.02935030
0.00445947
-0.08736218
-0.04539353
-0.26025483
-0.09971891
0.00441654
-0.24316317
0.02949732
0.01963272
-0.11308499
-0.10656124
0.03876400
-0.12319736
0.04451416
0.00055207
-0.00966048
-0.05963359
0.10201927
-0.08651635
0.00294710
-0.04119878
-0.21977198
-0.14483356
-0.01224737
-0.13312759
0.05527023
-0.22797839
0.04974063
0.13286814
-0.17048495
-0.08675841
-0.09203476
-0.04151579
0.01227776
0.07788954
-0.08710674
0.16387120
-0.09452865
0.00073752
0.08418369
-0.27247179
-0.04791044
-0.20911387
-0.01975182
-0.01074011
-0.05218365
0.01860274
-0.09328638
-0.05187282
0.06697663
-0.04906736
0.06063918
-0.32653296
-0.01243387
-0.33025032
-0.07319921
-0.09276503
0.09737389
-0.25181487
-0.01773671
-0.02708721
-0.01555969
-0.09925292
0.00509471
0.18066944
-0.21935248
0.09594192
0.09810909
-0.08222253
0.29225746
-0.01779353
-0.06726999
-0.22166955
-0.03535296
-0.38467717
0.08426724
-0.06118790
-0.15428379
0.01261957
-0.05236700
0.03322282
-0.04847749
0.03008447
-0.14690843
0.04128536
-0.05417761
-0.27200449
0.00510421
0.03810811
0.00830639
-0.15521030
-0.03505987
-0.03269672
-0.09232584
0.06645265
0.00395395
-0.14434439
-0.05106558
0.04391381
0.00369885
-0.79565430
-0.02561068
-0.02437971
0.04846259
-0.01167645
0.01539428
-0.22600378
-0.11594340
-0.01571495
-0.09084071
0.06600729
-0.10122545
-0.01741171
0.13248432
-0.09264651
-0.23954736
-0.08332113
0.20309918
-0.12091619
-0.04859364
-0.05916454
-0.16495308
-0.04616063
0.02503892
0.05789097
-0.08742532
0.03116059
-0.05825389
-0.00390769
-0.15192166
-0.03649866
-0.02684529
-0.40331584
0.20592454
0.02456828
-0.12334207
-0.20076603
0.33346230
0.18006782
-0.10971224
-0.28759953
-0.05475026
0.01757908
-0.02304526
-0.22824919
-0.07172506
-0.03361514
0.05507819
-0.16234893
-0.08109295
-0.08531221
0.02509809
-0.15954402
0.00573024
-0.16059004
-0.12828510
-0.35316560
-0.01464041
-0.35388169
-0.21478860
-0.01591138
-0.49084669
0.05219675
-0.26780283
-0.19247246
-0.00499634
0.50969255
0.00721945
-0.17954536
-0.03345223
-0.03294003
-0.01919946
-0.58788586
-0.30304509
-0.15151063
-0.11170989
0.26333946
-0.00483522
-0.41984740
-0.06566156
-0.03024140
0.01287028
-0.12378885
-0.16019124
-0.00961909
-0.05125638
0.19262061
-0.05889682
-0.30566084
-0.05949492
-0.04498841
0.20583810
-0.12742107
-0.05705801
-0.07709676
-0.12936109
-0.20858462
-0.21631192
-0.11943436
-0.18175778
-0.08272712
0.02477482
-0.11717758
-0.02426620
0.01477829
-0.05146223
0.08330517
0.00186867
-0.12307990
0.01695680
-0.03930835
-0.02794252
-0.03919733
-0.09519075
-0.08518410
-0.00599008
-0.03927184
-0.24738786
-0.19423144
0.10372856
0.02713204
-0.02077114
-0.06342670
-0.02125146
-0.21456268
-0.18934470
-0.07195217
-0.17591169
-0.09706281
-0.24524908
-0.15260339
-0.43211478
-0.07047135
0.01190040
-0.03939906
-0.16510527
-0.02352638
0.02719072
-0.15550148
0.00744426
0.01739738
0.04424640
0.03727433
0.00025950
-0.06409560
-0.00683416
-0.03949319
-0.38471895
-0.05871622
-0.03092639
-0.13004328
-0.07296875
-0.05916179
-0.19939516
0.09658807
-0.04876751
-0.10720342
-0.05632962
-0.11522567
-0.42173544
-0.12406508
-0.52396035
-0.50220996
0.06448366
-0.01717106
-0.07010285
-0.01537542
-0.02475848
-0.23546809
0.04245739
0.00768972
-0.01202624
-0.13088338
-0.22700001
-0.13163216
0.04743979
-0.03758989
-0.35152242
-0.17293975
-0.07008357
-0.41248497
-0.02588771
-0.25930712
-0.12520549
-0.11851971
-0.15150395
-0.01220121
-0.10377311
0.02957946
-0.09040210
-0.17501341
-0.13357009
-0.10796454
-0.06759878
0.07135624
-0.03470827
-0.31866547
0.05975811
-0.05910727
0.00055449
0.00901873
0.00804841
-0.00128990
-0.16680606
-0.25201452
-0.04578288
-0.17345190
-0.12798032
-0.10852569
-0.10051897
-0.26271465
-0.06349823
-0.02231580
-0.28984797
0.26104209
-0.03540641
0.06544813
-0.02371062
-0.01119637
-0.10759776
0.05461219
0.51935118
-0.28807411
-0.24114028
-0.36505607
-0.30258763
-0.04248836
0.00710067
-0.26739910
-0.06238186
0.03815955
-0.06855114
-0.18240267
-0.13254042
-0.27805784
-0.03638123
0.09934031
0.00015512
-0.21816997
0.03223502
-0.26758993
-0.07212573
-0.77827340
0.00204186
-0.01756368
-0.13351613
-0.22642229
-0.01455716
-0.02408762
-0.15841907
0.30249855
-0.18801013
-0.19333607
0.04533624
-0.11045649
-0.07699508
-0.36830229
-0.35740593
0.00265343
-0.20892385
0.09955908
-0.05934542
-0.27472439
0.13090502
-0.00985166
-0.03116442
0.04349943
-0.15455844
-0.26927099
-0.08178069
-0.06971047
-0.04884017
0.00918504
0.14025587
0.04319996
0.00879879
-0.30980662
0.07865475
-0.01907114
-0.02246837
-0.22085795
-0.28963077
-0.00305713
-0.05784426
0.04694907
-0.25348693
-0.22212927
0.01633386
-0.17199133
-0.00931831
0.06152368
-0.28805500
-0.23595101
-0.31345606
-0.45816472
0.03034149
0.02978341
0.01165487
-0.31026933
-0.07864939
0.07951129
-0.23660600
-0.09137445
-0.11192820
0.07846192
-0.37399513
0.03054214
-0.00019744
0.09404533
-0.48142990
-0.17431709
-0.05604241
0.03864311
-0.07783120
-0.20494975
-0.09911749
-0.22142069
0.06977563
-0.04847969
-0.14773573
-0.03210809
0.03454536
-0.26759043
0.02297350
-0.18123862
-0.07481711
-0.03387856
-0.03435759
-0.08639150
-0.02972459
-0.12586559
0.23282889
-0.17822529
-0.13124149
-0.31526783
-0.06711861
-0.04234009
-0.00328566
-0.27785197
-0.07071190
-0.02493633
0.06364386
-0.09389799
0.08680657
-0.46188641
0.02851141
-0.07719107
0.00789283
0.01089519
0.00388840
0.01843333
-0.07167559
-0.16878672
-0.22633658
-0.00523850
0.00518482
-0.07652280
0.03107299
-0.08987930
-0.03869665
0.01146781
0.01161628
-0.07704169
-0.13592614
0.01141432
0.02654489
0.00812416
0.05094663
-0.24637227
-0.14042698
-0.09239877
-0.16878635
-0.04250110
-0.12237712
-0.16820829
-0.08836738
0.06177050
-0.81856352
-0.03208235
0.02616550
-0.06489144
0.12709323
0.01467916
-0.13335343
-0.12532423
-0.12152238
-0.01270761
-0.30457017
-0.23620141
0.00781555
0.01645483
-0.18920413
-0.05933977
0.00136632
0.00032184
0.02120546
0.02229439
-0.22905280
0.09416784
0.04969374
0.03239365
-0.01001778
0.03006808
-0.48895615
-0.02017900
-0.04303415
0.07020495
-0.23774998
-0.05646641
0.14658128
-0.41882509
-0.03649822
-0.21847767
-0.09259091
-0.16720848
-0.36339325
-0.10970587
-0.39187416
0.39842483
0.06333102
-0.04539982
0.04997558
-0.08412898
0.04345316
-0.08713554
-0.04382343
0.05098628
-0.03200047
-0.04214954
-0.15957651
0.03113743
-0.05055280
-0.00023692
-0.03207122
-0.41569045
-0.02097293
-0.21642888
-0.08208570
0.03437500
-0.17984162
-0.04266653
-0.13382941
0.00993697
-0.08952364
0.00573273
0.01008290
-0.07580952
-0.31493908
-0.15015426
-0.03288237
-0.19704486
-0.13645625
-0.31641659
-0.07693481
0.04925540
-0.05564834
-0.01594753
0.04912363
-0.03882575
-0.08271311
-0.22676094
-0.04746544
-0.08893336
-0.08967530
0.02522202
0.02167550
-0.17861128
-0.12282887
-0.14443952
-0.06823172
-0.11238471
0.01317852
0.03718498
-0.06674140
-0.24684301
0.00549771
0.14075804
-0.32259694
-0.20791125
-0.33344153
0.03834748
-0.05717200
-0.02574044
0.05770612
0.05509245
-0.29930854
-0.19586700
0.04661201
-0.07257160
-0.02514442
0.07304586
0.05004833
-0.22616397
-0.02345570
-0.06263068
-0.03359485
-0.10073517
-0.01538379
-0.29302070
-0.13396436
-0.13371056
-0.05111040
-0.18207711
0.05080816
0.05211814
-0.33344209
-0.49219152
-0.05621454
-0.13867691
0.07329126
-0.21132417
0.16501737
-0.48548049
-0.09627075
0.01767069
-0.11639471
0.00574561
-0.04976587
-0.03012898
-0.18879452
-0.12777169
0.02767408
0.00288586
-0.02534286
-0.32593679
-0.09428965
0.04523838
-0.13692461
0.07471158
-0.14191759
-0.13887595
-0.02221766
-0.03682409
-0.08006232
0.03072017
-0.03778786
-0.11133731
0.06946511
-0.03733215
0.01267841
-0.02636663
-0.09158790
-0.26443243
0.02697199
-0.26545584
-0.19664283
0.01835603
-0.18545151
-0.11959171
-0.45052832
-0.27848986
-0.12142860
-0.16786560
0.02586535
-0.07886195
-0.11369266
-0.10228606
-0.17577913
0.22921494
0.00330885
-0.14208955
-0.25983056
-0.08717621
-0.04083379
-0.18843254
-0.08961663
-0.03298134
-0.10152636
-0.28167129
-0.07099348
-0.00489225
-0.06918390
0.02532149
-0.08791105
0.01388156
-0.03776469
-0.38743123
-0.00638616
-0.17823160
0.06284275
-0.21701810
0.00915900
-0.03849461
0.00224453
-0.12418643
-0.34766445
-0.03758949
-0.10423136
0.12234091
-0.06802906
-0.09004946
-0.05076215
-0.05877396
-0.02325599
-0.12498357
-0.08515613
-0.05056631
0.03464313
-0.18329187
0.07059205
-0.35254228
-0.00323062
-0.04337632
0.02427603
-0.05650735
0.00264716
-0.14122599
-0.07590499
0.15419798
-0.16206582
0.06743289
-0.13992116
0.03227560
0.01548672
0.11077214
-0.00157481
0.11843044
0.04399179
-0.01156474
-0.15086885
-0.07957904
-0.07573687
-0.03280126
0.02325454
0.14634079
0.05078308
0.00942300
-0.20536746
0.15111205
-0.03712036
-0.30274633
0.01829622
0.02953367
0.05741486
-0.07559712
0.01261674
-0.21264684
-0.14026164
-0.05431233
-0.08642875
-0.05580580
-0.11933978
-0.14517415
-0.21424033
-0.23414262
-0.01123654
-0.05618651
-0.06127737
-0.00824765
-0.02251850
0.01330663
-0.03532779
-0.06694528
-0.23105617
0.08928626
0.01533804
0.02862573
-0.04690332
-0.04015626
-0.30398303
0.02737692
-0.01380090
-0.08665346
-0.12287006
0.02755568
-0.02979942
-0.12467172
-0.04905476
-0.06370042
-0.06618942
-0.38295832
-0.04771642
-0.13537078
-0.35794929
-0.00327734
-0.11039970
-0.01939082
-0.08727663
0.02312430
-0.05166839
-0.25517407
0.00885731
-0.18530305
-0.01543884
0.10763593
-0.07411921
-0.19740920
-0.12840430
0.00625163
-0.10511782
-0.23421536
-0.06707316
-0.00849411
-0.10697786
-0.19861728
-0.00933998
-0.10934309
-0.16487125
-0.02282217
-0.00502304
-0.03547236
-0.04727355
0.07823266
-0.04377175
-0.16886455
-0.06805918
-0.20750095
-0.02932793
-0.03504812
-0.06841817
-0.09355562
0.02476645
-0.02350558
0.01427588
-0.00199678
-0.16033269
0.19682518
-0.23355229
0.03652381
-0.00671622
-0.06209916
-0.14533502
-0.24694018
0.00283200
0.03830300
-0.10932371
-0.00794457
0.01577773
0.01021441
-0.05451609
-0.11816593
-0.00649784
-0.20479140
-0.29827076
-0.13205665
0.07214060
-0.08035260
-0.01956349
-0.02100227
-0.04388881
-0.20276439
-0.19606379
-0.02721802
0.08767022
-0.07591615
0.02230496
-0.30628851
-0.04137730
0.17539722
-0.05187272
-0.01402786
-0.11202023
-0.18944740
0.00430586
-0.18843691
-0.11901410
-0.37424847
-0.05187522
0.00184081
0.04248387
-0.00520721
-0.06779567
-0.28948921
-0.13263360
-0.51485741
-0.04705938
-0.11179943
-0.02203106
-0.29122791
0.01665037
-0.01281641
-0.11121214
-0.09530525
-0.03693724
-0.03305198
-0.13325414
-0.05434507
0.02313087
-0.02022523
-0.42802396
-0.04183262
-0.05016102
-0.03335612
-0.10244334
-0.15269083
-0.10383271
-0.09304128
0.02502285
-0.02253890
-0.07646303
-0.00486669
0.02912609
-0.20934321
-0.02233775
0.02522889
-0.05400945
-0.05446833
-0.17810443
-0.18202971
-0.00702677
-0.34818354
-0.06740947
-0.02442871
-0.52219653
-0.06702524
-0.06248816
-0.10928751
-0.07841952
-0.00133550
-0.02395394
-0.01259180
-0.17526864
-0.10980348
-0.26733011
-0.02135983
-0.04929866
0.00602628
0.13537562
0.10518395
0.04835633
-0.06042618
-0.22130534
-0.14455517
0.11145586
-0.43130574
-0.20844263
-0.10784151
-0.18908116
-0.37420365
-0.44573361
-0.00731243
-0.31762829
-0.27160084
-0.04708192
-0.50289339
-0.03763771
0.61064118
-0.10621346
-0.10486966
0.05956157
-0.73857391
-0.26824737
0.07749417
-0.21437812
-0.37415677
-0.01064039
-0.22011408
-0.00349651
0.02106908
0.16507103
-0.16833282
0.17971160
0.01984458
-0.18377812
-0.43441841
-0.13238291
0.46417195
0.01401486
-0.05031844
-0.11661238
-0.05447973
-0.05305358
-0.06200126
0.01215910
-0.21428072
-0.46410042
-0.25612119
-0.21773922
-0.04800597
-0.10066503
-0.04058943
0.01150750
-0.04702188
0.03514463
-0.00400903
-0.01726239
-0.12043101
-0.07841402
-0.15764451
-0.04498015
-0.04955518
-0.02904484
-0.05477471
-0.21932480
0.08217549
0.29498491
-0.13080336
-0.52704865
-0.05295328
-0.51163888
-0.01842766
-0.02139590
-0.26171216
-0.09383762
-0.06375460
0.15220560
0.14268340
-0.23251222
-0.06430346
-0.54646623
0.01577422
-0.09695148
-0.01279588
0.29421782
-0.05978192
-0.06041964
-0.15748113
-0.05674979
-0.04941144
0.07496400
-0.22555114
-0.17735428
0.02804372
0.00047597
0.09333550
-0.43347716
-0.10231324
-0.03930546
0.03584571
-0.23462208
0.02394399
-0.03864980
0.04572723
0.08759476
-0.14022560
-0.00257575
-0.25375304
-0.58796716
-0.14422490
-0.33431321
-0.66832018
-0.03187666
-0.00019175
-0.07820731
-0.07214685
-0.01608966
-0.03379773
-0.04471052
-0.04492900
0.02121617
-0.05460064
-0.12978254
0.02415789
0.12049135
-0.04542601
-0.40380573
-0.23062541
0.01457513
-0.11548702
-0.11389831
-0.03719987
-0.05578933
-0.14798780
-0.46595770
-0.07216166
0.07342110
-0.06342148
-0.03810999
-0.10630625
0.18623886
-0.00133274
-0.32830694
-0.21158223
-0.31815010
-0.24465729
-0.21822256
-0.31436992
-0.05100361
-0.02399219
-0.00932728
-0.08816988
-0.04532069
-0.28168431
0.12451390
-0.28358305
-0.03908408
-0.28968301
0.12390560
-0.27852240
0.01210019
-0.17559248
-0.15905334
-0.09193511
0.04491820
-0.11539002
-0.08421044
-0.49913833
0.04787620
-0.25730848
-0.20948538
-0.04264564
-0.17575943
-0.19287972
0.08832559
-0.00450967
-0.17919423
-0.16799450
0.04848912
-0.30515021
-0.08833700
0.23428920
0.08321761
-0.07679420
-0.02773399
-0.10236290
-0.12938954
-0.17753041
0.00622316
-0.02353512
0.01196552
0.01450560
0.00591334
-0.23881300
-0.06052967
-0.10264071
-0.02660026
0.00693596
-0.15991716
-0.08734173
-0.30328435
-0.12343092
0.02229486
-0.42210248
-0.06404541
0.22509770
0.07726416
0.10749602
-0.03788592
0.18992075
-0.02375199
-0.00546066
-0.33123487
-0.08781612
-0.09479596
0.06382395
-0.30305198
0.58837783
0.04118207
-0.03505324
-0.14723061
-0.19704701
0.18351053
-0.34498397
0.02645246
-0.21306399
-0.36356220
0.04912579
-0.03625276
-0.29830599
-0.15680259
0.01835583
-0.07268369
0.03330283
0.24920437
-0.06384040
-0.00953078
0.29723269
-0.04345471
-0.01406172
-0.02308281
-0.13976504
-0.26029179
-0.22462444
0.02774020
-0.29220310
0.02785073
-0.08657803
0.16487296
-0.08293001
-0.28091967
-0.08256245
-0.01362458
-0.12885951
-0.16571406
-0.26006472
0.02227403
-0.05043467
0.10526848
-0.15604074
-0.03038499
-0.31365332
-0.07227170
0.07117023
-0.08555049
-0.11581238
0.00767767
0.01810551
0.53685957
-0.24109690
-0.05336858
-0.31000194
0.05576855
-0.34786919
-0.13331741
-0.00622420
-0.01126559
-0.01661079
-0.33726829
-0.21829578
-0.01655658
-0.09332902
-0.22701283
0.04420083
0.02904805
-0.11450014
0.00013821
-0.03087812
0.02048250
0.03804900
-0.03866419
0.21258669
-0.00674093
0.02513285
0.03706621
0.05979748
-0.06565005
-0.06759069
0.02349586
-0.06847916
-0.03047609
0.04184353
-0.22127536
-0.06937496
-0.04808053
-0.16182348
-0.05342417
-0.11656511
-0.01725848
-0.09634289
-0.04391228
-0.01580315
0.02343699
-0.01426933
-0.01942433
0.01305101
0.08265205
0.07313227
-0.02436556
0.05240992
-0.26402235
-0.00346841
-0.19508855
0.09632801
-0.20378031
0.01873779
-0.34450349
-0.07194290
0.01779246
0.09307478
0.01029471
-0.03100798
-0.21377429
-0.10856131
-0.06360801
-0.07826262
-0.32416233
-0.20689440
0.04675541
0.00751944
-0.12244573
-0.05210267
-0.04507794
-0.03664989
0.00949400
-0.00399199
-0.05550195
-0.19808953
-0.00170208
-0.04682115
-0.04516080
0.03117084
-0.12427931
0.02557027
-0.00898201
0.04502444
0.00904307
-0.03041820
-0.18175779
-0.00415227
-0.03945591
0.02568674
0.00269129
-0.03007006
0.12976471
0.13107164
-0.35352030
-0.12025511
-0.09035227
0.03713381
-0.00216479
0.00992418
0.02427113
0.02097604
0.05201507
0.08799925
-0.17458840
-0.18596269
0.03509561
-0.08028746
-0.03889940
-0.00008271
-0.00282174
-0.41101605
0.01209461
-0.13692114
-0.09875773
-0.23485056
-0.03673026
-0.01773109
-0.06166762
-0.14569637
-0.03097277
0.00340769
-0.04470481
0.03417827
-0.07496212
-0.16234794
0.01889479
-0.03007447
0.00203020
0.09682167
0.04618214
-0.38706282
0.03807670
-0.00013721
-0.02609706
-0.02616348
0.05577406
-0.14110114
-0.23099808
0.03173657
-0.04032057
-0.12229986
0.03963697
0.23081169
-0.04325428
-0.03844007
-0.03816606
-0.07768921
-0.04429943
0.00043297
0.15931578
-0.01434196
-0.04692417
-0.07460111
-0.01322272
-0.10611459
-0.20124499
-0.29044065
-0.29800695
-0.15304390
0.01721256
0.37839532
-0.03979950
-0.05323637
0.03504191
-0.11610419
0.00985073
-0.40610144
0.04304071
0.02025318
0.02968066
-0.01552866
-0.10080358
-0.07779658
-0.01773930
-0.38068175
-0.03393905
-0.06315507
-0.01463985
-0.05485566
-0.00703878
0.04619786
-0.06576045
-0.03806141
-0.18634221
0.40360808
-0.03154887
-0.07726157
0.14124875
-0.14706171
0.05218323
-0.01547766
0.01489311
-0.13231871
-0.03451451
-0.13003758
-0.12339912
-0.01351350
-0.04922174
0.03903035
-0.15896891
-0.13233556
-0.06946644
-0.03246423
0.00309605
-0.04338736
-0.08061796
-0.12847462
-0.01655206
-0.05472746
-0.02949713
-0.00979287
-0.01205561
-0.01960639
-0.07568054
0.00615130
-0.01066487
0.03047666
-0.28767073
-0.04266416
-0.00156987
-0.29243299
-0.06320984
-0.04677894
-0.13649833
-0.24795160
-0.05959275
-0.06452373
-0.06111874
0.06255444
-0.05218398
-0.05813664
-0.02875915
-0.17944399
0.16626008
0.09297250
-0.01462169
-0.02696253
-0.07646195
-0.05653355
-0.02922724
-0.05708527
-0.25693625
-0.19791514
0.01200899
-0.01144240
-0.00805033
-0.10259278
0.04510774
-0.31625786
-0.29511362
0.01301258
-0.27894476
-0.09689099
-0.00884496
0.07403261
-0.02459219
-0.59472644
-0.01996383
-0.01195353
-0.03989108
-0.42008138
-0.16231039
-0.11589817
-0.00391686
0.10403223
-0.12077019
-0.08437767
0.00158595
-0.10580308
-0.16847472
0.01484021
-0.09693297
-0.05593963
-0.05780749
-0.04616789
-0.10351619
-0.18683729
0.01946893
-0.06978405
0.02035635
-0.00105789
-0.04487016
-0.08843856
-0.01267727
-0.05513776
-0.26009080
-0.21719091
0.45817393
0.01116879
0.00433030
-0.24171303
-0.05379912
-0.06189889
-0.08059721
-0.01655558
-0.33277714
0.07409544
-0.02271571
0.07677420
-0.08867802
-0.01957843
-0.13143252
0.01691916
-0.29503277
-0.12266614
-0.12167376
-0.19477998
-0.11908989
-0.05035580
-0.06279115
-0.28387687
0.00228788
-0.57997477
-0.13160771
-0.10431553
-0.20575106
-0.46610326
-0.14649756
-0.31444639
-0.44131741
-0.06905863
-0.03896727
-0.01588270
-0.32807681
0.02066570
0.06827803
0.04461315
0.14406173
-0.05807394
-0.10599528
-0.14822547
-0.15113178
0.01569135
0.02791960
-0.04526421
-0.58110404
-0.04150812
-0.00985349
-0.06556648
-0.14658512
-0.13257693
0.04297481
-0.33089468
-0.03305854
-0.50794446
0.21467580
-0.10874631
-0.08312920
-0.26928055
-0.45172685
-0.21076161
0.01628116
-0.00047005
-0.01751077
-0.02644422
-0.06013481
-0.09909292
0.15375136
0.00548854
0.00284265
-0.20358795
-0.10891156
-0.00527044
0.56826872
0.01459609
-0.04509924
-0.32718733
-0.04097531
-0.50460118
-0.07283586
-0.38266498
-0.15507774
-0.12312261
-0.06059477
-0.01979091
-0.01224729
0.06840564
-0.05647324
-0.05656578
-0.23173799
-0.08741935
-0.23819612
0.00106121
0.02880296
-0.23263007
-0.05356653
-0.20046668
-0.00778144
-0.00279927
0.04705445
-0.24193378
-0.01229034
-0.13397188
-0.46325222
-0.03972892
-0.08468906
0.00834674
-0.05720664
-0.43152761
-0.01887376
-0.07695357
-0.11132509
-0.04124352
-0.02399341
0.03751279
-0.00947375
-0.13960308
0.12453522
-0.11618926
-0.54395312
-0.24497499
-0.02702932
-0.47454229
-0.08798159
0.02511728
-0.10445014
-0.42017573
0.21302685
-0.24788429
-0.02432668
-0.05939957
-0.02752678
-0.17970568
-0.00411881
-0.27947608
0.02178163
0.13176621
-0.07010266
-0.07417870
0.02638493
-0.06400515
-0.08332270
0.01831136
-0.05462085
-0.15964499
0.06207220
-0.02123664
-0.02786627
-0.75162524
-0.10229471
-0.31805998
-0.01037177
-0.19298886
-0.07385078
-0.09463329
-0.23772559
0.00386631
-0.15229036
-0.28657818
-0.00992971
-0.75815719
-0.05096088
0.06414304
-0.01171437
0.00893188
-0.20967421
-0.37095460
-0.06224588
-0.08246078
-0.20263739
0.05338742
-0.06472103
-0.20309560
-0.05419683
-0.13465965
0.02815800
-0.01781932
-0.04071909
-0.10735068
0.02289001
-0.00055318
-0.03122177
0.03582302
-0.00644717
-0.17605910
0.11072606
-0.33301577
-0.10304254
-0.00873374
-0.94540632
0.00806445
-0.17359565
-0.18727453
-0.21757735
-0.01994614
-0.02819301
-0.10190759
-0.15349314
-0.36703861
-0.23895523
-0.00629131
-0.00083797
0.38317394
-0.42023596
0.06003859
0.06657387
-0.08086224
-0.43346727
0.01362554
-0.04459626
-0.16053809
-0.04005669
-0.06174748
-0.04204826
0.01052246
-0.11996849
-0.00000769
-0.41126683
-0.13421185
-0.04119404
0.01743652
-0.03909440
-0.23712455
-0.10558165
-0.01813404
-0.02641896
0.09319463
-0.88220596
-0.10189749
-0.04558728
0.14849021
-0.07398123
-0.07811309
-0.01197105
-0.03707220
-0.08855959
-0.14811893
0.03655213
0.02534776
0.04164634
-0.01521174
-0.03936498
-0.36298037
-0.01244108
-0.09174117
0.11677154
0.02436117
0.03332464
0.00508601
-0.04241722
-0.20249623
-0.11760996
-0.23366931
-0.04564025
-0.12750831
0.01214525
-0.11239373
-0.00930186
-0.14346451
0.03162252
-0.04080712
-0.10496495
-0.06617274
0.04302431
-0.04168912
0.04664871
-0.04764264
0.04639124
-0.06060384
-0.16474132
-0.03464894
-0.15181990
-0.14461473
-0.15138361
-0.02749773
-0.11800903
0.01942436
-0.03268060
-0.26355457
-0.01326510
0.08857198
0.11068054
-0.04007863
-0.01377583
0.03209886
-0.09047506
-0.16218457
0.02086228
0.03687261
-0.18566144
-0.00841219
0.03832192
-0.01962388
-0.03190312
-0.07218339
0.07549095
0.02635049
0.03624359
-0.02427478
-0.03000759
0.04471363
-0.37621304
-0.03397808
-0.02895163
-0.02195534
-0.04168745
-0.02583890
-0.00572598
-0.13277084
0.00917500
0.16598724
-0.05176058
-0.01572120
-0.08310890
-0.04753683
-0.48030150
-0.16812655
-0.03036237
0.03471391
-0.04255144
0.01902260
0.04294777
-0.16451654
0.03849616
0.00648512
-0.03999806
-0.03953832
0.15180151
-0.11824863
-0.04688628
-0.00782429
-0.05622251
0.17720890
0.04131245
-0.10661077
-0.06586090
-0.26634231
0.00312757
0.01154423
-0.10615689
-0.07419246
-0.03241482
0.01361078
0.07027219
0.02974508
0.01866403
0.01933646
-0.16341937
-0.06681782
-0.27839744
-0.27460086
-0.18696886
-0.12324030
-0.03854556
-0.04811097
-0.04374872
-0.00758619
-0.06841156
-0.18867266
-0.55356985
-0.10162947
-0.03399441
-0.26339567
-0.01150747
-0.22497600
0.01316283
-0.03144060
-0.17754912
-0.21557610
0.04354567
-0.02506965
0.04601476
-0.13684258
-0.03756401
-0.09913699
-0.03578008
-0.06822702
-0.21933183
-0.35109708
-0.03154748
-0.03246661
-0.03873198
-0.14924732
0.08957125
0.08525169
0.04045970
-0.13900626
-0.00666045
-0.05107403
0.04012896
0.03928973
-0.03307240
-0.03084593
-0.09264334
0.04391368
0.03895162
-0.07998177
-0.00391794
-0.09553337
-0.22542375
0.00959784
-0.00930635
-0.00227994
-0.34880662
-0.11101869
-0.01288271
-0.14702711
-0.07621299
-0.10900497
-0.02811419
-0.14911532
-0.06684247
-0.04552332
-0.19359492
-0.16874301
0.00068737
-0.25262579
-0.12268326
-0.02935612
-0.01856361
-0.03406562
-0.06826051
-0.40766981
-0.05741940
-0.00612099
-0.27416012
-0.12475877
-0.23655719
-0.06792878
0.03211524
-0.07789297
-0.71462297
0.00556329
-0.00456278
-0.04273066
0.02751338
-0.02837843
-0.05905060
-0.00332106
-0.45327511
-0.04860412
0.04783383
-0.39055136
0.14098336
-0.04451957
0.62502539
-0.29201525
-0.06079442
-0.06254240
0.04921982
-0.00515656
-0.01088304
-0.01452729
0.02123629
0.16028625
-0.11419925
0.03074906
-0.05414162
-0.05806865
-0.56873381
-0.14150456
-0.01405570
-0.32224476
-0.58635962
-0.20349537
0.01502507
-0.72029346
-0.01616189
-0.59661806
-0.55851549
-1.88349271
0.15325204
0.02982526
-0.07779108
-0.13347490
-0.05785700
-1.53683186
0.03913804
-0.26898462
0.02992955
-0.02166839
-0.00296144
-0.37556911
-0.18863074
-0.07084053
-0.16358505
-0.28822777
0.20814426
-0.03879818
-0.01712741
0.02159535
-0.06588517
0.29897919
-0.04279911
-0.15046941
-0.05627177
-0.48058802
0.10290892
-0.22366561
-0.01348775
0.02031802
-0.08415984
0.02176637
0.01651637
0.00593289
-0.03412092
-0.03962873
-0.25211748
0.00719732
-0.79181141
0.02431594
-0.01645118
-0.03895058
0.04726064
-0.02025588
0.02318162
-0.04814468
-0.03095169
-0.01281139
0.00476110
-0.01849302
0.01215999
-0.01228967
0.03153291
-0.02308750
0.24021752
-0.03573288
-1.28272426
-0.00817515
0.06112829
0.03399950
0.53074902
0.10474352
0.00738797
-0.03082801
-0.05132434
-0.04461870
-0.09213825
-0.00185357
0.20903294
0.04983103
-1.48811972
-0.09951460
0.02429705
-0.07296550
-0.00664584
-0.03761669
-0.01609718
0.00556776
0.01357704
-0.04801872
0.06241292
-1.25441396
-0.01986091
-0.05129085
-0.02951716
-0.23528139
-0.93056375
-0.09546544
-0.05327585
0.01826662
-0.04125003
-0.01494522
-0.00697356
-0.05665200
-0.03927759
-0.03544794
0.00446832
-0.15146725
0.09003443
-0.01981206
-0.19347806
-1.90161145
0.04513160
-0.07335093
-0.02790196
-0.04717131
-0.03221924
-0.08352201
-0.01114887
0.04237441
-0.04287244
0.00327916
-0.01434480
0.02797133
-0.11976715
-0.06526365
-0.58854944
0.27810392
-0.06424614
0.00801875
-0.19522370
0.13562886
-0.13490462
-0.01953060
-0.01902439
-0.20145041
0.03169369
0.02803978
-0.01115420
-0.28551555
-0.15795334
-0.06911663
0.09491313
-0.03451873
0.02350880
-0.16308080
0.00124783
0.01217243
-0.02621950
0.00764589
-0.03894413
0.33457765
0.04357216
-0.02088823
-0.09134524
-0.04981140
0.01640760
-0.21177554
-0.13825703
-0.04029354
0.03243296
0.04876402
-0.04714143
0.06712125
-0.04735246
0.03954357
0.01404524
-0.19322021
0.04071541
-0.04766683
-0.11344121
-0.15490435
-0.39348081
-0.08077759
-0.42652267
-0.01695224
0.04925024
-0.05959897
-0.12418034
-0.28451264
0.00221760
-0.05666377
-0.01323231
0.11397202
-0.15487497
-0.05746493
-0.01618024
0.02161338
0.11618938
-0.20682351
0.04386867
-0.44319484
-0.01591885
0.06134167
-0.02405007
-0.12564628
-0.02517702
-0.01608437
-0.01087496
-0.47323492
-0.02162411
-0.05736806
-0.01830532
0.06211247
-0.01795426
-0.83257180
0.02140178
0.03120840
0.10135905
0.06774367
-0.01456575
-0.02702590
-0.04656272
-0.02794961
-0.01444326
0.06365514
0.48276871
-0.18616623
0.01205258
-0.00295479
0.19089922
-0.03406514
-0.52348113
0.11585374
0.04900493
-0.14135562
-0.29793167
0.02037977
0.01826174
-0.03533767
-0.00745373
-0.00059862
-0.10195617
-0.01171104
-0.33671564
-0.12339145
-0.04480431
-0.32895705
-1.31513751
-0.01245409
-0.15016921
-0.05198763
-0.04240122
-0.17963427
-0.09592164
0.01536992
0.04856435
-0.00141232
0.01117864
0.01129624
-0.08608038
0.05900894
-0.04166425
-0.04504189
1.68338919
-0.08014162
0.01303683
-0.09691461
-1.12263238
0.03001993
-0.04054416
-0.09835816
-0.03086059
-0.04523720
-0.01482542
-0.29147834
-0.30299681
0.03899423
-0.12074474
-0.11774591
0.00849227
-0.32509139
0.07050204
-0.18809249
-0.02841924
-0.17025889
-0.04642829
-0.31768018
-0.24359719
-0.04637584
-0.15845291
-0.14060931
-0.13945910
-0.00116316
-0.01894326
-0.10638753
-0.09262313
-0.01519485
-0.01788745
0.02688969
-0.04127337
-0.13486993
0.06722281
-0.15320881
0.02489826
0.00992170
-0.03580238
0.00291467
-0.04474480
-0.16790417
-0.07555741
-0.01156778
0.03105617
-0.05942385
-0.13174100
0.02012099
-0.05256894
-0.10553680
-0.02206826
0.00883375
-0.01377956
-0.03810274
-0.11593405
-0.02398042
-0.03103274
-0.01529904
-0.06953177
-0.20294119
-0.10237398
-0.00610548
-0.26268843
-0.01192464
-0.09754312
-0.13605371
-0.09725401
-0.01180863
-0.20632234
0.04402203
-0.00969302
-0.19303578
0.01708066
-0.03405042
-0.07790630
-0.06016462
-0.04692741
0.01744276
-0.13401935
-0.13432173
0.02282693
-0.03342272
0.05904640
-0.02256618
-0.04895534
0.02568670
0.00215976
-0.10344080
-0.25209799
-0.05295980
-0.11775756
-0.11538056
-0.00133481
-0.01091800
-0.43982047
-0.17679098
-0.08576797
-0.06803978
-0.17993884
-0.17534910
-0.04175369
-0.24690533
-0.06199012
-0.41910225
0.01806261
-0.21131125
-0.15844174
0.03015484
-0.08850878
-0.09620590
0.05754832
0.05066405
-0.16704704
-0.03564481
-0.05292520
-0.05491551
-0.04713893
-0.18516508
0.00584806
-0.30225211
-0.06230572
-0.06188895
0.10980467
-0.00126808
-0.08388376
-0.32686830
0.01623181
0.13932776
-0.01015556
-0.22475930
-0.03950213
0.07701214
-0.07297970
-0.06822768
-0.05010395
0.03222247
-0.00526339
-0.03785985
-0.06469882
0.00669642
-0.01184683
-0.19226281
-0.02974477
-0.16595365
0.22584625
-0.11812913
-0.03379469
-0.05182444
0.03968021
-0.01564236
-0.12725404
0.05193241
0.02300452
-0.07102623
-0.00444914
-0.06228619
-0.03236027
-0.23625769
-0.03419991
-0.20084909
-0.17082916
-0.22706218
0.03124437
0.03753318
-0.06239965
-0.03351256
-0.05589935
-0.03449574
-0.17598519
0.16278125
0.03136776
-0.09472840
-0.02541208
-0.01225021
-0.04122601
-0.19674203
-0.04947028
-0.12951216
0.00099973
-0.07509836
-0.05317513
0.00013638
0.02823844
0.18595880
-0.09244116
-0.05043396
-0.03499412
-0.06394219
-0.02376757
-0.04587519
0.04893880
-0.05433139
-0.08304670
-0.07064132
-0.16002712
0.03137235
-0.02897857
-0.26963100
-0.11188816
-0.18846190
-0.07380839
0.01087031
-0.01388733
-0.14038739
-0.09218729
-0.01974964
-0.15608853
-0.12180959
0.02101075
-0.24524128
-0.20443085
-0.14956763
0.01669358
0.01370233
-0.20379992
-0.17059268
-0.03796289
-0.10002250
-0.18156967
-0.05251456
-0.07447371
0.17325152
-0.02158487
-0.03309141
-0.08304863
0.02198218
0.01618627
-0.06715140
-0.05751405
0.03427811
-0.02969819
-0.01792533
-0.17768423
-0.12550594
-0.01138356
-0.21418005
-0.20659812
0.03788006
-0.37873644
-0.04726963
-0.14084123
-0.08596175
-0.05864590
-0.05625810
0.01218932
-0.03420655
0.01488189
-0.00890388
-0.20267005
-0.05651823
0.01292526
0.10953449
-0.02135425
-0.14279816
-0.05097649
-0.00850579
-0.28663096
-0.12974784
-0.08717587
-0.10126854
0.01425676
0.09223433
0.00587191
-0.10854342
0.00168115
-0.00925599
-0.10845026
-0.01568045
-0.05445133
0.03464964
-0.01004713
-0.17231460
-0.02741865
0.10781641
-0.11400882
-0.32030997
-0.03385206
-0.05553890
-0.04850700
-0.13938195
-0.02244436
-0.07263371
0.00091218
-0.09131625
-0.07262590
-0.05419558
0.00103892
-0.07558289
-0.00096084
-0.10541563
-0.10204630
-0.23067619
0.06380034
0.02726102
-0.00882990
0.05163211
0.01689051
0.01803169
-0.05810606
0.05245111
-0.17563218
0.02169791
-0.04465592
-0.01094412
-0.00997042
-0.08909060
-0.05547421
-0.00978634
0.00675077
-0.02765470
-0.05517063
-0.02825056
-0.00256286
-0.05570966
-0.03348686
-0.13784294
-0.07229719
-0.04268107
-0.12856707
0.00698709
0.08296439
-0.05996515
-0.13878664
-0.05428082
-0.23772494
0.04196557
-0.07865170
-0.20676208
-0.15329868
0.01574701
-0.09771392
-0.01685710
-0.06703525
0.02127072
-0.09236600
-0.31911272
-0.01875267
0.02935800
0.17773809
0.03595307
-0.00509252
0.01325183
0.04112301
-0.01447887
-0.11469956
-0.10840613
-0.02000755
-0.02145680
0.01341826
-0.04843939
-0.16310304
-0.00965540
0.01061268
-0.03107216
-0.00775434
0.01002152
0.08479030
-0.17066634
0.01428847
-0.16278851
-0.12215090
0.04526081
-0.00510886
-0.20980982
-0.05839116
-0.18426572
0.01348280
-0.01756371
0.06308075
-0.03250894
0.06758308
-0.20393690
-0.16035475
0.00135559
-0.01719498
-0.15246360
0.00649868
-0.02171608
-0.12573431
-0.08215925
0.00986287
-0.09729028
0.00886584
-0.01266731
-0.00899591
-0.08278842
-0.07153189
-0.08103823
-0.04008356
-0.01477420
0.03302003
-0.03457720
-0.05918292
-0.04738399
0.00201175
-0.13066809
0.00014904
-0.07260086
0.01431111
-0.37585172
-0.05844864
-0.10439304
0.03373213
-0.05462603
-0.01037601
-0.05099054
-0.16303460
-0.04357386
-0.25567266
-0.06757573
-0.12945099
0.00998961
0.02557202
-0.18384154
0.01425761
-0.02012561
0.01678925
0.02213916
-0.02528952
-0.04920235
-0.03479642
-0.08035661
-0.03552733
0.01779627
-0.27478710
-0.01304656
-0.13002026
-0.17181200
-0.04924073
-0.00668745
-0.07257047
-0.33340150
-0.08368021
-0.04977513
-0.00103504
0.03661810
-0.05461356
-0.30449125
-0.02347642
-0.02844389
-0.03264334
0.00888541
0.04206538
-0.01867535
0.07088561
-0.18344708
-0.15544993
-0.05363928
-0.08377969
-0.04421604
-0.10152787
0.00000533
-0.21359000
-0.14749534
-0.01454796
-0.21184078
0.03925501
-0.09459820
-0.04755525
0.03914119
-0.02831950
0.01235597
-0.04566904
-0.10845496
-0.08309440
-0.09813216
-0.16363125
-0.03966688
-0.10466874
-0.01705783
-0.13181403
-0.03759050
-0.06020258
-0.14348947
-0.11529148
-0.27352396
-0.07785439
-0.11324295
-0.03252768
-0.10800871
-0.12489732
0.02705071
-0.00764852
-0.15270039
0.01164900
-0.04721781
-0.03635746
0.04315872
-0.03605998
-0.03280008
-0.03626124
-0.22934243
-0.35578418
0.01567200
-0.19897932
-0.02302666
-0.16054700
-0.14347667
-0.10314406
-0.06323620
0.01066733
-0.00228735
-0.08547041
-0.05898232
-0.25120613
-0.02267708
-0.10644255
-0.00682822
-0.33085188
-0.09878659
0.04404593
-0.05020738
0.01885869
-0.01156281
-0.05604719
-0.19099963
0.04549738
-0.03950237
-0.08760742
-0.20595640
-0.26410288
0.00302976
-0.15634103
0.10405481
-0.01542869
0.07054490
-0.06393410
-0.93093026
-0.05706164
-0.00058014
-0.03553440
-0.03035007
-0.11790872
-0.05186654
-0.20009327
-0.17319329
-0.23623386
0.29060382
-0.02231417
-0.02907316
-0.05266116
-0.08938981
-0.16599587
-0.16131596
-0.01422320
-0.10331652
-0.10760401
-0.59671879
0.01657322
0.06240192
-0.10228612
-0.01920162
-0.00154165
-0.07023221
0.11109983
-0.12984763
-0.25898239
-0.09590562
-0.23062962
-0.05128561
0.01445187
-0.06267163
0.01396469
0.02426334
0.05022066
0.01869440
-0.06045891
-0.03062345
-0.02351512
-0.00341881
0.02696563
-0.00380518
-0.11038740
-0.02054969
0.20717436
-0.00259542
-0.20707339
0.04670606
-0.18476190
-0.05604386
-0.31304443
-0.08356244
-0.04025057
-0.61147827
-0.06410204
-0.03102121
-0.10882258
-0.15484047
-0.08774885
-0.11961645
-0.13075016
-0.20248646
0.03174157
-0.01573068
0.06166961
-0.04673094
0.00983579
0.01921228
-0.02061949
-0.04551370
-0.05512028
-0.07017764
-0.02099391
0.01856909
0.01705160
0.00409794
-0.05769943
-0.03036675
-0.05377914
0.15279506
0.00245214
-0.03861279
-0.06363149
-0.24063694
-0.10852125
-0.08498909
-0.03394153
-0.03576780
-0.07701726
-0.05913793
-0.07301277
0.00304905
0.02227816
0.04493818
-0.05624113
-0.04464312
-0.02830331
-0.12754005
-0.05773174
0.06164560
0.02587223
-0.03899319
-0.03252666
-0.08813321
-0.03124278
-0.04608335
0.03351495
-0.22841763
-0.04342989
-0.08228968
-0.07256060
-0.00546128
-0.09796923
0.01201278
-0.01286032
-0.03741534
0.07739785
0.06489622
-0.02804818
0.04892183
-0.23255742
-0.03492529
-0.09700108
-0.08270651
-0.05871094
-0.17249945
-0.06871882
-0.05607622
0.00781159
0.04033689
0.04096054
0.07443845
-0.07196963
0.00255965
-0.30090272
-0.00525345
0.02231694
-0.18611883
0.03482001
-0.16251643
0.25609681
-0.13359533
-0.08993781
0.12180153
-0.09247285
-0.02327654
0.04552959
0.03223564
-0.13895099
-0.01488697
0.36682975
-0.08440638
0.17260186
-0.06032472
0.00746464
0.02918349
0.06363719
-0.02561129
-0.14637332
-0.35886291
-0.06872346
-0.00770454
-0.10214104
-0.07513481
0.03174733
-0.11614870
0.00715560
-0.06063670
-0.06806073
0.04695762
-0.01795745
-0.08169403
-0.06461709
-0.04778053
-0.05340485
-0.12203081
0.04620146
0.04617475
-0.08414748
-0.11972967
-0.03000955
-0.06868016
-0.03496573
0.07489572
-0.05567989
-0.69845134
-0.22598352
-0.02933739
-0.13479254
-0.05003308
-0.02793542
-0.21495257
-0.12129615
-0.21960557
0.02478797
-0.01365074
-0.24337335
-0.23475438
0.00113721
-0.01949651
0.00665044
0.00652331
-0.19024089
-0.12933689
-0.00948438
-0.01096341
0.05145103
-0.03561192
0.00180630
-0.16479866
0.02094490
0.05316591
-0.07884412
0.08472150
-0.03123704
-0.10056162
-0.04198532
-0.71414894
-0.06329396
0.00601381
-0.41476750
-0.07316470
-0.10394360
-0.06203404
-0.03048282
0.00447622
-0.04512270
-0.06958560
-0.06583165
0.05054605
-0.07331067
0.05379537
0.02292455
0.08219182
-0.27598953
-0.03046154
-0.00430699
-0.11528803
-0.15087980
-0.01330073
-0.16650951
-0.35554215
-0.04511657
-0.05661656
-0.38040522
-0.29058921
-0.35086653
0.02313918
-0.16368476
0.07881021
-0.03514211
-0.44479236
-0.10672815
-0.31947142
0.01277130
0.04875224
-0.11974923
-0.37444401
-0.24297790
-0.05291374
-0.08103932
-0.12957408
-0.07001446
-0.26159030
0.02318434
-0.06274772
-0.32771939
-0.05497623
-0.29191092
-0.08262022
0.04411254
0.39328504
0.00569381
-0.83889872
-0.01146503
-0.30923897
-0.02106167
0.06676247
-0.01702832
0.08896132
0.07173143
-0.19868472
-0.57908642
-0.58811879
-0.45944804
0.01701705
0.01120667
0.03422799
-0.04505254
0.11705621
0.00513518
0.02527650
-0.43046674
-0.02710013
-0.01820119
0.02565270
-0.12590192
-0.03884481
0.05755673
0.08963282
-0.23816903
0.32034603
-0.10895440
-0.40248710
0.03951997
-0.02045941
0.06272044
0.05471349
-0.04506136
-0.36085439
-0.13243537
0.07640107
-0.19081971
-0.24379127
-0.12094103
-0.07255439
-0.50367934
-0.37947133
-0.05340465
-0.03425459
-0.20027345
-0.04004386
-0.04296203
-0.01090922
-0.16270262
0.05074583
-0.14348106
0.07151870
-0.04614035
-0.01756888
-0.02030136
-0.03885309
-0.44171563
0.05132938
-0.00670349
-0.09851974
-0.11219617
0.05624951
-0.10418256
-0.35007024
-0.02654116
0.22295919
-0.13173261
-0.23345570
0.17102128
0.32678750
0.00483614
-0.26222384
0.27426505
-0.16423474
0.07146584
0.02111775
-0.01240209
-0.15877743
0.08354332
-0.08579967
-0.04896210
-0.12884581
-0.21393234
-0.25270852
-0.28600067
-0.00283119
0.05197395
-0.33977103
-0.03386831
0.02428005
-0.35028437
-0.47599804
-0.20945819
-0.03808849
-0.29996374
-0.03812172
0.01438487
-0.00837054
-0.02800819
-0.01683538
-0.36420327
-0.07107461
0.30941921
0.09306204
-0.16666682
-0.19820555
0.04057331
0.59033555
0.04293386
-0.04575411
-0.03872424
0.12829104
-0.11635482
0.00013267
-0.25154167
-0.13077606
-0.02737204
-0.27351108
-0.07518715
0.77362049
-0.07090694
-0.29814094
-0.03003259
-0.06943322
0.00212908
-0.01458571
0.05747256
-0.35566783
-0.10874906
-0.03722287
0.03106417
-0.12981184
-0.08632972
-0.05080210
-0.57280254
-0.04561051
0.05733303
-0.43941751
0.16894747
-0.36356887
0.10433514
-0.04682368
-0.01732098
-0.42413926
0.04563878
-0.02780040
-0.13135307
-0.15976520
-0.05809996
0.08007667
-0.02191147
-0.21478254
-0.23046133
-0.07352384
-0.12374472
0.09574184
0.10835757
-0.03312984
-0.16089672
-0.33902156
0.06262282
-0.44413292
-0.08735018
-0.24688339
0.28340617
-0.30209425
-0.00787107
-0.04611674
-0.37090123
-0.13975522
-0.09207588
-0.00623001
0.21702006
-0.08923551
0.00758944
0.00219954
-1.01218867
0.08685870
-0.01602919
-0.00658806
-0.16746615
-0.34001446
-0.03788207
0.37204805
-0.01542117
0.45491445
0.32192850
-0.00093705
-0.02438209
-0.22619615
-0.12600684
-0.06020999
-0.03999522
0.01799163
0.32674140
0.19059515
-0.13082108
-0.17496210
-0.03966026
-0.00405563
0.11253214
-0.27011994
-0.22388324
0.06686224
0.09590988
-0.30734718
-0.03588371
-0.23851834
-0.05243678
-0.12067693
-0.09762552
-0.07542451
0.02088535
-0.06967419
-0.09014349
-0.22807835
0.00305533
0.05530471
-0.17470436
0.08742172
-0.18309817
-0.84954357
-0.19011715
-0.46781120
-0.18216231
-0.53168666
-0.16398053
0.00697307
-0.47140819
-0.03721460
0.02050395
-0.68390173
-0.00470530
-0.55252534
0.12884067
-0.11501479
0.07523587
-0.36519822
-0.55347353
0.02363008
-0.17423002
-0.02679707
-0.32802975
-0.11186802
-0.03295068
-0.07516342
-0.07318624
-0.03755473
0.03789708
-0.01869190
-0.02926470
-0.25716874
-0.38059002
-0.01996632
-0.00618857
0.06952697
0.01466276
-0.03803305
0.02030230
-0.07473870
-0.00654823
0.39211950
-0.31451255
0.27771762
0.22600581
0.08225425
-0.05760185
-0.01756221
0.08997715
-0.20580007
-0.04345554
-0.06042488
-0.25032175
-0.01441882
-0.03356670
0.09476130
0.05525665
-0.14181861
-0.22114444
-0.20935737
-0.49385917
-0.28023121
-0.20612033
-0.33293322
-0.20027301
0.05263120
-0.43010575
-0.21225768
0.08369144
-0.04543464
0.05846161
0.00902607
-0.18801863
0.10780393
-0.18885751
-0.36879960
0.01870370
-0.10289972
0.03451652
0.01262366
-0.10228007
0.05792489
0.02287520
-0.30291289
-0.10795297
0.03891865
-0.09097509
-0.22569849
-0.05836304
-0.07637829
0.02465100
-0.11162434
-0.07904667
-0.09687120
0.09742728
0.06592115
0.06600910
-0.13745552
-0.03125237
-0.16670534
0.06770323
-0.38842273
-0.08001912
0.20500472
-0.13385025
-0.40826973
-0.29979086
-0.95953161
0.10509645
-0.10622552
-0.15768157
-0.07981760
-0.05857792
-0.13663167
-0.11153188
-0.02654463
0.00205704
-0.30342948
-0.16795254
-0.03568200
0.11838402
0.00248919
0.05623800
0.06428082
0.02915169
-0.23720397
-0.31196231
-0.41237327
0.04568970
-0.02202567
-0.11010650
0.10921364
0.01650203
0.03192918
-0.15876235
-0.25920451
0.26704094
-0.24114962
-0.51681727
-0.13145225
0.03679495
-0.35528377
-0.05718436
-0.17458902
-0.14995033
-0.01325291
-0.03922850
-0.13683440
-0.31195301
-0.83090681
-0.25257260
0.01952081
-0.11051314
-0.31113675
-0.27643690
-0.37335962
0.01268306
0.03992487
-0.31691882
-0.26304701
-0.00327430
-0.03605028
-0.05789597
-0.28875729
0.09129998
-0.11634184
0.21872780
-0.24595572
-0.79793280
-0.52701038
-0.02495212
0.01219191
-0.06465834
-0.35169908
-0.19179818
-0.15019433
-0.06058863
0.24949840
-0.18002285
-0.48886856
-0.01266067
-0.16399138
-0.13680203
0.07211722
-0.13133308
-0.12304344
-0.01636302
0.02422513
-0.06181473
-0.22498271
0.05926883
0.14853293
-0.21533771
0.05895949
-0.29109418
-1.02680004
-0.03992111
-0.16602546
0.15837899
-0.16819741
-0.05034102
-0.12831004
0.06586529
0.11399546
-0.18113802
0.09021614
-0.21307272
-0.03105529
-0.34407350
-0.11036791
0.00487204
-0.03710178
-0.36599398
-0.44480550
-0.08640036
0.02048241
-0.11444073
0.20520796
-0.27458712
-0.15870993
-0.03970741
-0.02061329
0.44624516
0.03306460
-0.03648135
-0.04137231
-0.10346361
-0.03488958
-0.04372066
-0.04580860
-0.18879476
-0.32710400
-0.05239176
-0.46820027
0.03153703
-0.02182797
-0.37549189
-0.02289077
-0.26429653
-0.26570269
0.09742140
-0.03143125
-0.04300543
0.03001577
-0.15706332
0.18966366
-0.28099427
-0.07391662
-0.17790167
-0.05028286
0.00900270
0.07538761
-0.03112290
-0.02761425
0.09453484
-0.19130495
-0.04278221
-0.07123154
0.00830300
-0.01582181
0.00247584
-0.04566022
0.00564287
0.00836310
0.00256788
0.00334800
0.03703331
-0.04814576
0.02911777
-0.05239306
-0.03267865
-0.06397622
-0.03335632
-0.06975051
-0.06983859
0.02159213
-0.00938621
-0.05817686
-0.05375563
-0.06315178
-0.01657836
-0.00489075
-0.01317355
-0.00754870
-0.00848735
-0.03085369
0.00371503
-0.05955920
0.03761731
-0.06333343
0.03303417
-0.00982784
0.02708582
0.02125901
0.00763656
-0.02675917
-0.03774567
-0.02598621
-0.02174849
-0.04327510
-0.00439692
0.04259925
0.05017727
0.04360875
0.03230812
-0.00107881
-0.01491843
-0.04002354
-0.03153845
-0.02835384
0.03122714
0.00840803
0.02859202
0.07294803
-0.01058137
-0.03557678
-0.02991975
-0.03668980
-0.00686185
-0.00658906
-0.06215851
0.00299624
-0.03138720
-0.00541152
-0.00357981
0.03040811
0.03668473
-0.01127307
-0.07892907
-0.04488071
-0.00748321
-0.03631540
-0.01896131
-0.00611495
0.00796144
-0.01833195
-0.05654784
-0.01743850
0.04769900
-0.03522316
0.00694659
-0.02420776
-0.02125559
-0.04286353
0.02048115
-0.03865438
-0.04495550
-0.04230656
-0.00070960
0.02913390
-0.05142054
-0.01894856
-0.00294068
-0.03603411
-0.05830525
-0.00849532
0.01123478
-0.05050205
-0.05593994
-0.07640155
-0.03488760
0.00094485
0.00513461
0.02590657
0.06615644
-0.04161202
0.02629687
0.01590490
0.03777228
-0.06511402
-0.00405793
0.03353854
0.03103321
-0.04956302
0.06547101
-0.00912499
-0.02073564
-0.00663859
-0.01976225
-0.08608475
0.04391911
-0.07346542
0.01431351
-0.01850673
-0.01019769
-0.08069276
0.03781063
-0.02663045
0.03210170
-0.01019241
-0.05139470
0.01879718
-0.05364667
-0.01942085
-0.02210022
0.01825778
-0.00622459
-0.03155230
0.00323538
-0.01862859
0.00688253
-0.03883623
-0.05266547
-0.02010209
-0.01109139
-0.05476717
-0.06040807
-0.04317094
-0.03364008
-0.02422413
0.02181982
-0.04218021
-0.00546240
-0.04519898
-0.02566596
-0.00960159
-0.01108573
-0.02780796
-0.04202701
-0.04708026
-0.02220964
0.07333736
-0.06719600
0.00488502
-0.00963736
-0.04923248
0.00877868
-0.05169519
0.02083085
-0.05857848
-0.02062564
-0.07678910
-0.05062916
0.03071394
-0.05485336
-0.05158482
-0.03737855
0.03587899
-0.01333255
-0.03701054
0.03150024
-0.01064759
0.02787283
0.00839467
-0.03174271
-0.00286995
-0.03991132
0.00571427
0.04262014
0.03960090
-0.02506298
-0.07219441
0.03549787
-0.02421642
-0.01224007
0.02174395
-0.02740279
-0.04508108
-0.02407959
0.00331099
-0.01668527
-0.02111034
-0.02781145
-0.03170380
0.00321338
-0.00211728
0.00082663
-0.04320997
-0.05893711
-0.07293225
0.00757659
-0.05712384
0.00375426
-0.03692805
-0.05724580
-0.05058485
-0.02303945
-0.01687471
-0.04615422
-0.02797248
0.00616360
-0.00784294
-0.00815641
-0.02437617
-0.00241887
0.03241455
-0.03068938
-0.06257758
-0.00998428
0.01084746
-0.04930935
0.02527628
-0.01434497
-0.04273207
-0.05303602
0.00535339
-0.00027918
-0.04872468
-0.03593322
-0.02843398
-0.05610466
-0.03609762
-0.03696995
0.01597876
0.04096843
-0.00906298
-0.02754990
-0.02965473
0.00525083
-0.06552902
0.01917856
0.01402628
-0.02921181
-0.11956224
0.03233945
0.00490386
-0.07543294
0.06976884
-0.05455510
-0.02926662
-0.10953459
-0.13323955
0.02726028
-0.09462071
-0.02589497
-0.09462497
-0.01854601
0.03777119
-0.01382285
-0.14088978
-0.05035408
-0.04638017
-0.02332510
-0.05242563
-0.01521975
0.10981715
-0.00567577
0.04617378
0.03292655
-0.07694826
-0.04546229
-0.15379126
-0.06655349
-0.01760951
-0.04382568
-0.14322017
0.03221732
0.02214764
0.00449486
-0.03422835
-0.01603785
0.08936045
-0.08028175
-0.01332382
-0.09207449
-0.00284401
-0.03036290
-0.03333899
-0.04169113
0.00695648
0.01589224
-0.09178013
0.02998747
-0.00133498
-0.16522168
0.04028318
-0.04690010
0.01294659
-0.00997095
0.03122772
0.05366105
-0.04588629
-0.03378171
0.02491062
-0.05625473
-0.06073659
0.00943022
0.01312726
-0.16349144
0.00986278
-0.00752779
-0.07579621
-0.06064139
0.08403376
-0.06087328
-0.03719792
-0.05154972
-0.09289099
-0.33845401
-0.15450829
0.01923436
-0.03889241
-0.06237164
0.04363138
-0.01377000
0.25241533
-0.02549521
-0.01137755
-0.09257559
0.00001040
-0.03586128
-0.01278044
-0.05341881
-0.05627577
-0.12807150
0.02049293
-0.02733376
0.01979488
-0.05823037
-0.07384121
-0.05018992
-0.12456521
-0.06862548
-0.27493554
0.02164984
0.03338761
-0.00440464
-0.03253318
-0.06931815
-0.07600562
-0.02091319
-0.07712744
0.16050848
-0.04229122
0.03143908
-0.09282784
0.02911077
0.03666334
0.00122416
-0.08294089
0.03447197
-0.04327585
-0.09071679
0.00251638
0.06535461
0.00105065
-0.01654487
-0.07536863
-0.07170706
-0.06036960
-0.02730147
-0.01279655
0.00980591
-0.02448852
-0.02061676
-0.00110136
0.09614895
0.16424949
-0.04139381
0.06459110
-0.13189033
-0.00825432
0.00017046
-0.25178552
-0.05321645
-0.02509274
0.04484697
-0.02323086
-0.01092889
-0.04454267
0.28689992
-0.06079989
-0.01796816
-0.08066960
0.00386469
-0.01748618
-0.12942432
-0.03678636
0.00269214
-0.07266840
-0.01549646
-0.07872011
0.00601543
0.01437542
-0.00673845
-0.11488121
-0.00636167
-0.08884894
-0.12438650
-0.07321022
0.02405308
-0.05300807
-0.05818135
0.00036735
0.01191430
-0.20152563
-0.04312342
0.05053207
-0.03619232
-0.02596802
-0.04177135
-0.02022099
0.01925227
-0.05914086
-0.02530682
-0.01743106
-0.01795568
-0.06266043
0.04041447
-0.08384293
-0.09794343
-0.08005470
-0.10946321
-0.10226167
-0.03131752
-0.06615315
-0.06550300
-0.06959640
-0.01490654
-0.05564315
0.00044489
0.05454580
-0.03077176
-0.13195436
0.03690680
0.07231349
-0.03044193
0.01625947
-0.05120616
-0.05348453
-0.19166560
-0.10733674
0.05482322
0.01319952
-0.11842697
0.04195918
0.03396375
-0.04793623
-0.03598156
-0.11426455
-0.08379454
-0.08419295
-0.01471862
0.07680520
-0.12698869
-0.07598286
0.00938566
-0.06959561
-0.00474620
-0.03647916
-0.01726834
-0.00043360
-0.02324975
0.02351642
-0.05360758
-0.10489145
0.05909121
-0.01332980
-0.08593232
0.06691870
-0.11208130
-0.23238225
-0.07075013
-0.06109178
0.04332292
0.04806856
-0.03991928
-0.05730698
-0.03784723
-0.07087928
-0.13497615
-0.12136936
-0.05686983
-0.07830367
-0.02634236
-0.13852455
-0.16296786
-0.00277274
0.04114969
0.08519836
0.00999486
-0.04912035
0.01963505
-0.00109900
-0.21369249
-0.01870454
-0.26161075
-0.28702405
0.03480478
-0.11515752
0.02750738
-0.17902002
0.00408724
-0.18083043
-0.02067823
0.06616809
0.21494865
-0.00997275
-0.02425577
-0.05606478
-0.02115707
-0.17292881
-0.04580169
0.03874975
-0.04745689
-0.38359502
-0.27569163
-0.08992057
0.05460997
-0.14661720
-0.00837362
-0.11679584
-0.02696458
-0.10601714
-0.06704062
0.06780894
0.04424924
0.05769434
-0.13900484
-0.13215365
-0.06376456
-0.08366226
-0.05879405
-0.09108406
0.02594186
-0.06587639
0.03274256
0.06689692
-0.02706493
-0.03716660
-0.10593774
-0.13742067
0.02936888
-0.11200384
-0.03640141
-0.07985267
-0.04853146
-0.01928009
-0.13869059
0.03656811
-0.44959572
-0.02867765
0.16182075
0.02087800
-0.11512917
-0.06413158
0.03565142
-0.17842503
-0.07863253
0.18953347
-0.11208481
0.02355852
-0.24232462
0.04023540
-0.18408333
-0.00063800
-0.00538383
-0.02504597
-0.05728195
-0.02811863
-0.00615664
0.01856469
-0.01996571
-0.03921093
-0.36980456
-0.12052578
-0.05273744
0.02952366
-0.07541139
-0.03915792
-0.16810383
0.01908866
-0.01512938
0.00250376
-0.09651179
-0.17618121
-0.16241820
0.51415414
-0.06749709
-0.23971197
-0.04457239
-0.09303033
0.01861105
-0.18531139
-0.32562888
-0.50051296
0.01546940
-0.08064354
-0.04974908
0.01204113
-0.03345639
-0.07262623
-0.05372190
0.07866805
0.04112636
0.00572867
0.19240640
-0.15216729
-0.07518125
-0.04450050
-0.26318899
-0.34273636
0.01246205
-0.12234028
-0.20458554
0.09275004
0.07302085
0.01990615
-0.13812488
-0.04943665
-0.07328087
-0.03678190
-0.02271344
-0.12299695
-0.12169787
0.11276626
-0.33882225
-0.09684014
-0.12119541
-0.45779419
0.06249592
0.08885898
-0.00908362
0.03865044
-0.00358700
-0.05327829
0.37741214
-0.38008133
-0.12118798
0.08774380
0.13468607
-0.19979115
-0.01033009
-0.25759000
-0.05540914
-0.09254010
0.33154145
-0.17064586
-0.01878092
-0.03914979
-0.00523472
0.16378972
-0.01813265
-0.19176126
0.02755716
0.30334321
0.30506745
-0.13185461
0.10466333
-0.00432314
-0.10163070
-0.09224186
-0.02676536
-0.35831434
-0.00176053
0.01248593
-0.06640555
-0.45621380
0.02435091
0.00131889
0.02777323
-0.14050354
-0.18526535
-0.22476903
0.02972009
-0.24396990
0.10051695
-0.15294331
-0.03462029
-0.03257902
0.03062108
-0.04201058
-0.03161525
-0.05664811
-0.02240635
-0.04053472
0.02510381
0.41421282
-0.04127623
-0.12370817
-0.04144067
0.02797374
-0.14618878
-0.05344273
-0.05395042
-0.10123567
0.16093071
-0.00024895
-0.00776044
-0.10038819
-0.20291366
-0.24436365
0.09792534
-0.07501541
-0.19493586
-0.05084636
-0.13657661
0.17489929
-0.00678604
-0.13335514
-0.49115241
-0.05082666
0.01511121
-0.02069430
0.17508797
0.00424911
0.02797057
-0.02285683
-0.01284096
-0.25395763
0.06417909
-0.10578226
-0.05509692
0.02013827
-0.17717817
-0.29174012
0.12023882
0.44401795
0.03104795
-0.15841354
0.04436288
-0.05781659
-0.10043207
-0.25502214
-0.18001851
-0.05151939
-0.08510160
-0.03648905
0.24458171
-0.11681184
-0.03030001
-0.05918799
-0.09885630
-0.16231510
-0.00120195
-0.10975543
-0.11037911
-0.32433227
-0.51934409
-0.04313189
-0.16032532
-0.08670295
-0.19504353
-0.02542761
0.06050617
-0.09977547
-0.04042545
-0.39816836
-0.06956522
0.01043440
0.02048897
-0.29298431
-0.52796859
-0.41811794
-0.13689773
-0.19397855
-0.35499874
-0.15635565
0.03433977
-0.02770189
0.12408809
0.02658298
-0.08082675
0.13136008
0.01812098
-0.15560381
-0.06425474
-0.37906587
0.02595748
0.01520356
-0.23076411
0.00173824
-0.05179133
-0.05903682
-0.00881371
-0.31174889
-0.13501330
-0.43359321
-0.09209928
-0.09475260
0.01627535
-0.22109643
-0.06676482
-0.08702438
-0.04941218
-0.02889385
-0.29029223
-0.10428676
-0.06043392
0.02327191
-0.04045592
-0.07135186
-0.05225692
-0.05804972
-0.06591252
-0.20755991
-0.06106567
-0.22958121
-0.13001789
-0.04229880
0.24561085
-0.08985726
-0.05286337
-0.56341666
0.23500775
-0.01467785
-0.28191876
-0.10534257
0.14092775
0.05645803
0.12036737
-0.11250658
0.00043864
-0.00540211
-0.11257873
0.05270341
0.00790072
-0.00273625
-0.07782580
0.00649242
-0.11026503
-0.22978625
-0.44644523
-0.05645851
0.05557736
-0.02375520
-0.10716754
-0.07594880
-0.06583237
0.07970537
0.00414716
-0.09248818
-0.35745841
0.07608608
0.01833756
-0.10430445
0.03266191
-0.15328638
-0.55728269
-0.79817158
-0.49328059
-0.12228552
-0.06681255
-0.00811274
0.12617975
-0.06150204
0.05473016
-0.21124510
-0.09222961
-0.11441759
-0.09565880
-0.08974093
-0.21877204
-0.24652269
0.12302664
-0.03520945
-0.64868444
-0.40067250
0.02264732
-0.13274004
-0.80095267
-0.91571373
-0.15982470
0.05217208
0.07322813
-0.10433520
-0.06947789
0.00287593
0.02229146
0.01674493
-0.89607716
-0.24001445
-0.24402826
-0.15509193
0.00956624
-0.13243251
-0.03935350
-0.16494849
-0.05942545
-0.03659208
-0.01829961
-0.15928486
-0.20144401
-0.12162679
-0.23168963
-0.12599970
-0.06514780
-0.06233511
-0.30033949
-0.45628273
0.04094217
-0.05348663
-0.13490395
-0.01432312
-0.05930856
0.02407482
-0.12432346
-0.07400613
-0.01262395
0.22076657
-0.37366259
-0.07565945
-0.07350718
-0.18666832
-0.19891837
0.00238250
-0.19983913
-0.82647079
-0.13434030
-0.11409387
0.04013283
-0.11853795
-0.19339779
-0.30370790
0.00322784
-0.01519726
-0.09165318
-0.35197267
0.03491362
-0.07273130
0.00621318
-0.85722029
-0.19826190
-0.02616455
0.34112462
0.00150239
-0.15432516
-0.17058587
-0.10654653
-0.16946112
0.06604015
-0.39565536
-0.10730207
-0.24967527
-0.06580628
-0.38702136
-0.06530073
0.01389812
-0.04704383
-0.24726099
-0.11700073
-0.46604368
0.00778896
-0.11280861
-0.04902279
-0.05117309
-0.22328141
-0.11375324
-0.02644235
-0.00207721
-0.12453774
-0.65213484
-0.18349594
-0.13794881
0.05736735
-0.13315578
-0.11188760
-0.07262789
-0.07189729
-0.24029435
-0.22116050
0.02068475
-0.04559648
0.04114758
-0.16774145
-0.29753762
0.01263360
-0.63984996
-0.28512523
0.01000263
-0.21458347
-0.42167729
-0.01072481
-0.19715440
-0.02526327
-0.09175061
-0.03679110
-0.05427536
-0.04696756
-0.10668218
-0.16314434
-0.08521393
-0.01608652
0.01632051
-0.16088939
0.03279574
0.01164294
0.16348436
-0.01322879
-0.56885433
-0.05547035
-0.19969550
-0.18592526
-0.02993079
0.06320547
-0.08614887
0.02066140
-0.02400362
-0.08479069
0.12379035
-0.04859586
0.02462023
-0.01087694
-0.02078593
-0.11004983
0.00332059
-0.12931988
-0.17734426
-0.17971353
-0.04499291
-0.11483365
-0.12635368
0.06697199
-0.03256934
0.00635065
-0.12231807
-0.46443063
-0.05925370
-0.26163471
-0.10716254
-0.03169297
-0.24722190
-0.02658245
-0.16804646
-0.03866726
-0.01075116
-0.10208528
-0.06215937
0.03434467
0.05243660
0.05304172
-0.14107463
-0.01481853
0.02664135
0.01414822
0.06937525
0.01065647
-0.12127109
0.01235398
0.01317410
-0.03689507
-0.05274787
-0.13033135
-0.10289256
-0.00190489
-0.02119982
-0.01846643
-0.04703374
-0.04352781
-0.00387253
-0.13341404
-0.09215768
-0.11470266
-0.24703068
-0.20489141
-0.03292228
0.05374338
-0.25815973
0.00866280
-0.12622656
-0.24780305
-0.05652773
-0.21228322
-0.18712598
-0.15776165
-0.15830442
-0.19139372
-0.29161355
-0.03363561
-0.07879992
-0.08034945
0.04570130
-0.03837441
-0.01842800
-0.11066493
-0.09708610
-0.15125804
-0.17487693
-0.02763649
-0.10368193
-0.00331316
-0.00980873
-0.10355323
-0.03328500
-0.10860826
-0.03456135
-0.00645601
-0.06620327
-0.12770678
-0.12309667
-0.02272502
-0.09996527
-0.09057009
0.07009646
-0.17702511
-0.18732724
-0.33178699
-0.14033015
-0.11812232
-0.07601519
-0.10617558
0.01454805
-0.02452375
-0.10409278
-0.09609521
-0.10680852
-0.01195814
-0.21351159
-0.01833089
0.04650490
0.00508351
-0.03365805
-0.01496654
-0.16201787
0.01239275
0.05486112
-0.06605627
-0.21563612
-0.08400974
-0.01440314
-0.32762137
-0.05997570
-0.03547746
-0.00881623
-0.06337937
-0.02667473
-0.19192773
-0.08891565
-0.07775060
-0.16680856
-0.10249315
-0.22284272
0.06853195
0.05768410
-0.01089657
-0.00613972
-0.03344033
0.01686464
-0.06082022
-0.06254572
-0.12965642
-0.08132531
-0.06350742
-0.00727639
-0.05412561
0.14617638
0.02005427
0.00943579
-0.01724008
-0.26380304
0.04543372
0.03206257
-0.02894371
-0.13126130
-0.05133274
-0.03974251
-0.08232062
-0.15704188
-0.04478519
-0.07902298
0.07694554
0.11688031
0.03830257
-0.12217349
-0.16854732
-0.14235282
0.01350648
-0.07162464
0.04503061
-0.09434026
0.05232296
-0.06549106
0.01152410
-0.00128745
-0.03605444
-0.05197285
-0.03911297
-0.30148241
-0.11761726
-0.04482933
-0.15687449
-0.13080861
-0.09245780
-0.05368118
0.09278110
-0.21202801
0.53676963
-0.21034501
-0.05311690
0.07439412
-0.08502412
-0.22367890
-0.10047975
0.00150307
-0.10004587
0.04003999
-0.01839813
0.19226100
0.05758855
-0.03775459
-0.10767192
0.03048504
0.02669918
-0.37219548
-0.08209491
-0.04262914
-0.01821026
-0.10961635
-0.08885653
-0.11627711
0.00000123
-0.22462225
-0.08115407
-0.03733803
-0.03209700
0.30029789
-0.02932165
0.03701470
0.02027381
-0.04826705
-0.04054144
-0.10052511
-0.10639808
-0.11972431
-0.05613941
-0.02887989
-0.17817532
-0.14009823
-0.06202294
-0.06114247
-0.01813039
-0.19874744
0.06350553
0.34894273
0.10827345
-0.06814362
-0.19885477
-0.15993430
-0.01353272
0.00000212
-0.28556722
-0.05079168
-0.02419389
0.10970552
-0.05207764
-0.61665672
-0.06462923
0.11262812
-0.08025286
-0.26152802
-0.09841184
-0.18282454
-0.32564238
0.01983194
0.23733030
-0.28356457
0.01544217
-0.44976699
0.00270323
-0.43578246
-0.21272030
-0.06206162
0.00634211
-0.25105780
-0.13427611
-0.13084260
-0.22209102
-0.27250630
0.14884247
-0.08301418
0.00853031
-0.04245749
-0.07916137
-0.09725181
-0.01313446
-0.02555022
0.01009240
-0.02961722
-0.11633439
-0.27605683
-0.02880189
-0.01025867
0.07294324
0.01853859
-0.01288096
-0.07264718
-0.10493973
0.14677587
-0.07187054
-0.02562852
-0.44359034
0.03685380
0.01806891
-0.06169614
-0.07269086
-0.03657157
-0.00616839
-0.02835022
-0.05491097
-0.01224174
-0.00363815
-0.04915845
-0.05733589
-0.16678719
-0.10437760
-0.07994746
-0.47914022
0.03418720
-0.23606114
-0.06789383
-0.16122434
0.03028090
-0.22618288
-0.29982230
-0.05042632
-0.17316300
-0.08156609
-0.00681864
-0.49552739
-0.00248192
-0.09280721
0.06030887
-0.52891153
-0.17115191
-0.05167584
-0.06588564
-0.09313742
0.02517956
0.03283940
-0.10504164
0.00556792
-0.07996845
0.31697148
-0.50151563
0.09486534
-0.06154642
0.01948132
-0.06234960
0.04825192
0.01035398
-0.09139857
-0.22175919
-0.12406269
-0.08668117
0.03294781
0.05634620
-0.13339756
-0.19594668
-0.00971031
-0.19634396
-0.00717565
0.02541006
-0.16252974
-0.27089152
0.03856937
-0.02202411
0.05262776
-0.05224945
0.03935457
0.01089001
0.05360827
0.00712958
-0.04315056
-0.07899860
-0.03059763
-0.02593141
0.27330324
-0.03166187
-0.09857226
-0.61106217
-0.02797842
-0.18742923
-0.06408764
-0.03278807
-0.00530337
-0.09046096
-0.01466751
-0.02109337
-0.05534867
-0.11173892
-0.06554519
-0.28322574
-0.08106396
0.09508658
0.03480918
0.13277730
-0.01795331
-0.32296878
-0.05674420
-0.29472828
0.04958669
-0.06281215
-0.03488367
-0.04884676
-0.12844594
-0.24117383
-0.23668917
0.10796875
0.01118358
-0.10337946
0.14033148
-0.05592562
-0.09900968
-0.14622363
0.05897492
-0.12892930
-0.03484219
-0.01131820
-0.07346759
0.03277511
-0.00475593
0.06378519
-0.12333045
0.30631280
-0.20160858
-0.06366501
-0.10527636
-0.01617669
-0.07731034
-0.34810445
0.20496882
-0.12342048
-0.03405055
0.08286654
0.01694222
-0.19557308
-0.02121180
0.29467493
0.02040650
-0.00159132
0.03470202
0.03264539
-0.03229608
-0.11171450
-0.00489320
-0.03614465
-0.18942234
-0.07997462
-0.05857399
-0.04304882
-0.12091469
-0.18118912
0.19694833
-0.20826265
-0.01434729
-0.08118006
-0.04998139
-0.86972362
-0.15721455
-0.01521270
-0.18530878
-0.07738241
0.00172761
-0.35710439
-0.04394439
-0.12400091
0.00469868
-0.00163668
-0.45265415
-0.31421697
0.02607441
-0.03265895
-0.32166949
-0.18989606
-0.63367271
-0.07288043
0.04230142
-0.00761332
-0.13946357
0.02661512
-0.06893454
0.04065422
-0.09713696
0.03550727
-0.01528031
0.10890988
-0.18764836
-0.12303552
0.11874245
-0.33963725
0.50422597
-0.03925722
-0.33468416
-0.22942446
-0.14312007
0.11936511
-0.21296914
-0.01382903
0.02622842
-0.01492724
0.00431509
-0.33660090
-0.31044564
0.03539460
-0.03292758
0.06897020
-0.42076090
-0.30266827
-0.02194706
0.18407321
-0.44861305
-0.00526492
-0.04558731
-0.00939172
-0.02834502
0.00888762
0.06101147
-0.30696335
-0.14204217
0.02600591
-0.08194687
-0.14386517
0.00070762
-0.24522237
-0.00961256
-0.68358552
-0.07554811
-0.11145943
-0.05888687
-0.36964056
-0.25990883
-0.13112454
0.01677751
-0.33171031
-0.30681601
-0.44730797
-0.04936637
0.02324786
-0.18613730
-0.05635745
0.03480287
-0.04486161
-0.02304570
-0.05803549
-0.29261991
-0.52708107
0.09559003
0.02823379
-0.11430833
-0.01338226
-0.01474203
-0.26750153
-0.06074332
-0.07062812
-0.08124389
-0.10237446
0.06427299
-0.02281573
0.00324399
-0.14910668
-0.10715035
-0.31127408
0.01402414
0.05027860
-0.28789946
-0.04616313
0.01098912
-0.04839620
-0.02197651
-0.07662130
-0.13312070
0.01097050
-0.03131109
-0.05139858
-0.29611522
-0.18655726
-0.44169354
-0.06641477
-0.07493368
-0.09187916
-0.03173037
-0.02150875
-0.21294007
-0.03692275
-0.38731155
-0.22553617
-0.12649617
-0.16142926
-0.07356910
-0.15736240
-0.01318537
0.07902811
0.13274108
-0.00372387
0.00229953
-0.00260452
0.21544945
-0.13038555
-0.23781081
-0.30552956
-0.02631934
-0.07892396
-0.05538591
0.00518759
-0.14643542
-0.00204584
0.13718142
-0.12519008
0.00854122
-0.16487888
-0.18737520
-0.17435144
-0.13850287
-0.29213953
0.05854290
-0.15031476
0.04089383
-0.20053163
-0.19301142
-0.13220178
-0.11810755
-0.04209158
-0.08469875
0.04799087
0.04354137
-0.12137575
-0.18699016
-0.00202535
0.02831144
-0.19728692
-0.13354060
-0.14586407
-0.07078388
-0.06645745
-0.04958267
-0.11090441
0.00125968
-0.24005283
-0.03954754
-0.03446102
-0.02405707
-0.13319527
0.09194038
-0.07805281
0.01959221
0.03486342
-0.06556261
0.02850020
-0.07191977
-0.14859356
-0.32180771
-0.30841649
-0.04075571
-0.14655918
0.02747586
-0.11544980
-0.03276187
0.01261938
-0.02880402
0.03599102
-0.23042336
-0.07766484
-0.39717484
-0.01387189
-0.06133289
-0.24059856
-0.13808767
-0.12857933
-0.01194220
0.08205836
-0.03868907
-0.04533786
-0.00749913
-0.03729991
-0.02624333
-0.02118194
0.02319235
-0.08430310
0.15353927
-0.10849916
-0.20162641
-0.12954769
-0.08274593
-0.01452699
-0.03222489
-0.09786897
-0.08897142
-0.68123567
-0.01124029
-0.06921767
-0.05980024
-0.25126585
-0.04893546
-0.11017906
-0.08540903
0.09442992
0.06848209
-0.00508087
-0.03082641
-0.07311335
-0.05944178
-0.11238867
-0.03380243
-0.14485899
0.16313881
-0.04847195
0.24829818
-0.64614838
-0.13006262
-0.33044294
-0.00932437
-0.21145004
0.06496952
-0.36549097
-0.05824283
-0.07019047
-0.10228729
0.06371903
0.01938294
-0.35095549
-0.19526044
-0.09749931
0.01479018
-0.05731322
-0.57501161
-0.14078459
-0.08108350
-0.06739436
-0.16580895
-0.35628787
-0.07464439
-0.06251871
-0.02743067
0.04098762
-0.10616285
-0.07176253
-0.12085643
-0.11873981
-0.09928852
0.03415717
-0.02116290
-0.05045796
-0.23949267
-0.15777339
0.00902122
-0.58199364
-0.31874004
-0.02634793
-0.30045727
-0.07030322
-0.14463283
-0.11622059
-0.05098714
-0.07601679
0.01816857
-0.12225026
-0.18802112
-0.34946990
-0.26655897
-0.04847238
-0.08424562
0.57774973
0.02552468
-0.11858681
0.01267871
0.02390081
0.16042317
-0.09879530
-0.06483914
-0.22148447
-0.03496969
-0.18581115
-0.07798959
-0.00808581
-0.12475788
0.02676725
-0.04816807
-0.01043155
-0.03077473
-0.06715151
0.04269955
-0.14152619
-0.07766941
-0.00554047
-0.04399166
-0.14968207
-0.07990752
0.24474621
-0.09197922
-0.14306812
-0.09927186
-0.07199366
-0.02475852
-0.04321339
-0.15832131
0.02665851
-0.02108045
0.01132499
-0.04955015
-0.02920709
-0.03903934
-0.37993312
-0.05999295
-0.06230005
-0.11894737
0.06630363
0.05121887
-0.03774382
-0.06142803
0.05572067
-0.20250343
-0.11139104
-0.09091792
-0.04509388
0.00764405
-0.06539734
-0.00240552
-0.01531559
-0.03077838
-0.00176192
-0.16050102
-0.02711204
-0.06267217
-0.04398641
0.01704605
-0.03206014
-0.08706534
-0.04836890
-0.00140643
-0.05667686
-0.06333414
0.04658496
-0.19760019
0.01000386
-0.11480709
-0.03002130
-0.00384613
-0.16618216
-0.07857869
-0.06656968
-0.00912782
-0.06393842
-0.10416876
-0.22931331
0.07934661
-0.08840171
-0.03888212
0.03653094
-0.06505824
0.03958817
0.00716431
-0.06533621
-0.06152894
0.03215689
-0.10603963
-0.21510974
-0.04095688
-0.06694548
0.04093353
0.02688727
-0.03321798
-0.00479637
0.04409181
0.15540436
-0.24214201
-0.10664646
-0.16926445
-0.08849626
0.14009160
0.00485221
-0.04443277
-0.14000639
-0.09313601
-0.07252818
-0.18784444
-0.25258625
-0.02683662
-0.01967727
-0.01782160
0.00451095
-0.01180477
-0.18366821
-0.03753217
0.05356954
-0.00555663
-0.03929022
0.01275038
0.03882265
0.17398328
-0.08426977
-0.10512837
-0.08823807
-0.01121266
-0.05767312
-0.33459345
-0.25545037
0.07737621
-0.04323178
-0.10423189
-0.04202024
0.00675926
-0.04894836
0.01140244
-0.02054870
-0.01427557
0.11376972
-0.23128408
0.11849688
-0.02646080
-0.33631679
-0.11709321
0.02946624
-0.07158139
-0.00603156
-0.00917317
-0.02966097
-0.12075881
-0.15018161
-0.09229884
-0.08956354
-0.03062992
-0.17831801
-0.20213945
-0.19104254
0.03903790
0.03197008
0.14729594
-0.08904766
-0.03450981
-0.02812842
0.05931675
-0.05234799
-0.10492381
-0.12508497
-0.20721422
-0.09732527
-0.21590398
-0.20240615
-0.13725430
-0.01034998
-0.05759020
-0.20468475
-0.02871808
0.03220661
-0.00940535
-0.01489235
-0.01030853
-0.11068742
-0.01108753
0.00324961
-0.04607251
0.05458382
-0.00576897
0.04096907
0.02111798
-0.15673156
-0.05576737
0.03412372
0.10323471
0.07061169
-0.02326042
-0.12665828
-0.01141580
-0.12928735
0.11698915
-0.07414471
-0.05157560
-0.01993119
0.00979338
-0.17200549
-0.08249649
0.07149843
-0.11682300
-0.07908876
-0.03771353
0.04056305
-0.04103935
-0.04542214
-0.00146771
-0.03834757
-0.14387499
0.09682418
0.06004341
-0.01299513
-0.10139456
-0.17084588
-0.09317307
-0.29463246
-0.03422002
-0.08647028
-0.06151552
0.07181123
-0.04379982
-0.07320847
0.01326587
-0.02806707
-0.04856066
-0.05238857
-0.08436875
0.02196373
-0.06522412
-0.22573131
-0.07583913
0.00272890
-0.15714195
-0.11484241
0.01798650
0.09829407
-0.11836255
-0.03608441
-0.00950340
-0.03915459
0.09159128
-0.07342749
-0.15743662
-0.01763627
0.05613675
-0.02013435
-0.06616378
-0.02631556
0.03049596
-0.17193425
-0.10034092
-0.01651578
-0.10155046
-0.09755899
-0.02153692
-0.08490489
-0.08261853
-0.37452123
-0.01642193
0.04989772
-0.12569544
-0.15825129
0.03339426
-0.58685541
-0.00844157
0.20832202
0.03759555
0.04199572
-0.14129017
-0.19463578
-0.21538825
-0.12591808
-0.01733769
-0.14438140
-0.36481336
-0.02037626
-0.03721830
-0.04400862
-0.08522353
-0.04652528
-0.14296186
-0.03709713
0.07487547
-0.48421538
0.07997220
-0.52243418
0.04199678
-0.02570200
-0.11552130
0.01834377
-0.01335109
-0.08219583
-0.09549899
-0.20410588
-0.46167544
-0.17884491
-0.32310390
-0.22144386
-0.07423110
-0.22349019
-0.00699478
-0.07041496
-0.00542145
-0.06368240
-0.05529166
0.13603213
-0.05865087
-0.00836150
0.02372792
0.08251443
-0.11971293
0.12530977
-0.18658252
0.05128000
-0.31677336
-0.06395938
-0.32080859
0.01862654
-0.49470732
-0.10079698
-0.06417444
-0.15731798
-0.35518706
-0.02868448
-0.05293246
-0.26660314
-0.11426116
-0.15831313
-0.58150417
-0.25916201
0.01964988
0.03702462
-0.30793771
0.00451397
-0.03604753
-0.01274812
-0.00252866
-0.01067379
-0.03172503
-0.10106445
0.03979764
-0.00256804
-0.01950689
-0.04836232
-0.01310545
-0.02018251
0.00150281
-0.08813386
-0.20461461
-0.05927800
-0.32358029
-0.17910291
-0.05471782
-0.21720594
-0.02210471
-0.02645542
-0.03347241
-0.22331050
0.03266546
-0.31478807
-0.14555556
-0.02447772
0.06824066
0.03296979
0.04308198
-0.45572135
-0.02784707
0.01303080
-0.13952813
-0.27516291
-0.13005316
-0.26073191
-0.35864332
0.03053850
0.02967674
-0.27142036
-0.02297935
-0.05265130
-0.28669921
-0.21510956
-0.00651049
-0.11073186
0.33008838
-0.18997622
-0.06694991
0.03906398
0.09931186
-0.01936172
0.65346831
-0.10848603
-0.26066729
-0.13811709
0.01174647
-0.57112998
-0.10985033
0.06957548
-0.03612809
-0.02999516
0.05778088
-0.07458373
-0.05349103
-0.18251091
-0.15462585
0.07312641
0.04960475
0.16403423
-0.00562557
0.86824799
-0.00355814
0.03194647
-0.14050116
-0.05828948
0.03859691
0.01236180
0.00013730
0.02527199
-0.08832662
-0.12112851
-0.18883742
-0.13530052
-0.28999475
-0.39614278
-0.19247584
-0.19208093
-0.05579554
-0.34186953
-0.07535209
-0.22714972
0.00086507
-0.16464439
-0.10700872
-0.56811297
0.01823628
-0.06030906
0.01902256
-0.07478146
-0.00267809
-0.09402444
-0.05851873
-0.72626859
-0.16528948
0.06603584
-0.04812055
-0.20689070
-0.01532872
-0.07507317
-0.00242529
-0.18691327
-0.12396469
0.49252322
-0.13083278
-0.09901652
0.05554853
-0.50561941
-0.16447195
-0.02370444
-0.27737847
-0.09930461
-0.13180144
-0.04634236
-0.24011695
-0.13859464
-0.15341312
-0.00258354
-0.43059507
-0.02644190
-0.04648218
0.09333202
-0.07873534
0.39907822
-0.02137304
-0.28794339
-0.03330756
0.18911627
0.12893818
-0.14386332
0.01464672
-0.34478265
-0.03899388
-0.03575814
0.04807504
0.05325667
-0.46296835
0.07680677
-0.01080007
-0.23109345
-0.18498494
-0.02169726
-0.11049591
-0.11438112
-0.13565387
-0.15253407
-0.23597443
-0.10719800
0.06005960
-0.08429180
-0.16453262
-0.01864515
-0.20968789
-0.11690394
-0.05772774
-0.09995256
-0.00348285
0.03753067
-0.03721721
-0.10769418
-0.16652703
-0.13882957
-0.00591776
0.07146031
0.10463913
0.09053995
-0.14104734
-0.53963923
-0.09849963
-0.02786347
-0.08095177
-0.97342461
0.01299711
-0.20083927
-0.02269001
-0.16534476
-0.02315581
0.03370428
-0.06700342
-0.92576182
0.19217221
-0.08823554
-0.18004753
-0.15896699
-0.16230392
-0.04359196
0.04220804
-0.01636121
0.02366354
-0.08218881
-0.09380288
-0.08843616
-0.01007151
-0.12191118
0.08962499
-0.20587182
0.03866829
-0.00931530
-0.03176733
-0.03531768
0.04259034
0.16973945
-0.03672386
-0.04173706
-0.14899513
0.09891732
-0.12199576
-0.04411700
-0.07821976
-0.13136372
0.08651317
0.13749395
0.07716364
-0.02508370
-0.13391271
0.03249740
-0.09878612
0.05556885
0.01980675
0.17474815
0.01729367
0.05927560
-0.41237119
-0.08819785
-0.14160013
0.09680656
0.14081384
-0.01243516
0.23514558
0.11987999
0.02547104
-0.11208439
-0.10502093
0.10004039
-0.24435554
0.04934022
-0.10320589
-0.03192915
-0.41190580
-0.36302000
0.01455247
-0.04094421
-0.24718401
-0.05701494
-0.04302073
0.11176991
0.01780922
0.05715373
-0.16807896
-0.03737503
0.06733900
-0.00324230
0.01386241
-0.05253467
-1.78507578
-0.01493123
-0.10662525
0.01947332
-0.04082140
-0.10913459
-0.16465153
-0.12882194
-0.02458637
-0.40452081
-0.09023584
0.00275172
0.03667932
-0.03664671
-0.01448249
-0.17082633
-0.05402198
-0.02681424
0.27923477
-0.07489608
-0.05098738
-0.02110531
-0.08707251
0.18764149
-0.01166032
-0.18041398
-0.07659195
-0.03565257
-0.09971095
-0.10803986
-0.13745214
-0.78860271
-0.02616991
-0.23041721
-0.07759923
0.16529855
-0.16227484
-0.01066964
-0.07591843
-0.06552320
0.01406417
-0.02134234
0.03633403
-0.03535031
-0.12493943
0.08201757
-0.14553529
-0.04813812
0.09717964
-0.52077693
-0.06406390
-0.05866531
0.04574757
0.02190580
0.01013483
-0.08909184
0.56689864
-0.29623252
-0.28382695
-0.02903720
0.09212550
0.01276582
-0.01224139
-0.09910275
-0.05271486
-0.10502117
0.16207545
0.11422365
0.00536319
-0.00203347
0.00248235
-0.22042243
-0.10682458
-0.19702937
-0.00522478
-0.29033032
0.04475586
-0.49984291
-0.02972084
0.01116545
-0.03184540
-0.24394189
-0.07231581
0.26431689
-0.02407807
-0.04131003
-0.04910666
-0.56413656
-0.07093360
-0.03420023
-0.01878318
0.01747169
0.05518416
-0.10788631
-0.03346709
-0.33714080
0.12469785
0.07582854
-0.10620495
-0.07461336
-0.03928765
-0.03095185
-0.01508873
-0.18129316
-0.03237028
-0.06834108
0.00841540
-0.09760997
-0.02931831
0.02886156
-0.03424623
0.04124088
-0.17648710
-0.04550382
0.02620801
-0.05832079
-0.10429468
-0.04338821
0.02695126
-0.00444903
-0.42115918
-0.34737015
0.10885852
-0.05078712
-0.34893835
-0.13868006
-0.02723482
-0.30787203
0.05421678
-0.14923243
-0.01222783
0.02669501
0.10358466
-0.03390832
-0.02534800
0.03561494
-0.07769424
-0.04682243
0.03325789
0.04266106
0.00584369
-0.43118390
-0.42639723
0.01597556
0.14874785
0.09803326
-0.23653778
-0.28496534
0.04085817
-0.09946743
0.01181050
0.04138958
-0.03865961
-0.15575163
-0.18501550
-0.00213976
0.00074100
-0.01999814
-0.82039320
-0.02975609
-0.05676463
-0.08834243
-0.61549437
-0.02354731
-0.14724971
-0.31225041
0.23953794
-0.21095112
-0.25922301
-0.16274370
-0.53024244
-0.00910922
-0.51831651
0.06653364
-0.04309937
-0.11124084
0.16538177
-0.05898160
-0.06021246
0.04100657
-0.06832185
-0.03175410
-0.14299090
-0.05645699
-0.13222842
-0.40958247
-0.38212562
0.10299959
-0.02798561
0.01723819
-0.07967735
-0.48627618
-0.20574190
-0.08353005
-0.09019855
-0.08258229
-0.04345086
-0.20562521
0.04178267
-0.19127582
-0.04522151
0.06375516
-0.03858202
0.44305167
-0.01344934
-0.13556525
-0.27633798
0.29097074
-0.04759364
0.06020586
0.03851430
-0.07652256
0.02950822
0.00298361
0.03407623
-0.05412278
0.00891210
-0.27601984
-0.03439184
-0.11845600
0.04835315
-0.08660123
-0.07694473
0.06649369
-0.22493339
-0.15540625
-0.36862695
0.00136261
-0.15147196
0.04589437
0.02375466
0.11200241
0.01537961
-0.45132035
0.00713941
0.02357564
-0.15302871
0.09621565
-0.24498649
-0.14015748
-0.32612786
-0.02416361
0.03507462
-0.01314181
0.02922085
0.02644019
-0.03142073
-0.09156743
0.00568787
-0.08564974
-0.54930580
-0.18765749
-0.09383956
0.07235027
-0.01799005
-0.01395388
-0.25419080
0.10232279
-0.00299413
0.11239301
-0.10452373
-0.12341965
-0.06712899
0.21616124
0.01878224
-0.27121273
-0.00180493
0.02144727
-0.25800830
-0.18049705
-0.06893421
-0.37873986
-0.06661846
0.03456717
-0.26526272
-0.02272363
-0.03125336
0.00485198
0.10509170
0.43137518
0.00682245
-0.04194653
0.13742545
-0.10778259
-0.16106197
0.02631131
0.00144269
-0.13162300
-0.01425627
-0.13412890
-0.23618041
-0.68660074
0.32308346
0.15219650
-0.14517015
-0.10044140
-0.02092034
-0.02342871
0.00720425
0.21485396
-0.24720933
0.02983970
-0.33173767
-0.08704591
-0.15082520
-0.67118716
-0.19183753
0.05328259
-0.05270262
-0.01853427
-0.00389765
-0.15486303
0.48974058
0.45022988
0.02410931
-0.09205104
0.00574769
-0.07436042
0.03544078
-0.25474045
0.17590943
-0.16232917
0.26922321
0.05232903
-0.03653643
-0.19534029
-0.04468681
-0.21130744
0.04333910
-0.22906399
-0.09810586
0.11166392
0.11306515
-0.06979378
-0.07878464
0.07502063
0.06017721
-0.15922716
-0.20440997
-0.19240014
-0.12117446
0.02745969
-0.07636403
-0.47360677
-0.02903054
0.07308451
-0.07086167
-0.19875988
-0.40492937
0.05995256
0.02503838
-0.41058707
0.01156813
-0.48253450
0.00255103
-0.18114360
-0.07430708
-0.06386483
0.00810555
-0.11082041
0.17284775
-0.17523426
-0.07965378
0.34543118
-0.00036201
-0.07015809
-0.17168130
0.05836756
-0.33343598
-0.11990239
0.01866080
-0.02520356
-0.44854379
0.00289010
0.08137525
-0.04204727
-0.11361935
0.00846495
0.30062395
0.02208432
0.14561121
-0.36215460
-0.11090543
-0.49053827
0.00003973
-0.09907264
-0.21149996
-0.09401301
-0.03370816
0.16269220
0.14986999
-0.10520469
-0.02801173
-0.02753185
-0.19107890
-0.36170295
-0.01637547
-0.51597559
-0.19108148
-0.04226248
-0.38989013
-0.01275082
0.17492178
0.05117312
-0.04245438
-0.32344285
-0.01223499
0.09487790
-0.05259296
-0.18237694
0.02372753
-0.03514868
0.04078112
-0.07748222
-0.31532881
-0.02663146
-0.05681728
-0.08760231
-0.23472629
-0.20435205
-0.00238655
0.01224275
-0.08931784
-0.16151118
-0.49264279
-0.40884539
-0.28083801
-0.05010585
-0.16946544
-0.15556420
-0.01674990
-0.31910694
-0.07492696
0.00706195
0.00559193
-0.05496432
-0.07302749
-0.33164126
-0.26616687
-0.22072533
-0.25434199
-0.05555551
-0.30583152
-0.11297846
-0.00908586
-0.03770952
-0.34250727
-0.00125772
-0.10333826
0.07764411
-0.02119620
-0.05285354
-0.01183705
-0.37824452
-0.02963964
0.03087101
-0.09389462
-0.03771733
-0.04726455
-0.00657084
-0.02378779
-0.11512082
-0.09359079
-0.14568213
-0.05372557
-0.01815107
0.00643120
-0.00561104
-0.02482687
-0.05833872
0.00220976
-0.06626779
0.23893544
-0.05099923
0.03445595
0.10174911
0.02429757
0.12894031
-0.03194163
0.12889707
0.23837067
-0.09163641
-0.15888685
-0.22012562
-0.04824171
-0.05640838
0.08455697
-0.29779154
-0.01201534
-0.33446822
-0.09412407
-0.05218244
-0.21216895
-0.10518026
-0.15079108
-0.11254458
-0.70331842
-0.07783408
-0.02004878
-0.05228711
-0.35717207
-0.00979261
0.03104670
-0.04089796
-0.06164217
-0.02749809
-0.39951080
-0.34171653
-0.08894268
-0.04985907
0.02337772
-0.08029748
-0.33937138
-0.05494598
-0.00889649
0.01521504
0.01901732
-0.06169267
-0.35546607
-0.11422108
0.02140004
0.01905775
-0.05580324
-0.17493512
-0.11429401
-0.16635245
-0.24760976
-0.24861424
-0.23864204
-0.04279900
-0.08231029
0.04753620
0.12377913
0.02218657
-0.13249737
-0.16846873
0.04054460
-0.15006043
-0.00867838
0.01765358
-0.12633187
0.00103388
-0.01747978
0.00560251
-0.02096282
-0.22995034
-0.29282537
-0.20152609
-0.02927959
-0.26845229
0.13116777
-0.04077560
-0.08866575
0.00585652
0.06675256
0.04975639
0.13646527
0.01536640
-0.18282640
-0.13098514
-0.25008661
-0.19197559
-0.03578318
-0.14122204
0.01523830
-0.03162507
0.01473416
0.04583956
-0.08178970
-0.43255287
-0.11968496
-0.03382302
-0.14892210
-0.08516107
-0.02852328
-0.10386860
-0.07317902
-0.07896717
-0.09212613
-0.48278058
-0.05289989
-0.04199833
-0.05256644
-0.20191503
-0.08566222
-0.21522224
-0.05226580
-0.03169952
-0.59133023
-0.28387082
-0.04913448
0.02974678
-0.13881533
-0.60014451
-0.12939732
-0.15537584
-0.03797180
-0.07912455
0.09993988
-0.08466963
-0.04612189
0.02008493
0.00006059
-0.06874159
0.02616764
-0.14844242
0.01218963
-0.22147599
-0.10909775
-0.16534853
-0.06507318
0.01087836
-0.05489377
0.02873249
-0.02261417
-0.24078515
0.01533119
-0.20139568
-0.05356801
-0.18081169
-0.01058802
-0.48694617
-0.07633920
0.01090222
0.08843784
-0.03761676
-0.13749555
0.05275023
-0.16880369
-0.14074434
0.05185557
-0.02903118
-0.17176244
-0.32609087
-0.10889497
0.07947369
-0.00553264
-0.19996722
-0.52663249
-0.17713532
-0.04672021
-0.07466501
-0.20548056
-0.02012478
-0.08131920
-0.10055083
0.07255941
0.02181791
-0.04313757
0.04238174
-0.02786388
0.11851364
-0.04956707
-0.20003480
-0.13447276
0.01713067
-0.29703161
-0.05455763
0.00411966
-0.10820190
0.05127013
0.11267684
0.02201486
-0.00502535
0.02073475
-0.20327143
-0.08372159
-0.03910083
-0.12270092
-0.00001716
-0.19354150
-0.08216520
0.02628434
-0.36194578
-0.47301373
-0.30712551
0.00293901
-0.08280209
-0.01735622
-0.17465641
0.09025778
-0.09160546
-0.16142116
-0.03829803
-0.25894713
-0.14192940
-0.01725909
-0.20757391
0.00634221
-0.16476348
-0.14587815
-0.01860952
0.08371911
-0.34483665
-0.33555406
-0.04161733
-0.13097702
-0.09489913
-0.32978576
-0.09800275
0.03939516
-0.03580820
-0.01148522
-0.00491946
0.11769912
-0.09733471
-0.00453414
-0.02095836
-0.20035107
-0.15076885
-0.07336883
-0.14402309
-0.12039226
-0.06519719
-0.00995885
0.05933713
0.08631369
-0.02693126
-0.31229472
-0.01755346
-0.13136561
-0.02659534
0.01725860
-0.31756815
-0.07513419
-0.07152304
-0.08705395
-0.08268026
0.03134196
0.01968116
0.05818233
0.03214458
-0.00326957
-0.11718463
-0.06785249
-0.02841096
-0.21975894
-0.34193259
-0.06490851
-0.15570103
-0.17480136
-0.03826386
-0.13421728
-0.14759876
-0.04326795
-0.24427205
0.06169538
-0.02039650
-0.15272783
-0.07632707
0.08170196
-0.04589823
-0.48013335
-0.14005628
-0.03798977
0.04513936
-0.23072398
0.10235579
-0.01625623
-0.07414330
-0.12869455
-0.04067356
-0.21601544
0.01933643
-0.09275861
0.01009262
-0.02632773
-0.09770522
0.07478099
-0.04025209
-0.12106204
0.04765969
0.30873764
0.05146888
-0.05242985
-0.01769733
-0.08658276
-0.22094394
-0.04968153
-0.13414876
-0.00613869
-0.45000502
-0.11305187
-0.17905749
-0.09726327
0.02889625
-0.05539852
0.11572038
0.03772184
-0.01833991
0.01166860
-0.08973671
0.02584849
-0.35614488
-0.12420431
-0.23359667
-0.35505709
-0.03590304
-0.17644857
-0.27302697
0.00711714
-0.11900990
0.28439042
-0.27404523
-0.00885626
-0.02177183
-0.09592728
0.00035738
-0.01662733
-0.02696300
-0.00977371
-0.10532216
-0.25278038
-0.05696240
0.31587186
-0.11972755
-0.26807240
-0.37955868
-0.15671796
-0.02812954
-0.04742424
0.05248320
-0.02181328
-0.08724375
0.05763024
-0.32139677
-0.11803939
-0.02956504
0.00816495
-0.19010356
0.03369754
-0.67037010
-0.02607642
0.01084101
0.05823946
-0.22491740
0.19693834
0.01537144
0.12061983
-0.10686237
-0.08137413
-0.07468599
-0.00060703
-0.22183506
-0.09612063
0.01315379
-0.24517268
-0.04172844
-0.19255136
-0.42402342
-0.20310347
-0.16404207
-0.03950102
-0.10643970
-0.05138520
-0.41836870
0.01118138
-0.16622619
0.01478617
-0.11498928
-0.15945330
-0.11318671
-0.05656724
0.09214564
-0.08047775
-0.17667153
-0.11618326
-0.04459892
-0.01590648
0.05676844
0.00854941
-0.31438547
0.00813102
-0.37306711
-0.05134593
0.06162838
-0.17789678
-0.29504499
-0.10264017
0.04016461
-0.29639584
0.05628331
-0.05905421
-0.27111998
-0.13613497
-0.03997516
-0.12153741
-0.02176873
-0.19207276
-0.15417404
-0.00906941
-0.02757363
-0.12871522
-0.08634513
-0.14228055
-0.28304514
0.01880926
-0.07387161
0.00374983
-0.01485342
0.02240270
-0.18786308
-0.06541678
0.02247654
0.22145090
0.01029437
-0.06416456
-0.39916962
0.00268368
-0.65634304
-0.13274042
0.02885553
0.08893734
0.15262681
0.08792543
-0.18980961
-0.08939829
-0.11831915
0.04747741
-0.05806517
-0.09816680
-0.17983772
-0.13042618
-0.04177616
0.01244072
0.09983089
-0.00923788
-0.02391412
-0.05165467
0.35608101
-0.29016694
-0.52267045
-0.21509884
-0.17608203
-0.31029460
-0.28983861
-0.06029786
-0.42381188
-0.40414187
-0.01798885
-0.15504032
-0.35605857
0.03633626
0.06621740
0.01475607
-0.28856984
-0.12259050
0.00470872
-0.02233616
-0.57828897
-0.35104203
0.17384185
-0.16120414
0.37217703
-0.32255328
-0.12712595
-0.03355730
0.01131077
0.03357500
-0.08307154
-0.11494386
-0.05662749
-0.01094745
-0.31312853
0.06480483
-1.01879323
0.06328009
-0.11492651
0.17790356
-0.01027424
-0.00111281
-0.23559439
-0.10967197
-0.25241932
0.05678971
-0.20427339
0.76574099
-0.01337287
0.03745519
-0.27868977
-0.10146382
-0.24714880
0.04197494
0.00856552
-0.42482316
-0.14526701
0.08995871
-0.04646703
0.02883761
-0.15593193
-0.17997003
-0.17213210
-0.69777250
-0.10136785
-0.07037095
-0.15728049
-0.51838213
-0.06669484
-0.19574709
-0.23922996
0.04856042
0.13544305
-0.25949335
0.00710595
-0.65442312
0.03611349
-0.25596589
-0.19121832
-0.56590194
-0.30760971
0.06014680
0.02671390
-0.15993655
-0.04360357
0.00681466
-0.11251225
0.14752865
-0.18065830
-0.26846400
-0.21071227
-0.09593648
-0.05719935
-0.01223685
-0.03067097
-0.10885976
0.01186432
0.00994688
-0.04467889
0.01127407
-0.17897435
-0.32061434
-0.14853607
-0.12463126
-0.33963695
0.09298388
-0.61222523
-0.00523022
-0.28444326
0.09762917
-0.34954092
0.00333506
-0.02733715
0.19035344
0.10635217
0.04029471
-0.18878140
-0.17602696
-0.04732650
0.02752826
-0.26862857
-0.00641491
-0.25080669
0.22451095
0.00914283
-0.22634523
-0.45577192
0.03805769
-0.51435399
-0.37871817
-0.28150079
-0.10559370
-0.10209577
-0.34807527
0.04458469
-0.07643726
-0.10372662
-0.01830498
-0.10980712
-0.37381694
-0.13324139
-0.17893541
-0.23153070
-0.32540551
-0.03842889
-0.07684467
-0.09518237
-0.06564926
-0.03355981
-0.06961358
0.05808572
-0.03315758
-0.53871614
-0.56704408
0.01323246
-0.12006374
-0.23269054
-0.02465601
-0.02800226
0.02761515
-0.09331412
-0.13791797
-0.26216871
-0.08421094
0.01150108
-0.15436040
-0.00249779
0.10460482
-0.43265894
0.44479111
-0.07875848
-0.16596884
-0.21555299
-0.11433005
-0.03540919
-0.02518042
-0.21016693
-0.15374778
1.24901366
-0.08655829
-0.18857360
-0.10655341
-0.49683538
-0.02159722
-0.13189146
-0.10664894
0.00468850
-0.00675288
0.11924230
-0.02547958
-0.17410380
-0.14441773
-0.44149435
-0.06425368
-0.18548867
0.07819733
-0.09367567
0.15035313
0.24115853
-0.17241514
-0.43827823
0.06019384
-0.32781526
-0.12885658
-0.38110650
-0.01504837
0.06228094
-0.27595770
-0.02257002
-0.05589911
-0.16057436
-0.19776557
0.51903129
-0.06333223
-0.10640001
-0.35640761
-0.33583260
-0.07715979
-0.08385269
-0.27319279
-0.54768384
-0.12999581
-0.30400541
-0.06582263
0.15088360
-0.38303110
0.02523522
-0.05260143
-0.36588946
-0.03028462
-0.14312604
-0.05538399
0.06378517
-0.18893656
-0.33488244
0.12972534
-0.56338334
-0.51076925
0.03805131
-0.83175236
-0.65960020
-0.21688472
-0.22043510
-0.27870500
-0.21417345
-0.00117278
-0.09377269
-0.18182003
-0.15777597
-0.24768569
-0.02497786
-0.16315445
0.18188480
-0.80245602
-0.27821973
-0.03322603
-0.41016144
-0.43220958
-0.18146944
-0.04620291
-0.36710709
-0.08576591
-0.05038141
-0.08117671
-0.22472531
-0.29734364
0.00332378
-0.25460598
-0.12160686
0.01423639
0.00762045
-0.03470246
-0.28036579
0.00248440
-0.17244561
0.01029671
0.02655205
-0.14849390
-0.20367706
-0.03714510
-0.47204429
-0.14476524
0.07706077
-0.01161143
0.08114204
-0.00401959
0.01635922
0.12364922
0.01436183
0.01464083
-0.07402246
-0.08709151
-0.57754433
-0.03522540
-0.18235452
0.00375246
0.02828667
0.03614656
-0.13547730
0.10031457
0.07802235
-0.38070670
-0.10302800
0.24894807
0.03561095
0.01542553
-0.15575409
0.00442396
0.01180241
0.07324486
-0.03467335
-0.08103999
-0.00912554
-0.04218628
-0.03919667
-0.00940565
0.02035864
-0.17795023
-0.00654078
-0.11763698
-0.06338792
-0.12833622
-0.05110271
-0.21661703
-0.03921685
-0.02640839
-0.06940319
-0.06018332
-0.38361099
-0.20644601
0.03831925
0.01420479
-0.06984658
-0.02611038
-0.27883527
-0.46529090
-0.22292289
-0.04825354
-0.01176423
-0.19270730
0.05329482
0.01794665
-0.10185134
-0.03098822
-0.06753601
-0.04641438
-0.04202750
-0.04891137
0.03843265
0.03376580
-0.04143069
-0.44270623
-0.04880050
-0.09215928
-0.16028967
-0.08457629
-0.07748386
-0.08961370
-0.14913963
-0.06424617
-0.51790661
-0.13862382
-0.11220282
0.01852334
-0.08102623
-0.11868118
-0.00090609
-0.20955238
0.01412640
-0.08961408
0.01166201
0.03612581
-0.04347911
-0.00756449
-0.18429686
0.00521758
-0.25618771
-0.00048188
-0.01123564
0.27136037
-0.08480217
-0.10677189
-0.38399664
-0.01943712
-0.35223463
-0.07592905
-0.01857853
0.04938442
0.01087263
-0.22369607
-0.08201078
0.03879610
0.00298164
0.01176564
-0.13485092
-0.03707279
-0.13571148
-0.30091202
-0.02344844
-0.07642929
-0.20408082
-0.10386281
-0.03901290
0.02620469
0.03195452
-0.04040975
-0.03882937
-0.16085021
-0.26548433
-0.38473058
0.00154917
-0.01182344
-0.11961351
-0.11629469
-0.16156088
0.01329607
-0.20590484
-0.11705372
-0.11041179
0.00053159
-0.00691917
-0.06166713
-0.07530291
-0.04204986
-0.48725623
0.00272775
-0.16352642
-0.19687083
-0.32326454
-0.07074135
-0.01367859
-0.38167953
-0.30531439
-0.68827611
-0.47746930
-0.04360738
-0.02468271
0.02097358
-0.08454687
0.05680294
-0.29805294
-0.09997123
-0.05997119
0.00294054
-0.07340494
0.01433562
-0.01747032
-0.16872936
-0.04595020
-0.20961305
-0.11637598
0.03191779
-0.04560983
-0.03350929
-0.99244744
-0.14728570
0.10539196
-0.00017503
-0.21230181
-0.09786042
0.03239612
-0.19668588
0.08964877
-0.08187501
0.10972502
0.06634939
-0.51147646
0.05394586
-0.14967211
-0.04904363
0.01251369
-0.08856399
-0.27473018
-0.02732269
0.04775069
-0.11658397
-0.37545088
-0.03759830
-0.14229207
0.00362039
-0.06497717
-0.01581676
0.07988185
0.02125708
0.10882664
-0.10387751
0.01759624
-0.02927891
0.01172074
-0.13136411
-0.18661320
-0.07069453
-0.40097335
0.02828221
0.03264145
-0.76694047
-0.40890378
-0.11596633
-0.26821858
-0.05005200
-0.11978970
-0.02781618
0.23632395
0.08907602
-0.48571700
-0.26547465
0.03223426
-0.06296173
0.29292014
-0.24304323
-0.15721673
0.03605147
-0.25711080
-0.26262859
-0.17537397
-0.04590042
-0.26549625
-0.07154352
0.34335756
-0.01954282
-0.18765780
0.04852538
-0.02784426
-0.38724104
-0.16379151
-0.05754706
-0.14643513
0.00512160
-0.31930870
-0.09878052
-0.01147273
-0.00263298
-0.21710484
-0.22545409
0.03517164
-0.11188614
-0.05045841
-0.07943808
-0.04636559
-0.00702519
0.12145080
-0.18556738
-0.03748085
-0.06133376
-0.09889555
-0.00735993
-0.20448445
-0.03691765
-0.32446313
0.05789445
-0.01040132
-0.13523498
-0.01098849
0.02795550
-0.22904785
-0.08554184
-0.16732323
0.12090417
-0.15085654
-0.21611622
-0.04833341
-0.04845605
-0.15188669
0.02039971
-0.12532800
-0.08760896
0.03268929
-0.13195492
-0.02802867
-0.02375478
0.09482045
-0.08076739
-0.02907831
0.05029777
0.04908805
0.19548509
-0.04966164
-0.01127622
-0.07828046
-0.04645782
0.04138468
0.13456678
-0.23579800
0.01771698
-0.51807153
-0.29283327
0.17604159
0.11152638
-0.16102083
-0.03210397
0.00490100
-0.16195370
-0.36353070
-0.07603479
0.01239295
-0.16252126
0.01516261
-0.00732366
0.04637917
0.02558095
-0.03426062
-0.36178699
-0.04361925
0.00981386
0.01147681
0.03426292
-0.03790948
-0.07042329
-0.01912667
0.02151511
-0.03645041
-0.08625223
-0.09726057
-0.10493087
-0.23713619
-0.09107802
0.12504698
-0.07818276
-0.03997489
0.03679245
-0.33492944
-0.25611240
-0.11908016
-0.16002090
-0.07999144
0.20169550
-0.04718766
-0.03647991
-0.25521779
0.20473953
-0.01155590
0.01162052
-0.25714114
-0.01326454
-0.16515568
-0.12221701
0.02207102
-0.12176347
-0.13775954
-0.02126104
-0.09512037
-0.04948005
-0.19890563
-0.12522495
-0.05842396
-0.17669372
-0.04793694
-0.00552891
-0.03569819
0.06827442
0.20532835
-0.05547463
-0.08595349
-0.28653815
-0.17199950
-0.10061446
-0.14876929
-0.12457670
-0.11935904
0.02858782
-0.01983735
0.02030086
-0.03016488
-0.07957049
-0.08711887
-0.15945719
0.01570263
0.03134894
-0.21624745
0.02254054
-0.04004927
0.00138575
-0.12952517
-0.06205826
-0.05125672
-0.06056382
-0.00282429
-0.06025841
-0.04679564
-0.04586105
-0.05084714
-0.09839824
-0.01948612
-0.05576132
-0.06200459
-0.18385586
-0.00058203
0.10707066
-0.01027314
0.05629604
-0.12777174
0.01738144
-0.06234529
-0.03880149
-0.11847628
0.02094595
-0.06852519
0.04653123
0.11564895
-0.17262639
-0.00348329
0.02513440
-0.28239974
-0.07968795
0.02559923
-0.03829469
-0.07632922
-0.03427912
-0.03479736
0.21735626
-0.54301739
-0.03622434
-0.39067122
-0.01633515
-0.15894301
-0.02235607
-0.41092235
-0.10865489
0.05064027
-0.11971565
0.02053323
-0.03870785
-0.04635451
-0.29497108
-0.16627657
-0.01392981
0.00813488
-0.07052585
0.07677023
0.01360722
0.03045262
-0.01136089
-0.18168202
-0.08570004
-0.04431216
0.00795171
0.02983451
-0.24713683
-0.04855172
0.02875056
-0.22348908
-0.06226735
0.05858476
-0.04758552
-0.00633978
-0.16334304
-0.13517092
0.04335744
0.01954105
-0.10365145
0.02393970
-0.55258858
-0.35181129
-0.12026866
-0.27907708
-0.04552391
0.16362117
0.05094701
-0.07556911
-0.00664917
-0.23352566
-0.18621100
-0.05612188
-0.03786031
-0.01113033
-0.26684961
-0.06721933
-0.01116533
-0.10574917
-0.17654864
-0.36749810
-0.06996910
-0.42332244
0.00038783
-0.02408122
-0.34305152
-0.49179134
-0.28327250
0.03285281
-0.08406790
-0.30941430
0.01389743
0.14637631
-0.04457888
-0.08224367
-0.03951143
0.02864458
-0.02079877
-0.01041508
-0.33069116
-0.01318377
-0.37206197
-0.42145827
-0.10859431
-0.02543376
-0.01589895
-0.06670532
-0.13102265
-0.07482143
-0.04651420
0.01212357
-0.06941842
-0.13115633
-0.04486359
-0.15733102
0.01959672
0.02149890
0.05330613
0.02884189
-0.02785736
0.00472495
-0.00466819
-0.05113287
-0.11276731
-0.06584390
-0.01818114
-0.04151720
-0.04312175
-0.09113029
-0.06253678
0.04158089
0.02004791
-0.01065484
-0.17009290
-0.04357807
-0.16061170
-0.02717273
0.06747986
0.00130845
-0.05944788
0.03587047
0.08299560
0.01228282
-0.19653723
-0.00007389
-0.36902076
-0.00336371
-0.18935932
-0.05813926
0.02730266
0.04986494
-0.05151759
-0.00161888
-0.17029150
0.04038909
-0.02187011
-0.26536566
-0.07954562
-0.10438294
0.02969408
0.04142429
-0.11234392
0.02191735
0.02293138
-0.05413620
-0.00819770
-0.06820060
-0.27768800
-0.36135593
-0.11440381
0.01562507
0.03392540
-0.09351493
-0.22649671
-0.06048407
0.03931100
-0.05538426
-0.05012308
-0.09631547
-0.09061188
-0.06755651
0.04273238
-0.14554450
0.01337462
0.04685673
-0.17551619
0.04510982
-0.27006131
-0.23478492
-0.08748604
0.03792403
-0.04853636
-0.03703241
0.03321707
-0.13285409
-0.05214644
0.01802904
0.02562610
-0.04844352
-0.05119462
-0.06189534
-0.08585221
-0.03442823
-0.31591997
-0.26531243
-0.03429174
0.23037928
-0.40604413
-0.33898541
-0.02001340
0.03553765
0.04571214
-0.07876322
-0.04242070
-0.00929149
-0.06179610
-0.07371711
-0.07372743
-0.00815088
-0.00513356
-0.11797898
0.03951877
-0.11585746
-0.11047623
-0.16153760
-0.01177964
-0.00963269
-0.01299533
0.00747164
-0.22857037
-0.18187422
-0.44233090
-0.10271668
0.02247005
-0.26197651
0.12984085
-0.25014833
-0.03637834
-0.02479019
0.01989335
-0.19640256
0.03005848
-0.06356474
-0.04036937
-0.18007877
0.01706582
-0.21623190
-0.18860821
-0.06972943
-0.10231678
-0.14384955
-0.02997222
0.03927737
-0.04280638
-0.55925918
0.07880811
0.34028363
-0.03104489
0.01291916
-0.05571651
-0.15833068
-0.05349156
0.01374025
-0.03069417
-0.03016001
0.12885804
-0.03649649
0.03819933
-0.22736882
-0.06771641
-0.03429130
0.00411069
-0.06139312
-0.03635291
0.01443289
-0.19711728
0.05037178
-0.06166119
-0.09109472
-0.05566506
-0.03795164
-0.03109064
-0.21582837
0.03164206
0.02995323
0.15683201
-0.02442145
-0.02087954
0.04226667
-0.20104229
0.01080086
0.05709729
-0.00654525
0.27892306
-0.12949096
0.06934471
0.02801116
-0.08307794
-0.03782395
-0.02730019
-0.21082985
-0.01169272
-0.08294316
-0.04284288
-0.00598042
0.05891884
-0.07232136
-0.10837679
0.01442053
-0.06578363
0.00998931
-0.33795163
-0.04363605
-0.04990097
-0.02291865
-0.20160380
0.04723052
-0.04982563
-0.25937817
0.10242022
-0.06048484
-0.00221971
-0.08523269
0.00216926
-0.02728587
-0.03645531
0.17037271
-0.13739140
-0.10726502
0.03769763
-0.08464450
-0.24862792
-0.08828282
0.01072728
-0.19917902
-0.34591869
0.20637040
-0.02588379
-0.21878348
0.00729720
-0.16197439
-0.09241343
-0.07708256
-0.05948662
-0.00840075
-0.16901755
-0.13458365
-0.00986868
-0.11193965
-0.04765707
-0.15632282
-0.02361942
-0.08511470
0.03620340
-0.23122531
-0.14795554
-0.12109023
0.00046863
-0.03803994
-0.14368516
-0.03558686
-0.02686243
0.01543149
0.16389373
-0.00043591
0.06150337
0.03756060
0.04144504
-0.12259908
-0.13130558
-0.39267653
0.03086803
0.03469266
0.07212741
-0.04458242
0.04498766
-0.03750913
-0.06722417
-0.05451186
-0.01864217
-0.12184756
-0.07147449
0.05791719
-0.08002964
-0.05675321
-0.06248135
-0.14188489
-0.00179069
-0.01818614
-0.08305234
-0.01158160
0.00130306
0.00059891
0.03563146
-0.05670799
-0.00045926
0.01796027
-0.14495212
-0.01324556
0.00685448
-0.14337029
-0.15748112
-0.05101161
-0.06380929
-0.09315702
-0.01368020
-0.02772274
0.02014033
-0.02132034
-0.25782850
-0.05758197
-0.01637207
0.02574525
-0.16676074
-0.23364691
-0.04272934
0.05703234
-0.06551612
-0.05333409
-0.04004637
-0.01411044
0.09510189
-0.04670864
-0.10700117
-0.09158287
-0.07998462
-0.03643860
0.03647865
-0.03924408
-0.09918854
-0.00989223
0.01899825
-0.04680006
-0.14614254
-0.14134742
0.01893163
-0.13732283
-0.04440978
-0.19474846
0.01007379
-0.00828277
0.02730256
0.00533429
-0.05075444
-0.05343739
-0.02985593
0.02712605
0.02266345
-0.06796060
-0.01667453
0.16150427
-0.15584080
-0.05052889
-0.03327809
-0.23971140
-0.17487186
-0.14615647
0.01354063
-0.15267143
-0.07657852
-0.03595589
-0.00562171
-0.10479041
0.00658135
-0.06438714
-0.06451992
-0.23455544
-0.14008860
-0.03491785
-0.07357164
-0.03321360
-0.00210427
0.10136817
0.05266065
-0.10690492
-0.02770397
-0.06988855
-0.00090664
-0.17741129
-0.04136824
-0.10541157
-0.00112473
0.02306577
-0.04377910
-0.07995375
-0.08750995
-0.19066912
-0.08738215
0.05184076
-0.09215388
-0.02092067
-0.02041832
-0.19538000
0.00427769
-0.04532668
-0.01509570
-0.07211586
0.00393228
-0.03219919
-0.00376359
0.00343852
-0.04661151
-0.11619687
-0.43770519
-0.18042566
-0.03942978
-0.17207447
0.00982246
0.00673370
-0.17666443
-0.11744097
0.04697894
-0.07667626
0.01723444
-0.04518905
0.00708171
0.06115045
-0.02068264
-0.07405461
-0.04819189
0.04172564
-0.02399487
-0.08700188
0.02696138
-0.05259300
-0.16985287
-0.05362317
-0.06614938
-0.01459602
-0.03283009
-0.02820302
-0.13711448
-0.09267771
-0.02966303
-0.17675458
0.00525919
-0.09326651
-0.05404757
-0.13313761
-0.04172344
0.01476753
-0.10492262
0.02016719
-0.07363275
-0.07362846
-0.12227612
-0.09275620
-0.06016033
-0.07872686
-0.12146193
-0.12284903
-0.09129734
0.02346800
0.01895831
-0.22215535
-0.11315972
-0.09972882
-0.00040046
-0.10943418
-0.07903241
-0.07946783
-0.07184187
-0.08775123
-0.05773323
0.02780336
-0.06962017
-0.01203191
-0.06627992
-0.10473890
-0.06736832
-0.28796667
-0.12724257
0.01374720
-0.52847230
-0.01158870
-0.01302658
0.02077915
-0.10205953
0.05334138
-0.02361044
0.07356390
-0.03398728
-0.06204859
-0.26109847
-0.00739904
-0.00542231
0.01212864
-0.16146550
0.02518857
-0.04996777
-0.11178910
-0.10748198
-0.13573650
-0.00773265
0.24014172
-0.13837041
0.02250561
-0.72732383
-0.72951728
0.00398988
-0.03711918
-0.12047797
0.46408808
0.00680773
-1.07015729
0.06763352
-0.28173009
-0.05209665
-0.05073414
0.05705932
-0.07024687
-0.57025462
0.10553868
0.00852887
-0.23571351
-0.25867680
-0.07059793
-0.01513390
-0.04645512
0.08309799
-0.15104944
0.13528170
-0.03510289
0.05322096
-0.24146891
-0.16929069
-0.55261117
0.01903580
-0.08688480
-0.08819243
-0.04933815
-0.05990180
-0.14293920
-0.02031385
0.09369787
-0.40452856
0.00463392
0.63099295
0.06987861
0.02016390
0.08686759
-0.00702662
0.09205364
0.02544136
-0.00682606
-0.03745282
0.04381672
-0.05848649
-0.00997534
0.02233193
-0.10127389
-0.12547979
-0.00973524
-0.24416091
-0.06080203
-0.25129279
-0.24142849
-0.06439290
-0.03671780
0.21458586
-0.08370230
0.07517616
-0.03174006
-0.08015192
0.03809808
-0.34243026
-0.05246699
-0.12948267
-0.07584623
-1.02049494
-0.02467346
0.01906591
-0.01102926
0.02049530
-0.03704818
-0.01167225
-0.07883731
-0.05909880
-0.05040913
-0.55199480
-0.70496571
0.02073220
0.00435931
0.04462501
-0.01983754
0.82657707
0.00043068
-0.06782210
-0.06279027
0.08113043
-0.09521557
-0.15818445
-0.02356383
-0.04049044
-0.06361800
-0.03945427
0.17496976
-0.21370502
-0.25059149
-0.48033088
-0.31976306
0.06611272
-0.10276798
-0.01736413
0.00028082
-0.05817535
0.05917873
-0.07824796
-0.26685315
0.05766488
-0.00425786
-0.12091497
0.07328873
-0.15283194
-0.05921242
-0.33781946
-0.17482369
0.04266518
-0.07130460
-0.13090727
-0.16343959
0.03482725
-0.05072043
-0.22024322
-0.02533204
0.00632766
-0.03862495
-0.00450339
0.00067103
0.03164387
-0.24580723
-0.27132866
0.16963236
-0.00361265
-0.27942070
-0.20388849
-0.14435047
-0.02431487
0.00391189
-0.04563085
0.09463818
-0.27957755
-0.44969028
-0.01898403
-0.06430924
0.01628743
-0.12560928
0.08024326
-0.10934139
-0.06982508
0.16423164
0.05160971
0.22535729
-0.00192240
-0.00674554
-0.08661149
0.02252701
-0.07815536
-0.11093450
-0.14302692
-0.12559076
0.46265042
0.00244628
0.12771736
0.13029613
0.04011942
-0.42338133
-0.05134311
0.12227207
-0.03610947
0.18735735
-0.01143716
-0.25515759
0.03691655
-0.04294220
-0.06628688
0.07460363
-0.05135679
0.01417312
-0.03859816
-0.51827282
-0.22294971
-0.14961551
0.03026234
-0.12588713
-0.04054589
0.01085230
-0.14138649
-0.49007055
-0.04757574
-0.21179093
-0.06122163
-0.27788141
-0.09842196
-0.47740531
-0.05418187
0.03844647
-0.37661186
0.20646776
0.00235947
-0.12316951
0.14949189
-0.11210399
0.06971962
-0.01559157
0.02496534
-0.12679300
-0.09486803
-0.03494155
-0.05659118
-0.20265892
-0.08282503
-0.13777727
-0.00283373
0.01020936
0.08649146
-0.04689349
0.07162571
0.30065343
-0.01812020
0.05598840
-0.02842505
0.00580611
-0.32609621
-0.18608703
0.04184630
-0.13636972
0.47114396
0.05645498
-0.04779217
-0.28773394
-0.25658369
-0.25471869
-0.06349714
-0.21048318
0.05712634
0.05195426
0.10171715
0.01143040
-0.17951234
0.06626458
-0.08058530
-0.00064801
-0.40983659
0.09501673
0.01233588
0.22154535
1.91558373
-0.26925120
0.06284854
-0.73815614
-0.02088115
-0.80728638
-0.27550253
-0.03213404
-0.18733014
0.01492601
-0.19494615
-0.76600289
-0.04540624
-0.92217249
0.11131504
-0.13405362
-0.24886508
0.21927613
-0.10171972
-1.02892315
-0.43362445
0.01293545
-0.16507088
-0.60292542
-0.19461074
-0.14762977
-0.02094331
-0.08511342
-0.03204202
-0.10070916
-0.16750087
-0.09041502
0.00631319
-0.12290262
-0.02307315
-0.46298432
0.03539158
-0.00600742
0.05737783
0.04050032
-0.02866089
0.16558687
-0.08671956
-0.24308868
-0.43948206
-0.23621899
-0.32619354
0.01378667
-0.03700984
-0.14825468
-0.00339622
-0.02007839
0.03081702
-0.04287171
-0.18147883
-0.04178391
0.13065699
-0.01500012
-0.19913542
0.18473679
0.00444644
0.06742240
-0.19043629
-0.54471540
-0.11758953
0.25014743
-0.49599272
-0.00381443
-0.49239615
-0.25099626
-0.10644063
-0.61426085
-0.03031438
-0.01113533
0.07467595
-0.11236691
-0.17739238
-0.14498448
-0.55773336
-0.64035314
0.02645594
-0.09698009
-0.33150086
0.02017889
0.02913337
0.31679997
0.03241704
0.03982242
-0.33667508
-0.11959288
-0.11985984
-0.20393124
0.01743825
-0.05892709
-2.04679322
0.04039208
-0.03293037
-0.08780344
-0.21207383
-0.15748581
-0.20971493
-0.07405043
-0.04801910
-0.18878578
-0.16543750
-0.23851761
-0.07444523
-0.02458510
-0.05549821
-0.42409045
0.04983221
0.02640670
0.43384475
-0.01106102
-0.01497953
-0.08408470
0.12961379
-0.02160383
-0.05667301
-0.45087278
-0.28847480
-0.10611356
-0.04310789
-0.00517306
-0.21376900
-1.52561486
-0.00137272
-0.11076328
-0.08560497
-0.18166266
-0.04868353
-0.14301120
0.05707108
0.04560272
-0.04391552
0.10025495
0.09365996
0.10481466
-0.12860987
-0.05402458
-0.18546410
-0.11351212
0.05503305
-0.30844072
-0.20223628
-0.06832482
0.09410568
-0.02197208
-0.01640059
0.07585727
0.44941491
-0.29282549
-0.31538033
-0.05172495
-0.04331343
0.06168412
0.01376454
-0.01415804
-0.09075626
-0.20820944
-0.01784782
-0.13275382
-0.01746636
0.04332959
-0.09084775
-0.16188230
-0.15197295
0.25312227
-0.51102751
0.01226574
-0.25950071
-0.49928227
-0.13765931
-0.05698130
-0.02146743
-0.39459646
-0.23824418
-0.32933900
0.03644236
-0.12218744
-0.11710121
-0.48308998
-0.03380034
-0.16131788
-0.15606363
-0.04770539
-0.25349474
-0.11553954
-0.00392176
-0.32072252
0.01784312
-0.03779135
-0.11507820
-0.21028277
-0.07901692
-0.08700868
-0.01141994
-0.84762514
-0.31028569
-0.33631578
-0.00856965
0.03106983
-0.02325510
-0.16347225
-0.06916902
-0.01853538
-0.23426257
-0.18518949
-0.10116950
0.21700689
-0.58158743
-0.13256906
0.03056296
-0.05026815
-0.57344323
-0.20279132
0.02602880
-0.01169924
0.28353453
-0.20674802
-0.35418758
-0.37080869
0.06794792
-0.00244636
-0.27444151
-0.03885964
-0.03257851
-0.08830778
-0.21677025
0.05218366
0.04380284
0.02041018
-0.17368652
0.26855916
0.06118758
-0.68552482
-0.50214630
-0.03233929
0.03684237
-0.13917783
0.08633927
-0.14156649
0.04934641
-0.22913964
-0.04965648
-0.07940630
-0.09757741
-0.14552270
0.02746734
-0.04138954
-0.04330522
-0.14789669
-1.02312434
-0.20693187
-0.01111764
-0.24201185
-0.95121938
0.00167015
-0.02131810
-0.13716468
-0.10644832
-0.26081300
-0.15809442
-0.00600255
-0.01305392
0.04687878
-0.05364422
-0.13888168
-0.04182480
0.00177517
0.03542282
-0.38130540
-0.09295603
0.14270248
-0.06781064
-0.18481588
-0.08362539
-0.01220743
-0.04388421
-0.15002288
-0.11249907
-0.13853504
-0.02780367
0.00004405
0.12820765
-0.09935039
-0.05463228
0.07721847
-0.01589188
-0.12390662
-0.05888031
-0.15132505
0.03568998
-0.00471672
0.00865030
0.02421212
0.04372310
-0.08134577
-0.01085998
-0.11208368
-0.09564985
-0.12156453
-0.32858387
-0.02693418
0.03714113
-0.10766462
0.05721511
-0.11529066
-0.00162621
0.01307100
-0.30790713
-0.02608682
0.01018866
-0.01890727
0.12257807
-0.06872305
0.01038450
0.00454454
-0.11465060
-0.10772223
0.00837599
0.02448686
0.01768427
-0.01811745
-0.19547395
-0.07382479
-0.01135395
0.08949564
-0.02787859
0.00624827
-0.10225237
0.03236246
-0.04250485
0.12515894
-0.24220103
-0.08823005
-0.05867016
-0.01732521
0.19723494
0.00971331
0.00867975
0.05899847
-0.06639414
-0.00554534
-0.19242731
-0.17195429
-0.04546788
-0.01313649
0.01893503
-0.05821382
-0.09186342
0.03463924
-0.06742399
0.15046678
0.02719248
-0.07875243
-0.04789226
-0.03706479
0.04473859
-0.32018238
-0.02439940
-0.25351584
-0.14000453
-0.12426130
-0.01952017
-0.25964880
-0.05480538
0.01741973
0.24105912
-0.01894146
-0.06934633
-0.06879465
-0.03101341
-0.00225516
0.03676877
0.02330031
-0.01446016
-0.05292842
-0.22201297
-0.00611759
-0.16882837
-0.15243885
0.03298363
-0.06732397
0.08470745
-0.15907502
0.13259752
0.02682947
-0.01892476
-0.05690002
-0.00859073
0.01912691
-0.04713951
0.03630688
-0.04979029
-0.01899846
-0.06609482
-0.17368504
-0.05076824
-0.36199501
-0.06348320
-0.05003344
-0.00013932
-0.02312141
-0.04598672
0.02157903
-0.05525646
-0.01487521
-0.07671234
-0.04192965
-0.06959409
-0.01129916
-0.05239527
-0.16331507
0.18374197
-0.05858139
0.04819256
-0.06427552
-0.02466326
0.01096547
-0.06046278
-0.07260090
-0.04561747
-0.20171106
-0.01168239
0.19531487
-0.19075957
-0.28975722
-0.02538649
0.03619539
0.11016974
-0.29623246
0.05896634
-0.08221870
-0.07897285
-0.11340042
0.01654610
-0.11175678
0.00655551
-0.10071344
-0.03599272
-0.01901903
-0.06173750
-0.05980841
-0.02005045
-0.31061131
-0.04747792
-0.13923626
-0.13141397
-0.16338618
-0.05597095
-0.04984716
-0.13290827
-0.48291343
-0.12390854
-0.08989517
0.06995918
-0.09537585
-0.02165803
0.10539991
0.05048018
0.09311160
-0.11379576
-0.04001247
0.03709963
-0.19111751
-0.09991961
-0.00606857
0.04429219
-0.03528723
-0.28607374
-0.04505873
-0.02007317
-0.00497962
0.06106690
-0.17725854
-0.27355537
-0.20801708
-0.01826210
-0.05364687
-0.14396448
0.01974530
-0.04493502
-0.05738743
-0.02429970
-0.03599450
-0.00917397
-0.02663810
0.01655279
-0.12204883
-0.02344071
-0.46691945
-0.10487724
0.02505608
-0.18874449
-0.09821608
0.08806082
-0.22112876
-0.10133414
-0.17850296
-0.02311982
-0.12240917
-0.05426301
0.03671428
-0.19574612
-0.02592273
-0.01536274
-0.01419790
-0.26489404
-0.10785430
-0.05127677
-0.00019031
0.13840617
-0.23729242
0.09971492
-0.09178943
0.15702192
0.09712545
-0.16312328
0.01298421
-0.19636893
0.00522544
0.00994452
-0.01739588
0.02441913
-0.08637780
0.00902352
-0.20920888
-0.08847955
0.00726111
-0.01294764
-0.13127650
-0.34002635
-0.01957508
-0.12577553
-0.24678952
0.09190347
-0.11946966
-0.03371177
0.07336548
-0.08091566
-0.13370211
-0.08695449
0.04186499
0.03505755
0.01346901
-0.08068297
-0.53319341
-0.01313676
0.03914324
-0.03789942
-0.04961126
0.00817941
-0.06795938
0.03814127
-0.15152323
-0.26416165
-0.21347442
0.04309338
-0.16705553
0.04115288
-0.03931674
-0.00244700
-0.08045354
-0.04557538
0.04118019
-0.22158073
-0.09775767
0.02545676
-0.00780777
-0.06592912
-0.07024133
-0.06601433
-0.03192595
-0.00007459
-0.06714710
-0.03857453
-0.06879326
-0.09975390
0.06326696
-0.07026860
-0.06036114
-0.02313103
-0.33984840
0.03440910
0.04110704
-0.12560451
-0.25465477
-0.06749795
-0.06305512
-0.31373164
-0.52102929
0.00410206
0.06171370
-0.27119264
0.00147227
0.00500415
-0.04697802
0.00972313
-0.02634832
0.03223648
-0.02212959
-0.08754335
-0.11895093
0.03371949
0.01522857
-0.39015621
-0.03472525
-0.07429849
-0.00872283
-0.24525717
-0.07552424
0.10037678
-0.10557363
-0.07316861
-0.11051889
-0.00401478
-0.11459153
-0.00835056
-0.00949716
-0.18702680
0.03609051
-0.12305196
-0.04410075
0.00353375
0.01207621
0.01472927
-0.20921926
0.00502117
0.02603711
-0.00073594
-0.08037268
-0.24622120
-0.23103648
-0.11210871
0.02482918
0.09216411
-0.37589464
0.04549708
-0.01419594
-0.15582445
-0.14427501
-0.04441600
0.03887087
-0.02982676
0.10747129
0.03523183
-0.01478784
-0.04115885
-0.00435602
-0.04754041
-0.11887241
-0.10380227
-0.05652777
-0.06988668
-0.13676399
-0.00317790
0.09014303
0.02281546
-0.04779413
-0.03003821
0.09773584
-0.04377948
0.00353357
-0.18454948
-0.03709696
-0.01336790
-0.29749268
-0.02272030
0.05270683
-0.05549992
-0.04039453
-0.20135665
-0.03839841
0.00857290
-0.04267444
-0.05312421
0.02615258
-0.02342610
-0.06850545
-0.37362900
-0.25935334
-0.04347040
-0.06766848
0.26894632
0.00091327
-0.05666513
-0.24043950
-0.15487696
-0.25191107
-0.05737233
-0.05906089
-0.05462474
-0.10839596
-0.03771092
-0.28438339
-0.01668540
0.01348284
-0.09652384
-0.10317080
-0.03341291
-0.05395992
-0.17005803
-0.17323932
-0.00747847
0.00212201
0.03176638
0.01940753
0.12178832
-0.22874731
-0.21201445
-0.13023204
-0.04078858
0.21970759
-0.03402872
-0.23701781
-0.06549972
0.00318717
-0.10064244
-0.27598342
0.04052509
-0.03271508
-0.43350533
0.00543506
-0.00848523
-0.01352857
-0.15533935
-0.13156910
-0.02386050
-0.08094358
-0.04043848
0.00262472
-0.01508741
-0.24332935
-0.01895413
-0.09678330
-0.18505558
0.01476792
-0.06077156
-0.08650954
-0.00866049
-0.01249870
0.00487010
0.01856280
0.10412743
-0.14684173
0.00219403
-0.21566835
-0.14730227
0.05985874
-0.55437678
-0.06124555
-0.41985857
-0.14902322
-0.14892164
-0.15310469
0.02111389
-0.09528732
0.02743229
-0.20233738
-0.04345839
-0.01832976
-0.11181913
-0.07138395
-0.01685639
0.04508060
0.00171994
0.09114605
0.09016445
-0.17103778
-0.06063721
-0.02490793
-0.12085529
-0.03147164
-0.48877424
0.29721004
0.14123230
0.00203118
-0.65980750
-0.20258601
0.02831801
-0.34889105
0.01685444
-0.47330868
-0.05554021
-0.06167620
-0.04440672
-0.25688255
-0.17010468
0.07654979
0.06930580
-0.16520478
0.36882490
-0.09292720
0.00290700
0.06139021
-0.23187058
0.01839146
-0.11098960
-0.02352089
-0.05070946
-0.00980904
-0.09942367
-0.89906693
0.05956106
0.15082221
-0.01899742
0.04323307
-0.03754912
-0.17093517
-0.10017280
-0.48526353
-0.03166209
-0.03516450
-0.13650173
-0.08917701
0.00081061
-0.09934347
-0.02822237
-0.13766314
-0.04052345
0.00160441
-0.18878148
0.04803256
0.02393079
-0.12294643
0.00437273
0.12035970
0.01593343
-0.04972256
-0.40032846
0.07463836
-0.13656148
0.01491064
0.21883282
0.06769089
-0.36539266
-0.05949497
0.05499927
-0.03522426
-0.03780813
-0.00346150
-0.53300864
-0.03445411
-0.29413953
0.04635996
-0.21126798
-0.25310993
0.00876756
-0.04300656
-0.34366396
-0.02879247
-0.02109195
-0.00158056
-0.04066000
-0.06333791
0.02673901
0.27844262
-0.03455865
0.00540584
0.00492713
-0.00309181
-0.34981000
0.01612850
-0.08146282
-0.09070309
0.06681141
0.00060161
-0.06882962
-0.33642972
-0.10511985
-0.00365445
-0.07993419
0.34436461
-0.45868617
-0.17981455
-0.56013173
-0.26908952
0.00283983
-0.16385460
-0.02216725
-0.02540813
0.01607574
-0.27267355
0.07441349
-0.11453028
-0.03913125
0.19721486
-0.22479241
-0.19501114
-0.02035974
-0.04366768
-0.20808773
-0.35356411
-0.05188598
-0.11518417
0.01669226
-0.28962862
0.06124143
-0.08313936
0.76729953
0.22178645
-0.03819302
0.01039719
0.10796077
0.23577656
0.08323994
0.01488440
-0.45844606
-0.11339466
-0.15921032
-0.22546051
-0.05200575
-0.30303472
-0.01633158
-0.07875953
0.02202352
0.05784022
-0.03784946
-0.17740633
-0.40307173
-0.27066770
0.00119721
-0.19223948
0.09453338
-0.03197864
-0.05378754
-0.10307585
0.01823260
-0.11110999
-0.07436988
-0.06917002
-0.06307481
-0.19318280
-0.02301674
-0.13154635
-0.23149514
-0.38750330
-0.39815250
0.16928366
0.21979825
-0.08996911
0.03449462
-0.36705688
-0.04273181
-0.04426063
-0.05482515
-0.22362575
-0.07135319
-0.60211432
0.01507655
-0.36956179
0.07690670
0.07424792
0.09236895
-0.04064652
0.03947021
-0.49902573
-0.05285320
-0.14331841
0.08464702
-0.41089243
-0.09423562
0.11273124
-0.19021937
-0.80364627
-0.23964468
-0.10750350
-0.00003775
-0.03728447
0.06004233
-0.36207241
-0.03342953
0.02279277
-0.21268600
-0.03820532
-0.04389358
0.09021956
-0.10654704
0.00359543
0.06339695
-0.02584827
-0.11979828
-0.13272744
-0.00783741
-0.03581722
-0.45609370
-0.24200359
-0.15070640
-0.11275020
0.01258991
0.14324492
-0.11884413
0.01929675
-0.01826203
-0.38481417
-0.05575466
0.00003565
-0.09247914
-0.00894639
0.11429190
-0.16779727
0.00077802
-0.49438071
-0.13506116
0.01700685
-0.36880904
-0.26839846
-0.09553421
-0.30986845
-0.11985951
-0.21698819
0.03613412
-0.21754375
-0.10292833
-0.14368109
-0.23879878
0.03673491
-0.02745280
-0.08737006
-0.52553058
-0.02891266
0.05157327
-0.28066149
-0.08033910
-0.00067757
0.13161482
-0.12916487
-0.04925222
-0.17379190
0.15086980
-0.08502902
-0.04876303
0.03219744
-0.57884300
-0.33581164
-0.01958967
-0.29008421
-0.07757217
-0.01864569
-0.08310642
0.00386212
-0.09644126
-0.22146919
-0.22599049
-0.17347550
-0.05978859
-0.13658455
-0.31615245
-0.03089261
-0.13131763
0.07693258
-0.21564378
-0.01121450
-0.04872148
0.04774598
-0.03545190
0.00490983
-0.17828719
-0.12268051
0.05638975
0.06179690
0.10396186
0.00012494
-0.02317525
-0.06306443
0.00774717
0.07327526
-0.23871979
-0.07049361
0.20716985
-0.07326810
-0.01299598
0.01762593
0.01401685
-0.17394179
-0.04964031
0.03223223
-0.11746479
-0.04759343
-0.00304629
0.04227610
0.00343167
0.03504905
-0.01586635
-0.01600454
-0.40599367
-0.04087494
0.01867050
-0.17190954
-0.06541724
-0.03140228
0.12764098
-0.30492073
-0.00984619
-0.20968360
-0.04792949
-0.00376516
-0.03813462
-0.02859513
-0.02993061
0.00555976
-0.34834367
-0.41098669
-0.02093428
0.05400562
-0.07520565
-0.04555427
0.00634399
0.09492651
-0.07171042
-0.03256049
-0.42606789
-0.12182388
-0.20592637
-0.06277701
0.03410558
-0.01541493
0.09936193
-0.10323513
-0.09618092
-0.18070574
-0.06451359
-0.12200202
-0.22212999
-0.35921505
-0.13581041
-0.26666400
0.03072948
-0.20993726
-0.02026442
-0.15033087
-0.10998515
-0.02563875
0.02929221
-0.04660020
-0.13374637
0.16747531
0.01483039
-0.01091241
-0.19453244
-0.01961542
0.02204031
-0.27247217
-0.08495016
-0.07630056
-0.13070846
-0.11070386
0.03932469
-0.26338699
-0.03145478
-0.01970085
-0.10224979
-0.20097393
-0.08035871
-0.01492837
-0.03002598
-0.02763584
-0.09358460
0.00892375
-0.00619171
0.08310431
-0.12489971
-0.00593348
-0.19967468
-0.03250011
-0.03398683
-0.07589459
-0.03783608
-0.20128699
0.00029710
0.01957430
0.00102840
0.09235937
-0.26489088
-0.20562479
-0.20337600
0.05707641
-0.04436660
-0.22207536
-0.03848882
-0.16850933
0.00189188
-0.06126811
-0.12448596
-0.16833538
-0.08506355
-0.01483824
0.05858532
0.07869913
-0.09842648
-0.23877722
-0.19470264
-0.03603095
-0.09583480
-0.23771603
0.02595844
0.03045837
-0.13718651
-0.26169819
-0.12332391
-0.23428917
0.00948374
0.00469652
-0.02979821
-0.10877199
-0.00542672
-0.22831547
-0.13000056
-0.05930289
0.00266779
0.04619014
0.02210079
0.10504858
-0.21020065
-0.02971118
-0.04296014
-0.05757418
-0.10942415
0.06249801
0.44274372
-0.20744404
-0.02513267
-0.07331054
-0.02649002
-0.12031046
-0.16178052
-0.18897602
-0.22944528
-0.05925125
-0.19564877
-0.12825802
-0.09576083
-0.19602436
-0.35886416
-0.01170552
-0.05926198
-0.07926594
-0.42213029
-0.11041635
-0.11405969
0.05896208
-0.21202005
-0.31807357
-0.20959796
-0.19673592
-0.00122253
0.02460967
-0.15847208
-0.02056522
-0.07446829
-0.12541638
0.03818295
0.01744389
-0.01128923
-0.02520576
-0.13967653
-0.20380668
-0.09299054
-0.19600661
-0.07050143
-0.05899413
-0.33984575
-0.26652375
-0.16935690
-0.18691465
-0.12607804
0.07983123
-0.00608630
-0.06344347
0.03974406
-0.03971912
0.03721807
-0.10026494
-0.02501658
-0.00929189
0.00015899
-0.05074627
-0.02801481
-0.16351333
-0.06199936
-0.20275083
-0.03385875
-0.34898961
-0.08753707
-0.07356861
-0.15770438
-0.09948611
-0.20423155
0.06531558
-0.14610958
-0.46701455
0.01162254
0.16462378
0.00705925
-0.05215920
0.01971736
0.07589222
-0.16340080
-0.43879664
-0.37009162
0.17236573
0.39269930
-0.66861761
-0.18921268
-0.08481058
-0.03496726
0.00402738
0.00419689
-0.08173364
-0.09124591
-0.01510515
-0.02838090
-0.12149483
-0.06325787
-0.40586206
-0.02132576
-0.00632173
-0.03086687
0.00737091
-0.03866889
-0.07660834
-0.09087831
-0.19010210
-0.19987847
-0.07180075
-0.09188804
-0.11969123
-0.03360278
-0.10634436
-0.08913563
-0.06457412
0.05315431
-0.09341547
-0.08167715
-0.03815688
-0.02313040
-0.02872829
0.01925356
-0.01692196
-0.01494334
-0.07937247
-0.35165191
0.01758052
-0.04722596
0.01418021
-0.05664680
0.04786526
0.01952470
-0.05107880
0.01092878
0.12413911
-0.02938286
0.00680069
-0.32470217
-0.01545874
0.05160078
-0.06780034
-0.08700254
-0.18364479
-0.00672068
0.00153089
-0.18607935
-0.02456729
0.02828964
-0.10259854
0.00978190
-0.10899037
-0.18684153
-0.36273393
-0.24193347
-0.06185094
-0.00621868
-0.05851699
0.00096000
-0.03778049
0.04941618
0.06555786
0.05732002
-0.10785397
-0.05750241
-0.20877588
0.06821217
-0.20771426
-0.01328106
-0.02576623
-0.01274053
-0.24219713
-0.47754604
-0.72418195
-0.09956378
0.04369679
-0.08829807
0.07067774
-0.05628601
-0.30126604
-0.31518692
0.03854772
-0.03060229
0.15195753
-0.05588618
-0.01924618
0.12320774
-0.00267314
-0.17634130
-0.68708640
-0.01086895
-0.15794942
-0.01108494
-0.21154152
-0.05095352
-0.06196871
0.03018361
0.07631276
0.02114670
-0.04374250
-0.00196120
-0.19103397
-0.07373162
-0.06710321
-0.03022147
-0.23806305
-0.06479301
-0.43577427
-0.00706143
-0.11144190
-0.00350483
-0.04598077
-0.04321547
0.07276838
-0.07243885
-0.26611826
0.03160421
0.01652398
-0.04022336
-0.38032609
-0.07099822
-0.33119226
-0.06657822
-0.01351265
-0.06377294
0.10076232
-0.06829009
0.00668175
-0.02602110
-0.17592861
0.05011223
-0.13591340
-0.35146448
0.20481867
-0.33733609
-0.22500251
-0.14190631
-0.04599896
0.00897338
-0.23600824
-0.16781682
-0.05082923
-0.08544372
-0.23556980
-0.08061723
-0.17122145
-0.05115559
-0.09844144
0.04007579
0.05938824
-0.00537116
-0.03961356
-0.04385137
-0.27383697
-0.12612838
-0.20981874
0.00917667
-0.11364157
-0.02234356
-0.03567122
-0.02177833
-1.37426436
-0.19177684
-0.33350426
0.03012165
0.13771936
-0.10737484
-0.09894088
-0.05931830
0.01586127
-0.29173407
-0.11494625
-0.01064221
-0.24160603
-0.42800230
-0.03665480
0.05259429
-0.02391127
-0.13040216
-0.19649275
-0.06237119
-0.05888224
-0.09656567
-0.11456846
-0.32526159
-0.00688556
-0.04161133
-0.04940854
0.10696813
0.00424815
-0.02941823
-0.21077129
-0.21463634
-0.00548709
0.03108721
-0.03900095
-0.17058636
-0.15238006
0.01764948
-0.07367670
-0.07027024
-0.04232146
-0.28009480
-0.42101696
-0.22380592
-0.13830782
-0.10520171
-0.10898162
-0.02632830
-0.25007391
-0.10679410
-0.19246344
0.05582098
-0.07263149
-0.09963594
-0.10238162
-0.16373026
0.00860818
0.05097437
-0.09438650
-0.52236211
0.08689400
0.01039975
0.08237362
-0.15837862
0.05101846
0.12109257
-0.08519667
-0.04260322
-0.04595337
-0.32859686
-0.09966383
0.02980204
-0.19533220
0.05127648
-0.25973871
0.02390243
-0.09367989
-0.05912847
-0.10648844
-0.69972032
-0.04025744
-0.08215290
-0.17680022
-0.19721700
-0.03466881
0.03741264
0.10294533
-0.09128129
0.10903247
-0.04436933
0.04875957
0.02890600
-0.15125656
-0.07994650
-0.19422017
-0.03058472
-0.16830674
-0.05527176
-0.06508002
-0.01054313
-0.16949181
0.02100721
-0.14279982
0.05543914
-0.21293361
-0.00360993
-0.02502435
-0.04700365
-0.05740488
-0.06332862
-0.00651935
0.01361492
-0.09869649
0.06515958
-0.03881896
-0.10162163
-0.04163137
0.05106937
0.04529672
0.07496826
0.06904757
-0.16378766
-0.11909956
-0.05897311
0.00977222
0.00326904
-0.01740307
-0.00869555
-0.11595043
-0.01902020
-0.19320472
-0.20583355
0.09087692
-0.21303757
-0.14421938
0.25662550
0.25718743
-0.05075131
-0.12333494
-0.02977591
0.04222778
-0.42227244
-0.04556219
-0.01625135
-0.02867199
-0.04490613
0.02334671
-0.22299159
-0.28545368
-0.16198586
0.01659415
-0.04545975
-0.01537886
-0.26684350
-0.10370415
0.01392334
0.10597968
0.04598896
-0.11492827
0.31216538
-0.28770667
-0.11753596
0.04941504
0.11042223
-0.17964749
-0.04468396
0.07258583
-0.58816659
-0.33743572
-0.04811069
-0.11322104
0.16275537
-0.04680082
-0.02609104
-0.04595369
-0.15603511
-0.22642133
-0.04918398
-0.10338133
-0.23623855
0.02963308
0.25160310
0.00505438
-0.12480480
-0.12459380
-0.04993294
-0.14795364
0.01768395
0.08080536
0.04571233
0.12026004
-0.08926308
-0.07175042
-0.06020420
-0.00659580
-0.02481362
-0.08846369
-0.15890767
-0.08692199
-0.03930148
-0.14156412
-0.14515118
-0.82077342
-0.19395015
-0.04268608
-0.03673963
-0.01726000
-0.00866131
-0.00841991
-0.10753595
-0.39849585
0.07469589
-0.04021906
0.02943753
-0.00573841
-0.02785394
-0.28836143
-0.16147143
-0.01554601
0.10518296
-0.14964473
-0.03965639
0.00786070
-0.04140405
-0.04257417
0.04774798
0.14852338
-0.06780164
-0.03907015
-0.12746632
-0.14401385
-0.09673991
-0.01349507
-0.05818274
-0.00546871
0.07174433
-0.08561327
0.05821233
-0.07152966
-0.01085082
-0.42276025
-0.04058501
-0.10486613
0.01506313
0.27395678
0.03909699
-0.10669510
0.02562583
-1.03175282
-0.02126057
-0.15526664
-0.00652091
-0.19422530
0.15942845
-0.02658566
-0.16261131
-0.43063483
0.03682686
-0.09473266
0.05967660
-0.09987272
-0.24937959
-0.07748006
0.10298223
-0.02915062
-0.14894059
-0.12452278
-0.00531986
-0.10733396
-0.21604764
-0.25556001
0.00750475
0.00649025
-0.10831555
0.06027088
-0.12568264
0.07628918
-0.10750728
0.32769564
-0.02994160
0.07756665
0.02506254
-0.07335072
0.22077152
0.03361839
-0.11510535
-0.06187864
0.15246773
-0.05030188
-0.01212844
0.00313281
-0.17159325
0.06346662
0.01776910
-0.17649324
-0.26010239
-0.02218741
-0.35914299
-0.30656892
0.09287875
-0.37054732
-0.06374523
0.05645951
0.00575033
0.02517554
0.00814218
-0.17560384
-0.14519142
-0.01086533
-0.03129875
-0.06136956
-0.05364180
0.12497161
-0.01009094
-0.17701373
-0.39656645
-0.46913353
-0.00764125
-0.29706445
-0.12304868
0.05120657
0.06608928
-0.25273824
0.05230296
-0.08957510
-0.31499895
-0.05795817
-0.01986081
0.08388036
-0.00926894
-0.33217162
-0.06033691
-0.05850609
0.02479986
-0.10077825
-0.18389708
-0.02831919
-0.12181012
0.04800603
0.18386652
-0.06346844
-0.01897930
-0.11565693
-0.18060160
-0.03747490
0.01899675
-0.09584697
0.02173178
-0.26087180
0.02158236
-0.48973018
-0.04054590
-0.17948097
-0.19236541
0.02271944
0.02507400
0.05767109
-0.04252025
-0.04547095
-0.28502885
-0.01024103
-0.05095575
-0.07783325
-0.02878552
0.01365874
-0.04775124
-0.01176715
-0.04610795
0.00947330
-0.11425722
0.02679044
-0.07905663
0.10150548
-0.06433830
0.01518857
-0.01669702
-0.04939460
-0.23861274
-0.10040661
-0.04116121
-0.09067958
-0.07663916
-0.02210264
-0.01221183
-0.26780048
0.02560744
-0.32598028
0.01168350
0.08515149
-0.15958163
0.03503746
-0.12027233
-0.03060528
-0.05789003
-0.11001923
0.04078800
-0.02668344
-0.00676074
0.03528521
-0.03383800
0.00194054
-0.05036821
-0.04071844
-0.17555974
-0.18277366
-0.03660273
-0.00685523
-0.04192881
-0.06913684
-0.15098847
0.02891952
-0.02452349
-0.04555358
-0.09851941
-0.02529745
-0.19520597
-0.02487035
-0.08936775
-0.04041690
-0.06242510
-0.18452978
0.03062484
-0.30814925
-0.01270160
-0.07014986
0.02060825
-0.03860239
-0.03740701
-0.01097366
-0.03419464
-0.02957968
-0.25785577
-0.03418367
-0.02787997
0.18154600
-0.09636234
0.00597169
-0.06626485
-0.04058178
-0.03347397
-0.38252655
-0.03761284
-0.04145139
-0.09935627
-0.35271612
-0.10450967
-0.08047143
-0.12997888
-0.00806558
-0.04025978
-0.10992732
-0.02836371
-0.01160558
-0.06211645
0.01309985
-0.08075488
-0.01648385
0.07307164
-0.22940394
0.01468633
0.01131142
-0.00854430
0.03270457
0.01902020
-0.06222040
-0.00965238
0.08288781
-0.18372101
0.00058877
-0.05140250
-0.50504184
-0.10836841
-0.16170049
0.01179524
-0.10500866
-0.02980741
-0.42659855
-0.02621993
-0.05143682
-0.00936565
-0.16711053
-0.01997934
-0.04654862
-0.03617696
-0.05408029
-0.11402874
-0.47527373
-0.11131766
-0.01842052
-0.06017897
-0.17724445
0.03327947
-0.14789675
-0.01132553
0.03943783
-0.07170884
-0.11096711
-0.01785117
-0.01705407
-0.03167361
-0.04640485
0.02453433
0.06540672
0.03036844
-0.10248242
-0.05457921
0.00534789
0.08762978
-0.02762949
0.02677680
-0.01273838
-0.00334999
-0.21147494
-0.09364307
-0.15311085
0.00218959
-0.11475170
-0.10447524
-0.14291465
-0.03561572
-0.01640614
-0.37276459
-0.04061150
-0.05156943
-0.13134167
-0.02927445
-0.02865185
-0.07900055
-0.01013868
-0.01577728
-0.29512373
-0.01622072
-0.03716931
-0.05257987
-0.03688172
-0.18147479
-0.07125089
-0.00411790
0.09693003
-0.32064351
-0.05722056
0.13300183
-0.03427422
-0.10477735
-0.02588701
0.03490279
0.02426455
-0.23395793
-0.12123705
-0.01283759
0.03483358
-0.06465828
0.00213809
0.13257718
0.01241745
-0.14174829
-0.02388066
-0.04430088
-0.08575018
-0.07510731
-0.00647229
0.03525203
-0.24976884
-0.03740859
0.03592099
-0.11877022
-0.06534418
-0.02967605
-0.12788518
-0.01623803
-0.10604222
-0.04825395
-0.12442388
-0.07364417
-0.09366065
-0.02697614
-0.18948232
-0.03945038
-0.14672828
-0.20935853
0.03615643
0.18204443
-0.09191027
0.04960923
0.06988944
-0.06632768
-0.30493155
0.13998859
-0.03723901
-0.01053106
-0.34933591
-0.07029489
-0.00573774
-0.02574344
0.01729411
-0.10203724
0.03104115
-0.08029354
0.02949170
-0.19196583
0.04608111
0.16054440
0.00033438
-0.05931359
-0.18863524
0.02494432
-0.10982831
0.03380024
-0.00870968
-0.06283790
0.07190491
0.03930658
-0.21817064
-0.06490682
-0.05906395
-0.07780028
0.02620270
-0.39392158
-0.18017688
-0.02959802
-0.00118387
-0.02744312
0.17951009
-0.03594705
-0.05144483
-0.10095162
-0.03280810
0.16250701
0.01264553
-0.11392830
-0.20995656
-0.15225011
-0.07158448
-0.21542808
-0.26675868
-0.11149323
-0.37093720
-0.21474446
-0.01815214
-0.13093965
-0.09324795
0.14786367
-0.13090384
-0.14943501
-0.06159679
-0.31398270
-0.06023293
-0.00689395
-0.04094330
-0.16393749
0.11372279
-0.00618068
-0.05289752
0.06175238
-0.03194026
0.04825164
0.08228675
-0.10324058
-0.06488284
-0.19959259
-0.04450925
0.03972704
-0.02543430
-0.04298909
-0.05578810
-0.14493234
-0.18336146
-0.13439929
-0.06053233
-0.18112598
-0.16707495
-0.11962195
-0.02769522
-0.14748047
-0.02632294
-0.08784138
-0.26220107
-0.00306152
-0.11554275
-0.05479234
-0.09688162
-0.02685596
-0.02349024
-0.02566944
0.18710671
0.03578359
-0.08394141
-0.08252361
-0.08678241
-0.06111644
-0.43557343
-0.06346476
-0.23642392
-0.15197706
-0.21779804
-0.12936313
-0.49037933
-0.03384918
-0.29488611
-0.03719894
-0.34143144
-0.22644188
-0.21970496
-0.03477488
-0.02919585
-0.10621920
-0.03991988
0.00953108
-0.01348224
-0.16788684
0.06322907
-0.13959514
0.02779340
-0.03262883
-0.06232569
-0.17197749
-0.12007350
0.00013419
0.06740502
-0.08720193
0.00659763
-0.34339240
-0.54257083
-0.03568289
-0.08064923
0.11970020
0.05261988
-0.02246927
0.05861982
0.02394436
-0.11035863
0.01296452
-0.03967103
-0.00347279
-0.04940929
-0.08682051
-0.17608562
-0.07205716
0.13750540
-0.08420407
-0.18210045
-0.05939831
-0.05231947
-0.14751849
-0.03821883
0.07139011
-0.22461255
-0.07763588
-0.31630120
0.06286767
-0.15234241
-0.00958906
-0.20792459
-0.03307969
0.08024563
-0.01750228
0.00204772
-0.23359056
-0.00684939
-0.07505350
-0.03697171
0.04467992
-0.13898291
-0.08325865
-0.05134940
-0.09722627
-0.07503054
-0.08426353
-0.43429866
-0.17290474
-0.32436332
-0.05410572
-0.27484167
-0.09862379
-0.33094791
-0.23006405
0.02471567
-0.14481542
-0.17565158
-0.10939354
-0.15374218
-0.02301514
-0.14192772
-0.02765050
-0.08010864
-0.35281840
-0.06876414
-0.11183301
-0.16823798
-0.03309304
-0.13576363
-0.22023676
-0.28758779
0.04985351
-0.08624300
-0.14462493
-0.05934846
0.05717002
-0.01620902
-0.00879037
-0.07147478
0.06400053
-0.02167687
-0.19215560
-0.32574829
-0.00835838
-0.00613603
-0.25144950
-0.05734587
-0.03548516
0.02015357
-0.27115092
-0.33865249
0.01199092
-0.11875213
0.02820903
-0.07069667
-0.08801857
-0.22314855
-0.00692337
-0.02098772
0.16683745
-0.15065029
-0.38291901
-0.07366419
-0.01240840
-0.11816196
-0.52182364
-0.19733799
-0.05420667
0.20213860
-0.05943222
0.07137389
-0.11330257
-0.17165884
-0.42579845
0.00217508
-0.38758424
-0.16158013
0.04856398
-0.23478515
0.02272937
0.07127369
-0.01709250
-0.11870608
-0.06600723
0.02010441
-0.07073647
0.15010400
0.01533920
-0.11686029
-0.20997842
-0.27880707
-0.03985512
-0.04020267
-0.02109484
-0.01345652
0.03554173
-0.04894623
0.04543826
-0.18898976
0.10295703
-0.24579783
-0.06752174
0.00036009
-0.00796166
0.00348967
-0.03290219
0.00534606
-0.07822171
-0.12361279
-0.12762849
-0.12590365
0.07181273
0.01246956
-0.01341399
-0.00415984
0.01396689
0.07136988
0.01334690
0.00853430
-0.23706865
-0.07073120
-0.00877593
0.02619658
-0.06292997
-0.08203316
-0.12893133
-0.08601928
-0.10186410
0.15910786
-0.15031035
-0.07439721
-0.32277921
0.03198197
-0.12133504
-0.09738684
0.09014101
-0.17498365
0.03475716
0.01813169
-0.13598602
0.02675122
0.02832640
-0.04521405
-0.24692994
-0.13975492
-0.01734213
-0.03092374
-0.09482367
0.01613175
-0.03466100
0.07481019
-0.02180523
-0.03288380
0.12244120
-0.18041250
0.16666174
0.04810555
0.03097996
-0.03422031
-0.10106827
-0.07348707
0.01051049
-0.06813467
-0.11441784
-0.07712822
-0.06610975
0.16438642
0.01404518
-0.00413172
0.01085770
-0.12577698
-0.02955427
-0.16344607
-0.23612264
0.33169135
0.01869866
0.00638018
0.04563318
-0.06625365
-0.02534074
-0.24613689
-0.02102597
-0.08582673
0.03518946
-0.16265941
0.02806342
-0.06397056
-0.03527999
-0.08237098
0.01251173
-0.11858152
-0.04496234
-0.09103239
-0.24084626
0.01648353
-0.08145577
-0.02810881
-0.15462625
0.06365628
-0.07840206
0.01295210
-0.02849633
-0.01652874
-0.08034316
-0.07601757
-0.07999157
-0.31726769
-0.10148000
-0.13434765
-0.09558666
-0.23436564
-0.01425646
-0.02406065
0.06031153
0.00502589
0.07877424
-0.06303003
-0.08972973
-0.15096770
-0.00070557
-0.07398115
0.05834745
-0.00600107
-0.07790747
0.01921559
-0.11574920
0.05783662
-0.01436237
-0.00926850
-0.06010852
-0.16762009
-0.00057540
-0.03738093
-0.24781385
-0.08593018
-0.17552331
-0.03409392
0.05736883
-0.01558064
0.17182133
-0.11798397
-0.16925010
-0.09061912
-0.06496931
0.16176029
-0.03229680
-0.25230408
0.01136991
-0.16643122
0.10002904
-0.02706438
-0.12454612
-0.03694703
0.00807092
-0.03780075
0.01267459
-0.29638168
-0.10799656
0.04459612
-0.03388612
-0.03753064
-0.09017105
-0.34886912
-0.17400476
-0.13218144
0.04080159
0.05517333
-0.06175931
-0.15851977
-0.00988749
-0.00187309
-0.10735734
-0.03142169
-0.02444479
-0.16345690
-0.10681898
0.03603075
0.01183712
0.03130752
-0.06305345
-0.02124222
0.03688170
-0.04608423
0.33677819
-0.12148722
-0.13797177
-0.12295451
-0.05510532
-0.05477959
-0.05984845
0.01333154
0.06950038
0.08283703
-0.04468976
0.01416312
-0.02119684
-0.04122657
-0.22081397
-0.03470424
-0.03560238
-0.08784106
-0.26728570
-0.02732807
-0.14715366
-0.19073190
-0.18631598
-0.34369683
-0.08079918
-0.03201147
-0.00714563
-0.02685336
-0.03355239
-0.16322893
-0.06992477
-0.01537570
-0.01798584
-0.02634742
-0.31300500
0.04534497
-0.02492299
-0.13506584
-0.09511399
-0.16261463
0.01443611
0.01321469
0.02101341
0.06732637
-0.11601986
-0.20165257
-0.14901222
-0.01092198
-0.43228582
-0.05833531
-0.02162044
-0.11653312
-0.04248402
-0.13486949
0.02023692
0.07828851
-0.05106313
-0.09383598
-0.24129044
0.10857825
-0.17269628
-0.10369614
0.03749133
-0.02980570
0.03610106
-0.03461076
0.07995416
0.05220706
-0.02189621
-0.06508746
-0.02179481
0.10090222
0.00253038
-0.15374339
0.02458577
-0.03776329
0.02568029
0.01474026
0.00629800
-0.01838420
-0.02769906
-0.07145076
-0.02747273
-0.12737997
-0.03568606
-0.05113072
-0.02541988
-0.02385855
-0.03077234
0.16059758
-0.05262258
-0.01135993
-0.13769370
0.03302432
0.05520191
0.01865753
-0.03362537
0.05604319
0.01152942
-0.01707730
-0.10577593
0.03130847
-0.11019700
-0.18433131
-0.06017872
0.03905275
-0.08840520
-0.10058879
0.08405973
-0.14431505
-0.06985319
-0.00351766
-0.15219556
-0.20474486
0.15889347
0.00335159
-0.26472887
-0.07532867
0.01540469
-0.02110221
-0.16348922
-0.03214066
0.04443672
0.03608206
-0.06011334
-0.01334765
-0.14055395
-0.07577182
-0.04778108
0.00133648
-0.04857403
0.00584696
-0.01385296
-0.00317071
-0.05798687
-0.05262566
-0.18415436
0.03543919
0.02814686
-0.12912934
-0.05954767
0.04102737
-0.00044166
-0.02571273
-0.07101803
-0.20396219
-0.28464693
-0.16918018
0.10498092
0.02507886
0.03290745
0.01415699
0.02152002
-0.06913348
-0.12695815
0.12576504
-0.01920456
-0.14193088
-0.04522616
-0.02699058
-0.07764545
-0.00134535
-0.06253799
-0.08521744
0.00674752
-0.00821044
-0.07027652
-0.26134825
0.02623952
-0.08471935
-0.10814161
-0.00600495
0.01052613
-0.08971678
-0.05678363
0.08014946
-0.18589459
-0.09071421
-0.17566139
-0.08443480
0.00232095
-0.07188906
-0.06746889
-0.13265541
-0.03191028
-0.02084136
-0.03287743
0.04674742
0.04084336
-0.09625764
-0.11736969
-0.02057387
0.04485431
-0.01238091
0.01494423
-0.25619054
-0.05665007
-0.02813875
-0.11188581
-0.05147751
0.03352436
-0.00054858
-0.02147301
-0.05601110
-0.07588549
0.06311511
-0.16864182
0.01407699
-0.21781893
-0.15285674
-0.07530382
-0.05137859
0.00127629
-0.17990735
-0.04426168
-0.01049728
0.01447325
-0.03408378
0.02891551
-0.06508426
-0.03759659
-0.10723137
-0.05098063
-0.07907344
-0.09041247
0.02340181
0.02882155
-0.15369308
0.01764648
0.00026891
0.06611601
0.03367987
-0.04394602
0.04002923
-0.00802582
-0.25665995
-0.12963247
-0.24281976
0.05611943
-0.15362456
-0.09754079
-0.18104728
-0.06541665
-0.00589303
-0.07215328
-0.06338615
-0.04309487
-0.17029643
-0.03057472
-0.08816276
0.02165257
-0.00680159
-0.04904649
-0.05147346
-0.04983420
-0.02979124
0.07037021
-0.16545647
-0.00867539
-0.00104649
0.05021197
0.03529553
0.00715140
-0.05415604
0.02232230
-0.01778198
-0.05263130
-0.03959000
-0.06967614
-0.04881765
-0.13323505
-0.03954077
0.03830778
-0.02492103
0.01290292
0.02905038
-0.24157451
-0.09276856
-0.17838863
-0.05422892
0.04194896
-0.01769780
-0.01043869
-0.07307099
-0.01527221
-0.06903432
-0.05005142
-0.06320892
-0.04074332
-0.06903312
-0.10208924
-0.12858531
-0.05257057
-0.02007145
-0.18424825
-0.16720460
-0.03483033
-0.10780704
-0.00369355
-0.05436027
-0.10856657
-0.06590374
-0.14443673
-0.03495384
-0.19893505
-0.14703034
-0.03201877
-0.07326282
0.02289243
-0.14643961
0.02716224
-0.09065440
-0.03755591
-0.03587082
-0.11470681
-0.03217079
0.01072719
-0.27972981
-0.00489853
-0.07624622
0.01721588
0.04594027
-0.10660303
-0.13801156
-0.16240838
-0.05996544
-0.01919450
-0.00548791
0.13252538
-0.34012413
-0.01283502
0.03492042
-0.03216338
-0.01504372
-0.00590260
-0.04792716
-0.06060265
-0.07972728
-0.17249185
-0.11922929
-0.00102509
-0.00050927
-0.03419543
-0.12144625
-0.04921936
0.09675900
0.00672339
-0.03544036
-0.09652878
0.05300635
0.01516307
-0.00830397
0.04307206
-0.17761634
-0.00107547
-0.01720777
-0.17053999
-0.71169984
-0.05425044
-0.14265792
0.05196154
-0.02438486
-0.19052282
-0.03235303
-0.26742619
-0.39339966
-0.02667696
0.02224660
-0.18741643
-0.03645295
-0.13505080
-0.07216551
-0.14196150
-0.47548452
-0.00309994
-0.05417894
-0.02911338
0.01036831
0.03558820
-0.06139826
0.00864989
-0.15849692
-0.14977922
0.01116388
0.07119704
-0.35238466
0.02719772
-0.06506515
-0.10097939
0.11766393
-0.06339019
-0.02141839
-0.15918417
-0.05644429
-0.09992832
-0.26638168
0.04228603
0.11115531
-0.12912312
-0.07915723
-0.00147161
-0.12928103
-0.13580976
0.01505144
-0.03352689
-0.08894426
0.10411523
0.01327318
0.00682843
-0.09074541
0.13017166
0.00785563
-0.03927225
-0.09567329
-0.03456113
-0.13609955
-0.11698587
-0.05364530
-0.02486873
-0.16136950
-0.02302326
-0.05536321
-0.03964375
-0.26988921
-0.00884038
-0.01034366
-0.02304231
0.02738090
0.05517880
0.00767819
0.00229864
0.07832330
-0.14596193
-0.12994346
-0.15186058
-0.13504945
-0.02771532
-0.25635457
-0.03586051
-0.11239545
-0.01874844
-0.01089738
0.01025637
-0.11524819
0.06365564
-0.38919663
-0.27602589
-0.03503757
-0.03357741
-0.07019046
0.03776218
-0.76391071
-0.00947515
0.19975513
-0.12553772
-0.20486613
0.00255552
0.00856337
0.00138674
-0.10888509
-0.04738122
-0.05388623
-0.02439056
-0.37086663
-0.13795577
-0.02355934
0.04359601
-0.05943167
-0.00520463
-0.23388915
-0.19796802
-0.06692582
0.03375055
-0.12937534
0.00733054
-0.32602149
0.02648208
0.13758700
-0.07173140
-0.02623302
-0.08776594
-0.03915828
-0.05555901
-0.15669808
-0.09863418
-0.10316528
0.02790743
-0.04671489
-0.06927699
0.02142473
-0.06842315
-0.20398763
-0.12580568
-0.47607011
-0.05659536
-0.02361894
0.14314047
-0.29908800
-0.05645867
-0.01182533
-0.18898448
-0.21080489
0.02397749
-0.16680443
-0.72309715
0.06267893
0.04816025
-0.00796879
-0.17657733
0.03842803
-0.03981574
-0.04476867
-0.27588263
-0.04488299
-0.35629019
-0.17259304
-0.05718149
-0.02000957
-0.52144217
-0.02090443
-0.07281815
-0.06212358
-0.08348199
-0.00298276
-0.06592555
0.01406225
-0.28688356
-0.05320138
-0.04760402
-0.14593394
0.01074868
-0.04377263
-0.19576105
-0.33114806
-0.00052313
0.00675426
0.04114342
-0.10140782
0.01187335
-0.06700387
-0.02384457
-0.22754163
-0.17150332
-0.09474722
-0.05783164
-0.10465244
-0.30585951
0.12363619
-0.01075931
-0.09855352
-0.06070591
0.02178969
0.10516020
-0.22372086
0.03873219
-0.15710062
-22.03107262
-37.88761520
-0.08634535
-0.01615302
-0.02450525
0.02584197
-0.05936068
-28.51691055
0.00697012
-0.16246305
-0.06484407
0.01096775
-0.01742989
-0.11600135
-0.10454924
-0.18008792
-0.10306109
-25.83613205
-0.12412735
-0.11345556
-0.03672925
-0.01003588
-0.04315703
-0.05702714
0.00516340
-0.00109190
0.02208342
-25.37453270
-0.06997928
-0.37566096
-0.05310400
-0.06078573
-0.10429976
-0.02815243
0.01402676
-0.01995121
0.01907216
-0.09006203
-0.18393506
-0.07493497
-0.04170477
-0.05164323
0.03402414
0.04082274
0.01976568
0.04757405
0.00616239
-0.14142267
0.01986363
-0.06153688
0.03028070
0.04177186
-0.00932875
-0.06615303
0.09285634
-15.51971817
-0.17687865
-0.02326464
0.44817185
0.00908810
0.03888814
0.03435870
-28.28585434
0.04892944
0.02468897
-0.22991362
-0.02240037
-0.09615947
0.20648007
-0.02675537
0.16711910
-0.04911487
-12.75681019
-0.02655701
0.00221712
0.01440636
-0.03882810
-0.01038863
0.01369755
-0.01870697
-0.05167426
0.06421821
0.07110889
-23.88403320
0.02225325
-0.00849137
-0.05960231
-0.03171303
-0.19862770
0.00773919
-0.02454610
0.00974794
-0.06328364
-0.04791321
0.07215007
-0.05352519
-0.05923262
0.02813501
-0.03970082
-0.07179004
-0.02877100
-0.23598459
-0.04883429
0.16631402
0.06083890
-0.05184045
-0.03301549
-0.01538382
-0.00421286
-0.07702896
0.00944908
-0.05521119
0.02319563
-0.02993928
-0.17198625
-0.03285399
0.03727340
0.03792973
-12.14000511
-0.28973490
0.02616842
-0.21070863
-0.08541542
0.15347183
0.11460686
-0.01141657
0.00740675
-0.02500463
-0.02667432
0.02494135
-0.02160100
-5.99335480
-0.01654832
0.23345967
-0.31365791
-0.18844388
0.07895663
-0.34744853
0.13621342
-0.00625140
-0.02044742
0.02085908
-0.00789646
-0.01350095
-0.12395500
-0.00497998
-0.35700041
-0.09486657
0.01489834
-0.12082571
-0.15764439
-0.17714369
-0.03716896
-0.06483419
-0.01109326
0.00958800
0.01220212
0.01301573
-0.01878197
0.01967397
-0.08559929
-0.07372080
-0.06133948
0.01423674
0.18231685
-0.13229625
-0.09558556
-0.07783447
0.04119550
-0.09197214
-0.07372248
-0.10598107
0.17006738
-0.05692279
0.06882162
-0.21788274
-0.02322428
-0.02354975
0.00121796
0.05579665
-0.05233580
0.02513477
-3.18430209
-0.18889770
0.18292141
0.08662970
0.01994459
-0.09112921
-0.02592359
-0.02148301
-1.09785223
-3.25820017
-0.09402281
0.01034649
0.00119462
-0.14216395
-0.05444571
-35.76585770
-0.03403709
0.00587586
-0.15030710
-0.07082254
0.02413873
-0.02379023
-0.16694607
0.00400188
-0.04705044
-0.05670569
-0.14580095
0.03774324
-6.00349760
-0.06874336
-0.07062152
-0.08560549
-0.12780029
-0.26713622
-0.03899894
-0.63955516
-0.04451826
-0.00036493
0.04106018
-0.22110409
0.04833844
-0.00520165
-0.03849805
-0.00653093
-0.03859381
-0.19154695
0.02822156
-0.15268821
-0.35150579
-0.04874380
-0.09195939
-0.12785055
-0.25367573
0.33500442
0.01142203
0.11735824
-0.04609466
-0.05355298
0.01020308
-0.05707919
0.12308050
0.02107142
0.12770271
0.01389586
-0.41468549
0.01817882
-0.03107522
-0.00124613
-0.43654966
-0.21743456
-0.10295965
-0.08488080
0.01666644
-0.01375494
-0.09957702
-0.07803807
-0.00454201
0.03440763
-0.11619323
-0.14135952
0.00830389
-0.10059389
-0.03931983
-0.00755066
-0.02289051
-0.11614832
0.12569205
-0.39493698
-0.03495511
-0.10239089
-0.04818566
-0.25108176
-0.18919122
0.27873957
0.04036003
-0.05391294
-0.05901652
-0.00606194
-0.19696334
-0.02590246
0.01942867
-0.07995588
-0.10948786
-0.06702317
0.00059969
0.00603681
-0.15616563
0.04869434
-0.04401571
-0.10768807
-0.02798512
-0.03490517
-0.11453672
-0.03894354
-0.20979854
0.07741913
-0.00998248
-0.08048394
-0.00214884
0.00754674
-0.03323052
-0.05374455
-0.44402108
-0.05609689
-0.08067507
-0.00390637
0.03429675
-0.00257146
-0.14739604
-0.03831311
-0.05234771
-0.04821747
-0.04574348
0.03256230
-0.25832585
-0.04713206
-0.13082367
-0.02082222
-0.02538067
-0.06780790
-0.07677654
-0.03504072
0.06222244
0.16977049
-0.00991617
-0.18254907
-0.70366287
-0.21125951
-0.00838431
-0.01937486
-0.24981011
-0.03757359
0.04015800
-0.09971486
-0.04444490
-0.01633103
-0.14627704
-0.05338262
-0.10300688
-0.02403015
0.00386781
-0.03196436
-0.06407660
-0.06074935
-0.01836485
0.14698449
-0.06113226
0.05934227
-0.13184488
-0.10097433
-0.08403409
-0.12637033
-0.06052114
-0.07010618
-0.01553226
0.01248612
-0.04833011
0.01020814
0.00298583
-0.01051694
-0.12675765
-0.07498044
0.02499635
-0.36014998
-0.01590579
-0.08077081
-0.00959977
0.21341240
-0.10134418
-0.13140965
-0.11613189
-0.01978397
-0.05577296
-0.10472925
-0.05525540
-0.06158461
-0.10150987
-0.05628835
-0.04337600
0.07164393
0.00722501
-0.03465315
0.04938919
-0.01233549
-0.00317175
-0.08606604
0.02036735
-0.13119988
-0.20658129
-0.17518912
-0.09769399
-0.53901666
-0.05699425
-0.19779322
-0.03205388
-0.03848010
0.02043355
-0.09283002
-0.08467639
-0.07810927
-0.14281778
0.00010574
-0.15719467
-0.10081207
-0.01801015
-0.13988791
0.27914447
-0.03262080
-0.02845988
-0.00150498
-0.06460048
-0.08794895
-0.09588505
-0.01977428
-0.19312905
-0.08120187
-0.05570506
-0.10970352
-0.01624765
-0.21642907
0.04743769
0.00773040
0.09380105
0.00113756
-0.12160847
-0.34657803
-0.05276419
-0.13220511
-0.02886197
-0.18010618
0.03863537
-0.00525413
-0.07082441
-0.08794951
-0.12075680
-0.06134558
-0.04218757
-0.20161860
-0.19267796
0.06765399
-0.24077839
-0.22542246
-0.02418826
-0.17731057
0.02215711
-0.19775710
-0.15372662
-0.08473852
0.00326240
0.02426313
0.02575229
0.02169189
-0.23497075
0.06290324
-0.15686268
-0.08177879
0.04975546
-0.09540368
-0.18817621
-0.11420834
-0.03529815
0.03903183
-0.03538848
-0.35495177
-0.04169553
-0.05560208
-0.08674930
-0.52766716
-0.00781461
-0.22030324
-0.04367560
-0.08692063
0.00062108
0.03525313
0.00667683
0.42934048
0.04266418
0.04730204
-0.05116540
-0.06179395
-0.04884796
-0.19546337
0.00034343
-0.33967543
-0.03384979
-0.04337642
-0.05560227
-0.07590804
0.01626903
-0.01664068
-0.15478064
-0.04978061
0.00306363
0.11216466
-0.06352922
-0.13687302
-0.20087884
-0.00094726
-0.07195824
-0.13011898
-0.08011102
-0.07958072
0.01252991
-0.16967852
-0.10053319
-0.08704691
0.00273760
-0.24017726
-0.12354270
-0.03997770
-0.26855135
-0.19208039
-0.08739837
0.05804540
-0.20949411
-0.02824418
0.00859991
0.08085848
0.00323478
-0.31362092
0.02735152
-0.06737153
-0.04787231
0.05950196
-0.35105753
-0.00411321
-0.12328661
-0.24283795
0.01394782
0.10021032
0.00314925
-0.03641450
0.00928155
0.01766029
-0.12489986
-0.08226813
0.00067812
-0.02571527
-0.01363216
-0.39837179
-0.04187701
-0.00226115
0.05963954
-0.01207114
-0.02414065
-0.21522142
-0.05678535
-0.02542533
-0.19730318
0.03404266
-0.15607725
-0.01388147
-0.02563238
-0.06111472
-0.07095967
-0.07717336
0.06271247
0.00106744
-0.13181016
-0.08075619
-0.03220104
-0.04684332
-0.06291299
0.06178774
-0.11410188
-0.11610649
-0.26197386
-0.10527619
-0.30607849
-0.17833729
-0.08846316
-0.05725233
-0.27416047
-0.25945711
-0.05817770
0.20727456
0.02052980
-0.04409466
-0.47713649
0.09612130
-0.14802451
-0.02899363
-0.21962652
-0.18673415
0.02288958
0.04363117
0.18156576
0.01516113
-0.00914179
-0.09626036
0.02128592
-0.16333811
0.01150090
-0.23616476
-0.07037789
-0.05565464
0.02909532
-0.02896289
0.28132221
-0.10531705
0.06376565
0.03478688
-0.08171400
-0.13075456
-0.14588563
-0.05621042
-0.20454668
-0.09017836
-0.00841676
-0.12167979
-0.04698131
-0.09019107
-0.15710561
-0.17855817
0.04718025
0.00031109
-0.09361295
-0.01751786
-0.03887586
-0.18386310
-0.09093121
-0.10719068
0.02013583
-0.04085773
-0.11742344
-0.05578741
-0.08671515
-0.03895126
0.04894187
-0.30424148
-0.07169280
-0.20657642
0.06170128
-0.18249431
-0.01142782
-0.10177264
-0.20028335
0.00716666
0.01995091
0.02908129
-0.00405692
0.07497103
-0.13126488
-0.15566757
-0.16546260
0.06197320
-0.00379207
-0.25338611
-0.03038310
-0.15603091
-0.03798012
-0.04074788
0.02835990
0.02113132
-0.37690049
-0.48252738
-0.14632179
0.04621793
-0.06868646
-0.23087262
0.06014578
-0.20668679
0.05563452
0.00897061
-0.19360031
-0.21366104
-0.05250266
-0.03322512
-0.06177598
0.01529536
-0.09459022
-0.17854173
0.25599247
-0.02506459
-0.12039888
-0.21103556
0.00260127
0.00966238
0.02714685
-0.30685920
0.16110095
0.05985305
-0.06442225
0.00154137
-0.08412638
-0.16673444
-0.03868608
0.04622472
-0.08978387
-0.23044151
-0.01538757
-0.01022344
-0.00388036
-0.14373557
-0.06092650
-0.12540923
-0.11526516
-0.06481875
-0.04195748
-0.08127672
-0.11606995
-0.48843750
-0.14871939
-0.22347187
-0.04066239
-0.10512714
-0.03320787
-0.14792375
-0.21109143
0.05678314
-0.16063406
0.10144181
-0.03926342
-0.05699174
-0.04721418
0.03088294
-0.02636020
-0.02444683
-0.60553229
-0.03175315
-0.03625970
-0.04780035
-0.08873652
-0.20154884
-0.09265652
-0.00488569
-0.02422521
-0.09465639
-0.11302003
-0.00264834
-0.05503117
-0.21948463
-0.02513942
-0.02010000
0.00015517
0.05849825
-0.07821075
-0.17811733
-0.12151377
-0.05468754
-0.22356504
0.00139139
-0.55139065
-0.04294946
-0.29898325
-0.10049780
-0.11923559
0.02953936
-0.01828049
-0.04948222
-0.00120240
-0.00100862
-0.42941895
-0.00370292
-0.33107615
0.03936459
-0.43043497
-0.08767600
0.06650600
-0.26210496
-0.02071925
-0.16366880
0.01851913
0.21424003
-0.04769861
0.11976473
-0.00335430
-0.21326828
-0.08431684
-0.00441241
-0.48203322
-0.12749517
0.01825537
-0.05963796
-0.05645530
-0.07502267
-0.06074552
0.10340419
-0.00350601
-0.30230248
-0.48622602
-0.03426410
-0.12235375
0.02200799
-0.09833077
-0.07942040
0.02433017
0.03478587
-0.19979517
0.04751909
-0.06822600
-0.10293207
-0.01439873
-0.27604088
-0.11367583
-0.48221010
-0.03970456
-0.02375125
-0.24682474
-0.04681590
0.01906990
-0.03840792
-0.00579393
-0.10159487
-0.41857004
-0.10149958
-0.24440964
-0.00730398
-0.03871307
-0.06226660
-0.12120006
-0.07988076
-0.05030210
-0.07744885
-0.32864791
-0.05577782
-0.01529877
0.08564585
-0.06562692
-0.04577873
-0.06724325
0.05604728
-0.14050068
-0.02237563
-0.13833009
-0.24046604
-0.04968069
0.00209080
-0.29021859
-0.20609729
-0.06732184
-0.00949823
-0.03220849
-0.04558871
-0.21918026
-0.02161128
0.14103846
0.11906651
-0.18103048
-0.13722351
-0.01053171
0.08061666
-0.39727727
0.04752761
-0.00354593
0.09378397
-0.00366002
-0.03228396
-0.06476258
-0.04485670
0.00079169
0.02490320
-0.00356018
-0.00249817
-0.11909421
-0.01947302
-0.07319922
-0.17255048
-0.19892949
-0.05455547
0.10862868
-0.33578989
-0.06079333
0.04285994
0.07890393
-0.09396219
-0.00346030
-0.01937948
-0.42141721
-0.03955664
0.02411402
0.01711330
0.00992681
-0.06932338
0.00321729
-0.20344462
-0.20949899
-0.08940998
-0.02038002
-0.15909065
-0.08896507
-0.14731333
0.09987643
-0.05876656
-0.10478445
-0.05845316
-0.04649546
-0.14573713
-0.07026550
-0.16600007
0.06097404
-0.13494946
0.08946803
-0.04666916
-0.08934582
-0.01370819
-0.09713921
0.00822176
0.02183135
-0.17766081
-0.08714608
-0.09860691
0.06218494
-0.11792798
-0.06420072
-0.13750993
-0.03636837
-0.03638801
-0.00933557
-0.02824971
-0.12504368
-0.03345651
-0.00976649
0.00025579
-0.09059425
-0.04449075
-0.05228034
-0.24213172
-0.15884149
-0.08768915
-0.11878214
-0.09419329
-0.12795636
0.00496995
-0.06079273
-0.14483720
-0.09184472
-0.09436290
-0.21897790
-0.00213317
-0.29198024
-0.42481816
-0.04223552
-0.09952767
-0.14444193
-0.50246412
-0.17349565
-0.11801946
0.06242645
0.00458024
-0.05181335
-0.18914311
-0.03183980
-0.09462413
0.05838922
0.06186981
0.02988875
-0.11640054
-0.04198688
-0.20419224
-0.17611885
0.15289685
-0.02928038
-0.08133226
-0.11261874
-0.01358044
-0.17469198
-0.20659439
0.04876259
0.07487216
-0.01080747
-0.20617981
-0.11755362
-0.12814738
-0.00536799
-0.03024788
-0.11710259
-0.08622108
-0.12313500
-0.26135316
-0.06388065
-0.14735793
0.12208844
0.04409948
-0.14150913
-0.23448309
-0.20527406
0.26072052
-0.20548131
-0.02386518
-0.10926714
-0.13935918
-0.00267713
-0.07799833
-0.12738678
-0.01650806
-0.09556682
-0.14717281
0.09729093
0.01434018
-0.07757364
-0.00354870
-0.23906170
0.03390260
-0.00821882
-0.17907077
-0.19003125
0.03352646
0.18831193
-0.24292250
-0.06858756
-0.16338900
-0.04713830
-0.07551921
-0.06275655
-0.05351323
-0.11859450
-0.25486118
0.00447723
0.02511908
-0.16213468
-0.22512428
-0.15420625
-0.13545787
-0.00572675
-0.08869375
-0.23302776
-0.05178651
-0.08974180
-0.08699697
0.12189779
-0.03786065
-0.10498666
-0.25284722
-0.19756073
-0.00564481
-0.04442062
-0.08671065
-0.00797687
-0.11807920
0.06209865
-0.40974268
-0.12269314
-0.15529259
-0.07194611
-0.21760926
-0.03089778
0.45876041
-0.13957523
-0.18393007
-0.11922131
0.00452448
-0.01632631
0.01894150
-0.23414610
-0.40079257
-0.21219839
-0.06494859
-0.04824985
-0.24652302
-0.00991056
-0.40224326
0.02128307
-0.14405242
-0.05709648
-0.02593797
0.05559400
0.12533166
-0.06534147
-0.05133088
-0.11370464
0.04802178
-0.12561597
-0.11525892
0.00422941
-0.07751170
-0.00156954
0.11113439
0.00249778
-0.04625252
-0.26078251
-0.11637554
0.03268280
-0.11197232
-0.01583473
0.00895216
0.03832457
0.08445890
-0.32015136
-0.13153531
-0.22435616
-0.01657340
-0.06439805
0.00413856
0.17096952
-0.06961825
0.03368185
-0.16570391
-0.10052578
0.13683072
-0.24493717
-0.09838036
-0.25788727
-0.17560242
-0.38445428
-0.33728072
0.02494469
-0.00035905
-0.07116025
-0.00027393
-0.02771726
0.05128184
-0.04676551
-0.07487477
-0.29930681
-0.12874749
0.00467327
0.12088064
-0.02588282
-0.01513666
-0.22435383
-0.10253354
-0.04388761
-0.05881033
-0.09322877
-0.13331781
-0.02221050
0.81617397
-0.06416319
-0.16891713
-0.03305478
-0.10320471
-0.04861404
-0.06425261
-0.44565049
-0.35761875
-0.01195308
-0.03850467
0.00260959
-0.05126370
-0.03851090
0.01623490
0.02005907
-0.20948771
0.05228018
0.05094928
0.17775905
-0.04924934
0.08848545
-0.00741362
-0.30197203
-0.28718477
0.00481039
-0.18819852
-0.20623156
-0.38056165
-0.00356665
-0.00453352
-0.08490225
-0.09933599
-0.04545258
-0.03267674
-0.01155775
0.09478515
0.06764210
0.12002695
-0.14123443
-0.18271187
0.04362658
-0.55482459
-0.17481452
-0.11041524
-0.01986370
0.03616306
0.04003104
-0.00624748
0.10211095
0.11238547
-0.23620723
-0.01383499
0.11050708
-0.34365740
-0.08092532
-0.24011138
-0.04098335
-0.19911894
0.38420671
-0.25701970
-0.06381961
-0.04633179
-0.10554463
-0.07132019
-0.09711338
-0.10909279
-0.19963787
-0.06899291
0.22319832
-0.02994052
-0.13965966
-0.00682780
0.01352342
-0.29193315
-0.13561666
0.06592228
0.14648777
-0.14679034
-0.02875154
-0.40638107
-0.00095205
-0.03684448
0.08683832
-0.02135604
-0.18215455
0.13533814
-0.00772954
-0.17511970
0.20725784
-0.03020688
-0.13360004
-0.53134125
0.01809308
-0.05799041
-0.11074669
-0.32428282
-0.01223591
-0.14452484
-0.08118466
0.41588426
-0.07723524
-0.31286114
0.01892159
-0.04573927
-0.25068846
-0.13442051
-0.04109412
-0.13242806
-0.37138045
-0.06688903
-0.04690320
-0.03631188
-0.57985085
-0.30106875
0.15249540
-0.06996699
-0.19158557
-0.06021215
-0.16300993
-0.09598481
-0.00463338
-0.12807903
-0.36695522
0.03394369
-0.06124706
-0.15088420
-0.03720104
0.05832338
-0.03115294
0.03232876
-0.06283730
-0.18867137
-0.06154298
-0.27816549
-0.26992396
0.05197200
-0.23691358
-0.47824451
-0.10228184
0.44850084
-0.05964059
-0.23618671
-0.01073559
-0.01359756
-0.09280904
-0.12812160
-0.10218947
-0.10806889
-0.19392696
-0.04733671
-0.09330216
-0.12408524
0.02930296
-0.17674986
-0.17293757
-0.19845331
-0.22183472
-0.14344688
-0.08460293
0.04861367
-0.52336854
0.13113312
0.16924968
-0.02890353
-0.17402323
-0.15228741
-0.01925934
-0.61264342
-0.03759903
0.09181621
-0.13269971
-0.06677339
0.22507736
-0.00660417
-0.17186283
-0.14997785
0.07780626
-0.30332834
0.14607260
0.22005855
0.04623050
0.00115560
-0.00403926
-0.06419141
0.14099565
0.11526425
0.04929219
-0.23173302
-0.08514690
-1.01966023
-0.03602093
-0.30633727
-0.23058662
0.05315496
-0.00635263
0.12441642
0.08610208
0.00163530
-0.42127296
-0.63376343
-0.16357732
-0.00365310
0.01385592
-0.09011899
0.05398639
-0.12143482
-0.01259751
-0.04739868
-0.35932136
0.05789897
0.04552636
-0.03423613
-0.02318689
-0.10848970
0.07440580
-0.14604521
-0.28327620
-0.22714157
-0.14785856
0.11742538
0.25291896
-0.00960207
-0.27786458
-0.07793868
0.00297674
-0.45769751
-0.11745282
-0.08143234
-0.00227412
0.10897408
-0.17934687
-0.17185768
-0.21181992
-0.45168069
-0.06552856
0.01758703
0.01411243
0.07971347
0.02835263
-0.13239460
0.05739907
-0.06804631
-0.56358373
-0.21690105
0.10647510
-0.02285146
0.04808037
-0.00307148
-0.35300273
0.00356351
-0.03441430
0.16273172
-0.19219531
0.15608002
-0.09205675
-0.15045990
0.15304565
-0.47212893
-0.05136823
0.39847019
-0.04724291
0.01311816
-0.27641642
-0.69375259
-0.07368859
0.10564374
-0.26858667
-0.05185773
0.01658564
-0.34738904
-0.08043773
-0.08088764
0.05839582
-0.17136072
0.07585555
-0.13869302
-0.17928445
-0.09375332
-0.39129531
-0.09241641
0.03882070
-0.35227990
-0.16207165
-0.03899459
-0.02229193
0.05976221
-0.47509179
-0.09002128
0.00955388
0.12899944
0.02903114
-0.14544444
0.03555909
-0.04424617
-0.25302127
-0.15763907
-0.23951378
-0.52352393
-0.14568546
-0.08158217
-0.02844798
-0.00430567
-0.03619920
-0.09900400
0.06902491
-0.03791985
-0.17893784
-0.06020113
-0.08543090
-0.40669647
0.02687861
0.10706589
0.02308790
0.24086010
-0.18364486
-0.17507984
0.03501470
0.00906278
0.03224108
-0.29584587
0.14482360
0.07709725
0.08747760
-0.10045218
-0.01100299
-0.56031251
-0.21603796
0.01570466
-0.06163528
-0.08458412
-0.32768711
0.23500393
-0.02466980
-0.02640763
-0.03937975
-0.10902689
0.01178590
-0.26285037
-0.01783750
-0.19240366
-0.12521023
0.12360306
-0.00772057
-0.24321951
-0.18750662
-0.10967391
-0.30186814
-0.02092022
-0.00175308
-0.02253073
-0.08599216
-0.58651066
-0.08379295
-0.01072818
0.03303363
-0.03535592
0.02857891
-0.17792164
-0.04559297
0.01352737
0.07089364
0.10931753
-0.00655394
-0.19682735
-0.35350177
-0.14646944
-0.10977005
0.00275732
-0.37887648
0.26778424
-0.02800430
-0.09227736
-0.13059607
-0.33960673
-0.14879113
-0.37119365
-0.07469802
-0.22811519
-0.24342321
0.00171771
-0.10375505
0.25186691
-0.11202018
0.02539384
-0.06254292
-0.01505043
-0.50387424
-0.09046116
-0.07283804
-0.41202837
-0.00819283
0.00683760
-0.45996681
-0.38637865
-0.16049387
-0.60863727
-0.14302006
-0.15803830
-0.04853615
-0.00211586
0.07027666
0.06694636
0.48197436
-0.00475383
-0.08459646
0.03829513
-0.42097929
0.01650862
-0.05248620
-0.09082384
-0.38488406
-0.04696724
0.03301468
-0.08424783
0.02338019
-0.02396341
-0.00349277
0.01605818
-0.10375841
-0.01537983
-0.08845567
-0.18523470
-0.04341856
-0.00694962
-0.01919346
-0.07373770
-0.03917203
-0.12042478
-0.07422683
-0.04829496
-0.08855434
-0.07671916
-0.00430112
-0.01737829
-0.08853514
-0.00364964
-0.02969693
-0.02396278
-0.04503969
0.03045330
-0.04842845
-0.03151949
-0.03582740
-0.10868929
0.17336832
-0.09295683
0.00579494
-0.08972073
0.01880263
0.06380615
-0.04889802
-0.03263567
-0.03299391
-0.04245780
-0.04392755
-0.07813348
-0.10438562
-0.01017163
-0.03826029
-0.03869554
0.00115175
0.21870226
-0.01629462
-0.05388112
-0.00979020
-0.03942872
-0.02904847
-0.03126215
0.00036432
-0.06052478
-0.00272902
0.01835984
-0.25518945
0.01936848
-0.04560134
0.01607875
-0.06384074
0.00503738
-0.07494102
0.04167278
0.09253652
-0.09669563
-0.01244516
-0.06557854
-0.06882975
-0.01356504
-0.05825789
-0.01389798
-0.09551385
-0.20288707
-0.00774800
-0.04909017
-0.04260280
-0.02659718
0.01111654
-0.07033627
0.00435877
-0.05513894
-0.05468028
-0.07979439
0.04052148
-0.02166914
0.00646404
0.04096181
-0.05207403
-0.03680757
-0.05811699
-0.01854540
-0.22582054
-0.02302486
-0.06702574
-0.12970613
-0.08255362
-0.09405030
-0.03531503
-0.05910644
0.03866407
-0.12237958
0.13903424
-0.01550599
-0.04337162
-0.07701370
-0.06066752
0.00587187
-0.03731550
-0.06780151
-0.19197775
-0.02199573
-0.02106722
-0.05606209
0.03483557
0.01683448
0.02204053
-0.10416379
-0.05257194
-0.04506192
-0.06323837
0.03732906
0.00605365
-0.08070450
-0.06339981
-0.07298000
-0.05823236
0.00876299
-0.02375006
-0.01232364
-0.04034512
-0.06418183
0.03852631
-0.06731873
-0.06674051
-0.05421420
-0.01249185
-0.11340909
-0.15036359
-0.02479589
0.00845100
-0.00196860
-0.00291750
-0.03175645
-0.06150518
-0.15356854
-0.21218666
0.02601614
0.03018492
0.09285611
-0.04586761
-0.02069665
0.02740931
0.01919384
-0.06632838
0.01195010
-0.02388271
-0.02259597
0.00275767
-0.02327361
-0.02964165
-0.01008602
-0.12405453
-0.17750435
-0.12740716
0.00413159
-0.02748903
-0.01344193
-0.07857809
-0.16650264
-0.04591264
-0.03400740
0.00798722
0.00018419
0.03529507
-0.24528466
0.02010592
-0.07637046
-0.01424059
-0.01847301
-0.08208107
-0.02591125
0.05489907
-0.10079499
-0.02732307
-0.04249114
-0.00487798
-0.00098856
-0.01367962
0.03660753
-0.03419294
-0.02492914
-0.00987202
-0.17684034
0.00554004
-0.07420534
-0.01391803
-0.05062233
0.03472153
0.02559903
-0.06532708
-0.01917053
0.02319557
-0.06935393
-0.05746850
0.01469589
-0.02019592
-0.00185869
-0.07362389
-0.00667412
-0.05079665
-0.05152700
-0.01558799
-0.02251205
-0.06759597
0.03007650
0.03222145
-0.03798677
-0.09009598
-0.02726745
0.20906320
0.04033041
-0.07699665
0.02058237
-0.05268941
-0.01138337
-0.07881323
-0.04517044
-0.01061239
-0.06839965
-0.01668619
0.02300148
-0.21676123
-0.07319593
-0.18715261
-0.08823142
-0.01252937
0.02657954
-0.00668847
0.00811417
-0.05371942
-0.04096427
0.01747677
0.02563594
-0.04998078
-0.02424865
-0.08853222
0.03817079
0.04141726
-0.05788345
-0.10886877
-0.12622769
-0.16426767
-0.06597668
-0.02776476
-0.21535031
-0.44355491
0.30926314
0.13818511
0.04582218
-0.06248760
-0.30499512
0.08411310
-0.29288831
0.01739579
-0.30022824
-0.03351695
0.00421275
-0.13079347
0.21067081
-0.03817460
-0.10574407
0.13138051
-0.12006418
0.00844787
-0.27986726
0.00007871
0.01649741
-0.06405135
-0.11422087
-0.33282405
-0.06145719
0.04718980
-0.29404077
-0.00054188
-0.97930336
0.02229227
-0.12828770
-0.02861299
0.01303665
0.00385738
0.03554277
-0.03069290
-0.63941294
-0.35842955
-0.26341334
-0.24795081
-0.23541501
0.02615405
-0.35758647
-0.10850657
-0.26114696
-0.00005660
-0.02986674
-0.25673604
-0.09826113
-0.00976719
-0.12267987
0.02129340
-0.06671635
-0.07027505
-0.05864277
-0.28950036
-0.07309162
-0.29792124
0.02603335
-0.43830070
-0.01455444
-0.50364476
-0.15095262
0.01857179
-0.23630451
-0.22175707
0.04950709
-0.24239761
0.02474484
-0.18521759
-0.21660078
-0.33786061
-0.56840515
0.09304161
-0.01405168
-0.30169499
-0.07282312
0.01954246
-0.10600077
-0.09003110
-0.08369069
-0.01480484
0.06701221
0.24935469
0.00072548
0.01457903
-0.01588623
-0.08818522
-0.14890400
0.09909143
-0.09138474
-0.03637432
0.09539539
0.03267709
-0.43790132
-0.02105214
-0.06957531
-0.00004855
0.32128450
-0.03316292
-0.09103071
-0.27503663
-0.24424684
0.03560001
0.02009656
0.04721915
-0.08125831
0.03822608
-0.23624881
-0.09934997
-0.04135346
-0.03702270
-0.38603154
-0.16074261
-0.13629891
0.08255028
0.01112323
0.11073194
-0.20309971
-0.04972985
-0.23102701
-0.29609537
-0.33977079
-0.00131015
0.00739670
-0.66891903
-0.00995929
0.10911936
0.03375600
-0.05683155
-0.07239265
-0.01429418
-0.14591400
-0.34054562
-0.57355750
-0.10230933
0.02674803
-0.13942125
-0.20720647
-0.05363462
-0.04731538
0.03799378
-0.00156702
-0.08283532
-0.17796075
-0.61474860
-0.08290587
-0.02715139
-0.39499974
-0.08537098
-0.22030543
-0.09114478
0.22925995
-0.15027577
-0.15508719
-0.07339958
0.05848886
-0.19663334
-0.15033646
-0.11325304
0.03245755
-0.11856085
-0.36320055
-0.24301735
0.10200778
-0.67763764
0.01314010
0.20079215
-0.15131177
-0.13758427
0.00223617
-0.18616997
-0.22230951
-0.08765803
-0.39045152
0.03064892
0.04386976
0.09473630
-0.10625972
-0.08686329
0.01832099
0.00980312
-0.28081185
-0.08653967
-0.06377580
-0.03182437
-0.20210904
-0.00754407
-0.03889016
-0.36894652
-0.74318898
-0.32302487
-0.04170498
0.00821059
-0.32768297
0.07160984
-0.46743804
0.04123148
-0.01279991
-0.26990855
0.02932714
0.00902095
0.12231309
-0.25852007
-0.14138968
-0.14025034
0.14154442
-0.40719792
-0.24870147
-0.01212365
0.01154373
-0.10937152
-0.04544019
-0.33241203
-0.22457130
0.00453074
-0.06028683
-0.16581993
0.05179960
-0.01502747
-0.19135998
-0.21492065
-0.02719189
-0.08462717
0.04111580
-0.16093786
-0.13305375
0.03879439
-0.68846458
-0.23962465
0.00323708
-0.60848624
0.01972107
0.05160104
-0.47860801
-0.16823661
-0.02707169
-0.01076899
-0.01793779
-0.00134553
-0.03216344
-0.05198165
0.04105953
-0.14186205
-0.08907273
-0.73973274
0.16011098
-0.02667031
-0.08818968
0.30659616
-0.22359154
0.00900661
0.00208512
-0.00854006
0.03477761
-0.08044646
-0.07084639
-0.13791209
0.01828601
-0.49746278
-0.08475425
-0.04412847
-0.08441747
0.02222807
-0.03263001
-0.06500483
-0.08255976
0.02094148
0.10397556
-0.43993619
-0.12963183
-0.15650789
-0.20251240
0.02915535
0.06378529
0.00358344
-0.03761019
-0.09271849
-0.06829859
-0.03104529
-0.17601955
-0.01565489
0.07146588
-0.10521492
-0.28760049
-0.04598368
0.02063940
-0.01801457
0.04388414
-0.01458302
0.00731684
0.02597724
-0.15441695
-0.10713480
-0.06045486
-0.12353752
0.00269376
0.01541698
-0.15346430
0.00322716
-0.10728305
-0.01885651
-0.05808584
-0.22938506
-0.03105670
-0.05953620
-0.00409751
-0.08444934
-0.06328064
0.18117902
-0.23346777
-0.18525000
0.03271449
-0.12300028
-0.09552996
0.03126626
-0.01406049
-0.10767516
-0.18289986
-0.05659873
-0.09258108
-0.21266751
-0.00622851
-0.36553773
0.08273364
-0.19494425
-0.03113627
-0.33223540
-0.20890312
-0.04170880
0.06414457
0.15215446
-0.02536778
0.01550167
0.00730467
0.02700964
0.01255926
-0.02022984
-0.01313844
0.04390068
-0.07137609
0.01368154
-0.06833103
-0.08352873
0.05231266
-0.06538947
0.01677720
-0.27352941
-0.07995018
0.07817901
0.08106515
-0.06289420
-0.16272880
-0.04857162
-0.12154751
-0.10201898
-0.20070222
-0.05785036
-0.09708584
-0.02595267
0.04789553
0.04550683
-0.06843650
0.03818747
-0.15828371
-0.08488615
-0.26229084
0.02338382
-0.07691661
-0.04612447
-0.09349829
-0.09143856
-0.10707750
-0.02044913
-0.09787881
0.08877897
-0.03644461
-0.02206409
-0.10207164
0.04033848
-0.13070685
-0.08761054
-0.08184817
0.06139263
0.00845453
-0.00280256
-0.10736110
-0.11499229
-0.10297043
-0.12595284
-0.19294359
-0.05890866
-0.22237383
-0.01419125
-0.01790736
0.03073768
-0.03676023
0.02946702
-0.00975168
-0.08875952
-0.01832185
0.30407196
-0.01565035
0.05087398
-0.42479298
0.02512326
-0.15051067
0.06171690
0.00346579
-0.09523822
-0.27466342
-0.00810547
0.01585259
-0.01465072
-0.02789249
0.09582077
0.14770368
-0.20357375
0.03704653
0.00126271
-0.12566233
0.01144178
0.00602107
-0.12693599
-0.13005993
0.05111981
-0.04740274
0.08462892
-0.11118680
-0.03303260
-0.30760270
-0.04158296
-0.02267050
-0.06474172
0.01828040
-0.00468685
-0.09608389
-0.02892143
-0.04148754
-0.01492902
0.35039100
-0.26307023
-0.10506275
-0.02055178
-0.02681178
-0.09402612
-0.04782168
-0.04672372
-0.10682879
0.08481445
-0.05593926
-0.11537540
0.21385773
0.00095896
0.00112021
-0.11447372
-0.10261018
0.01746310
-0.20970953
-0.12262903
0.06632236
-0.05437301
0.03665820
-0.30111891
0.02550669
0.00342897
-0.03204692
-0.12255342
0.01909861
-0.25364774
-0.14716412
-0.06863832
-0.07337152
-0.13365908
0.00342713
-0.10456287
0.04421908
-0.03874165
-0.00880211
-0.07625680
-0.00345528
-0.08742697
-0.19057991
-0.01968413
-0.56160051
0.01358569
-0.03772283
-0.22516941
-0.12594572
-0.11412060
0.00338619
-0.09600709
-0.14857613
0.03514326
0.08058435
0.00650257
0.17688954
-0.02150331
-0.03620065
0.00197934
0.00054072
-0.16432782
-0.14602901
0.03080447
0.17711346
-0.21830347
-0.24172334
-0.02575337
-0.25224617
-0.09649997
-0.06853490
-0.06334083
-0.21253446
-0.18779351
-0.04628051
-0.37709647
-0.35185468
-0.03401392
-0.26295647
-0.02411635
-0.21934187
-0.06188778
-0.00849001
-0.06437589
-0.04972249
-0.10429460
-0.15600502
-0.08145157
-0.04317245
-0.04786452
0.43928817
-0.02038127
-0.03107165
-0.09909677
-0.07739884
-0.07383326
-0.03199246
-0.00160151
-0.05379099
-0.09102253
-0.15890981
0.02489338
-0.01356261
0.07422261
0.05923529
0.01887913
-0.02715155
0.02282892
0.00305759
-0.12502183
-0.07392138
-0.14972816
-0.08156864
0.00433932
-0.04140406
0.01966898
-0.06835695
0.00713731
-0.00580091
-0.28896946
-0.07273831
0.02217199
0.04394453
0.00117396
-0.12923639
-0.14289263
0.01482047
-0.31966436
-0.04731700
-0.09272957
-0.19728135
-0.11542235
-0.03266625
-0.15932605
-0.11923572
-0.04340807
-0.03898925
-0.15056917
0.00317248
-0.20359416
-0.10448837
-0.19887337
-0.12535094
-0.23795298
-0.12525389
0.00504419
-0.00921795
0.07261793
-0.02943852
0.04285943
-0.08545890
0.08675349
-0.16778883
-0.08137310
-0.21447855
-0.08005042
-0.01729219
-0.01620378
-0.05763689
-0.04223379
-0.05673325
0.00168185
0.15558052
-0.07459384
-0.02242526
-0.10473792
-0.29817760
-0.09684807
-0.21887705
-0.01654390
-0.14890453
-0.09727115
-0.23478186
-0.00045713
-0.14929043
0.01619944
0.11853925
0.03666944
-0.03846063
0.05096080
-0.19897260
-0.04530231
-0.05906246
0.01089645
-0.15401286
-0.09132298
-0.06701769
-0.00950469
0.00284640
-0.20853698
-0.19000779
0.01798048
-0.21653810
-0.06318926
-0.07090175
-0.02885705
-0.05762813
-0.06084187
-0.00592769
0.01509214
-0.03152817
-0.00666008
-0.01150149
-0.06178443
0.00025830
-0.45350274
-0.03103602
-0.11025247
-0.21944357
0.01192749
-0.22623830
0.02012256
0.02430069
-0.03631816
-0.02561264
-0.10476272
-0.00251674
-0.23235758
0.02084301
-0.01309208
-0.02113265
-0.03158808
-0.08938348
0.17770508
0.01367871
-0.19572808
-0.16494782
0.03181455
-0.01772417
-0.07952888
-0.08751572
0.09318716
-0.13651620
-0.17024826
-0.07498143
-0.18269408
-0.05745861
-0.13982558
0.03235505
-0.02219193
-0.14307962
0.40626374
-0.02321434
-0.08172213
-0.12220046
-0.03687886
-0.05039283
-0.00713058
-0.14286447
-0.05775059
-0.00866442
-0.04368336
-0.03630956
-0.02168256
-0.08711445
-0.06316578
-0.24027827
-0.07033742
-0.10024772
-0.01383466
-0.01836601
-0.08034277
-0.30842179
-0.15528043
-0.12736031
-0.03896724
-0.03174832
0.00169330
-0.08523852
0.22493881
0.00512999
-0.04001514
-0.05863744
-0.01399921
-0.05493812
-0.00121752
0.25025740
0.01860279
-0.00833006
-0.42006662
-0.03712828
-0.02469092
-0.06641440
-0.25570321
-0.35645023
-0.07400125
-0.04963705
0.02815129
-0.07021559
-0.04824428
-0.01196713
-0.01412766
-0.15936029
0.01563425
0.01068050
0.02863331
0.04338083
-0.11344779
-0.14852504
-0.00035793
-0.13378909
-0.14183615
0.04847399
-0.17989838
-0.04522093
-0.14992765
-0.20275314
-0.05436582
-0.05390645
-0.05807378
-0.02963712
-0.12932736
-0.10878765
-0.24980557
0.02185035
-0.02101971
0.13551868
-0.15412813
-0.13321228
-0.00851226
0.11553017
-0.17677768
-0.10925911
-0.05146875
-0.08526937
-0.09866732
-0.05794387
-0.14788607
-0.10124763
-0.04421528
0.00983602
-0.27977246
-0.02827807
0.05714093
-0.09154625
0.00156165
-0.25729284
-0.05669426
-0.05303606
0.06759468
-0.13827664
-0.32394022
-0.08544118
-0.03824245
-0.08408112
-0.21498261
-0.04182163
-0.02618773
-0.00577250
-0.15522888
-0.04549384
-0.12616158
-0.01111211
0.00945516
-0.15380463
-0.13980308
-0.24652392
0.00059114
-0.01807370
-0.00093939
-0.03407932
0.00623029
-0.07711601
-0.05219553
0.02790798
-0.15988851
-0.03241603
0.05932470
-0.03272659
0.01656736
0.01425544
0.02538318
0.02688005
-0.00880709
-0.06258991
-0.15254779
-0.04740090
0.05697840
-0.00133179
-0.04227816
0.05025769
0.13101599
-0.01655598
-0.09344950
0.06935057
-0.07108856
-0.22752205
-0.21400070
0.01438304
-0.10198006
-0.03154607
0.04397834
-0.07869988
-0.00779017
0.04394388
-0.17949389
-0.07006010
-0.06701588
-0.08825520
-0.22408766
-0.13808946
-0.01841493
-0.05333455
-0.12127351
0.01963096
0.03116253
-0.17987278
-0.08016088
0.00477820
-0.16880755
-0.01870126
-0.01254999
0.01631167
-0.05386175
-0.02531690
-0.11799347
0.13994575
-0.00048149
-0.06222697
-0.15863125
0.00222844
-0.13542810
-0.17358468
0.02333086
-0.11609594
-0.01718666
0.03212407
0.01089497
-0.23682623
-0.16432023
-0.10404750
-0.07231683
-0.09181194
0.09158690
-0.12825136
0.00610107
-0.15674114
-0.15590541
-0.04781085
-0.01486380
-0.02482942
-0.08058614
0.03584079
-0.02390681
-0.11546069
-0.01568205
0.01293190
-0.01631898
-0.04559661
-0.07209383
-0.17151901
-0.03285989
-0.02461400
-0.06575624
-0.00380478
-0.01873313
-0.02431488
-0.01067189
0.01600590
-0.04234328
-0.10232401
-0.24298485
-0.12790221
0.02319139
-0.24469866
-0.07464848
-0.19474500
-0.01906638
-0.03953284
-0.01920122
-0.05577982
-0.10423229
-0.07882778
-0.07128405
0.02458901
-0.03414122
-0.01307136
-0.04178733
0.08825466
0.08299603
0.07688079
-0.07193347
0.01758003
0.03527755
-0.02924168
-0.01781334
0.01032550
0.05281635
-0.12603223
-0.19516894
-0.14280216
-0.04404845
-0.04296525
-0.03458927
0.00767291
-0.04058605
-0.27396008
-0.16284917
0.01263238
0.01321252
-0.02814649
-0.06178194
-0.13057905
-0.03174408
-0.16642590
-0.04334880
-0.15910657
-0.05368781
-0.03191647
0.00136924
-0.12595685
-0.14322782
0.05775696
-0.08813857
-0.12223364
0.01419746
0.03530408
-0.06681573
-0.24381374
-0.05694561
-0.22783467
0.01000351
-0.09546790
-0.06522293
-0.26661423
-0.08963481
-0.06321408
-0.15618679
-0.04206289
-0.03615012
0.00726811
0.01982369
-0.09054121
-0.04968024
0.06721735
-0.15554571
-0.03012874
-0.16394335
-0.02845063
-0.01993518
-0.19443202
-0.09529588
-0.25524312
-0.03686677
-0.04016996
-0.13150667
0.10953946
-0.04219081
-0.14573313
-0.09044588
0.00520847
-0.08212867
-0.05735024
-0.12966235
-0.20857133
-0.07815100
-0.14442711
0.11395432
0.02334892
-0.23812966
-0.07120387
0.04025445
-0.28868550
-0.00164732
-0.17705891
-0.01795585
-0.02754428
-0.06096978
-0.20716006
-0.31510216
-0.06694516
-0.05091273
-0.15441473
-0.17308548
-0.04498117
-0.03725310
-0.10672259
-0.17149931
-0.07332692
-0.12070172
-0.19486625
-0.01095396
-0.21930957
-0.05796167
0.12917705
-0.21592812
-0.01120942
-0.11180358
-0.30350551
-0.00109163
-0.02010709
0.02295186
-0.24698658
0.00432428
-0.05962179
-0.01397896
0.01998847
-0.22352529
-0.14979081
-0.08063524
-0.33686659
-0.37708518
0.20005888
-0.01629028
-0.04773968
0.13072690
-0.02907465
-0.22397962
-0.19551499
-0.04806240
-0.07016353
-0.06001349
-0.31392837
0.03732250
0.02941138
-0.17718510
0.12042536
0.01678070
-0.12164939
0.05214105
-0.16613597
-0.19004290
0.02398468
0.10860625
-0.03767245
-0.04706938
-0.01990854
0.02525453
0.09526655
0.04512876
-0.00029365
-0.16933651
-0.03043909
-0.03713960
0.02741009
0.08398588
-0.03127496
-0.10317441
-0.04078932
-0.19434845
-0.09863309
-0.19854032
-0.05782003
-0.21317601
-0.01096676
-0.28589642
0.02009623
-0.00279536
-0.06322759
0.06102474
-0.04797271
0.08166157
0.11871524
-0.04314524
0.01928956
-0.18459897
-0.14993969
-0.01516489
-0.01372515
0.00243222
0.02156687
-0.01259823
-0.12322454
0.12990883
-0.06524451
-0.27009863
-0.11121964
-0.05221583
0.00592340
0.01060152
-0.01231645
-0.16239871
-0.22215462
0.00151183
-0.05655913
-0.03842567
-0.14026347
-0.12140599
0.05467159
0.11294125
-0.18857838
-0.02982964
-0.36819407
-0.05608767
-0.11639891
-0.05660023
-0.02538933
-0.04106507
0.01469604
-0.30001673
-0.04340332
-0.05047381
-0.04652836
-0.02270794
-0.05274191
0.05417226
-0.17397062
-0.05159527
-0.04078780
-0.10209159
-0.04655852
-0.01967561
-0.07923400
-0.04294507
-0.15733168
-0.15867248
-0.12864409
0.00037426
0.07572468
-0.11293040
-0.04735562
0.02912606
0.01282459
-0.09407517
-0.09391036
-0.08810676
-0.09659320
-0.21006487
-0.06502945
-0.13891856
-0.26953134
-0.08668875
-0.10438148
0.05159359
-0.00571468
-0.01141516
-0.00240637
-0.13582945
-0.11815093
-0.17851780
-0.05098563
-0.01065082
0.06348840
-0.08633512
-0.07792881
0.10817871
-0.08178830
-0.13526712
0.07991304
-0.08887916
-0.05431919
-0.04920762
-0.02805359
-0.10476566
-0.10000484
-0.50583231
-0.09554472
-0.19390118
-0.08733444
-0.08145497
0.05106755
0.02048162
-0.21064641
-0.21343978
-0.14407501
-0.07646011
-0.03583498
-0.05422824
-0.18894289
0.01147231
-0.05262449
-0.06022388
-0.06907969
0.03591601
-0.12362141
0.03056668
-0.01650134
-0.13678436
-0.02664252
-0.11983526
-0.13466366
-0.10998587
-0.02220742
-0.09674346
-0.28955477
0.10145845
-0.01180031
0.01453941
-0.06242638
-0.05287627
-0.18568729
-0.00975778
0.01602764
-0.23111437
0.06997475
0.00304087
-0.13821998
-0.00404291
-0.09271746
0.08138659
0.01298456
-0.26576322
-0.11207252
-0.06595073
0.03754932
-0.03313990
-0.25320020
-0.02760204
-0.12352320
-0.01981301
-0.08798493
-0.04382266
-0.01342583
-0.01375879
-0.13446690
-0.00504194
0.00252401
-0.08414344
0.00535205
-0.08327348
-0.09116979
0.04770914
0.03314334
0.01250521
-0.03746496
-0.13064845
-0.02636797
-0.17126776
-0.30146757
-0.20592950
-0.05976644
-0.01740563
-0.08330192
0.11878888
-0.10383613
-0.28417689
0.02979142
-0.07953318
0.03388079
-0.12951708
-0.05109032
0.00163965
-0.04044124
-0.09743685
-0.09048638
-0.06116521
-0.01907093
0.07711577
-0.02624458
-0.16895638
-0.16268270
-0.16253377
-0.05008217
-0.43676165
-0.28675172
-0.09498023
0.38115418
0.02373197
-0.21132788
0.00869366
-0.10180826
0.01145740
-0.27595353
-0.32115361
-0.41597283
0.10906071
-0.16809022
-0.10116804
0.16520940
-0.01844706
-0.04468307
-0.27044219
-0.24935247
-0.11593360
-0.04492711
-0.05582210
-0.18210118
-0.20909379
-0.43975988
-0.01327433
-0.15263721
0.04067348
0.02628552
-0.03926530
-0.07747072
0.08552398
-0.24573120
-0.25021467
-0.04454829
0.29462531
-0.00913989
0.02598180
-0.02119457
0.03097996
-0.05116197
0.01026107
-0.03919161
-0.38945603
-0.13306919
0.01578872
0.04659862
-0.02308962
-0.08578744
-0.04954184
0.00437648
0.11333446
0.00345010
-0.11503560
-0.50023663
-0.28558683
-0.04692732
-0.01914908
-0.30650973
-0.02530778
0.22836700
-0.13683063
-0.10747854
-0.10103517
0.26698068
-0.02230414
0.21242882
-0.07547476
-0.13067515
0.03365347
-0.01381373
-0.19639018
-0.02168896
-0.01783544
0.01278304
-0.01625869
-0.09079017
-0.08117174
-0.18575881
-0.10184184
-0.04683578
0.02783437
-0.03407436
-0.03237168
-0.11083700
0.07820982
0.06678274
-0.14096467
-0.10202673
0.01241961
0.14478548
0.04160113
-0.30136734
-0.25358394
-0.44357356
-0.20428315
-0.56184638
-0.27128431
-0.13654447
-0.09117208
-0.03965013
-0.16539946
-0.11994298
-0.03104233
-0.07176680
-0.05683843
-0.04572303
-0.03110194
-0.11950060
0.10072619
0.06643628
0.14564848
-0.10085417
-0.24513459
-0.62580144
-0.01973109
-0.32265046
-0.27732405
-0.36190534
-0.12416915
-0.06796944
-0.25580847
-0.07378027
-0.05272953
-0.05535363
-0.08758162
-0.06324067
-0.00837370
-0.07415314
-0.21002948
-0.18029165
0.09995659
-0.26109266
-0.04181859
-0.04441739
-0.07090928
0.00491529
-0.01667514
-0.00057869
-0.06842362
-0.48033968
-0.29389751
-0.05349364
-0.09893590
-0.30648413
0.14883780
-0.29916698
-0.05804039
-0.10745631
-0.00018872
-0.13835567
0.02788251
0.04563379
-0.11155979
-0.34063664
0.03461469
-0.24691549
-0.09362393
-0.25928533
-0.30535889
-0.38046747
-0.15801203
-0.03369625
0.06360976
-0.41172442
-0.00067887
0.48402536
-0.00164277
-0.15658066
-0.04288872
-0.32420984
0.04061593
0.08944529
0.15871605
-0.10974842
-0.05207666
-0.01332874
0.02083650
-0.20298144
-0.17320186
-0.09185445
-0.06855587
0.07083721
-0.13070215
0.15947026
-0.20707624
-0.31929034
0.15310396
-0.23382685
-0.05899073
-0.04631073
-0.01279922
-0.36378485
-0.13928410
0.01670723
-0.11141647
0.08536050
0.04463390
-0.15022761
-0.11526399
-0.20968169
-0.04521471
0.03909219
-0.14498751
-0.32262221
-0.01538449
-0.06608436
-0.04420334
-0.16068918
-0.22939567
-0.22850500
-0.00285088
-0.06311005
-0.24900147
0.08856422
-0.00710904
-0.08478194
-0.07221298
0.01941497
-0.03440147
-0.05632548
-0.10268459
0.00991279
0.10356744
-0.65054065
-0.41254914
-0.03589597
-0.31410542
-0.16591482
-0.19394098
-0.21671623
0.10205538
-0.08855540
-0.01904742
-0.06857879
-0.09764624
0.02427121
-0.11296491
-0.08773709
-0.08797842
0.19153598
-0.78702062
-0.05167038
0.01882618
-0.23789521
0.18684602
-0.35788178
-0.01957089
-0.15449259
-0.11987855
-0.10399500
-0.08936188
-0.06118523
-0.12079263
0.04495105
-0.14442827
-0.42253977
-0.02315646
-0.32399696
-0.01500869
-0.29751658
-0.02499374
-0.13336025
0.03221609
-0.24326965
-0.24089091
-0.04637523
0.21100126
-0.26794910
0.26469359
0.07003325
-0.04957343
-0.05809778
-0.01552411
-0.02635333
-0.20710585
-0.04203153
-0.03114031
-0.22439130
-0.16181733
-0.39872256
-0.00824674
0.07058568
-0.18118776
-0.01189831
0.03276538
0.02115956
-0.04232578
-0.08936469
-0.12555458
-0.01828721
0.00723113
0.09386929
0.00042094
0.20900616
0.02553558
-0.11370353
0.00405423
-0.02991109
-0.01022525
-0.00367470
-0.06544377
-0.04891755
-0.02246547
-0.08112896
-0.23194443
-0.09802889
-0.21569437
-0.06046533
-0.29332021
-0.06713329
-0.14864618
0.01333231
-0.17339750
-0.05262936
-0.01964287
-0.18337798
-0.07173380
-0.06394850
-0.05972732
-0.11653014
0.01716700
0.05235977
-0.19383292
-0.21755171
0.03357822
0.00719542
-0.00194075
-0.00399297
-0.04473048
-0.12238136
0.10871260
-0.00220674
-0.08060367
-0.06069900
-0.06201794
-0.02401911
-0.00849315
-0.05633150
-0.17269325
-0.12700342
-0.03293591
0.04411606
0.04097804
0.04381211
0.07647397
0.06851257
0.06352676
-0.09592816
-0.01676638
0.08206980
-0.24433760
-0.17932245
-0.19132228
-0.41941211
-0.01126384
-0.11004175
-0.10843348
-0.01702838
-0.01090128
-0.03612319
-0.21294972
-0.06918365
0.00384796
-0.12429459
-0.07588854
0.07177126
-0.08117643
-0.01783201
-0.12205328
-0.25328138
-0.04402905
0.00135924
-0.05248152
-0.24108714
-0.14989395
-0.06575280
-0.09189094
0.07973959
-0.00894854
0.02852182
-0.10197617
0.05630988
-0.06252133
-0.09986699
0.04287803
-0.04822942
-0.05205690
-0.28912863
-0.09685329
-0.27278602
-0.00429627
-0.04372237
-0.05939909
-0.06444335
-0.24238349
-0.23392120
-0.09567205
-0.12666380
-0.06543496
0.04330057
-0.03562354
-0.32322183
0.04534587
0.16261347
-0.11051136
-0.15932691
-0.03387064
-0.00564411
0.00914534
0.07897586
-0.01310081
-0.20655720
-0.06278975
-0.16607499
-0.34884009
0.08947994
-0.12519711
-0.07030628
0.12256736
-0.22145927
-0.45910516
-0.04554571
-0.06909870
-0.30812946
0.01193926
-0.43011537
-0.00136091
-0.16278604
-0.02431738
-0.09253891
-0.07774945
-0.06397144
0.00298678
-0.11810637
-0.21005628
-0.08882687
-0.07954025
-0.19309033
-0.11233334
-0.05927086
0.04905078
-0.44048372
-0.03843934
-0.21731527
-0.04992098
-0.14786054
0.03583745
-0.44634029
-0.16359790
0.03374132
-0.05241818
-0.07053147
-0.06534532
-0.13289945
-0.10258632
-0.28627273
-0.04088646
0.00086887
-0.46516061
-0.00792369
-0.04488146
-0.00047213
-0.27263308
-0.04043634
-0.25021902
-0.17972432
0.01624867
-0.09489145
-0.18931462
-0.03009949
-0.02082403
-0.21701485
-0.12844752
-0.02855489
-0.08272176
0.03024536
-0.12886938
-0.06023899
-0.06792948
-0.10289696
-0.02144854
0.02356641
-0.35991761
-0.12827289
-0.14581732
-0.30416730
-0.05201585
-0.02453082
-0.01812673
-0.09390136
0.02059899
-0.02499543
-0.12534501
-0.00729057
-0.05606429
0.00176005
-0.45679858
0.00776267
-0.03715524
-0.03854635
0.27164233
0.04631399
-0.01216929
-0.16355625
-0.05671624
0.03784440
-0.08284312
-0.19636536
-0.12312094
-0.06199539
-0.01443420
-0.19515638
-0.00372711
-0.29234430
-0.05418700
-0.03235219
-0.04211359
0.01180381
0.03400411
-0.02747997
-0.09555534
-0.03791967
-0.09851456
-0.02722735
-0.15816598
-0.06824245
-0.01579156
-0.05625470
-0.07941373
-0.00557008
0.13791391
-0.01894785
-0.01401336
-0.13704371
-0.16657999
-0.08051694
-0.00713258
-0.05274663
-0.03001038
0.03979940
0.03566194
-0.02254998
-0.08634049
0.02122060
-0.03055312
-0.12300465
-0.03422606
0.02367778
0.00738591
0.03105307
0.03295438
-0.12716113
-0.03397290
-0.02007073
-0.01000297
-0.00887586
-0.00907170
-0.03305484
-0.06051478
0.00437850
0.02498632
0.01111006
-0.05923563
0.06766678
-0.01069145
-0.08771843
-0.54929423
0.03315163
-0.02517293
-0.14012980
0.00224672
-0.10687477
0.02857900
-0.04463987
-0.11632954
0.06383055
-0.02586494
-0.04553100
-0.07009907
-0.03255666
-0.03442983
-0.02239206
-0.08972637
-0.00461177
-0.05406475
-0.01531183
-0.08007101
-0.02984315
-0.16672027
0.02011625
-0.07653651
-0.03760314
0.01677377
-0.02352743
-0.08798949
-0.04051802
-0.06590275
-0.01778660
-0.02953157
-0.05632942
-0.13411614
-0.07265544
0.04549341
-0.10254294
-0.05875624
-0.02052304
-0.02512311
-0.09745733
0.03406493
-0.06862099
0.00911817
-0.02628069
-0.03583004
0.02505730
-0.00491356
-0.02006916
-0.19313613
-0.04749050
0.00377147
-0.09368031
-0.03485100
0.05544494
-0.02472994
-0.10068439
-0.04245839
0.01815081
-0.02000602
-0.23570773
-0.13221821
-0.07848985
-0.05217196
-0.05624809
0.01556320
0.03019839
-0.03953996
-0.00052274
0.00181696
-0.06646089
0.00618857
-0.06791962
-0.15027067
-0.07469260
0.01216844
-0.15215418
0.09143274
0.00715724
0.01464276
0.02180350
0.04620025
0.02008332
-0.04044389
-0.10863101
-0.16616489
-0.01969693
-0.10400818
-0.06613486
0.05522775
-0.22758144
0.01272280
-0.02561549
0.02702629
-0.12034173
0.04884081
-0.06588656
0.00410277
-0.04297852
-0.08448792
-0.09743517
-0.09037951
-0.21903880
-0.01921259
0.00059445
0.01718511
-0.02003984
-0.06548418
-0.15433662
-0.12657492
-0.31919667
0.00117016
0.07467724
0.02892687
-0.14976659
-0.01022472
-0.04474834
0.06754352
0.05640593
-0.09812336
-0.04805677
-0.04567942
-0.14122492
-0.16661997
-0.06038098
0.10046683
-0.06302809
-0.00008787
-0.00017933
0.20740959
-0.27847552
-0.00833550
-0.07714766
-0.04777639
-0.03953275
0.00296494
0.10195310
0.01555093
-0.00399787
-0.15761237
0.01322378
0.00296812
-0.14157264
0.16928388
-0.09383442
-0.04039706
0.05330063
-0.07415041
-0.09677033
-0.01459033
-0.00923089
-0.04839689
-0.03310722
0.03630256
-0.02863534
0.00673351
-0.01458400
-0.11937217
0.03274023
-0.01365006
-0.06249408
-0.01410541
-0.00896972
-0.02335100
0.01604601
-0.05207284
-0.04406478
-0.03633144
-0.15295553
-0.12852702
0.03865703
-0.06761664
0.03246544
-0.32120156
-0.17646213
-0.09472514
-0.02914940
-0.01429609
0.11451044
-0.09233797
-0.11304069
0.01155661
-0.04742097
-0.00106808
-0.05322817
-0.24289320
0.02247470
-0.02220259
-0.05219148
-0.00131336
-0.03735290
0.00197382
-0.37478852
-0.20293747
-0.23490080
0.17512827
-0.26168564
-0.15543194
-0.08536853
-0.56929225
0.02210950
-0.07201690
-0.14428453
-0.04408859
-0.06227377
-0.07111573
0.06095320
-0.03780588
-0.22470829
-0.48551151
-0.20747215
-0.08380920
-0.17333165
0.33314487
-0.14073183
-0.04492415
-0.05912681
-0.44431028
0.09615994
-0.05223045
0.14468050
0.04370910
-0.69004089
-0.05746257
-0.39975497
0.01454732
0.17801923
0.09447018
-0.07465024
0.03741650
-0.12330720
0.07829023
-0.11564676
-0.05217912
0.12773617
-0.04100806
0.05114502
-0.03476712
0.02190252
-0.03356213
-0.12138350
-0.01265790
-0.00036069
-0.19747050
0.06261000
-0.03310325
0.02758876
-0.03862857
-0.09620813
-0.03150285
-0.16940822
0.07856542
-0.04468715
-0.00737497
-0.33421379
-0.38831571
0.04642295
-0.39110434
-0.35886338
0.01447723
-0.11542097
0.01695322
-0.08624268
-0.02600326
-0.15384650
0.05822540
-0.01196392
-0.41436011
-0.02401567
0.03755010
-0.02110141
-0.00487226
0.02344603
-0.04713771
-0.28824225
-0.06101170
-0.01741813
-0.60599762
-0.11565996
-0.03887737
-0.03161893
-0.00052392
-0.10097368
-0.20422612
-0.11818237
-0.05135001
-0.00841260
0.14854220
-0.07876904
-0.04127709
0.05092938
-0.00089596
-0.18482167
0.13278852
-0.08122335
-0.11769798
-0.49552339
-0.11550549
-0.21688829
-0.05053745
-0.06843134
0.02368019
-0.02746845
0.00874057
-0.05669044
-0.14757736
-0.26339653
0.02215656
-0.18652640
-0.01980504
-0.00681522
-0.05501212
0.02370523
-0.19057535
-0.00699976
0.03670782
0.03902395
-0.01303923
-0.22864637
-0.06931669
-0.02718911
0.21125305
-0.05066155
-0.03327843
-0.00997522
-0.16987917
-0.03367421
0.01588391
-0.35776010
-0.05684440
-0.18360259
0.14218831
-0.29460984
-0.06515837
-0.18183190
0.02261209
-0.00311427
-0.03061990
-0.09169009
-0.14699435
-0.38933116
-0.13561291
-0.04641249
-0.04219186
-0.16916533
-0.46036026
-0.30716836
-0.04981742
-0.02637724
-0.09602854
-0.27803844
-0.04847414
0.05609535
-0.13619490
0.04856047
-0.09463860
-0.00875291
-0.09037510
-0.13507444
-0.39422131
-0.19943747
-0.05760754
-0.02481242
-0.11129472
-0.19058599
-0.08536310
-0.19841123
0.02541788
-0.01778124
0.12391437
-0.01637106
-0.03964227
-0.01631395
-0.10980152
-0.12825719
-0.06690818
-0.02492656
-0.06655341
-0.24121441
-0.17301206
0.07764815
-0.10895098
0.01776254
0.13401374
0.11344520
-0.11048178
-0.32298663
-0.16680211
-0.52180898
0.06245475
-0.19722377
-0.06892600
-0.60047734
-0.11395891
0.00734305
0.12539540
-0.10862225
-0.06058295
-0.29560524
-0.04838909
-0.12005731
-0.01843038
-0.03547750
-0.22423826
-0.06868290
-0.07101290
0.04506948
-0.04918782
-0.18205956
-0.12528586
-0.13661551
0.01183207
-0.03526787
-0.07592019
-0.04021401
-0.04469004
-0.09238616
-0.11915684
-0.06000331
-0.02864181
0.00110788
-0.16956942
-0.16581662
0.13674721
-0.38919565
-0.15036975
0.00203920
-0.09247997
-0.06175650
-0.23346725
-0.10885490
-0.04549899
-0.21286185
-0.02150071
-0.06302076
-0.06228567
-0.20527385
-0.02051330
-0.16219832
-0.01440736
-0.08511582
-0.42877048
-0.09157954
-0.03989851
-0.42557651
-0.16250405
-0.54632753
-0.06118905
0.14918803
0.08935512
-0.25200734
-0.14408363
-0.09953270
-0.15770523
-0.05195367
-0.49138340
-0.16412380
-0.01909365
0.01284447
0.04003022
-0.18804023
-0.14565277
-0.11244459
0.07310870
-0.16855295
-0.49355486
-0.07755997
0.20971848
-0.39984149
0.11259744
-0.05216757
-0.06216837
-0.15689747
-0.03853078
-0.13120615
-0.02838847
-0.21566986
0.06366879
-0.14798249
0.02668058
-0.23199359
-0.00646180
-0.06725328
-0.17306136
-0.00334154
-0.00137062
-0.19571625
0.04064008
-0.15037054
-0.38456717
-0.58418471
-0.32446152
-0.10550670
-0.02361701
-0.13513839
0.00553508
0.09644911
-0.02485714
0.00953132
-0.17609294
-0.20406042
-0.05433339
-0.13358973
0.00668687
-0.08348552
-0.03603212
-0.24739411
-0.22453566
-0.00783546
-0.21005403
-0.17841652
-0.49968770
0.00473021
-0.33845103
-0.04134904
-0.04394000
-0.31135544
-0.05749398
0.04212864
-0.15899903
-0.15198478
-0.01577836
-0.24413842
-0.50305027
-0.32349896
0.02548508
-0.01451591
-0.22232650
0.02491812
0.01486410
0.10694258
0.00281116
0.05622553
0.28955653
-0.20483300
-0.11733716
-0.00379192
-0.02722565
-0.00582633
-0.26367271
-0.02213198
-0.05104546
0.03779982
-0.13241002
-0.06279902
0.05420855
0.13412534
-0.00399825
-0.23631804
0.06405430
0.03472000
0.04624094
-0.58565843
-0.55031919
0.15378836
0.01564818
-0.08999080
0.20973748
-0.07536704
-0.06657493
-0.06455540
-0.19647489
0.06167886
-0.05586694
-0.07743330
-0.13720261
-0.09631231
-0.23175839
0.01643196
-0.33125255
-0.29658794
-0.00309359
-0.04795136
-0.12770474
-0.34213090
0.05220410
-0.05059484
-0.19116241
-0.11082043
-0.01165781
0.03599238
-0.03395187
0.21014379
-0.60687757
-0.17927802
-0.61478919
-0.05661424
-0.15253414
0.08540745
-0.33088279
-0.08396028
0.00826694
0.04502630
-0.00382769
0.00103943
-0.15946138
-0.38457236
-0.21582784
0.03453920
-0.05483640
-0.12572797
0.02380190
-0.19274053
-0.04332944
-0.02593187
-0.05209960
-0.08369710
-0.06297252
0.02117384
-0.14133875
-0.09081312
-0.16926417
-0.16839971
0.00095764
-0.02759074
-0.06623023
-0.17738028
-0.25142458
-0.05262639
0.10265519
0.27610561
-0.19140626
-0.14364447
0.10678939
-0.20967650
-0.02158020
0.08351777
0.05978450
-0.29939318
-0.04338640
-0.10466969
0.06218733
-0.04667403
0.01925150
-0.19725817
0.33447024
-0.07317366
-0.20707509
-0.46977630
0.05598048
0.01133215
-0.34498364
-0.50603610
-0.20441447
0.19672081
0.03785203
0.20426005
-0.05735085
-0.20306100
-0.06344726
-0.04579719
0.30742583
-0.03562343
-0.09642197
-0.27713239
-0.28718814
-0.10324179
-0.01986755
-0.04546420
-0.19784385
-0.05640361
-0.01866669
-0.00225151
-0.00494133
-0.00191704
-0.20053823
-0.16913958
0.03533491
-0.17780548
-0.25932515
-0.00510432
-0.04876755
-0.12072753
0.08520442
0.04034358
-0.03792180
-0.01556751
-0.48484406
-0.29094011
0.11587140
-0.02194878
-0.05069090
0.02712541
-0.02554953
-0.49801749
0.10053395
-0.17360570
-0.19121048
0.13655457
0.01510231
-0.11214502
-0.03409433
-0.22215268
-0.08647723
-0.01007557
-0.04463803
-0.00940477
0.07153195
-0.06316350
-0.01233314
-0.13635322
-0.14046493
-0.43456578
-0.01282915
-0.05600866
-0.07310618
0.00682010
-0.07380805
-0.09116878
-0.06047326
0.00518745
-0.17201592
-0.04932565
-0.00238326
-0.10897031
0.02499147
-0.23707977
0.04152652
-0.09345403
-0.00463273
-0.18429500
-0.00130343
-0.09504005
-0.05726399
-0.13999295
-0.06081639
-0.01595816
0.04311457
-0.01086464
-0.11017267
-0.03048446
-0.05965488
0.06963482
-0.02591691
-0.07131160
0.01867524
-0.34869686
-0.02810493
0.00915955
-0.07916681
0.01282607
0.03308986
-0.04505693
0.03435857
-0.05877049
-0.08181242
-0.02823744
-0.09684411
-0.06222029
0.02899497
-0.03294788
-0.04264792
-0.03366882
-0.02853475
-0.06557425
0.02565158
-0.05239502
-0.03314842
0.01740806
-0.01359124
-0.02332551
0.00522075
0.02633690
-0.01528481
-0.00901910
-0.00234879
-0.13383380
0.00650058
-0.04386560
-0.05491047
-0.01971746
0.02004788
0.01372072
-0.03723078
-0.09569609
-0.00093451
-0.00207264
0.04801426
0.01218232
-0.14087646
-0.08486594
-0.03464871
-0.02503097
-0.00681990
0.03611660
-0.02362293
-0.15008301
-0.01376542
-0.02077672
-0.15941682
-0.00043849
-0.02717631
0.02311978
-0.02774314
0.03523701
0.00236572
-0.02646593
-0.01262016
0.09755004
-0.03429385
-0.05209235
0.01402046
0.02529856
-0.00091333
-0.05928099
-0.01291040
-0.06040263
-0.03697972
-0.09312541
-0.13867253
-0.07039783
-0.04484007
0.01067870
-0.20474404
0.00725693
0.03291471
-0.00393000
0.00755732
-0.03353040
-0.03961625
-0.14958563
-0.02318641
-0.06889878
-0.01620594
0.07424825
-0.03672573
-0.08127756
0.03354775
-0.06948510
-0.03743385
-0.03661745
0.00208414
-0.00184121
0.00533131
0.01596284
-0.02183312
0.04091662
0.02753259
0.13671613
0.06892187
0.03220354
-0.09351475
-0.01228345
0.02793694
-0.09244484
0.02278119
-0.07335156
0.02233312
-0.02017672
-0.00825234
-0.02836226
0.02828889
-0.07516558
-0.04442506
-0.00524491
0.00918785
-0.05128707
0.03150848
-0.07656795
0.14867064
-0.05112073
-0.01015321
-0.05044632
-0.06189990
0.05737646
-0.05102700
0.04624221
-0.00205386
-0.01135219
-0.14069185
-0.06958325
0.04846134
-0.07125630
0.00415375
-0.04922637
0.01000574
-0.11047678
-0.09361283
-0.46631104
0.04372219
-0.01239690
-0.00588633
-0.04876001
-0.02686153
-0.00769609
-0.01173046
0.03785494
0.00509615
-0.03962890
0.02820081
-0.03919252
-0.03846082
-0.03846912
-0.02915995
-0.07273661
0.06941364
0.01816602
-0.05313453
-0.11238500
-0.01974979
0.02428552
0.03066212
-0.05759899
0.01787995
-0.11365426
-0.06438459
-0.05022329
-0.01902547
-0.03801939
-0.05105076
-0.18732736
0.04624003
0.03005466
-0.06064452
0.00272891
-0.08325054
-0.04053812
-0.05604475
0.00481255
0.00733243
-0.06183418
-0.05729925
-0.03629468
-0.00977472
-0.07549096
-0.00731457
-0.00157847
-0.02953575
-0.04255692
-0.05809923
0.01208732
0.01772543
0.04651687
-0.03503407
-0.01661930
0.02155740
-0.07548293
0.02248428
-0.02382801
-0.13437235
-0.02130328
-0.01276337
-0.18902092
-0.00965023
0.02545115
0.02961614
0.02049909
0.00335432
-0.20809980
-0.01861765
-0.08575749
-0.00679277
-0.09590940
-0.06722351
-0.00201147
-0.04315270
-0.14069720
-0.05490654
-0.03402855
-0.00590673
-0.26950330
0.02594284
-0.08878585
-0.23566832
-0.02035039
-0.24998106
-0.03415687
-0.62188107
0.02589870
-0.03552994
-0.10111433
0.08342223
-0.17633250
-0.03568032
-0.00517772
-0.03218411
-0.01792311
-0.24911644
-0.06733557
-0.06964654
0.05597007
-0.32631108
-0.13198231
-0.04013927
0.04540345
0.03435903
0.01646302
-0.07356589
-0.07440674
0.00932212
-0.28790784
-0.11412086
-0.07689648
-0.00519692
-0.09467561
-0.01814286
-0.08034176
-0.00791618
-0.31941634
-0.10433532
-0.15148205
-0.25177908
0.00930897
-0.22871605
0.02413606
0.03671974
-0.11522638
0.01280530
0.22295545
0.03824058
0.02115021
-0.25463003
0.01470706
-0.00850699
0.01069933
-0.03153488
0.03101044
-0.18223800
0.02923294
0.16013734
-0.11407389
-0.09374629
-0.23484112
-0.29350591
0.03067047
-0.09293309
-0.14385398
-0.06119619
-0.35972446
-0.13974577
-0.10758148
0.09905131
-0.07724405
-0.14894497
-0.04860979
-0.41424331
-0.34005126
0.00390139
0.01787907
-0.18126447
0.01389553
0.00441437
0.02268191
0.00553445
-0.07041400
0.09933770
-0.13443981
0.05916314
0.04086465
-0.01853784
-0.03709177
-0.35341009
-0.05999023
0.00640832
0.01668008
0.05133443
-0.12343976
-0.17962790
-0.22290540
-0.09297831
-0.05827440
0.06238328
-0.04265590
-0.05429153
-0.38366979
-0.11314674
-0.08717114
0.05640322
-0.00549338
-0.17920709
-0.07758737
-0.08759614
-0.25874257
-0.07751320
0.07941981
0.01218144
-0.30243263
0.11267152
-0.01830499
-0.12666325
0.06042980
-0.16302057
-0.30549887
0.03312291
-0.20050365
-0.13531993
-0.26102835
0.14295591
-0.16968605
-0.12295841
0.05813064
0.01671207
0.01934597
0.08334721
0.23151903
-0.09976200
0.00339817
-0.07508782
-0.08880139
-0.03028551
-0.32088470
-0.16891839
-0.24019220
-0.09544773
-0.04638725
0.00980237
-0.10607734
0.05023720
-0.17810173
-0.38068926
-0.01215881
-0.00110894
-0.01531293
-0.05461736
-0.21598022
-0.09566929
-0.10614968
-0.06408798
-0.21265867
-0.01279448
0.00738884
-0.11087974
0.02579209
-0.15713605
0.06765535
-0.11416139
0.31303930
-0.01636019
-0.18469946
0.01879967
0.03115900
-0.05477426
-0.41648972
-0.06067567
-0.00386869
-0.01453473
-0.01308188
0.09893265
-0.02969767
-0.03056381
0.19182001
0.12138988
-0.06259341
-0.05747533
-0.13935077
-0.03829075
-0.06555352
0.35037071
0.16407271
-0.10754804
-0.12449524
-0.02234838
-0.04987426
-0.17292917
-0.30075422
-0.05699724
0.09246898
-0.08478981
-0.19894046
-0.04860091
-0.17199448
-0.09374509
0.02153256
-0.10593215
0.00869287
-0.13113822
-0.20834541
-0.25878122
-0.11213446
0.00999815
-0.06090932
-0.35248929
-0.23510578
-0.06204013
-0.01957410
0.38912967
0.24971610
-0.07209261
-0.21333514
-0.02645879
0.03617560
-0.06531908
-0.12473094
-0.01658225
-0.05563836
-0.02906920
-0.05568599
0.04414536
0.03090263
-0.17110807
-0.30048034
0.01771758
-0.48611605
0.10162776
-0.00864742
-0.13180320
-0.09179599
-0.00616250
-0.22097681
-0.12502976
0.15016644
-0.00143208
-0.01604614
-0.02088244
-0.08606195
-0.02652775
0.02060707
-0.04762984
0.00740769
-0.00707986
0.07868334
0.04400964
-0.12419728
-0.16189396
-0.22038232
0.01723783
-0.02170112
-0.03941943
-0.08097378
-0.07082952
-0.08827441
-0.06321193
0.02559982
-0.02748218
-0.05322094
0.02523976
0.01094569
0.02780828
-0.17310809
-0.07673968
-0.04163766
0.00377949
-0.00009158
-0.09268851
0.00472939
0.04240007
-0.15169069
-0.05450655
-0.05287704
-0.03476941
-0.06094884
-0.03041748
-0.05654024
-0.08451395
0.01649682
-0.01179746
-0.00365875
-0.04326138
-0.15446147
-0.04517082
-0.03580027
0.04242018
0.03661205
0.01590951
-0.00038115
-0.08640262
0.14762227
-0.05253678
-0.03457229
-0.02518892
0.00295848
0.03623601
0.01288301
-0.01315661
-0.04875611
0.03694368
-0.04090789
-0.06577758
-0.08215880
-0.02559138
0.01752406
-0.03205769
-0.06259877
-0.01542754
-0.04032036
0.06132006
0.01621227
-0.00324425
-0.03766842
-0.05135375
0.01453047
-0.00793698
-0.00185681
-0.00082971
-0.00967814
-0.03629879
-0.04244041
-0.08221319
0.03939945
-0.04788829
-0.09415007
-0.08125991
-0.10848574
-0.04118787
0.02371288
0.06295500
-0.03995551
-0.00122076
0.03317467
0.02641042
0.01592960
-0.06217734
-0.01318954
-0.03540569
-0.03092038
-0.04652755
-0.01316693
-0.07709466
-0.01367763
-0.04582496
-0.05647058
-0.05584349
0.02798761
-0.01327663
-0.02561343
-0.07629091
-0.05610378
-0.05453632
-0.07871509
-0.06479196
-0.04860066
-0.05969187
-0.03363952
-0.04052046
0.01671836
-0.03588079
-0.02757058
-0.00667948
-0.03996421
-0.00828188
0.02113109
-0.00271907
0.01807572
0.03254955
0.07696271
0.00615047
-0.02450433
-0.00412923
-0.14483665
0.00229114
-0.14055948
-0.03073975
-0.01974924
0.00410562
-0.04929075
-0.02748940
0.02372207
0.01534473
0.02541021
0.02880957
0.01384712
0.00132569
-0.01067445
-0.05460727
-0.08665194
0.01603607
-0.09972775
0.04707308
-0.05699069
0.00973718
0.00469874
0.03602063
-0.02109567
-0.02009598
-0.03719560
0.00413579
-0.03859619
-0.02376815
-0.06685797
0.02049374
-0.03355559
-0.04436407
-0.06163292
-0.04262686
-0.02644319
0.01605747
0.01888360
0.02260142
-0.03707292
0.03900288
-0.05069394
0.14476387
-0.01936500
-0.06381152
-0.05288353
-0.02710502
-0.03925940
-0.03699286
-0.08560314
0.04424164
-0.08462194
0.02506386
-0.06063205
-0.06242827
-0.11299178
-0.03935861
0.01833102
0.01515768
0.02023557
0.03093384
0.02585542
0.02001473
-0.07992095
-0.01771549
-0.04777452
-0.03273117
-0.01420982
0.00926749
-0.03604797
-0.04415847
-0.13842539
0.01341781
-0.13172296
0.04062452
-0.02996311
0.03621016
-0.18679163
-0.06224408
0.01110922
-0.04583764
-0.02404556
0.02789144
-0.05559532
-0.04801398
-0.06997221
-0.04021290
-0.01645700
-0.21906413
-0.04900764
-0.01299006
0.01031129
-0.10975756
-0.08177638
-0.01254113
-0.03886641
-0.01154256
-0.00644770
-0.07772565
0.00379146
0.02311181
-0.02404995
-0.03078108
-0.02443262
-0.03267467
-0.01692495
-0.02342273
-0.04984595
0.05855707
-0.02589539
-0.04185379
-0.02565470
-0.15824483
-0.03139329
-0.04837636
-0.02407420
-0.02992637
-0.05408224
-0.00189713
-0.01560741
-0.02314908
-0.08987000
-0.07277703
-0.04278417
-0.02639016
0.15100932
-0.20966016
0.07583965
-0.03141351
0.00401772
0.01986027
-0.02819744
0.02854434
-0.12535465
-0.18973416
-0.25872466
-0.12259382
-0.18937737
-0.24135131
-0.02827717
-0.13993515
0.05761631
-0.05559545
-0.05629386
0.03942283
-0.14742675
-0.08692657
0.08387893
-0.03019255
-0.16973218
0.03876745
-0.07383472
-0.24847260
-0.15789948
-0.07440881
-0.09673249
0.02325687
-0.08824821
-0.16382357
-0.00245590
-0.05523559
-0.00355484
-0.05803712
-0.44141099
-0.07430300
-0.65155989
-0.06513685
0.13275652
0.06620320
-0.03963196
0.03741119
-0.10890861
-0.09565685
-0.12543046
-0.22542179
-0.09049353
-0.17206131
0.01043328
-0.02644868
-0.08627104
-0.01641160
-0.03027749
-0.00316151
-0.02385247
0.18399099
0.05842127
0.02198998
0.03419467
0.03800018
-0.04623435
-0.11245365
-0.08366159
0.02356181
-0.03662373
-0.22623515
0.09009454
-0.07236063
0.00672260
-0.15957648
0.06690241
-0.06895877
-0.42027858
-0.10174243
0.01163246
-0.00049343
-0.15001303
-0.28220469
-0.01410824
0.01739900
-0.08524670
-0.01249147
-0.03376706
-0.27204201
-0.04368722
-0.00083774
0.07493501
-0.08818304
-0.00400344
-0.05038085
0.19974977
-0.02933096
0.00657458
-0.04952819
-0.11920439
-0.04734692
-0.03555516
0.00809116
-0.13816203
-0.00920967
-0.01644345
0.10952086
-0.21235840
-0.02968962
-0.13917355
-0.05613739
-0.21413216
0.06137631
-0.41287455
-0.06736831
-0.27973613
0.03173220
-0.02100194
0.11074116
0.01091415
-0.04871978
-0.11806989
-0.06528952
0.14155819
0.01635215
0.00563827
-0.18893768
0.00717298
-0.11285913
-0.03323802
-0.15915385
-0.39011437
0.01937459
-0.01766828
-0.08129729
-0.00651641
0.01947364
-0.12319408
-0.11414214
0.01116925
-0.09879960
-0.05362096
-0.02344584
-0.24559624
-0.14641115
0.02082691
-0.00223328
0.05515181
-0.19675907
-0.16100025
-0.02440485
-0.08957937
-0.05567675
0.00338006
-0.03361810
-0.08253597
0.32145092
-0.22505273
-0.16392994
0.06923673
-0.00615410
0.03015173
0.00138760
-0.24691674
-0.03755867
-0.02381384
-0.12279405
-0.10861523
0.00853000
-0.00497802
-0.00991457
-0.02748000
0.02712267
-0.09117664
-0.31473801
0.02787310
0.04724608
-0.06377039
0.06151276
0.00060592
-0.08019413
-0.08280757
0.04441182
-0.22906365
-0.00087102
-0.01746181
-0.09788429
-0.10393654
-0.03368781
-0.05556154
-0.00593877
0.14848273
-0.00089337
-0.14420199
0.00303804
0.13505387
-0.03595911
-0.13078423
-0.03082030
-0.02928951
0.00527249
-0.03471193
-0.07739151
-0.30063909
-0.22571263
-0.09896225
0.02312250
-0.09751748
-0.04046946
0.10286716
-0.03225793
0.04354957
-0.07272693
-0.02132044
0.02452639
-0.30367076
-0.05171112
-0.10948662
0.04046457
0.05941838
-0.10189579
-0.26235497
-0.08743540
-0.04854596
-0.24938360
-0.11488369
-0.02556624
-0.14091043
0.03839719
-0.13456783
-0.31951940
-0.02892562
-0.02420447
-0.22734670
-0.06649554
-0.03406210
0.03330137
0.02900271
-0.23639703
-0.25355411
-0.06470355
-0.15227324
-0.25917178
-0.01356898
-0.13706999
-0.12884827
-0.05232375
-0.27451977
-0.03581970
0.17587590
-0.02953837
-0.03090410
0.01894879
-0.25390059
-0.10685497
-0.06421085
0.16971914
-0.05102164
0.02723993
-0.10065430
-0.01120955
-0.16266900
-0.00671526
-0.26518837
-0.03815866
-0.12556839
-0.17883721
-0.07448556
-0.08513268
-0.07601405
-0.04382691
-0.04478834
-0.12886018
-0.24851947
0.04993892
0.04757322
-0.04410653
-0.14979090
-0.12880944
-0.20503545
0.04890858
-0.30112788
-0.24671634
-0.25192386
0.01546299
-0.18024777
-0.01930498
0.08430192
0.00927593
-0.03550790
-0.09451342
-0.05501250
-0.17413887
-0.11311496
0.02238930
-0.09331392
-0.07146946
-0.42664769
-0.04664382
0.00703736
-0.05305385
0.06480748
0.03256604
-0.03439345
0.04711218
-0.16953973
-0.06780390
-0.05898040
-0.08884512
0.06065303
-0.00093695
0.07409707
-0.05070544
-0.11472429
0.02168588
-0.02716872
-0.39840007
-0.03961952
0.01514487
-0.00422172
0.08765461
-0.02893592
0.14769097
-0.05523326
-0.21506497
-0.12897074
-0.03170028
0.14311536
-0.03331091
0.07097326
-0.11514588
-0.06524687
0.01506233
-0.18878622
0.03626542
-0.09390397
-0.31258634
0.18288270
-0.23863104
-0.27512830
-0.44346666
-0.20285207
0.06184809
-0.05600384
0.01771074
-0.01551231
0.02967443
-0.09463312
0.06061376
-0.12921338
-0.31310987
-0.04852925
-0.02644349
0.03122016
-0.02179176
-0.03108916
-0.19867133
0.02586437
0.00173788
0.23598078
-0.03669166
0.00444769
-0.11750031
-0.45471677
0.08845000
-0.30259746
-0.08969429
-0.10802095
-0.15934631
-0.12304696
-0.20630258
-0.07846885
0.00923403
-0.07954907
-0.05226323
0.04164980
-0.00682009
-0.14824055
-0.10363351
0.02801978
0.01049315
-0.06226124
-0.06823067
-0.03541696
-0.35032701
-0.10378764
0.05248405
-0.10826794
-0.00402663
-0.20369820
-0.00972188
0.16521598
-0.15080765
-0.00418562
-0.16796885
-0.04663450
-0.04267604
0.00849169
-0.04669427
0.08425578
-0.02483273
-0.07426247
-0.76610202
-0.10888802
-0.15294105
-0.52724051
0.02152376
-0.13657072
-0.04542507
-0.02311255
-0.05022637
0.04328644
-0.05542037
-0.16691707
-0.08234444
-0.06090411
-0.02927025
-0.04466948
0.02267949
-0.33167964
0.29007876
0.08851125
-0.30696645
0.02264235
-0.00395369
-0.05364692
-0.04706250
-0.01296165
-0.09204456
-0.15929258
0.03547501
-0.21959153
-0.01375669
-0.37426510
-0.05480802
-0.07448086
-0.08348397
-0.49656254
-0.15122442
-0.22533904
-0.15381542
-0.15596992
0.03585936
-0.15886553
-0.01832757
-0.04078257
-0.03335742
-0.07837883
-0.07866173
0.04998944
-0.03676333
-0.06296460
-0.10961480
-0.11492841
-0.14490540
-0.16559157
-0.04490184
-0.10785601
0.02918283
-0.36152920
-0.09990483
-0.15703951
0.01313267
-0.03143172
-0.06086817
0.23109855
-0.04634660
0.00225049
-0.21343778
-0.09822977
0.03235876
-0.10051064
-0.10452061
-0.12817748
-0.04681148
-0.02912474
-0.08767096
-0.06018084
-0.00792023
-0.00759620
0.00620997
-0.28449669
0.02837564
-0.03441463
0.03129368
0.03038586
-0.16555820
0.05297238
0.00407771
0.05806211
-0.07858083
-0.03122790
0.00498885
-0.06322887
-0.09457717
-0.24918590
-0.05293972
-0.35945660
0.28753611
-0.04708129
-0.31629834
-0.03964932
-0.08357050
-0.04888998
-0.01008275
-0.27003682
-0.01373772
0.00381173
0.00458652
-0.14083560
0.40382376
0.01212315
-0.05267897
-0.10237090
-0.15747502
-0.03827946
0.00498113
-0.34996513
0.01304035
0.04170078
0.06344693
-0.06444350
0.14996955
0.05137567
-0.05762973
-0.22295167
-0.15314044
-0.01615840
-0.20252910
-0.09688739
-0.02761481
-0.09247055
-0.02010033
-0.39243144
-0.20297050
0.21964383
0.03440817
-0.07405079
-0.22439061
-0.05387333
-0.24115081
-0.22731203
-0.23477505
-0.01545119
-0.01781911
-0.07478160
-0.18585478
-0.31121245
0.13467780
-0.02990457
-0.06558727
0.09878504
0.16052169
-0.33287922
0.00588192
-0.07182889
-0.02263593
-0.00897054
0.03434845
0.31837511
-0.11088660
0.03870102
-0.12086307
0.08301754
-0.26840365
0.06485551
0.03735939
0.00908062
0.03555539
0.06167079
0.00914297
0.01298891
-0.03613446
-0.04837365
0.01729018
-0.05427008
-0.00623550
-0.05500318
-0.11756550
-0.02848586
-0.33250311
-0.00054545
-0.38571066
-0.14878264
-0.03599083
-0.04102343
-0.22930378
-0.03701209
0.07939439
-0.31861004
0.06128184
-0.00648915
-0.06650208
0.01188819
-0.02448306
-0.04362573
-0.19437200
0.07918654
-0.05732161
-0.04651980
-0.20791687
0.02853350
0.02433814
-0.23858461
-0.10108165
-0.02925519
-0.34184623
-0.06953055
-0.11416879
0.00834727
-0.02292784
0.00819148
0.08488511
0.16437247
0.01027402
-0.08423617
-0.00854431
0.01081928
-0.08801447
-0.36210600
-0.08694158
-0.13728970
0.00161577
-0.03852770
-0.03868935
-0.13276145
-0.08042385
-0.00142072
-0.00196091
0.06336423
-0.01047399
-0.00346190
-0.03228364
-0.23193066
0.02500981
0.32979900
0.04741293
-0.22139466
0.01516279
0.00446267
-0.05689614
0.01774948
-0.13487729
-0.13580990
-0.09507427
-0.04030801
-0.01679813
-0.18910709
-0.06992986
0.00045068
-0.03171359
0.02095691
-0.02939923
-0.02985267
0.05883890
-0.18488705
-0.17383169
-0.00860182
-0.06070320
0.01894850
-0.06533501
-0.35308692
-0.25708121
-0.11747442
0.00800215
-0.01988215
-0.02640982
-0.00738381
-0.00255315
-0.26365995
-0.10339943
-0.05340444
0.01318533
0.03920410
0.03711722
-0.01996089
-0.11091515
-0.06031892
-0.05881401
0.04778878
-0.02193616
-0.06577629
-0.05186789
-0.08933667
0.09017253
0.12349518
-0.16826284
-0.12036183
0.12077688
-0.22635712
-0.18820505
0.05569277
-0.06309067
-0.17495874
-0.09444524
-0.07915440
-0.01034078
0.05522649
-0.02216225
-0.08210939
0.02048662
0.13307765
0.00330376
-0.02228934
-0.10434371
-0.09220842
0.00840122
-0.32061166
-0.01691525
-0.21110497
0.04241093
-0.20105499
-0.08917505
0.00858307
-0.04934129
-0.15785001
0.06976893
-0.18970990
-0.06377704
0.35314128
-0.04162195
-0.25392440
-0.04996583
-0.05013327
-0.13080998
-0.13387516
-0.01269957
-0.13454728
-0.50928509
-0.11315728
-0.03482388
-0.05363402
-0.01600616
-0.08125219
0.06471930
0.01873319
-0.12356118
-0.22807345
-0.03153337
-0.28262675
-0.00017991
-0.05081108
0.02446315
-0.07410119
0.06356861
-0.24414791
0.00208475
0.01355623
-0.04916574
0.00597431
-0.08807638
0.01499473
-0.03464825
-0.40677923
0.08525463
0.02162449
-0.11076373
0.07400671
-0.09911804
0.20866345
0.12092464
-0.05079523
0.06720357
-0.04823783
0.02421880
-0.07596213
-0.09611199
-0.04924284
-0.03700270
-0.15242505
-0.17550328
-0.10404495
0.02203095
-0.04958810
-0.35406524
-0.13046545
-0.08095685
-0.66498530
0.09507424
-0.67085785
0.13167134
-0.28926855
-0.12266912
0.03055841
-0.13653326
-0.73416841
0.05827674
-0.31737038
-0.01498535
-0.23047918
-0.02861876
0.14602971
-0.07564928
-0.76764876
-0.11851168
0.16392070
-0.01366158
-0.57298249
-0.11397804
-0.23326537
0.01038654
-0.09758877
-0.03723573
-0.08980681
-0.14312485
0.00261988
-0.05342283
-0.13897504
-0.14276779
-0.83216065
0.06423510
0.05533836
-0.32492167
-0.05447871
-0.04032072
0.01425024
-0.00401691
-0.47816256
-0.30936277
-0.21512325
-0.09424102
0.09512655
0.00102733
-0.04541758
0.03626853
-0.10389127
-0.03259215
0.00208221
0.03266364
0.01972989
0.07847459
-0.07850824
-0.09421200
0.06112987
-0.10378321
-0.02844025
-0.17443383
0.03780289
-0.31855452
0.07931148
0.10440209
-0.03565650
-0.81661093
-0.39777443
0.02626512
-0.27545270
-0.13366453
0.00702689
-0.14742257
-0.12369600
0.02438466
-0.14657466
-0.34709799
-0.36293182
0.04339283
-0.09806869
-0.07755037
0.00845492
-0.04540000
-0.03950051
-0.11841933
-0.02392087
-0.21706536
-0.13037071
-0.08094511
-0.07961693
-0.02917352
-0.03022022
-0.27520704
-0.04010262
0.04341595
0.00042871
-0.10191657
-0.20264353
-0.05892058
-0.03593395
-0.02850281
-0.19584619
-0.08243379
-0.13361403
-0.00441695
-0.15773177
-0.35466629
-0.41887221
0.03825127
-0.03154311
-0.16683580
0.01760496
0.02879674
-0.27080315
-0.05510027
-0.26387328
-0.02311835
0.04131665
-0.10725086
-0.34886315
-0.01595935
0.04945919
0.06724747
-1.15816176
0.03980463
-0.20980430
-0.10061213
-0.03478695
0.05834360
-0.07642312
-0.19135192
-0.03160636
-0.01767957
-0.13096260
-0.02176321
-0.04852376
-0.00043139
-0.00586349
-0.23233011
-0.03702860
-0.03971431
-0.40412381
-0.10901131
-0.21050575
-0.01693905
-0.03481366
-0.02318997
-0.09835286
-0.03877024
0.00396989
-0.14585392
0.02089304
-0.00459855
-0.16832516
-0.07524738
-0.12336329
0.04695899
-0.08063986
0.10629881
-0.09091999
-0.04691630
-0.07093333
-0.06696588
-0.16369855
-0.02356688
-0.38407841
0.00745027
-0.03099569
-0.08845905
-0.36389643
-0.28007710
-0.03343796
-0.06719130
-0.42087528
0.28186747
-0.21809955
0.05052299
-0.19536938
-0.04898890
-0.13015735
-0.03196640
-0.02187883
-0.08148324
-0.04089757
-0.28092819
0.04985471
0.00626704
-0.32849067
-0.00325607
0.12211325
-0.03679922
-0.18043253
0.11675133
-0.01000351
-0.04973460
-0.88734299
-0.30772963
0.03168025
-0.02044791
-0.23272562
-0.10021984
-0.06829868
-0.04807339
0.05036411
-0.28026348
-0.25786632
-0.02367562
-0.11734823
-0.00751871
-0.08027647
0.00842017
0.03130008
-0.17777811
-0.12969674
-0.01071605
-0.05495429
0.20645031
-0.23608664
0.17615932
0.39059585
-0.00848750
-0.00230400
-0.02705870
-0.01976006
-0.06238946
-0.13663182
0.15450534
-0.08677736
0.03005427
0.05893856
-0.16655041
-0.06122674
0.08298964
-0.15200058
-0.33300325
-0.04496227
0.15543476
-0.02340351
0.03713270
-0.01444511
0.23633422
-0.27082822
0.02187517
-0.04372504
-0.01340306
-0.29194173
-0.21247064
-0.08485788
-0.07784004
-0.09537252
-0.97345114
-0.19851379
0.01189425
-0.35412544
-0.73047245
-0.29647318
-0.11449499
-0.28689179
-0.11772376
-0.45839778
0.00893030
-0.21313800
-0.24826558
0.00168230
-0.17723207
-0.21809708
-0.02399280
-0.34011400
-0.06821454
-0.34865782
-0.06476599
-0.05309797
-0.10204718
-0.09590029
-0.42296031
-0.20469663
-0.11505500
-0.36361033
-0.56825715
-0.09691279
-0.05908873
-0.00226342
-0.09910373
-0.21327066
-0.14286309
-0.10693777
0.00282802
-0.07606426
-0.08903965
-0.01190800
0.03840391
0.24729520
0.07192034
-0.03656968
-0.02587827
-0.15128002
-0.01159708
-0.31746858
-0.25198001
-0.06437934
-0.11072421
0.10470118
-0.03925326
-0.07167901
-0.01460818
-0.11487892
-0.05605394
0.03329794
-0.17617416
-0.11815725
-0.05801044
0.01399978
-0.00577443
-0.13801748
-0.10540431
-0.01257153
-0.08267252
-0.00236392
-0.22058721
-0.10327953
-0.07334524
-0.08048514
-0.15089615
-0.30597430
-0.08130734
-0.04070345
-0.09073440
-0.00565078
-0.19765975
-0.50623083
-0.15919204
-0.16784546
-0.43616322
-0.02900374
0.00443996
-0.05019891
-0.11004214
-0.02630846
0.00069002
0.03534929
-0.26015437
-0.09033758
-0.13485165
-0.20232593
-0.00627526
-0.02900640
0.00624674
-0.02120963
-0.23181203
-0.07090407
-0.09227231
-0.17629716
0.05581519
0.02039482
-0.14406021
-0.07696971
0.00321440
-0.05540565
0.12418082
-0.12851593
0.01308831
-0.39598888
0.04473535
-0.52149004
-0.13082495
-0.15339999
0.02141996
-0.00720542
0.06709025
-0.24066605
0.18863887
0.10909013
0.03846011
-0.43944195
0.02445044
-0.29734462
0.19464959
-0.03702430
-0.32552934
-0.43566871
-0.08192037
-0.17217386
-0.14132908
-0.26814759
-0.22396459
-0.20331593
-0.01522575
-0.05569214
-0.04254512
0.04000966
-0.14687371
-0.04137489
-0.19958298
-0.11921714
-0.10682536
-0.18056650
-0.10554213
0.22814678
-0.11812829
-0.17016168
-0.01011551
-0.00346416
0.02490761
-0.08983602
-0.10430163
-0.31455588
-0.26033059
-0.01351991
-0.12495439
-0.08916248
-0.06980460
-0.53257775
0.01242189
-0.12457117
-0.01056185
-0.07107340
-0.07219715
-0.03209453
0.03959330
-0.04973673
-0.01815727
-0.03233584
-0.11442766
-0.15964334
-0.26026225
-0.24737597
-0.03381202
-0.05235595
-0.21214814
0.06941948
-0.20740512
-0.50796074
-0.05730883
-0.05387531
0.00737720
-0.42316878
-0.04487281
-0.12152677
-0.02592199
0.03357895
-0.09416854
-0.10662600
-0.04719483
-0.04540970
-0.10452791
0.01396024
-0.01745090
-0.16331172
-0.01402807
0.04680721
-0.12118333
-0.24608609
-0.03545340
-0.50554001
0.05676783
-0.22679447
-0.38778645
-0.02109043
-0.03288250
-0.03713213
-0.01994287
-0.13190824
-0.00270715
-0.42675352
-0.25591397
-0.14605738
-0.14794648
0.00413934
0.02529151
-0.14682101
-0.06257641
-0.08108013
0.02552305
-0.03762581
-0.09063070
-0.35394526
-0.00433811
0.02451016
-0.09154229
-0.04596800
-0.15235890
-0.25132591
-0.05992013
-0.00122117
-0.05673283
-0.04541414
0.06603242
-0.09915372
0.00539725
-0.44325668
0.02383905
-0.03382241
-0.23085059
-0.29924595
0.18294188
-0.33890554
-0.20852502
0.38890630
-0.03707248
-0.23771253
-0.24988440
-0.15717460
-0.28816095
-0.20402089
-0.00832558
-0.06236190
-0.01714678
-0.13396060
0.02854463
-0.14600278
-0.37977827
-0.16316266
-0.03846971
-0.15662509
0.07608116
-0.32478139
-0.13527183
-0.32099846
-0.12252354
-0.04151003
-0.08965891
-0.10469992
-0.11334386
-0.21828492
-0.02489883
-0.13406198
-0.06667975
-0.07258437
-0.09546780
-0.25607288
-0.12086771
-0.30586094
-0.04209861
-0.38706785
0.00874036
-0.02006499
-0.09823679
0.01838225
-0.15282033
-0.18610750
-0.21255289
-0.00318718
-0.11054096
-0.46449324
-0.20710240
-0.18510209
0.09359223
-0.11029703
-0.02320620
-0.03900013
-0.01696691
-0.01683225
-0.00547609
-0.12604298
-0.04259370
0.08439983
-0.23272154
0.06141171
-0.04902207
-0.03058913
0.04085640
-0.09573718
-0.04093966
0.03714588
-0.40348932
-0.08088703
0.01443566
-0.03438618
-0.02682164
-0.14670596
-0.07058676
0.04457420
-0.34669873
-0.04202404
-0.23708279
-0.13169320
-0.25983059
-0.00505414
-0.23074907
-0.07056446
-0.04363054
-0.26791793
-0.09591131
-0.00797546
-0.18224680
-0.09510574
-0.13710256
-0.12299001
-0.75865483
-0.21874695
-0.03382073
-0.01805405
0.09891081
-0.04743453
-0.01472014
0.11483138
-0.10122418
-0.01890779
-0.02519919
-0.28849736
-0.03838036
0.01055988
0.04412594
-0.01480353
0.04736361
-0.04940063
-0.10176428
-0.02896924
-0.21625791
-0.18760726
-0.17164250
-0.54793745
-0.12932959
-0.10979441
0.07374129
-0.03405650
-0.07910986
-0.08620596
-0.11351192
0.02771765
-0.04520049
-0.05717504
0.09369967
0.09477483
-0.02009626
0.01234660
-0.22683524
0.04992805
0.03678224
-0.16071944
-0.15800448
0.04956860
-0.10639437
-0.08492629
0.01479253
-0.27747685
-0.06346147
-0.00202923
-0.28929567
-0.25717530
-0.02986124
-0.12374287
-0.05209996
-0.06013278
-0.17600986
0.04558335
0.04959628
0.00053593
-0.41177002
0.08544355
-0.35089359
-0.02107333
-0.10621263
-0.21831670
-0.12974310
-0.06781850
-0.01567943
-0.06676927
-0.06167008
0.08911929
0.16759723
0.14207111
-0.22268738
0.02501883
-0.10041567
-0.22584586
-0.16336079
-0.22693388
0.00666976
-0.20982327
0.06641454
-0.27475461
-0.08951628
0.02372682
-0.11087156
-0.18696177
-0.28721511
-0.06940112
-0.24782129
-0.05297337
-0.43482319
-0.19934998
-0.20607002
-0.01869971
0.05287656
0.19926624
-0.16668634
-0.23497008
0.06868932
-0.06831567
-0.18163092
0.09331994
-0.04053516
-0.01788869
-0.04841157
-0.30116415
-0.08469075
-0.02339387
-0.03881502
0.48268080
-0.00350314
0.03238325
-0.08081093
-0.24913569
-0.01476246
-0.13285373
-0.14385636
-0.22152211
0.26899913
-0.11769831
-0.03939264
-0.13810337
-0.05910216
-0.04910705
-0.12290302
-0.05820842
0.10990423
0.03813037
-0.00849135
-0.00192484
-0.38534507
-0.18716311
-0.05566578
-0.05364291
-0.20577356
-0.19289163
0.08397762
-0.13261972
-0.05361044
-0.15854870
0.17140853
-0.62091118
0.02438161
0.12778670
-0.20433535
-0.01985572
-0.04503405
-0.06283347
-0.08355562
-0.01010707
-0.04486384
-0.02543213
0.07743050
-0.11725119
0.04440291
-0.38483456
-0.33614668
-0.02847959
-0.11685182
-0.00868137
0.46989331
-0.12734832
-0.02279993
0.04327599
0.03283000
0.04797643
-0.03474947
-0.22439378
-0.09247513
-0.03925658
0.07039214
-0.01731945
-0.47304609
-0.06901697
0.00712200
-0.15235712
-0.17756629
-0.11074059
-0.09020096
-0.03844862
-0.16167589
-0.09081413
0.00945803
-0.27301103
-0.14980058
-0.05256143
-0.49061877
-0.26630837
-0.00289630
0.07420699
-0.04318452
-0.20776854
-0.20726304
-0.02204303
-0.05129557
-0.17982729
-0.13154574
-0.12985630
-0.05799183
0.07289263
-0.32467517
0.00647580
0.01072487
0.07912165
-0.05615219
-0.13771784
-0.27070338
-0.08892033
-0.03122543
0.09045508
-0.09936221
-0.24024172
-0.00089305
-0.00426144
-0.17171073
0.01646676
-0.02115093
0.20945022
0.01648586
-0.03206618
-0.11270884
-0.03144054
-0.23916432
-0.01588613
0.00057712
-0.16419977
-0.03114568
-0.21819256
-0.01771232
0.02908411
-0.18401928
-0.03981832
-0.01483670
0.00843673
-0.06337885
-0.08896638
-0.01958301
-0.04648708
-0.24751782
-0.10397054
-0.14428614
-0.10535305
-0.41098487
-0.05444210
-0.20410642
-0.20854716
0.03826704
-0.03186877
-0.03341332
0.00123914
-0.06612355
-0.38737279
-0.09491595
-0.18118040
-0.30667642
-0.42083687
0.02819538
-0.02700544
-0.08963230
-0.03420781
-0.00292872
0.06218257
-0.06585614
-0.01590913
-0.15578859
-0.14286506
-0.00802359
-0.02411857
0.02191237
-0.06866034
-0.25492170
-0.09152804
-0.07075147
0.02328570
-0.24440463
-0.06831150
-0.17365633
-0.63815033
-0.06671397
-0.08021986
-0.10695762
-0.48821241
-0.07968420
-0.05025605
-0.19190586
-0.15223579
-0.14128010
-0.02499816
-0.03469122
0.11090149
0.06882689
-0.27591443
-0.05439872
-0.13185723
0.05389263
-0.40008241
-0.05503843
-0.15181515
-0.08552516
-0.08508902
-0.08386721
-0.01484660
0.01760685
0.29421097
-0.09805839
-0.35457247
-0.02024620
-0.18584546
-0.08963089
-0.08201673
-0.10241298
-0.02400011
-0.03523386
-0.13300624
-0.31771982
-0.07561035
-0.24394350
-0.22922634
-0.02849508
-0.04232929
-0.05196209
0.25095475
0.02162537
0.03378050
-0.04418325
-0.01370366
-0.09719755
-0.11084829
-0.31465498
-0.01520076
0.01980007
-0.15598461
-0.10482632
0.05950029
0.01779646
-0.32006189
-0.06980454
-0.29235396
-0.06136139
-0.04296502
-0.09363362
-0.04774047
-0.01761108
-0.18154468
0.05635053
-0.21982676
-0.23782472
-0.00900629
0.02388420
0.06567024
-0.13654548
-0.13281265
0.12449003
-0.10349584
0.01241443
-0.07440998
-0.04548422
-0.16876563
-0.03715779
-0.16744217
0.33586738
-0.15761077
-0.04581456
-0.10185268
0.00259214
-0.21890573
-0.04446070
-0.04766689
-0.02250470
0.06694917
-0.01151094
-0.08815656
-0.03134793
-0.28032166
0.12196924
-0.05053180
-0.02536722
-0.05371843
0.17226252
-0.35174617
-0.13315699
0.01874256
0.05049653
-0.25370243
0.07691396
-0.02028110
-0.28263068
-0.09827894
-0.03552074
-0.04089189
-0.47116923
-0.13335378
-0.03238232
-0.04418009
-0.00010444
-0.26845628
-0.25177392
-0.22265439
0.02726884
0.05797691
-0.08173529
-0.06374071
0.06965415
-0.12588422
0.00172631
-0.03646024
0.06056653
0.01009784
-0.28752652
-0.23655197
-0.13279261
-0.28972483
-0.12910286
-0.01143468
-0.29005283
-0.13078474
-0.11094699
-0.08862004
-0.10256109
0.00789410
0.04809934
0.02702586
-0.16271281
-0.09393020
-0.34049577
0.15165780
-0.08141170
-0.00282154
-0.45450261
-0.23258042
-0.03086443
-0.26402408
-0.49451762
-0.47959825
-0.05607301
-0.41366962
-0.08998694
0.07215042
-0.08537801
-0.01641562
-0.14914335
-0.04223563
-0.37901863
0.01054358
-0.00037532
-0.00937844
-0.01119698
-0.16981094
-0.08518842
-0.04325113
0.11193288
-0.11177297
-0.12402159
0.00266843
-0.09295491
-0.33885306
0.06648104
-0.03704514
-0.00651695
-0.07093807
-0.16647206
-0.08173405
0.20752387
-0.17746143
-0.04034587
-0.29820943
0.01853538
-0.35513577
0.03372633
0.12464644
-0.04397499
-0.04457646
-0.04682844
0.06501205
0.08929148
-0.13965426
-0.21611114
-0.01151167
0.09622513
0.03625561
0.03098053
0.14374138
-0.06318006
-0.16799094
-0.06132196
-0.07295676
-0.18518902
-0.17528524
0.08060116
0.02082660
-0.00017533
-0.05181318
0.01016224
-0.11921680
-0.27229452
0.04649384
-0.06254511
-0.31270459
-0.00076875
-0.00277412
-0.06284868
-0.01164743
0.04788634
-0.15274645
-0.05856367
0.01728562
-0.31024191
-0.13703963
-0.09723404
-0.11649626
-0.30255973
-0.21469338
0.08249436
0.00455674
-0.09120837
-0.01984493
0.00881895
-0.18830083
-0.09907869
-0.04059566
0.26226526
-0.02410419
-0.11286230
-0.02391253
-0.01903195
0.01105121
-0.06142034
0.02526531
-0.07147516
-0.12864724
-0.21463202
-0.06165756
-0.22909981
-0.13196045
-0.09758537
-0.31608778
-0.02903225
-0.21841060
-0.11811793
-0.16669808
-0.29861605
0.11908296
0.27938613
-0.05640366
0.04221761
0.01654565
-0.01041799
-0.33327341
-0.05844289
-0.00096355
0.03809262
-0.22474010
0.04115562
-0.19007428
-0.21675850
-0.04258618
-0.07449719
-0.16942136
0.04508225
-0.10651516
-0.17900795
0.00782386
-0.03944257
-0.17102797
-0.07968353
-0.01206644
-0.00165817
-0.03233236
0.09146171
-0.09832449
0.07326711
0.02793867
-0.03217785
-0.34936011
-0.12760921
-0.25953758
-0.05887735
-0.05486942
0.06015950
0.00799310
0.04718336
0.02903422
-0.01610797
-0.15889996
-0.28623095
-0.04018716
-0.06409699
-0.15352552
0.00946933
-0.17469829
-0.04031796
-0.00941552
-0.15816675
-0.06390911
0.01976611
0.02540912
-0.04600819
-0.13145545
-0.05125801
-0.18224062
-0.27329755
-0.17843036
-0.22334071
-0.04459545
-0.10461453
0.00434046
-0.06083031
-0.06658012
-0.48682386
-0.22919945
-0.01522957
-0.01910690
-0.07947630
-0.18490385
0.01543930
-0.03845578
-0.03579234
-0.01948838
0.00023772
0.09533963
0.01112502
-0.48148701
-0.12865533
-0.01843739
-0.12956864
-0.09327742
-0.09129363
-0.06335383
0.08543158
-0.21123172
-0.04811724
-0.14089777
-0.02626571
0.13036749
-0.00607581
-0.37644157
0.01002304
-0.02962292
-0.03607556
0.01879572
-0.01305245
0.09319629
-0.16331926
-0.12345300
-0.14490141
-0.01812285
-0.32009637
-0.12291875
-0.04875141
-0.03709312
0.01888687
-0.35176110
0.02281327
-0.00240296
-0.01168952
-0.04279697
-0.15793194
-0.08128140
-0.00349660
0.12322421
-0.15873882
0.01616141
0.03161845
-0.02998983
-0.10208984
0.01137698
-0.02234151
-0.28309783
-0.16985062
-0.03334821
-0.06321058
-0.16000831
-0.37226638
-0.20861469
0.04811639
-0.05826205
-0.01088367
0.07809398
-0.07279246
-0.14977324
-0.21562687
-0.01721475
-0.00799158
-0.10726096
-0.22739063
-0.13813163
-0.04779041
0.03151329
0.01031939
0.15457521
0.08084937
-0.26822400
-0.04441908
-0.03672820
-0.33862397
-0.21885175
0.06532651
-0.06169426
0.02711198
-0.15057963
-0.04124048
-0.15500712
-0.03488144
-0.42438304
-0.10832661
0.02486115
0.19489928
-0.03135204
-0.06484193
-0.08748432
-0.32107976
0.01532126
-0.02512792
-0.00980492
-0.02369664
0.06564470
0.31133988
-0.14538568
-0.05257098
0.10244587
0.04068644
0.03129295
-0.09497271
-0.96070963
0.00352356
-0.04891790
-0.06975187
0.08718666
0.00919729
0.12344466
0.05235661
-0.95796710
-0.22722402
-0.27597049
-0.00220376
-0.01565483
-0.04668229
0.06600592
0.01047843
-0.06806721
0.02221609
-0.05269837
-0.33513549
0.09886766
-0.01231254
0.02698137
0.11021738
-0.04365487
0.02964211
-0.04045590
-0.05915863
-0.05408850
-0.19833592
-0.10461695
0.07340998
0.00567575
0.03560561
-0.10474484
-0.05002599
-0.19633915
-0.11768411
-0.01836640
-0.52632916
0.02884541
0.03311526
-0.07491578
-0.08551801
-0.05051604
-0.01342230
-0.02098562
-0.02562661
-0.01513483
0.00329203
-0.02941395
0.03677285
-0.02951433
-0.21475454
-0.20839579
0.12083361
-0.09863809
0.04716731
-0.00327569
-0.03648861
-0.00046582
-0.01647788
-0.13913459
0.21634522
-0.23124942
-0.03952792
-0.17023236
-0.04037223
-0.17781594
0.04612467
-0.01092806
0.02379422
-0.40208942
0.03097068
-0.20879626
0.04433854
0.02587100
-0.04481018
-0.04483503
0.02415204
-0.22128248
-0.05418181
-0.05222002
-0.02750325
-0.09226159
-0.07191823
-0.41299638
-0.00791131
-0.03377037
-0.16140117
-0.13978143
0.02932300
-0.01788013
-0.14497745
-0.51991087
-0.09825440
-0.08370633
-0.29084116
-0.13550715
0.03174629
-0.03686808
-0.02573664
0.13501756
-0.12855983
-0.00269931
-0.13242932
0.53686309
-0.16408505
-0.36422637
-0.04402478
0.02111110
0.03419916
-0.00496804
0.01617433
-0.03738822
-0.01453337
-0.15139242
-0.02013324
-0.04320387
-0.01525867
0.24571937
-0.29044819
0.04357927
-0.01466854
-0.09652845
0.02062324
-0.16542099
0.04273979
-0.06163344
0.07977243
-0.13661863
0.06712317
0.01488258
0.09916992
-0.16547662
-0.07256371
-0.13684514
-0.23164818
0.03235517
-0.04245285
-0.31970134
-0.08226022
-0.10366692
0.02439623
0.14463454
-0.06881235
-0.25243551
0.12351328
-0.16139373
0.01248120
-0.04201688
-0.07327739
-0.18263987
0.04676023
-0.39256138
-0.01889300
-0.01169646
0.10400736
-0.03424727
-0.04239653
-0.03869944
-0.27152094
-0.12277865
0.13086368
-0.01507873
0.03776953
0.00723266
-0.03264200
-0.39972568
-0.06989866
-0.04695138
-0.01241774
0.00461197
-0.08684752
0.10750484
0.01492800
-0.05247648
-0.02709226
-0.01841582
-0.28913966
-0.19119033
-0.01781073
-0.07507214
0.11309528
0.04674296
0.06962467
-0.07656374
0.02050879
0.13954252
-0.01140385
-0.01949611
-0.01900055
0.09263654
0.03141676
-0.05957915
0.06559373
0.02580109
0.39683139
0.16845900
-0.06743043
-0.35461313
-0.29894057
0.00013729
-0.08671716
-0.14560156
-0.00873938
-0.02906417
0.01080313
-0.09037524
-0.00945922
0.07842506
0.07367435
-0.07021699
0.01213144
-0.01825625
-0.03532099
-0.00759484
-0.36366564
0.02530757
-0.04943395
-0.10322163
-0.16311999
-0.11327054
0.02253305
-0.18238722
-0.15968493
0.24985738
-3.86434484
-2.02787924
0.00156004
0.07943840
-0.16697325
-0.17669937
-0.06864889
-3.39261341
-0.05812152
-0.23821419
-0.06640288
0.03995708
-0.09404270
-0.29388964
-0.23223738
-0.26403582
-0.02848818
-1.00228739
-0.08784344
0.03454891
-0.07164796
-0.01915778
-0.02608413
-0.08465584
-0.12742537
-0.15075794
-0.02231109
-0.50077593
-0.08722360
-0.62149310
-0.01540601
-0.00094121
-0.03432383
-0.02250694
0.03945964
-0.08308447
0.00729352
-0.13796756
0.23220828
-0.42520657
-0.23802462
-0.00630711
0.04243423
-0.11526913
0.00560806
-0.09798237
-0.06781504
-0.02850896
-0.05040956
0.00447810
-0.02711037
0.01448334
-0.06209431
0.18620200
0.12260127
-1.14565384
-0.13685131
0.04008412
-2.71053219
0.07185586
-0.08659785
0.03092379
-0.51462203
-0.10308608
-0.03828191
-0.28589597
-0.16699785
-0.00491533
-0.18356436
0.00644056
-0.00877303
-0.18974526
-7.30650234
-0.09833035
-0.00962331
-0.01794197
-0.22210480
-0.04826823
0.01878550
0.29627520
-0.03204043
0.01560678
-0.31513333
-2.60423136
0.03359427
0.05687241
-0.00786970
-0.05561270
-0.53594536
-0.04725498
-0.00539633
0.17239861
-0.13329427
-0.16782933
0.29565820
0.00871771
0.04494330
-0.39664090
0.11859455
-0.07002058
-0.09392203
-0.29018730
-0.13021292
0.07599979
-0.05489565
-0.04840418
-0.05260812
-0.05422543
0.07559123
-0.07339556
0.03408534
-0.34664741
-0.03929885
-0.21847799
-0.16419737
-0.04231353
-0.21681958
-0.02070825
-0.77850765
-0.18909013
-0.03298293
-0.12426388
-0.03061749
-0.22050688
-0.08338053
-0.07969281
0.00638490
-0.02491307
0.00245786
-0.04670548
-0.07885718
-0.19233909
-0.11151022
-0.14108573
-0.02960906
-0.02916810
-0.18775457
-0.39675364
-0.02442896
-0.38005769
0.01784972
0.00031172
0.00185519
-0.02987187
0.14603439
-0.07432809
0.13237469
-0.06692179
-0.02228815
-0.17731956
-0.11139569
-0.24014996
0.23855585
0.05475497
-0.05948974
-0.21509784
-0.06854836
-0.01776573
-0.02193053
-0.01804685
0.07643103
-0.03519294
-0.22078504
-0.24084486
-0.21778192
-0.49184376
0.02070362
-0.00301290
-0.08065345
-0.05547169
-0.18195294
-0.30526149
-0.02338070
-0.08349057
-0.01846726
-0.06963572
0.00656089
-0.10578050
0.05070845
-0.04066190
0.13460883
-0.26357135
-0.15098667
-0.02099714
0.01605887
0.07110079
-0.23081543
-0.12878224
-0.01484063
-0.00240128
-0.29061633
-0.39932069
0.02177091
-0.07623425
0.14624529
-0.18140279
-0.03527963
-3.68616462
-0.19121616
-0.00611917
-0.05076516
-0.14130507
0.08281698
-0.08609474
-0.25266576
-0.26558924
-0.14966756
0.00709525
-0.06394584
0.01165735
-0.46951470
-0.04267049
0.06765962
-0.12962170
-0.35925674
-0.37199479
-0.04679884
-0.05527980
-0.20860828
-0.11142011
0.06951477
-0.13723552
-0.05447693
0.01596939
0.01699154
-0.03987388
-0.09183970
-0.04865152
-0.02404910
-0.11063953
-0.10185380
0.04522301
-0.15013817
-0.18693715
-0.01985037
-0.01892378
-0.14360882
-0.12315417
-0.00415661
0.06078734
-0.01488934
-0.09343750
-0.08961682
-0.03650164
-0.02496624
0.00146786
-0.11897079
-0.19577126
-0.03649194
-0.23447818
-0.23799838
-0.08179192
-0.04136295
0.02900966
-0.00808739
-0.03737978
-0.05778151
-0.11649344
-0.07027558
-0.03961824
-0.11332360
0.00169497
-0.03448814
-0.13709792
0.03223288
-0.05614551
-0.08443540
0.01808493
-0.07286660
-0.07419729
-0.00549950
0.03775189
-0.03052242
-0.04972501
-0.12584971
0.02944037
0.01328284
0.00081252
-0.00756104
-0.03859327
-0.11430068
-0.02317919
0.05365599
-0.11731409
-0.02539379
-0.05091315
-0.04137581
0.03359439
0.01769645
-0.00843851
0.04359844
-0.04535920
0.08417063
-0.02938741
0.03269981
-0.03927147
-0.12202556
-0.05368483
-0.04516483
0.02868425
0.01809330
-0.03919941
0.04470311
0.00251259
-0.03531849
0.04741075
0.00422348
-0.02340408
-0.00876234
-0.12613904
-0.03972967
0.01727334
-0.07406889
-0.05844885
0.02446890
0.02671669
-0.01832589
0.03651527
-0.06919080
0.02607853
0.01382814
-0.09712992
-0.05989105
0.02842603
0.00949320
0.00620724
0.00158066
-0.00499623
-0.05784539
-0.30365187
0.00368800
0.03341462
-0.05760000
-0.04059948
-0.03464176
-0.07423677
0.05385655
-0.05666409
-0.21523139
0.03007946
-0.03762598
-0.01839680
0.04300901
0.04216827
-0.16904260
0.00234228
-0.05963439
-0.06411454
-0.06542955
-0.07802229
-0.05032192
-0.02341862
0.04169054
-0.08429790
-0.03286013
-0.02296661
-0.06105674
-0.09004565
-0.13233352
-0.02119952
0.03459636
0.00633858
0.00162495
-0.00552871
0.00777873
-0.04939181
-0.10682219
-0.01914553
-0.04732525
-0.23107775
-0.01615403
-0.08975904
-0.08119960
-0.00889530
-0.04149263
-0.00640828
0.02946164
0.05304906
-0.04962017
-0.06254460
-0.06194234
-0.00717295
0.00594416
0.01288195
-0.01018102
-0.03096787
-0.06113364
-0.01556299
-0.03563602
0.03832365
-0.08366111
-0.01487393
0.02336990
-0.03443449
-0.01566495
-0.06014165
0.02687203
0.00324985
-0.01809796
0.01154115
-0.12947415
-0.09323210
-0.00301653
-0.01742599
0.03266903
-0.03619820
-0.01371263
-0.04288059
-0.05617323
-0.06893503
-0.04027575
-0.05066032
0.00132469
-0.02733221
0.07213116
-0.01806254
-0.07656269
-0.01302598
-0.11309126
0.04539506
0.00054539
-0.06288775
-0.00555149
0.01780984
0.00785726
-0.17606221
-0.04864949
-0.16644475
-0.05977208
-0.01432525
0.02630191
-0.02355829
-0.01985875
-0.06450560
0.00716694
-0.12248198
-0.03613345
-0.00188279
0.03892160
-0.06466995
-0.01715619
-0.04540683
-0.00584087
-0.03514469
0.06325248
-0.00356434
0.03769181
-0.07358345
-0.00942561
-0.06466449
0.00303808
-0.04281866
0.06709071
-0.01637655
0.00161108
-0.01653637
-0.16934951
-0.06074854
-0.00075414
-0.02265300
-0.04472350
0.03536545
-0.00351233
-0.04224413
0.07390292
-0.10291407
-0.03188280
-0.03001880
-0.02732966
-0.06832388
-0.09686738
-0.12270748
0.02897611
-0.06142684
-0.05637568
-0.03247114
-0.03531623
-0.05860648
-0.00343657
-0.04629597
0.00206076
-0.01558374
-0.15958747
-0.06557140
-0.04207386
-0.13077866
-0.00758796
0.02608638
-0.00584708
-0.01272760
-0.08094121
-0.01823832
-0.01430019
-0.05753374
-0.01673611
0.02092711
-0.01800380
0.02287112
0.01287781
-0.03196533
-0.03050479
0.04233431
-0.08055352
-0.03743737
-0.03518641
0.00342753
-0.03715727
-0.09587692
-0.02162101
-0.21433078
0.13903232
-0.05672949
0.00282795
-0.12751326
-0.11264629
0.00337884
-0.15310745
-0.08464205
0.05388035
0.25251445
0.00458042
-0.23724349
-0.14020874
-0.03973111
-0.04274205
-0.15347157
0.37667137
-0.21596406
-0.26216468
-0.18313600
-0.19164787
-0.29451501
-0.02050894
-0.04301282
-0.06547875
-0.05495977
0.17780428
-0.07997368
-0.03563285
-0.11632878
-0.03594606
0.07664548
0.03432883
0.02387795
0.14739801
-0.03297367
0.00545500
-0.16503128
0.01625955
-0.08764663
-0.11925052
-0.14415894
0.13271149
0.03828210
-0.01192213
0.12271177
-0.01306974
-0.11065942
-0.02136417
0.05210266
-0.07468832
-0.09451336
-0.02561384
0.00244172
0.01237591
-0.06485289
-0.16894537
-0.06076338
-0.29027754
-0.37154061
0.02680584
-0.09558979
0.15761091
-0.07466969
-0.10165419
-0.12845713
-0.11271883
-0.08174165
-0.04503774
-0.15830739
-0.26610214
0.30202428
-0.05929667
-0.05333995
-0.42936084
-0.48870575
0.00834102
-0.01504971
-0.04180000
0.03319285
0.05852920
-0.27593306
-0.18162696
0.15304039
-0.15251634
-0.03364917
0.17804372
-0.26410627
0.03470162
-0.02921525
-0.54685926
-0.04880027
-0.08360843
-0.16136003
-0.06671403
-0.14965443
-0.02215209
-0.22076555
-0.03458558
-0.37223443
-0.08882392
-0.17540564
-0.03350386
-0.16785407
-0.42566958
-0.18973733
0.00061898
0.06128730
-0.16338578
0.15778597
-0.03273639
-0.03792037
-0.06953952
-0.00469046
-0.02007256
-0.64897424
-0.08636872
-0.13580297
-0.13422729
-0.16282347
-0.11062670
-0.40179983
0.05746828
-0.06427974
0.20044436
-0.26365462
-0.05759276
-0.18565324
0.11260665
-0.04274658
0.04163601
-0.00311878
-0.03160021
-0.06143419
-0.00356748
0.01497529
-0.25704929
-0.22414319
0.00061709
-0.18032938
-0.03613726
-0.09264042
-0.04505599
0.00396859
-0.05294937
0.12055471
-0.30648956
-0.59494734
-0.51588631
0.01736492
0.01863072
-0.20415311
0.00983159
-0.14384165
-0.13105044
-0.08874894
0.04400313
-0.19950084
-0.09599709
0.06323239
0.00421176
-0.01615085
0.17146358
-0.20202677
-0.23720735
-0.21106710
-0.19219704
-0.20132409
-0.02401971
0.03917130
-0.19408341
-0.31232357
-0.15237789
-0.44731605
0.01121771
-0.13108313
-0.09087218
-0.30780289
0.04326225
-0.00479477
-0.00094727
-0.11438352
0.10400810
-0.00071225
-0.04155018
0.21023741
-0.29112199
-0.11556940
-0.14319246
-0.02457961
0.22312997
0.06164906
-0.01799361
-0.28954834
-0.13544519
-0.27186692
-0.04476167
-0.24667606
-0.11127066
-0.17542802
-0.18094087
-0.00574099
-0.15628949
-0.14570804
-0.05883570
0.06686038
-0.55567425
-0.18276392
-0.03580310
0.07404965
-0.21351166
-0.04116876
-0.04641799
-0.05920358
0.05842664
-0.00679534
-0.17362118
-0.20669982
-0.03168328
0.08792997
-0.29507706
-0.02342990
-0.04107641
0.02400796
0.09296987
0.01537221
-0.06295343
0.05942458
-0.10221664
-0.09816609
-0.07357837
-0.16833960
-0.16645259
-0.02622316
-0.00734391
-0.13469699
-0.09415510
-0.38277298
0.25517482
-0.01867499
0.02810806
-0.04593233
-0.08017348
-0.12468904
-0.13493133
-0.06806923
-0.05137852
0.04292652
-0.12149758
0.14173470
-0.01189658
-0.07401028
-0.01264371
-0.20489375
0.00705876
-0.12570620
0.08372124
-0.46960133
-0.04160862
-0.04198563
-0.35864773
-0.00871200
-0.17123592
-0.06729686
-0.03737706
-0.23897116
-0.03522668
-0.01003527
-0.01172287
-0.00848621
0.03919961
-0.13547313
-0.06529486
0.22022958
-0.21195509
0.45663583
-0.05977543
-0.03513676
-0.04736118
0.00198009
-0.03448994
-0.09834465
-0.10872748
0.19970742
-0.00891095
-0.04629020
-0.17794320
-0.68203807
-0.01527902
-0.07896977
-0.11687394
0.01891344
-0.01378651
-0.12076477
0.03664054
0.01166627
-0.03832663
0.08666042
-0.08146885
-0.04817090
-0.03299814
-0.05309824
0.05528994
-0.03208052
-0.01701671
0.01120506
-0.02036436
-0.06636100
-0.04041622
0.08741520
0.11948665
-0.18247437
0.10070383
-0.01454085
-0.22175342
-0.02125075
-0.06376199
0.06725616
-0.18522996
-0.01350789
-0.22846858
-0.29956791
0.02081349
0.08901716
-0.08579873
-0.02661468
-0.05075695
0.11960357
-0.14093576
-0.27876529
-0.02817705
-0.02961234
0.01960937
0.01882468
-0.15780543
0.03948973
-0.03476180
-0.03961696
-0.17301098
0.00874367
-0.10602766
-0.31333840
-0.07093121
-0.08312192
0.04457745
0.00848947
-0.18466184
-0.06166330
0.04535924
-0.03376484
-0.04364657
-0.01041735
0.04902373
-0.07186421
-0.01203182
-0.08205435
-0.06283150
-0.34462303
-0.20933302
0.02102127
-0.15675409
-0.26493692
0.09116986
-0.01622883
-0.02144365
-0.03451606
0.02573726
-0.03959982
-0.08958805
0.06984917
-0.02590620
-0.07010818
0.09530251
0.07915385
-0.03525792
0.02442838
-0.07561707
-0.11475656
-0.06520659
-0.15072888
-0.40857196
-0.25496048
0.00424370
-0.12194596
-0.01070830
-0.03415686
-0.00541440
-0.11466645
-0.06350877
-0.10106805
-0.02779819
-0.01366946
-0.12869380
0.00740770
-0.08847100
-0.15314810
-0.01542445
-0.06206995
-0.05074679
0.03969818
-0.03724257
-0.08437677
-0.11214549
-0.04942810
-0.17179388
-0.23097125
-0.09288722
-0.26220331
0.07686609
-0.04664343
-0.01782398
0.01483888
-0.09341709
-0.11798400
-0.04815411
-0.05238988
0.05034518
-0.18101387
-0.08469563
-0.17677915
-0.06830921
0.04384967
-0.04602255
-0.28080007
-0.17749877
-0.04013686
-0.01588713
-0.28645283
-0.08515899
-0.38827750
-0.03592023
-0.08033224
0.07153016
-0.08077035
-0.04431282
-0.00061848
-0.02575675
-0.10191017
0.06959197
0.07540159
0.02213263
-0.11932209
-0.11427876
-0.04113741
0.11973735
-0.11497035
-0.06292445
0.03309858
-0.52839744
-0.56095326
-0.03747904
-0.10339655
0.00253537
-0.09221485
-0.03511953
-0.32300299
-0.17289189
-0.01284233
0.21233985
-0.02297125
-0.03619130
-0.07281496
-0.06720521
-0.05779176
-0.01477723
0.01138856
-0.19625543
-0.20622948
-0.02125394
-0.02123601
-0.04683366
-0.30897668
-0.05488767
-0.14735593
0.02574542
-0.12798226
-0.10626071
-0.01460787
0.03561335
-0.09329642
0.03028546
0.00038269
-0.03690376
-0.02431857
-0.15906119
-0.06597193
-0.03353715
-0.16880918
0.01695463
-0.00033329
-0.19217221
-0.36222443
0.15687275
-0.05498812
-0.07323081
-0.10181741
-0.02848391
-0.01085640
-0.15529759
0.22387779
-0.00356523
0.00264649
-0.05825049
-0.09240008
-0.33639181
0.06123834
0.02234872
-0.09528499
-0.25612605
-0.22055957
-0.06026747
-0.19058757
0.02926793
-0.00273035
-0.76098812
-0.88396925
-0.34535521
-0.03101418
-0.31783980
-0.01817767
-0.03474636
-0.70132792
-0.00653942
0.06091391
0.00825629
0.06198098
-0.00210020
-0.01312485
0.02974068
0.00254808
-0.14254040
-0.75804776
-0.04337851
-0.06970166
0.03973453
0.12813003
-0.18404320
-0.07483781
-0.19114515
0.05074725
-0.03981245
0.01404365
-0.05730383
-0.21234556
-0.02218199
-0.18501495
-0.13029484
-0.06989678
0.03786524
-0.13741267
-0.07425927
-0.15338780
-0.15616256
-0.28766739
-0.17488147
-0.06176563
0.02879000
-0.03134954
-0.01886770
-0.02713820
-0.02899225
-0.01332779
-0.22658432
0.14756933
0.05990947
-0.06817886
0.05883757
0.13617268
0.00707923
-0.38784537
0.09309027
-0.02180638
-0.77611119
-0.41723803
-0.12225971
0.00063057
-0.71472442
-0.11728243
-0.04029218
-0.22391991
-0.12308706
-0.02018278
-0.33314577
-0.00510395
0.07768267
0.22091009
-1.95655429
-0.16246158
-0.01009247
-0.00961214
-0.33582488
-0.06244203
-0.04209445
0.09305003
0.00667486
-0.11895297
-0.16911554
-0.87696016
-0.13618100
0.02548260
0.00900188
-0.07138415
0.03030542
0.06156884
-0.06254489
-0.21283208
-0.19423927
-0.10399268
-0.07758392
0.12682928
0.03227529
-0.19877486
0.01297247
-0.10488044
-0.06792254
-0.07693577
-0.37380403
-0.42407751
-0.13811745
0.11296398
-0.03313807
0.01826835
-0.04043020
-0.13576968
-0.03944932
-0.05380226
-0.06784135
-0.20008749
-0.08963525
-0.21689242
-0.05513168
0.07982091
-0.76763976
-0.14443964
-0.00668849
-0.10407859
-0.32797757
-0.52477902
0.01316278
-0.03752617
0.09700223
0.01462504
0.00615094
0.10917848
0.03214024
-0.05486612
-0.14264622
-0.03879215
-0.19161791
-0.15637712
0.19870183
-0.44879994
-0.09585368
-0.19649237
-0.00115608
-0.04659281
-0.00623835
-0.10947982
0.16178975
-0.16615948
-0.04109496
-0.03095395
-0.00228564
-0.08811073
-0.23483591
-0.12761493
-0.19178113
-0.02825599
-0.02195874
-0.07039740
-0.08942464
-0.01012965
-0.09395489
-0.22329628
0.05699988
-0.04966358
-0.07585788
0.05490680
-0.21662180
-0.20156831
0.11521765
-0.02958310
-0.13227271
0.15315710
0.24177574
-0.26610488
0.05113745
-0.12493622
-0.05677513
-0.34318703
-0.05958832
0.14478946
0.03119336
-0.17140958
-0.05227732
0.00297202
-0.06195220
-0.59213740
-0.11905992
0.02210201
0.23161212
-0.13302274
-0.12487999
-0.06353816
-0.19899526
-0.07346945
-0.12269687
-0.23626465
0.01820025
-0.16250668
0.03937580
-1.33813334
0.08582144
0.02338398
-0.09721626
-0.09823588
0.03161528
-0.09083054
-0.08161935
-0.22079401
0.01522788
0.00524837
-0.20226476
-0.00381203
0.00558138
0.12138863
-0.18908347
-0.33197933
-0.07900319
-0.15972111
-0.06605192
-0.08707247
-0.17815173
-0.04801542
-0.11115983
-0.05384960
-0.08244902
-0.02591475
-0.03165225
-0.02489190
-0.15920058
-0.08978091
-0.09644227
-0.31938121
-0.06668644
0.00211343
-0.16126367
-0.43759564
0.06067021
-0.07643244
-0.04921365
-0.07590394
-0.01894852
-0.01741499
-0.20422387
-0.11596753
-0.03114651
-0.01815673
-0.04634091
0.12967466
-0.24323669
0.02497491
0.02226152
-0.02656669
-0.31470409
-0.05286763
-0.04745011
-0.01362802
0.01714861
-0.13996787
-0.14332499
0.08271182
-0.01342337
0.02250854
-0.16305205
-0.03787511
0.01373466
-0.07384697
-0.02681642
0.07370069
-0.07144520
-0.00878247
0.00918984
-0.01823988
-0.06290480
-0.00421654
-0.05434054
-0.00639507
-0.14720221
0.01043222
0.00147516
-0.00667660
-0.05346392
-0.34232199
-0.06594054
0.00679402
-0.01629190
-0.08779871
-0.00252295
-0.40881830
0.02476119
-0.05930062
-0.04872553
-0.02479161
0.01343854
-0.06565020
-0.06379756
-0.13123053
-0.04163249
-0.15571636
-0.11381581
-0.05926757
0.00272653
0.01550651
-0.00012670
-0.05662430
-0.00897791
-0.02629706
-0.26840255
0.14324096
0.03738110
-0.05813088
0.00500160
-0.05684722
-0.09357154
-0.03750589
-0.06686670
-0.03034989
-0.11577094
-0.21822141
0.03598467
0.02117197
-0.11124988
-0.01564709
0.02168191
-0.15265411
0.02130353
-0.03602029
-0.13367935
-0.10815690
-0.08517901
-0.69537979
-1.28151071
0.01034416
-0.02419465
-0.02876781
-0.07859417
0.00077239
0.02534277
-0.07152276
-0.08774234
-0.16233873
-0.15658896
-0.20086609
-0.01944072
-0.04463068
-0.00796452
-0.00497441
-0.15902917
-0.09329417
-0.05235045
0.07314317
0.05084344
0.01050444
-0.10405470
-0.03915713
-0.01138989
-0.14187020
-0.11038960
-0.06435871
-0.01590115
-0.29081231
-0.14439519
-0.18342923
-0.04568223
-0.09559523
-0.07813302
0.00548908
0.01350414
-0.10300178
-0.05001945
0.02537043
-0.01732582
-0.10609587
-0.06842726
-0.14429103
-0.11618435
0.03129062
-0.01189142
-0.27034277
0.02474939
-0.09855748
-0.24296498
-0.39838898
0.00556687
-0.04975345
0.01139299
-0.03606270
-0.01607481
-0.04849752
-0.03407700
-0.06195085
-0.05557446
-0.03296133
-0.14291491
-0.04275215
-0.19268267
-0.02226188
-0.02604004
-0.06311794
-0.10584203
-0.05925656
0.00831476
-0.05794289
-0.05024608
-0.24911198
-0.11172811
0.01624832
-0.01579863
-0.02916974
-0.03255533
-0.12053114
-0.02333158
0.06684894
-0.00592666
0.00615829
-0.02241272
0.06691066
-0.00304145
0.01648062
-0.02054540
-0.14946598
-0.23403089
-0.02413412
-0.02892909
-0.06207329
-0.09494249
0.02820337
-0.06899165
-0.45939478
-0.07685491
-0.15537360
-0.02675672
-0.09350180
-0.05559313
-0.27786812
0.02243917
-0.11326626
0.01762339
-0.19319382
-0.08256488
-0.00583814
-0.05625129
-0.12051094
-0.11578161
-0.03729845
-0.44504634
0.20001705
-0.04056679
0.02347073
0.01117084
-0.24527827
-0.03663306
-0.33387360
0.00676298
-0.16588914
-0.02428871
-0.30252266
-0.09559256
-0.03763134
-0.08678714
-0.01134610
-0.08627608
-0.23074920
0.02560432
-0.10704947
0.07014870
0.02869419
-0.05798511
-0.12692827
-0.02871381
-0.01823384
-0.06909408
0.20747180
-0.05544717
-0.05552693
-0.02351866
-0.12983167
-0.00674906
-0.08329484
-0.07588625
-0.03150596
-0.02237866
0.02241869
-0.03935093
-0.04103106
-0.05631053
-0.02641137
-0.06143011
-0.13547689
-0.21106204
0.01817442
-0.13726796
-0.03305408
-0.04246873
-0.00659541
0.05340998
-0.12170053
0.00509965
-0.04544538
-0.16824161
0.05986866
-0.08508722
-0.06234899
-0.04160562
-0.02520985
-0.13167900
-0.04756802
-0.02907776
0.01017894
-0.25680211
-0.05880579
0.09101421
-0.02375905
0.01512610
-0.03725004
-0.01665380
-0.07711831
-0.05915334
0.01149625
-0.03965025
0.03492801
0.05296282
-0.07812814
-0.04940754
-0.22201784
-0.01344047
-0.00557651
0.01336332
-0.10175483
-0.06294003
0.05885541
0.02290818
-0.13109449
-0.00518268
0.01833189
0.02914068
-0.02664309
0.00769031
0.02450163
-0.05984169
0.00688285
0.00075623
-0.21003847
-0.08803131
0.08933073
0.01748166
0.02123269
-0.05479253
0.01310260
-0.00660274
-0.04374322
-0.03709689
-0.04256884
-0.25531164
-0.02296954
-0.07808540
0.02895627
0.03246379
0.06604131
-0.03176066
-0.13296300
0.01398826
0.04663971
-0.02092194
0.14207177
-0.02346118
0.00451559
-0.04701676
-0.09851388
-0.01663942
-0.04060912
-0.08730580
0.06446312
-0.29526755
-0.04754940
-0.28744915
-0.05163785
0.03887507
0.00864887
0.04118164
-0.02802013
-0.05371229
0.01064235
-0.02822309
-0.05099265
0.00462820
-0.07021964
-0.01169331
-0.12219152
-0.02812223
-0.00675762
-0.18630087
0.03680409
0.04072312
0.02464052
-0.06518373
-0.05210450
-0.13074535
-0.04520808
0.00444046
0.03102331
-0.00004491
-0.02143167
-0.06177246
-0.01447706
-0.00745684
-0.02367076
0.01219340
0.00063825
-0.08328087
-0.06787217
0.07485390
-0.12121877
-0.05707691
-0.13381147
-0.12064021
-0.01660754
-0.29368487
0.17620917
0.00963254
-0.03763310
0.03565681
0.00487204
0.04797673
-0.07183709
-0.08335814
0.00271400
0.01716843
0.02802071
-0.03903724
-0.00886324
-0.07514103
-0.04202747
-0.00597340
-0.06665970
-0.03330528
-0.02525895
0.00334172
-0.01504127
-0.07499947
-0.05449629
-0.12793665
-0.02004518
-0.04725849
-0.05439667
0.01889756
-0.06584607
-0.04479774
-0.04843694
-0.05302183
-0.00607605
0.03847578
-0.10104325
0.01363329
-0.05534029
-0.02493496
-0.04969604
0.03289077
-0.02799871
-0.11915442
-0.00713375
-0.01858879
0.00329659
-0.02175584
-0.03747429
0.02123539
0.06102058
-0.00969195
-0.02533804
-0.01878638
-0.11759803
0.04261307
0.03857237
-0.03553508
0.05304089
-0.04636889
-0.02157976
-0.05071369
0.02741652
0.03393753
-0.02799717
0.11367545
0.07452244
-0.01165050
-0.08599960
-0.00593766
-0.10366455
-0.01735111
-0.02716840
-0.02210189
0.01214169
-0.03236896
-0.03793568
-0.00532892
0.02002537
-0.07679877
-0.01584863
0.02854020
-0.12311510
-0.11211647
-0.04453785
-0.03708924
-0.01501479
0.00095988
-0.04116919
-0.00769929
-0.13263611
0.00187461
-0.01251538
0.02882284
-0.03771768
0.02912545
-0.10105556
0.02067986
0.03996685
-0.05890904
0.03648603
-0.00003354
-0.02172402
-0.13986088
-0.04975933
0.03393969
0.03905581
0.14913493
-0.31253311
-0.03273272
-0.03650298
-0.04400420
-0.02797006
-0.06525445
0.01429604
0.03969996
-0.02183182
-0.08448085
0.02837432
0.04136084
0.01263327
-0.00142616
-0.03249058
-0.03435683
-0.00142949
-0.04791850
-0.01279268
-0.00029505
-0.20426778
-0.05475762
-0.02522431
-0.02713572
-0.06150169
-0.05993001
0.00443618
0.03786615
-0.02399210
0.01253466
0.00403763
0.03206436
-0.03739754
-0.03987816
0.01910614
-0.05861926
0.00112690
-0.02741157
-0.04920502
0.01555919
0.02438284
-0.15656267
0.12133655
0.15254335
-0.02915394
-0.04432178
0.11270420
-0.06957025
-0.10332503
-0.18363862
0.05594959
-0.17175218
-0.08256085
0.03878235
-0.09665901
0.05608772
-0.24476272
-0.19329245
-0.11182213
0.06317298
-0.64357543
0.00030520
0.03178358
-0.09742765
0.01172371
-0.21348590
-0.13384603
-0.08022712
-0.02022531
-0.03491286
-0.01562617
0.06435319
-0.05500596
-0.03097261
-0.06759292
-0.17082666
-0.11101419
0.11516171
-0.03449661
-0.01951693
-0.02197569
-0.03187703
-0.13693838
-0.08065156
-0.18196788
-0.16490187
-0.24944718
-0.31007782
-0.01144687
-0.00706425
-0.11741918
0.05113890
-0.11977629
0.00792440
-0.09135228
-0.07968301
-0.00157391
-0.07822748
-0.01727608
-0.06729606
0.03164725
-0.08572465
0.01972154
-0.32798836
-0.04347545
-0.08484450
-0.11146014
-0.02836212
-0.08008097
-0.05998060
-0.10911918
-0.09681552
-0.07138988
-0.00255924
0.04504511
-0.18820854
-0.15973344
-0.00478464
-0.08856304
-0.30420780
-0.17626877
-0.00389330
0.02917331
0.02871637
0.03104542
0.00885837
-0.09674721
-0.10464968
-0.01662389
-0.06562404
-0.09788624
-0.05060397
-0.00562125
-0.02650010
-0.00107127
-0.39063931
0.18763782
-0.04160931
-0.04318523
-0.02775477
-0.04571004
-0.21836565
-0.23844424
-0.13462944
-0.67614293
-0.00442392
-0.12961072
0.05886666
-0.11099503
-0.00044759
-0.11481412
-0.03120547
0.05197728
0.06351703
-0.02716432
-0.03905364
0.27872574
-0.06790414
-0.11697377
-0.00473716
-0.11815380
-0.03979813
-0.07136779
0.02640451
-0.05213560
0.05029064
-0.37143919
0.02869987
-0.04642525
-0.12100778
-0.24749179
0.05811485
-0.00802288
-0.07563605
0.01134426
-0.08890536
0.01609465
0.05178309
-0.18549876
0.03375242
0.13490421
-0.19084811
-0.04064436
0.03668156
-0.29187363
-0.07388216
-0.05443529
-0.01474298
0.02879212
0.02610231
-0.04118396
-0.07430343
-0.10641271
-0.19485995
-0.05642498
0.03644281
-0.02739812
-0.08982895
0.03010923
-0.01342200
-0.09913073
0.16746983
-0.11729747
-0.02469651
0.04738408
0.01038266
0.09743515
-0.13076340
-0.00994592
-0.08227301
0.06301511
-0.00462622
-0.15642665
0.05355823
-0.02075246
-0.01647188
-0.05919487
-0.10966420
-0.06059081
0.00217514
-0.06555960
-0.07451611
-0.10270318
-0.00076560
-0.21681462
-0.09798699
-0.04662363
0.02693820
-0.02945098
0.00675636
-0.21441182
-0.07483853
-0.01805473
-0.02490030
-0.10526825
-0.08145148
-0.03536269
-0.00804491
-0.13202956
0.07845570
-0.11971999
0.02311998
-0.12190196
-0.04917179
-0.06858558
-0.15033980
0.02296075
-0.17002182
-0.02355562
0.00708215
-0.20625274
-0.14269701
-0.07977878
0.00719390
-0.10722932
-0.00729612
-0.01044364
-0.02520599
-0.02181694
-0.04677859
-0.23622341
-0.02493522
-0.06974880
0.04687341
-0.03673235
-0.06803506
0.02960364
-0.10216963
-0.00971622
-0.05339793
-0.01059798
0.01656443
-0.01574294
-0.15954039
-0.41658118
0.01694711
-0.03333865
0.06639981
-0.01619738
-0.21217453
-0.16929635
-0.08024409
-0.13775668
-0.14285527
-0.04700157
-0.01367924
-0.00791367
-0.01910340
-0.01895198
-0.16698992
-0.00638975
0.02669427
-0.03984702
-0.08787546
-0.13361856
0.03379213
-0.13297904
0.01417311
-0.18746208
0.00348288
-0.07463482
0.01389301
0.02805416
-0.22161083
-0.32605696
-0.08921354
-0.03952132
0.07456275
-0.26431343
0.03387703
-0.02133264
0.00903877
-0.31829774
0.05592468
-0.04371988
0.05823362
-0.11270556
-0.09913704
0.01532683
-0.00718828
-0.05607223
-0.34719872
-0.06683268
-0.04340516
0.14322950
0.11306275
-0.06874555
-0.09350607
-0.06895975
-0.00713305
0.30248731
0.08854473
-0.73358953
0.02222510
-0.06061541
-0.07876508
0.00521618
-0.02240236
0.38694382
-0.06184606
-0.14192662
-0.07315355
-0.12298492
-0.07558618
0.02682525
0.00450971
-0.00153341
0.00046170
0.05657507
0.02804257
0.04090652
-0.14893022
0.03216330
0.02331370
-0.00577900
-0.09358633
0.14930367
-0.10052118
-0.02639759
-0.25580615
-0.10294777
-0.22010097
-0.21662001
0.24457334
0.06532799
0.04246862
0.01152709
0.02158721
-0.30595446
-0.13899595
-0.01054110
-0.32367346
0.03118892
-0.03222840
-0.08841515
-0.19230582
0.25319234
0.00350984
-0.02232319
-0.00092620
0.04491031
-0.02264064
-0.04096278
-0.07169230
-0.04644949
-0.34911710
-0.20349339
0.04839578
-0.01026481
0.03960240
0.03857624
-0.08411218
0.16907072
-0.04413690
-0.04262997
-0.09357801
0.01843854
-0.04875113
-0.13519594
-0.01896221
-0.20809963
-0.07645834
-0.06571563
0.05771926
-0.11510506
-0.04371186
0.05569552
0.07864933
-0.07278872
0.03818045
0.13733289
-0.02142159
-0.18746281
0.15085934
-0.05863263
0.00941290
-0.37111133
0.04698913
-0.12191772
-0.07177749
-0.01662590
-0.00547296
0.08650300
0.03245838
-0.11014521
-0.13837068
-0.16193520
-0.07432020
-0.00447442
-0.12557207
-0.01275307
-0.05268715
0.01489625
0.04470741
-0.05455223
-0.21166237
0.09294696
-0.05486110
-0.20899509
-0.15527634
-0.34055552
-0.11080059
0.38734335
0.02797904
-0.04328451
0.02306125
-0.00381373
-0.07834420
-0.17334101
-0.07538547
-0.02473376
-0.07009178
0.07146958
0.07951209
-0.40014356
-0.01381246
0.17786501
-0.07001214
0.01105017
0.08018575
-0.04158508
0.04277404
-0.05538245
-0.01126500
-0.06276163
-0.13114394
0.02239176
-0.04739542
-0.22590579
-0.13687803
0.02753145
0.02087980
-0.13359334
-0.26954791
-0.15822285
0.02376538
-0.00927603
0.09135590
-0.05381991
-0.00949654
0.00825025
0.06027811
-0.03911255
-0.15594785
-0.15381557
0.04320956
-0.15719776
-0.02847853
-0.05710629
-0.11261214
-0.10678120
-0.05186330
-0.07248005
-0.18684272
-0.20765406
0.10235599
0.31794500
-0.02632284
-0.13831654
-0.01625339
-0.22027038
-0.15574555
-0.00744892
-0.26376283
-0.14166003
0.06639268
0.05405745
-0.12393804
-0.02712206
-0.09198903
-0.02698951
-0.07036663
0.12297998
0.01595613
-0.03760632
-0.19967434
-0.15840244
0.08258174
-0.14938635
0.01346869
-0.05379372
0.08129482
-0.03962291
-0.03338295
-0.08227815
-0.08538888
0.00236444
0.14815305
-0.00625128
0.27373740
-0.16909869
-0.04852658
-0.14453655
-0.31157219
-0.01024666
-0.02259100
0.05713693
-0.02124745
-0.24087304
0.14168580
-0.10950866
0.00298227
0.08623630
-0.01614296
-0.10828216
-0.27760458
-0.14087178
0.06157434
-0.09547186
-0.12593767
0.01597845
0.06214662
-0.06929658
0.02795008
0.19269529
-0.03931342
-0.16890882
-0.05372487
-0.00327916
-0.09399245
-0.06955441
0.04754428
-0.03760537
-0.60072130
-0.42602268
-0.02037142
-0.22460796
-0.01065670
-0.79892355
-0.16485943
-0.17375340
0.22035393
-0.23056459
-0.14633150
-0.13786137
-0.11246198
-0.53155291
-0.13342209
0.35154399
-0.00744313
-0.11662135
0.02553303
-0.06605092
-0.17184663
-0.00093676
0.04698156
-0.12551944
-0.15259278
-0.48521352
-0.03335547
-0.03273198
-0.04743373
-0.03870573
-0.00920826
-0.01690463
-0.06648787
-0.18560977
-0.18964402
0.02795646
-0.41959020
0.10409158
-0.00435364
-0.08029605
-0.03012202
-0.10710895
-0.01430864
-0.00658030
-0.27768010
-0.01658023
-0.14245237
0.00024796
0.00464319
-0.01295644
0.07263299
-0.09452788
-0.47524416
-0.12128689
0.03016830
0.04067470
-0.14269418
-0.03894703
-0.20554438
-0.11313660
-0.01849319
-0.21841827
-0.19014277
-0.02552565
-0.07778346
-0.01194131
-0.14074585
-0.05170202
-0.21434332
-0.41086170
-0.04267915
-0.02537178
0.07668713
0.02801937
-0.04522829
-0.41070735
-0.02772372
-0.15177727
-0.24566555
-0.14895827
-0.08881121
-0.03738952
0.01028584
0.04018589
-0.32124403
-0.01656308
0.03359245
-0.20119140
-0.16952820
0.06760672
-0.17936641
-0.28375363
0.05825244
-0.49609637
-0.09593515
-0.20838863
-0.11019730
-0.13398433
-0.05474441
-0.10315379
-0.05339416
-0.08035534
-0.14644234
-0.04969618
-0.01100564
-0.17939892
-0.13379231
-0.10828258
-0.00812447
-0.22753105
-0.08624747
-0.01451995
-0.14891095
-0.03438598
-0.13853651
-0.10486761
-0.06442180
-0.05162694
-0.05570710
-0.04450324
-0.07458545
0.08118159
-0.14789188
0.02328077
-0.01681884
-0.00162595
0.02065530
-0.03986083
0.16464640
-0.05611743
-0.20051949
-0.16107412
-0.19476072
-0.39438447
-0.16963615
-0.18318017
-0.00371899
0.00180483
-0.03599498
-0.10148359
-0.37862390
-0.19570456
0.09903021
-0.06497137
-0.02548255
-0.04149558
-0.10801798
-0.48257715
0.02517324
0.24401443
-0.16209605
-0.06834254
0.01520558
-0.05360162
-0.01649969
0.03029047
0.05133552
-0.29546952
-0.23235054
-0.25868163
0.03269136
-0.53515238
-0.02899664
-0.03975628
-0.11285926
-0.22682875
-0.26218328
-0.87511784
-0.28249994
-0.11016359
0.03813051
-0.15349454
-0.03092145
-0.16165297
-0.11832327
-0.04457045
-0.00397706
0.10118017
-0.03639335
-0.08588082
0.07826441
-0.16690725
0.02486360
-0.25954551
-0.12115587
0.04183044
-0.00174487
-1.35406494
-0.11991826
-0.20456441
0.01039801
-0.44025633
-0.06459744
-0.36022738
0.04258009
0.04573118
-0.14195721
0.03993183
-0.08635378
-0.32734007
-0.35000902
-0.13191268
-0.02196642
-0.04425600
-0.44390804
0.18278690
-0.02725651
-0.00318115
-0.07514533
-0.03420958
-0.16163668
-0.18352899
-0.01021370
-0.09687153
-0.19599904
-0.04097253
-0.05289082
-0.07826179
-0.00593709
-0.02043202
-0.04706125
0.01542978
-0.13466474
-0.10170061
-0.00261341
-0.46240371
-0.05150336
-0.01533226
-0.29797149
0.04271744
-0.36128640
-0.33579943
-0.05371152
-0.16281314
0.01587795
0.01334747
-0.08595018
-0.27356058
-0.26637700
0.05496933
-0.06768770
0.00484845
-0.14502946
-0.07217269
-0.03663147
-0.24765851
-0.13153851
-0.11241458
-0.15365952
-0.40177760
-0.04512570
-0.25344855
-0.60081595
-0.29717192
0.31063306
-0.09159884
-0.24100067
-0.45972234
0.02016305
-0.61917305
-0.00695245
0.15484312
-0.05856896
-0.02301537
0.10250805
-0.25814128
-0.04383897
-0.04880898
-0.04931616
-0.44118112
0.62398928
-0.00609523
0.06466112
-0.05874910
-0.32161462
0.05302089
0.12223027
-0.09335233
-0.02428970
-0.38031164
0.09095985
-0.71124035
0.00524459
0.07569541
-0.17654096
-0.01814599
0.05605701
-0.08505794
-0.05711508
-0.08033147
-0.31516027
-0.27929541
-0.22261624
-0.14187045
0.02456380
0.13582836
-0.01742963
-0.09190530
0.04174986
-0.03065057
-0.10861824
0.04503392
0.08064631
-0.08106284
0.01719813
-0.10852088
0.07388788
-0.12194916
-0.15733738
-0.02954068
-0.01630112
-0.23874676
0.16920213
0.03544995
-0.19976805
-0.32485905
0.00943194
-0.40194187
0.16185293
0.09216702
-0.26833084
-0.07730401
-0.20542024
-0.29939646
-0.34801030
-0.06950806
0.02923822
-0.01846170
-0.08947299
0.03872276
-0.03050645
-0.11280669
-0.05039351
-0.14255670
-0.50272542
-0.37062657
-0.08038019
-0.07070988
-0.01611833
-0.08424610
-0.25513586
0.02110809
0.01938860
-0.12328222
-0.11733325
-0.17489529
-0.23411664
-0.37419194
-0.09093049
-0.18172270
0.07298467
0.04848650
-0.10062291
-0.13203013
0.15679249
-0.38848075
0.16009372
0.00809491
-0.04586230
-0.01509179
0.04529599
-0.46343127
-0.17946891
0.04381780
0.03114949
-0.21542752
-0.03296352
-0.39814353
-0.19490474
-0.12599616
-0.39874947
-0.10355941
0.02296228
-0.01482682
-0.21785069
-0.40913707
-0.22668551
-0.00522421
-0.22864850
0.14068724
-0.04300304
0.11813426
0.07283890
0.04854355
-0.00170840
-0.14935036
-0.30172956
-0.44148842
-0.14994980
-0.45867187
-0.00775274
-0.29069847
-0.04101081
-0.04327716
-0.05261236
-0.09584090
-0.00523022
-0.26861292
-0.48376065
0.07186905
-0.04583239
-0.12575346
-0.04109716
-0.27367380
-0.01068015
0.00880786
0.02879981
-0.28703851
-0.02577045
-0.00875567
-0.12994532
-0.09708887
-0.04552822
-0.14452562
0.23340969
-0.37542617
-0.17740716
0.53739816
-0.18477745
0.01060016
0.08711652
0.01617990
-0.34077871
-0.11204799
-0.05824282
-0.00619635
-0.13840967
-0.29976496
0.00419812
-0.03722591
-0.09683752
-0.12039429
-0.08492558
-0.00660807
-0.00672263
-0.00616532
-0.06888848
-0.13276015
-0.17251056
-0.19570863
-0.14978847
-0.00715648
0.10467611
-0.91772771
-0.23001891
-0.06726591
-0.02662440
-0.04463966
-0.00067249
-0.46057487
0.04125429
-0.01528126
-0.15736695
0.00711620
-0.00009937
-0.13677049
-0.06431666
0.06989001
-0.02214867
-0.08620299
-0.61169648
-0.37209952
-0.03125760
-0.07597695
0.01080189
-0.26144424
-0.22024386
0.03641342
-0.02800084
0.02992813
-0.11240203
-0.07254185
-0.02763404
0.10227942
0.05508918
-0.04192055
-0.02667128
-0.02108293
-0.24237876
-0.10635352
0.00283191
-0.16127101
-0.21591067
0.00248014
-0.19935261
0.14705463
-0.22929735
-0.11043612
0.18909551
-0.23097308
0.06161170
0.11580565
0.02181432
-0.04487126
-0.21457465
0.06266617
-0.02810892
-0.12295866
-0.47067085
0.15157747
0.01977392
-0.18631665
-0.59144717
0.16514379
-0.07127065
-0.57259339
0.27273449
-0.27976018
-0.33734879
0.10660575
-0.19555467
-0.01423699
0.24501204
-0.25135267
0.04076930
-0.35931081
-0.06207556
-0.26316810
0.01099463
-0.11439389
-0.02863175
-0.13139218
-0.67699802
-0.16571166
0.03044410
-0.21537535
-0.29778090
-0.07053736
0.05217068
0.08892696
-0.12064090
0.01627353
-0.04073704
-0.12109225
0.04379209
0.05415613
-0.06887479
-0.15521561
0.01234050
0.03121784
-0.05798977
-0.07127406
0.03575232
-0.19312218
-0.03226149
-0.07148853
-0.05188131
-0.15668707
-0.24192820
-0.04330023
0.04164740
-0.18539733
-0.02361446
-0.05319144
-0.02723187
-0.00062312
-0.35852256
0.01518652
-0.07505002
0.00016845
-0.07348660
-0.16310644
-0.07370468
-0.02592377
-0.14143418
-0.17769700
-0.16200234
-0.13459103
-0.07809674
-0.05313828
-0.29482755
-0.17324102
-0.00502627
-0.25164512
-0.14959101
0.02016638
-0.32929820
0.07388964
-0.08704528
-0.12234297
0.03566339
-0.23820524
-0.04667025
-0.07074974
-0.17354596
-0.00278944
0.00731816
-0.05429003
-0.01229156
-0.14867182
0.26446119
-0.13875374
-0.02463753
-0.05379164
0.00421847
-0.03513428
-0.54417580
0.00436506
-0.04353224
-0.03552335
-0.28819409
0.04320050
-0.07012194
-0.12755717
-0.01500243
-0.25869960
0.18649693
-0.04828013
-0.09994454
-0.44750336
-0.53619832
-0.28543699
0.08965424
0.00602976
0.01175931
-0.03884012
-0.03798517
-0.10620034
-0.11129519
-0.02447781
0.02337093
-0.15353180
-0.13135375
-0.01539157
-0.04943971
0.00243969
-0.07148182
-0.55125093
-0.00341252
-0.40170780
-0.14120136
-0.48610938
0.03362212
-0.03772753
-0.19432624
-0.10272524
-0.07691675
0.10299727
-0.08436283
-0.10311678
-0.03229438
-0.12490804
-0.36492467
-0.04840138
0.15934607
-0.65766704
-0.08556271
0.15456870
0.03777399
-0.00978383
0.01272597
-0.13791911
-0.02238827
-0.30970985
-0.18742047
-0.03475869
-0.03354571
-0.22065790
-0.21498826
0.10245103
-0.01713635
-0.09829634
0.14698376
-0.02285189
-0.01896991
0.07007454
-0.03118857
-0.06874474
0.06349473
0.00900190
-0.20856278
-0.17331372
-0.18263026
-0.16281904
-0.16441350
-0.01964786
-0.12741707
-0.25976691
0.05541090
0.01177078
-0.00985446
0.02811626
-0.06609035
0.05541051
-0.03102164
-0.23581597
-0.00006570
0.00657838
0.16247825
-0.14613993
-0.02402797
-0.04345483
-0.11309297
0.03164921
-0.31528810
-0.21045089
0.22591659
0.04764672
-0.13168922
-0.41583979
-0.13515331
-0.38304132
-0.07320336
0.07434995
-0.05945591
-0.36871737
0.07667682
0.01418382
-0.05822073
0.05097167
0.06130982
0.17897452
-0.21444149
-0.08986886
-0.09326538
0.04562669
-0.32572097
-0.06719683
-0.07123839
-0.01423061
0.18842745
0.24100700
-0.03589485
-0.13049029
0.00290486
-0.24776092
-0.12670402
-0.06678616
-0.06128412
-0.23116194
0.02598893
-0.04295469
-0.02365571
-0.01601818
-0.06641892
-0.35170892
-0.00508705
-0.21349519
-0.12578112
-0.00732621
-0.25285915
-0.00384833
0.16727659
-0.37208435
-0.12215886
-0.05134212
0.03413727
-0.12766902
-0.04329197
-0.10266508
0.12695180
-0.08896593
-0.16475230
0.08120918
-0.06454710
-0.07294468
0.00016114
-0.09805015
0.15685079
-0.26002839
0.01614799
-0.19935961
-0.01071970
-0.13625681
-0.22018822
-0.27005693
-0.09422503
0.01713221
-0.19319233
-0.02142225
0.01734669
-0.64982682
-0.04210489
-0.35096064
-0.01858164
-0.03601260
0.00265513
-0.28377515
-0.05136291
-0.07671851
0.03014549
-0.13593109
-0.05585852
0.14811388
0.04624198
-0.05300629
0.10354608
-0.42677039
0.07995645
-0.04542156
-0.06224685
-0.08470026
-0.09329766
0.22310270
0.03166909
-0.11888337
-0.00928527
-0.04223825
0.03959163
-0.09396703
-0.03462361
0.09303918
-0.98605865
-0.32503700
-0.19216926
0.10541612
-0.01646548
-0.00684435
0.03175105
0.00980161
-0.02066248
0.03991355
-0.19214717
0.03498669
0.03456432
0.01615684
0.02406583
-0.05520326
-0.11035370
-0.07057910
-0.10205552
0.00178281
-0.14963926
0.00364926
-0.21816519
-0.00437874
-0.24192518
-0.03279732
0.03160126
-0.04411142
0.04540068
-0.02149022
-0.33097142
0.12377942
0.01107706
-0.03813439
-0.43044719
-0.16472846
0.02528572
-0.04804578
0.01737839
0.04946047
0.03458078
0.01742305
0.01609763
-0.05208737
-0.11416192
-0.19138795
-0.05808750
0.04795274
-0.00867869
0.01399532
-0.16325139
-0.00147745
-0.04819980
0.01730254
-0.00517810
0.06045324
-0.08772025
-0.20324568
0.02707542
-0.11831710
0.01738039
-0.06918631
-0.12298511
-0.05675961
-0.52583468
-0.26741111
-0.01472673
-0.03081349
0.00672026
0.00127582
0.01579207
0.09096789
-0.00278666
-0.16573767
-0.01335550
-0.05655317
-0.04906157
0.11929257
0.07881224
-0.05291255
-0.22944368
-0.08042847
0.03468322
-0.01232517
-0.01695203
-0.53575456
-0.09884421
0.12735124
-0.53048462
-0.01708717
-0.03544286
0.01372022
-0.03230074
-0.05350003
-0.03478479
0.01983633
-0.37589398
-0.02510379
-0.10236134
-0.12195589
-0.04818102
-0.33848020
0.02271072
0.04545109
0.00888814
-0.00861971
-0.11418206
-0.08919699
0.14741844
0.00298506
0.02707370
-0.02982599
0.02906639
0.00871384
0.04035915
-0.08700539
-0.12055399
0.11779913
0.06671614
-0.02815045
0.01934623
0.02360895
-0.22385076
-0.07174647
0.01497730
0.05840455
0.27367529
-0.22930139
0.28782871
0.12565011
0.05777961
-0.05709931
0.16186523
-0.08387639
-0.07080147
-0.03632825
-0.00029965
-0.19829245
-0.04269928
-0.05578349
-0.01835694
-0.02994564
-0.18052664
-0.02297145
-0.02227243
-0.32103351
-0.12811710
-0.08237780
-0.09639813
-0.08518935
-0.03190306
-0.01300183
-0.01134632
-0.28809780
0.12944147
-0.09893264
0.03660816
-0.06857534
-0.08288636
-0.15119621
0.02951925
-0.04669488
-0.22005691
-0.09161589
-0.02327110
-0.01098096
-0.08335576
0.05419939
-0.02581471
0.03884555
0.61188287
-0.63808233
0.00308965
-0.03250927
-0.08659849
-0.28710893
-0.33245796
-0.07786620
-0.02249803
-0.07355836
-0.03035638
-0.00323141
-0.00295083
0.06112349
-0.02627371
-0.02266079
0.04283136
0.04854235
-0.25058010
-0.24807489
-0.03058495
-0.22585663
0.16891566
0.03391459
-0.20380720
-0.17426270
-0.14109221
-0.04460749
-0.00833008
-0.04797020
0.00065560
0.02852844
0.05298392
-0.09835157
-0.01710841
0.04747840
-0.07113260
-0.07505298
-0.33958611
-0.13101393
-0.02325303
-0.01875793
-0.51172352
0.22051378
-0.02392198
-0.00347973
-0.05809717
-0.02511371
-0.00577707
-0.11353453
-0.02541483
-0.04255787
-0.20873973
-0.07007314
0.04885738
-0.05449555
0.03753325
-0.07552446
0.03900073
0.03929370
0.02810927
-0.08075169
0.09696049
0.01252329
-0.02504123
-0.01044008
-0.04844569
-0.03971958
0.01076525
-0.02382367
-0.07677178
-0.05851038
0.00823891
-0.02099111
-0.03483158
-0.04243674
-0.00558299
-0.06473412
-0.05294397
0.13339753
-0.03354507
-0.00824562
-0.03051970
-0.06404258
-0.00013995
0.03242026
-0.02872405
-0.06275112
-0.05617917
0.02515859
0.03022467
-0.02056490
-0.01639262
-0.01809078
0.01626189
0.02250457
-0.04300867
-0.03121799
-0.01849044
-0.02561444
-0.03376314
-0.02140897
-0.01060006
-0.04274190
-0.09045493
0.00598515
-0.08074013
-0.11545119
-0.00278081
-0.01597085
-0.01147294
-0.05038220
-0.01272110
-0.11148497
-0.04615362
0.03392202
-0.00222881
0.00562075
-0.13252911
-0.12508661
-0.28639686
-0.01082304
-0.01692492
0.03427500
0.00934451
-0.04291917
0.02582729
0.03761420
-0.01700073
0.01505745
-0.02686875
-0.05251785
-0.03416384
-0.05029234
0.00577417
-0.02604617
-0.03974400
-0.03988670
-0.00141020
0.04694377
0.03686051
-0.04817277
-0.01803719
-0.06370925
-0.02753716
-0.09245818
0.13006474
-0.02716104
0.03859061
-0.19515215
-0.07810129
-0.03060723
0.02314438
-0.03816423
-0.05273033
-0.03111261
-0.00096594
-0.04102307
-0.04938393
-0.02941540
0.01892478
-0.02517919
0.01342441
-0.05258431
-0.02289378
-0.05416755
-0.05440246
-0.04724399
-0.03301262
0.01984730
-0.12520877
-0.10266369
-0.04485024
-0.03691455
-0.04875808
-0.05667899
0.04378133
-0.00622596
-0.01411914
-0.02884326
0.02058318
-0.00780112
-0.05420171
-0.10611795
-0.01915940
0.04871434
-0.02803881
-0.13331655
-0.00979080
0.01438392
0.03347140
-0.03574688
-0.04330555
-0.04442003
-0.01254035
0.01969860
-0.03167392
-0.04945808
-0.07036404
-0.16780303
0.00401099
-0.00566235
-0.02329400
-0.03890592
-0.00276012
-0.01625621
0.05842018
-0.02915008
-0.03670004
0.02169486
-0.06426334
-0.03283926
-0.09058441
-0.07197440
-0.04569658
0.02731306
-0.04570582
-0.21732862
-0.00985295
-0.01726717
-0.02472584
0.03394895
-0.01747900
-0.04581645
0.00178917
-0.01412317
-0.03179528
0.00336067
0.00862015
0.00889623
0.04485388
-0.06632583
-0.04645214
-0.02258602
-0.11747590
-0.03583965
0.03211435
0.00338686
-0.00784057
-0.16072156
-0.01818947
-0.14198133
0.04734691
-0.10417271
-0.02233482
-0.15540680
-0.04375841
0.01711258
-0.00324010
0.06783758
0.01185255
-0.00152205
-0.06390981
-0.02277307
-0.02004204
0.00565161
-0.11329481
0.01062494
-0.00812173
-0.00412957
-0.01934554
-0.02238299
-0.07495570
-0.00208715
0.01034833
-0.05338030
-0.03475494
-0.02110409
0.01004244
-0.00838196
-0.00447319
0.03636291
-0.02267339
-0.00634019
-0.05205549
-0.07820140
0.00194196
-0.08904922
-0.01827459
0.01031080
-0.02735028
-0.08013289
-0.14241751
-0.00360541
-0.02216653
0.01008272
0.04393686
-0.05006702
-0.05226308
-0.02323497
-0.05253083
-0.03585755
-0.06410605
0.00497748
-0.21428870
-0.04448088
0.04485852
0.00043499
0.02929583
-0.15629533
-0.04153179
-0.24570803
-0.02819610
-0.02237905
-0.02953141
-0.13856572
-0.10035681
-0.04914647
-0.05577900
-0.05048686
0.01732010
-0.09409557
0.00292924
-0.23635472
-0.02082156
-0.08241044
-0.08284605
-0.20792414
-0.12739374
0.12456348
-0.08469062
-0.21300253
-0.11058231
-0.07974205
0.04907576
0.04565208
-0.02772122
-0.05932586
0.06211625
-0.03298727
-0.00294354
0.09229605
0.04838759
-0.24152994
0.07164879
-0.00939130
-0.07228529
-0.07150256
-0.05730429
0.11535234
-0.07602894
-0.10286387
-0.05857055
-0.02198358
-0.09526882
-0.00343391
0.00455657
-0.04457163
-0.00458457
-0.00076412
0.01568303
-0.08161359
-0.10214037
-0.02667871
-0.00655425
-0.08853249
-0.01619694
-0.02422800
-0.03049936
0.04768761
0.03323142
0.05788344
-0.06191730
-0.10310729
-0.05715581
0.02326390
-0.10163852
0.03272226
0.00289506
-0.04595551
-0.05315300
-0.01764590
-0.09674630
-0.10859051
0.02304985
-0.01037371
-0.13393924
-0.13413599
0.01605196
-0.00142245
-0.15397236
-0.02013911
-0.01922954
0.01206081
-0.09329930
-0.04498343
-0.11387011
-0.14079331
-0.00632421
-0.03849296
0.01215237
0.04833310
0.12456996
0.01023888
-0.00710981
-0.11675677
0.03600073
-0.12015482
0.00936881
-0.09664287
-0.03670021
0.03128924
-0.02463676
-0.13270077
-0.06358065
-0.06334747
-0.05898744
-0.25455344
0.02284805
-0.02339336
0.00203344
-0.00494337
0.00222652
0.10840850
0.07389384
0.02955045
0.01895248
-0.12964486
-0.04097859
-0.01134694
-0.01857737
0.07752462
-0.03650738
-0.01687184
-0.03588771
-0.11326825
-0.05873597
-0.07645570
-0.00041122
0.00153148
-0.05372798
-0.12137365
-0.04712506
-0.04740025
-0.05380284
-0.05542227
-0.02046081
-0.02778083
-0.08041027
-0.00974823
-0.05529453
-0.12004140
-0.03621748
-0.16299693
0.05554882
-0.04334379
0.01287402
0.07801486
0.05295698
0.00712052
-0.06233823
-0.03961628
0.01209128
-0.11495040
-0.11659992
-0.18823023
-0.02080278
-0.02968671
-0.16115256
0.00965402
-0.09311906
0.00832960
-0.05188051
-0.09966692
0.00491152
-0.10176099
-0.18233457
-0.18685220
-0.12306032
-0.26840872
-0.07180065
0.00106507
0.01343040
-0.04810550
-0.06959933
-0.11229299
-0.00098576
0.00138684
0.03078216
-0.10736426
-0.04488420
-0.00817436
0.01087913
-0.04346993
-0.02801381
-0.06396955
0.04011466
0.01464564
-0.06508140
-0.05603389
-0.02344994
-0.13740690
0.00304701
0.01476164
-0.07320502
-0.03395416
-0.07389944
-0.04854988
-0.01054344
-0.04128442
-0.02640335
-0.09807629
-0.02784679
-0.00581288
-0.09175035
-0.04070588
-0.02561333
-0.09209131
-0.02130049
-0.04783757
-0.05620328
0.10074254
-0.08273762
-0.10847937
-0.09012581
-0.03976677
-0.08255827
-0.09701060
-0.02316438
0.17908236
-0.00171675
-0.01598158
0.01014463
-0.04525992
0.04164725
0.00507725
-0.01092126
-0.02266628
-0.02749933
-0.01550772
-0.06157532
-0.18020375
-0.08829433
-0.27154928
-0.01465454
0.04890645
-0.05630353
0.05261997
-0.00379814
-0.18841127
-0.08564212
-0.00735023
-0.05372416
0.01318134
-0.02504328
-0.20919497
-0.20966385
-0.05747536
-0.06888146
-0.07282328
-0.02028394
0.12386980
0.02715069
0.01355800
-0.09724712
-0.17635372
-0.06014683
-0.11028038
-0.14108631
-0.06921151
0.02352743
-0.15855570
-0.00017699
-0.04310646
-0.05980882
-0.04459073
0.01579788
-0.06810427
0.03407412
-0.15882210
-0.02397692
-0.26904833
-0.04351034
-0.26618969
-0.10833400
0.00973101
-0.03846044
0.00230331
-0.20363621
-0.02027491
-0.04292947
0.01001313
-0.07778617
-0.03525141
0.00501137
-0.06117126
0.01575826
-0.17193003
-0.06555139
-0.01195793
0.04403483
0.04206815
-0.02478467
0.00959899
-0.01844736
-0.34864119
-0.00613759
-0.06542111
0.00538815
-0.03611327
-0.03533834
-0.00771408
0.03253334
-0.01936797
0.00806796
-0.02012592
0.07083131
-0.07912474
-0.07605150
-0.01520773
-0.08100448
0.00503055
-0.02477803
-0.03465806
-0.04130053
-0.01955258
-0.15725327
-0.07911384
-0.06037835
-0.13830835
-0.05976984
-0.06696593
-0.04311788
-0.00701589
0.07369231
-0.19391683
-0.11352371
0.11991031
-0.15224974
-0.00854525
-0.09256335
-0.06527267
-0.15717492
-0.12297180
0.01959963
-0.05767351
-0.02175921
-0.03299040
0.04665954
-0.39727974
-0.04069852
-0.03814965
-0.09603118
0.04970768
-0.10174176
-0.03673518
-0.03666907
-0.02466135
-0.09980786
-0.00083860
-0.04606313
-0.05019017
-0.15602466
0.00440179
-0.08608611
-0.08394048
-0.05518993
-0.43019280
-0.06219076
-0.07169202
0.04738204
-0.10266294
-0.01314403
0.00144602
0.05038810
0.01748425
0.22467285
-0.05181979
-0.02832367
-0.01397145
-0.11303876
-0.10261735
0.03313700
-0.23809579
0.04116880
-0.04593708
-0.00466309
-0.08328439
0.01245631
-0.52264446
0.01030652
-0.16040789
-0.00599771
-0.21395287
-0.04252480
-0.13416600
-0.08627802
-0.02277696
-0.01341379
-0.01057595
-0.04822532
-0.02686344
-0.05218507
0.04232068
-0.14730519
0.03055337
-0.09005698
-0.13377163
-0.03872987
-0.07749397
0.01974813
-0.00884979
-0.02266479
-0.08637140
-0.32056278
-0.43904924
-0.15324192
-0.04027206
0.02408312
0.00140124
-0.00054217
-0.08959813
-0.05563527
0.00444141
0.09683465
-0.06778543
0.01120782
-0.04722821
0.00994725
0.00673068
-0.01654555
0.10335041
-0.02750865
-0.05875790
0.02693690
-0.17000397
-0.01488032
-0.04914711
-0.04329408
-0.09238777
-0.13507472
-0.14485513
-0.06463844
-0.03743432
-0.01628827
-0.07940380
-0.01471680
-0.03450992
0.01081769
-0.06505148
-0.04617103
-0.00100583
-0.01817354
-0.07603171
0.05075592
-0.03137931
-0.05609905
-0.12203868
-0.09456142
-0.04945065
-0.08646786
-0.07888713
-0.01271046
-0.09817637
-0.01005037
-0.46188873
-0.02294761
-0.07156048
-0.17066999
0.02394266
-0.12061582
-0.05396793
-0.00348821
0.00171829
-0.15542291
-0.11509418
-0.08686046
-0.07303022
-0.09226542
-0.00941114
-0.05413318
-0.05683362
-0.14081660
-0.03153780
-0.00998977
-0.19471662
-0.03998101
-0.00903119
-0.01560524
-0.04158263
0.01982926
-0.00185099
-0.09096853
-0.00382531
0.02623322
0.01018925
-0.00865294
-0.34417203
-0.00290780
-0.06764257
0.00107469
-0.04281172
-0.21806553
-0.04392189
-0.67249805
-0.15014087
0.01089282
-0.01317078
0.01221219
-0.04412244
-0.02056929
0.02645249
-0.10267440
-0.07209224
0.07335510
-0.06042268
-0.05371463
-0.00783494
-0.01457142
-0.03771652
-0.01462480
-0.09092408
0.00531044
-0.19529420
-0.21392250
-0.15034236
-0.13479185
-0.18482007
-0.38097692
-0.00256414
-0.10166204
-0.26008347
-0.03611227
-0.13129206
-0.04774261
-0.16363205
-0.12485652
0.04899479
-0.00236952
-0.16986112
-0.10921859
-0.18140283
-0.16307680
-0.13952868
-0.10159452
-0.12052218
0.03411476
0.05798971
-0.09609219
-0.20673674
-0.07888624
-0.02338908
-0.02963189
-0.05525829
-0.10340890
-0.24511203
-0.01555351
-0.07867935
0.01569358
0.01931649
-0.01798924
0.00353171
0.02189662
-0.02776082
-0.15556571
-0.15905577
-0.37604570
0.02919185
-0.00001422
-0.11399595
-0.04567091
-0.08610354
-0.06150294
-0.00765715
-0.19883990
-0.07457722
0.05168208
-0.02880779
-0.01438474
0.24221154
-0.00878413
-0.04493410
0.31047100
-0.12581463
-0.17131022
-0.10113913
-0.09366363
-0.02333731
0.10937106
-0.00113182
-0.06952529
-0.32992879
-0.22295956
-0.01305525
-0.07720187
-0.25407645
-0.08752001
-0.05902087
-0.33046809
-0.56193775
0.01597846
0.01198298
-0.12038306
0.05193787
0.03981784
0.17513517
-0.03020574
-0.07371929
-0.27691099
0.00744546
0.11709476
0.03580657
0.01081508
-0.04227723
0.04525579
-0.01335601
-0.01361910
-0.07810234
-0.13563779
-0.06158070
-0.26494691
-0.00725304
-0.06294709
0.10771352
-0.02057113
-0.18666282
0.05963625
-0.23953028
-0.24869193
-0.18439883
-0.01650541
-0.07439860
-0.03601706
0.01942713
0.01844758
-0.03851250
-0.06903826
-0.05471136
0.00261331
-0.12108631
-0.10567097
-0.14058846
-0.10901067
-0.00753278
-0.17010099
-0.40616018
0.04939005
-0.20674552
-0.16612838
-0.33941543
0.03715228
-0.12761454
-0.09771013
-0.06052235
-0.03765701
-0.09009108
0.03633906
-0.03371529
-0.00393717
-0.08822812
-0.13149650
0.06070532
-0.08117847
-0.26856381
-0.15158544
-0.18108910
-0.04959113
-0.01790571
-0.01291119
0.01071685
-0.03234935
-0.39492083
-0.24811439
-0.04501313
0.05711339
-0.07958581
-0.11615324
-0.08505582
-0.01340884
-0.05575674
-0.15415138
-0.16237700
0.05146145
-0.00153252
-0.02342906
-0.05416030
0.01679240
-0.16774683
-0.41906673
0.13241565
-0.11976219
-0.31916514
0.00119232
0.01428733
-0.20121373
-0.09623843
-0.09568229
-0.61854756
-0.12183233
0.00788425
0.00818238
-0.07478016
-0.04212238
-0.36970088
-0.03047818
-0.03115758
-0.21340373
-0.03443122
0.05219137
-0.07080530
-0.03399198
-0.16341558
-0.03611471
-0.09112537
-0.03398777
-0.01712586
0.25661227
-0.30887604
-0.15803736
-0.16695380
-0.10359381
-0.35078302
0.00515193
-0.19691825
-0.03145263
-0.01454523
-0.18795919
-0.18685502
-0.04901054
0.01279243
-0.35455406
-0.15121280
0.02183912
0.05627588
-0.60040027
-0.03644148
0.03666289
0.00614756
-0.23140134
0.08407377
-0.08329404
-0.28605476
-0.04448820
-0.04996025
-0.28111568
-0.05731273
0.05495469
-0.12970002
-0.00874976
0.00808347
0.04753411
0.00870843
-0.12415886
-0.30774772
0.03569091
-0.18725085
-0.46056232
-0.02949740
-0.00199112
-0.25449497
-0.23357385
-0.17871574
0.04953769
-0.12081618
-0.05341884
0.05117607
-0.02027370
-0.26528612
-0.08382302
0.02218801
-0.02950132
-0.13296123
-0.16472735
0.13792250
-0.02624090
-0.11127451
-0.03192252
-0.17069590
-0.00648911
-0.23082279
-0.13139445
-0.06112850
0.07437684
-0.16805395
-0.14848863
0.05229776
0.49298868
-0.07320842
0.04342708
-0.92267603
0.09113894
0.10064185
-0.17485602
-0.07933795
-0.03107212
-0.02773703
-0.23595801
-0.47534028
-0.32343805
-0.25903890
-0.21673706
-0.05120776
0.02602158
0.24801074
0.18999806
-0.12972617
-0.16497150
-0.03944740
-0.01784077
-0.19774626
-0.08922505
-0.30106175
0.02381337
-0.03032182
-0.13490482
-0.01922718
-0.02599799
-0.09721767
-0.05499859
-0.20502092
0.13121659
-0.43482289
-0.02872895
-0.17871715
0.01513092
-0.16914563
-0.01183905
-0.11964540
0.00926762
-0.08932872
0.07302627
-0.14296709
-0.03283302
-0.10909702
-0.07908634
0.12097329
-0.05686492
-0.12679280
-0.16541730
-0.00144969
-0.24841468
0.30212703
-0.20287383
-0.05836182
-0.48015302
-0.11780164
0.04138836
-0.12583540
-0.00700068
-0.04442250
-0.36567715
-0.36778206
-0.08030489
-0.32646954
-0.32119155
-0.37811309
0.01485820
-0.05232762
-0.11376332
0.01327928
0.04131338
0.12816179
0.00826959
-0.02629700
-0.02670855
-0.13025784
-0.07542488
0.01378963
-0.05118366
0.03457855
0.08631898
0.05968242
-0.01745075
0.01930869
0.02486153
0.08505353
-0.14049350
-0.24459471
0.02220409
-0.09800921
-0.09738703
-0.14719802
0.17914547
0.37321877
-0.69592303
-0.15399991
0.08817376
-0.00637541
-0.14777815
-0.06287990
-0.05630469
-0.12944876
-0.07837293
-0.21936145
-0.07510822
-0.29171219
-0.00976462
-0.21020275
-0.07388540
0.01262497
0.06018890
-0.46707627
0.01394223
0.08638395
-0.16662197
-0.15978220
0.07146575
-0.06882068
0.00371550
-0.01004742
0.02580908
0.04874727
-0.04405320
-0.09421018
-0.19216138
-0.11835140
-0.38967463
-0.24051411
-0.00700812
-0.24944682
-0.21535034
0.07594926
-0.05330713
0.01524066
0.00630975
-0.07908437
0.03671515
0.00431492
-0.36749938
-0.21600251
-0.00656329
-0.29642707
-0.14179699
-0.07623535
0.00737298
-0.10708669
-0.09811004
-0.16829488
0.02436519
-0.05721866
0.13252823
-0.16243735
-0.03597591
-0.14379004
0.02629164
0.01865793
-0.17056064
-0.22321089
-0.28404883
-0.07278205
-0.13063826
-0.30374390
0.00174032
0.11872008
-0.07726128
-0.26635715
-0.07139640
0.20219555
0.01862644
-0.02015635
0.11245432
-0.10719365
-0.09808374
-0.01003474
0.00215472
0.04398298
0.08699266
-0.07162394
-0.34799793
0.10918182
-0.02281614
0.04920561
-0.05984649
0.00639196
-0.25595787
0.21819261
0.05355604
-0.06779753
-0.09341561
-0.15993749
0.03633439
-0.04522788
-0.11752699
-0.28430745
-0.04442700
-0.13237904
-0.42590719
0.10023645
0.07047865
-0.06623736
-0.20412378
0.02858928
-0.08916746
0.01803645
-0.14371391
-0.31611264
-0.16758011
-0.28138155
-0.09424207
-0.04626669
-0.22134636
0.08432451
0.14899984
-0.35601103
0.09331098
-0.00346729
-0.11932511
-0.06975386
0.48835629
-0.12050399
0.00297040
-0.32639083
-0.21800184
0.00664986
-0.01385148
-0.26966405
0.03542493
-0.24039924
-0.14677089
0.02234219
0.02954964
-0.29308400
-0.15934387
-0.09059053
-0.19295752
0.09162671
-0.02961092
-0.09855127
-0.15009946
-0.13896607
-0.02849456
-0.05915739
-0.16424309
-0.08984088
-0.01477928
0.01543070
-0.01990082
0.02302853
-0.00134558
-0.02552887
-0.08581185
0.00128332
-0.00893283
-0.02234968
0.04652922
0.00080555
-0.03745098
-0.08218624
-0.03375588
0.01336275
-0.05806508
-0.12450250
-0.03472223
0.03983559
-0.00222037
-0.07899435
-0.14142950
-0.02394908
-0.03853242
-0.04791754
-0.08221953
-0.05994568
0.02735694
0.00677209
0.01342309
-0.11333794
-0.04381793
-0.01013522
0.02428788
0.00454368
0.00188847
0.02670725
-0.00955495
-0.04029663
0.03563910
0.02720061
-0.10191733
-0.02689227
-0.06101992
-0.03510534
-0.04744561
0.06887075
-0.00164661
-0.15580183
0.00414221
-0.05007276
-0.12523180
0.00218524
-0.04285060
-0.02109882
-0.00644804
0.05461100
-0.05208091
-0.05221802
-0.30492181
0.01458393
-0.07403840
-0.06360798
-0.14455222
0.01027188
-0.14822344
-0.09107058
-0.02773523
0.01450936
0.01962064
0.04303098
-0.04086351
-0.09946477
-0.05228740
-0.02104721
-0.07016517
-0.30045953
-0.02189904
-0.00763131
-0.04516129
0.01733365
0.03467246
-0.03601674
-0.05774455
0.00079924
-0.07377384
-0.02760018
0.00619042
-0.03322086
0.02061161
-0.05638263
-0.12108181
0.02567014
0.03585664
-0.01075441
-0.00662158
-0.04188761
0.05332585
-0.09954730
-0.07829455
-0.27277163
0.02590587
-0.06633677
0.00742937
-0.08619643
-0.09852538
-0.07567974
0.03643074
0.02215297
0.14431156
-0.05393213
0.00175043
-0.00486238
-0.00856387
-0.05278950
-0.02014441
-0.16248538
-0.04660672
-0.03237774
-0.12330087
0.03572701
-0.05139026
-0.26466379
0.02085233
-0.05959430
-0.02254611
-0.10668022
0.02900333
-0.03479461
-0.01083814
0.03905131
0.00995550
-0.06083900
-0.01665821
0.09844524
-0.03974626
-0.03893749
-0.10454597
-0.05975922
-0.06655256
-0.04000095
0.04763605
-0.10408127
0.01793515
-0.03695661
-0.00167410
0.07618054
-0.01269249
-0.14062685
-0.16631953
0.02139226
-0.00683414
-0.08454197
0.04275728
-0.14466843
-0.05315863
-0.05009130
-0.03840632
-0.03498596
0.00460452
0.00094130
-0.00327770
-0.03267556
-0.09191776
-0.01475954
-0.22294226
0.01053107
0.05043047
-0.03825461
-0.01744606
0.01186389
-0.05744803
-0.09275070
-0.10889789
-0.16164264
-0.03606906
-0.02675740
0.04072087
-0.12631336
-0.00658801
-0.07776798
-0.10599045
0.07408046
-0.09270348
0.06060920
-0.00671220
-0.06101121
-0.19227643
-0.06793670
-0.00131228
-0.09302566
0.16382740
-0.04629527
0.07534902
-0.07577211
-0.03247322
-0.04115988
-0.00700517
-0.11936470
0.02339136
-0.10245249
-0.10803380
0.02913494
-0.01026694
-0.03354726
-0.02151069
0.05707319
-0.00896251
0.12276060
-0.06869344
0.01004485
-0.20986396
-0.03517751
0.00628960
0.00032580
-0.04826426
0.01606916
-0.04517468
-0.02379238
-0.05284192
-0.01414105
-0.13099489
-0.05138469
0.02543078
0.06990635
-0.05468289
0.03111956
-0.02149256
0.05276803
-0.07930990
-0.04618981
-0.06184994
-0.15571484
-0.03004526
0.03158634
-0.03124244
-0.06914640
-0.14580783
-0.00393463
0.05592030
-0.01853228
0.02285590
-0.04342315
0.01508379
0.06073584
-0.09713373
-0.04265769
-0.03723404
-0.16721562
0.08022985
0.02938798
-0.03322303
-0.07480212
-0.13237244
-0.05797949
0.28413188
-0.12728585
-0.07532810
-0.04781400
-0.01710203
-0.31812060
-0.18081187
0.06856729
-0.18365505
-0.03793567
0.02557595
-0.18171522
-0.04487080
-0.19926029
0.04294537
0.06187572
0.09518871
-0.17630577
-0.28207064
-0.10984105
-0.17321655
-0.22241761
-0.16639648
0.26440737
0.00617042
-0.04095435
-0.00653517
-0.25060040
0.41907629
-0.18131942
-0.03518418
-0.05250072
-0.07540421
-1.07891619
-0.03796786
-0.12188867
0.02710313
-0.07920610
0.00188053
-0.01116866
-0.11798925
-0.55419916
-0.14305350
-0.06283608
-0.23103154
-0.03980228
0.01649705
0.29867023
-0.01487954
-0.06819465
-0.01575325
-0.03957094
-0.23713322
-0.05387966
0.00299533
-0.07504325
-0.10101952
0.01933853
-0.07152874
-0.08188733
-0.39621311
-0.03783835
0.01269871
-0.21085927
-0.02287412
0.00428012
-0.36353913
-0.06390238
0.00763166
-0.11403402
-0.12588161
0.06930294
-0.14715758
-0.17315280
-0.25359315
-0.21841232
-0.33307043
-0.25184050
-0.00190606
0.02006924
-0.45900425
-0.01983969
0.02540969
-0.02544180
-0.03009647
0.02732548
-0.13616627
-0.11968937
0.09200791
-0.06444385
0.00934621
-0.08374935
-0.27722523
0.11238572
0.00505983
-0.28632495
-0.22217892
-0.03988589
-0.05534890
0.03599588
-0.06422050
0.01137841
0.02163020
-0.25969762
-0.03012505
0.03082705
0.01565634
-0.38955480
-0.00133371
-0.19957817
-0.06130819
0.07731477
0.03968270
0.28849605
0.29897270
-0.00844614
-0.02990288
-0.17463091
-0.00577222
-0.24683610
-0.16428064
-0.03635432
-0.11757366
-0.08710876
0.00276956
-0.13526915
-0.14239039
-0.23892698
-0.14741072
0.03419612
-0.34475315
0.01489354
-0.05393469
-0.01489344
-0.05868919
-0.14098260
0.18462069
-0.02898120
-0.41214070
0.08057420
-0.15943511
-0.30628613
-0.16881561
0.18612093
0.05983636
0.03000915
0.03699253
0.04602015
-0.15722339
-0.20450108
-0.34488115
-0.05106445
-0.02566336
-0.06719691
-0.22296625
-0.14870042
-0.06291793
-0.05572128
0.02501028
-0.11285739
0.08720995
-0.03788690
-0.04068909
-0.15040846
-0.10436432
-0.12877911
0.11482460
-0.08549467
-0.19228539
-0.15697643
-0.25990298
0.15554480
-0.05808812
-0.13652885
-0.08365125
-0.24567714
-0.06335253
0.15550712
-0.11478110
0.07319593
-0.05293404
-0.20638818
-0.01631565
-0.06118080
0.01008132
-0.13360813
0.02769907
-0.07951287
-0.03664167
-0.05673746
-0.24113166
0.02699744
0.00098392
-0.03817181
-0.15911317
0.02120967
0.00024176
0.05012167
-0.17055087
0.08497892
0.17906778
-0.33063409
-0.07941712
0.03050635
-0.19480170
0.01136153
-0.07140215
-0.07826483
-0.26520291
-0.29875234
-0.10904551
0.02659150
0.06728348
-0.33726972
-0.05784179
-0.04491833
-0.21130191
-0.01103348
-0.02532565
-0.31745049
0.03954180
-0.13649368
-0.11083964
-0.06675246
0.01409824
0.11373117
-0.04296571
-0.04125453
0.14643238
-0.05538208
-0.06367676
-0.30575597
-0.04000855
-0.46547318
-0.38340294
0.02958965
-0.08463107
-0.03129376
0.13193718
-0.05476329
0.18444885
-0.09260894
0.06602969
0.10365532
0.11289910
0.02742294
-0.31292138
-0.01820296
-0.01415313
-0.05207238
0.02019661
-0.10466894
0.02142785
-0.28974742
-0.28222749
-0.13445978
-0.05123565
-0.11963125
-0.03965414
-0.01255090
0.03330401
-0.05088463
-0.04012829
0.06951367
-0.18773979
-0.10850928
-0.01730231
-0.12427048
0.03297140
-0.08463755
-0.00075580
-0.06758665
-0.06516609
-0.05772762
-0.13122685
-0.15367344
0.02026908
-0.04251638
-0.16748492
-0.04977245
0.02520844
-0.09119803
-0.16140284
-0.03528527
-0.07778949
-0.00839421
0.00243338
-0.03206885
0.02579209
-0.03819302
0.02938759
-0.00885294
-0.12274040
0.04959258
0.01678928
0.02792749
-0.04264020
-0.10200132
-0.07971039
-0.04151738
-0.26101652
0.02015734
0.02354748
-0.15468512
0.00346699
0.15902720
0.00911998
-0.07992949
0.01383237
0.04363827
-0.03582403
-0.00406763
-0.04270640
0.07767002
0.03810524
0.01034416
-0.26262298
0.08160327
-0.06117654
0.01535792
-0.04911400
-0.00575071
-0.28315783
-0.04270426
0.00664535
-0.13246191
0.03594418
0.07516292
-0.08265607
-0.05886686
-0.04319748
0.07162149
-0.16349220
-0.21275759
0.02766396
-0.06909981
-0.00626426
0.00280530
0.02455970
-0.11262156
-0.01706944
-0.01102119
-0.19070914
0.09116772
-0.08929206
0.08486573
0.00509438
0.04965935
-0.03772857
0.01771563
-0.00746167
0.03603963
-0.11319224
0.00189534
-0.04279460
-0.18759744
-0.01481268
-0.22363634
-0.09970121
-0.02083514
0.01565938
-0.17272390
-0.00373014
-0.03496364
-0.01384189
-0.00029701
0.01482686
-0.02402807
-0.03475618
-0.06401818
-0.14977360
0.06566618
0.04783371
-0.18186206
0.04836842
-0.06500723
0.09188551
0.02687121
-0.03031442
-0.11885943
-0.02811479
-0.11249047
-0.03571945
-0.03724254
0.01575273
-0.01756338
-0.12072088
-0.00558191
-0.02584202
0.03134996
-0.06221149
-0.16623776
-0.10853928
-0.09437639
-0.05984185
-0.02898608
-0.10296633
-0.33359215
-0.06469574
-0.19807847
-0.04452007
-0.07540107
0.04965314
-0.07880878
-0.16596337
-0.11702400
-0.25116372
-0.01416349
0.11499286
0.00339361
-0.01384427
-0.10875504
-0.05622309
0.00191713
-0.08045818
0.02873514
-0.02672547
-0.01718098
0.03093725
-0.04966307
-0.04783995
0.02811160
-0.27673370
-0.14606631
-0.00643255
-0.06482967
0.00895457
-0.03428513
-0.04905867
-0.28828031
-0.06781363
-0.03854346
-0.02798595
-0.13482253
-0.01394705
-0.21819243
-0.00510370
-0.10579353
0.02020053
-0.04440593
0.01510828
-0.09678548
0.01734140
-0.12894969
0.05091270
0.03491860
-0.04456247
-0.15169489
-0.08046576
-0.00991942
-0.02026486
-0.13278925
-0.08005040
-0.13497365
-0.01749417
0.07853508
-0.01912745
-0.13153610
0.03325893
-0.04373903
-0.06662062
-0.04449197
-0.01720682
-0.03596443
-0.03075154
-0.11123285
-0.01151021
-0.01750507
-0.15391596
0.00919126
-0.04131426
-0.06245345
0.02797853
-0.07056916
-0.05474499
0.03306420
-0.05149930
-0.06431253
-0.06375288
0.03843951
0.18165497
0.06068814
-0.14190127
0.04024718
-0.14035915
-0.00808236
-0.09256151
0.11140309
0.00552991
-0.05858428
-0.08539468
0.02653290
-0.00071724
-0.04337932
-0.14904265
-0.08828099
-0.16583273
-0.12420075
0.02949509
-0.07879961
-0.01669108
-0.06084082
-0.06601960
-0.03640301
-0.09606764
-0.12668820
-0.17738123
-0.11254285
-0.02845036
-0.10450824
-0.23630606
-0.10711920
-0.03730291
-0.01619663
-0.03070788
-0.11970771
-0.00703054
0.14156410
-0.10723862
-0.03493576
0.04576946
-0.09828483
-0.02795366
-0.11856140
0.00252752
-0.15746547
-0.00081603
-0.00402174
-0.04234695
-0.18019307
-0.28780219
0.00318187
0.02806063
-0.08837767
0.11765507
0.09755595
-0.04921915
-0.03183488
-0.00300204
-0.13945866
0.00004844
-0.02319807
-0.01724965
-0.10393470
-0.06877540
-0.15974423
0.02381552
-0.02673998
-0.12837167
0.06858466
-0.00753056
0.04062300
0.06908356
-0.11335524
0.02392306
-0.02616864
-0.20003657
0.06220321
0.03237238
0.18592238
0.08165606
0.03264756
0.00033481
-0.03233786
-0.04687327
-0.02250726
0.05303111
-0.02914720
0.00168645
-0.12491687
0.04148274
-0.04476829
-0.23867019
0.16500175
0.00329613
0.00489797
0.28354180
-0.05008060
-0.10313504
-0.00163960
0.04067012
0.03599488
-0.13502178
0.04045481
-0.10850935
-0.07207000
-0.11955892
-0.03832278
-0.13790515
-0.26006567
-0.00985607
-0.02182677
-0.02605542
0.00135857
-0.01078430
-0.09461946
-0.05748359
-0.01584502
-0.07908703
0.01293286
-0.09043828
-0.01043386
0.02634436
-0.01427779
-0.15639777
0.08032665
-0.04188924
0.02875224
-0.12453665
0.04603880
-0.04384964
-0.01781439
-0.01963216
-0.20620587
-0.02705803
0.06787333
-0.10390737
-0.18705153
-0.21558148
-0.11828356
0.08492707
-0.01427311
-0.19886823
-0.08879060
-0.05026111
-0.30007496
0.10499340
0.01523746
0.04289681
-0.18643147
-0.13998577
-0.19818842
-0.02688937
-0.02269294
-0.02544744
-0.02734017
0.02240128
-0.09318520
-0.00962416
-0.26025701
-0.01522142
-0.06692222
-0.11842732
0.06409935
0.07719052
0.06052516
0.03513854
-0.07174649
-0.09302728
-0.15950388
-0.20292000
-0.10022567
-0.02565893
-0.13234246
0.06806292
0.04640636
0.00172987
0.03508935
0.00060422
0.15078674
-0.28999028
-0.17259847
-0.04386034
-0.08476197
0.07307364
-0.02829815
-0.04905318
0.10990444
-0.05921436
0.00808503
0.11722148
-0.05271852
-0.06174875
-0.03162979
-0.04163755
-0.04446990
-0.12764095
-0.05788583
-0.13815072
-0.34024861
0.15907300
-0.24989897
0.17026681
-0.02071201
-0.18753271
-0.11111993
-0.20837046
-0.08356799
0.03011358
-0.04416980
-0.02520459
-0.21162976
0.05492820
-0.16356842
-0.06923671
-0.03624035
-0.02003331
-0.07046181
-0.01305159
-0.08787765
-0.01876918
0.00436485
-0.07797892
-0.05727780
-0.06582283
-0.05665386
-0.06401973
-0.07996995
-0.10069692
-0.18267590
-0.04054148
-0.34697741
-0.09403935
-0.25922427
-0.06224580
-0.00085994
-0.13431171
0.05301856
-0.05884546
0.03220857
-0.07539539
0.02909414
-0.02430449
-0.09423876
-0.41096395
0.13220812
-0.03294745
-0.03052671
-0.19269477
-0.03049457
-0.15758167
-0.12420159
-0.02871326
0.12929772
-0.01110861
0.04284963
-0.02325289
-0.01017255
-0.10296863
0.07010881
-0.08848786
-0.08645256
-0.19292547
-0.09315329
-0.00571461
-0.11430330
0.01941924
0.02197841
-0.36052203
-0.01033536
-0.25799188
-0.06241275
-0.06188767
-0.05921640
0.01370839
-0.01720347
-0.00332301
-0.05934426
-0.12321728
-0.05572031
-0.00995105
-0.14820762
-0.16605797
-0.06577904
0.01033513
-0.08791429
-0.13156833
-0.22032727
-0.08224957
-0.09465128
0.01816701
-0.17919610
-0.30751202
-0.25559399
-0.42798951
0.01185876
-0.24646209
-0.29902798
0.01517844
-0.19831842
-0.04718716
-0.17233528
-0.04437136
0.04721089
-0.02947068
0.07265592
-0.05564165
-0.04831180
-0.11107069
0.46403429
-0.22665751
-0.20750824
-0.02924411
-0.02199546
-0.10315260
0.51034188
-0.12057060
0.05032989
-0.03715257
-0.16067103
-0.18797769
0.09970803
-0.00742251
0.13885450
0.04436017
-0.02478207
0.00765192
-0.00849506
-0.08857299
-0.13792580
-0.07609534
0.22338602
0.20326157
-0.05000994
0.01303427
-0.07601187
-0.00671210
-0.00930416
-0.01549341
-0.06084018
-0.08151244
0.08281559
-0.02140984
0.02155570
0.04882402
-0.18384717
-0.13190815
0.03493531
-0.09541341
-0.16853827
-0.08933336
-0.14457738
-0.32258996
-0.00299306
-0.12135074
-0.02254878
-0.02587180
-0.21726049
0.05949109
0.01127952
-0.04574208
0.05692003
0.42678261
0.11595952
-0.10684043
-0.09586087
0.00973783
-0.03733406
-0.14623289
-0.04757988
-0.01536701
-0.00309907
-0.01611602
-0.07729861
-0.18825080
-0.02663245
-0.12260094
-0.01974627
0.03417175
-0.00035685
-0.44635302
-0.02631374
-0.02138370
0.00090806
0.15021868
-0.05049650
-0.07538058
0.25148672
-0.06820533
0.10669205
-0.09651542
-0.16852106
0.03450624
-0.24279699
-0.15320154
-0.61366564
-0.00498943
-0.15285131
-0.01621993
0.02209067
0.02264391
-0.07168736
-0.08050381
-0.01449280
-0.03270040
-0.14702792
-0.02613927
-0.13169198
0.39954677
-0.01841901
-0.02979141
-0.20573002
-0.00142173
-0.08468863
0.60251880
-0.01928508
0.20527279
0.13640068
0.02758869
-0.01907576
-0.00258177
0.00741169
-0.03202336
-0.14625680
-0.02295719
-0.03726378
0.21527766
-0.12862958
0.29831019
-0.33910191
0.01475843
-0.00907192
0.00773885
0.02995511
0.00418039
-0.03621009
0.12853785
0.26148626
-0.00887845
-0.04287951
-0.02283912
-0.14034793
-0.10012911
-0.19246465
-0.01766034
-0.05234094
0.05481980
-0.05858639
0.03457374
0.05939163
-0.08601841
-0.07229749
0.09245178
0.02420939
-0.14088508
0.04500147
-0.38107228
-0.57423115
-0.08857535
-0.03627877
-0.08554923
-0.16802002
0.12113466
-0.27335396
0.01426422
-0.07315331
-0.13528335
-0.50766230
-0.05628234
-0.11845747
0.02546945
-0.05881442
0.21796139
-0.10511906
0.02560538
-0.27865437
-0.02579002
-0.03517268
0.24923921
0.23509303
-0.10308767
0.04032056
-0.12330008
-0.39432567
-0.10060147
-0.08100349
0.01947699
0.07220390
-0.01122365
-0.27186933
-0.09391888
0.05904661
-0.08262311
0.00523640
0.04556292
0.05328686
-0.23319359
-0.07296114
0.08596729
0.03322616
-0.26081499
0.37643677
0.04275575
0.01488815
-0.09191233
-0.25360489
-0.09322904
0.03837880
0.01337062
-0.08429617
-0.05333083
-0.02772715
-0.04425108
0.01432476
-0.06549720
0.02908383
-0.05501664
-0.01215950
-0.08031087
-0.25216737
0.05908697
-0.31948617
-0.23722894
-0.02390468
0.01715212
-0.03926490
-0.00673999
0.11685169
-0.06524502
-0.22118968
0.02277324
-0.16993615
-0.10952291
-0.20300125
-0.08227197
-0.04456202
0.03858198
-0.04218097
-0.14781134
-0.02183335
0.01897403
-0.32807595
-0.11738148
-0.24528489
