shape=[32, 400]
-0.02329087
-0.00419674
-0.02286987
0.00779231
-0.00031866
0.03008167
-0.01123577
-0.03236321
0.02591448
-0.02708523
0.01574322
-0.02878291
-0.05240187
0.03705046
0.01548355
-0.02052477
-0.01213139
0.05028799
-0.05481044
0.01949814
0.03622770
-0.04167931
0.00922705
0.01056506
-0.03580546
0.02989104
0.03810834
0.04031492
-0.05431229
-0.07258823
0.02854874
-0.04154035
0.04051809
-0.01365029
0.02930877
-0.03978488
0.02261832
0.01440507
0.04648987
0.00971321
-0.03205093
0.05998799
-0.00293171
-0.01849422
0.00308997
0.02144008
0.06643084
0.04282610
0.05041164
0.03122502
0.00815247
0.01126807
0.03105151
0.00080198
-0.00492942
-0.03792973
0.00122862
0.04370873
-0.01695518
0.01881413
-0.01648186
0.05464991
0.05797828
0.02582631
-0.03202724
-0.04185429
-0.04637766
0.00345957
0.04848141
-0.02672407
-0.03260199
0.01763043
-0.05012536
-0.00106374
-0.04992942
0.04182944
0.01720924
0.02557126
0.01863907
0.00457954
0.04242161
-0.01640608
0.01664398
-0.02878281
0.01385237
-0.00200735
0.02086451
-0.01872169
0.03954649
-0.05181644
-0.00846206
-0.01786767
-0.00852573
-0.06033155
-0.05349373
-0.01262545
0.04024018
0.03256816
-0.03006456
0.00512187
-0.00182068
-0.00836701
-0.04152550
0.03262027
0.03062520
-0.01663587
0.00542977
0.04726698
-0.01647254
-0.01931609
-0.07797665
0.03582790
0.04898500
-0.01835452
0.01899433
-0.02600387
0.00422025
-0.00912052
-0.02208765
-0.02986370
0.01617660
0.03769812
-0.01171505
-0.02594423
-0.04311669
0.00631935
0.06157194
0.02980739
0.02279408
-0.03861040
0.05461226
0.04530958
-0.03163322
-0.04460187
0.03788265
-0.02000526
0.03966829
0.01258588
-0.02597345
-0.03985923
0.00660530
-0.01657806
0.05340665
0.05167557
-0.04111189
0.03518451
0.06944697
-0.03849238
0.00661302
-0.01919021
0.00178835
-0.03659422
-0.02453322
-0.00223107
0.00264012
-0.02063478
-0.00076640
0.04035710
0.00112723
0.02081019
0.00035504
-0.00376128
-0.04904198
0.02886436
0.02953229
-0.01493652
-0.01767814
0.03517790
0.00756810
0.00191085
-0.03281561
-0.02346287
-0.00288075
-0.10777519
-0.04134803
-0.00095567
-0.06565926
-0.03347029
-0.01869634
-0.00774577
-0.02182963
0.01424489
-0.03687387
-0.02517307
-0.00331024
0.00764111
-0.00103120
-0.04267808
-0.05398522
-0.10531442
-0.05297452
0.03120849
0.01977799
-0.00230181
-0.00302595
0.03783330
-0.01410785
-0.03026815
0.00378701
-0.02289109
0.01042656
0.03724577
-0.03240540
0.03538436
-0.00407135
0.04968797
0.06613036
0.01582737
-0.02446216
0.00063886
0.04601395
0.04284414
0.01485450
0.02909983
0.05045711
-0.03179388
0.01798326
0.03284966
-0.02942427
-0.01417789
0.05357322
0.05564214
0.04436878
0.00744052
-0.03395059
0.02461772
-0.00919006
0.05008858
-0.02035646
0.00968507
0.03074898
-0.03302038
-0.01545884
0.03247580
0.00312007
0.01041354
0.04265929
0.00831926
0.02262615
-0.01031411
0.00166294
-0.02519707
-0.01273399
-0.04001430
0.01727378
-0.03097316
-0.06415368
0.01495733
-0.03839915
-0.02403917
-0.04119311
-0.02491401
-0.01528778
-0.09804464
-0.05841347
0.03575033
-0.00757413
-0.01883924
-0.04444128
0.04002532
0.00575125
0.01823187
-0.03338600
0.00741123
0.03089230
0.02361183
0.02953972
-0.02403676
0.01932692
-0.05526078
-0.01915780
0.00193722
0.01229608
0.01625185
-0.02617350
-0.03535544
0.01686210
0.01855544
-0.01444945
-0.00041876
-0.04283937
-0.02090036
-0.03197774
0.00649495
-0.01613815
0.00561320
0.02099005
0.00748654
0.00311197
-0.01625323
-0.01725000
-0.03700602
0.03640556
0.04045741
-0.00344756
-0.02793993
0.02487601
-0.01461240
0.03504687
0.01322095
-0.04722782
-0.05685934
-0.08207588
0.03514614
-0.04661158
-0.00959959
-0.04926221
0.01714067
-0.03743231
-0.00041963
-0.04286787
0.00769914
-0.04775535
-0.05550375
0.02462588
0.00297694
-0.00590731
-0.04163879
-0.01896005
-0.03819187
0.02699659
0.02084818
0.01998484
-0.03460843
-0.00158882
0.04101008
-0.01702668
-0.03411608
0.01711101
0.00078929
-0.02300332
-0.03982509
-0.02393641
-0.02472753
0.03974590
0.01908957
0.02200049
-0.02488238
-0.00786573
0.01525172
0.02822092
-0.04694621
0.04757264
0.04445155
-0.03648372
0.03854357
-0.01732447
0.04300984
0.04185544
0.02800405
0.05295947
-0.04312005
-0.03126999
0.03979588
-0.03107101
0.03952786
-0.01265004
-0.02211789
-0.02999477
0.04469614
-0.01766028
0.01882803
0.04478807
0.02352830
-0.00787585
-0.00155275
0.01208884
0.03386208
-0.04127914
-0.03278622
-0.01649198
-0.02253648
-0.03884686
-0.03668955
-0.02452492
-0.03315619
0.03833731
-0.02350443
-0.05175416
0.03226293
-0.04829224
-0.06799345
-0.05368965
0.03478409
-0.00829442
0.04847869
-0.01945797
0.03854457
-0.02453468
0.04909709
0.02919677
0.02525276
0.00839737
-0.03433942
-0.01722920
-0.02893346
0.02786966
-0.01238296
-0.04116424
0.01466561
0.04561712
0.04579400
0.01241070
-0.04571654
-0.02493509
0.00118460
-0.03083359
-0.01357448
0.02793524
0.00369266
0.03922746
0.02778334
0.01335005
0.02092872
-0.01946441
0.03673687
-0.04812400
-0.02568431
0.05257236
0.01868000
0.02562986
0.03083535
-0.03195512
-0.01887764
0.04246774
0.02973361
-0.01850651
-0.02036704
-0.01068579
0.01550704
-0.03595829
-0.03743678
0.00483226
0.00375198
-0.01747704
0.00434479
0.00896097
0.00697925
0.02499299
0.00585398
-0.02828871
-0.00466691
0.03532135
-0.01609134
-0.03991783
0.02018062
-0.01373840
0.03134041
-0.05343346
-0.00887032
-0.07766208
0.02169334
0.01715463
0.01139207
-0.03364152
-0.04942001
0.02793591
-0.06018549
-0.04387245
-0.01258692
-0.02301208
-0.12225127
-0.06365199
-0.05177976
0.01045083
-0.03463954
-0.09169290
-0.02692292
-0.06693353
0.02403925
-0.03256748
0.04284104
-0.01308261
-0.02481368
-0.04562658
-0.02523749
-0.02186699
-0.09636357
-0.07901247
-0.00667218
0.04981546
-0.00259375
0.01918984
-0.02817374
0.01014445
-0.01911619
0.03105625
0.01650957
-0.01214846
0.04200495
0.02171889
-0.03725157
0.05514839
0.02903662
-0.00739062
0.02389742
0.03326583
-0.03450220
0.09182632
0.02851709
0.06699484
0.00501353
-0.02776089
0.00315363
0.02212100
0.04156796
-0.02901246
0.04228485
0.02640209
0.10016961
0.02089331
0.02749719
0.02812452
0.02274458
0.07043952
-0.05042664
-0.01717903
0.01566616
-0.00295756
0.04608599
0.03293078
0.05850374
-0.02263122
-0.02808874
0.00243098
0.11981840
0.02673696
0.00800505
-0.05305669
0.02306880
-0.00703394
0.04620896
-0.04584738
0.02465835
-0.00031916
-0.03548471
-0.02483778
0.01819243
-0.00974017
0.00445557
-0.04980504
-0.00298068
0.01446932
0.02403532
-0.04974066
-0.02606429
-0.02720163
-0.02522606
-0.05971850
0.01834308
0.02171081
-0.01531583
-0.04698868
-0.01120399
-0.03653474
0.00955115
-0.00177266
-0.00870214
-0.07903840
0.03164902
0.03738244
-0.02051165
0.00615877
0.03790863
-0.00464279
-0.03167451
-0.01659370
-0.02260592
0.01082195
-0.04533250
0.02470966
-0.04529487
-0.02687920
-0.01633063
0.03911399
-0.02652606
0.01287467
0.02320480
0.05831476
0.05504691
0.03562830
0.03481797
0.06480518
0.00221146
-0.00376203
0.05474011
-0.02924324
-0.01986901
0.04160748
0.04398043
-0.01128386
0.01093026
0.08568007
-0.05086017
0.04478893
-0.00549470
0.03530875
-0.04950132
0.06880705
-0.03235281
-0.02717215
0.10260624
0.02214702
-0.03735134
0.06238335
0.14183185
0.09705605
0.00833257
0.03661224
-0.03447344
0.09459133
-0.01355550
-0.00188096
0.03108022
0.02898762
-0.04818736
-0.01936343
0.02572326
0.04375411
0.00413611
0.02014693
0.12080962
0.07144359
-0.04804572
-0.01607673
-0.01456503
0.03514665
0.02680451
0.05254725
-0.00720934
0.00787427
0.01756344
-0.01166115
0.06265873
0.02606067
-0.04703062
0.04152555
0.01352052
-0.00592890
0.02495493
-0.01388841
0.00703769
-0.11689506
0.03533439
-0.03039195
-0.04493941
0.02215803
-0.00130511
0.00973898
-0.02274637
-0.02610268
-0.02833981
0.03516813
-0.11407827
-0.04765071
0.02927571
-0.03880298
-0.03902555
-0.08646151
0.04791750
-0.03011136
0.00423367
0.03742467
0.03103947
-0.02739078
-0.04303560
0.00080271
-0.04875927
-0.01438664
-0.08502864
-0.08606335
0.00456490
0.06470704
-0.01943109
0.04275360
0.04314388
0.04341918
-0.03427630
-0.01765055
0.01703796
0.01481098
0.00859329
-0.01280730
-0.02505194
-0.01973298
0.03398278
-0.00011803
0.03332787
-0.02976904
-0.05073255
0.03945240
0.04565927
0.06917886
-0.03377501
-0.01587838
0.03220981
0.01050918
0.01699661
0.05129814
-0.03130001
-0.02085077
0.04946069
-0.03242896
-0.03353318
0.03338931
-0.03541302
-0.00963639
0.04642729
0.05536306
0.02192206
0.00226784
-0.03229630
-0.05223758
0.02397453
0.01732086
0.03122943
0.00040631
0.04716524
0.02289117
0.03405662
0.00797980
-0.01991865
-0.09092950
0.02298189
-0.06547362
0.02475578
-0.02857848
-0.02534903
0.01248159
-0.08516636
-0.02440353
-0.00278445
-0.03435427
-0.11813386
-0.10334631
0.01251091
-0.00447089
-0.02377138
-0.06504851
-0.02058993
-0.00626208
0.04880786
-0.05564813
0.01346708
-0.00998464
-0.09398008
-0.02475782
0.00157671
-0.05263051
-0.10464605
-0.08851371
0.02132390
0.03537706
-0.02428233
-0.00945480
-0.03092390
-0.01214439
0.03467882
-0.03912041
0.03666322
-0.02100175
-0.00544694
0.01892198
0.00493530
0.00236392
-0.07466234
-0.03693286
0.02441936
0.00060303
-0.00324969
0.01008599
-0.02222804
-0.03000813
-0.04897454
-0.02619236
0.01346732
-0.03954216
-0.05661618
-0.04297649
-0.05260040
0.02720909
-0.06291706
-0.05758069
-0.02910376
-0.04451518
0.01407221
-0.00134548
-0.01328636
0.03229126
-0.02600110
-0.01840230
-0.02398700
0.02018263
-0.03954860
0.03291136
-0.02315355
0.00072575
0.00431777
-0.01907656
-0.00055641
-0.01161284
0.02694204
-0.00500204
-0.00873541
-0.03622143
0.02233285
0.04264860
0.04925961
0.04381102
0.02834263
0.01974128
-0.00765184
0.00262544
-0.04124796
-0.05827217
-0.00367523
-0.02976107
-0.03549304
-0.01014531
-0.02027237
-0.04129702
-0.02918887
-0.01554645
-0.01516955
-0.03913588
-0.01609244
-0.04291816
0.04011310
-0.01632233
-0.04927094
-0.04931248
0.03810203
0.01485452
0.01173692
-0.01255834
0.03992414
-0.01049033
-0.04645990
0.01393615
0.00657707
0.01632779
-0.04887109
0.02820713
-0.03491060
-0.01368068
-0.10539780
-0.08764223
-0.04379941
-0.06333078
0.04763673
-0.08777685
-0.04908631
0.01016696
0.02024506
-0.04810645
0.04867167
0.03317792
-0.01001536
0.03515229
0.04387483
-0.01926625
-0.02058589
-0.04280032
-0.04847262
0.01023172
-0.03827073
-0.01634138
0.00662708
-0.00841732
0.02853526
-0.04797691
0.04349174
0.01050458
-0.05243411
-0.05159032
-0.00596248
-0.05861450
0.01587922
-0.04378480
-0.02564885
-0.02800483
0.03687370
0.00933809
-0.03883636
-0.06348073
0.04949688
-0.05707473
-0.01879433
0.00234375
0.01135256
0.00479814
0.03521921
-0.00733886
-0.08921611
-0.05414522
-0.05353840
0.00165819
0.01102897
-0.07642787
0.01573188
0.00457912
0.04327517
-0.01438769
-0.03015150
0.01037897
-0.07421997
-0.00899575
-0.03160567
-0.02376898
-0.07197392
-0.06342385
0.02556336
0.02628895
0.00782724
-0.03161345
0.00975874
-0.03426176
-0.00204528
-0.01965861
-0.04732904
-0.00062381
-0.03874928
-0.03190784
-0.05108377
-0.03035710
-0.05637456
0.00235947
-0.03217250
-0.04211694
0.02488077
0.04112159
-0.00425169
-0.01064824
0.02770815
-0.02526715
-0.00334059
0.00065526
0.02108849
-0.00273503
-0.00560602
0.03555342
0.07082555
0.07415014
-0.00804065
0.03070404
0.02309241
0.03263889
0.00378321
0.01210030
0.00371762
-0.03726844
0.01723575
-0.01191135
-0.02698182
-0.00294450
0.01067508
0.03315158
0.03503690
0.04650461
0.01087122
-0.05419055
0.03090250
-0.02281463
-0.00066785
-0.00688763
-0.02269205
0.02423966
-0.03599351
0.02689796
-0.08341955
0.03891069
0.00948185
0.01939053
-0.03629065
-0.10202514
0.03279844
0.02491958
0.02832457
-0.03339443
0.04283607
-0.01887047
0.01835865
-0.04500617
0.03528529
-0.04765681
-0.00982431
0.01832524
0.04250460
-0.04648724
-0.03663749
-0.06374493
0.01446597
0.04830581
0.01317219
-0.01849692
0.03765452
-0.03343509
0.03784428
-0.04142934
-0.04566701
0.01874590
0.01493687
0.03508786
0.01071890
0.00278488
0.10148890
0.05999247
0.01014382
0.01569292
-0.00544274
0.03795557
0.02555289
-0.01213699
0.00574041
-0.01861597
-0.04073779
0.03177084
0.03693188
0.02886483
0.04358565
0.01184017
0.09353067
0.06048110
0.00075423
-0.02026552
0.00780035
-0.04034020
-0.02102594
-0.02526413
0.00615854
-0.01056732
-0.01788441
-0.03228485
-0.06010623
-0.03586200
-0.03736552
-0.04505788
-0.06642963
-0.03529123
0.02776251
-0.01551006
0.03552163
-0.04660814
-0.00547517
0.02007658
-0.01566079
-0.06245538
-0.04680400
0.02426645
-0.00899894
0.01596492
0.03584836
-0.02256742
-0.06945813
-0.07281246
-0.02608658
0.00909740
-0.00803734
0.01392180
-0.01490311
-0.05208141
-0.01757994
-0.04311434
-0.01874657
0.01093716
-0.03130749
0.01254542
0.01968886
-0.04890706
0.02886906
0.01348139
-0.00872281
0.03702891
0.02790101
0.05791095
0.04337074
0.03715228
0.01863463
0.03809815
-0.02708873
0.04378914
0.06622814
-0.00161468
-0.01242068
0.02602535
0.04491000
0.03943612
0.01376195
-0.02530913
-0.00028243
0.02105198
-0.04572527
0.04396204
0.04137263
0.02110661
-0.01010230
0.00733624
-0.04366864
0.01527961
0.02892411
-0.03800332
-0.00167314
-0.00844376
-0.04003061
-0.04395169
-0.03581893
0.02101319
0.00152332
0.02931514
0.02569071
0.01881868
0.01297417
-0.01417936
-0.03666392
-0.03867909
0.04465686
-0.00284416
-0.04280572
-0.00127007
0.04826894
0.01884333
-0.02065030
0.04125942
0.04653886
-0.02103555
-0.00649325
-0.01666292
-0.01328779
0.01908444
-0.03866001
-0.02722072
-0.03696121
0.00199476
-0.02803799
0.06201034
-0.03812707
-0.01699518
-0.03330730
0.05024984
-0.00934451
-0.00994447
-0.01367469
0.04086229
0.02457303
0.03920869
-0.00825587
-0.00189558
-0.02729241
-0.01320774
0.01994060
0.05504602
0.01005136
0.00510868
0.04566427
0.05013555
-0.03203480
0.03615937
-0.03884074
-0.00546732
0.01410341
0.00617224
0.03932903
0.05050089
-0.00522477
0.04660513
-0.00388337
0.02742455
-0.04806503
0.01217137
-0.01565708
-0.04781663
-0.02822868
-0.01665105
-0.03873404
0.03089732
0.04840717
-0.04448608
0.01734830
-0.00860070
0.02489369
-0.05185946
-0.06839645
-0.06719011
0.04763331
-0.05388084
0.01188511
0.00148788
-0.00596324
-0.00547618
-0.03153737
-0.01009957
-0.04054751
-0.02376147
-0.01766915
-0.04369539
0.03011529
0.02394079
-0.01777848
0.02353290
0.03681590
-0.01222866
-0.03988991
0.02424606
-0.01583330
0.00312396
0.00101124
-0.01943220
0.03141428
-0.04121693
0.02322142
-0.00606977
0.00405560
-0.02719652
-0.01328624
0.00139010
0.02145932
0.01126157
-0.03036531
-0.03489255
-0.04158555
0.00960904
-0.00298415
-0.03296516
-0.02743773
-0.00092703
-0.01878607
0.00226847
0.02060251
0.03742611
-0.02794586
-0.02688592
0.03127471
0.00167954
0.04472419
-0.01332792
0.04876186
-0.04213512
-0.02093680
0.01183392
0.00807375
0.00539875
-0.03658146
0.01362080
-0.00308419
-0.04054449
0.05006886
-0.02635952
-0.01818226
0.05774308
-0.03577542
0.02525950
-0.00111650
-0.03137050
0.04740738
-0.00702960
-0.03930786
0.04197045
0.00268471
0.05184260
-0.03437759
-0.00291990
0.03986298
-0.01198520
-0.00557850
0.02413391
-0.00954826
0.04319877
-0.02183618
-0.03633893
-0.03394690
0.03124004
-0.03413145
-0.00776223
0.00369379
-0.03505573
-0.00271438
-0.02953467
0.05935962
0.04214661
-0.03098363
0.00469900
0.02833519
0.03806261
-0.04510982
0.00206050
-0.02362691
-0.01935485
0.00578138
0.01318112
0.03829181
0.02750536
0.02599420
-0.02885458
0.04353396
0.01045416
-0.01721174
-0.00156241
0.00183598
0.04970990
0.01120311
0.02646236
-0.03374250
-0.00953738
0.03794757
-0.03765443
0.05937783
0.03342876
0.02725616
0.03275306
0.03045151
0.05928060
-0.01672403
-0.01029173
-0.00231089
0.00318597
0.03150136
-0.01255487
0.00071061
0.02138901
-0.03149539
0.04514265
0.03249381
0.02183320
-0.01254256
0.04795973
-0.02955660
-0.02640386
0.04602601
0.04627280
-0.00515405
-0.01259300
0.00236697
-0.03816818
0.00098326
0.05935160
-0.01489929
0.01075973
0.04972460
0.04231837
0.04017358
0.05483758
0.06126793
0.04316902
-0.00007046
-0.02039386
-0.03991976
0.01423757
-0.00812514
-0.03200201
0.00525506
0.01381634
0.04711653
0.00322905
0.05838947
-0.03490207
0.01506169
-0.02083459
0.03456046
0.06737059
-0.00018365
-0.00015240
-0.01783719
0.03864132
-0.00949056
0.00184458
-0.02569134
0.01662157
0.00122846
-0.01706209
-0.04188337
0.04511304
0.00772465
0.05220717
0.01345724
-0.02347797
0.03499008
0.01223249
0.02546893
0.03800240
-0.01593311
0.05350155
0.01001963
-0.04183229
0.02565801
0.00744437
-0.04897759
0.00262456
0.01536370
0.03838989
0.02732057
-0.02059324
0.03104392
0.00129286
0.03974446
-0.01355356
0.03693755
-0.02257584
0.04190619
-0.04310646
0.04599950
0.03752299
-0.05936504
0.02662129
0.04540956
0.01172498
-0.03403242
-0.03877636
-0.01739808
-0.02399732
-0.00592963
0.03458637
-0.04338832
0.01102959
0.04397365
-0.01677963
-0.00585499
0.04516306
0.00455816
0.02240648
0.01636313
0.05902654
-0.03298942
-0.02366618
-0.01923840
0.03486194
0.01008482
0.03562589
0.00998879
-0.00333249
-0.02309230
0.06229785
-0.02504111
-0.00903831
0.06197504
0.00049930
0.00635033
0.03237840
0.01904234
0.04034868
-0.02461327
-0.01973989
-0.00512622
-0.06521568
0.00393413
-0.02324037
-0.04294963
0.02784565
-0.03167227
0.04015873
-0.01449112
0.01655489
0.00490952
-0.05027843
-0.09873453
0.00371776
-0.01794946
0.02037360
0.00682089
-0.03036808
0.05001852
0.01420159
0.01954433
0.02637024
-0.02324534
-0.04604366
-0.01598671
-0.00935975
0.02440508
-0.04195414
-0.08965580
-0.06335839
0.03541954
0.01987559
0.04532953
-0.09513506
-0.01509783
0.00790861
-0.00367644
-0.01794969
-0.02228665
-0.00166503
-0.02958258
-0.04458148
-0.03520039
0.01202432
-0.08749263
-0.03341215
-0.00749481
0.01026405
0.00070374
-0.04761652
0.02758320
0.01495800
-0.02748051
0.01485406
-0.02674062
-0.00638266
0.02479673
0.01871900
-0.04612640
0.03532643
0.00056987
0.00717597
-0.04080537
-0.01007434
0.01848065
-0.01823127
0.02022203
0.06438058
0.02895180
0.04137879
-0.01069315
0.03812652
-0.00398942
-0.01833217
0.04657300
0.01199084
0.01951793
0.04581674
-0.01541490
-0.02912354
0.01512115
-0.05539997
0.00926313
-0.04269628
-0.03768737
-0.05653367
0.01182755
0.02113636
-0.03606820
0.03631166
0.02297582
0.00120475
-0.05420522
-0.03868411
-0.03875714
-0.00826060
-0.00502169
-0.03654548
0.00068205
-0.00874357
-0.00120742
0.02128860
-0.01137698
-0.00653272
0.00386416
-0.05776642
0.04008390
-0.02209044
-0.05324962
0.02343791
-0.02788230
-0.05157411
-0.02231877
-0.04968738
-0.01055944
-0.04541942
0.02191700
-0.00495083
-0.02536491
-0.02040249
-0.04372562
-0.03491769
-0.00107474
-0.04911378
0.00916508
0.06307511
-0.00893759
-0.03771675
-0.01864650
-0.05234398
0.04333987
0.03405725
-0.03293501
-0.04007779
-0.04325529
-0.03729361
0.03867763
-0.03428205
0.01454537
-0.02642819
0.03062942
0.04183501
-0.00726625
0.03449013
0.01405373
0.04441991
0.02905072
0.02656319
0.00197772
0.03491936
-0.01648756
-0.02717673
0.02766397
0.02794299
0.01004218
-0.01376946
0.00372289
0.01867633
0.03935627
-0.03880716
-0.03956845
-0.06956039
-0.03035789
-0.00210672
-0.00569675
-0.00422933
-0.04810385
-0.02362035
-0.01203173
-0.00823366
-0.03292403
-0.02842706
-0.00986207
-0.02496352
-0.00740433
-0.01240817
-0.04372009
-0.00943979
-0.01068172
0.02832885
-0.01850654
-0.02046830
-0.02145855
0.02876280
0.01998513
-0.04073199
-0.02074504
0.03778752
0.02733397
0.05839734
0.03978096
0.00362165
-0.00683102
0.06634240
-0.01305174
0.02800475
0.02239724
-0.03232472
0.03922648
0.01662705
0.05310849
-0.03726708
0.03222567
0.01827633
0.04565321
0.06253754
0.02032840
0.00055633
-0.02087727
0.03446501
-0.02379314
0.06305412
0.04720941
0.02945477
-0.02446139
0.03922535
0.01061758
-0.04044347
-0.04048080
-0.01266075
-0.05168338
-0.04228313
-0.03457857
0.02090667
-0.04273698
-0.04273496
0.00988129
-0.02582355
0.03382725
-0.01654282
0.03180098
0.00909237
-0.00977425
0.04852316
0.03782379
0.01457833
-0.05608296
-0.06530952
-0.03321482
-0.03482754
-0.04146969
-0.00833829
-0.03468680
-0.05964350
-0.01618999
0.01761038
0.01850103
-0.00210696
0.05229271
-0.03042090
-0.01843178
-0.02145195
0.00216672
0.02654181
-0.01355509
0.02566583
0.03851691
-0.00891637
-0.04965965
0.00221503
-0.02937745
-0.01838027
0.03424591
-0.03129676
0.02338028
0.04768780
0.01545432
0.02023000
-0.00305821
0.00256210
0.03621201
0.01740385
-0.02084563
0.04479619
0.03332383
0.02976599
0.00111322
-0.00539695
0.01374368
-0.02568062
-0.02674433
0.04425591
0.00084543
0.04549529
-0.02956083
-0.00782090
0.00307949
0.02877451
-0.00260889
-0.01193885
0.02709939
0.01868788
-0.01626299
0.03307670
-0.01186635
-0.04175812
-0.06749859
-0.01118339
0.02029761
0.02497555
-0.07918563
-0.07688444
-0.03949876
-0.03139922
0.01090779
-0.05083271
-0.00218531
-0.04646342
-0.04008497
0.04131908
0.00072012
0.04375462
-0.01396269
-0.02134698
-0.04863340
-0.03439163
-0.01891701
-0.01824493
-0.03552800
0.01063280
-0.04974302
-0.00608934
-0.01791956
0.01267849
0.03338755
-0.02088984
-0.01384525
-0.04086649
0.05786288
-0.03764739
-0.04034626
-0.03676186
0.05493259
0.04447376
-0.03061295
-0.01119434
0.03755001
0.01103952
-0.04687497
0.04695729
0.01286507
0.02296401
0.02467798
-0.01460136
0.04608421
0.00852587
0.03092359
0.01581500
-0.03828459
0.02452123
-0.04535845
-0.03114606
0.01785423
0.00237149
0.00705748
-0.01602573
-0.00283283
0.01013909
0.04093755
-0.03247672
-0.02155470
0.03750516
0.03637691
-0.02508184
-0.03248112
-0.04035763
0.00459568
0.02253151
-0.04689809
-0.06071683
-0.04130691
0.00177550
0.00659874
-0.05973555
-0.01978703
0.01344869
-0.07158866
-0.05224032
-0.01799879
-0.01293741
-0.02130070
0.00210837
0.03610085
-0.01668206
0.02157759
0.00145139
-0.03403355
0.01787283
-0.01645130
-0.04833303
-0.00321213
0.01211728
-0.05581062
-0.03017508
0.03003202
0.03240887
0.01867249
-0.00970749
0.02325266
-0.00521268
-0.00584883
0.01955181
-0.04423383
0.03127567
0.01131710
0.04364209
0.04740867
-0.00260920
-0.03772438
0.03159965
-0.04263541
-0.00933507
-0.02219730
0.04940200
0.04105970
-0.00691900
0.01944573
0.01799434
0.00124792
-0.02474155
-0.03810248
-0.01739394
-0.03059895
-0.02741271
0.01387021
0.00662786
0.00916319
0.04560510
-0.00470675
0.01247285
-0.04000590
-0.01946357
-0.03009394
0.02998188
-0.01065996
-0.02683037
0.02219665
0.03731526
0.04895602
0.04327190
-0.01613574
0.02944695
0.01622020
0.02842399
0.01996959
-0.01602868
0.02791946
-0.00285720
0.04272052
-0.01272836
0.02486255
-0.02719297
0.02953154
-0.01266681
0.02816962
0.04510755
-0.03600010
0.00731016
0.03559047
-0.02975889
-0.04120100
-0.02765001
-0.02794449
0.02143602
0.01694113
-0.00621655
0.03499929
-0.03055280
0.00580293
-0.03896896
0.02247538
-0.02030365
-0.03304218
-0.05464916
0.01500397
-0.00242732
-0.01401603
-0.04490990
0.04421860
-0.04892982
-0.00001489
-0.03608391
-0.03202681
0.05312108
-0.00681735
-0.00234732
0.04076720
-0.02506015
-0.02138253
-0.04148198
0.02416420
-0.02973434
-0.00748681
-0.05975468
-0.03491214
-0.01273140
-0.04787431
-0.00586969
0.02330315
0.01440483
-0.01906558
0.02659810
-0.04693981
0.00975891
-0.05699527
-0.04466484
-0.04475960
-0.03945368
-0.01588200
-0.01638181
-0.03144158
0.01137101
-0.00342797
0.01269270
-0.04712183
0.00151484
-0.00908254
-0.01065963
0.03395424
0.02714711
0.01892495
-0.04348125
0.02038461
0.05172865
0.00241115
0.01846610
0.00492292
0.00959155
-0.04302150
0.03619927
0.02604650
-0.03313459
0.00438333
-0.04191869
-0.00882262
0.03164516
0.04535446
0.01455891
0.04705442
0.00424265
0.05514133
0.03785474
0.02522441
-0.05319574
0.02179973
0.04193814
-0.00433296
-0.02017064
-0.04154903
0.03443941
0.00951978
-0.00215685
-0.01126989
-0.01741575
-0.04568952
0.00479107
0.02258827
-0.02079182
0.04678999
-0.00079299
0.01692653
0.01459948
-0.04130310
-0.02288618
0.02541866
-0.01807392
-0.00333409
0.01998012
0.00296839
0.01729582
-0.01466968
0.02711776
0.00873340
-0.00067289
-0.05251789
0.00915978
0.04744901
-0.05940083
0.02051991
0.01819549
-0.03034260
0.01145618
-0.02474850
0.01743196
0.00432490
-0.04778674
0.03434669
-0.05565150
-0.04788658
0.00136264
0.00039712
0.04039768
0.03539905
-0.01613567
0.04669387
-0.01501036
-0.02251739
-0.01107101
-0.02498272
0.00935542
0.02898588
0.04151050
-0.04797327
-0.02467689
-0.01620233
0.00877165
-0.00581685
0.04321901
-0.04563414
0.05218462
-0.02653716
-0.03771573
0.01326750
-0.03351874
-0.01237178
-0.00782286
-0.00378331
-0.02712561
0.02330023
0.00856168
0.06236472
0.01549138
-0.04000355
0.00856686
-0.04686822
0.03260354
-0.01365032
-0.03207081
-0.03564255
-0.01872200
0.03796750
0.00679213
0.03519265
0.05261608
0.05100517
-0.01107762
0.03073059
0.06835023
0.00418593
-0.02105781
-0.02351430
-0.02887375
-0.01126385
0.04207362
-0.02474950
0.00058038
-0.02180243
-0.05061783
0.06354795
-0.04006195
-0.01393632
-0.03661853
0.04101765
-0.00659440
-0.00190620
0.00870348
-0.03520373
0.02222613
0.00119953
-0.04144225
0.00700242
0.05089077
0.02338455
-0.01793922
0.00159605
-0.03935986
0.01438025
0.04913998
0.04017421
0.02583036
0.04300489
0.03976657
-0.03800323
0.00197846
0.00515912
0.04501710
0.03820527
-0.01498256
-0.03229518
0.00433674
-0.00919637
-0.02286545
0.01875120
0.06115412
-0.00013600
0.03479400
-0.03751503
0.04538709
-0.01522933
0.03814993
0.01006684
0.00409816
0.02154570
-0.02666244
0.04754915
0.01140807
0.04186220
0.03793358
0.00146948
0.05307632
-0.00286748
-0.00924082
0.00952868
0.05196061
-0.02950664
-0.00329150
-0.00425732
0.02611266
-0.03955327
-0.01281929
-0.04497027
-0.03159969
0.05619485
-0.00522967
-0.03942391
-0.02270143
0.05204509
-0.02800618
0.01948061
0.02910699
-0.01148253
0.01617441
-0.01859639
0.00069753
0.01442271
-0.03685739
-0.00391682
0.04661624
-0.00818697
0.01892660
-0.00572411
0.04054654
-0.00082742
0.00306363
-0.03502248
-0.01441781
0.04005349
-0.02526049
-0.00556481
0.00271536
0.01192533
-0.03537265
-0.00289189
0.00652632
-0.02289553
-0.01954994
0.00115097
0.01464104
-0.07307907
-0.01342229
0.02471337
-0.00677205
0.00898153
-0.00280969
-0.02399685
0.04902788
-0.04010820
-0.02974947
-0.02493949
0.04349442
-0.04743497
0.04521578
-0.03745783
0.04678838
-0.05199840
-0.04321293
-0.03447045
0.02486152
-0.02693273
-0.01747975
0.03650661
0.04733100
-0.03610986
0.00939925
0.04036170
-0.01119986
-0.04691775
0.01917598
-0.01400652
0.02430936
-0.11414143
-0.06319487
0.03720683
0.01474466
-0.01800591
-0.02639737
-0.00205692
-0.00081987
0.05185479
0.00027926
-0.00071565
0.03946911
0.00956219
0.02084623
-0.02614680
0.01614328
-0.05922397
-0.04022471
0.03611565
-0.01635149
0.02038332
0.02939757
-0.01003975
-0.03752095
0.03897363
0.00683425
-0.02865831
-0.02227100
-0.05240026
-0.04233915
0.04202595
-0.02790117
-0.06360851
-0.02596835
-0.04902008
0.02683932
0.00841793
0.02703315
0.01186396
0.00320919
-0.04998054
0.00378541
-0.04649120
-0.00614829
-0.06122714
-0.01828988
-0.01770344
-0.05368843
-0.06255360
-0.02549613
0.01042852
-0.03582954
0.04704130
0.00690391
-0.01528828
-0.01896349
0.02131212
-0.03130960
0.02475745
-0.01893649
-0.04565051
-0.02242633
0.00361808
-0.00879799
-0.09039184
-0.06415390
-0.05280467
-0.06201119
0.04842434
-0.07263557
-0.00228478
0.01203135
0.03300287
-0.03370988
-0.00285095
-0.00431807
-0.05114426
0.01916175
0.03642634
-0.03198237
-0.00027277
0.01374035
0.01512848
0.02060207
-0.02045184
-0.04108203
0.02806354
-0.06488839
0.04250771
0.00048063
0.04828899
0.01876413
-0.06091839
0.02796862
-0.05094664
0.03717899
-0.00534853
-0.02832673
0.03424477
0.01101113
-0.00681836
0.02469251
0.04787381
0.01335230
0.04679232
0.04186580
-0.02746230
-0.03232657
-0.04790532
0.01633916
0.02200656
-0.02897591
0.03660574
0.01692125
-0.00907436
0.00565198
-0.01242980
-0.04898341
-0.00451492
-0.01930149
0.02785591
0.02661223
0.01215650
0.02523717
-0.01530502
0.02364389
0.02257396
-0.03858744
-0.05204326
-0.05748180
0.02859518
-0.02222706
-0.02590910
-0.04921088
0.02379327
0.00031039
-0.05040627
-0.05500120
-0.02494504
0.04606948
0.02498587
-0.01988457
0.04416818
-0.05266986
-0.00133881
0.05561739
0.03650489
-0.00095862
0.01190283
0.06315310
-0.02511965
-0.04059197
-0.04954924
0.04757503
0.01666236
0.02783104
-0.03076634
0.01058222
-0.02872238
-0.00148534
-0.00226671
0.02205813
0.04976671
-0.01621575
-0.02319951
-0.00450864
-0.03393066
0.05181091
-0.01721242
0.00946515
0.00600156
0.02954371
-0.00908922
-0.00241060
-0.02726949
0.02565232
0.00889040
0.05200739
-0.03531761
-0.03463608
-0.01159810
-0.02523334
0.01024543
-0.00250570
-0.00974455
0.04604748
-0.01262503
-0.05000969
0.01482707
0.02044633
0.03644827
-0.01914727
0.03896458
0.06312701
-0.02128129
-0.05418250
0.04187455
0.00865131
0.01228916
0.00191904
-0.04698936
-0.01856490
-0.03129996
0.02688792
0.01737538
0.00307763
-0.02582911
0.04306242
-0.02593454
0.00265316
-0.01469327
0.01175523
-0.03126810
-0.01031833
-0.04476909
-0.02318929
0.01222758
0.02904276
0.01840850
-0.02751284
-0.03400670
-0.02075108
-0.00665837
-0.00360303
-0.02077593
-0.08142109
0.00786084
-0.01058890
0.02320247
-0.02483404
-0.01008475
-0.04176055
-0.03570727
-0.06025050
0.02453167
-0.02613161
-0.05014020
-0.00382693
-0.01224277
0.01837648
0.02435018
0.01050897
-0.01260816
-0.04469530
-0.04528140
0.00968554
0.00048025
-0.04564883
0.00927604
-0.05312965
-0.01947307
0.01630374
-0.05114345
0.03569509
0.02469040
0.02582594
-0.00661797
0.03219248
0.01210315
0.00161941
-0.01511469
0.01510515
-0.02196102
0.01431810
0.01964191
0.04252157
0.04051083
-0.03261128
-0.02833001
-0.01316703
-0.02174679
-0.00977189
0.02360368
0.05341564
-0.04532775
-0.04707724
0.03031346
0.00506418
0.00182052
0.04777352
-0.00911811
0.00783323
-0.03181450
-0.01424215
0.00536882
-0.03600099
0.03842814
0.00313657
0.01929311
-0.01499689
0.03825571
-0.03610035
0.00878597
-0.06401028
-0.04210206
-0.06298717
-0.01753906
0.02285713
-0.03989606
0.01675235
-0.02707232
-0.00339225
0.04021912
-0.04764781
-0.07589977
-0.04950713
0.00424935
-0.01902221
-0.04693081
-0.05343015
0.04375497
-0.02627393
0.00327434
-0.04809002
0.03274893
-0.03027221
0.00289772
-0.03827243
-0.03021711
0.01959335
0.02852330
0.04177457
-0.03020345
0.00001684
0.02095745
0.03439073
0.00676208
0.05129421
-0.03895206
0.04546585
-0.01676786
0.00619856
-0.05535831
-0.01965448
0.04668063
0.03270179
-0.06471749
0.03021480
0.02978901
0.00677579
-0.01318327
0.05709481
0.00757206
-0.00097898
-0.00890003
0.03598398
-0.00846149
-0.02027524
0.00777983
-0.04829493
-0.02774665
-0.00772500
0.05901628
-0.01262225
-0.03469826
-0.02791693
0.01569882
-0.04407608
0.03634175
-0.02260802
0.03439685
-0.03574878
0.01405306
-0.00415550
-0.03906793
0.03691676
0.01668712
-0.05582372
-0.05512722
-0.07163532
-0.04606260
0.03210932
-0.03829871
-0.06423801
-0.03969179
-0.03790789
-0.04537372
-0.05144215
0.03138507
-0.03562861
0.00682625
0.02077815
-0.03897113
0.02777487
-0.06170833
-0.04543063
0.01958511
-0.00059498
0.02471712
0.01525275
-0.02715109
0.00385719
0.00389138
-0.05228715
-0.04592470
-0.04950735
-0.03605967
-0.02325610
0.00553564
0.03546090
-0.00206457
-0.04799081
-0.00202657
0.02886026
0.02820453
-0.00471501
0.04334925
0.03549507
-0.02806768
0.00833139
0.01810165
-0.01891925
-0.01528692
-0.01229831
0.03061501
-0.05422874
-0.02612258
0.01841857
-0.04733386
0.05655409
0.03726389
0.01616414
0.03571843
-0.01376961
-0.00525761
0.03540228
0.02494131
-0.01617996
0.03197186
-0.03518415
-0.02915177
0.04556973
0.02546458
0.04551400
0.04604875
-0.03677840
-0.01238158
0.05103927
-0.02550537
0.04380978
-0.01709514
0.00868617
0.02233366
0.04471328
0.02946662
0.03189129
-0.00089988
0.01130410
0.04548364
-0.00997014
0.01750779
0.00767602
-0.01504726
0.00742889
-0.01607966
-0.04368427
-0.05072768
-0.03781343
-0.05031212
0.00254361
0.03092408
-0.03017856
-0.00245045
0.03601212
0.00847106
-0.04505249
0.04077544
-0.00589567
-0.04198765
0.02415968
0.02526024
-0.00440369
-0.00347022
0.03220292
-0.00405197
0.03294609
0.00759364
-0.01608504
-0.01347696
-0.00268483
-0.02776083
0.01319519
0.03969599
-0.02260300
0.03168363
0.01980504
0.02312656
-0.01267059
-0.02596495
-0.02185691
0.04504149
-0.00742170
0.03116941
0.01490370
0.01326880
0.03614065
0.02009221
-0.04217570
-0.03779736
-0.01907719
-0.00789209
-0.03333300
0.02247246
0.01566677
-0.03874511
0.04495534
-0.00492593
-0.04754847
0.00474183
0.00491750
0.02596569
-0.00342148
-0.00386108
-0.02509038
0.05031450
0.00375792
-0.01711098
-0.01917497
-0.04382765
0.03318399
-0.04358542
-0.02399962
0.00431893
0.00964774
0.05924553
0.02642819
-0.02595806
-0.02041567
0.02180829
0.01520349
-0.02453482
0.04584635
0.01681094
0.04822965
-0.02649591
0.01158528
-0.02541859
0.00120727
0.01731377
-0.03307073
0.04669796
-0.01388183
0.03417714
-0.04427756
-0.01935305
-0.00269080
0.04932127
0.01006215
-0.01213892
-0.03777841
-0.00725653
0.00710613
-0.00531980
-0.01146515
-0.03782060
0.01739317
-0.02576330
-0.04054742
-0.04424885
0.01733068
0.01991059
-0.01606917
-0.04998071
0.01143330
-0.00870266
0.02093689
0.02394913
-0.04051397
-0.01206670
-0.03185199
-0.00318691
0.01480334
-0.06072201
0.02385604
-0.02371262
-0.01178610
-0.05846744
-0.02311223
-0.01613866
-0.00997209
-0.01912497
-0.02739742
-0.01626269
-0.00252315
0.01402518
0.00255822
-0.02650316
0.02835891
0.03166537
0.01874888
-0.02074286
-0.01930952
-0.02983281
0.00881917
0.01444947
0.03039033
-0.01965109
-0.01002385
0.02581226
0.03675187
0.01948546
-0.00135108
0.02900702
0.04767392
-0.03908201
0.04388730
-0.00148440
-0.02277057
0.03251062
-0.00303739
0.02188355
0.05653286
0.04408889
0.04696347
-0.03259004
0.02885366
-0.00986600
-0.02371668
-0.02439901
0.01655805
-0.02377758
0.01909008
0.01342910
0.04765093
0.04039323
-0.01765157
0.05147628
0.00821021
-0.02699090
0.01218686
0.01556128
0.01690049
-0.02031467
0.03108412
-0.03671655
0.01799635
0.02937900
0.00780412
0.01482341
-0.01268522
0.01802317
0.00738447
-0.04126696
0.00265651
0.00400931
-0.02766889
-0.00134250
-0.02544712
0.03597681
-0.01006534
0.01369776
0.03117776
0.02814887
0.04000392
-0.02943762
0.01801492
-0.01165833
0.02750568
-0.02743852
-0.03360004
0.03630405
-0.03989027
-0.03207875
0.00436673
-0.04151040
-0.04266893
-0.04571470
-0.03496051
0.00017622
0.04808295
0.04718508
-0.03687043
-0.09480575
-0.08246460
-0.01427812
-0.03355825
-0.01824886
-0.00238860
0.00894403
-0.00156507
0.04806740
-0.03136483
-0.03941261
-0.03580750
-0.07392137
0.01843055
0.03616554
0.03885032
-0.09287009
-0.02491429
0.03806609
0.01048235
0.01314581
-0.04932178
-0.01159658
-0.00329924
0.02373118
0.01540091
0.01250911
-0.00833770
0.06176028
-0.01108355
-0.03038542
-0.00919900
0.05864338
0.02512842
0.02270744
-0.01791628
0.03503109
0.04263560
0.02657775
0.05605811
0.04516966
0.00764161
-0.01941762
-0.01647096
0.00938419
-0.00751560
-0.03294275
-0.01135237
0.02142283
0.06336906
-0.02929368
0.02238280
0.03390400
0.05821383
-0.02324406
-0.00262014
0.02652574
-0.01406336
-0.02024242
-0.01495951
-0.00597853
-0.03831197
-0.00652742
0.03681786
0.06430685
0.05372440
-0.01913093
0.01872082
0.01077684
-0.06961105
-0.03449275
-0.03325935
-0.03104870
-0.01878026
-0.03378462
0.04611119
-0.09427468
-0.05317456
0.03348577
0.02925750
-0.11349230
-0.06266034
-0.04714858
-0.01786880
-0.02534011
-0.02015284
-0.00307459
-0.05006602
0.04376836
-0.03522649
0.04719916
0.01196822
0.02140635
-0.01288092
-0.00576743
-0.00665279
-0.08038392
0.01696667
-0.01765965
0.01223178
-0.03619915
0.01833569
0.04211823
-0.02221654
-0.04260820
-0.03107893
-0.02722159
-0.04519338
0.02534180
0.00152733
0.02246219
0.01334416
0.10357851
0.09707213
0.05450705
0.02201152
0.00099369
-0.02334018
-0.02200079
0.02169339
-0.02082821
-0.02159166
-0.00441907
-0.01318040
0.01919043
0.04653607
-0.01496722
-0.01390272
0.04746269
0.05425978
0.02520847
0.01752822
-0.03856860
0.03259644
-0.01240772
0.04556702
0.00115515
0.03470996
-0.03805372
-0.03800171
-0.01591062
-0.03631415
0.02581363
-0.03943152
-0.04623556
-0.01188606
0.00923777
-0.05634277
-0.02607115
-0.08565839
0.03697135
-0.01383198
-0.02537453
0.02444148
-0.04730648
0.00009567
-0.03907571
-0.05699897
0.01560851
-0.04749253
-0.04175284
-0.07712908
0.00959660
0.01585390
0.04678726
0.01606015
-0.04085948
0.00291070
-0.04562590
-0.00936707
0.00472844
-0.00774741
0.06253125
0.02599937
-0.04196425
0.00187224
0.03812780
0.08501342
0.02555147
0.03140369
-0.00125614
0.05964327
-0.03183853
-0.02186426
0.01365897
-0.04242067
-0.04739248
-0.03565265
0.07475934
-0.03655980
-0.03226892
-0.01086527
0.00249088
0.05954760
-0.00384038
0.02548561
-0.00286875
-0.02128940
0.02293008
0.00539898
-0.00936922
0.02182304
-0.03225581
0.00281772
-0.01026627
0.05128300
0.04394351
-0.03492291
-0.05272715
-0.01885335
0.00115661
0.02771667
0.02316757
0.00356433
0.04750680
-0.00058874
-0.02536630
-0.01353287
-0.03930173
-0.04818360
-0.06475729
0.03692646
-0.03870101
0.01645722
-0.01730026
-0.09818412
-0.02819479
-0.03115076
0.00410391
-0.03009941
0.04438285
-0.05371057
-0.00615953
-0.03125379
0.00383034
-0.01423144
0.02651930
-0.05804305
0.01755971
-0.05713847
-0.05329337
0.00033497
-0.02562601
-0.03644942
0.02595684
0.03195380
0.04426997
-0.00380543
-0.02971949
0.03361688
0.03509264
-0.01605995
0.04136620
-0.03379493
-0.03686298
0.01811133
0.06974043
0.04785439
0.04523609
0.00767754
0.03289983
0.02948371
-0.03583957
-0.02012186
0.01679236
-0.01403013
0.03517624
0.02015246
0.00724169
-0.00065007
0.04408008
-0.01514259
0.06322519
-0.00957420
0.04710122
-0.01832893
-0.00454688
-0.00507975
-0.03555344
-0.05142133
0.02468204
-0.03724661
-0.00044622
-0.04946010
-0.00605330
-0.04699018
-0.02074084
0.02152616
-0.02706516
-0.04531483
-0.00108531
0.03128492
-0.04367062
-0.05384608
-0.03542229
0.01249600
-0.03922562
-0.04270359
0.00812523
0.04701358
-0.03902505
-0.02890045
-0.04657955
-0.02429278
-0.03881153
0.01266709
0.01673764
-0.05115111
-0.04876935
0.00160565
0.03468555
0.04954911
-0.02996889
-0.04943557
-0.00168868
0.04923543
0.00514513
-0.02644650
-0.00106560
-0.03989536
0.02012649
0.00872768
-0.01403613
-0.00404708
-0.04222557
0.03693753
0.01982373
-0.01484694
-0.03808608
0.00518470
0.03413606
0.02176795
-0.03728668
-0.02599356
-0.01367034
-0.03698329
-0.05788932
0.02050084
-0.01600844
0.01566478
-0.00563404
-0.00365275
-0.03139128
0.01937684
-0.01002519
-0.00626406
-0.02109781
-0.04402326
-0.00320960
0.04117069
0.01089312
0.03796313
-0.05337980
-0.02875641
-0.00023982
0.04143833
0.02617475
-0.00108282
0.00595727
0.03846896
-0.02166803
0.03009949
0.01868377
-0.00878729
-0.00044546
0.00973075
0.00219444
0.01299401
-0.04923821
0.01368248
0.00581961
-0.03529655
-0.04354348
0.00063729
-0.01808321
-0.00600074
-0.00153030
-0.03069015
0.03381284
0.00385477
0.02488320
0.05086183
-0.01363286
-0.01956602
-0.00041507
0.04073107
-0.00837417
0.02746532
-0.00331622
-0.05049050
0.02026152
0.01240628
0.02476870
-0.02676412
-0.02844652
-0.01597743
-0.02325779
-0.02189088
0.04456798
-0.04136965
-0.02824192
-0.00158723
0.04135627
-0.03314935
0.03980429
-0.05154499
-0.02684761
0.02269461
-0.02061337
0.00845620
-0.02440153
-0.01154967
-0.05660431
0.02970351
-0.05169988
-0.02842971
-0.02949445
-0.06607638
0.03375472
0.03333436
0.04035788
-0.05574699
0.00237518
-0.02569616
-0.03598058
0.02418064
0.01158168
0.01034303
-0.06816725
0.02378891
-0.03017306
0.00408970
-0.09889535
-0.07011725
-0.00503766
-0.03714877
0.04394428
-0.01432872
0.00942695
-0.05222173
0.01020412
-0.02357969
-0.00967639
-0.02634737
-0.04529353
0.03053730
0.01360768
0.02940820
-0.00241734
-0.06034240
-0.03936226
-0.02878815
0.03569778
-0.03147049
-0.02460529
-0.01091489
0.04687601
-0.03984175
-0.00823292
0.03051826
-0.05954878
-0.01164302
0.03010489
-0.03997872
-0.06459585
-0.06841370
0.03148430
-0.04605521
0.02680620
0.01538997
0.04918625
-0.04632336
0.03543311
-0.05201757
-0.01567427
0.01532345
-0.05488543
0.00177674
0.01434310
-0.02227923
-0.00916728
-0.04410623
0.03769854
-0.05464546
-0.01127079
-0.05417054
0.01719229
-0.00006038
-0.04783368
-0.03607110
-0.00456230
0.00241646
-0.02277951
0.03542320
0.04592161
0.00126321
0.00693534
-0.03889920
0.02722143
-0.06162218
-0.02564343
-0.01102370
-0.02305344
-0.02093124
0.04786835
-0.00240286
-0.01827091
0.02534402
-0.01600882
0.00053782
-0.02214653
-0.04091575
-0.01486000
-0.00831860
0.00596289
-0.00244346
0.03125788
0.00053998
0.04521415
-0.00899998
-0.00071329
-0.02960947
-0.03064592
0.01462334
0.00811652
0.04044705
-0.04068118
-0.05876267
-0.02247351
0.00961749
0.03659689
0.01299242
-0.00219950
0.02663379
-0.02380827
0.02229834
-0.00274009
-0.00719481
0.01167748
-0.00295931
0.00324145
0.00652516
0.02701457
-0.02223460
0.01075310
0.00812758
0.02682559
0.05051567
-0.04591177
0.09112028
-0.04508404
0.00614944
-0.01371143
-0.02312984
-0.00902538
0.00260202
-0.01075887
-0.02596910
-0.04177158
0.05742204
0.10400190
0.06540035
-0.02355836
-0.00293802
0.03489039
0.00802462
0.01180955
0.04816489
0.02952276
0.03919981
-0.03900160
-0.00468438
0.07166310
-0.02820995
-0.00748414
0.02412096
0.05668247
0.08419886
0.04111677
0.01364833
-0.04556374
0.04741185
-0.04308616
0.06687810
0.01870831
0.02724282
-0.00512664
-0.02569889
0.07313648
-0.02277442
0.01372213
-0.01893811
0.04672067
0.06093059
-0.04882322
0.02786518
0.00371755
-0.01079317
-0.02640589
0.06020642
-0.04661578
0.01187919
-0.01937489
-0.01529219
0.05337955
0.03648937
-0.03262128
-0.00198358
0.05238136
0.03182909
0.04811171
0.03737066
0.01118330
0.04618902
-0.02614712
-0.03531596
-0.00842246
0.00002047
0.03045288
0.04841515
-0.02539105
0.04237048
0.03526931
-0.00954724
-0.03010221
0.04479646
-0.02380678
0.05156352
-0.00168982
0.06266358
0.00053029
0.01695593
0.02452317
0.03087293
-0.00059489
-0.01199531
0.01488475
0.00606345
-0.01100196
0.01998824
-0.00833266
-0.03025062
0.02690038
-0.01591079
-0.01625356
0.00939125
0.02128068
0.05855916
0.04525362
0.03431308
-0.05054350
-0.03579359
-0.03561934
0.03514701
-0.02928797
0.06408493
-0.05582902
-0.05533943
-0.02730401
0.03027987
-0.00657204
-0.01094016
0.01686682
-0.02812393
0.03966834
0.04422986
-0.04879960
0.00342907
-0.03715619
0.02308941
0.00425759
0.00149938
-0.00462282
-0.01400019
0.00007132
-0.01170516
0.00554771
-0.01482262
0.02105189
-0.00859099
-0.00225495
0.03110253
-0.02177897
-0.02875996
0.01427492
-0.02371849
-0.03607184
-0.03683066
0.01386365
-0.02084486
-0.04842333
-0.01228361
-0.04634589
-0.01269429
-0.01755362
-0.03499833
0.02064568
-0.02570946
-0.00725904
0.01444057
0.05622944
-0.04644473
0.04469721
-0.04076596
-0.01883915
0.05195927
-0.01392842
-0.03587196
0.04420186
-0.02771606
-0.01285230
-0.07715403
-0.03900224
-0.05539692
-0.01611595
0.05075505
-0.03572906
0.00659123
-0.01581042
-0.07789619
-0.13635984
-0.11792187
-0.04607536
-0.01991625
-0.00312637
0.00222522
-0.01772535
-0.04823959
-0.02595103
0.02031289
-0.00601043
0.01069335
-0.04513866
-0.06076935
-0.03666340
0.02911235
0.00843335
-0.01205725
0.05488622
-0.00843011
-0.04487605
0.07437807
-0.01938983
-0.03827965
0.00868195
0.04968205
-0.02405159
-0.04383020
0.04945533
0.01698763
-0.01221703
0.01879065
0.08949945
0.10436997
0.04021133
-0.03223129
-0.03695289
0.04488644
0.04615628
0.02156951
0.00363453
0.00284886
-0.00420503
0.01695307
0.04192463
-0.01208968
0.01318028
-0.00931623
-0.00403298
0.04284259
0.04252873
-0.04198136
-0.02934993
0.02952390
-0.00101540
0.00144394
-0.02249000
-0.04222419
0.04531345
0.02326238
-0.06498276
0.05117996
-0.01602980
0.02454348
-0.06919819
-0.00496936
-0.00062183
-0.05660876
-0.03977013
-0.04576578
-0.03149563
0.00049879
0.02068934
-0.02884086
0.03854562
0.01944846
-0.01604884
-0.02379785
0.02718619
-0.07418515
-0.12391684
-0.05353989
-0.02356776
-0.01204901
0.04001857
-0.03785861
-0.03346165
0.02679480
0.03192669
0.01934190
-0.03785697
-0.04264504
0.08738530
0.00245564
-0.04753659
-0.02528287
0.06152897
0.08743525
-0.01275936
0.02505056
0.02726274
0.05488748
-0.00303268
0.04958856
0.02691010
0.01418128
0.00762058
0.02304437
0.04194868
0.04411453
0.00653879
0.03666705
0.08968442
0.03027632
0.04978244
-0.05647570
-0.03380096
0.03252709
0.00852828
0.03175071
-0.02573359
0.00149291
-0.03250865
0.03199126
-0.04962733
0.03457231
-0.01806293
0.04426326
-0.06328892
-0.00295644
-0.04294492
-0.04220057
-0.01366715
-0.03860433
-0.01985415
-0.03967097
0.03965619
0.01134110
0.00520869
-0.01710669
-0.09451481
-0.03354614
-0.03451885
0.02508739
-0.11655830
-0.02080666
-0.02361186
-0.00858315
-0.00306277
0.00923702
-0.01628643
-0.08521281
-0.03293158
-0.05443646
0.03475915
0.01022159
0.01699508
-0.04530629
0.04095769
0.01962665
-0.02358808
0.03433732
0.00356371
0.02992580
-0.01105133
-0.00384947
-0.04709912
0.00712854
0.02881581
0.01390688
-0.00237395
0.04575057
0.05202624
-0.00867131
0.00024864
0.01193675
0.10281493
0.11881611
0.03801962
-0.04227966
0.00731552
0.00725963
-0.00876564
0.06798249
0.01307725
0.03194119
-0.00037612
-0.02284764
-0.00807801
-0.02918176
-0.03064657
0.05511436
0.00537823
-0.04671512
0.00309806
-0.07132180
-0.00498304
-0.01612182
-0.02844382
-0.02474079
-0.01647221
-0.03042509
0.05106400
-0.01816527
-0.06040372
-0.01218797
-0.01364398
0.00293492
-0.09882835
-0.09251726
-0.03203177
0.01534950
-0.04797341
-0.02548714
-0.01613504
-0.07845107
-0.04375628
0.01113389
-0.00328228
-0.02285108
-0.08361971
0.02842394
0.03422619
-0.06871015
-0.08775850
-0.09466441
0.02085246
-0.02646294
-0.00458553
0.00676298
0.02697029
-0.06244046
-0.04531928
0.04056636
-0.01045478
-0.04229761
0.02352716
0.02668066
-0.01157283
-0.01650659
-0.01668568
0.08314211
0.04061509
0.04764329
-0.02265549
0.06189072
0.02705052
0.03106841
-0.03325365
0.01676820
-0.04471739
-0.00885112
0.03809619
0.02069101
0.03012944
0.00262635
0.06268350
0.03390818
-0.01255696
-0.03038797
-0.01472555
0.00552418
-0.05462513
0.06048454
-0.04978342
-0.00475016
-0.00057452
0.03344830
-0.08164580
0.03699087
0.03857819
-0.00497071
-0.06726061
-0.01827481
-0.01881265
-0.05232024
0.04185357
-0.05767199
-0.04224228
0.00658915
-0.00827823
0.00801895
0.03428816
-0.00100852
-0.05207621
-0.01007799
-0.02528957
-0.03598418
-0.12165660
-0.04102983
-0.01718933
-0.05344250
0.03825163
-0.07224817
0.02179562
-0.02927279
0.02050326
-0.05693298
-0.00632849
-0.04509497
-0.03926227
0.01583306
-0.02188393
-0.01890733
-0.03177973
0.01535330
-0.02061517
-0.03431068
-0.01017343
0.01805473
-0.02242840
-0.01689543
0.02984068
0.04201824
0.02151346
0.03124411
0.04990377
0.03776464
-0.05333325
-0.03329843
-0.03296899
0.06937578
-0.01988962
0.05170538
-0.04378291
0.07089438
-0.02809525
0.02423423
0.01632597
0.04436463
-0.04315913
0.01448828
0.04551955
0.03043508
-0.00196622
0.03134262
0.03790066
0.03744245
-0.03165555
-0.02938570
-0.00519409
-0.01159160
0.03981456
-0.04085122
0.03050732
-0.00387990
-0.02677912
-0.03948499
-0.08306524
-0.01396617
-0.00714209
-0.05707356
-0.04516098
-0.01262180
-0.03696099
-0.00982605
0.01764966
-0.04191632
-0.04995425
0.00233775
-0.02106223
-0.04909636
0.01322745
0.02853602
-0.07485083
0.02978980
0.03405343
0.02502085
0.00936244
-0.00565970
-0.01894611
0.03254388
0.01419945
-0.05415335
0.01620857
0.00723847
-0.00094487
0.00292939
0.03670892
-0.00558715
-0.05069055
-0.03926761
0.02140984
-0.04819398
0.04104158
-0.01771305
-0.02619030
-0.00072267
-0.02886289
0.02952666
-0.04949509
0.01787464
-0.01140730
-0.04124092
0.02503594
-0.03290915
0.02439849
0.01597347
0.00706061
-0.02454101
0.01339849
0.06879840
-0.04263882
-0.01937039
0.01874703
0.06117072
-0.01941079
0.04206369
-0.02617608
-0.04575908
-0.01055864
-0.03182917
-0.00139632
-0.03074749
0.01361371
0.03287846
-0.02694100
-0.04721764
0.04634770
-0.02314309
0.04726897
-0.01634231
0.02640921
-0.04309441
0.04532860
0.04346900
0.00172948
0.01236299
-0.05756712
0.03768333
0.02633369
0.02259457
-0.03330979
-0.05966089
0.01273419
0.03248005
0.03402636
-0.03694841
-0.01708818
-0.05859275
-0.01979852
0.02084006
0.02940070
0.03300989
-0.04471861
0.03466726
-0.02738704
-0.05418282
0.01123622
-0.05909022
-0.00985063
0.01659099
-0.02668047
0.02279428
0.01847672
0.00539994
-0.02668210
0.02283951
-0.00560194
-0.03881170
-0.03295725
-0.00304888
0.01114508
0.01679653
0.02919170
-0.05280193
0.01938504
0.06026936
0.04144919
-0.02728078
0.03561354
0.02188675
-0.03959501
0.04712639
-0.04758842
0.00761972
0.03381987
0.05380469
0.04141130
0.02715423
-0.01549705
0.05657018
-0.03098123
0.04496082
0.00414234
0.05918409
-0.00484140
-0.01381304
-0.00331462
-0.01388588
-0.01211752
0.02817222
0.06988504
-0.02882994
0.04233620
0.04823566
0.06948976
-0.01698367
-0.00932816
-0.03375628
0.04353458
-0.03209221
0.01321540
0.04585572
-0.02016103
-0.01970507
-0.05021880
-0.01267298
0.00929191
-0.03798323
0.03011965
0.03823514
0.01283685
-0.02462206
0.01541276
-0.03991124
-0.03539333
-0.05792192
-0.02257578
-0.00637693
-0.03228831
-0.03412876
0.01601008
0.02216157
0.01432079
0.02712762
-0.04096980
0.00174603
-0.04355495
-0.05570352
0.04825948
0.02003898
-0.01075080
0.01350198
0.02687307
-0.03282595
0.03007023
0.02404753
-0.04762415
0.01699655
0.01131496
-0.04422941
0.02919479
0.02944318
-0.03705739
0.02510958
-0.00231363
0.01464880
-0.01799762
-0.05068268
0.01180215
-0.05801009
-0.00593526
-0.03377070
0.00901728
0.01206739
-0.01765874
-0.01209063
-0.01249878
-0.00543790
0.01875222
0.02995487
-0.01148330
0.00726826
-0.00719632
-0.00439471
0.03943686
0.03093029
-0.04357732
0.04733484
0.04284638
0.02973807
0.01174497
-0.01942328
-0.01325922
-0.01081138
0.02953687
0.04025567
0.02782044
0.03015650
0.01441510
0.02113202
0.01868450
-0.01767509
-0.01568596
0.02347304
-0.03702909
-0.00500389
-0.00540506
-0.04412688
-0.00585666
-0.00543133
-0.01454239
0.02213600
0.02040378
-0.02220643
-0.03081617
0.00266532
-0.00987387
0.01224373
0.00971188
0.01853632
0.00013313
0.03554353
0.00295480
0.04526846
0.02418314
-0.00027812
-0.01192202
-0.01294975
0.01137364
0.00777354
-0.02018709
0.02961549
0.00618877
-0.03272806
-0.04694902
0.00951295
0.03049334
0.02784574
-0.02188828
0.04413074
-0.04146323
-0.03398757
-0.04794968
-0.05503941
0.01482566
-0.03379645
0.02733855
0.02607138
-0.02441166
-0.06166736
-0.04929869
-0.00019486
0.03937501
-0.01482097
-0.04477613
-0.02921584
-0.00441472
0.03956623
-0.05226268
0.03594950
-0.01363956
-0.03226024
-0.03143567
-0.01885899
-0.04480010
0.00562425
-0.05000086
0.00871648
-0.03396457
-0.04970447
0.01796528
0.03829066
-0.03598291
0.04626789
0.00733664
0.05711029
-0.03549273
0.00646703
-0.00144950
0.01248707
0.00539367
0.03449950
0.02697554
0.02095063
0.01916349
0.00216662
0.05244745
0.03293405
-0.01481702
-0.03959490
0.04486181
0.00345555
0.03971738
-0.04006172
-0.00844167
0.00076283
0.01852176
-0.00868238
0.03440074
0.00140531
-0.01638764
0.04785210
-0.04494675
-0.04598320
-0.03143742
-0.04769963
-0.03481917
0.03477426
0.01826714
-0.01879429
0.00073247
-0.01871881
0.01863022
-0.02959788
-0.03789699
0.00333843
-0.00055252
0.00965798
-0.01695066
-0.01085993
0.01291113
-0.02433532
-0.04407139
0.00329263
0.01722364
0.01508089
0.01118614
0.02799170
0.01027795
0.03149576
-0.02041249
0.01452427
0.02808668
-0.03229022
0.00487787
-0.00595189
0.02856893
0.00814576
-0.04433936
-0.02883911
-0.02192811
-0.00459536
0.00257803
0.02899534
-0.02790684
0.00673594
-0.00171389
0.01758766
-0.00154498
-0.01833896
0.01220730
0.04951189
0.04199836
-0.02680963
0.00176034
0.05681307
0.02062892
-0.00261197
0.01090439
0.04897341
-0.04491362
0.00598171
-0.01419851
-0.02190033
-0.02353946
-0.00396924
0.01050742
0.03408860
-0.00459017
-0.00604639
0.01951621
0.02924564
-0.04630141
-0.03828628
-0.00567515
-0.01974835
0.02778580
-0.01532537
-0.04191935
0.04278266
0.01439035
-0.05078579
-0.05103163
-0.02120189
-0.04675890
-0.02953934
-0.03148493
-0.00849350
0.03570163
0.02943447
-0.02546304
-0.03236183
0.03330104
-0.02405956
0.04731864
-0.01057653
-0.02069297
-0.02763255
-0.05693129
-0.00145595
-0.02797670
0.02983104
0.02873074
-0.03835647
-0.03320876
-0.01605150
-0.03637198
-0.05644474
-0.04905198
-0.00799759
0.01333453
0.01093212
-0.02707246
-0.03783898
-0.08712837
0.01629470
0.00933055
-0.00947446
-0.07801639
-0.07941608
-0.05044406
0.01082245
0.04646442
-0.07121512
-0.02420930
-0.02946001
0.04327906
-0.07101757
0.00276671
-0.01885821
-0.10358723
0.02865618
-0.01030776
0.00691432
-0.13244759
-0.09868863
-0.01797304
0.01923726
-0.03830754
-0.08199932
0.03333494
-0.04141741
0.04020724
-0.00818753
-0.02146169
-0.04509892
-0.01110785
-0.04236311
-0.03186967
-0.01516264
-0.06195777
0.02985052
0.01649463
-0.02639414
0.04600763
-0.03736509
-0.04178817
0.03266877
0.02522248
-0.02189396
0.02295972
0.02418722
0.01938527
-0.04952588
-0.02443850
-0.01563958
-0.01119170
0.08136470
0.05519447
-0.02533560
0.02738272
-0.03445126
-0.00699920
0.06761093
0.02719864
0.04224738
0.01040156
-0.02039017
0.03399515
-0.02677775
-0.02012539
-0.02687131
-0.02077256
0.00529053
-0.02382827
-0.03455614
-0.03262524
-0.06385782
-0.02971725
-0.00047451
0.03546159
-0.00650940
0.03679772
-0.00560660
-0.09181819
-0.01120458
0.01006557
-0.06995154
-0.04700998
-0.04394997
-0.05828892
0.00069876
-0.03521606
-0.05819782
-0.04401040
-0.01650292
-0.03825340
-0.01771803
-0.04243340
-0.04916464
-0.00826110
-0.05728504
-0.03485795
-0.03026995
-0.08320344
-0.01908812
-0.03478408
-0.00424908
0.04580545
0.04655111
-0.03938580
-0.02891196
0.00334815
-0.00436890
-0.01659085
-0.01817609
0.00812567
-0.06093258
-0.05338637
-0.01895741
0.02102794
0.07858988
0.02986624
0.04365470
-0.04627642
-0.02212533
0.03920517
0.01914083
-0.00862959
-0.03106221
0.04361220
-0.04538521
0.03820125
0.02612310
0.03907997
-0.00706549
0.06967268
0.08139369
-0.01727210
-0.03537611
0.00217894
-0.01081197
0.03508499
0.02491482
-0.01902892
-0.01480493
0.03150225
0.03510432
-0.04469935
-0.02700733
0.02724692
-0.03297533
-0.01402638
-0.07697982
0.04301488
-0.05719024
-0.04190256
0.01980812
0.04462691
0.02609177
-0.01146332
-0.01774255
0.00298355
0.00278156
-0.02628938
0.01118785
-0.03659665
-0.01934143
-0.06611253
0.03231076
-0.04777842
-0.01462961
0.00677241
0.03591621
-0.03508219
-0.03463271
-0.04791724
-0.03749608
0.00302730
0.00446233
-0.01582656
-0.05221935
0.01846489
-0.05091581
0.06875370
-0.02707157
0.01732881
-0.03511614
0.04227944
-0.01002183
-0.03934289
0.05942753
0.01225039
-0.01275572
-0.03721778
-0.00575296
-0.00501542
-0.00603110
-0.04218680
0.01251983
-0.01172641
0.04714163
0.02062897
-0.00892502
0.03947176
0.00743596
-0.04243956
0.00754471
0.02428378
-0.02706063
0.01703127
0.01983893
-0.04615108
0.03983548
-0.01499555
0.04509920
0.04879209
-0.00228765
-0.03878696
0.01103058
0.02349337
-0.02493384
0.00076021
-0.03508123
0.04823707
0.03806301
-0.01057423
-0.02999666
0.01462078
0.01412124
0.04337396
-0.01877396
-0.05647157
0.01834869
-0.03133578
-0.03305026
-0.04869232
0.02018677
-0.00437439
0.04329981
-0.01098445
0.01508939
-0.01067347
-0.01585034
0.01926404
0.02213271
0.03793955
0.02927245
0.06137227
0.03037907
0.00016826
-0.02900632
0.02924208
0.05163448
-0.05309274
0.06594569
-0.02599553
0.02775464
0.00589718
-0.04350272
0.06773004
0.00346555
-0.00437993
0.01954002
0.01113436
-0.00658952
0.00470929
-0.03769359
0.04393595
-0.02258176
0.00977684
0.06595463
-0.04248543
0.03224015
-0.05043798
-0.03396398
0.04511948
0.03559282
0.00746944
-0.02655893
0.06409575
0.05363469
0.02066499
-0.02391668
-0.02911592
-0.01027677
-0.04658172
0.01323953
0.01766045
-0.05009109
-0.01230249
0.03125758
-0.01944597
0.01660659
0.00845132
0.03789431
-0.01892236
0.02253384
0.02363646
0.02214331
0.01596749
0.04503938
0.00238800
0.01414572
0.04258569
0.02755567
0.01375175
0.03867792
-0.01019068
-0.01405940
-0.03487567
0.01969643
0.06529053
0.04468379
0.00515091
-0.02178125
-0.01144750
0.02907779
0.01014322
0.01921494
0.03900758
-0.02842178
-0.00903500
0.03180832
-0.02682229
0.01666645
-0.02740504
-0.00569482
-0.00392341
0.05623072
0.01037799
-0.02420800
-0.02970118
0.07012628
0.01931745
0.06627635
0.00563626
0.04744419
-0.02416599
-0.04063981
0.00071813
0.05530621
0.02491136
0.02606437
0.06336093
0.04111930
-0.03433693
0.01770942
-0.01901507
0.03432132
-0.00329130
0.01435547
0.04912767
0.01268683
-0.04530060
0.02824969
-0.03913089
0.00938860
-0.00082411
0.00116466
0.05564348
0.00218473
0.03258054
0.00938521
-0.03253591
-0.02774593
0.00766936
-0.02906706
0.01433717
-0.01448099
0.02843495
-0.01560924
-0.01783714
0.00565942
-0.01783266
-0.00508686
-0.03350818
0.02529798
0.00545994
-0.01379211
0.01705851
0.02904928
-0.01114853
-0.04677444
0.02841205
-0.03863776
0.03104294
-0.01237870
-0.00362691
-0.03587158
-0.02068100
0.00708900
0.02282941
-0.02169856
0.01383134
-0.04300214
-0.04528335
0.01005224
-0.01723940
-0.03358958
-0.03609696
-0.03956006
-0.02316347
-0.04083153
-0.04054318
0.02055651
-0.03577311
-0.02585746
-0.05602937
-0.00237482
0.02208717
0.02573998
0.04289687
-0.04853341
0.00871622
0.02486556
0.03727623
-0.05048816
0.01798023
0.04151668
-0.02064245
-0.05379759
0.01760123
-0.00014763
0.02581020
0.02379558
-0.01962397
-0.01694944
0.03984587
0.00387218
0.01847812
0.00760441
0.00825545
0.01635706
0.01649239
0.03469926
-0.01162710
-0.01273349
-0.01705222
-0.02171712
-0.04685882
0.01231175
0.00155347
-0.02085027
-0.04483997
-0.02292976
-0.01018182
-0.01481950
0.01380047
0.05008822
0.02129749
-0.02218256
0.05328298
0.03592034
0.01144653
-0.02734315
0.00709626
0.02734026
-0.01955243
0.04694641
0.03046638
0.05368668
-0.00516681
-0.01932719
-0.03157153
0.02934423
0.02183443
0.00111513
-0.02849406
0.01774539
0.04886156
0.05065574
-0.00733651
0.04664752
-0.03562871
0.04778709
-0.03148695
0.04464012
-0.03052743
0.03769911
0.04529766
-0.03856359
0.04780400
-0.03489411
0.00710112
0.04605375
0.04787381
-0.02857223
-0.04280195
-0.02052295
-0.04743478
0.03899296
0.04569003
0.00998337
0.04051783
-0.00772519
-0.02785427
0.00464882
-0.03563602
-0.04215554
0.02871873
0.01938803
-0.04867979
0.02660249
-0.02143561
-0.01861080
0.01958373
0.00866965
0.02008208
0.00647366
-0.02465411
0.01169400
0.00132164
-0.00778251
0.00545381
-0.01877604
0.04122491
0.03025348
0.03574672
-0.04328867
0.02211615
0.03616956
0.04575447
0.00256834
0.01683650
0.03601566
-0.04837065
-0.00800003
-0.05136586
-0.03190072
-0.02727597
-0.04271735
0.04034061
-0.03357371
-0.03764655
0.05207504
0.06378518
0.00872117
0.01976575
-0.03028787
-0.01234434
0.00694201
0.00649505
-0.00520656
0.04657183
-0.02755807
0.02464736
0.03177798
0.05704701
0.00623904
-0.02343928
0.03838876
0.05295792
0.06323598
-0.04315446
0.02204299
0.04630721
0.00775574
-0.00918570
-0.01653245
-0.01294016
-0.00121961
0.04241974
0.03940318
0.03022024
-0.02063094
0.02299130
-0.03712077
0.01566245
0.00830980
-0.02206447
-0.01231117
0.04339929
-0.01015367
-0.01859482
0.05065451
0.01456697
-0.03402601
-0.02145962
0.01324825
-0.00743609
0.04079591
-0.01670197
0.03698561
-0.04664368
-0.01322467
0.04825746
-0.00129031
0.00733650
-0.03811949
0.04567771
-0.02191665
0.02533392
0.02448500
0.03605768
0.03369452
-0.04059010
-0.00867875
-0.00768840
0.00790313
-0.05406889
0.02609500
-0.04038477
-0.03792368
-0.01560866
-0.03272171
-0.02023876
-0.03289181
-0.03222652
-0.02095377
-0.00620184
0.02580881
0.05478966
0.05029574
-0.04733835
-0.02538938
0.02082580
-0.02650522
-0.02515142
0.05702160
0.04669391
0.02997254
0.02226251
0.01394241
0.01570076
0.02084391
0.01588394
-0.03183658
0.04926068
-0.01867694
0.00203623
0.00322266
0.02730772
0.01261131
-0.00655216
-0.04548363
-0.01650327
-0.02945035
-0.04425323
0.01095291
-0.04296925
-0.04997088
-0.02781820
0.02585252
-0.05568759
-0.02523863
0.00136408
0.04160887
-0.01268392
-0.01070298
-0.01752334
-0.02491678
-0.03100377
0.02121700
0.04851307
-0.02783609
0.02552264
-0.02599628
-0.02911511
-0.03370722
-0.06634521
0.02180571
-0.00766468
-0.00961405
-0.03649545
-0.05033075
0.04099908
-0.03258915
-0.02551649
-0.07247701
-0.04040603
0.01068594
0.03507637
0.00419046
0.03231926
0.03459415
0.00041041
-0.05419382
-0.04642152
-0.00538765
-0.02966135
-0.06519819
-0.03214660
-0.04523444
-0.02029096
-0.06157046
-0.00175494
-0.01092022
-0.00862088
-0.05038133
0.01113300
-0.01382658
0.02118359
0.03771150
-0.03798893
0.04225925
-0.05981734
-0.02707151
0.04328211
0.05834554
-0.02645301
0.06367146
-0.00833734
0.03328986
-0.04047434
0.03498336
0.00027399
0.00390524
-0.01911681
0.03147524
-0.02951948
0.03017243
-0.00194489
0.05152910
0.01847103
0.01038746
-0.02024575
0.02325644
0.01865312
0.03080269
-0.00057554
0.01362671
-0.04100644
-0.03841744
-0.02710907
-0.04212699
0.04732778
-0.05143081
-0.03250402
-0.01835085
-0.01190859
-0.00407102
0.01861080
-0.01676873
-0.02569844
0.02052571
-0.01078929
0.01111101
0.02108639
0.02986689
0.03861623
0.02881753
-0.02778405
0.01999334
-0.02929048
0.00836419
-0.00380905
0.01320221
0.01788111
-0.00254737
0.04216548
0.03389107
0.03991527
0.03048356
0.03468703
-0.01026924
-0.03300629
-0.03204869
0.00306321
0.00566953
-0.00746093
-0.04354805
-0.00508127
-0.04083836
0.03492486
-0.04286434
0.00509292
-0.03156184
-0.03864141
-0.02923560
-0.01146893
-0.01969928
-0.01244907
0.01865932
0.00023140
-0.04371552
-0.03640816
-0.01374149
-0.01480163
0.04767968
0.00363664
0.05142486
-0.04646375
0.02705883
0.00162764
0.00501790
-0.04892653
0.02791804
0.03913876
-0.02755269
0.03706321
0.00444740
0.04902560
0.06621108
-0.04055711
0.03516350
-0.00170665
-0.01888031
0.01666397
-0.00369615
-0.03925638
0.04886951
-0.01207721
-0.03283533
0.01580002
-0.01570280
0.00444304
0.01011083
0.03849827
0.07727256
0.00390788
-0.02871192
-0.04381675
-0.02089092
-0.04429454
0.04483312
-0.00238762
0.05306434
0.02887249
-0.02966776
-0.00171361
-0.03407668
0.02290584
-0.01448707
0.06559237
-0.00917173
-0.03138008
0.00408451
-0.04806752
-0.02808558
-0.04478883
0.05138085
-0.02211758
-0.03475354
-0.02597606
-0.01067275
-0.00941924
-0.01203039
-0.03217826
-0.02921048
0.02860501
0.00545564
-0.00483197
0.04982264
-0.00011655
0.03310142
0.01492626
-0.02320294
-0.04502894
-0.02352554
0.03483886
0.03004452
0.03552577
-0.01498878
0.03430938
0.05381422
-0.01004115
0.01282055
0.02784340
0.04057924
-0.03212193
0.02363171
0.01660234
0.03981268
0.01626025
-0.04617806
0.00703557
-0.01104224
0.03059497
0.01130816
0.04895282
-0.02707508
-0.02777954
0.01195729
0.01477365
0.04347041
0.01985631
-0.02844676
0.01701665
0.02448087
0.03158817
-0.03842575
-0.04022251
0.02697291
0.05476538
-0.01886098
-0.00222416
0.03102832
0.06742547
0.08372955
0.04899759
0.00393358
-0.02589913
-0.00940300
-0.03070181
0.00816716
0.04240170
0.04934704
0.00177315
-0.04305608
0.02522877
0.02491160
0.04631162
-0.04181142
-0.03339361
0.02265779
0.02750850
-0.01816445
-0.00813387
-0.01900585
0.00062291
0.00763084
0.04092829
0.03993620
0.04325578
-0.03503229
-0.01259060
-0.01529131
0.03333520
-0.03483646
-0.02716686
-0.00648614
-0.02968961
0.03287507
-0.00392852
-0.06028943
0.01545279
-0.02776600
-0.00562033
0.02962657
-0.04257053
-0.02382762
-0.01816919
0.01038098
-0.00306503
-0.01621160
-0.04815589
-0.02254110
0.01155293
-0.03381598
0.02964252
-0.04278352
-0.03165845
0.02372419
-0.04628411
0.02148658
0.04885998
-0.01773915
0.02473465
0.00125885
0.00573899
0.00349912
-0.05651328
-0.06599364
-0.03405071
0.01392316
-0.04750964
0.01172363
0.00545614
0.00200461
0.01398192
0.05052252
-0.01529171
0.00510941
-0.01163857
0.01466909
0.00304990
-0.00077219
0.06126254
0.04830618
0.00987986
-0.03976205
0.00704814
-0.00793739
0.03930244
0.00571932
0.02100837
-0.02973716
0.01477733
0.02843108
-0.04433567
-0.00610014
0.03473785
-0.02791310
0.00884950
-0.03048716
0.03699879
-0.00986326
-0.00770213
-0.02051703
-0.02741098
0.00664324
0.02381987
-0.01204627
0.02212605
-0.02359204
-0.02597387
-0.05234550
0.03045018
-0.04663443
0.00535462
-0.07026074
0.03038559
0.00940982
0.02212991
-0.02734884
0.00069839
-0.05341792
-0.02781118
0.02279437
-0.01272709
0.02312308
-0.04226836
0.01835036
-0.01881473
0.00870559
-0.03881734
0.00854024
-0.03290343
0.01876228
0.01501056
0.01759821
0.02996260
-0.05423841
0.02092451
0.02278957
-0.00042002
0.01916242
-0.04967988
-0.02220301
-0.00664927
0.04429983
-0.01343975
0.00213108
-0.01222973
0.04091066
0.04235525
0.02418579
0.00983622
0.04438009
-0.01819546
-0.04580897
0.04355495
0.00739223
-0.00163529
0.01275685
0.02618466
-0.01629927
-0.02891900
-0.01099022
-0.04934394
-0.00819275
-0.03615389
-0.03491529
-0.03546387
-0.03525059
0.01648707
-0.03751724
0.00040926
-0.00464320
-0.02507419
0.02888613
0.02457098
-0.02291876
-0.04342588
-0.02409827
0.04545993
0.00888859
0.04271088
0.00194180
0.04208122
-0.00989665
0.03513452
0.03541704
0.02657874
-0.01480631
-0.01791705
-0.05517258
0.02430593
-0.05597131
-0.02099887
-0.02192092
-0.03271952
-0.04033476
0.02741852
-0.01425527
-0.04366683
-0.02573149
-0.02621633
-0.02960384
-0.02030713
0.04755768
-0.04305967
0.00476941
-0.04235402
0.01413383
-0.02014026
-0.03189435
-0.03019114
-0.00726671
-0.00502504
0.01380886
-0.00352810
0.03359117
0.03985467
-0.03781347
0.01515360
0.01459783
0.02148767
0.02520786
0.01490359
-0.05014093
-0.02975460
-0.06058935
-0.01157778
0.01159030
0.03891898
0.04196737
0.00295743
0.05473872
0.04010092
-0.01966788
0.00019668
-0.04991937
0.03700217
0.04974829
0.02735357
-0.04605291
0.00586754
0.02361981
-0.00677164
-0.00194336
-0.04085407
0.02552463
-0.01771842
0.03975390
0.03409594
-0.04667664
0.04161596
-0.00462840
-0.05562673
0.01834307
-0.04305731
-0.01421466
-0.06797797
-0.05819833
-0.00727443
0.01179430
-0.01808394
-0.00951602
-0.00657718
-0.01697886
-0.04751787
-0.04366427
0.04834921
-0.04925517
-0.05761088
-0.02196288
0.04426485
-0.02661705
-0.03387133
0.01321646
0.01586515
0.00741963
0.00163778
-0.03641346
-0.01092630
-0.00696390
-0.02810542
0.03349016
0.01092117
-0.04926773
-0.03408571
-0.01720965
0.04786693
-0.02253206
-0.02934878
-0.03308852
-0.03121283
0.01629082
0.01870286
0.04068593
-0.00444215
0.02873505
-0.03151404
-0.04058411
-0.03173235
0.03245145
-0.02146077
-0.00863317
0.00005871
0.01168638
0.01191582
0.03981730
-0.00578045
0.00367080
-0.00866224
-0.02045508
-0.04091321
-0.03755013
-0.03049674
-0.00976511
-0.04865904
-0.01148841
0.04976664
-0.04817495
-0.02875860
0.04849754
0.01667055
0.03855150
0.03926033
0.00982327
0.04861476
0.04186203
0.02927500
-0.02068971
0.04589656
-0.03922122
0.00288184
-0.02935475
0.03668284
0.02574729
0.02582560
0.04451340
-0.03057425
0.05681042
0.03056313
-0.03946945
0.04240850
0.02221915
0.01683233
-0.04679138
-0.04372075
-0.04072994
0.01080948
-0.02553815
-0.01012065
0.01937025
0.00829132
0.00761723
-0.01464400
0.05051162
-0.03167368
-0.01491892
0.00698310
-0.02653155
0.03055688
0.04643281
-0.01302652
0.05604680
0.04031102
-0.00900477
0.04058234
0.03373710
0.04113808
0.02317119
-0.02924293
0.06654903
0.01192009
-0.01639962
-0.02065894
0.04755931
-0.05043393
0.05139959
-0.02012218
-0.04261925
0.04652021
-0.03892798
0.00307940
0.01022357
0.03751522
0.02118407
0.03649039
0.01178443
-0.01879773
0.04652268
-0.03708505
0.00303619
0.01823527
-0.00301775
-0.03263681
-0.04054322
0.00279080
0.00654858
-0.01919940
0.03294135
-0.03063467
0.04281313
0.00704133
-0.02797678
-0.00439449
-0.03392125
0.03978720
0.03133532
0.04510165
0.00855354
-0.03316558
-0.03157877
0.03722866
-0.03290252
0.04060035
-0.03139785
0.01841877
-0.00334470
0.02896200
-0.02416953
-0.03084669
-0.00420038
-0.03578992
-0.03917874
-0.03368770
-0.04821074
0.00281398
0.01710450
-0.00579708
0.00701799
0.01921499
-0.00984148
0.00938542
0.00333050
0.02907067
0.01611489
0.02809046
0.04048733
-0.05044197
0.01740309
0.04764598
0.03925262
0.03944556
0.03313710
-0.00775102
-0.02527409
0.04182503
0.02462893
-0.04018453
-0.01315437
0.03164283
0.01364816
0.00030978
-0.03065483
0.03479511
0.02823423
0.03383934
0.02140605
0.03384008
0.01286477
-0.00971019
-0.03975310
-0.01555219
0.02797298
-0.00246936
-0.05053090
-0.05792153
-0.01344411
0.00474884
-0.03652786
0.00969646
-0.03073593
-0.01005913
0.01954736
-0.03510399
0.00529806
-0.02093945
-0.01648331
0.02498199
0.00348684
0.02950227
-0.04587093
-0.04078960
0.02505883
-0.03214490
-0.01050299
-0.02411800
0.02942686
0.02359053
-0.03345531
0.00963229
-0.01281173
0.01766193
0.03407738
-0.06234741
0.02695454
0.04194054
-0.00174972
-0.02690479
-0.02049113
-0.04422801
0.02781044
-0.02867489
0.04603181
-0.03496742
-0.05127070
0.00717395
-0.04120958
-0.01587133
-0.03721226
-0.01279564
0.03739234
0.03527495
0.02540342
-0.00135921
-0.01448705
0.04093503
-0.05109136
0.01492022
0.04335172
-0.02225601
0.02704769
0.01422389
0.02797670
0.03331830
-0.03839606
0.02852675
0.01001381
-0.03468068
0.00722209
0.01784475
-0.00122347
-0.01152705
0.02807497
0.04550879
-0.00007542
-0.01404379
-0.02647969
0.00851918
0.00022961
-0.04260985
0.01740085
-0.00052674
0.04441967
0.00577136
-0.04080854
-0.06901035
-0.05777219
0.00793370
0.01648656
0.01980422
-0.03825813
0.02142627
-0.00547978
-0.00135114
-0.04209458
-0.02815991
-0.00579879
0.00386213
0.00497007
0.02985783
0.00731525
-0.03005101
-0.00884259
0.02816722
-0.04755932
0.03148902
-0.00987451
-0.03883038
-0.01533469
0.01493730
0.01845929
-0.04149083
0.03936467
0.00630797
-0.04087717
-0.01703501
-0.03078617
-0.00597170
-0.01763983
-0.04900829
0.01092559
0.00265781
0.04605767
-0.02382290
0.00503570
0.02330869
0.03936017
0.00383498
-0.03674987
-0.01509267
-0.01242060
0.01451370
-0.03427467
-0.02036714
0.06567828
0.03408725
0.02488777
-0.04623089
0.02846047
0.02500273
0.01651154
0.02737453
-0.00821215
-0.03897133
0.00562931
0.00313197
-0.00696668
-0.02691979
0.03956250
-0.02633562
-0.02298231
-0.03987140
-0.02021827
-0.04014647
-0.03014470
0.03887000
0.02384079
-0.01376685
-0.01037899
-0.03627082
0.03237874
-0.03218549
0.02419574
0.00339938
0.03671648
-0.01893217
-0.05813733
0.03688269
-0.04141443
0.03623552
-0.04490543
-0.00711804
0.01645162
0.03119346
0.02236793
0.03655127
-0.00830345
-0.03331855
0.00750594
-0.01594534
0.00528554
-0.05819474
-0.03997107
0.04504603
0.01979724
-0.03814656
0.02397833
-0.01499197
-0.02836964
-0.02845339
-0.00950274
0.00052640
0.04661788
0.01472248
-0.04024723
0.00273074
0.02889385
0.01744536
-0.05113675
-0.00794604
-0.01133443
-0.03074847
-0.00475813
-0.00688771
0.01448977
0.03875210
0.04557373
0.02962773
-0.04762123
-0.00598317
-0.00164154
-0.01253819
-0.04537622
-0.05029413
0.02636962
0.01595067
-0.04235351
-0.04106935
-0.00930572
-0.04099941
0.04021797
0.03068042
0.01163591
0.01845519
0.01245633
0.02149663
-0.02838759
0.03298198
-0.01649611
-0.08105930
-0.00204446
0.04255906
-0.04846867
-0.02293174
-0.05168819
-0.03693530
0.02285111
0.04821645
-0.02940253
0.02377888
-0.03755853
-0.06125819
0.01784072
0.01527380
0.03052168
-0.05928253
-0.04684664
-0.02158625
0.01349996
-0.00796652
-0.00807210
0.01619324
-0.01475773
0.04158277
-0.01636407
-0.01044260
-0.03969730
-0.03235309
-0.00952206
0.02381318
-0.03603037
0.01390096
-0.03309363
0.03659046
-0.04558582
0.01023676
-0.02205743
0.03913922
-0.02445222
-0.03906049
-0.02188860
-0.04919141
0.01939846
-0.03853843
0.00833750
0.00120624
0.03000144
-0.09063452
-0.08322626
0.01373019
-0.02577310
0.04950836
-0.02580409
0.03844752
-0.02931650
-0.02720742
-0.06316620
-0.04196579
0.00114419
-0.08921041
0.02850195
0.00181812
-0.05888494
-0.05436446
-0.10046535
-0.03238387
-0.06609610
0.03721043
0.00592067
0.02342954
-0.00158184
0.01099433
-0.01921519
0.04427977
-0.03204623
-0.03338514
-0.04909619
-0.01485871
-0.05644117
-0.09582902
-0.01944850
0.01776098
-0.04548534
-0.03800375
-0.00409076
0.03595347
-0.06586540
-0.04028289
-0.06097454
-0.00157626
0.00347044
0.00854715
0.02493476
0.01231775
-0.01639306
-0.04623099
0.02139043
-0.00944301
-0.00170649
0.04496641
0.05202704
-0.03800420
0.02116866
0.01924830
-0.04525520
0.01226412
0.04644794
-0.02725749
-0.02974453
0.01538692
-0.01867350
0.04712782
0.05089084
0.04408710
0.01544088
-0.04288854
0.01545443
-0.03478964
0.00181759
-0.04024956
-0.04866408
0.00478479
0.03681655
0.04658746
0.00293435
0.01829941
-0.05491882
-0.02528576
0.05589503
-0.03885592
-0.00356240
-0.03640795
0.05452820
0.01776226
0.00635195
0.01813480
0.00942913
-0.04002669
0.03886630
0.04904955
-0.01889530
0.02105145
-0.02663177
0.05343208
-0.01450301
0.02263368
-0.02165906
-0.03084681
0.02934705
0.03065972
0.02108881
0.01958295
-0.03903180
-0.03178591
0.00276667
0.01979287
-0.03619084
-0.03672331
-0.05006790
0.01893515
0.03811866
-0.03979297
-0.03290353
-0.00314902
0.07165298
0.01570629
0.04847459
-0.03904848
-0.02125301
-0.00197129
-0.03189625
-0.01962966
-0.01220110
0.00244842
0.00142688
0.04357152
0.06732434
-0.01609444
-0.02658279
0.02730403
0.02247599
-0.00617086
-0.02236892
0.03812025
-0.00629067
0.03660596
-0.03726502
0.00927969
0.05149371
-0.03920284
-0.00206800
0.03739228
0.04789424
-0.04726876
0.01316349
-0.00119395
0.04562178
0.04763095
0.00264399
-0.00167719
-0.00351601
0.01762115
0.04553029
0.00202782
-0.02564761
0.03314940
0.02250885
0.08224388
0.00002134
0.04246649
0.02102943
0.01149575
-0.01380721
-0.00444053
0.02363290
-0.03064610
0.01693168
0.03002662
-0.03704349
0.03483382
0.05850855
0.01248621
0.04997591
0.07764394
0.05521333
0.01865563
0.01281392
0.04107919
0.00306135
0.01698874
0.01819721
0.03807248
-0.00257226
0.01326560
0.02368847
-0.00710810
0.06030634
0.02640956
0.06934012
0.05775596
-0.01728109
0.04045532
0.05048369
-0.01907737
0.00890474
-0.02575956
0.04272141
0.00220466
0.06438705
-0.05083952
0.01390535
-0.02467338
0.04929373
-0.00806060
0.04713318
-0.00726514
-0.03998596
-0.00562221
0.00170190
0.04599831
0.01681349
-0.03923005
-0.03897469
0.04374108
-0.01461731
-0.02861151
-0.02381813
-0.00149539
-0.03671157
0.01952749
-0.01140666
0.00020020
-0.01836178
-0.04267981
0.02973356
0.02805438
0.01407969
-0.04351354
0.02683376
-0.04910828
-0.02014064
-0.05001840
-0.04133258
-0.03919630
0.00253723
-0.04267572
0.01405714
-0.06584979
-0.02673082
0.04129430
-0.03755583
-0.01910153
-0.07793172
-0.00516628
-0.02031468
-0.04071056
0.00447548
-0.04388027
0.01320228
-0.01464082
0.02860797
0.04708227
0.03504207
-0.08032094
-0.07066500
-0.02282947
0.00467761
-0.03515292
-0.04755137
-0.02342356
0.00176333
-0.03337305
-0.00326887
0.01753425
-0.03817704
-0.05957233
-0.02852659
-0.03262692
-0.01281252
-0.05286721
-0.08779195
0.04593676
-0.03563318
-0.04952510
0.01461723
-0.00459059
-0.00158427
-0.02110817
0.02640204
0.00570403
-0.04515114
0.00284614
-0.05288590
-0.03992256
-0.02920298
-0.06939699
-0.02307949
-0.00132366
-0.05338668
-0.03582588
-0.03355678
-0.00157152
-0.06568947
0.04212083
0.03200239
0.02337155
0.04588443
-0.04246397
-0.00683616
-0.01824643
-0.05900603
-0.09259662
-0.01692505
0.02836233
-0.00190409
-0.02506807
-0.04054558
0.01955874
-0.00723484
-0.04041952
-0.03336101
-0.04454938
0.03675251
-0.03294465
0.02007340
-0.02190813
0.00494657
-0.04384996
-0.06050628
0.00551982
-0.05035441
-0.02146393
-0.02694012
-0.01485705
-0.04618977
-0.01050566
-0.00229793
0.01301278
-0.01429974
-0.02927747
-0.02446604
-0.04576396
-0.05556118
-0.01886706
-0.04206881
-0.04901898
-0.01930529
0.03248341
-0.05410494
-0.01272242
-0.05412437
0.01929739
-0.04847258
0.02134733
-0.04136916
-0.03488476
0.01226151
-0.00809950
0.02179852
-0.04286484
0.02013383
0.02080361
0.02151557
0.02570324
-0.00940156
-0.03745155
-0.01470187
-0.04271646
-0.00942628
0.02201620
0.01669722
0.03594121
-0.01545569
-0.04909335
-0.05842189
0.01800768
0.02394039
0.04244401
0.04247911
0.03602257
0.01070341
0.00869227
-0.01263051
-0.00242783
0.02661640
-0.00770754
0.01230511
0.02905783
0.04304778
0.04503142
-0.03127697
0.03770579
0.06773528
0.01055308
0.01235485
0.01078394
-0.03687501
-0.03646614
0.01766959
0.03511823
0.03467552
-0.02852063
0.02512944
0.02362643
0.04516327
0.03145878
-0.04044207
-0.00589820
-0.00467623
0.02671576
-0.01925604
-0.02800177
-0.04818236
-0.03764476
0.04559349
-0.02412419
-0.04119261
0.03651783
0.00030905
-0.05602326
0.02379393
0.02658162
-0.02683938
-0.02716368
0.00474682
0.02366433
0.03452601
-0.01909096
-0.05315068
0.03295022
-0.02817049
-0.00898855
-0.00796061
0.03432094
0.04143676
-0.04846741
0.02383241
-0.00170217
-0.05227326
-0.07455686
-0.00860523
-0.01984269
0.03779496
-0.02881254
-0.02842537
-0.04032644
-0.06528932
-0.02230396
0.01502742
-0.01470886
-0.03065558
0.01782534
-0.04860708
0.02186082
0.03368240
-0.00941614
0.03801114
0.03007561
0.02663750
0.03611009
0.00953342
-0.03682216
-0.01189768
-0.04531408
-0.02939072
0.02036773
-0.02936379
0.03829754
-0.03079605
-0.02332794
-0.01978971
-0.02463004
0.03519757
0.01894947
0.01134042
0.03164062
0.04976475
0.01034132
0.04444361
0.04532404
-0.04290937
0.02632698
0.01860442
-0.03624091
0.02174300
0.02111653
-0.02025789
-0.03325755
-0.02229263
-0.00573700
-0.01306265
0.03166153
-0.03094526
-0.04642222
-0.01264545
-0.01477397
-0.05307893
-0.04241956
0.02740111
0.03181501
0.02407231
-0.02224074
0.03943258
-0.01607614
0.00495491
-0.04277978
-0.01142719
0.02407180
-0.05356081
0.02077867
-0.03571851
0.01852963
-0.03689507
0.03265648
-0.01056174
-0.03005128
0.02715247
-0.04326800
0.02441710
-0.03625992
-0.00715468
0.00024506
-0.03564418
0.00946770
0.02292518
-0.03035001
0.00013364
0.01909300
-0.00314123
0.03782459
0.00774145
0.02496120
-0.00276026
0.00122136
0.01488456
0.00949066
0.05475996
-0.03432137
-0.00220720
-0.03904265
-0.02946247
0.00333838
-0.02763598
0.04634413
0.02872102
0.03405899
-0.00587497
-0.01549801
0.02829937
-0.00048145
0.02525469
0.04105977
0.05181957
0.00441813
-0.05362725
-0.03398058
0.04215924
0.01083866
0.03537257
0.01540035
0.00590671
-0.02590264
0.03233331
0.02530029
-0.03163703
0.00951346
0.00606112
0.02106017
-0.02338315
-0.03829546
-0.03379549
0.01907000
0.01883520
0.03260023
0.02683171
-0.03315933
-0.04676535
0.02846903
0.04544735
0.02367864
-0.02137803
-0.04447905
-0.05524069
-0.06725111
-0.00750409
-0.02778052
-0.02677579
0.03746125
-0.00943970
-0.01160955
0.02729489
-0.00320146
-0.03567415
-0.00865496
0.04584760
-0.00591664
-0.03943848
0.02164254
-0.00536953
-0.00130968
-0.05003890
0.01676353
0.01580864
-0.02311828
0.03673861
0.01036924
-0.00095151
0.03397443
0.04192338
-0.04040937
-0.02317302
-0.00981586
0.03980972
-0.04136319
-0.01195239
-0.00487962
-0.00368984
0.00020567
0.00773229
0.02507458
-0.02248999
-0.03026064
0.01019819
-0.02155603
-0.04679078
-0.00422876
-0.04391003
0.01043772
0.04066728
0.01306990
-0.04282244
0.03105718
0.00212011
0.00938498
0.01157594
0.02543772
-0.01215274
0.03062781
-0.05317108
0.01550224
0.03047610
-0.00828768
0.02117495
0.03534856
0.00262908
-0.00016086
-0.01898249
-0.04857393
-0.02342012
-0.02783667
-0.05011337
0.02598556
-0.03099181
-0.01568501
-0.00631056
-0.00817815
0.02204237
-0.04542331
-0.02514064
-0.01666294
-0.02902639
-0.03976558
-0.03802972
-0.02409151
-0.01347994
0.04439528
0.00911853
0.04779219
-0.04809781
-0.01643510
0.01845228
0.03865033
0.04478021
-0.01421095
-0.02094404
-0.00144386
0.00941346
-0.01949988
-0.04070496
-0.01234041
0.04539319
-0.01849795
-0.03910034
-0.00469964
-0.03081025
-0.03735571
-0.00816150
0.00437192
-0.04180728
0.00582765
0.01002692
-0.01563825
0.01120427
0.02756744
0.05213850
0.05055843
0.00370692
0.01361614
0.01375109
-0.02288658
0.00033490
-0.02214463
-0.00867392
-0.01060451
0.03021374
0.04902240
0.02557888
-0.04070729
-0.00197295
0.03406121
0.03504607
-0.06527094
-0.03190088
0.04075150
-0.01559727
0.01682503
-0.00347502
0.00506002
0.02050433
0.02718760
0.00429164
-0.01850769
-0.04741787
-0.04443467
0.03931455
0.04300877
-0.02608378
0.00203299
-0.05397499
-0.00342066
-0.00198279
-0.03045813
-0.01319834
0.03575880
-0.05602377
-0.04010605
0.02738493
0.04647603
-0.03457887
0.02987162
-0.01325240
-0.02898513
-0.04372951
-0.05800330
-0.03910068
-0.01930487
-0.04475009
-0.04699941
-0.01613546
-0.03694699
-0.03989505
0.04020148
0.00848161
0.02979858
-0.00792798
0.03684494
-0.02995593
-0.03490927
0.00311637
-0.03729971
0.03817968
0.04590486
0.02675854
-0.02573800
-0.02774728
-0.02489589
0.05698553
-0.03283687
0.04598553
0.04297520
-0.00294874
0.04091988
0.01162322
-0.01637693
0.02313985
0.05400233
-0.01280600
0.03473271
0.03303545
-0.03874952
-0.03740723
0.03414319
0.00767894
0.02242696
0.03561500
-0.02142165
0.00344960
-0.01374759
-0.01073232
-0.05144176
-0.00861485
-0.05730306
-0.05221967
0.04459941
0.02714209
-0.00617633
-0.01887952
0.00372129
-0.01295414
-0.00583419
0.01525471
-0.02320842
-0.04467066
-0.00544572
-0.03077144
0.00033211
-0.03749489
0.01378644
-0.02828038
-0.02429705
0.03506787
0.02682081
0.01762300
-0.04813359
0.03064393
0.02571951
-0.05409906
-0.01517849
-0.04268574
-0.07061174
0.03046781
-0.00079084
-0.00823353
-0.10098381
0.00056133
-0.04106894
-0.02233293
0.04932826
-0.08478987
-0.04680428
-0.01418450
-0.02890664
-0.01911937
0.02849356
0.00255527
-0.07371005
0.03338562
0.03663587
-0.01984399
-0.09776907
-0.03352214
0.01551257
-0.03636764
0.01202428
-0.08622499
-0.00236686
-0.03500051
-0.01979751
-0.04805277
-0.00100031
0.01714389
-0.04411677
0.00136538
0.01359777
-0.03827975
-0.10885314
-0.07109611
0.01740539
0.01949556
-0.00884321
-0.02201790
-0.01986399
-0.05326401
-0.02620413
0.00440919
-0.03216339
-0.04185503
0.02907987
0.02833783
0.04192045
-0.01734958
0.04425841
0.02545748
-0.00484334
0.02774313
-0.02069001
0.02908785
0.01615781
-0.01588441
-0.02503086
0.02764487
0.03371097
-0.04524668
0.00795087
0.01958329
-0.01248367
-0.01211110
-0.00825951
-0.00047453
0.01556680
-0.05924652
0.00398710
-0.00358053
0.00888241
0.01631566
-0.00178932
0.03298552
-0.02202408
-0.02041959
-0.05367494
0.03368358
0.04893449
-0.06081240
-0.05707726
-0.07624294
-0.03377534
-0.00538170
-0.03503461
0.00385189
0.00365857
-0.01130662
-0.02704014
0.01598769
-0.02320559
-0.03946323
-0.04404332
0.02910734
-0.03737313
-0.00324013
-0.06186884
-0.04822059
-0.00319858
-0.00649923
0.00598060
-0.04476450
0.00616090
-0.03230888
0.00541994
-0.04195428
0.00725491
-0.03857373
-0.00346077
-0.04394402
-0.03572599
0.00333724
-0.05947765
-0.09104860
-0.00098717
0.00682706
-0.00435581
-0.01004876
-0.02573124
0.02473275
-0.04766984
-0.00860242
-0.05073836
-0.00214278
-0.02563754
0.00869832
-0.02393033
-0.03075132
0.01828366
-0.02149497
0.00762429
0.00128204
-0.02589090
0.04116580
0.03957198
0.02776564
-0.04819144
0.04702250
0.02713966
0.00960631
0.07083165
-0.03730946
0.02729868
-0.00409299
-0.00238192
0.05796136
-0.00198027
-0.03627847
0.03946874
-0.03291015
-0.01145461
-0.00800163
-0.04393865
-0.03337290
-0.00325246
0.03317403
-0.03098995
-0.02841439
0.01004875
0.00914788
0.03834509
0.03842160
0.04254793
-0.04784136
0.03017623
-0.05017756
0.01839723
-0.06707393
-0.04221344
0.01926596
0.04584632
0.02025831
-0.03829116
-0.04255875
0.03973706
-0.06057986
-0.02691143
-0.03902205
0.02811894
-0.01728890
-0.03959815
-0.04754162
0.00559872
-0.04683973
0.01964088
0.02738419
0.00159933
-0.04031438
0.04419615
-0.00176607
0.01909035
0.02390674
0.01401551
0.01324237
0.04136504
0.00694980
-0.00357064
-0.02105553
-0.04512067
0.01199917
-0.00638761
-0.03835646
0.04684653
0.04474399
-0.02402951
-0.03155185
-0.05140255
0.00700287
-0.05256732
-0.01621654
0.02010634
-0.01505454
0.00737875
0.03226103
0.01838312
-0.00316413
-0.00702152
0.04101420
0.03125110
-0.02263614
0.01814975
0.00910836
-0.01537878
-0.01933774
0.06835619
0.00057437
-0.01542748
0.05937409
0.04284973
-0.00461249
-0.00298270
0.05093326
-0.04286835
0.03634504
-0.01524800
-0.03737867
0.07793295
0.02520183
0.03493477
0.01137088
0.07743388
0.04681608
0.02802196
0.06418391
-0.00039037
0.08314884
-0.01777979
0.03719009
-0.01032091
0.00806938
0.03467831
0.02956050
0.04578419
-0.00476708
-0.01896023
0.00554756
0.11531689
0.05779666
0.02893464
0.04938225
-0.01841258
0.02919515
0.01507249
0.02167908
-0.00620112
-0.00249028
0.04396959
-0.01082891
0.01937539
0.03734004
0.03645388
-0.02103132
0.07213946
0.03779168
-0.00485633
0.05091235
-0.02599517
-0.05652153
0.01739173
0.02519882
0.03105481
0.03931383
0.02981319
-0.04555260
0.01236789
0.00279020
0.04159852
-0.04534956
-0.03432306
-0.00481170
-0.01461060
-0.00516090
0.03391653
-0.02073816
0.03919455
0.06261563
0.01849927
0.05468869
-0.03651661
-0.03543347
-0.03070782
0.02851364
-0.00145847
0.00264369
0.03418291
-0.02684452
0.01178858
0.06034284
0.02203983
0.04685695
0.05073240
0.04686195
-0.04886236
0.04204305
-0.01684470
-0.03288392
0.03784736
0.00028581
0.03779047
0.04340084
0.07233346
0.02235845
0.04354677
0.00156418
0.02531679
0.00960834
0.00273778
-0.00627966
0.00257974
-0.01306144
-0.00672718
-0.03644307
0.07687573
-0.02849752
0.04496622
0.06720085
0.03861490
0.08069669
0.02084132
-0.00720915
-0.05042139
0.04198305
0.03354251
0.00371515
-0.02471417
0.02356082
0.03586223
-0.00018719
0.01727779
-0.02307658
0.03088781
-0.01363567
-0.01920046
0.03953016
-0.03551081
-0.04642589
0.04244502
0.02234790
-0.00149238
-0.02341762
0.01733417
0.05090733
-0.04651515
-0.02406025
-0.04574772
-0.04405291
0.02440690
0.01492994
-0.00153691
-0.01658493
0.01339786
0.00227749
-0.03313177
-0.00750879
-0.03662081
0.01594629
0.00019954
-0.04807757
0.01125920
-0.02648644
-0.06619697
-0.01977617
-0.00055815
-0.02893098
-0.02432934
0.01638382
-0.04904902
-0.04632428
-0.03696854
-0.03393357
0.01637036
0.02712767
-0.00435193
0.03049885
0.03426261
-0.02445561
0.00022680
-0.04725644
-0.00502650
-0.02656429
-0.04987115
0.04844215
-0.03511588
0.02038753
0.04710050
-0.01554686
-0.03297586
-0.04576101
0.03894099
-0.02491515
0.02842434
0.04768229
-0.00369294
0.00799789
-0.03263642
-0.04379890
0.03023725
-0.01727707
0.02917286
0.04165199
0.00896587
0.01778404
-0.05180509
-0.00017292
0.04347371
-0.01644487
-0.00428243
0.03851209
0.05567074
0.01417465
0.02960218
0.02117413
0.03647236
-0.01958577
-0.04702182
-0.01116940
-0.02981456
-0.05875577
-0.02836246
-0.01441147
0.01544337
0.02821109
-0.02467903
0.01689768
-0.04340328
-0.02192464
0.04122656
0.00269269
-0.09648788
-0.02006049
-0.03527644
-0.00555026
-0.04754217
-0.02543433
0.02315273
-0.05221103
0.02797984
-0.03504352
0.02951255
-0.04605401
-0.06708674
0.00389317
-0.04767404
0.02388146
-0.04012659
-0.00642886
-0.00817194
-0.04194859
-0.04016341
0.03195702
-0.02593109
-0.04638899
-0.03267702
0.03944762
0.04442418
-0.04760332
0.04529776
-0.05047437
0.02715229
-0.02347861
0.01784515
-0.00897598
-0.04086050
0.03282142
-0.03550982
0.06272341
-0.01838637
0.01522004
-0.00580111
0.03008969
-0.04013685
0.02488810
0.04608782
0.01961789
0.00899834
0.04631082
0.06543709
0.06711252
0.01605201
-0.00429523
0.00831143
0.02654319
0.03882585
-0.00499891
-0.01623029
-0.01631388
-0.02151059
-0.00439307
-0.03244909
-0.04028265
0.00049096
-0.00327926
-0.00426134
-0.01893375
0.02172733
-0.02228312
0.03494825
-0.07612479
-0.03405770
-0.00207479
-0.01177771
-0.00796220
-0.01088645
0.04904871
-0.06544588
-0.05255397
0.00574061
-0.03824349
-0.10741987
-0.09668845
-0.03162576
-0.05547196
-0.01649182
-0.08939230
-0.00675208
-0.05322914
-0.05034951
-0.04269201
-0.03534558
-0.02356200
0.01552040
-0.01898034
0.03306887
-0.02618934
-0.09339622
-0.01962849
-0.02425291
0.05240852
0.00118339
0.03293264
-0.00788378
-0.03512063
-0.04753282
-0.00463824
0.03759127
0.03822444
-0.00152909
-0.00928396
0.02825595
0.02408455
0.03522914
0.08282319
0.03277364
-0.00166581
-0.01835592
0.03940307
-0.02482998
0.03975872
-0.01104220
-0.01369315
-0.01030120
0.01160182
0.00489311
0.02936382
-0.02151229
-0.03303140
0.07728615
0.08069595
-0.04223582
-0.05530620
-0.01190978
-0.01272199
-0.04249504
0.02630445
-0.01995220
-0.03828941
0.00405198
0.03756748
-0.06183514
-0.01999267
0.05344728
0.02769685
0.00736709
-0.06584308
-0.00963490
-0.04372834
0.02916025
-0.04957392
-0.03250641
-0.00871082
-0.01514557
-0.01266780
-0.04414048
0.01069400
-0.05215892
-0.05597753
0.02540787
-0.04553949
-0.03343040
-0.07153344
0.01999727
-0.01034482
-0.01533433
-0.04905663
-0.04046613
-0.02722806
0.04648891
-0.01916847
-0.00682463
0.01463201
0.03489656
-0.00411705
0.02820816
-0.06023002
0.02385764
0.05251307
0.02736110
0.05892915
0.01505424
0.06381686
-0.05035865
-0.02219750
0.02478881
-0.02757929
0.04570054
0.02215115
0.03270702
-0.03917855
0.03474309
0.01146822
0.04717639
0.09279460
0.02278997
0.00912155
0.01879627
-0.01660667
-0.03993250
0.07012186
-0.01740394
-0.01493936
-0.01518888
-0.02823320
0.02508502
-0.03651134
-0.01029553
-0.02764228
-0.00278688
0.01506627
0.01062671
-0.05352772
-0.03101019
-0.06539057
-0.03866111
-0.02357635
0.01134407
-0.04884940
-0.02406534
-0.01110377
-0.08789928
-0.00650258
0.01960197
0.00572954
-0.07060806
-0.08369640
-0.05095430
0.00945462
-0.00094324
-0.00000595
0.02640533
-0.05625960
-0.00949166
0.02150452
0.02330404
0.03406152
0.03261515
0.00482135
-0.04773424
0.01279326
0.01368997
0.01267311
-0.02212579
0.01035847
-0.01807858
0.04126447
0.00381573
0.03127771
0.02731898
-0.01708050
0.01655846
0.01678305
0.03400838
-0.02848112
0.02610063
-0.01279863
0.05179194
0.02446981
-0.03170050
0.01617070
-0.00999595
0.01528187
0.00766178
-0.00693774
-0.02536492
0.03135891
0.02213272
-0.01496369
0.03886115
0.02010764
-0.01669119
0.04776181
0.10037106
0.00954692
-0.02563697
0.01755348
0.00395540
-0.00380972
-0.02803983
-0.03896594
0.00114114
-0.02713658
-0.02203595
0.01243369
-0.06953090
-0.02697091
-0.01183759
-0.05717295
-0.01789284
-0.06310786
-0.03440043
-0.03105557
0.04094093
-0.00337217
0.02593496
-0.03065282
0.03143631
-0.02781919
-0.00226969
0.01101625
0.00940045
-0.01695877
-0.01850051
0.03754822
-0.01823002
-0.07075066
-0.01555012
-0.01841605
0.04753316
0.02091240
0.03093391
0.02302069
-0.02943802
0.04312295
-0.02683107
0.03408635
0.02056289
0.03872728
-0.01738828
0.01390819
-0.00735349
-0.01052892
-0.05280618
0.00015231
-0.00357175
-0.04517777
0.03558713
-0.04676115
-0.02641527
0.02887773
-0.00170150
0.00349870
-0.04117265
-0.04774745
-0.04153823
-0.05523660
-0.05966328
0.01970657
-0.02030048
0.01449522
-0.03037309
0.01228766
-0.03063298
-0.05162373
-0.03838423
-0.02154567
-0.01817624
0.00582523
0.03688039
-0.03456705
-0.00801112
-0.01225362
0.01031564
-0.00910245
-0.00616925
0.03130712
-0.04062905
-0.02697243
0.02992516
0.00246561
-0.01897351
0.04881236
0.00556654
0.04960993
0.05583395
0.01144325
0.03229231
0.05397775
-0.04261468
0.03837514
-0.01867637
0.04352160
0.01542749
0.05239592
0.04648672
0.03860539
0.03473381
0.01424265
0.02748607
-0.01527309
0.01951706
-0.02030287
0.01859530
-0.01417243
0.03876512
0.00863593
-0.00570258
-0.04736327
-0.02047089
0.00733905
-0.04015045
0.04278066
-0.02389094
-0.02111197
-0.01631739
0.00526813
0.03680104
-0.03951685
-0.01275798
-0.02326622
0.04262548
-0.00147844
-0.03171417
0.01898826
-0.00311198
-0.00983216
0.03335182
-0.02549263
0.02623605
0.02939650
-0.02322064
0.04440005
-0.02875760
0.01816235
0.02263731
-0.01724271
-0.02376500
0.03280187
-0.04453854
-0.02527885
0.02179170
-0.00230379
0.02648643
-0.03307445
0.01527964
-0.01757309
-0.00457483
0.03542472
0.03053526
-0.00413777
0.04369681
0.00516679
-0.04182452
-0.01513831
0.00882612
0.04199438
0.00573713
0.01303308
-0.02326291
0.03348106
-0.03104745
0.02546712
-0.02253054
-0.01555723
-0.00223710
-0.03115480
-0.03292370
-0.01092104
-0.05889301
-0.05233482
-0.01065906
0.00772604
-0.00585506
-0.03857198
-0.00274060
-0.02653775
0.02511807
-0.04563398
-0.01006413
0.03800113
0.01490404
0.04489589
-0.03190371
0.03323406
-0.05030594
-0.01143848
0.04055214
0.03331118
0.02080348
0.04312348
-0.00671485
-0.04300937
-0.03802994
-0.01443456
0.04785710
0.04247813
-0.02484193
-0.04468463
-0.03937326
-0.01586669
-0.02365407
-0.00063925
-0.05114762
-0.00577681
0.04214381
0.02880806
-0.03987909
-0.05564877
-0.02344109
-0.00641114
-0.01675852
0.02252548
0.01643112
0.02036185
-0.03645894
-0.03000409
-0.05589524
-0.05086147
-0.03106212
-0.01236212
-0.04099175
-0.05548485
-0.02970062
-0.02323892
-0.02684527
-0.02184548
0.01864866
0.01307275
-0.06285465
-0.03805736
-0.03656061
0.00047426
-0.04048965
-0.01701329
0.00230327
0.03736095
-0.00957800
-0.04296047
-0.01294011
-0.01840018
0.00835168
0.00127146
-0.01065555
-0.00087215
-0.00626944
-0.03847937
0.02055711
0.02585681
-0.04404292
-0.00821108
-0.03367095
-0.00555071
0.03229280
0.01417551
0.01327492
0.02028856
0.03344617
0.00625463
0.02825119
0.04913861
-0.05147153
0.04022402
0.04702657
-0.02445097
-0.05576643
-0.01818043
0.01331565
0.02108280
-0.01193008
-0.00170724
0.02324091
-0.01012785
-0.01411071
0.04164378
0.00927805
-0.02147168
0.04350562
0.03015872
0.02943951
-0.00792745
0.04123216
0.05801851
-0.02480426
0.02665148
0.04101056
-0.03037726
0.00898616
0.00475845
0.04400643
-0.04212177
-0.00828000
-0.01783663
0.02137622
-0.03396120
-0.03609950
-0.02703070
0.05277800
0.01460515
-0.04424726
0.01970916
0.00401297
0.02485554
-0.03716196
0.03163160
0.00657070
-0.01531467
-0.00951133
0.03621226
0.01246135
-0.02141537
-0.02651279
-0.00237394
0.01088502
-0.02065901
0.01091905
-0.03119130
0.04582948
-0.03792563
-0.01579392
-0.04283056
-0.02881477
-0.02403293
0.03562165
-0.01658309
0.00668851
-0.01430999
-0.02392536
-0.00749358
0.03404540
0.00182132
0.03107596
0.03024629
0.04480524
0.02852422
0.02628459
0.02373281
-0.03181818
-0.03036682
-0.03884175
-0.03131779
-0.03524197
0.02491282
-0.03695906
0.04420176
0.01518225
-0.04065188
-0.00973873
0.02869564
0.03362060
0.04385777
-0.04170791
-0.02513004
0.04920427
0.04645134
-0.02585937
-0.00480231
-0.00986361
0.00259812
-0.04233292
0.01468056
-0.00859065
0.04010651
-0.02881616
-0.03409697
-0.01637660
0.04118504
-0.02186068
0.00784423
0.00641471
-0.01765172
-0.00064953
0.03687019
0.01268904
-0.01386349
-0.03905274
-0.03028584
0.05090765
0.06276201
-0.00549651
-0.00040275
-0.04852838
0.03451787
0.01271930
-0.03358324
-0.00523858
-0.03703766
-0.04709945
-0.00742436
-0.01184463
-0.00460038
0.01714405
-0.01244210
0.01019551
-0.01143227
-0.00178451
0.04114410
0.01878155
0.04840018
0.03129574
-0.00539612
0.03435292
-0.00112411
0.00135916
-0.00417636
0.04096578
-0.03736140
0.00939560
0.04227177
-0.03852990
0.02042239
-0.01594299
0.04836963
0.04360459
0.05195552
-0.01134212
-0.03972154
-0.03675201
-0.02993765
-0.02471124
-0.00905452
0.05539378
-0.03907819
-0.02782521
-0.00422573
0.02448503
-0.01649592
0.04939366
-0.04337450
0.01859019
-0.05486573
0.02735970
-0.05218264
-0.03535812
-0.03742869
0.00147115
0.00952586
-0.06468733
-0.03902398
0.04071540
-0.02049196
-0.10422575
-0.07750095
-0.05620520
0.01112244
0.02329757
-0.06930270
-0.00340884
-0.07025032
-0.02144272
0.00545799
0.04508476
-0.03753013
-0.07723349
0.02587987
-0.04401819
0.01389741
-0.10994702
-0.10587306
0.00944176
-0.04049754
0.02245899
-0.03104066
-0.01579013
-0.01314738
-0.03718000
0.02583449
-0.02270656
0.00254911
-0.00738692
0.00888801
-0.04573921
-0.04875717
0.01436984
0.04842578
0.04082315
0.01872076
-0.03648470
0.03832922
0.03149230
0.00766374
-0.01774757
0.03868889
0.01988722
0.03152895
0.02354000
0.05314856
0.04698341
0.06499852
0.07896156
0.09097447
0.02578555
0.01410807
-0.04525144
0.00980772
0.00572714
0.05148064
0.03295201
0.03194578
0.00220148
0.00052392
-0.03656398
0.05724006
-0.03629429
0.02337617
0.00934927
0.00813544
0.04672393
-0.03482462
0.04413887
-0.04732376
0.04417934
-0.06850860
0.02718667
-0.02061480
0.04541027
-0.02575293
-0.07333139
0.01238904
-0.04617217
-0.03062246
-0.10837413
-0.05521681
0.03130092
-0.02576120
0.00544931
-0.07396107
0.04185383
-0.03381525
0.04775806
0.01757378
0.02469061
0.03460059
-0.04040286
-0.03827041
-0.00164683
-0.05725130
-0.04946103
-0.01372398
0.04753830
-0.01190304
-0.02277969
-0.04477508
-0.03143572
0.01998453
-0.02722666
-0.02132339
-0.03471509
0.02771407
0.04082010
-0.00329218
0.04250065
0.02606855
0.00904034
0.03376740
-0.02906354
0.01165359
-0.02715047
-0.01999127
-0.00682936
-0.00266700
-0.04297340
-0.02269629
0.02428626
0.01707005
0.00911518
0.04405030
-0.03344098
0.03384612
0.03383914
-0.02827667
0.01300642
0.03257664
-0.00297913
-0.03070503
0.02907700
0.00245465
0.04001763
-0.00071235
-0.00454353
-0.03913884
-0.05732692
-0.03708436
-0.04245505
-0.00664897
-0.08485948
-0.02987515
-0.04333491
-0.03059362
-0.01005517
-0.01340851
0.03716014
-0.04257511
-0.04024623
-0.00114030
0.01886369
-0.04565873
-0.01381161
0.02628214
0.00015270
-0.04998445
-0.02482283
-0.00332007
0.00229593
0.03166489
-0.02612998
-0.03583215
-0.02511386
-0.00352680
0.00587513
0.00322767
0.01915061
0.03257233
-0.02005730
0.03016401
-0.04476608
0.02949048
-0.02032636
0.05812112
0.01509908
-0.05099264
0.01148278
-0.01148221
-0.00689176
-0.01541019
-0.03210580
-0.01979093
-0.00046066
-0.03913249
-0.02450853
-0.02831087
-0.00205383
-0.01364437
-0.04631881
-0.02071218
-0.02898002
-0.06119955
0.02906599
-0.00067388
0.04023783
0.02749379
0.04824587
0.03915537
-0.00205265
0.03213898
-0.01100029
0.01395120
0.04781074
-0.02032508
-0.09474263
-0.05813263
-0.03696810
-0.05203405
-0.00606162
-0.09025279
-0.02068785
-0.08349098
-0.02305259
0.01503187
-0.00426346
-0.00936506
-0.08911432
-0.05399471
0.00490025
-0.04073646
-0.15140948
-0.06162468
0.02793779
0.04756793
-0.01867990
0.02110128
-0.01664868
-0.02388543
-0.00401230
0.05699027
0.00719781
0.00182179
-0.01474164
-0.01869195
0.05064413
-0.00798516
0.05555116
0.04300616
0.03975129
0.05247729
0.04077798
0.00504762
-0.03102138
0.04670978
0.04433469
-0.01286621
-0.03999066
-0.02141256
-0.00934220
0.05358596
0.00806115
-0.01544474
0.07674492
0.05211772
-0.03567219
0.04243898
-0.00776146
0.05816951
-0.00541372
-0.03500328
0.03963132
0.03206223
-0.01427176
-0.03671632
0.03426899
-0.02796703
-0.02292543
0.04901825
-0.02925673
0.03688825
-0.00426093
-0.06581275
-0.01129497
0.02560097
-0.04181613
0.02214988
0.01221884
-0.04632330
-0.00535777
-0.04979607
0.00291629
-0.03794007
-0.00849994
-0.05683374
-0.00643907
-0.03127048
0.02009169
-0.05092389
-0.03417623
0.02358044
-0.04966184
-0.04178281
-0.01238222
-0.06583999
-0.01002713
0.04017632
0.02093944
0.02228363
-0.02922839
-0.00280131
-0.01373172
0.01470895
-0.05003283
0.04381765
-0.03983470
0.01535321
-0.04779115
-0.00270612
0.01062608
0.06055071
-0.04560352
0.04514309
0.05432062
0.04958689
0.02262306
0.03840071
0.05523589
-0.01138204
-0.04382660
0.05759764
0.04917822
0.03038798
-0.00572210
-0.01900534
0.00691449
0.03154762
-0.03837459
0.00175743
-0.00882631
0.02805678
-0.00875964
0.04336446
-0.02237354
-0.03613053
0.03369493
-0.00391742
0.04660661
0.04641223
0.04893174
0.03077282
-0.01755309
0.01503286
-0.02797785
-0.02654441
0.03960275
0.05657311
-0.01217506
0.03504169
0.01300871
-0.00683219
0.02355389
0.03667225
0.00660377
-0.01231303
-0.00334491
0.02226830
0.04655818
-0.03044223
-0.04328947
-0.01503988
0.03620477
0.04360840
-0.01972120
-0.01700435
0.03914780
0.04591326
-0.00246745
0.00728207
-0.03407321
-0.02077851
-0.03292655
-0.02902417
0.04860030
0.03933090
0.04565009
-0.00844211
0.03109080
0.03450582
-0.03916010
-0.00416395
0.04413315
-0.00443097
0.00874645
-0.01527106
0.02614956
-0.02955380
0.01715846
-0.00981099
-0.04968511
0.00981121
-0.04878749
0.02966262
-0.03235834
0.01932675
-0.00805457
-0.03307856
-0.04998657
-0.03097922
0.03229567
-0.04792050
0.02858940
-0.01501493
-0.01162282
-0.04304096
-0.01270113
-0.01543270
-0.00970089
-0.02748092
-0.02940072
-0.00324681
-0.03926217
-0.03899141
0.03955403
-0.04064314
0.00213163
0.02916231
-0.02626505
-0.00872485
-0.00530542
0.02049965
0.02343182
-0.04163405
0.01998536
0.02229641
-0.02137951
-0.01984760
0.01742904
0.04214852
0.04640501
0.01145149
-0.03745430
0.02340298
0.02951389
0.02278073
-0.04334784
0.00858115
-0.03062732
0.03598528
-0.02818130
0.00417792
-0.00244745
-0.00029628
-0.03229089
0.04097881
-0.01361554
0.02922231
0.02656519
-0.00749705
0.03007771
0.00875578
0.01766990
-0.03345105
-0.00764781
0.03945666
0.03716808
-0.00939492
0.02083353
0.01852152
-0.01263889
-0.00707828
0.01635791
-0.01986397
-0.02010710
0.02355068
0.03330889
0.00975721
-0.03267853
-0.00117673
0.01262231
-0.03798694
-0.03753269
-0.03894481
0.02201099
-0.02433635
-0.04125432
0.03359344
-0.06488560
-0.04014824
-0.03351470
-0.02697441
0.01521692
0.00737352
0.04342509
0.01192485
0.02225580
0.01871727
-0.01870297
0.03130929
0.02205183
0.03705274
0.01853545
0.04141624
-0.05868718
-0.06653573
-0.02197171
0.02532471
0.02761171
-0.00767985
0.03949767
-0.03588271
0.04194216
-0.00089379
0.02928999
0.05041699
-0.02048114
0.01495679
-0.00300932
-0.01911530
-0.06387541
-0.01923930
-0.02140002
-0.02020639
-0.03208127
-0.05341569
0.01962167
-0.05080285
0.02370098
0.04219386
-0.03376577
-0.02585425
0.00449728
-0.04048235
-0.04951260
-0.01908520
-0.07243896
-0.06059583
0.00706735
-0.00325813
-0.04382650
0.02054621
-0.04375565
0.03379362
-0.01106334
0.00605758
-0.04880868
0.03046288
0.02260895
0.03574615
0.03662336
-0.04296352
-0.08660088
-0.07069816
0.03695948
-0.01352631
0.04688787
-0.00889367
-0.03472747
-0.02055345
0.02714496
0.01792368
-0.04399863
-0.04488537
0.00043290
-0.03813655
-0.02551619
0.03317226
-0.03591813
0.03695937
-0.01501205
0.03312037
0.05004911
-0.02018388
0.00133990
-0.03007063
0.03141330
0.00814612
-0.02599657
0.04902856
-0.01213999
0.03188667
-0.00395027
-0.01162247
-0.00510395
-0.01408322
-0.04828036
0.02617900
0.04313388
-0.07698911
-0.00656455
0.01181314
0.00943668
0.00449866
0.01623488
-0.01546578
-0.07076348
-0.03138197
-0.03608683
-0.05097644
-0.03822928
-0.07315934
-0.00867829
-0.04609077
-0.01058258
-0.00424909
0.04432296
0.00765719
-0.01338957
-0.03825605
-0.01928243
-0.01275000
0.01748625
-0.01394766
-0.02882701
-0.04447329
-0.08033498
-0.08053576
0.02786448
0.01097307
-0.00508288
0.00395406
0.04887453
-0.06087199
0.03573659
-0.02059128
-0.00616696
0.01175327
-0.06541248
0.03327529
0.00117286
0.01513577
-0.01916062
-0.06940222
0.01695719
0.02070975
-0.03721245
0.05759950
0.03495324
0.03182469
-0.02560195
-0.01910743
0.02002440
-0.03246339
0.04593141
0.04444317
0.04014739
0.05031842
-0.00764261
0.04894316
0.02207965
-0.01050305
-0.04653110
-0.01968076
0.00169699
0.04754546
-0.01288300
-0.02265729
-0.02538410
0.04193039
0.05617904
-0.03542612
0.01175367
0.04253022
0.07016867
-0.00536185
0.00472337
0.03342789
-0.04445354
0.04266568
0.03770277
-0.01433239
0.03879370
-0.01190544
0.01429391
-0.05126164
0.01371544
-0.00721653
-0.01955828
0.01516758
0.05826271
-0.00971153
0.01441992
-0.04895746
0.04030461
0.04245720
0.01334319
-0.00629003
0.00332325
0.00183059
0.00099965
-0.01637001
0.03139353
-0.00873983
0.01664627
0.03165252
-0.02323548
-0.01317037
-0.00980029
-0.01494794
-0.00115155
-0.03848558
-0.01403676
-0.00198686
-0.02909632
-0.02221389
0.02715879
-0.00488162
0.03795685
-0.05559352
-0.00922311
-0.01926904
-0.01217259
0.00796746
0.02240671
0.03041684
0.01998357
-0.03232042
0.02922467
-0.00270477
0.01338435
-0.02456493
0.01880602
-0.02478720
0.02711637
-0.02005352
-0.01995276
-0.03186940
-0.04491056
-0.00470654
0.04698782
-0.02280605
0.00851563
0.02154008
-0.02906876
0.04229218
0.02839094
-0.03466962
0.04129985
0.02749218
-0.01808532
0.03997690
-0.00938123
0.01973422
0.01646408
-0.03164124
-0.02904828
0.02926727
0.03806865
0.05780685
-0.04247833
-0.02344473
0.02973184
0.02589919
0.04645859
-0.04013915
0.05477729
0.04844392
-0.00403712
0.04120034
0.03490533
0.04210542
0.03484453
0.05432487
-0.02423555
-0.00777949
0.04063291
0.01311580
-0.01877096
0.04748809
0.03725429
0.02595334
0.03282383
0.01178993
0.00914406
-0.02735292
0.02060351
0.03250055
0.03972485
0.02189105
0.03714048
-0.02961890
-0.03515893
-0.02105630
-0.03104923
-0.00527583
-0.00953076
-0.01613716
0.04143580
0.04902285
-0.00574321
-0.03137644
0.06676330
0.05200749
-0.01324278
0.03842119
0.04968874
-0.01406727
-0.03762512
0.00478367
0.01082601
-0.01291962
-0.01073659
0.00540593
-0.01466884
-0.00231820
0.00696561
0.02868169
-0.02972784
0.02422805
-0.00495984
-0.03600588
0.00099821
-0.01374158
0.02126814
-0.02727476
0.01819799
0.01907491
0.04203003
0.04273687
0.02223676
0.00930151
-0.03413529
0.05411630
0.00969767
-0.02073207
-0.02516988
0.03631641
0.01751814
-0.02386361
-0.04121384
0.00500347
-0.00993735
-0.03289785
-0.01657792
0.04254208
-0.00212486
0.01304766
-0.01336634
-0.03676242
0.01265329
0.05974993
0.04535566
-0.00000483
-0.00116913
0.05320496
0.00431071
0.02588485
0.00992034
0.03289391
0.02093537
-0.02450518
0.06229638
-0.03354838
-0.00400783
0.04516127
0.05725160
-0.02800703
-0.04266240
0.02319011
0.01743529
-0.02248791
0.03518492
0.04130189
-0.04399503
-0.00220604
0.03016543
-0.04091642
-0.04037885
0.03280323
0.05154534
0.05505894
0.03828934
0.03447712
0.04170192
-0.04631506
0.00681017
-0.02940330
-0.02071762
0.03108582
-0.00948692
0.02893633
0.02836952
0.03247486
0.02830384
-0.02481331
-0.04123339
-0.03796191
0.00521412
0.02548806
-0.03863908
0.02697769
-0.01202601
-0.05701566
-0.04688570
0.01236252
0.02969056
-0.01027530
0.04111730
-0.01374178
0.02202860
0.01670833
-0.00859482
0.00632838
-0.04610209
-0.06355749
-0.03211867
-0.02976938
-0.03006509
0.02641389
0.04736994
-0.03988658
-0.01770048
-0.04566099
0.00946237
0.00933017
0.03047551
-0.01282512
0.03674371
-0.04298921
-0.06007591
0.02087487
-0.02140145
0.00751224
-0.04007158
-0.02592595
0.03865376
0.04319220
0.02352892
-0.02693750
-0.01440214
-0.00312714
-0.01470741
0.05077710
-0.02894132
0.02880633
-0.04251704
0.00352103
0.01896761
0.00954823
0.01060186
0.01119473
-0.03835879
0.01493747
0.03433760
-0.03929025
0.01102106
0.02102226
-0.03383874
-0.03152706
-0.04409066
0.01274996
-0.03966520
-0.03351730
0.01901173
-0.04331351
0.03715129
-0.02998197
0.05087316
0.00798313
0.03963193
-0.01506548
0.03187288
-0.02713919
-0.06021186
-0.01772902
-0.02476357
-0.03144235
-0.03366962
-0.02292227
-0.04841186
-0.02324639
-0.00890476
-0.02671691
-0.04104930
-0.01176949
0.00798574
0.01792203
-0.03561546
0.03739863
-0.07548452
-0.04239716
0.01094240
0.01962483
-0.06087415
-0.08425252
-0.05008798
0.03000273
0.04840268
-0.06327096
0.05034997
-0.02874427
0.03266347
-0.05957023
0.02563982
-0.00868956
-0.04634203
0.00832123
-0.02171208
-0.03339496
-0.02205884
-0.08730385
-0.00598175
-0.05283384
-0.04062146
-0.05446895
0.00169023
-0.03703635
-0.00471085
0.03403680
0.03227812
-0.00416923
-0.04129365
-0.02991104
0.02737731
0.02398809
-0.05762127
-0.04450004
-0.04750286
-0.03455156
-0.02424999
0.00436227
0.01063439
0.02484177
0.02859689
-0.02637539
-0.03871594
0.02626047
0.02875425
0.00154729
0.02904301
-0.03408679
-0.02943172
0.00805025
-0.00816748
-0.04240745
0.00854382
0.06605640
-0.04414879
-0.04772899
-0.00963124
-0.02221775
0.01721234
-0.00007766
0.01067798
0.01882008
-0.04502653
0.00728171
0.06308749
0.05960321
0.03811506
0.00192367
0.01168717
0.01591602
0.00365109
-0.03538574
0.01277787
-0.01531019
-0.01998535
-0.02959414
0.04546877
0.01137006
0.02645919
0.02339795
-0.00479198
-0.02256963
-0.01685367
-0.00146509
0.00817568
0.01395138
-0.02655954
-0.00292214
-0.03698869
0.02803912
0.02592237
-0.03043255
-0.03512662
0.00781450
0.04197280
-0.06401680
-0.00992909
-0.00902874
0.01305178
-0.05675599
0.04983862
0.04059754
0.02864560
-0.04793992
0.03090525
-0.04643545
-0.02810627
-0.03774053
-0.05353454
0.00583699
-0.00487951
-0.04597102
-0.01923430
0.01959610
-0.01257848
-0.03405013
0.03162915
-0.05173907
-0.03200000
-0.02855024
0.03317173
-0.02021422
0.00969242
-0.01278274
-0.02859072
-0.02492147
-0.04672255
0.02214548
0.03163265
-0.02230128
-0.04970631
-0.02538115
0.01282666
0.05079264
-0.04662089
0.06235761
-0.00795189
-0.01553818
0.02488623
0.00187586
0.04445617
0.05727087
0.03317121
0.01996741
0.00442864
0.01700222
0.01868072
0.05184932
-0.04287030
0.05005707
-0.01790440
0.04877445
-0.01677034
0.05040029
-0.00787706
-0.00204421
0.00642194
0.01562313
0.05174197
0.00883844
0.06358905
0.04121599
0.03915078
-0.01346235
-0.00466516
0.05335006
0.01480460
-0.02908965
-0.01676044
0.00621494
-0.01804431
0.00415644
-0.01780497
-0.03416404
0.04867757
0.05678454
0.06114587
0.01747132
0.02796537
0.03529076
-0.00691102
-0.02119755
-0.01157956
0.00096617
0.03941797
-0.02269075
0.01580191
0.02172363
0.04183063
0.03746951
0.00287305
0.00578057
0.03917317
-0.00115752
0.00225460
-0.04218451
-0.03328436
-0.02598697
0.03464286
0.00668765
0.01305951
-0.00723690
-0.02182765
0.01433353
0.03722565
-0.03631600
-0.00193396
0.00380410
0.00964601
0.01184794
-0.03701517
0.04643630
0.03754917
-0.04068870
-0.00774988
-0.00714310
-0.00063187
0.00909233
-0.04422299
0.03118968
-0.02035639
0.03972691
-0.04107140
0.03359330
-0.07556890
0.01892839
-0.05053386
-0.03588902
0.04397779
0.03952423
-0.01500045
-0.01891034
0.01246844
-0.03025515
-0.04052624
-0.04342620
0.04195201
-0.02159074
0.04452456
0.03319884
0.04072090
0.01530196
0.05462990
0.03818198
-0.02988064
0.07656757
0.04214742
0.01526964
-0.04455365
-0.04146627
0.01587256
-0.02578860
0.06169915
0.04651404
0.00916139
-0.03858632
0.01328641
0.01327439
0.05064600
0.02173393
0.04132169
-0.06753015
-0.02050007
0.02284962
-0.00372438
0.01990227
0.02284752
0.00714859
-0.01192222
-0.02158334
-0.00454177
-0.03778799
-0.01773931
-0.10839491
-0.02370795
0.02497029
0.01507346
-0.07105263
-0.01397247
0.00332779
0.01390267
-0.04930536
0.01281042
0.00200377
-0.09053502
-0.00053243
0.02338579
-0.00159031
-0.13176416
-0.08037014
0.02337293
0.03257370
0.03744904
-0.05544470
0.04490774
-0.00420634
0.04367908
-0.00800510
0.04917882
0.04940688
-0.04849136
-0.00384198
-0.03573383
-0.02958540
-0.08250149
-0.02841572
0.00574368
0.00272385
0.02442703
0.00469342
0.00809681
0.03168338
0.02626841
-0.00847734
0.04121869
0.04599166
0.01426054
0.03316852
-0.03165080
0.04713845
-0.01276131
0.07623605
0.03179339
0.05564114
-0.02967086
0.03559097
-0.04542077
0.04792545
0.00766464
0.00521097
0.04368068
0.00178814
-0.01406768
0.00727006
0.02864728
-0.00305485
0.03506660
0.05118335
-0.00914797
0.01959296
-0.01024229
0.04828124
-0.05314672
0.00456822
0.02858113
0.03119797
0.00041104
-0.03482048
-0.01305728
0.03730305
-0.00089216
-0.03893772
-0.01043944
-0.00024807
0.02826908
-0.00886868
-0.01598426
0.02915876
-0.01841703
0.01208481
-0.04720274
-0.06430224
-0.01205993
0.03338959
-0.00354810
-0.06233501
0.00579545
0.01885670
-0.00878335
0.00321546
-0.03985056
0.00448712
-0.04483562
-0.05069378
-0.01257243
0.01199125
-0.00097830
0.00504363
0.03327383
-0.05119787
-0.02841427
-0.05873555
-0.00934586
0.02528397
0.05785718
0.06088986
0.04282415
0.03523321
0.02950197
-0.03562563
0.04172090
0.01160395
-0.04878790
-0.03937519
0.02042341
-0.05055511
0.06321286
0.03350757
0.02788186
-0.00457674
0.03976530
0.02656718
-0.04259380
0.01692677
-0.01604032
0.06692923
-0.01144311
0.05847380
-0.00831036
-0.00631308
-0.00991922
-0.03966072
0.05355120
0.03004816
-0.03133753
0.03134619
0.06012798
0.08656622
0.00630926
0.02319625
-0.00234371
0.09764902
0.01660036
0.01125732
-0.01639302
0.07270573
0.02798306
-0.05009941
0.05432220
0.01195986
-0.01828061
0.04633785
0.05989232
0.04281322
0.02978721
0.02753498
0.04449305
0.07042589
0.05131921
0.01647162
0.03076340
0.01488360
-0.01283237
-0.00792640
0.08043646
0.04463449
0.03021288
0.05658317
0.10525621
0.06647167
0.01474123
-0.02229328
0.04837589
0.04894658
-0.02919899
0.02314238
-0.00881725
-0.03051305
-0.04932562
0.00460639
-0.02105065
-0.02872433
0.01561600
-0.00176237
0.06884735
0.07506295
-0.00117613
0.04634792
-0.03122028
-0.01969018
0.02860801
0.06213134
0.04620522
-0.03900297
-0.00846130
-0.01674390
-0.00962005
0.02429911
0.03729300
-0.01944626
0.02988476
-0.00743822
0.01737552
0.04789944
-0.02592279
-0.02807652
0.00321144
-0.02071357
0.04053444
-0.02297993
-0.03896765
0.01571803
-0.00663134
0.05889157
0.01167248
-0.01803970
-0.05264211
-0.06197650
-0.04865725
0.00608600
-0.03315469
-0.05648857
0.02995158
0.05653203
0.04703794
-0.00735025
-0.00549217
-0.02445943
-0.03933796
0.02027259
0.04417907
0.04979748
-0.02325916
-0.04065047
0.00205587
0.01101101
-0.02864009
0.02141876
0.02668652
0.01686150
0.04996307
-0.00881572
0.04090841
-0.01928155
0.02848972
0.05858254
-0.01298610
0.06884376
0.05666611
0.03406937
-0.03367051
-0.03309399
-0.00497033
0.00006576
0.03795406
-0.02156159
0.04122002
0.04508280
0.01899479
0.04799866
-0.03136948
0.00328837
-0.01819095
0.02856131
-0.04507750
-0.03778641
-0.05000760
-0.01645655
-0.04212053
0.01196705
-0.04807980
-0.00561027
0.03577407
0.03389700
0.01147114
0.01974581
-0.06582344
0.00597749
-0.03424165
-0.02176806
-0.10932264
-0.09246606
-0.01329974
-0.00805786
-0.04653942
-0.05984261
0.04993084
-0.04807946
-0.03062656
0.00947335
0.04544006
0.02196812
-0.03760956
-0.03527379
-0.04041026
-0.01454109
-0.08273687
-0.10701299
0.03325009
-0.00070622
0.04887212
-0.06466917
0.03606112
-0.01194074
-0.01644549
-0.02998903
-0.01169849
-0.02519724
-0.06000204
-0.01801469
0.02871838
-0.05179240
-0.09094476
-0.00377470
-0.03111769
-0.03910989
0.02762649
-0.07520800
0.03915247
0.00643934
0.00895321
0.00460975
0.00046814
-0.04740484
-0.03481320
-0.05270794
-0.01729725
0.03340703
-0.07602140
-0.04856493
0.05118577
-0.00805498
0.01950684
-0.02286530
0.03964460
0.00089148
-0.03877190
-0.02921905
-0.03862842
-0.04448289
0.00803801
0.03668820
0.03039376
-0.02531902
-0.03936442
-0.04967768
-0.02569635
-0.05319046
0.03708006
-0.05560497
-0.01599285
-0.00436117
-0.01757858
0.01189455
-0.03589379
-0.03463009
-0.01732395
0.01919522
0.02480652
0.04453301
-0.03482943
0.01035691
0.00684272
-0.00766113
-0.00253425
0.00864116
0.00307444
0.00102123
0.01915698
0.03430496
-0.04121175
0.00338591
0.05355731
-0.03340852
-0.02996003
-0.02603379
0.07380723
0.08724640
-0.02998642
0.00713076
-0.00001173
-0.01198523
0.00531992
0.05985718
0.01484116
-0.00493901
0.01002898
0.03845493
-0.00148484
0.01725955
-0.02511997
-0.03572167
0.02422074
-0.04723908
0.02385770
-0.04813244
-0.03881805
-0.02652855
-0.04401983
0.02383714
0.00760995
-0.02811184
-0.03829261
0.02577920
-0.02212508
-0.01453225
-0.02583403
-0.01715554
-0.04665930
-0.05345940
0.00003216
-0.04731746
-0.03369133
0.03145783
-0.00287302
-0.03497518
0.04380779
-0.02990939
0.00298387
-0.04855732
0.01466451
-0.04459487
0.03897145
-0.01861008
-0.00640875
-0.00683768
0.01837406
-0.01185176
0.02316544
0.05241672
-0.04476778
-0.02565379
-0.04696096
-0.03989571
0.01795682
0.04579444
0.00739070
0.02136129
-0.01008522
0.04418115
0.02656689
0.05165296
0.04101069
0.01995335
-0.01409073
0.04710601
-0.03775404
0.00675103
0.01558327
-0.01194809
-0.00547909
0.00133495
0.08076616
-0.03832227
0.05056075
0.04782400
0.11917441
0.07332857
0.00658666
0.02627591
0.01221413
0.04071038
-0.00110377
0.00134225
-0.03404452
-0.01982766
-0.03411896
-0.03746730
-0.03163034
-0.00666355
-0.00245603
-0.02929382
0.05717058
0.02280065
-0.01668009
-0.01539108
0.00052859
-0.08266325
-0.04748166
-0.01489267
-0.02845980
-0.03652364
0.00024039
0.01494194
-0.03272066
-0.00758669
-0.02173783
-0.00447986
-0.12163052
-0.08302020
-0.04149587
0.00888695
-0.01467478
-0.02406958
0.03449876
0.06308933
0.04528258
0.03005094
0.01991075
-0.02627626
-0.02876732
0.03430788
-0.00114779
-0.01573144
-0.03309926
-0.01802154
0.02637587
-0.00275960
0.02466791
-0.03798701
0.00117438
0.01910020
0.00972937
-0.02175127
0.04754876
-0.04515237
-0.01445125
0.00209950
-0.00590718
-0.02946453
-0.02980185
0.01139415
-0.03948847
0.02378272
-0.02119293
0.05491016
-0.01230810
0.02671508
-0.01199279
0.02213159
-0.02508743
-0.02238158
-0.00561400
-0.02011215
0.03217131
-0.02649685
-0.00534002
0.06373127
-0.01203467
0.06087843
-0.04757937
0.10219764
-0.05012336
-0.01603062
0.01179769
-0.03390210
0.03335845
-0.03999186
0.00901330
0.04284582
0.02963139
0.00508278
0.07615302
0.03608573
0.02053673
-0.00479842
0.02300703
0.03104698
0.02715758
-0.01288265
-0.00142363
0.02622972
-0.00637110
-0.00141141
-0.02128201
-0.00428635
0.00085554
-0.05834334
-0.00740271
-0.01046089
-0.05324919
-0.01485083
0.02162081
-0.01121495
-0.04963194
-0.00759821
-0.02330090
0.00255151
0.02943133
0.04000941
-0.06803752
0.03014335
-0.03708722
-0.02498172
-0.07902402
-0.08021115
0.03281370
0.00653540
0.03617598
-0.01486460
-0.02403660
-0.02420860
0.01980683
0.01937368
0.00970144
-0.04743445
-0.09342393
0.00128448
-0.01644091
-0.03017006
-0.10114419
-0.02005047
0.01420044
0.00449061
-0.03177196
-0.02662820
-0.03820217
0.01994629
0.00170195
0.03994980
-0.00362112
-0.01766198
0.03621058
0.01893747
-0.01223120
-0.00139177
0.02303889
-0.01804952
0.04430582
0.03372628
0.00989993
0.04153216
0.04659117
0.02421383
0.00786886
-0.00430985
0.01435735
-0.02358226
0.06453490
-0.00795415
0.05222068
0.04817641
0.03710817
0.06648530
-0.01300602
-0.03121327
0.00420655
0.01473348
-0.01360059
0.05777839
-0.03656718
0.02390972
0.02051796
-0.04091882
-0.05355016
0.03530446
-0.01620269
0.02419383
0.02905033
-0.03421051
-0.04287117
-0.00142442
0.00521095
-0.07955528
0.03660726
-0.03858778
-0.02194771
-0.06255823
0.01735288
-0.03453806
-0.01914963
-0.02391073
-0.04985410
0.01737910
-0.09414427
-0.03777489
0.02396931
0.03155371
-0.01464066
-0.04092515
-0.03611872
-0.07176895
-0.00505597
-0.02377968
-0.01045661
0.03518343
-0.06302411
-0.00835542
0.00425546
-0.04837169
0.00319086
0.01188184
-0.01243120
0.02892647
0.03340129
-0.01761159
-0.00264462
0.02191699
0.02320095
-0.04000285
0.02168079
0.02296538
0.03394710
-0.03518716
0.02972903
-0.04241629
-0.04258896
0.04005700
0.03021764
0.01210782
-0.00272615
0.03682785
-0.04058452
0.05100818
-0.00619377
-0.00134295
-0.04450457
0.01876154
-0.04768960
0.03735124
0.03357634
0.00254245
0.01890305
-0.04768445
-0.03637480
-0.05720273
0.02102620
0.02014555
-0.03707187
-0.02035292
-0.00718981
0.00180946
0.04748674
-0.00525758
-0.00106761
-0.00425807
-0.04738463
-0.04032529
-0.08425168
-0.05465012
0.01198656
0.03700936
0.01774673
0.00811138
-0.00475289
0.02216808
-0.04921490
0.03687165
0.02601653
-0.01170760
-0.03381417
-0.02528121
0.00831290
-0.03616235
-0.03662642
-0.07208747
-0.02753013
0.02623568
0.04888680
0.00896616
0.04140689
-0.03213517
-0.00763584
-0.00345415
-0.03029848
0.01691725
-0.06353772
-0.02562322
0.02040738
0.00207401
-0.09912676
-0.07751749
0.04200304
-0.03442835
0.01789918
0.00474858
0.03737254
-0.05247959
0.04608299
-0.03247002
0.00895794
-0.04324601
-0.01940514
0.01647215
-0.03248487
-0.01508207
-0.03171093
-0.05314366
-0.03796767
-0.02934147
0.02593568
-0.05679883
0.00845359
-0.00889051
0.02309628
0.00936374
0.02892254
0.04808983
-0.05773367
0.02977928
0.00037479
-0.03651134
-0.09168826
-0.04219382
-0.03135346
0.00856009
-0.01578614
0.00717822
-0.02780797
0.01163241
-0.04914125
0.02501545
0.03869618
0.01123157
-0.05708746
-0.01161272
0.00093294
-0.03870068
-0.06352752
-0.05787277
-0.01374419
0.02251919
0.02282996
0.02294901
0.02360664
-0.04586605
0.03153625
-0.00089792
0.01298504
0.00001647
0.04362592
-0.00436264
-0.02530717
-0.00264560
-0.04620285
-0.00073481
-0.02008021
-0.03847717
0.00258055
0.02445460
0.02021630
-0.04038411
0.03356560
-0.03593658
-0.02268989
0.01178200
0.01671801
-0.00465878
-0.04443860
0.01054874
0.01698103
0.03180952
0.01627808
0.02466589
-0.01723019
-0.05525012
0.03863157
-0.03145619
0.03399586
-0.03671080
-0.04440417
-0.03707020
0.01019309
0.03225284
-0.03610387
-0.02092948
-0.03016337
-0.04609325
-0.03613481
0.01965136
0.00605062
-0.04874436
0.01050839
0.01017303
0.03225384
0.01458405
-0.04849825
-0.02863634
-0.04636591
0.03890448
0.03777727
-0.06097766
-0.01336403
0.03215650
0.00896661
-0.01149731
-0.03691434
0.03711573
-0.02796983
0.00430964
-0.04367828
0.00868022
0.01542068
-0.04022926
0.01647167
0.03816161
-0.00943711
-0.01896250
-0.02746044
-0.00145385
-0.01112262
-0.01705506
-0.05032429
-0.03701774
0.00456468
-0.01859789
-0.04809893
-0.00521255
-0.01215311
-0.04831448
0.03979305
0.04182570
-0.03695977
0.03739792
-0.02445443
0.07171074
0.03742040
0.00232671
-0.01037822
0.03519693
0.03671552
0.03961500
-0.00707399
0.03261837
0.02473452
0.03835094
0.03882245
-0.03100668
-0.04634209
0.05009266
0.02417207
0.05824010
-0.03231058
0.04792091
-0.02602329
-0.01713273
-0.00298419
0.06413043
-0.03696999
-0.01233335
-0.03412566
-0.03754967
-0.00719634
0.01304967
-0.00730728
0.03808617
0.03964560
0.02019140
0.01468514
-0.03265458
-0.05026175
0.03548918
-0.01839411
0.03705390
-0.01006216
0.06164103
-0.01468532
0.03273723
0.02140843
-0.00317120
0.04221461
-0.03391785
0.05961063
0.01128873
-0.04485158
-0.02636210
0.00556172
0.06477874
0.02531869
-0.01355448
0.00405691
-0.02618875
0.00391932
-0.01018639
0.05453430
-0.03811811
0.03486422
0.01246126
0.01723923
0.01029348
0.00040029
0.04718989
0.02959984
0.02263672
-0.00325894
0.03357983
0.03913272
-0.00917111
0.01870544
-0.00169891
0.04017538
0.04467288
-0.03191311
0.01534029
0.04393384
0.00035873
0.04398700
-0.05269664
0.04397734
-0.05501951
0.01808176
0.02349285
0.05012917
-0.01512393
0.04307269
0.04149773
-0.04020127
0.02737479
-0.01970370
0.01323606
-0.05534802
-0.01355366
-0.00178395
0.02939284
-0.04617662
-0.04358486
0.05071101
-0.04454711
-0.00092624
0.05142843
-0.03398583
0.00223231
-0.04086412
0.01995991
-0.01137752
0.03444118
-0.06785052
-0.05765564
-0.04154590
0.05145063
0.00046265
0.01617072
0.02098796
0.04346921
-0.04698247
0.01053288
0.04266815
-0.04151816
-0.01798807
0.03038095
0.02931533
-0.03775257
-0.00160546
-0.03954904
0.03959684
-0.02184194
0.03566716
-0.05020238
-0.02114788
-0.00761802
0.02678814
0.01448441
-0.02471349
0.05046194
-0.05968286
-0.02103938
-0.03398678
0.03060416
-0.01332297
-0.06307287
-0.02435189
-0.00649618
-0.00358177
-0.01803405
-0.04241866
-0.02815053
-0.00450468
0.00159080
-0.03488205
-0.04099412
0.00910315
-0.00865143
0.00840604
-0.02600406
0.00171297
-0.00335746
0.02252232
-0.04609124
0.01696074
-0.02946788
-0.04828443
0.01373126
-0.00791541
-0.03347809
-0.03174512
0.04877492
-0.07348198
0.00137652
-0.00576509
-0.01853679
-0.11593821
-0.03000885
-0.04088078
-0.00045428
-0.03147381
-0.07460751
0.00294726
-0.06266127
-0.03018662
-0.00149156
-0.01354903
-0.02935809
-0.02805217
0.02591471
-0.01263789
-0.00792981
-0.11488751
-0.06907290
-0.03630489
-0.03130554
-0.02225076
-0.00836146
-0.02555006
-0.04133133
-0.00735507
-0.05472042
-0.02587461
0.00742703
-0.04131842
-0.00613750
-0.02342450
-0.05424170
-0.07073042
-0.05048580
-0.00634980
0.00391441
-0.04914237
-0.01844276
0.01656530
-0.00666518
0.04758142
0.01441441
-0.03151060
0.03622063
-0.01647523
0.00487078
0.02253176
0.00107038
-0.03473228
-0.02259947
-0.02807136
0.04785939
-0.02561806
0.02735451
0.03210024
0.01650143
-0.04807430
0.02142641
-0.01378353
-0.01636232
-0.00654398
-0.03182911
0.01637406
0.01781613
0.00740386
0.01790669
0.03879053
-0.01417284
-0.00132973
0.04708619
-0.04563634
-0.00211362
-0.01503716
0.03608204
-0.05123782
0.02269393
0.02164008
0.02947327
0.03596326
0.04011881
-0.01891949
0.02332213
-0.03397343
-0.02902137
0.03758359
0.04743777
-0.04814094
0.04662635
0.01811444
0.03154847
-0.00564763
0.00401953
-0.00314801
-0.00254272
0.05111823
0.01975121
0.02643983
0.02622741
0.03099201
0.02683791
0.04483197
0.01940039
0.03012534
-0.05042842
0.01775158
0.01614066
0.04488232
-0.00041762
0.00341909
-0.01193629
0.04509280
-0.01579774
-0.00455485
-0.05324399
0.01956387
-0.00971242
-0.04661197
-0.04353469
0.00764500
-0.05932445
-0.04492248
-0.05163882
-0.04287632
0.03852008
-0.05954095
0.02578039
-0.02713653
0.01932327
-0.07416037
-0.06178150
0.03460487
-0.01405744
0.02381660
0.02316233
-0.02733607
0.00706652
-0.00358552
0.02022201
-0.01208951
-0.04291853
-0.02789656
-0.02965141
-0.01136586
-0.00834731
-0.00482299
0.00711833
-0.00594197
0.00472547
0.01809163
0.05151505
0.04007887
0.01367548
-0.03819221
0.00292180
-0.02855865
-0.02544275
-0.00602002
-0.02221065
0.00935556
0.05326135
-0.01561463
0.05239948
0.01507373
-0.01675289
-0.04395439
-0.00771850
0.01691841
0.03981702
-0.04105343
-0.02634903
-0.04522446
0.04030501
0.00059487
0.04682756
-0.00920446
0.05377285
0.05995941
0.06587745
0.03760070
0.03287936
-0.01331633
0.02722575
-0.03017640
-0.03392226
0.00685111
0.01923372
0.03254782
0.00263122
-0.01317321
-0.02567265
0.04575828
0.00034182
-0.01191496
0.00902497
0.01090447
-0.01625733
0.02137474
-0.01835426
-0.00141548
0.01954301
0.04004083
-0.03062749
0.04795228
0.03688366
-0.05372847
-0.00052014
0.02029310
0.01223416
-0.01129282
-0.00075722
-0.05050164
-0.05362848
-0.00169781
-0.00540027
-0.03219435
-0.02521693
0.04337667
0.00178940
-0.04288574
-0.01336776
-0.04705885
-0.02484814
-0.02971927
0.01781286
-0.05846065
-0.04545533
0.02696922
-0.00337971
-0.04528856
-0.00399072
-0.02205969
-0.00232133
-0.03142035
-0.02784104
0.01981938
-0.04011699
0.00213122
0.04963931
-0.05294940
0.00617531
-0.01885256
0.02490287
-0.00617153
-0.01376509
0.04594197
0.00884598
0.05032934
0.01413029
-0.01107245
-0.03647743
-0.01249831
-0.02982070
0.05581062
0.04643216
-0.02007489
0.00138998
0.03930621
0.04144279
0.00703444
0.04926477
0.04423133
0.06820041
-0.02440063
-0.02335132
0.02185467
0.04942454
0.02895587
-0.04361538
0.03124455
-0.03526958
-0.01041016
-0.01169082
0.03234874
0.01001934
-0.00828257
0.01163841
-0.01076638
-0.00807419
0.03942478
-0.02704430
-0.04047905
0.01438691
0.00864927
0.04625047
-0.02081292
-0.03667250
-0.04937983
-0.04137265
-0.02643015
-0.01563542
0.03125877
0.01496292
0.02826169
0.00809179
-0.03110438
-0.06134535
0.02081694
-0.04779341
0.02827830
0.00405132
-0.03485328
-0.03606063
-0.00021061
-0.04430199
-0.07228296
-0.07851712
-0.03822978
-0.03814628
0.03025006
0.00180156
0.01353702
-0.01704612
0.00648979
0.01924054
0.03926632
-0.01207409
-0.07148206
0.00982368
-0.01313201
0.01363351
-0.00034113
-0.01145368
-0.03490626
0.05045582
0.01363484
-0.02007938
0.02158317
-0.03078317
0.00939465
-0.01535906
-0.02671555
-0.01618345
-0.00857445
0.03127297
-0.01550585
0.01525876
0.00245146
0.03006405
-0.04141483
0.03835807
0.00188204
0.04003270
-0.03984601
0.01830897
-0.03204075
0.03542188
-0.01367337
0.04516807
-0.01893824
-0.00058991
-0.01383942
0.01668291
0.00013584
0.06716790
-0.01964974
-0.00149975
-0.03131104
0.01661371
-0.04165503
0.04372722
-0.01178426
-0.02218725
-0.04633132
-0.03050424
0.02669789
-0.03544952
0.04674724
0.05394929
-0.02753878
0.04265336
0.01092650
-0.02174847
-0.04985673
-0.00206266
-0.01493889
-0.02759887
0.02288203
0.01697520
-0.02690496
0.03114848
-0.04624625
-0.03204985
-0.01502361
-0.05558859
0.00835775
0.01457132
-0.02550725
-0.03844337
-0.00164110
-0.04348543
-0.04369976
-0.02152189
-0.00281042
-0.05837945
0.03972553
0.01293315
0.01848508
-0.04009520
0.02933663
0.02102922
-0.01334357
-0.02592269
0.01754922
-0.02076010
0.01675563
0.01109265
0.00495141
-0.03269164
-0.02170964
-0.05033541
0.03790035
0.03735837
-0.01971959
-0.02702491
0.01222564
0.01207964
-0.04167254
0.00007535
-0.03025752
-0.02545970
0.00648036
-0.01885394
0.04395778
-0.01044824
-0.00828533
-0.02321975
0.02177899
0.02861835
0.03590176
-0.01185861
0.01683580
0.00464464
-0.02972339
-0.04379753
0.03520833
0.00420807
-0.04168485
-0.05356473
0.02804100
0.01649337
0.02113543
0.00905322
-0.00562997
0.04564329
0.02118807
0.03451721
-0.03544886
-0.05176982
-0.07760334
-0.06173100
0.04804615
-0.03800071
-0.04333980
0.02632660
0.03924708
0.01941998
0.04440346
0.02504178
-0.03602833
0.04322585
0.00581903
-0.02484869
0.00589162
-0.01040288
0.02350513
-0.01710903
-0.00920462
0.04264072
0.01481828
0.01689102
-0.02867783
-0.00453678
-0.02448278
0.04210560
0.01144268
-0.00630481
-0.00679955
-0.03615006
0.03326306
0.04059538
-0.00966526
0.03963808
0.00223232
0.04823464
-0.03433122
-0.03218811
-0.02026823
-0.02307213
0.04767406
-0.04296214
0.04302075
-0.01203486
-0.01286829
-0.01213069
0.03633207
0.02130115
0.00240542
0.02539939
0.03984196
-0.02462406
-0.01694516
-0.00440594
-0.02426900
-0.00891097
0.00442036
-0.02311152
0.03005298
-0.01769942
-0.01690366
-0.01782223
-0.01261550
-0.03430321
-0.02873283
-0.02534834
0.02679724
-0.04315295
-0.04870938
0.02556722
0.04836501
-0.04914670
0.02029063
-0.04263050
-0.00852719
-0.03167495
-0.03584404
-0.01252129
0.04708526
-0.00211778
-0.03077358
0.03667222
0.02715922
0.01531798
-0.04086671
-0.02936272
0.03936927
-0.00549608
0.00877369
-0.01270257
-0.03749753
0.02060712
0.02479010
-0.02940993
-0.04405631
-0.00542091
-0.02716980
0.00131477
-0.00703338
-0.01155573
-0.02854589
0.01784768
-0.04106811
0.00034386
0.03886187
0.02159475
0.00832009
-0.03843961
0.00564091
-0.03526731
0.01227689
0.02278441
-0.03947279
0.01919862
0.00990089
0.00481494
0.00052597
0.03888827
-0.04085783
-0.01445387
-0.02309766
-0.05196535
0.01963661
0.03527927
-0.02329791
-0.04959313
-0.01949007
-0.04292400
0.03438462
-0.03078393
0.02830644
0.02677855
0.00046910
-0.03475749
-0.00095114
0.03731798
-0.03637953
0.04784973
-0.03070060
-0.04874840
-0.04419364
-0.03470367
0.02021376
-0.01979928
0.04646966
0.03898152
-0.01847869
-0.00167358
-0.03329246
-0.04306097
0.00815954
0.03754652
0.04107254
-0.04449274
-0.00134519
-0.01043154
-0.04789488
-0.03675695
0.00482210
-0.01333014
-0.00265463
-0.02494433
0.02085094
-0.04189941
-0.00375933
0.00958396
0.00101774
-0.01774916
-0.03276504
0.00691767
0.03064585
0.00017298
0.01083599
-0.02250729
0.03883811
0.01157929
-0.05746966
-0.00508857
0.01153953
-0.05119244
-0.03923756
0.01442195
-0.00488355
-0.04336639
0.03389114
-0.02576571
0.00363931
0.01721424
0.03772471
0.00614151
0.02128004
-0.02292238
-0.03239040
-0.00822752
-0.04579634
-0.04126426
-0.04209189
-0.02791036
0.00299894
0.01689669
0.01428865
0.02582773
0.03590293
0.04005486
0.00793695
-0.04218721
-0.04500801
-0.02480598
-0.04496048
0.01613707
-0.04959036
0.00181654
-0.03530674
-0.01787376
0.04333823
-0.01589257
0.04868471
0.00627607
0.00822556
-0.01080101
-0.04403083
0.03067634
-0.03920424
0.02078052
-0.03139523
-0.02193826
-0.00552908
0.03253604
0.00523525
0.02511047
-0.04754052
-0.00055331
-0.00362885
0.01960443
0.01453671
-0.01337321
0.00924604
0.01280037
0.00805640
-0.01168478
0.02391285
0.03012455
0.00948209
0.02767509
-0.02262537
0.03405060
-0.01444693
0.02027990
-0.00499555
0.01229361
0.02463485
0.03763421
-0.02872171
0.03632092
0.00672515
-0.03392566
-0.02764925
-0.01194273
0.03478698
-0.01565376
-0.01613148
-0.04493945
-0.01796282
-0.01047143
0.04268451
-0.03092363
0.02295513
-0.01041582
0.00312085
0.03807142
0.01592438
0.04448225
-0.03022111
0.00832573
-0.02556770
0.02799264
0.04516565
0.02357433
-0.00429037
-0.04816279
-0.02991785
0.03046784
-0.01024043
-0.03343381
-0.05298033
-0.03879581
-0.00922768
0.03465901
0.02066765
-0.04259200
-0.03957680
0.02428248
0.03738483
-0.03500910
-0.04674577
0.03036271
0.03248349
-0.02110100
0.04253116
0.02668335
-0.01530319
0.01972570
-0.01943997
-0.02179117
0.02035546
0.01624749
-0.01324507
0.01042640
0.00534824
-0.03602017
-0.01665721
0.02958322
-0.01704068
0.04360061
0.02497466
0.03124714
0.04643471
0.00074686
0.03297741
-0.03126730
-0.00457752
0.02054284
-0.00825504
-0.02672151
-0.04083320
0.02630928
-0.03513672
0.01395844
-0.01762764
0.04026258
-0.02368506
-0.00727042
-0.03591616
0.03996528
-0.01690909
0.04870812
0.01871958
0.00729906
-0.04929384
-0.04078129
0.00698033
0.01541966
-0.02050105
-0.00340050
-0.01334438
-0.00567495
0.00349449
-0.02040647
-0.04832367
-0.02787412
0.03970011
-0.04769735
-0.02393100
-0.00931493
-0.00216767
0.01300950
0.00743667
-0.01590134
-0.03360052
-0.01854727
0.04631935
-0.02128213
-0.04563764
-0.03204275
0.03053069
0.03093625
0.00131069
-0.04320888
-0.02375737
0.05461680
0.05150612
0.00640471
0.02870050
0.05887646
-0.04487091
0.00408958
-0.03957106
-0.04505967
0.02171274
-0.04503216
0.04312621
0.05036096
-0.00452800
-0.02424887
0.01380196
-0.01350256
0.04041580
-0.00929377
-0.00555148
0.03105462
-0.01189105
-0.04319645
0.00750155
-0.00875879
-0.02094603
-0.01004027
0.01230225
0.03730736
-0.03797765
-0.00295680
-0.03817799
-0.01527826
0.00603145
0.01634296
0.04650123
-0.00387021
-0.00718011
-0.04260142
-0.01259910
-0.03671304
0.00265882
0.04807330
-0.01112386
0.03429856
0.03271334
-0.01872206
-0.00169045
0.01702528
-0.03224603
-0.04580216
0.02460495
0.00720510
-0.02445255
-0.01781730
-0.01319405
-0.03056798
-0.03279525
0.04224738
0.00586328
0.02126813
0.02076295
-0.03149800
-0.04097667
0.01643687
0.02792795
-0.01819592
-0.04392293
-0.01135520
-0.01213210
-0.01782355
0.00887870
-0.05273200
-0.02668783
-0.01811635
-0.00588897
-0.02816482
-0.04772928
-0.05245419
-0.05984476
-0.06772245
-0.02384094
-0.02969375
-0.01825806
-0.04884280
0.00943176
-0.01902477
-0.04907497
0.00716303
-0.02872669
0.03772769
-0.05298857
0.01000568
0.03876074
0.00629696
-0.06006955
-0.03690229
-0.02783013
0.05915706
-0.02351596
0.05195309
0.00897236
0.01221882
-0.00399128
0.03779824
-0.00196618
0.02070673
0.00950508
0.00349008
-0.01614754
-0.02848683
-0.01705028
0.08278197
0.04551701
0.02577885
-0.01684323
0.04623557
-0.03713426
-0.04311166
-0.03685505
-0.04621977
0.03089099
-0.05005982
-0.00097804
-0.04544836
0.02820157
-0.03750812
0.02343242
-0.00809277
-0.04993419
-0.05297440
0.03038287
-0.05578711
-0.03864268
-0.04013081
-0.04816812
-0.00847968
-0.03244718
-0.02312528
-0.00433476
-0.04716618
-0.01630766
-0.02633266
-0.06510669
-0.01905966
0.02103150
-0.03916616
-0.01302265
0.01358447
-0.00003865
-0.03826047
0.00934882
-0.05844482
0.03834680
-0.02187600
-0.02701461
0.03367859
-0.01356162
0.03076040
-0.07355811
-0.01813946
-0.00458149
0.01058356
0.03445213
-0.02377681
-0.01418603
-0.05588274
0.03855832
0.01106229
-0.00366274
0.02200452
-0.05411423
0.00855624
-0.02942980
-0.02058537
-0.04149633
-0.01404838
-0.01952708
-0.03493814
0.04070541
0.07245915
0.02343316
0.04282761
-0.03088760
-0.01299691
0.03318559
-0.04810808
-0.00542461
-0.04123947
0.00924792
0.01541234
0.04101869
0.09151927
-0.01676316
0.04925241
-0.03276937
0.01204378
0.03597518
-0.03603879
-0.01358816
-0.01753854
-0.03585824
0.04034366
0.01513629
-0.01988547
-0.01586216
0.04386349
0.05153592
-0.03942768
-0.01926471
-0.05468294
0.00966023
-0.00948307
0.02465464
-0.02905269
0.04589100
-0.03186905
-0.03604708
0.02129999
-0.00798648
-0.02417501
-0.01436654
-0.00455468
-0.04120535
0.03450020
-0.05193251
0.00132528
0.02284876
-0.02664003
0.02077136
-0.01433404
-0.02058639
-0.04090881
0.04748934
0.02468537
-0.05170013
0.01654919
0.00929078
-0.00255613
-0.01142275
-0.08211832
0.02690215
0.03568022
0.02013697
0.03647307
0.03323271
-0.06915253
-0.02657105
0.00079420
0.00571472
-0.03765338
0.02997639
-0.02705467
-0.00565616
-0.04030250
-0.00076254
-0.01044215
0.05465637
0.00368990
0.01431783
0.07158531
-0.02364401
-0.00948792
-0.00707396
0.03165154
-0.03368237
-0.02875958
-0.01606894
0.01556341
0.03500061
0.00545789
0.04267953
0.07200388
0.00450029
0.01565896
-0.00845488
0.03680466
-0.03346328
0.00053526
-0.02760855
-0.01131620
0.01284732
0.04971397
0.01907936
0.03989315
-0.00550713
0.02557446
-0.01977203
0.04981415
0.01419557
-0.01386196
-0.01936016
-0.01370179
-0.00669694
0.02560303
0.03828013
0.04699157
0.04777834
-0.00218812
-0.00919168
-0.03542312
0.04111210
-0.02487510
-0.04910649
0.03855585
-0.04244392
-0.01716443
0.04258455
-0.02316718
-0.04322040
0.00662553
0.04712263
-0.00182852
0.03643398
0.03983717
-0.00897913
0.03884361
0.02807614
-0.03903041
0.01113296
-0.04783921
0.00354983
-0.03362732
-0.03481809
-0.04442586
-0.00357306
0.03556957
-0.00524342
0.01328571
-0.01847595
0.00653820
0.03443021
0.04077261
-0.03337686
-0.03580167
0.04716710
0.07031883
0.04790177
-0.03298545
0.02471708
0.02556198
0.03650509
0.01466476
0.00604993
0.03059119
-0.02679637
0.04678393
-0.00426540
-0.00875721
0.04352741
-0.03775933
0.00522749
0.01148728
0.02396173
0.02479788
0.03537857
-0.03598220
-0.00804061
-0.01434854
-0.01328471
-0.02608287
-0.03148514
-0.02962638
0.03040888
0.00485075
0.02757647
-0.04426579
0.01840814
-0.00580845
0.00701660
0.03139915
-0.03175812
-0.01411730
0.00926173
0.04822699
0.00428827
0.02364306
0.02198618
-0.00084007
0.02939970
-0.01788101
-0.03185287
0.03546784
-0.03337725
0.00177608
-0.03559159
0.03451753
-0.04574176
0.03735991
-0.00064221
0.02861704
-0.04223925
-0.02440611
-0.04627978
0.03013713
-0.01739657
-0.03754902
0.02783142
-0.04475637
-0.02907254
0.03346667
-0.04089083
0.03090519
0.02264142
0.01955235
-0.02354101
-0.00060555
0.01965604
0.00026354
0.00010956
-0.03774329
0.01622991
-0.03799307
-0.04380544
0.05877616
0.02819604
0.08558592
0.02682369
-0.00056753
-0.04667132
0.05035380
0.01603644
0.02543990
0.00382576
-0.00795682
-0.04812934
0.04048362
-0.00101928
0.00976899
0.00486077
-0.02474353
-0.03063663
-0.03840431
-0.04430243
-0.01863976
-0.03800898
-0.04307122
0.02122362
-0.03238320
0.00900021
0.01988662
0.01653460
-0.01587502
0.01018794
0.04251226
0.00368721
-0.04590343
-0.02885812
0.01526570
0.03047513
-0.05267556
0.02459961
-0.06240395
-0.04504319
0.00392231
0.03988369
-0.03412130
-0.04730189
-0.01904552
-0.06291783
0.00009655
-0.01009469
-0.02491411
-0.07969410
-0.04852983
-0.04299403
-0.05109683
-0.01248808
-0.06463870
0.04003593
0.00917693
-0.00711534
-0.03962781
0.04491638
-0.04688977
0.02246711
-0.04836902
0.03663883
-0.01402951
-0.07480133
-0.00160910
0.04385845
0.03383946
-0.04275372
-0.03075849
-0.01388519
0.03362487
0.03776457
0.02550017
-0.01455318
0.00121557
-0.02785573
0.01111746
0.00186047
0.01792187
-0.02419451
0.03034333
-0.00399399
0.03405530
-0.02316565
0.02738479
0.03351519
0.02145232
-0.00042041
0.05157640
0.01620898
-0.01608817
0.03035090
-0.02190080
-0.03328339
0.00816959
0.01035199
0.05424036
0.00013802
-0.00661554
0.01712457
-0.03533725
-0.04734434
-0.02975264
0.05028555
0.03961097
-0.00550329
0.01446424
-0.01056384
0.02801466
-0.02801715
-0.03093110
-0.07366871
-0.05121524
-0.02733353
-0.01105529
0.00130326
-0.06211346
-0.01542152
-0.00733452
-0.00868974
-0.03896609
0.04434909
-0.00190432
-0.03268451
0.00878349
0.04335039
0.00257556
-0.06459687
-0.02955398
0.03350581
-0.05297702
-0.03604876
0.00847829
0.00656227
0.03269789
-0.01583355
-0.01119963
-0.02839819
0.02804017
-0.04639799
-0.04618778
-0.04901712
-0.03077003
-0.02477763
0.02760727
0.00509029
0.02540272
-0.03145068
0.04817136
-0.00916922
0.00238293
-0.03437851
0.04321534
0.01029426
-0.03121560
0.00741798
-0.01344344
-0.02301993
-0.00263070
-0.01440708
0.06453753
-0.02801387
0.03142555
-0.01188895
-0.00553422
-0.00975473
0.02190601
-0.00937015
0.03486420
0.03655163
0.02867213
-0.04634643
-0.01193833
-0.02085188
0.01880517
-0.00240598
-0.01547284
-0.05053160
-0.02254312
0.02309975
0.01682332
0.01281339
0.01086548
-0.04593267
0.03164678
0.01398782
-0.02022908
-0.01334372
0.01346922
-0.04369256
-0.00357001
0.00949955
-0.00797793
0.01365269
-0.03559743
0.01380076
-0.03866505
0.04102774
0.02673209
0.04442938
-0.00713870
-0.00360854
0.03628258
-0.03018449
0.02831181
0.00474861
0.00542658
-0.03396850
-0.03467006
0.01057425
0.04227551
-0.01990245
-0.00360990
0.02255412
0.02775491
-0.04063283
0.04111375
-0.03613017
-0.04177426
-0.02263398
-0.00652489
-0.03312520
0.03757092
-0.02123419
0.04644090
-0.00836622
-0.01773828
-0.02036438
0.01792881
-0.00553798
0.03409941
0.02238444
-0.02398973
-0.01827856
-0.02821826
0.03621985
-0.00608247
-0.01668201
0.02557123
-0.02096337
-0.03644408
0.00820091
0.01023618
0.03550009
0.00578694
-0.00212785
0.02563778
-0.02291491
0.02687686
-0.03221717
-0.02499237
-0.01555500
-0.01615207
0.03425406
0.02474491
-0.03278995
-0.09087675
-0.03354771
0.00803531
0.00989179
0.04287701
0.02455501
0.01646974
0.04366200
0.02858376
-0.00820687
0.00781891
0.04023531
0.03063745
-0.01124281
-0.01586486
0.07460655
-0.01467711
0.02876471
0.04757461
-0.01559938
0.01728856
-0.02007427
0.02929178
-0.00268001
-0.02990220
-0.00967079
0.01573271
0.01625258
-0.01203762
-0.04520499
-0.02640633
-0.02902669
0.00441671
0.03256648
0.01419219
-0.03099685
-0.01036008
-0.03222142
-0.00134999
0.03712643
0.03956285
0.01617750
-0.03227177
0.06562695
-0.02610811
0.04129915
0.02291523
-0.02266506
0.00501779
0.02653566
-0.03622157
0.00404575
0.04638831
0.01157127
0.02609449
0.03324234
-0.01421031
0.04527658
-0.05095993
-0.04873130
0.04466698
0.00389790
0.03142263
0.04913767
-0.01115241
0.03223691
0.02433357
-0.00218264
-0.01155689
0.00332749
-0.05755153
-0.01479831
0.03260179
-0.03094890
0.01660734
-0.05883330
0.02128685
-0.03414885
-0.02913517
-0.00576855
-0.02421008
-0.01115760
0.00464646
-0.01807623
-0.03043231
0.04251848
0.03603281
0.00073257
0.02459198
0.02050282
0.00547315
-0.03339345
0.05131142
0.00565568
0.06036551
0.04472809
-0.00125225
-0.04392242
-0.00887599
-0.03243873
0.04489008
0.03934399
0.00190661
0.01139979
0.04774986
-0.04409092
0.03059760
-0.04692951
-0.01733019
-0.03039300
-0.00457021
0.01278568
-0.03151046
0.04732961
-0.00339266
-0.02234312
-0.04046712
0.00095571
-0.00500722
0.03087637
-0.01540451
0.01850930
0.01212422
-0.00444326
0.02985190
0.03607746
0.00408845
0.02774259
0.01225471
0.02895051
0.02681894
0.03033418
0.03724589
0.02429991
0.04080438
0.00102982
0.04153056
-0.01838539
0.00401662
0.03315238
0.03169994
0.00938703
0.04002463
-0.01817987
-0.04765824
0.04478692
0.03112222
-0.02211711
-0.04290383
-0.01882544
-0.00147682
-0.02043617
0.03079831
0.03173449
0.04815872
-0.00115231
-0.03773477
-0.04582534
0.02175186
-0.01438260
0.00619539
0.00646669
-0.06953670
0.02096459
0.02755449
-0.04292800
-0.06190287
-0.00384393
-0.06499672
-0.00371950
-0.05017294
0.00342060
-0.02013392
0.02644240
-0.03288774
-0.01358793
0.01489884
0.02695713
-0.00236246
-0.02654937
-0.00618612
0.02488909
0.00605683
-0.00788532
-0.01922756
-0.03068083
0.02089193
-0.06373727
-0.00761107
-0.00228072
-0.01158301
0.00753190
-0.00277389
-0.03779482
-0.01423520
0.04589075
-0.04108449
0.03117163
-0.01389281
-0.00643566
-0.02022183
0.03208128
-0.04489959
0.00307567
-0.04985781
-0.03951740
-0.05862927
-0.02201992
0.01560021
-0.00993145
-0.01122226
-0.03849794
-0.05413727
-0.05279348
0.01655020
0.02310300
0.01285375
-0.04057890
0.01540220
-0.05745790
-0.01710137
0.02527784
-0.06207669
-0.00216450
-0.02558614
-0.02557003
0.01074106
-0.00048565
-0.00383237
-0.03199896
-0.01100331
-0.00047472
-0.01086153
0.00232639
-0.01242531
-0.02647900
-0.01575038
0.04361184
-0.00219910
-0.12113567
-0.09287295
-0.01276211
0.03229622
-0.02372902
0.02532778
-0.02777035
0.00524205
-0.00448648
-0.01808497
-0.03589952
-0.03164059
0.01744830
-0.04431560
0.03448550
0.00465914
0.10565379
0.07402648
-0.04249368
0.00394424
-0.03842188
0.03232990
0.04239237
0.01881379
-0.01102232
0.04792004
0.04415504
-0.02807655
0.08003676
0.00953744
0.03452599
0.02261744
0.11953347
0.05486537
0.04268156
0.00361728
0.02572812
0.12878324
0.01384031
0.07583594
0.02624085
0.03486796
-0.02174473
-0.01120059
0.06252757
0.04550099
0.03731674
0.03357756
0.15276521
0.08446692
0.00043430
0.01609861
0.01395052
0.10287962
-0.01921502
-0.01204014
-0.05293703
0.06091844
0.01242373
-0.01955687
0.09120834
-0.03419138
-0.04289447
0.05912935
0.09921202
0.08879197
-0.02177368
-0.04401583
0.02039857
0.03203680
0.03505027
0.00720814
0.03580199
0.04254501
0.03358006
-0.03552439
-0.03342243
0.02677296
-0.02222956
-0.00230785
0.06136919
0.00430901
-0.00969511
0.06751598
0.02540944
0.01158743
0.04976933
0.03511731
0.02705126
0.07186335
-0.04417054
0.02883032
0.05385515
0.00653933
-0.00013932
0.06777424
0.02904909
0.01054956
-0.02884289
0.08747181
0.00371076
-0.00548839
0.02282714
0.03902132
-0.03777191
0.08837107
0.03357191
-0.04865355
0.02095069
0.07753772
0.02407562
0.02390524
0.00916915
-0.02580345
-0.00162345
0.09099094
-0.01350851
0.01171834
0.06004157
0.08814117
-0.01203766
0.07021342
0.02978187
-0.04132316
0.05646032
0.03098773
0.04154225
0.10377394
0.04311584
0.02104247
0.01685124
0.02718174
0.04685606
0.08990736
0.01326849
0.01085604
0.01416131
0.02551599
0.00417017
-0.03293929
0.01666105
0.04553921
-0.02933695
0.02389210
0.01258782
0.04271448
-0.04110136
0.05910053
-0.04570803
0.08810478
-0.02559512
0.07397294
-0.02633144
0.01854905
-0.02173824
-0.05013383
0.08287667
0.06583682
0.04019156
0.00761559
0.08094677
0.04726024
0.04098363
-0.05250992
0.01391856
-0.05375668
0.00724314
-0.02764014
0.03826591
-0.04325261
0.00533955
0.01361838
-0.14608192
-0.03917650
-0.05743306
-0.03908500
-0.19130951
-0.16381270
-0.01198715
-0.03429550
-0.02850529
-0.10088753
-0.02216241
-0.01871923
-0.02219367
-0.05320950
0.03654930
0.02323664
-0.05507501
0.03059269
-0.00054749
-0.06193209
-0.16489631
-0.06939175
-0.04903581
-0.02193458
0.02834917
-0.12098623
0.04961457
-0.01002947
-0.01710979
0.00967664
0.04092576
0.02408619
-0.10157773
-0.02929468
0.02564256
-0.04203407
-0.12654617
-0.09765178
-0.00401238
0.01265833
-0.02400598
-0.08854284
0.00760581
0.02472637
-0.03034307
0.04233632
0.03939515
-0.02161770
0.00191788
0.00895541
-0.02695796
-0.00167720
-0.04628880
-0.04312170
-0.00240546
0.00486096
-0.04344513
0.04400435
0.04685279
0.06223729
0.03917955
-0.02085907
-0.03350336
0.04324258
0.02657749
-0.01216683
0.04080346
0.01736795
0.02328818
-0.02645173
0.04167939
-0.04289088
-0.02147097
-0.08358413
-0.02373661
-0.05127852
0.02483738
-0.07615552
0.02649026
0.03168391
-0.07839550
-0.01706507
-0.00899740
-0.08436098
-0.13598755
-0.11158098
-0.05229172
-0.00324385
0.03201742
-0.07331656
-0.04833983
-0.04555663
-0.03743481
-0.04265546
0.01883028
-0.01432095
-0.09249799
-0.03198702
-0.02456140
-0.02248698
-0.09485801
-0.09745070
-0.05443930
-0.07521196
-0.03551728
0.00065605
-0.04973398
-0.06825714
-0.04017917
-0.01069262
0.04100746
-0.00458515
-0.02990429
-0.02006264
-0.02372845
-0.03241081
-0.00618554
-0.03897182
0.00303076
0.00165326
-0.02434094
-0.02260253
0.01757395
-0.01481249
0.02088947
0.00267940
-0.01187668
-0.04464407
-0.05297927
0.01619094
0.01473153
-0.01575184
-0.03864661
0.02918871
0.04705917
0.00489243
0.00180785
0.03325572
-0.02819574
-0.00222382
0.02655877
0.04102633
-0.02660476
-0.00589470
-0.06471707
0.00653550
0.04515595
0.03994467
0.02361012
-0.04889956
-0.02484216
0.04384609
0.03129779
-0.01862292
-0.04059078
-0.02876927
-0.01273861
0.03014128
-0.00678866
-0.00759393
-0.02359512
0.03772885
-0.02543801
-0.01472462
-0.00349962
0.01737341
-0.03942518
-0.03407636
0.00761769
-0.00968814
0.01246211
0.03830558
0.00775118
-0.00656869
0.00817641
0.02449789
0.01400553
-0.03067316
-0.02428848
-0.03581343
-0.02433964
0.02759615
-0.04729391
-0.05578487
-0.03626394
0.01590931
0.01436283
0.00454637
0.01170051
0.02847793
0.01070949
-0.01437896
-0.01822841
0.03336060
0.03623043
-0.00669733
0.02614047
-0.05868894
0.03579765
-0.04038827
0.02444641
-0.01597367
0.00540184
0.01569017
-0.01558206
-0.00864398
0.01497161
0.00782260
-0.05907989
-0.05656657
-0.00745152
0.02552054
0.00370308
-0.05566141
0.03132376
-0.03967937
-0.00242257
-0.05307185
-0.00868368
0.01954000
0.00483126
-0.02474124
-0.01716378
-0.04241656
-0.06004469
-0.02331500
-0.04030146
-0.06754680
-0.01336966
-0.04775124
0.01473711
-0.01751320
-0.04293133
-0.00885397
0.00119953
-0.04043769
0.01598747
-0.04161058
-0.01390787
0.02057673
-0.04202798
-0.02693160
-0.02603305
0.00144208
0.02923634
0.06042583
0.02570130
-0.00265168
-0.02217694
0.01959824
-0.04249504
0.04737803
-0.04172673
-0.03081976
0.03271274
-0.00556760
-0.00657064
-0.04524602
-0.03868507
-0.03729580
0.05719621
0.04984191
0.04659043
0.01075774
-0.01430875
-0.00318996
-0.00911513
0.02024914
-0.01865759
-0.01981526
-0.01631527
-0.00876777
0.03136693
0.03235474
0.02095574
-0.03106221
0.01612630
0.00283251
0.00864352
-0.01657245
0.01924325
-0.02511546
-0.03132005
-0.00315552
0.02676739
0.00098643
0.00514366
0.03712969
0.00981775
-0.01573546
-0.04789913
0.03083019
-0.06886036
-0.06849874
-0.04617389
0.00860664
0.01804824
0.01681978
-0.00441564
0.02117117
-0.00456378
0.04035390
-0.01449126
-0.03367929
-0.05322462
0.00062625
0.00005331
0.00274836
0.01282414
-0.00400420
0.03019360
-0.02343900
-0.04422794
-0.00085673
0.01773482
0.02880780
0.04011592
0.04547098
0.04409008
-0.01206260
0.01785749
0.01825282
0.01116763
-0.02455972
-0.00404957
0.05053611
-0.04562274
0.01185896
-0.02011624
0.00761632
-0.03478331
0.00276968
-0.01725921
-0.00226422
0.01162326
-0.00947707
0.02659275
0.04391440
-0.03927087
-0.04689808
0.00649223
-0.00373090
0.00591337
0.00478302
-0.04856305
-0.04648857
0.03793936
0.02865348
-0.00898621
0.01930522
0.03844275
-0.04085824
-0.03235662
0.02528591
0.00968329
-0.03324058
0.01046739
-0.02194427
-0.02195232
-0.04697005
-0.01078210
-0.02753677
0.02718872
-0.02668405
0.00552120
0.03717552
0.03784068
0.01218337
-0.04151687
0.02119851
-0.03666154
-0.00716260
0.04755691
-0.02427481
-0.03131269
0.00414938
-0.02043571
0.02864973
0.04233877
0.00445981
0.02287079
0.00525671
-0.02905377
0.04328354
0.04929427
0.04238925
-0.03479957
0.04160650
0.02015767
0.03317264
0.04387686
-0.02001457
0.02792371
-0.05226584
0.01778987
-0.00020109
0.04084482
0.00382594
0.02082965
0.00038877
-0.03846060
-0.03677807
0.02420340
-0.04493126
0.03981340
0.06148182
-0.04404224
-0.00874609
0.01129702
0.06214168
-0.05218267
-0.00405097
-0.00312823
-0.03264276
0.00440202
-0.01331524
0.04953441
0.02479219
0.01301912
-0.04318592
0.06441672
0.03158014
-0.03520049
0.00149456
0.04278824
-0.01415704
0.03896473
-0.00518588
-0.03533285
0.03112104
-0.02840276
-0.02237060
0.00824208
0.03144355
-0.00126882
0.03516852
-0.01839439
0.02010308
-0.04828320
0.03003204
0.03844868
0.02971191
-0.00056757
0.00487849
-0.03960228
-0.01543430
-0.04418327
0.03577974
0.00348311
0.02839165
-0.00819749
0.00472067
0.04573480
0.04127176
-0.02121072
-0.01335402
0.02254208
0.01589303
0.04705358
0.01293614
0.04247008
0.02779512
-0.00196482
0.04333120
0.01912587
0.03833057
-0.03456879
-0.02081821
-0.00663674
-0.04126985
-0.01706224
0.00077016
-0.03156757
-0.04347724
-0.00883975
0.03559822
-0.04000349
0.01445559
0.04849001
0.03800561
-0.01564837
-0.00430509
0.02451259
0.01855400
-0.04075535
0.00387492
0.00171103
0.02417335
0.04619076
-0.02039033
-0.02123529
0.00701614
-0.00729292
0.02486941
-0.01809970
0.04007570
-0.00942146
0.01080074
-0.00577230
0.01330645
-0.05360933
-0.01471185
-0.00840237
0.01969529
-0.02418278
-0.04686791
-0.04438195
0.02110604
0.00034242
0.01463425
0.03847503
0.02887756
-0.02332413
0.04270788
0.03923620
-0.01637464
-0.08635875
-0.02870505
-0.04003249
0.01782972
0.03624132
-0.06313157
0.04355129
-0.03058838
-0.02316660
0.00394935
-0.04566126
-0.04732830
-0.06702863
0.03854985
-0.01809177
-0.00602091
-0.07942998
-0.04365297
0.00087357
-0.05513532
0.02068032
-0.05319369
-0.04874664
-0.01866623
-0.02278320
-0.04580511
-0.03014476
0.01630788
-0.05130072
-0.00710383
0.02612720
-0.00305673
-0.01838887
-0.04931509
-0.03775511
