shape=[128, 256]
0.02979583
0.04679267
-0.01472974
0.04593689
-0.02342436
0.00835003
-0.05078347
-0.01326596
-0.03784541
-0.04160408
-0.04565562
0.01644873
-0.03847659
0.02980785
-0.02965260
-0.02934285
-0.03162802
-0.03097474
0.03565518
-0.03534979
0.05610468
0.04927604
0.04391421
-0.04938587
0.01919391
0.04398737
0.06344187
-0.02443052
0.05081971
-0.03905557
-0.02399836
0.03856216
0.01385358
0.00786889
-0.04363709
-0.02459211
0.00757881
-0.03365638
0.02378940
-0.01772800
-0.04896221
-0.00774278
-0.00939010
-0.00877872
-0.00032815
0.04789432
-0.03742626
-0.05515580
0.03661825
-0.03914938
0.00027998
0.00944149
-0.00060067
0.01700130
0.04517026
-0.00799269
-0.04664786
0.00018314
0.02112998
0.04930566
-0.03290110
0.03358167
-0.00083488
0.02992626
0.01945625
0.01525661
-0.00234967
-0.03070018
-0.01029040
-0.01584194
-0.03597330
-0.00287880
0.01485460
-0.00932143
-0.02012336
0.01379064
0.03941438
0.02664522
-0.02331421
0.00763479
0.01394631
-0.00056949
0.02345372
-0.01742790
-0.02816732
0.04295552
-0.01653866
0.05102315
-0.01824718
-0.01923914
-0.04251767
0.04180115
0.01395274
0.05467627
-0.01005971
0.00415692
-0.01479404
-0.01299852
-0.01559302
-0.02622435
0.01666727
-0.02999075
-0.03066565
-0.01344520
-0.02525199
0.02806357
-0.04428821
-0.03129759
0.02263314
0.02077392
-0.01808205
0.05041465
0.03799955
-0.01072263
-0.03850182
0.00400313
-0.01349040
0.04848758
-0.01923082
-0.02652409
0.01681958
-0.00059327
0.00418832
0.04613065
0.05062399
0.04777713
-0.02798834
-0.05142725
0.00572070
-0.00104246
0.02728245
0.01428009
0.02915283
0.03273670
-0.03980424
0.03070669
0.02233466
0.00644107
-0.02893127
-0.02365403
-0.02151171
0.00693814
0.02487653
0.06200704
-0.02848463
0.03812465
0.01361075
0.02266859
0.04292485
-0.01264877
0.05589177
0.02258251
-0.00564229
-0.04510200
0.04995781
-0.01616339
0.00771180
0.04633396
-0.03085812
-0.04193544
-0.03857040
-0.05067192
0.02120004
-0.04374967
0.04417318
-0.05175722
0.01245810
0.03829569
-0.01157378
0.03841179
-0.03410785
-0.04976530
-0.04357817
-0.03918497
0.01882158
0.05652426
-0.01681033
-0.02032845
-0.02715136
0.03970895
-0.01088488
0.00838147
0.00125052
0.03397247
-0.02069435
0.03093569
-0.00634441
0.01579973
-0.01602578
-0.03064559
-0.02493738
-0.00447415
0.00167101
-0.04663308
0.02756380
-0.02042368
-0.01864546
-0.02833502
0.03464900
0.01590239
0.01344964
0.01742475
0.01666075
0.00928083
-0.03756604
-0.03391413
0.00274131
0.04536410
0.01677517
0.03410159
-0.01783211
-0.04177811
0.03087601
0.01945416
0.00599368
0.01295828
-0.02425151
-0.01357859
-0.03478175
0.03917704
0.02706363
0.03255831
0.00550353
0.00909093
-0.00316316
-0.02062826
0.04091222
0.01265484
-0.00193773
-0.01729241
0.03679228
-0.02328169
-0.02573310
-0.02230618
-0.03396674
0.01412969
0.02809494
-0.04170326
-0.02424054
0.03792370
-0.02891316
-0.01318014
0.04408762
0.04398831
-0.01557219
0.04129962
0.03298389
-0.03695053
0.04651242
0.05498501
0.06541037
-0.00068207
-0.01688400
0.00681425
-0.03416782
-0.01991924
0.01031188
0.02186072
0.07844043
0.07133894
0.02583622
-0.07669292
-0.01499055
-0.02480730
-0.01036722
0.00222841
-0.04919505
-0.04234620
-0.02271325
-0.04622126
-0.03991961
0.01533984
0.01362390
0.00533629
0.04569170
0.03578171
0.03458288
-0.01725167
-0.02997727
0.00471674
0.05071729
0.02590888
0.01724264
-0.02402034
0.02704601
-0.00501171
0.00438671
-0.02316139
-0.05724254
-0.04165209
-0.02816448
0.02346816
-0.06504020
0.02549821
-0.03851426
0.01430119
0.00321992
-0.03448611
-0.01283350
-0.01562722
0.03751011
-0.02717343
-0.00108268
-0.01823421
0.00623641
0.01136616
0.00404680
-0.02134272
0.01363618
-0.04120653
0.00205599
-0.00006819
-0.00590261
0.00798275
0.02561084
0.00222414
-0.02481888
0.03802683
-0.05028557
0.11076324
0.03927468
-0.04276390
-0.05174619
0.02435231
-0.03374399
0.01528027
0.00732991
-0.01991884
0.05811370
-0.03881712
-0.03742146
-0.00968655
-0.00288130
0.01010300
0.00254604
-0.01491503
0.02017737
-0.02831242
-0.04520614
0.01137774
-0.02644453
0.02722157
0.04139498
-0.03294623
-0.01272175
0.01700488
0.00907843
0.02867648
0.02781999
-0.03973384
-0.03086049
-0.03679362
0.00883674
0.04957573
-0.03676660
-0.04575346
-0.05120626
-0.03844032
0.00170480
0.05334716
0.00892164
-0.00581371
0.01867721
-0.06560925
0.03075626
-0.01748455
0.01281674
0.00863457
0.00929783
0.00979527
-0.00819902
0.01883045
-0.04383982
-0.05084487
-0.04188979
0.02686370
0.03242586
0.04238500
-0.04329280
-0.03777917
-0.05430327
0.02407776
0.02644351
0.05096312
0.04369644
-0.01942607
0.01185585
-0.00351855
0.04761289
0.01966276
-0.00794205
-0.02960702
-0.02607251
0.01992675
-0.02414674
-0.02830073
0.00729269
-0.05687692
0.02796084
0.04286884
0.02836088
0.00551063
-0.05059607
0.04766383
-0.02999767
-0.00027173
-0.01844173
-0.03530551
-0.04653302
0.03351908
0.03839558
0.00526212
0.01146793
0.03869491
-0.01142665
0.03737773
0.01903670
-0.02872706
0.00664138
0.01089824
0.02523147
0.02675986
-0.02109163
0.04142030
-0.01526302
0.00959953
0.04498469
0.01452257
-0.03343280
0.03999159
0.03918615
-0.01439113
0.04877178
0.03015207
-0.04564382
-0.04551548
-0.00375119
0.01991069
-0.02911442
-0.02680223
0.04395553
-0.01810759
0.00493531
0.03677199
0.04762243
-0.04550056
0.00865857
0.00670439
-0.00866454
0.03302334
0.00382389
0.04407977
-0.02472228
-0.02314230
-0.02233221
0.00581791
-0.00745540
0.03749355
-0.03104248
0.00506323
0.04567727
-0.03043977
-0.00728038
0.01977763
-0.00176782
0.04856142
0.03964473
0.03963758
0.01962151
0.00392789
0.03876419
0.00002982
0.01047244
0.04344517
-0.04497601
0.01157856
-0.04253933
0.04414548
-0.03440903
-0.00436134
0.03630798
0.00341737
-0.04770580
-0.02697480
0.01120922
0.04562271
0.06129630
0.01801382
-0.00827443
0.03011698
0.06938389
-0.00394829
0.02792881
-0.00029703
0.00685800
-0.02610241
0.04616582
-0.00798469
-0.00303416
0.01691837
-0.03016703
0.04443254
0.04199539
-0.01610071
0.02217003
-0.03197905
-0.02630844
-0.00013400
0.01440731
-0.03133562
-0.01703011
-0.06001506
-0.01999523
-0.02031784
-0.06617842
0.02495516
0.01373141
0.03930908
0.00168617
0.03964730
-0.01974619
-0.03518089
-0.04339446
0.02397949
-0.00717987
-0.01248341
0.03516358
-0.01545511
-0.03561508
0.02848905
0.00163982
-0.00213337
0.02854077
0.07301714
0.04399107
-0.03543705
-0.02775987
0.05955369
0.00289585
0.03868062
-0.02263032
0.02812055
0.02810677
-0.01782070
0.00491005
0.01828923
-0.03339874
-0.03821279
0.04310624
0.01823991
0.05318316
-0.01301267
-0.01503368
-0.01670968
-0.02140100
0.00205650
-0.05443998
-0.00202433
-0.03857898
0.04391221
0.05837783
-0.00698340
0.03631550
-0.01329206
0.06019000
0.05170232
-0.02196375
-0.02818927
-0.02131260
0.03852065
0.02532818
-0.02307261
-0.02875136
-0.01839089
0.01828871
-0.01322771
-0.02155579
-0.00449294
0.02512516
-0.00309584
0.01697445
-0.02762110
0.04309661
0.03219476
0.03202453
0.00672306
-0.04428254
0.02667664
0.01733003
0.01543886
-0.01087902
-0.00856423
0.01753900
-0.01631841
0.03880958
-0.01594019
0.02523673
0.05152055
-0.04061333
0.04612633
-0.06997658
0.03076319
-0.00616333
-0.02008719
-0.01782247
-0.01829796
-0.01037085
0.00849515
-0.00880542
0.04173122
-0.03906190
0.03018242
0.03684926
-0.00963514
-0.01515674
-0.04788484
0.03050178
-0.03654774
-0.03465846
-0.03068380
-0.03871320
0.04096748
0.04389708
-0.04553608
0.01705199
0.00325503
0.02936286
-0.03872020
-0.03629619
0.02829105
-0.01705832
0.03867835
-0.00757699
-0.02334302
-0.02792596
-0.00914990
0.03046137
0.02725045
-0.02849702
-0.03478616
0.01458755
-0.05229514
0.00667724
0.03227817
0.04741325
0.01868935
-0.01030991
-0.01378713
0.03281101
-0.03570053
0.03285762
0.02604290
0.02362427
-0.05547430
0.01571980
0.05209541
-0.02228873
0.00545832
-0.03125264
0.02454144
-0.03328704
-0.04531714
0.02964720
0.04663690
-0.01903091
0.04355757
0.00935201
-0.02862458
0.04602152
0.01221807
0.03614122
-0.04191858
0.01684679
-0.02533855
-0.00195798
-0.02621662
-0.01191103
0.01432339
0.03027350
-0.00183028
0.04313072
-0.02068931
0.04959049
0.01177548
-0.03296616
0.01797890
0.02656436
-0.00338931
0.01307164
0.01612735
-0.02044132
-0.04793075
-0.04460550
-0.00452555
-0.00372941
0.02474021
-0.00401192
-0.02396758
0.00166590
0.01146325
-0.03506815
-0.01582126
-0.02663915
0.02591480
-0.04040669
-0.01444602
-0.03937365
0.00974579
0.02420904
-0.01812740
-0.04082697
-0.03992503
-0.01017116
0.01654066
0.01683101
-0.01985737
0.04581886
-0.04646628
-0.00184973
0.02846410
-0.06241170
0.01147130
0.00030740
0.02864403
0.02693126
0.03126701
-0.04944272
0.02110754
-0.01363886
0.04127906
0.01772069
0.03781729
0.04222910
0.00180778
-0.01194413
0.04613542
-0.00111658
0.06597724
0.03127053
0.04372784
-0.02378192
0.03635756
-0.04337595
0.01565683
0.02890105
-0.02294328
-0.03258164
-0.02573422
0.04630628
-0.02083292
-0.04747618
-0.02388549
-0.04506932
0.00834964
-0.05938587
-0.04221249
0.05164587
0.03547045
-0.09046416
-0.04247839
-0.01335625
0.03436084
0.00053735
-0.02735565
-0.04648268
0.03298429
0.00706115
0.05671610
-0.00046936
0.01392241
-0.00511668
-0.02258405
-0.04784300
0.07479340
0.02472476
-0.00134381
0.05744130
0.05233732
0.02687695
0.04983144
-0.01122583
0.02775554
-0.00663436
-0.06318655
-0.01218031
0.03629789
0.01610694
0.01758965
0.00718279
0.10295857
-0.03467403
-0.01722895
0.01232116
0.01188393
0.03510671
-0.02994453
0.03902045
-0.03135375
0.03586520
-0.02791374
-0.04611652
-0.02114096
0.02252439
-0.04903462
-0.00052544
0.02271228
0.04363036
-0.01583001
-0.04978658
0.02728025
-0.02761055
-0.02400683
-0.03969011
0.02867240
0.00813197
-0.01273278
-0.01011715
0.03870827
-0.00207416
-0.04769887
0.05396581
0.01669905
0.02922898
-0.01295500
0.01910179
0.05088704
-0.02132601
-0.01648226
-0.02302121
0.05044065
-0.05163965
0.07026828
0.04005011
-0.02617701
-0.03429333
-0.01371449
0.03169176
0.04662132
-0.03269926
0.03726446
0.02886082
0.00068744
-0.06835427
-0.00784395
-0.00253089
-0.00928445
0.01090883
0.07835662
0.04514557
0.00967927
-0.05535882
-0.00241841
-0.01108038
-0.01414500
0.01961389
0.02993494
-0.01174108
-0.00508117
0.02150979
0.04473030
-0.05031056
0.00771141
0.03831000
-0.02841091
-0.00985582
0.01317872
-0.04604217
-0.01409940
0.02501309
0.03784766
0.00789697
0.01007462
0.04426408
0.01881426
-0.01975584
0.03564989
-0.01187674
-0.00712901
-0.06522374
0.01895928
-0.06219586
-0.03000964
-0.04374247
-0.02544193
-0.00199752
0.08567534
0.02858664
0.03102245
0.03090737
0.04600121
0.02292938
0.03703076
-0.01380573
-0.04918730
-0.00853091
-0.06934728
-0.02265912
0.02826748
0.02536060
-0.02144619
0.04645299
0.01117517
-0.03538338
-0.00739789
0.00974527
0.04006683
-0.01855478
0.01114623
0.00320404
-0.04100090
0.05339870
-0.01795073
0.05003580
0.02712960
-0.04620667
0.03631565
0.02605331
-0.01750126
0.04279288
0.03021047
0.01011593
-0.01134371
-0.03193725
-0.04824016
0.06936806
-0.05015416
0.01727021
0.02424613
-0.01414259
-0.05481527
-0.02522727
0.07595424
-0.04425450
0.01538033
-0.03734325
-0.03152545
0.05339415
-0.01901626
-0.04840290
0.00429027
-0.07538279
-0.02137112
-0.02696015
-0.03091915
-0.01403831
-0.03270416
-0.05691187
0.01823454
-0.01606927
0.03246763
-0.02287638
0.01328429
0.01532081
-0.02536974
0.04973305
-0.06875326
-0.01453182
0.01492968
0.00786222
0.00291454
0.03692054
0.02466108
-0.01822652
0.03864666
0.06547708
-0.01480561
0.01708006
-0.02526873
0.01746034
0.01132429
-0.00156129
-0.01394057
-0.00548813
0.04300502
-0.06608697
-0.00546199
0.02379124
0.02692393
-0.00756117
0.01964660
0.02567388
-0.00702265
-0.02044266
0.07842229
-0.04292584
-0.02055443
-0.00348180
0.02648724
-0.00786093
0.04554601
0.04019574
-0.02301663
-0.02137537
0.05116014
0.09325158
0.00126620
-0.04512204
0.00472378
-0.05415694
0.02432584
0.00860585
0.00767700
-0.01872776
0.04527830
0.01564615
0.00557018
-0.00109123
-0.01999298
0.03823338
0.01614714
-0.01611099
-0.03755755
0.03064155
0.01805769
-0.01274487
0.05605974
-0.04340541
0.03240506
0.00983016
-0.00462484
0.00423177
-0.05189658
0.01655789
0.00420614
-0.03349952
-0.02308482
-0.00066249
0.04697494
-0.03778087
-0.00307849
-0.03536566
0.04408437
-0.01786106
-0.01895627
-0.00519821
0.01512583
0.00472363
-0.03210954
0.01233000
0.00561152
-0.02526889
0.03936265
-0.00204889
-0.03337529
-0.02194187
0.04505199
0.01038362
0.02514596
-0.00623011
0.01004750
0.04031532
0.02837512
-0.00796315
0.00880545
0.02692804
0.04586210
0.02717719
-0.00813327
0.05779236
0.03709169
0.04092679
-0.00666027
-0.02882701
0.02196852
0.03500762
-0.04640345
-0.00430092
-0.02277651
0.01704135
-0.04421318
0.01447885
0.05152194
0.03940329
0.03112554
0.00279957
-0.04839096
0.00992833
-0.03716327
0.02204220
-0.04822625
-0.04477386
0.04172996
-0.02264917
0.05706886
0.00416987
0.02660879
0.03477229
0.00371565
-0.03512233
-0.00827171
0.02337429
0.03413425
0.03483129
0.01927881
-0.00548793
0.00064495
-0.05286150
-0.03343296
0.02145144
0.00504760
-0.01495413
-0.00087304
-0.01804335
0.01616132
-0.02888622
-0.01067538
-0.02075496
0.01187760
0.03916280
-0.00627772
-0.01689082
0.04290463
0.01036816
0.03553975
-0.01252327
-0.04177983
-0.02035193
0.05414917
0.01024880
0.00353336
-0.04360456
0.03867482
-0.02557154
0.02143290
0.00100650
-0.04098615
0.03478809
0.04296964
-0.04019544
0.03978916
-0.01803948
0.03135045
0.04638199
-0.02960416
0.03950189
-0.00429634
-0.01315105
0.03053435
0.00968911
0.02750620
-0.04052047
0.02513525
-0.01194611
-0.01860122
0.00972345
0.01207088
0.01875022
-0.04453176
0.05097786
0.04835391
-0.02892288
0.00085449
-0.01301698
0.00108528
-0.00873110
0.00525762
0.02884488
0.05923487
-0.05035435
0.01304336
0.00957431
-0.01266111
-0.02020238
-0.00369913
-0.01422808
-0.05611529
-0.01365612
0.00293884
0.05214456
-0.00684842
0.00083497
-0.02240624
-0.02259959
0.03869666
-0.03079931
-0.04703037
0.00742157
-0.03615461
0.03548315
-0.03409973
0.02490761
-0.02982909
0.01698869
0.01331364
-0.03961077
-0.02325532
0.02434910
-0.00314825
-0.05120381
0.01463587
0.00339110
-0.03718995
-0.03007699
-0.04890180
-0.02481806
-0.00876888
0.00431501
-0.02771489
0.01229343
-0.00761481
0.04131368
-0.02823643
-0.02238077
0.00519562
-0.05532587
0.02734876
-0.01411054
-0.00588778
-0.03558914
0.04289033
0.02045647
-0.02723081
-0.00480773
0.04837679
0.02495389
-0.01054116
-0.02024642
-0.04128780
0.02241830
-0.01807915
-0.01260621
0.03080609
-0.04251104
0.04930873
-0.00160476
-0.03577872
0.01820682
0.02945437
-0.02240929
0.02888461
0.00053283
0.02381410
-0.03439355
-0.01358328
0.02800567
-0.01959283
0.00053079
-0.00651610
-0.00716769
-0.01060249
-0.01462033
-0.02548260
-0.01063425
-0.03610383
0.04615495
-0.02029369
-0.04921008
0.00385318
-0.00416460
0.05837322
0.01199175
0.01162950
0.04198595
0.03628119
-0.03184206
0.00230175
-0.02780325
0.02260032
0.03609712
0.00053473
-0.05013619
-0.04397859
-0.02426550
-0.04006720
-0.04849282
-0.04211719
-0.04339949
-0.03533690
-0.04489573
-0.01519661
-0.04416960
-0.03655733
-0.00538719
0.00487366
0.00727558
-0.04154868
-0.00347545
0.03035582
-0.02234503
0.01821156
-0.01120463
0.04289319
-0.03648481
-0.03682797
0.03077077
0.03465734
0.04518411
0.04399625
0.04680203
0.02534074
-0.04451631
0.04173464
0.03296777
0.04114951
0.00440196
0.01872577
0.02775724
-0.01137181
-0.04559166
0.03652766
-0.03702871
0.03079237
-0.04055922
0.03590003
-0.00469959
0.04060970
0.03305166
0.02991764
-0.04662295
0.00759479
0.00012311
0.03615880
-0.02606200
-0.02600230
0.05150946
0.01910214
-0.01036271
-0.01387238
0.05511968
-0.01367349
0.05203456
0.01959504
0.01533807
-0.00179372
-0.05004499
-0.02222203
-0.04133683
-0.00609611
0.02767409
0.02356520
-0.03652096
0.01427760
0.02514406
0.03672125
-0.00638329
0.02039940
0.01498331
-0.05274038
-0.02434257
0.06457678
0.04282086
0.00210511
-0.03114547
0.06791442
0.01671830
0.03780772
0.02204322
-0.04840349
0.03356812
0.01392291
0.00105073
0.02725377
-0.01663611
0.04710139
-0.02234094
-0.04350699
-0.03357573
0.00948297
-0.04880538
0.03809441
-0.00704599
-0.00163368
-0.02755521
0.03820755
0.04434326
0.02869587
-0.03092485
0.05027241
0.02916680
-0.00590076
0.00537665
-0.04168721
-0.02806182
-0.03751707
-0.02355176
-0.03348228
-0.00853643
-0.04481151
0.00466196
-0.03320576
-0.03289355
-0.01912037
0.04881358
0.03331370
0.00655726
0.00297794
0.02017216
-0.01486952
-0.03162877
-0.02878838
-0.02671663
-0.05050193
0.00554702
-0.00911282
0.00983223
-0.01349095
-0.02705336
0.03620005
-0.01989931
0.01144036
-0.02883950
0.03412439
-0.01863953
-0.00678554
0.02597182
-0.00563878
0.04676085
0.01445702
0.00955390
0.05165768
-0.01481923
-0.02227037
0.00898637
-0.01671488
-0.03685048
0.01543161
-0.03389774
-0.03268020
0.02897829
0.00215130
0.03697232
-0.03262230
0.02767795
-0.01713603
0.03445198
0.07778952
0.03130043
-0.02631183
0.01655949
0.00341549
-0.03502668
-0.04548148
-0.05006293
-0.02978493
-0.03010989
-0.03094556
0.02906978
0.03320495
0.00734578
0.03536715
-0.01251751
0.05037193
0.02271207
0.02573360
-0.01545336
-0.01978060
0.02144308
-0.03209042
-0.03180413
0.00232567
-0.00473070
0.01560176
-0.04443477
0.01376960
0.03391262
-0.02432406
0.02950560
-0.01515030
0.00582212
-0.00607952
-0.03719191
-0.03361049
-0.02519870
0.04323308
-0.02427684
0.00442061
-0.01777963
0.03658156
-0.01247479
0.01860864
0.01099098
0.02897592
0.04650828
0.01514077
-0.00831080
-0.05408936
-0.01604436
0.00199065
-0.04296883
-0.05327066
-0.00106704
0.00073683
0.02140677
0.05360813
0.00675657
0.00746726
-0.00600236
-0.04804597
0.02643545
0.04139878
0.00847634
0.04375866
0.04506839
0.03363419
0.01048698
0.03249141
-0.04436368
-0.00535084
0.02889072
-0.01584307
0.04606339
-0.04400742
-0.03961180
0.03689359
-0.02514154
0.03879412
0.06089625
-0.05315708
-0.02408395
0.03449133
-0.00660685
-0.01399548
-0.01840979
0.04561590
-0.05362916
-0.03777094
0.01224979
-0.02303986
-0.02252399
0.04173953
-0.00464323
-0.00418457
-0.04563095
0.02518095
0.01540863
-0.04323189
-0.02821952
0.04719899
0.01238607
0.02417825
-0.00116615
-0.04121375
-0.01620756
-0.03769313
0.00457485
0.00087244
0.02774023
-0.03563919
-0.02744940
0.00623127
-0.04523091
0.03916095
-0.00264480
0.01708331
0.04684537
0.01690990
-0.03629154
-0.00169451
-0.04042466
0.00308478
0.01416375
-0.02459539
0.01371644
-0.02116208
-0.04281076
-0.04399887
-0.03980281
-0.00792080
-0.01616273
-0.04585461
0.02085117
0.02055145
-0.00615099
0.04686805
-0.02215654
0.02854683
-0.03895107
0.04036260
0.03551361
-0.01744170
0.02385718
0.00773633
-0.01450892
0.01429881
0.00365209
-0.03825349
-0.01858681
-0.04734518
-0.00161703
0.01954462
0.03423413
-0.00868520
-0.03327795
-0.05092092
-0.04434660
-0.05457011
0.03912224
-0.01988830
0.01288706
0.03823451
-0.00845394
0.00881913
-0.01435917
-0.00612658
0.01557022
0.01864400
0.01515104
0.03067116
-0.02361592
0.00253580
0.02718770
-0.00143037
-0.01753061
0.03720906
-0.00796816
-0.01221395
0.00269179
-0.04081988
-0.01224397
0.02080823
0.00601661
-0.02465209
0.00152848
0.03462045
-0.00943520
0.00670210
0.02148525
-0.00217246
-0.02774998
-0.03625036
0.01328444
-0.02025153
0.00019654
-0.00187996
-0.03367059
-0.02391889
0.01220654
-0.00509990
-0.02097975
-0.00881145
0.02996625
0.04199680
-0.01445781
-0.02643496
-0.01169890
0.01431716
0.01737817
0.02877615
0.04170413
-0.03639944
0.04036884
0.03325900
0.00535822
0.03311972
-0.01829412
-0.01144918
0.03976833
0.00188827
0.03946306
-0.02047928
0.04933326
0.02022765
0.03106455
0.04602867
0.00963649
-0.01020462
-0.00437371
0.01299461
-0.04533467
-0.02675149
-0.03559555
-0.02778038
0.02451827
-0.05047729
-0.04243335
0.01620035
-0.01342499
0.01681283
0.02099633
-0.04415341
0.00817169
0.04833568
-0.00450401
-0.03916278
0.04004390
-0.02755287
0.00488664
-0.01960171
0.03540764
-0.04858822
0.00254464
-0.00614359
-0.00926573
0.02787763
0.01088463
-0.04739892
0.01439775
0.02551882
0.04525588
-0.00617824
-0.00357287
0.01656943
0.01671503
-0.00007037
0.04858410
-0.02147509
0.00048501
0.04482999
0.00269422
-0.03901749
-0.03296638
0.02674246
-0.03860330
-0.03552394
0.03632822
0.04674953
-0.02024308
-0.03287181
0.01634420
0.03482207
0.01042357
-0.04151594
0.00670737
-0.01001751
-0.04665085
-0.03601203
0.01698580
-0.00704911
0.00730268
0.04734908
0.02245836
0.01619714
-0.02200261
-0.00891776
-0.03051953
-0.01373546
0.03707839
0.00101079
-0.01949459
-0.04166736
-0.02814197
-0.03336909
0.00383738
-0.03856409
0.03377867
-0.04049359
-0.04903441
-0.01457233
0.02207885
-0.04086120
0.00507590
0.02744313
0.03442517
-0.02582826
-0.02208908
-0.03370116
0.04822739
-0.04927354
-0.04274969
0.01674437
-0.01875071
-0.00793489
-0.04281126
-0.01616969
0.01676346
-0.02272025
-0.02997526
0.03394769
-0.00452017
-0.01732044
-0.00958644
0.00888107
-0.02695088
-0.02671799
-0.00263151
-0.04287865
0.02553399
-0.00048307
-0.04569471
-0.00368554
-0.04894756
0.03884332
-0.02713019
0.02729244
0.01613528
0.01843556
0.03323345
-0.01588411
-0.00778713
-0.03238619
0.04291826
-0.01970444
0.04616766
-0.04177255
0.02308462
0.02604256
-0.02947851
0.01392255
0.00147508
-0.02415559
-0.01953474
0.00051575
-0.01787639
0.02829337
0.01813161
0.00789687
-0.02992161
0.01120463
0.03933265
-0.04142278
-0.03213222
-0.03458810
0.02528093
0.04018223
0.03910840
0.01139251
0.03122997
-0.02073956
-0.02681926
0.04825193
-0.03852429
0.02995691
-0.03993388
0.04467283
0.01427185
-0.00174696
0.04063577
0.00468660
0.02118348
-0.04956682
0.00336170
0.00894546
0.02164960
-0.02092130
0.00196680
0.01576510
0.00021305
0.00709175
0.01740974
0.04789757
0.04188555
0.04621809
-0.01085224
0.00548279
-0.03601024
-0.02769391
-0.02469208
-0.03239119
0.02081638
0.00072072
0.04809034
0.02482374
0.00133945
0.02637877
0.03051129
-0.03505369
-0.02966330
-0.00459240
0.02719162
0.02989265
0.04337718
-0.03832100
0.01162831
-0.03415932
-0.01590157
-0.00148550
0.04284149
0.02825639
0.00700116
-0.03781167
-0.04158495
0.03471591
0.00923302
-0.01438157
-0.01622470
-0.04263200
0.02380286
0.03535031
-0.01569055
0.00307516
-0.01694111
-0.02781121
0.01260507
-0.02249544
-0.02778992
-0.03470316
-0.02577140
0.02816996
-0.03137642
0.01357170
-0.02698752
0.04178259
-0.04327908
0.04334218
0.02256644
-0.02247041
-0.02969871
0.01516078
0.00199938
0.00474764
0.00304968
0.01597620
-0.03445690
-0.04819147
0.00507850
-0.04952919
0.00685346
0.04787313
-0.00433159
0.03836929
0.02326727
0.02090116
0.03937657
0.01000012
-0.04766905
0.00886762
0.00421419
-0.03948025
-0.04584617
0.04066868
-0.04146200
0.00218254
0.02221882
-0.04853333
-0.03943996
0.04547689
0.00975983
-0.03728741
0.03581609
0.02195312
-0.04820184
-0.04055159
-0.02898449
0.02717487
0.01444525
-0.04804732
-0.04854507
-0.04126376
-0.00604980
-0.03171249
-0.04581754
0.01299309
0.01273892
-0.00253440
0.05127015
-0.01086747
0.02180150
-0.00594678
0.01455836
-0.03038622
-0.04291999
-0.00495838
-0.01100400
0.04259314
0.00220962
-0.04798593
-0.03184414
0.03016735
0.00586316
0.02754237
0.04640983
0.00972808
-0.00773885
-0.01007925
0.00947585
-0.00017797
0.03664766
0.00259438
0.02861608
0.02865351
-0.02431596
-0.01654342
-0.03950972
-0.01049555
0.03084821
-0.02845891
-0.04534184
0.02961059
-0.01583889
-0.03990972
0.02913792
0.03231181
0.00551150
-0.04793744
0.00556674
-0.01291187
-0.00281493
0.00563869
-0.02748671
-0.03600474
0.02298437
0.00727296
0.04214603
0.03594950
0.02318290
-0.02392746
0.04132590
-0.00179468
0.03927190
-0.00963289
0.01979905
-0.02721207
-0.02552495
0.00927149
-0.02703405
-0.01008802
-0.01597959
0.01520809
0.00902667
0.00306551
0.00694972
0.02134179
0.03286240
0.01870024
-0.04755868
0.01072739
0.03626743
-0.01381570
0.00947333
0.03328976
-0.02003874
-0.01806148
-0.01893893
-0.04760499
0.00296333
-0.02324889
0.01638443
-0.03628377
-0.02371988
0.01256231
-0.01269073
-0.04825893
0.02748808
0.01879591
0.03747908
0.00624614
-0.05054899
-0.00540839
0.01205146
0.03336273
-0.03110739
0.01102383
-0.04545925
-0.01928258
-0.04035945
0.00522884
-0.00926133
-0.00688603
-0.03756633
-0.04714910
0.02463752
-0.00500199
0.01863078
0.00400950
0.05608564
0.02147598
-0.00554489
0.03078718
-0.00289210
-0.00229183
0.01839055
-0.02709638
0.02707113
0.00395616
-0.03193416
-0.04824747
0.03875360
-0.02832407
-0.00548319
0.01728332
-0.04935881
0.05083495
0.03188973
0.03825992
0.01234597
-0.03302058
-0.02780082
0.01142622
-0.04184604
0.01335548
-0.01533836
0.04804834
-0.00854963
-0.00628480
0.02876253
-0.04079888
-0.00900245
0.00693842
-0.04640424
-0.03228586
0.04194834
0.03172933
-0.00104553
-0.00475981
-0.00575709
-0.00033706
-0.07635287
-0.04522233
-0.04516769
-0.00685176
-0.03225835
-0.00890969
-0.02559294
-0.00269401
0.00466306
-0.03769299
-0.04257987
-0.01247431
-0.02407519
0.01869498
-0.03702524
0.02588003
0.03197629
-0.02242286
0.03021674
0.04047020
0.03545246
0.04041911
0.03330689
-0.00802572
0.05173015
0.02331983
0.02822621
-0.00179834
-0.05175117
-0.03755877
0.03335077
-0.01465365
-0.02215776
-0.04654728
0.06565264
-0.06055404
0.02710370
-0.00401096
0.00659270
0.04138792
0.00321605
-0.04605545
-0.02283111
-0.00792843
-0.03819302
0.00542792
0.04360830
0.03102541
-0.01769838
0.02006021
0.05665792
-0.02498639
0.01519615
0.03633331
-0.03846804
-0.04098938
-0.00535375
-0.04958984
-0.00911035
-0.03395680
0.04312995
0.01205103
0.00879956
0.03522765
-0.00567880
0.02416479
-0.02193023
0.03037236
0.01842778
0.02503280
-0.05938748
0.02587254
0.01746511
0.00268378
0.02173535
0.01428069
0.03092934
0.03061813
0.03324990
0.02450230
0.01790301
-0.01707684
0.01800601
-0.00434833
0.01345621
-0.02808199
0.04011163
-0.00844715
0.02621358
-0.00012334
0.04266486
-0.04304314
0.03991305
-0.01574984
0.00505438
0.05181967
0.02880533
0.02155728
-0.04469167
0.04373553
0.04193956
0.02542609
0.03305717
0.03411937
-0.00909924
0.05442904
0.02086352
0.00918937
0.05253350
0.01644687
-0.01307583
-0.02959531
0.02198273
-0.01043386
0.04012454
0.03885283
0.02981972
0.01149415
0.02586704
-0.04108047
0.01702895
-0.00486292
0.00939375
-0.03424007
-0.02717970
-0.00700854
0.02824415
0.04519103
-0.03128304
-0.00311990
0.05428608
0.00654207
-0.01292775
0.03585548
0.03064156
0.00082469
-0.05047032
0.03956267
0.03947194
0.04307562
0.01065086
0.01332476
0.01241872
0.01660421
-0.00359003
0.02863608
-0.00334151
0.02957310
-0.02550890
-0.03872185
-0.04025508
-0.05420997
-0.01562516
-0.00437951
0.03429825
-0.02711190
0.04210213
0.02651351
0.03205517
0.00230098
0.05478525
-0.00807402
0.01518393
-0.03090397
-0.04370552
-0.01541152
-0.02103298
-0.00276549
0.04974109
-0.01778034
-0.03983989
-0.00807169
0.03386864
-0.02885643
-0.02870572
-0.01936059
-0.03752000
-0.04514923
-0.01841399
0.00387489
-0.03896644
0.01683808
0.04258575
-0.00750288
-0.02506139
-0.00452781
-0.02890299
-0.03388469
0.02493829
0.01094611
-0.01626922
-0.00744673
0.00359034
0.00188301
0.00062555
-0.05399468
0.06154241
0.04272490
-0.02236196
0.01073705
0.03343199
-0.03518960
0.03679354
0.00880564
-0.02867039
0.00586579
-0.00127413
0.01751887
0.06060219
-0.02535204
-0.01149565
-0.02282263
0.07930659
-0.03595610
-0.04793547
0.01008962
0.03225850
-0.05406619
-0.03782206
0.02295233
-0.01870752
-0.02505539
0.05780424
-0.00778746
0.00864510
-0.04349206
-0.00018464
-0.02547809
0.05302142
-0.00432602
-0.05598749
0.05679090
-0.02075437
0.06043775
0.02639493
0.01044077
-0.05908031
-0.01026592
-0.07409832
-0.00653803
0.01160170
-0.00831528
0.03974924
0.01562045
-0.00915351
-0.03742724
-0.06470343
0.01150939
0.00768412
0.01946738
0.00155921
-0.04975896
-0.02959116
-0.04352202
-0.00682807
0.01933045
-0.04837193
0.01186952
-0.03770036
0.01019636
0.04317994
0.08961844
-0.04143177
0.03291132
0.03441558
-0.00547686
-0.02407896
0.04385092
0.01011709
0.07288934
-0.04485030
0.00688874
-0.02155264
0.01580666
-0.03243635
0.03372982
0.02444468
0.06596473
-0.03533290
-0.01598914
0.00716363
-0.04065863
0.05548947
0.04261706
0.01577516
-0.04711336
0.03318951
-0.01671006
0.04804532
-0.03386254
0.01748094
-0.00581484
-0.05845282
-0.01474340
-0.00383992
0.03309760
-0.01044968
0.05253111
0.02753581
0.00258847
-0.00741054
-0.02662690
0.03112093
0.00293130
-0.06412190
0.04040686
0.02967068
-0.04980752
-0.00163143
0.05098677
-0.00181612
-0.00185539
-0.04702618
0.01479027
-0.00495828
0.00000897
-0.01014340
0.03012089
0.00168569
0.03405879
0.01973955
0.02737201
0.07879322
-0.03313945
0.00370782
-0.03708178
-0.02040482
0.04553873
0.00596936
0.00536737
0.04055989
-0.00621323
0.01993518
-0.02313293
0.01965975
-0.06327138
0.00820802
-0.05034384
-0.01639928
-0.04954871
-0.01634099
-0.01042727
-0.05340418
-0.01419812
0.02378135
0.01223746
-0.01908525
-0.03554309
-0.02417583
0.01609241
-0.00390018
-0.05418818
0.04169152
-0.01189138
0.04094732
-0.01196937
-0.00877471
0.02844814
-0.03858541
-0.06694449
0.01984630
-0.03894677
0.02704065
0.03905343
0.03236821
-0.03524198
-0.02318942
-0.03047379
0.00342367
-0.01043739
-0.03905337
-0.01876860
-0.04775991
0.02172786
-0.01167986
-0.02804158
0.03920675
0.00268624
0.04048651
0.07559104
-0.02360957
-0.01004548
0.07506554
0.08108988
0.06485865
-0.03777592
0.04087843
0.02440205
0.03643427
0.01032796
-0.05530819
-0.00751068
-0.02720520
0.04179674
0.00694915
0.07195280
0.01989834
0.03656998
0.00402316
-0.00850306
0.03951037
0.03340555
0.00755196
-0.03422540
-0.01603164
0.04228587
-0.00342426
0.02272031
0.06064310
0.03550956
-0.03246827
-0.04911481
0.00163397
-0.02100696
-0.00897237
-0.02346878
0.02313390
-0.01778411
0.02473697
-0.02400311
-0.06815480
0.00744694
0.04524605
0.00721145
0.02454906
-0.01987114
-0.00128694
0.01003191
-0.03082734
-0.03714098
0.00697839
0.06044096
-0.04359572
-0.01832417
0.00310956
-0.03119143
-0.03734756
-0.03189195
-0.01562979
-0.05453615
0.04461784
0.02661644
0.03606657
-0.01805931
0.02780688
0.02631694
-0.02548731
0.00827724
-0.05777358
0.04115117
0.00893634
-0.01178351
0.08547749
0.03977844
-0.04280151
0.00852754
0.03192742
0.01835736
-0.04119075
-0.03393485
-0.03373886
0.00107858
0.07668228
-0.00211437
0.00438361
0.06090329
0.04107764
0.01032091
-0.03100945
-0.02706206
0.02758150
-0.03274268
-0.01203572
-0.03843395
-0.03745642
0.06796756
-0.02632267
-0.07581864
0.01460877
0.05906157
-0.02122251
-0.02492429
0.04154558
-0.03437645
0.04418612
-0.00419468
-0.03029626
-0.04731643
-0.04807711
-0.05432816
-0.04203595
-0.01260245
-0.07368931
-0.02545350
-0.07834951
0.05276731
0.00310561
-0.04174846
-0.00229466
0.08412316
-0.06807943
-0.04888878
0.02383452
0.07992986
-0.04393523
-0.02514166
0.03723162
0.00446752
-0.06360321
-0.04312383
0.02045432
-0.01047431
0.06655052
0.00307607
0.00856580
-0.00822374
-0.03829582
-0.00560654
0.00335843
-0.01107920
0.03490830
0.07299910
0.00914031
0.03238567
0.03094810
-0.02536100
-0.01922489
0.01799146
0.02444983
-0.02784010
-0.00918960
-0.01904195
-0.03439004
-0.03370017
0.02218813
0.05491911
-0.04840713
-0.07780740
-0.01844749
0.02870592
0.04100674
-0.00334707
0.00488752
0.02940109
0.03373510
0.03909773
-0.01863807
0.05899264
0.02631354
0.00365359
0.05204855
0.04989169
0.03853500
0.02886648
0.02890560
-0.04586533
0.01171425
-0.05694366
0.00673777
-0.01112290
-0.06019392
-0.00439396
-0.06788625
0.02031750
0.01869158
0.03623583
-0.06054451
-0.01834216
0.03598079
-0.08320116
0.00212311
-0.06461289
-0.01568516
0.05158326
0.01142745
0.03914738
-0.01034697
0.02772057
0.01167424
-0.06936206
-0.01322591
0.01930082
0.06210166
-0.00919361
-0.01319920
-0.03534529
0.07315807
0.02710278
-0.03898171
-0.04263177
-0.04033769
0.05382931
0.03093336
0.01609139
-0.04383927
0.02436277
0.01979586
0.01429128
0.00032893
0.03880879
-0.00441969
0.02770740
0.06290813
-0.04052891
0.02734956
0.06203237
-0.01805137
-0.00309893
-0.07116184
-0.04214181
-0.01213094
0.03003341
0.02228139
0.09354842
-0.02910571
-0.00466007
-0.05458312
-0.06379477
0.02034439
-0.02733642
0.06789037
-0.02181007
-0.03841713
-0.00235134
-0.06585398
-0.04115783
0.02394389
0.01483575
-0.00422888
0.06806244
0.02357722
-0.03300839
0.00980468
0.03997375
0.00928744
0.00921482
0.04319887
0.02153581
-0.04406679
-0.03380161
0.05504088
-0.02804387
-0.05028682
0.02760976
0.01992759
-0.01628815
-0.00846300
-0.03336856
0.03031883
-0.08570219
-0.04210710
0.01030314
-0.00285862
0.01346344
-0.07012693
-0.03883545
-0.05139177
-0.01428047
-0.04310992
0.03692024
-0.01667953
-0.03253658
-0.00946211
0.04065537
0.00721803
0.02701500
-0.02354425
0.04424442
0.02451462
-0.03207909
0.02366097
-0.02304634
-0.02619993
-0.03364556
0.04351884
0.02533872
-0.03460861
0.01830512
-0.00269037
0.00065793
-0.05493751
0.03060812
-0.01405568
-0.01156219
0.03636160
0.04059766
-0.03187329
-0.03980380
-0.02082913
0.03424153
-0.01589130
0.01172058
0.05746483
0.02234151
-0.01181642
0.00936541
-0.03615538
0.01097159
0.03599573
0.03788497
0.04921580
0.05294751
-0.02561484
-0.03588876
-0.02735932
0.01568638
0.01714253
0.07654949
-0.01681647
-0.00774966
0.02096348
-0.05007376
-0.02715109
0.05227735
-0.01891187
-0.05384904
-0.03734382
0.04076181
-0.03596773
-0.01022197
-0.00578106
-0.05388463
-0.00988104
-0.03110062
-0.00308175
0.00031328
0.06808450
-0.01003963
-0.00803059
0.03700063
-0.03225093
0.06766044
-0.02547797
-0.08383499
0.00101338
0.05309067
0.01714601
0.03031222
0.02151741
-0.01302036
-0.00541644
0.02673166
0.01977566
0.04838586
-0.03132363
0.01471362
0.00525537
-0.00152677
-0.02295275
-0.02975947
-0.03259610
0.02083103
-0.02912321
-0.00035983
-0.02090175
-0.01007872
-0.08424281
0.01275756
0.02688833
0.04317161
-0.02417596
-0.00532041
0.05072671
-0.05102115
-0.03427293
-0.03299303
0.03832603
-0.04056859
0.08361335
-0.02968932
-0.03659751
0.04144593
-0.03388985
-0.01792357
-0.06192457
-0.02147723
0.01051811
-0.00367335
0.01548479
0.01801978
0.02431529
0.03909151
-0.02298963
0.04215187
-0.02960235
-0.04878403
0.02129949
0.02296776
0.04604080
0.01039787
-0.02584422
0.01778636
-0.00104174
0.00132086
-0.04941947
0.02020591
0.04072370
0.00228694
0.03766414
0.00543539
-0.03219687
-0.01799997
-0.02749469
0.00492099
0.00517384
0.03921206
0.06347005
-0.00774607
0.01942181
0.02782014
-0.02713511
-0.01906398
0.00030306
0.02556129
0.01452202
-0.01692093
-0.04290128
-0.03315348
-0.01153739
-0.02308601
0.01788347
0.08173692
-0.00531649
-0.05371183
0.07999276
0.03306878
-0.01429511
0.02916275
0.05432573
0.01462078
-0.02502979
0.02114473
0.03189144
-0.01526394
0.02228655
0.02443015
0.01362844
0.07580134
-0.04042056
0.05008163
0.07390225
0.03452491
-0.02890906
-0.01893794
0.03228676
0.04900927
0.03116744
-0.03115341
-0.05121579
0.02661045
0.00821158
0.03347477
0.02558071
-0.05303966
0.00660911
-0.00177704
-0.01516740
0.01525980
-0.01512957
-0.08690494
-0.00764702
-0.00712067
-0.03215258
-0.05712717
0.07276433
-0.00563534
-0.00271418
-0.03225072
0.01525852
0.03418083
0.03459008
0.00030387
0.05021239
-0.01943766
0.00855949
-0.00140018
0.00396508
-0.03346094
0.04870183
-0.01174070
-0.04288853
0.02158445
-0.03643688
-0.03177232
-0.01452979
-0.02269753
0.00857888
0.04221684
0.06691824
0.05067348
0.02829526
0.10465821
0.00979668
0.00519770
0.03098412
0.05785460
-0.03968697
-0.00986192
0.01125143
0.04532820
0.07415198
-0.02660074
0.03464692
-0.04999954
-0.06224581
0.00296719
-0.00585951
0.06685926
-0.02762005
0.03262077
0.06219066
0.01892763
0.04039621
-0.01611026
0.03039787
-0.03632118
0.00429756
0.04091668
0.01923614
0.05691639
-0.02237661
-0.04390458
0.01516431
0.00845203
0.04519316
-0.00296925
-0.00157789
-0.01947923
-0.05050233
-0.03724639
-0.02369208
0.03425700
-0.01906416
-0.02245230
0.04615286
0.02133064
-0.02228803
-0.04407926
0.00232042
-0.01835792
-0.01304085
-0.03526383
-0.01646882
0.03471213
0.01291859
0.03574856
-0.05453321
0.05052121
-0.02703044
0.02097348
-0.01439894
-0.03022120
-0.03065832
-0.01882833
0.03166291
-0.04883185
-0.00435551
-0.00391512
-0.00602591
0.04426352
-0.00777631
0.01219956
0.02138590
0.02460518
0.01451499
-0.04538666
0.03286987
-0.00067994
-0.00710848
0.05164156
0.00387693
-0.00116352
-0.01796309
0.02750028
0.06841499
-0.03445268
-0.02879415
-0.01881468
0.00093478
-0.02492543
-0.07161082
0.05424689
0.03145929
0.04841682
0.06350543
0.01187565
-0.00400275
-0.02942648
-0.03768972
0.01372439
-0.02889050
0.00378006
-0.02389752
0.01902443
0.01817948
0.02304334
-0.00100098
0.02709463
-0.02010462
0.03454428
0.03204139
-0.00916152
0.02406994
0.01612983
-0.03689990
-0.01007863
0.01818274
-0.02590276
0.02165945
0.00371007
-0.04651305
-0.04024471
0.05269774
-0.03148486
-0.00561024
0.02261661
-0.01776715
0.02875856
0.00681743
-0.01421808
0.02335693
0.00607494
-0.02768594
0.04470280
0.02771453
0.04693757
0.00398907
0.05264392
0.03061626
-0.05063374
-0.03959365
-0.00393603
-0.03071677
0.02000373
0.02128221
0.01839002
0.02886957
-0.02347764
0.05158148
-0.00862938
-0.02345819
0.03707163
-0.01757746
0.00172043
0.04248511
-0.03621506
0.02299943
0.02395945
-0.00076222
0.05052798
0.01467275
-0.02950232
0.01811619
0.03715999
0.00187218
-0.00285220
0.04120104
-0.00199908
-0.00743418
-0.02561647
0.02407260
-0.00100384
-0.04068947
0.04438560
0.04785276
-0.03176023
-0.01398953
-0.00755270
0.03127931
-0.03344180
-0.02612348
-0.01603465
-0.04196487
-0.00128891
-0.01961069
0.02820368
-0.01360702
-0.00422053
-0.04042174
0.00460660
0.00977502
-0.01702313
-0.03064911
0.04312281
-0.01072465
-0.03325532
-0.03217739
-0.04828361
0.03896367
-0.00405883
-0.01182581
0.00720320
0.04666484
0.03099162
0.04537709
0.04373945
0.01372119
0.03507915
-0.04179509
0.01022296
0.03200531
0.03364730
-0.04265336
0.01504605
0.02610560
-0.00560190
0.04862680
0.00456552
0.00983075
-0.01845778
0.03062717
-0.00925948
0.01395884
-0.03391425
-0.02757389
0.02178442
0.01837042
-0.00112944
-0.03242808
-0.02562983
0.03913235
0.03347968
-0.00032620
0.04993332
-0.03599079
-0.03655978
0.03245950
-0.02190017
0.00146124
0.05701406
-0.02827176
0.02827380
-0.03571161
-0.01539598
-0.03354431
-0.00603417
-0.01782790
-0.03216786
0.00625646
-0.04733210
-0.01828758
-0.01766221
-0.00240325
-0.01133542
0.01808617
0.01023367
-0.01410024
0.03706546
0.02440887
0.03156249
-0.04494014
-0.04710836
0.03352085
0.01890539
-0.00595905
-0.03779991
-0.02045969
-0.03172876
-0.02096951
-0.03604363
-0.02303782
0.04665428
0.02805948
-0.04398808
-0.00475267
-0.01622463
-0.01324433
-0.02897631
-0.00803450
0.04192779
0.02527278
0.04307821
0.02285063
-0.02654176
0.00159705
-0.01191753
-0.04778833
-0.00593932
0.00870216
-0.00419907
-0.03201170
0.02401054
-0.01326906
0.01702052
0.04183049
-0.04910062
0.00388432
-0.00657062
0.05157980
0.03331049
-0.04720608
-0.01114328
0.01810758
0.00057260
-0.03117445
0.02086567
-0.04459966
-0.01816438
0.00536720
-0.00255031
-0.00297856
0.02918888
-0.00094500
-0.03451202
-0.04762184
0.04089217
0.03062822
-0.01417810
0.03960508
0.03120750
-0.01376651
-0.03179076
-0.03701282
0.02008191
-0.02031936
0.02506024
0.03013025
-0.00772917
-0.04111929
0.05617910
-0.04832033
-0.01455546
-0.02739020
0.03988292
-0.00256357
-0.00369951
-0.02030665
-0.03116893
0.03888498
0.01961538
-0.00044269
0.02970175
0.01212106
0.01743047
0.02875679
-0.02373626
0.03202974
0.00441426
-0.00245690
-0.00600776
-0.01927181
0.00288037
0.01437318
-0.00281133
-0.05353694
-0.07604166
0.00741435
0.06637304
-0.03948657
-0.02244448
0.02694542
0.02216090
-0.01045141
-0.04457024
-0.01983885
-0.03971179
0.01600190
0.00315523
0.02447682
0.03547924
-0.03471683
-0.02832926
-0.07188106
-0.00166222
-0.02127714
0.02806094
0.00307020
-0.02051619
-0.04654415
0.02160647
-0.00302500
0.02216864
-0.01379021
0.01096749
0.04843559
0.01070413
-0.04757084
-0.03852896
-0.03919354
0.00009370
0.02736925
0.03177850
-0.00616942
-0.03878420
-0.01163979
-0.05666273
0.00908563
-0.04069762
0.02085535
0.05818917
-0.04097811
-0.03268096
0.03300046
0.01897578
0.03305917
-0.01325231
0.04876374
-0.03343648
-0.04824714
-0.02117916
-0.04672211
0.01393016
0.01944081
0.04013829
-0.04480406
-0.05072235
0.04129592
-0.01533451
0.00525371
0.02493582
0.02516160
-0.04742992
-0.01621466
0.01037636
-0.05008151
-0.03629181
0.05238343
0.02065526
0.00579385
-0.02690182
0.03784010
-0.02183298
-0.01826118
-0.02229904
0.02538776
0.03012823
-0.04642688
0.01075367
-0.00582968
0.04313041
-0.03137489
-0.03869816
0.01105858
0.00045389
0.03419799
-0.00028912
0.07619628
-0.03265049
-0.04081098
0.03477460
0.04146560
0.01069556
-0.04334575
0.03526046
-0.00773770
0.01053591
-0.05637097
0.00890538
-0.02600385
0.03322140
0.01722650
-0.01661222
0.06679334
0.02052930
0.00434521
0.04324221
-0.01221690
0.03650251
0.03933239
0.02853271
0.01117667
-0.03911641
0.02304128
0.01396336
-0.02506179
0.04334919
0.02002329
0.00570034
0.01902711
0.03946484
-0.01234486
-0.03993456
-0.04389548
0.00390908
-0.03203766
-0.04319324
-0.02259714
0.03727145
-0.00645510
0.00315909
0.01263847
0.00147762
-0.01071614
-0.02020455
-0.00407986
-0.01349318
-0.01622878
0.00073959
0.05324333
0.01765769
0.04580021
-0.00841832
-0.03270724
-0.03921814
0.02550018
0.01318399
-0.03294266
-0.01241545
-0.04098278
-0.04967632
0.05051781
0.06841175
-0.03954519
-0.00520370
-0.02485223
0.04242958
-0.04120274
0.01441756
-0.01255004
0.03961495
0.01343975
-0.03287167
0.01412634
0.00398371
0.02528523
-0.01930280
-0.03436273
-0.00905974
-0.00463906
0.01096212
-0.01357867
0.02709019
0.03712741
0.03959327
0.04694768
0.02623291
-0.01122144
0.00103160
0.03454471
0.00551606
-0.02121699
0.05621494
-0.00755527
-0.02669441
0.01159116
-0.02695812
-0.05031044
0.03065557
0.00653653
-0.00001809
0.00652645
-0.02491587
0.02837853
-0.00596844
0.03571100
0.02042269
0.01176553
0.00910525
0.03159149
0.04456053
0.00896007
0.02800034
0.00429891
-0.00854932
0.01425242
-0.00039373
0.03961532
0.06691580
0.00071742
-0.02377690
0.03528109
0.02493593
-0.01029706
0.02354721
-0.03734564
-0.02011190
-0.04492930
0.00982020
-0.03243729
0.00912242
-0.01748229
0.03332149
0.00612518
0.02574089
0.00745888
0.04738289
-0.06775056
0.02289731
-0.00538253
0.00593448
0.01637069
0.02302939
-0.03581943
0.00788036
-0.01533855
0.04336148
0.01148205
-0.01408694
-0.05528180
-0.04428675
0.02636735
0.00061773
0.01173257
0.03855447
0.05128626
-0.01952185
-0.01256221
0.04045344
-0.00706815
-0.00632707
-0.04857306
-0.03873603
0.02987717
0.02347304
0.01891248
0.00577333
0.00555074
0.03856741
0.01625124
-0.03537136
0.04457129
0.01577957
-0.01625201
-0.06163153
-0.02196925
0.00408090
0.04974409
0.02608018
0.05282436
-0.02299053
-0.01262643
-0.00611974
-0.04096794
0.05889499
-0.01466623
-0.03989913
0.04965031
0.00573711
-0.00043973
0.04248019
0.03478410
-0.00192367
0.02081407
0.03016168
0.04776203
0.01505528
0.00339946
-0.02416653
0.02318060
-0.01523616
0.01686249
-0.05125673
-0.03056091
-0.00065691
0.03488448
0.02052768
0.02418546
-0.00870330
0.03205084
0.00217903
-0.00936806
-0.02790356
0.03024329
-0.02476234
-0.02255719
0.00485658
-0.04432512
0.03529672
0.02228535
0.03013080
-0.05054744
0.03178592
0.00334050
-0.02449425
-0.04325964
0.02851514
0.03673710
0.01261241
0.01212829
0.00229734
0.00893305
0.00061691
-0.05117452
-0.04524798
0.01199791
0.01430014
-0.03321571
0.06219631
-0.01535491
0.03408879
0.02888496
0.02090411
0.01208481
-0.02088164
-0.04003276
0.00482845
-0.04786653
-0.02836994
0.00975187
-0.01447604
0.05113261
0.02584700
0.05999012
0.04468644
-0.00753063
-0.02918998
0.01372890
-0.03717233
0.00004367
0.00520891
-0.01675035
-0.02351615
-0.04343049
0.02205767
0.01535696
0.02932839
-0.03729261
0.00905285
-0.00076588
-0.02675117
0.03221864
-0.01103993
0.00070858
-0.03042244
0.02671470
-0.03436985
0.01421005
-0.04639665
-0.04733264
0.00748655
0.04902146
-0.05467135
-0.01418885
0.03799901
-0.05034556
-0.05663098
0.02616112
-0.03295568
-0.04479200
-0.00557826
0.00633629
0.03159485
0.00642902
0.01290141
-0.01242348
0.00386583
-0.00017066
0.04588429
-0.02425031
-0.02818565
0.01232045
-0.01036877
0.00021958
0.03015905
-0.00982749
0.03940922
-0.02192444
0.04064545
0.02937162
0.03051621
0.02906759
0.01125245
0.05177092
0.03466690
0.05548529
0.05746539
-0.01565593
0.02865653
0.03240702
-0.05166432
-0.05098814
-0.01654939
0.03639333
-0.01202312
-0.03617569
-0.04452818
-0.02092911
-0.02013117
0.04485506
0.02555845
-0.04154179
-0.00350955
0.00576407
-0.05393604
-0.02512799
0.00604260
0.02543163
-0.04954861
-0.02458291
-0.01920751
-0.04984785
-0.03040458
-0.00059776
0.02523589
0.00785354
-0.03497332
-0.00050881
0.05278486
0.00799721
-0.04343991
0.01316031
0.05979757
-0.00882113
0.01483299
-0.03035029
0.01126188
-0.03097850
-0.00988287
-0.00801523
0.01651970
-0.03008004
0.01521215
-0.02540565
-0.02089651
-0.03029010
0.01998817
0.03684026
-0.04511634
0.03457435
-0.02632779
0.01406662
0.03894704
0.02293965
0.04710449
-0.02264549
-0.01978624
-0.00722500
0.04936516
-0.04740079
0.03387179
0.02328025
0.01042608
0.01833569
0.03490989
0.06794137
0.04145386
0.01092628
-0.02055081
0.02298871
0.04466417
0.02262883
0.05899661
-0.00101520
-0.01549897
0.04951456
-0.02759163
-0.03505706
0.00805289
0.03963443
-0.03127724
-0.04482055
-0.00100613
0.04112275
-0.04932351
-0.07657121
0.00754992
-0.04699923
-0.04884092
-0.02070520
0.00675506
-0.01108910
0.02722204
0.04635001
-0.02223770
0.00348495
0.03277760
0.03717943
-0.01309147
-0.00861094
0.04264608
-0.00440900
-0.03475920
0.03875195
0.00316462
-0.00334639
-0.04494987
0.02134506
-0.04222505
-0.03236309
-0.00570737
-0.03815644
-0.00663477
0.03184741
0.00758080
-0.00607052
-0.03087604
0.03587621
0.01206241
-0.03064807
0.01216451
-0.04896626
0.02348004
0.04817035
-0.04299478
-0.03064167
-0.01339799
-0.02001924
-0.01293129
-0.01220700
-0.03876715
-0.05373149
-0.03055638
0.03852087
-0.03809756
0.00505053
0.04416754
0.01353997
-0.02379832
-0.00087119
0.01944824
-0.04231500
0.02195401
0.03230904
-0.01563652
0.01012306
-0.03646730
-0.04475549
-0.02357972
-0.03485605
0.03768856
0.03023831
-0.01404919
0.00044664
0.00804979
0.01733234
-0.00124429
0.04661626
0.02209623
-0.00909845
-0.02022342
-0.00663699
0.04889083
-0.02307690
0.01118359
-0.01307162
-0.02637984
-0.05325703
-0.00057074
-0.02383553
0.04857387
0.04600677
0.04288025
0.01933004
0.02052731
-0.01496409
-0.05194329
-0.02302467
0.04424630
-0.01804996
0.04057992
0.03054085
0.03603576
-0.03696142
-0.01601344
0.04478446
0.04091102
-0.02074946
0.01095954
-0.03681690
-0.06177853
-0.02046850
-0.05044742
-0.03785123
-0.00778886
-0.04783263
-0.03571567
0.01948895
-0.03023935
-0.04075075
-0.00528655
-0.01050233
0.02350334
-0.02360994
0.03216945
-0.04903830
-0.02430587
0.03856351
-0.03842184
-0.03113924
0.04937489
-0.02608696
-0.02116336
0.03024323
0.01201776
-0.04822698
-0.03101018
-0.04061649
-0.02866819
-0.01797402
0.04662918
0.02711995
0.02278076
0.02176466
-0.03934997
-0.00397526
-0.03006787
0.01033910
-0.02196261
-0.04639630
-0.03725810
0.03734314
0.00574987
0.02795166
-0.02632758
0.02924713
0.03832226
-0.00949101
-0.01412828
-0.03670953
0.02991155
0.00121101
-0.02796987
-0.03267888
0.01122687
-0.00606712
-0.04346253
0.01691757
0.03696294
-0.03912398
-0.01637816
-0.03546933
0.02352301
-0.03602538
0.00326726
0.02102800
-0.01600358
-0.04931092
0.02466571
0.00012257
0.00725274
-0.04603359
-0.03235645
0.03577011
0.01876040
-0.01758465
-0.03769916
-0.01519602
0.00270065
0.01579442
-0.04023221
-0.03943213
0.03911142
0.03340081
-0.03710721
-0.01643659
0.03092520
-0.04483673
0.04183099
-0.03501474
0.02340235
-0.00840590
0.02798376
0.03667622
0.03133126
-0.03648743
-0.00990325
-0.04386887
0.03496321
0.02774781
-0.04093767
-0.01607100
0.02283219
-0.01132332
0.03962225
0.00216828
-0.00509264
0.04323005
-0.00523295
0.04516542
0.02368274
0.00792926
0.03128299
-0.04739850
0.00756935
0.03716792
-0.02328507
0.00027955
0.00382826
0.03791897
0.05220544
0.00827491
0.03231639
-0.01833272
0.03771865
0.01659895
0.00343745
0.01439832
-0.01774341
0.03941328
0.02104201
0.03569438
-0.05047518
0.01306610
-0.02495651
-0.02833148
0.01448923
-0.03288134
-0.02983208
0.00464359
-0.01860376
0.04970219
0.00982765
0.02420519
0.00635940
-0.01112964
-0.03256707
-0.02699935
0.04656352
-0.03813408
0.00096060
-0.01009695
-0.04969823
0.04419130
0.01195650
0.01961645
-0.03320999
-0.01151525
-0.02434094
0.02630476
0.02499281
-0.02249853
0.02345740
0.00148741
-0.00097276
-0.04201891
-0.05089578
0.02748835
0.00697214
-0.04919873
0.00145989
-0.00293904
-0.00968045
-0.04067059
0.02390891
0.04288800
0.02697266
-0.01901158
0.03528712
0.01142906
0.00462806
0.00395148
-0.02099434
0.01972064
0.01141567
-0.00959526
-0.01827588
0.01081028
0.03528534
-0.00105833
-0.04657783
-0.02411403
-0.02558991
0.03444127
0.03921523
-0.02417827
-0.01077596
-0.00572603
0.00549187
-0.04840033
0.02594117
0.00590748
0.02812658
-0.02032127
-0.04949266
0.01515165
0.04436214
0.04522540
-0.05115750
0.02384647
-0.01741648
-0.03507541
-0.04572728
0.04094984
-0.03915612
0.02874864
0.02836369
-0.02429914
0.04377842
0.04805619
-0.02690024
0.02316114
-0.03904558
0.02979898
-0.03580534
0.02506273
-0.02964220
-0.01807754
-0.04306753
0.01150178
0.02313212
-0.03980850
-0.00685048
-0.04528121
0.04530174
-0.03008497
-0.04867870
0.00047729
-0.03593818
0.01382633
-0.02584659
0.02484267
-0.04029790
0.01058807
0.03163112
0.02942502
-0.04687612
0.00461964
-0.04644765
0.01246471
-0.02041583
-0.01615589
0.02608750
0.02309145
0.01498728
-0.01752029
0.02358836
0.02207614
0.02414235
-0.00141307
-0.05079826
-0.02181044
0.02256054
0.02904549
-0.01167851
0.00591707
-0.03023100
-0.00940102
-0.03512704
-0.04358637
0.03216919
0.01250427
0.03334532
0.00403462
0.03782881
-0.03964900
-0.04616263
0.02989012
0.02052969
-0.01093676
-0.01380854
0.00639085
0.02543402
-0.01773220
-0.04437802
-0.02527937
0.02850610
-0.00324330
0.03823648
0.03643052
0.01077029
-0.03907389
-0.00992770
-0.02842472
-0.00067697
-0.03776886
0.03073231
0.02966913
0.00795007
0.00917165
-0.01154747
-0.00246508
-0.00514991
0.04380697
0.04699634
0.04665454
0.03914373
-0.00092542
-0.01339720
-0.03402501
0.02227590
-0.03370742
0.04837215
-0.02060441
0.03153047
0.00207208
0.02544942
-0.01425709
0.02258208
0.04648662
0.00657898
0.01048373
-0.04078690
0.03235344
0.00856457
-0.03211309
0.02943568
-0.04681116
0.01718514
-0.00727567
0.02917994
0.00814375
-0.01564178
0.00603400
-0.04728266
-0.04310346
0.02767612
-0.03978937
0.01933220
-0.01880450
-0.02819552
0.02476800
-0.03525987
0.03085013
-0.03514848
0.03508094
0.02426039
-0.02931334
0.02564585
0.01274946
-0.02419404
-0.02149308
-0.02560101
0.00396641
0.04258209
0.04369707
-0.05041434
-0.00069958
-0.03373513
-0.03539644
0.02367700
-0.02328690
0.02798746
-0.03263563
-0.04282209
-0.04779607
0.00485691
0.04054395
-0.04932166
0.02714112
-0.03847278
0.00386214
-0.02885879
0.03638089
-0.04109100
0.02398020
0.02313033
0.03502910
-0.04224122
-0.03127748
-0.02714472
0.00595399
0.01435480
0.02324995
-0.02078288
0.01088275
0.04878439
0.02065881
0.00112617
-0.01531297
-0.03535483
-0.02358414
-0.02141672
-0.03257391
-0.02331020
-0.05002011
0.01299535
-0.01914268
-0.01376129
-0.04343497
0.04107973
0.01520306
-0.01175991
0.02751270
-0.04536458
-0.04019105
0.01718196
0.04235140
0.01378291
0.04931410
0.04595865
0.01004283
-0.02015775
-0.02392084
-0.01167840
-0.00684359
0.03146823
-0.03198938
-0.01333337
0.01689474
0.05323352
-0.02600417
0.04427496
0.03801669
0.02399807
0.02632233
0.04410839
-0.00893941
0.01194977
-0.03028991
-0.00833187
0.01209781
-0.00089607
0.04448681
-0.03665239
-0.00413210
-0.03772909
0.05391374
-0.00951851
0.00380981
0.01559498
-0.04675504
0.03746027
0.04949273
0.04383460
-0.04505092
0.02832741
-0.04571559
-0.02334675
-0.01096344
0.02463982
0.02884663
0.00155068
0.00065071
0.03802167
-0.03947949
0.00385353
-0.03255798
-0.02191316
0.01311528
0.03948001
-0.03897207
0.00710934
-0.01061715
-0.03027889
0.03750415
0.01137469
0.04903055
0.00008942
0.04284644
0.03360802
-0.02319604
-0.00058236
-0.02866855
-0.00254752
-0.04188159
-0.02748006
-0.01481097
0.00535990
-0.00353735
-0.00933197
0.03139094
-0.02658950
-0.04576182
0.01210418
-0.00539583
-0.01906789
-0.01497432
0.02048980
-0.02068204
-0.04844249
-0.03502572
-0.03293080
-0.02204532
0.04829641
0.03290848
0.00810357
-0.00023914
0.01511120
-0.01043715
-0.04902393
0.03993611
0.05485131
0.05425005
-0.00746767
-0.00425518
0.04059885
0.01556332
-0.02965438
-0.02520169
0.04785940
-0.01553487
0.03998791
-0.02871521
0.00424520
0.04058332
-0.00854543
-0.03555821
-0.03222524
0.00845945
-0.01956283
0.00416965
0.01324935
-0.01543456
-0.03780861
-0.00483905
0.04371262
-0.01704005
0.03675900
-0.01885460
0.00754471
-0.04118437
-0.04135089
-0.02339757
0.01023518
-0.04576667
-0.03222756
0.04611119
0.02256217
-0.02382086
0.00786704
-0.03292528
-0.00147288
-0.05228917
-0.02270801
-0.04527406
0.04136243
-0.03607639
0.02165393
0.04764393
0.01568400
-0.00425599
0.02302187
0.00998833
-0.00205560
0.03072204
-0.04466930
0.03415830
0.00281754
0.04354994
-0.02457678
0.03722629
0.02189679
0.04319443
-0.01493381
0.04006580
-0.01025369
0.04654553
-0.02142088
-0.02700450
0.02296055
0.04039581
0.01955659
0.01502223
0.01118754
0.03589103
-0.03796002
-0.01181843
-0.01222191
0.03173016
-0.01172388
-0.01046654
-0.03181891
0.01390018
-0.01421374
0.05907074
-0.04597734
-0.03034658
-0.02587945
-0.05517923
-0.00463720
0.00258457
0.04189840
-0.00554124
-0.02477258
-0.00529592
0.00989354
-0.05234766
0.05010288
-0.02794882
-0.03138228
0.03352641
-0.00206432
0.01807613
0.00197047
-0.04418740
0.00627121
-0.04724688
0.01495948
0.02276744
0.01689327
0.01315955
-0.03548043
-0.03966723
-0.02122450
-0.03789522
0.02706061
0.04473651
-0.01206485
-0.01018730
0.02638428
0.04687157
-0.03709294
0.03437702
0.00503188
0.00420160
-0.05322998
-0.03312308
-0.00965031
-0.01694998
0.03804035
-0.03053113
0.02903794
-0.04579244
-0.02974189
0.03994009
0.00778491
-0.03191946
0.00497412
0.03892640
-0.00507567
0.00854435
0.06501384
0.01534253
-0.03174454
-0.04677770
0.03774761
-0.03046143
0.04660512
0.04734785
-0.01095466
0.01769055
-0.01684283
-0.02827672
-0.03102625
-0.00699955
0.04542486
0.04650815
0.04928700
-0.03568839
0.01041109
0.01145524
0.02376003
0.05963336
0.00485935
0.02861758
0.04041106
0.04319891
-0.04341692
-0.01126978
0.01095163
-0.04418313
0.01173986
-0.00208455
0.01305989
-0.00806251
0.02996650
-0.00959309
0.02498141
0.01654563
-0.02791358
-0.05088192
-0.02883720
0.02020860
-0.05087936
-0.03776830
0.01799109
0.01831073
-0.03448082
-0.00243405
-0.02432836
-0.03167946
0.00259240
-0.02833098
0.01491353
0.01495932
-0.00714395
0.04383646
0.01442004
-0.06462966
-0.00058120
0.04357051
-0.00266366
-0.01823652
-0.02649470
0.03601941
0.05573460
-0.04877743
-0.00417458
-0.00895544
-0.02205888
0.00335991
0.05517886
-0.01151721
0.02410029
0.04247113
0.01820472
0.01203801
0.02693766
0.05571729
0.07398043
-0.01478976
0.01662205
-0.03943359
-0.02133186
-0.03920181
-0.04927994
-0.04858271
0.04865858
-0.00326669
-0.04482908
-0.04982426
-0.01826033
-0.04423518
-0.01112698
-0.03231045
-0.02264060
0.00086536
-0.02006236
-0.04866580
0.00623426
-0.01819236
0.03582171
0.02157108
-0.03505795
0.01120556
-0.03771291
0.06114792
-0.02376682
0.03921687
0.03930044
0.01080288
-0.00327971
0.01902475
-0.00342960
-0.02162410
-0.00949647
-0.01019190
0.02603046
-0.03240110
0.00678295
0.04936757
-0.01651644
-0.04616806
0.01757708
-0.03024136
-0.06116871
-0.02170931
-0.06964271
-0.03795875
-0.00915280
-0.01282172
0.00569369
-0.03614643
-0.05382827
0.03794885
0.02917762
-0.04484241
-0.05622798
0.02706433
-0.04314323
0.08131550
0.04966071
0.05039305
0.03933163
0.03097362
0.05561119
0.04852077
0.00976271
0.01157755
-0.03894617
0.01041349
0.03028641
-0.03306839
-0.00460349
-0.04558082
0.02203519
0.02637791
0.00909942
0.05292465
-0.01030114
0.01825078
0.06198799
-0.02505300
0.03525616
-0.01058032
0.00465828
0.00126798
0.04239361
0.01263112
0.03236110
-0.02175398
0.00747111
0.00669016
0.03947078
-0.02094236
-0.05960292
-0.00203346
0.01485407
-0.02074899
0.02271925
0.00782894
-0.00457249
-0.04142629
-0.02237368
0.02837927
-0.04576682
-0.01942298
0.05120765
0.00806831
-0.02451219
0.02865391
0.03324566
0.01276273
-0.00654769
0.03931062
-0.03277065
0.00483221
-0.01080290
-0.05245470
-0.00493573
-0.04409000
0.01549699
0.02021431
0.02841814
0.02925071
0.04599215
0.02351208
-0.00728878
-0.02530249
0.01245118
-0.00936816
0.00338069
0.02819387
-0.00268374
-0.00952869
0.00176085
-0.03952920
0.03134216
-0.00065689
0.00165309
-0.00402530
-0.00685196
0.00790997
0.00613890
0.02582658
-0.01771708
0.01543485
-0.02034861
-0.01091005
-0.04214007
-0.03947257
0.01081677
-0.02604790
0.02443884
0.02423235
0.04270101
-0.04651858
0.00155529
-0.01292160
0.03092899
0.03286029
-0.04250884
0.01151252
0.00926195
0.04039551
-0.00420735
0.01321034
0.01673696
0.04078682
-0.04186386
-0.03563038
-0.01028319
-0.01938567
0.01870679
-0.03197555
0.00374974
-0.00634711
0.03936674
-0.02732461
0.03416182
0.01223024
0.03102746
-0.02666580
-0.03145325
0.03682964
0.06966718
-0.00553966
0.01055071
0.03803305
-0.01373798
-0.03212535
0.02886992
0.05759673
0.04427808
0.06120453
0.03110452
-0.03511703
-0.00445193
0.03354704
-0.02902097
0.05374593
0.01199224
-0.04268944
0.01199818
0.06062385
0.02092105
-0.03762105
-0.05758304
-0.01342702
-0.04903760
-0.01739184
0.02013520
0.02397060
-0.00772679
0.03945474
0.01626694
0.03192919
-0.01431626
-0.03519304
-0.04830765
-0.04066597
0.02075370
0.02786174
0.01939133
0.00218763
0.03536327
0.02241000
-0.01582620
-0.03754375
0.01199461
0.01098123
-0.01391153
0.03925053
-0.00196565
-0.01298551
0.01998238
0.02481078
-0.04457000
-0.02959768
-0.00439984
-0.02701548
-0.01677551
0.03590797
-0.04559613
0.03091846
-0.03486067
-0.04642052
0.00673465
-0.03941087
-0.01773455
0.00296429
-0.01339330
0.03783190
0.00794198
-0.04158159
0.01308979
0.02994521
-0.02317642
-0.04118641
-0.03728026
-0.04774490
0.00414823
0.04469862
-0.01462872
-0.03626271
-0.02642661
0.01136185
0.01244611
0.00406021
-0.01996283
-0.03076806
0.05710074
0.06117444
0.01135988
0.03659264
-0.00164597
0.04155414
0.03623663
-0.03354543
-0.04523953
0.04387155
0.04089059
0.03238863
-0.04429918
-0.03860293
0.04024631
-0.04684976
0.03336347
0.00150742
0.04560497
-0.02702459
-0.04834143
-0.05048122
0.02660746
-0.01070474
0.04123192
-0.03172291
0.00345058
0.02439471
-0.05711376
-0.00026947
-0.00431647
-0.00292385
0.00502315
0.06389818
0.02616337
0.04328153
0.02774890
0.01836316
0.00666690
0.04560762
0.03652568
0.01176897
-0.02466753
0.00016365
-0.03953858
0.01820486
0.01417951
-0.00383036
0.04008486
-0.01609119
0.01435976
-0.00467823
0.01572438
-0.00485354
-0.00330403
-0.02381606
-0.04456006
-0.04710420
0.00831589
0.02362791
0.03894627
-0.02950428
-0.01553582
0.02399073
-0.05223892
-0.04834571
0.02301160
0.01778510
0.00629142
0.02810357
0.02542086
-0.06170501
-0.03066393
-0.00247218
-0.03003498
-0.01280634
0.01789816
-0.03677545
0.00264644
-0.04972945
-0.00853415
-0.01794648
-0.02712457
-0.00405371
-0.01734797
0.00117476
-0.01717949
0.05152354
0.01146498
0.04487590
0.03227682
0.01492011
-0.00281016
0.04715914
-0.00032841
-0.02763594
0.04007478
0.01586359
-0.03722096
0.04021820
0.02042259
-0.00910631
0.05390222
0.00709290
0.01745330
-0.01119137
-0.03147634
0.03794039
-0.03892365
-0.05393310
0.00067278
0.01626559
0.05825153
0.03222666
0.00111427
-0.00614160
-0.01497848
0.03642784
-0.03409139
0.00559725
0.00449195
-0.02577656
0.01498144
-0.03689454
0.00194734
-0.05305055
0.01470427
0.04449233
0.03219782
-0.03581836
-0.02350943
0.03833826
-0.01588490
-0.03122116
-0.00510912
0.04188897
-0.02945882
0.02018637
-0.03245239
0.05060860
-0.02198599
0.03679217
0.00843221
-0.00944209
-0.04580911
0.04267330
0.01723406
0.00493122
-0.02563079
-0.01565210
-0.02595620
0.02787136
-0.00792734
-0.03584542
0.03603127
0.02605962
-0.05896633
0.04801642
-0.02753421
-0.03377750
-0.03429454
0.02542558
0.00551698
0.05578839
0.00448062
-0.01568481
-0.01166499
-0.00060203
0.04315141
-0.04359790
-0.02384593
0.05320888
-0.03741055
-0.04100135
0.00917617
0.00406388
-0.04739866
-0.03944259
0.04938331
0.04338722
-0.03042159
0.02948897
0.02470533
0.04322990
0.04935628
0.01326280
0.03731086
-0.00769727
-0.00122848
0.02066975
0.00827159
-0.04238650
0.01641374
0.04081715
0.03296756
0.02371891
-0.02230639
0.03898714
0.01532087
0.02232949
0.04369517
0.03973794
0.02476209
0.04700526
-0.03529103
-0.04142798
-0.02953098
0.04153439
0.02431334
0.02874424
-0.00117500
-0.02060535
-0.02170410
-0.05657322
-0.02773060
-0.03664598
-0.02416313
0.00799589
-0.01747281
0.01878973
0.03589027
-0.07040105
0.00722163
-0.00748760
0.01143091
0.04168259
-0.06372911
0.00650527
0.00144471
0.01794978
-0.00809071
-0.09428605
-0.04196267
-0.05583474
-0.01552551
0.02551140
0.05657223
0.01734267
0.02248226
-0.01299036
0.02330639
-0.03423573
0.02790646
0.02641313
0.05225048
-0.00647608
0.06228961
0.03740777
-0.02905164
0.05535501
0.00564653
0.02209439
-0.02781635
0.01083560
-0.03800840
-0.03393845
-0.03424696
-0.01632762
0.02380249
-0.02840135
0.00764809
0.07535044
-0.02323294
-0.00258759
-0.03786178
-0.00588125
0.01979655
0.00026195
-0.03868273
-0.02549383
-0.04645423
-0.02534646
0.03681191
-0.00723972
0.05028071
0.03486741
0.00022322
-0.03003409
0.03217372
-0.04451842
0.00088290
0.01765633
0.03545222
0.00279731
-0.02081972
-0.02411785
0.05545894
-0.03689984
0.06535052
0.04753075
-0.02803584
0.00903814
-0.01081055
0.04144607
0.03434679
0.03237622
0.05395888
0.06351368
0.03935418
-0.00604461
-0.02173814
0.02948472
0.00359825
0.02918289
0.00415951
0.01032234
0.03735477
0.02374180
-0.02473466
0.00012492
-0.03612311
-0.02001117
0.00666070
0.00218494
-0.03456398
0.04123842
-0.01248176
-0.03383159
-0.03061812
-0.00302937
0.03054578
-0.02029845
-0.03768616
0.03992556
0.06877390
-0.00981900
-0.01732123
0.07642801
0.01574939
-0.03849884
0.02684404
0.00891061
0.03781853
0.01499871
-0.01935632
0.01445210
-0.00434455
0.01847190
0.01857118
-0.01338558
0.04907859
0.03286709
-0.01497166
-0.03720832
0.03885642
0.02443649
0.03880997
-0.05369299
0.05440456
-0.02252046
0.02589369
0.02390899
-0.08321641
0.04344651
0.03635578
0.07055589
0.00554366
0.00178412
0.02208434
0.09208740
0.00657485
-0.00628284
0.04422866
-0.01231045
-0.02606799
0.01861908
-0.00457345
0.03366084
0.02948820
0.04857926
0.08297411
0.03334709
0.03199515
-0.04746956
-0.04314331
0.08045223
0.01167025
0.00696467
-0.02709982
0.02521794
0.05686713
0.00439550
-0.00088803
0.02710516
0.03185175
-0.00154025
0.01108849
0.05185419
-0.00077027
0.01561052
-0.01147968
-0.05131293
-0.00987622
0.02816547
-0.02275710
-0.07713687
0.01914795
0.05060880
-0.02280817
-0.00271619
0.00418812
0.01230613
0.07898259
0.00313402
-0.03836399
-0.01027794
-0.01897478
-0.04919300
-0.00909234
-0.03173641
-0.00481169
-0.03840811
-0.06806859
0.00950642
-0.01920522
0.03294510
-0.03686130
0.04822098
-0.04660963
-0.01315536
-0.02449346
-0.03706336
-0.01710970
-0.04048169
-0.00274926
-0.01275142
-0.06688622
0.03894493
-0.03663192
0.02195264
0.04063764
-0.04840137
0.04716245
0.04810606
-0.04472040
0.02694288
-0.00301891
0.04705556
-0.02669779
0.03159188
0.04157714
-0.02040155
-0.01395918
0.05207427
0.04247463
0.01813354
0.05044194
0.02483690
0.01429215
0.04822108
0.01765867
0.02156576
-0.01811581
-0.02599955
0.07254555
-0.00121061
0.04471967
0.02928349
-0.02383466
0.04385675
0.02323798
0.03644271
-0.02876456
0.03178791
0.03346093
-0.03840000
0.01305525
0.04754451
0.01908188
0.05313621
-0.02422016
-0.04159321
0.02504011
0.00965400
-0.03907424
-0.01193958
-0.00758822
-0.03043701
0.03576836
0.02561618
0.00019104
0.01711073
0.00490362
0.01600124
-0.04188042
0.01338415
0.02183616
0.02165863
0.01327024
-0.03545239
0.03186220
-0.03977113
-0.04694532
-0.02951663
0.03722050
-0.03782060
0.04204620
-0.01749988
0.02162611
0.04664341
0.02678669
-0.01853724
-0.00790277
-0.02164805
0.01504968
-0.05046747
0.02623145
0.04380645
-0.02205203
0.02314598
0.02573689
-0.00348360
-0.01513042
0.03771090
-0.01129898
0.03999735
-0.03202598
-0.01147316
0.03128909
0.01627141
0.02652793
-0.01527877
-0.02312716
-0.02779834
-0.02747981
-0.00603593
0.00924944
-0.04605781
0.04960865
-0.04903294
-0.00443454
0.02353808
0.00409454
0.02568305
0.03271666
0.04816379
0.05872992
-0.03342408
-0.01452739
-0.00972200
0.01502785
0.01225317
-0.01902199
0.06230339
0.00326995
-0.04448806
0.01327490
-0.01335058
-0.01016280
-0.00483220
-0.00554091
-0.03803011
-0.01752320
0.00670105
-0.01801166
0.04663695
0.04202801
0.02574511
-0.00881908
-0.00201165
0.01767339
-0.00408222
-0.02515258
0.01156954
-0.01943247
0.02919206
0.01133450
-0.03567551
0.04560340
-0.03164440
-0.01062859
0.00687634
-0.04897704
-0.00206678
-0.05143207
-0.00563713
-0.01697220
-0.03354005
0.01676320
0.02129884
0.03494364
-0.04347299
0.01531907
-0.01723479
-0.05695429
0.00945506
-0.03862957
-0.02524768
0.02201221
-0.03299015
0.05980261
-0.02262394
0.05019632
0.05984659
-0.01210817
-0.03986801
-0.04667592
-0.01697467
-0.01486622
0.00745045
-0.01325359
0.01727959
0.01397337
0.05144730
0.00932527
0.00717883
-0.00425397
0.01964069
0.01659469
-0.00704764
0.01254606
-0.02683343
0.02315246
-0.04028739
0.01092832
-0.06390738
0.03233374
0.02838144
-0.03263831
0.02736794
0.03315588
0.02093435
-0.01245343
-0.04599568
0.01435615
0.02106748
-0.03491458
-0.02932208
-0.01361997
-0.00370853
0.03057444
-0.04507610
0.01582216
0.02206913
0.01285223
0.01357633
-0.06836887
-0.01154832
0.02881834
0.03247254
0.02948628
-0.04273529
0.06080791
0.00268719
-0.04854804
0.00524817
-0.01758034
0.01708859
-0.03204731
0.04591681
-0.03191806
0.02757536
-0.03582821
0.01312371
0.03505275
0.00637404
-0.00866789
-0.03018529
-0.07965010
-0.01311930
-0.02102144
-0.03268601
-0.04338238
0.03344370
0.06867293
0.00624985
0.01167735
-0.01056826
0.05006044
0.02156155
0.04321664
0.00929359
0.01344720
0.02093773
-0.01415660
0.06369676
0.01380037
0.04394964
0.02205168
0.01579577
-0.02937814
-0.03482596
0.05150674
-0.08889050
-0.04089362
-0.03808361
0.04194840
0.00851082
-0.01716141
-0.03145857
-0.04841186
-0.04664665
0.05121582
0.02858376
-0.02873191
-0.03385859
-0.01409661
0.01419485
-0.00921390
-0.05779229
0.05127088
0.04878689
0.00824590
0.05475521
0.04719736
-0.05265100
-0.01966233
-0.00279276
0.08157801
0.01814123
-0.03371851
-0.00029547
0.03905141
-0.01381239
0.04828514
0.02702889
0.02199824
0.01838133
-0.01091979
0.02981786
-0.00365362
0.02709436
-0.04034440
-0.04505894
-0.01510600
0.05381266
0.03691430
-0.02329436
0.03523212
0.00964577
-0.01344515
-0.02061800
-0.01775717
0.03133878
0.02990449
-0.03274402
0.01995319
0.04132536
0.08473387
0.00690424
0.00808446
-0.04453560
-0.01589041
0.01305672
0.04985642
0.07777603
0.01088267
0.01430768
-0.05380825
0.05541970
0.03312751
0.03143516
0.05531206
0.05088824
0.02431150
0.03212968
-0.02506368
0.00851587
-0.07932689
0.04431944
0.03237318
0.02863352
-0.01330772
0.03797098
-0.01601247
-0.02848023
-0.00845086
0.00828406
-0.02229331
0.02320912
-0.04089722
0.01103312
0.01208478
-0.09020884
0.02731010
-0.01936039
-0.03465483
0.02493253
0.03046940
0.03417239
0.01516343
0.02370783
0.00105874
-0.01136987
0.01132694
-0.04015576
0.00281870
-0.05361183
-0.00984916
-0.05884080
-0.02083956
0.01905083
0.05115685
-0.04877834
0.04037610
0.01766753
-0.02260162
0.01545415
0.02785866
-0.07207853
-0.06905834
-0.00368905
-0.03930100
0.00666230
0.00464009
0.01143629
0.04311614
-0.05097704
-0.01853780
-0.03910179
0.01693016
0.00853981
-0.05778832
0.03508070
-0.00865201
-0.00286837
0.04065889
0.02841779
0.06268821
0.03686222
0.03165938
-0.04136804
0.01928211
0.01333826
0.04525473
-0.02247306
-0.01926138
0.00077168
-0.02611404
-0.00551556
0.04754971
0.04247469
-0.02031608
0.03075759
0.04834030
-0.01689108
-0.03193519
-0.00768006
0.00325521
-0.05881501
-0.00217969
-0.01037294
-0.01834636
-0.02269557
0.04607525
-0.00295835
0.03172526
-0.04624735
-0.06119584
0.03668352
-0.04455364
-0.04359440
0.01766570
-0.00279627
0.01394915
-0.00060749
0.04794803
-0.03363872
-0.02724805
-0.01199092
0.07357062
0.00559324
-0.04345196
0.01361156
0.03605641
-0.03110359
-0.02733914
-0.01137906
0.00700522
0.01743359
-0.05402261
-0.02282978
0.02969353
0.02669375
-0.03824209
-0.01889915
-0.02684434
0.05938877
0.03987166
0.06460454
-0.05011767
-0.04459677
0.01134000
-0.04135569
-0.00632427
-0.03860444
-0.02821611
-0.05906516
0.03273493
0.01681488
-0.00034775
-0.05635940
-0.00664039
0.03738518
0.02695681
0.02503287
0.02982875
-0.04055650
0.02374552
-0.01169535
0.00466103
-0.00678128
-0.02975667
-0.05893616
0.00406484
-0.00593399
0.04604287
0.01274775
0.07423170
0.03262629
0.00044215
-0.04263767
-0.00039282
-0.03797291
-0.05409651
-0.01134673
0.02070001
-0.01495321
-0.03304487
-0.00706179
-0.01081644
0.01739314
0.02506261
0.04603530
-0.04458069
0.02797137
0.01274258
0.03289643
0.04534525
-0.01373328
0.04741365
0.05943657
0.03593584
0.03798410
0.01192403
0.05423060
-0.05249982
-0.01382457
0.05415098
0.00634244
-0.01260461
0.02655341
0.03577364
0.00094461
-0.03840807
0.00885392
0.00257568
0.06571450
0.00700346
-0.05790550
0.01034951
0.07962219
0.03613814
0.02227465
-0.04565418
0.01959722
0.02687679
-0.03033872
0.01407775
0.02833942
0.04506581
0.03618736
-0.00202246
-0.04529645
-0.02542305
-0.02434434
0.05615288
-0.03780172
0.04636716
0.03192335
-0.04492073
0.01269179
0.01522205
-0.02953033
-0.01879737
0.02971062
-0.01265379
0.04711002
0.00655181
-0.05771722
-0.04912982
-0.02123885
0.04515420
-0.04765151
-0.00339828
0.04278915
0.03476418
0.02966191
0.04267614
-0.01911121
0.04907361
0.01456376
-0.04878532
-0.02216219
0.05460867
0.02755590
-0.04201356
0.00242397
-0.01232366
0.06533949
0.00687599
-0.00998877
-0.01220747
0.00009742
-0.02491776
-0.01394555
0.03861546
-0.01999112
0.01070375
0.05252665
0.03401991
-0.00561689
-0.00795972
0.02660263
-0.00295413
0.00121396
-0.03966166
-0.00380034
-0.04430588
-0.02733948
0.01155999
0.04426817
0.02358248
0.04215499
0.04096977
-0.03751802
-0.00370621
0.04832203
0.00136430
0.03251283
0.03030321
0.04970431
-0.01190601
0.03119115
-0.03747777
0.04029552
-0.03173831
-0.02791377
-0.01349351
0.01533555
0.01784130
-0.03159806
-0.03603558
0.00248794
0.04584597
-0.00432297
0.02598555
0.03903498
0.05056434
-0.04256507
-0.04563163
-0.00084704
-0.03288505
-0.02938114
0.04592409
0.07497264
-0.02205726
0.01644268
-0.00260844
-0.01618199
0.04198020
-0.02020582
-0.04012890
-0.04364429
-0.05241090
0.03357707
0.00079673
-0.02188745
-0.02222887
-0.03675778
-0.02523504
0.01998862
0.03096156
0.00620313
-0.01732674
0.01330232
-0.00849034
0.03763691
0.00049301
0.03168941
0.03619748
-0.01441698
-0.02543679
-0.03867283
-0.03720148
-0.03320299
-0.04956834
-0.05138258
-0.04561052
0.00117725
-0.03430660
-0.02681215
-0.06188396
0.01684690
-0.01561231
-0.03204926
0.04340385
-0.02595239
0.02718064
-0.03470001
0.04928270
0.01643036
-0.05239670
-0.00786496
0.01204764
-0.00940202
-0.02331510
0.00977821
-0.02060658
0.00484976
0.02923844
0.01398084
-0.01577277
0.01380917
-0.02285188
-0.02487853
-0.01483391
0.07490062
0.00567794
0.00019488
0.01207015
0.04103941
-0.01389263
-0.00529128
0.06125638
0.02724927
-0.02401605
-0.03004761
-0.04192916
0.01898914
0.01701277
0.04381319
-0.02509304
-0.01277622
-0.03727885
0.02742937
-0.03525836
0.01230325
0.04369347
0.03962091
-0.03771405
0.01607955
0.00442597
-0.04461616
0.02754652
0.03448883
-0.03124907
0.01255698
-0.02378250
0.03958730
0.03115128
0.01649247
0.02463295
-0.02006453
0.02332320
-0.00609077
0.03029539
-0.02374522
0.02947173
-0.03205952
-0.04696402
0.01048791
-0.02098939
0.02469876
0.01469418
0.03791360
0.01857254
-0.07353170
-0.01600329
-0.02371941
-0.02642917
0.04096260
0.03593296
-0.01947931
0.00660008
-0.03436697
0.08869614
-0.03949360
0.05516352
-0.02491857
0.06878512
0.01709378
0.00008775
-0.02777840
0.00297889
-0.03689903
0.04122383
0.02598269
-0.03351212
0.03955044
-0.00703517
0.02565928
0.00968990
-0.02038646
0.06095805
-0.00561344
0.04212452
-0.02772971
0.05021990
0.05009916
-0.01896109
0.03659872
-0.03423386
0.01457880
0.02733405
-0.04618913
0.02446537
-0.08713485
-0.05850799
0.02477532
0.01482232
-0.04329112
0.03480792
0.00761331
-0.02797769
-0.03257450
0.01724998
-0.01175847
0.02720868
0.00551989
-0.02541494
0.02298263
0.03130363
0.02660349
-0.00795020
-0.03370839
-0.03509552
0.01592767
-0.04169382
0.02700850
-0.01495102
-0.04470570
-0.04060593
-0.00348591
0.03690987
0.01909127
0.00524472
-0.05393224
-0.02823694
0.00122571
0.04811235
0.01440043
0.00981069
-0.03231222
-0.01107356
0.01653730
0.04167169
0.03412103
-0.03098015
0.04631156
0.04428971
-0.00521970
-0.01718514
-0.00430551
-0.01243759
-0.00296388
0.00331045
-0.00481245
-0.02131061
-0.04462320
-0.00360333
-0.03173902
0.01479639
0.02403281
0.06807234
-0.04524858
-0.04455575
0.00588934
-0.01687608
0.02217100
-0.02722948
0.04726973
-0.00367222
-0.01957022
0.04778685
-0.03572145
-0.03611413
0.00242682
-0.04042860
-0.04026168
-0.02429106
-0.00924555
-0.04288666
0.05481408
-0.03699879
0.04363316
-0.04825030
-0.01435047
0.02225766
0.02092537
0.04286028
-0.02445337
0.03003602
0.00124047
-0.03622325
0.01244727
-0.00035362
0.03314936
0.03739448
0.04732801
0.03729391
0.01461666
-0.02249374
-0.03408793
0.00908016
0.03548342
0.02357933
0.02737409
0.01460253
0.01944765
0.01865620
0.05007693
0.02471224
-0.03412089
0.02870188
0.00376309
-0.01976533
-0.02282238
0.00969995
0.03385847
-0.03105354
-0.00122988
-0.01425205
0.05246994
-0.03323075
0.02495090
-0.01194901
0.00524827
-0.03422055
0.05224916
-0.02861362
-0.04284670
0.03844058
0.01526450
0.03373443
-0.02855887
-0.04913926
-0.04972383
0.04439172
-0.04040913
0.00356428
0.02136805
-0.04643502
0.00636312
0.00857359
-0.04229035
0.02957704
0.00681114
-0.00879470
-0.04578388
0.04965398
0.03959876
0.00351014
0.03040554
-0.03299988
0.02302570
-0.03684363
0.04578715
0.04858742
0.03463443
-0.00527720
-0.04362108
0.05570668
0.02924098
-0.04876872
-0.01660441
0.00416581
-0.04579468
0.02047656
-0.00060266
0.02731208
-0.00501393
-0.03782875
-0.02537009
0.00601919
0.02532135
0.03408534
0.03616509
0.04378372
-0.04891006
0.01920028
-0.01528688
0.06647416
0.00369070
-0.04352866
-0.03572455
0.00946973
-0.01253373
0.01124545
-0.00502845
-0.01580915
-0.05071571
-0.02815132
0.03990214
0.00426356
-0.01607393
0.01892497
0.02634856
-0.01484710
0.04381491
0.00942038
0.00257000
-0.01806809
-0.00163088
0.04355323
-0.03523827
0.04251712
-0.03174086
0.00351679
0.03072319
-0.04797037
-0.04633180
-0.00245624
0.04035921
0.04091427
-0.03107394
0.02106573
-0.04516950
-0.03382549
-0.00579442
0.02314097
-0.02690647
0.00828472
0.01127723
-0.04101267
-0.01193749
0.03005052
-0.04125167
-0.02238576
-0.01839545
-0.00633312
0.04267569
0.02364883
0.03602388
-0.01617269
0.02006051
-0.02624197
0.02875883
0.01608769
-0.00834566
-0.00687045
-0.00271045
-0.04253239
0.02664472
0.04966854
0.01583803
-0.02918763
-0.00520855
0.00621905
-0.04915163
-0.01431223
-0.01170260
-0.04791763
0.00799097
0.02065457
0.04654410
-0.03280906
0.01831458
-0.01734504
-0.03700607
0.02103572
-0.00164703
-0.01219268
0.03314583
-0.04320300
-0.01302202
-0.00507454
-0.00741218
-0.02222157
0.04975006
0.03037689
0.02831053
0.00937332
-0.00829891
-0.02262289
-0.01716300
0.05623864
0.03559502
-0.03135449
-0.00225439
0.01149394
0.00244841
0.03883446
-0.04029051
0.00474647
-0.02308072
0.03392520
-0.01673499
0.04709831
-0.05556512
-0.01529906
0.02204076
0.00183571
-0.03219907
0.01342342
0.02808383
0.04902322
-0.03587291
0.02334847
0.01689321
0.03024598
0.05527865
-0.01257880
-0.01919278
0.01222903
-0.03831491
-0.03217345
-0.04002106
-0.02723361
0.03036284
0.04530940
-0.05226225
0.03131953
-0.03649542
0.04072354
0.01469641
-0.05498475
-0.03498197
-0.03989037
-0.03796035
-0.04711863
-0.03040138
-0.06415744
0.01280022
-0.03710140
-0.00442391
0.06362218
0.04964005
-0.02791866
0.01443993
0.06098768
-0.04343442
-0.02489999
-0.03836683
-0.00290984
-0.01365778
0.02534408
-0.00521684
-0.04953292
-0.02246516
0.00712349
-0.01169106
0.03695141
0.02670549
-0.00130809
0.07205845
-0.03110935
-0.02738686
0.02957492
0.00533473
-0.00035237
0.00666296
-0.00636856
-0.01692117
0.03500832
-0.03980818
-0.02782517
-0.03209203
0.06938004
0.01503958
-0.03777961
0.05671539
-0.00891129
0.02217398
-0.01263062
-0.00983670
-0.05209906
0.01612077
0.01231897
0.03791434
0.04636493
0.01074439
-0.03159056
0.04361903
0.02937828
-0.00737705
0.02507435
0.00763278
0.06996755
-0.03277554
0.01395982
0.01334257
0.04864246
-0.05113960
0.05908247
-0.04888348
-0.02182128
0.03947449
-0.03736209
-0.00424455
0.04318674
0.03427600
-0.00609960
-0.04211278
0.04774927
-0.02991902
0.02248601
0.02575882
-0.03189100
-0.04608320
-0.02075030
-0.01389711
-0.03731887
0.01968563
0.03465053
-0.02176989
-0.02924499
0.01157756
0.04767016
0.00356956
-0.04890780
0.00963827
0.00512038
0.00697879
0.05344411
-0.00083011
0.06768180
0.01316424
0.02998580
0.02691580
-0.03349641
-0.02858688
-0.02408036
0.05264011
-0.01733273
-0.03630845
0.01184164
0.05053705
-0.01262593
-0.03827333
-0.01937014
-0.05178671
-0.00698202
0.00605966
-0.05743584
0.01244450
0.01831723
-0.05449073
-0.03406600
0.02254657
-0.01526142
0.01562875
0.01960633
-0.01803681
-0.03190291
0.00511516
-0.00308339
-0.02123725
0.04941388
0.02256110
0.01229388
0.04415260
0.03530449
0.00773383
0.05782084
-0.01713130
0.03679096
-0.02576022
-0.01555105
0.03198207
-0.00285021
-0.02402777
-0.07787574
-0.01525140
-0.03034316
-0.04687057
-0.01487074
0.01571646
0.03955839
0.00314621
-0.01206599
0.03508417
0.02545838
-0.03398710
0.02446729
-0.00315228
-0.05859753
-0.02974028
-0.03197963
-0.02986970
0.04651912
0.04147258
-0.04442275
-0.04580602
0.02281138
0.00527038
-0.00554370
-0.04911813
-0.05210041
-0.03698656
-0.02489985
0.03060173
-0.00765132
0.03514946
0.06414033
0.02169053
0.04768579
-0.01411764
-0.00963013
-0.03694754
0.04616566
-0.01413493
-0.01264562
0.00360675
0.03973933
0.04084879
-0.01403184
0.00755373
0.01251394
-0.00859341
-0.04124060
0.03607554
-0.02141280
-0.03769490
0.05391365
0.04103246
-0.04701610
-0.03311493
-0.01240644
0.04355441
0.00342026
-0.01675702
0.07360194
0.06267372
-0.00890113
-0.00845569
0.02180638
-0.02001761
-0.03148786
0.02234679
-0.01081379
-0.03004726
-0.02048929
-0.00010827
0.01361530
-0.00143459
-0.04606625
-0.02961910
0.00377163
-0.01334064
-0.01414996
-0.05310610
-0.02805119
0.03124303
0.04011262
0.01459415
0.01799900
-0.00670058
-0.05170675
0.06477402
-0.06335095
0.03125924
0.02554692
-0.03203753
-0.07243722
0.04196757
0.02558872
-0.04916602
-0.04716850
0.00332080
0.03067537
0.04916708
-0.06747798
-0.05126566
-0.04452009
0.03143917
0.03486207
-0.03404664
0.00018420
0.05787325
0.03624545
0.03604125
-0.01125555
-0.06122759
-0.01255684
0.05760801
-0.03099317
-0.05260583
-0.05058304
-0.04937586
0.01502701
0.00720131
-0.03247489
0.00865859
-0.04711909
-0.02582063
0.01058958
0.02413938
0.03033442
-0.01838364
0.01895480
-0.04476384
0.04350072
-0.02545310
-0.00360694
0.02716405
0.01680355
-0.07122897
0.01389682
-0.05890681
0.00628227
0.08160710
0.00520032
0.03911071
-0.02659486
-0.06697211
0.04181524
-0.04430872
-0.06985359
0.00735292
0.04932845
0.01646572
-0.04535171
0.03857382
-0.00988799
0.05872037
0.01636984
0.01371485
0.03917198
0.02796587
-0.01690534
0.03922873
-0.03903814
-0.01923438
0.07797732
-0.01416396
0.05601726
-0.03774826
0.02596829
0.02562553
-0.01608378
0.03468197
0.00434116
-0.01229968
0.06490336
-0.03510225
0.01286022
-0.02984147
-0.03269218
0.00596157
0.06793519
-0.04654420
-0.04438425
0.01189444
0.01325495
-0.00645057
-0.02830728
-0.00592075
-0.00155871
0.04471238
-0.00880639
0.05078780
-0.01175456
-0.00258722
-0.02045712
0.00569366
0.06411638
0.01857722
0.03298242
0.03058519
0.00447441
0.02684629
0.04776964
0.05643850
-0.01503447
0.00578179
0.01781021
0.05009455
-0.05427133
0.03427040
-0.00684840
0.00048729
0.05624626
-0.00769959
0.04294274
-0.04338574
-0.00855216
0.01998195
0.03637750
-0.04135220
-0.00802882
-0.04753112
-0.01991027
0.01617843
-0.04144122
0.00013588
0.02258544
0.03146682
0.05917105
-0.01765241
0.05418795
-0.05134135
-0.01894869
0.07652484
0.00780228
0.02511652
-0.02346748
-0.02519305
-0.00130413
0.05274857
0.04762453
0.04804743
0.03023587
-0.05235508
0.08600517
-0.00054006
-0.06450440
-0.05434938
0.02393311
0.08103556
0.01461917
0.02566504
0.03210876
0.01586170
0.03998576
-0.00030743
-0.01705214
0.03694266
0.00688953
0.01217444
0.03146311
0.01993898
-0.02679672
0.01451772
0.00535921
-0.04477226
-0.04048008
0.04397848
-0.01670100
-0.02634818
-0.03725377
0.04968044
-0.01202002
-0.02798170
0.03010519
0.03938606
-0.06931073
-0.02976247
0.01763121
-0.02173824
-0.00530485
0.05440882
0.00111538
-0.04740516
0.02015108
-0.04328007
0.01195191
-0.00955887
-0.00240621
0.00489500
-0.03919126
0.01514771
0.00628485
-0.03606674
-0.02925444
-0.06026529
0.02050753
-0.03673443
0.00427820
0.00925259
0.06515381
0.03937984
0.01732727
0.00862965
0.01902662
-0.03356756
0.04827166
-0.02540681
-0.07128484
-0.00469402
-0.00504893
0.01680238
0.04519626
0.02866087
0.00798363
0.04937948
0.01939050
0.01231834
0.04435772
0.01696841
-0.04260682
-0.05262477
-0.03113816
0.00648338
-0.00306127
0.02862264
0.01898445
-0.00345676
0.00804863
-0.05022122
0.07381398
0.03277130
0.00829882
-0.03786699
0.03340990
0.01844320
-0.02136708
-0.00750905
0.02121234
0.00574959
0.00306600
-0.06805777
-0.00742902
-0.06176154
0.00398632
-0.01305370
0.08232334
0.03471300
-0.01465944
-0.01642357
-0.00682346
0.02220774
0.02780272
0.03798979
0.01893044
0.01163865
0.03907480
-0.04137629
-0.00516538
-0.02271324
0.02850588
0.06521933
0.03067911
0.05215891
-0.02463337
-0.04633614
0.05294490
0.03440009
-0.02108175
-0.00339263
0.00670857
0.03804296
-0.01120732
-0.03301612
0.01256883
0.00751938
-0.01930752
0.01751403
0.11756662
-0.04071630
0.02129878
-0.01235560
0.00616694
0.02173315
0.02851072
0.01400352
0.02298563
0.00064242
-0.08695947
-0.05788103
0.00685605
0.02081857
-0.04637190
0.07255077
0.03436356
-0.01744636
0.00182946
0.06660727
0.00660493
0.01868532
0.01937616
-0.01468357
0.03036673
-0.02981960
-0.03384203
0.01091909
0.02860594
-0.05162521
0.01459494
0.03067682
0.05893401
0.01394125
0.04230949
0.01297787
-0.00411591
0.05272944
0.05047669
0.02570771
-0.04094696
0.02979035
0.00239129
-0.04447424
0.02130754
0.06543340
0.05249178
0.02770046
-0.00403857
-0.00516126
-0.03924276
-0.03917573
0.01106801
-0.00751236
-0.02193963
-0.00359181
0.03884941
0.01522861
-0.01571932
0.04084281
0.01908867
0.00845110
-0.02151668
0.04598083
0.05963140
0.04801006
-0.01768356
-0.02209224
0.04316816
0.03187867
-0.03810696
-0.05231833
0.02707791
-0.00975389
-0.00346545
-0.00535897
-0.00479369
0.02873548
0.01779361
-0.01388239
-0.01907161
-0.04574618
-0.02195443
0.02786578
0.03866853
-0.03915843
-0.04925564
-0.02666593
0.06860266
-0.05458576
0.08036953
-0.02940447
-0.04393117
0.04403858
0.04901179
-0.02515436
0.06164484
0.00887500
-0.02247352
0.01991984
-0.00293552
-0.02020312
0.00933568
-0.02014750
-0.02462501
-0.03289900
0.01199530
-0.03352825
-0.02811183
0.05299453
0.01218588
-0.03612732
-0.07778963
0.00588239
-0.02651859
0.04013150
0.00785656
-0.04652365
-0.00908592
-0.02396108
-0.01572949
-0.00148359
0.03571680
-0.01238018
-0.00244344
0.03807307
0.04917263
0.02878404
-0.04201481
-0.00242956
-0.01709022
-0.04718576
-0.03092516
0.04922843
-0.05771300
-0.05211044
-0.03653050
0.02101734
-0.01332308
0.04085455
-0.01391604
-0.05618588
0.00813249
-0.03257477
-0.02098798
0.07431521
-0.07458447
0.02784504
-0.00217200
0.00998061
-0.03191996
0.02723426
0.00367218
-0.00643805
-0.02329674
0.01213573
-0.05840262
0.03012772
0.02589362
0.03473899
0.02230611
-0.01766389
-0.02711055
0.00041120
0.01381757
-0.02909749
-0.02198524
-0.05108074
-0.00428947
-0.05158608
0.07646492
0.02977715
0.02047349
-0.03231064
0.06917623
0.04363618
-0.02302296
-0.05567902
0.02110845
-0.00783422
0.06155377
-0.00656617
0.02894842
0.01003724
0.04650853
0.00568055
-0.03592209
0.01715598
-0.04118012
-0.02962261
0.05176749
0.05205306
-0.04792285
0.03126937
-0.05016796
-0.04753159
0.00747922
0.06713023
-0.03002805
0.03982216
0.02817463
-0.02007672
-0.00353775
0.02379210
0.02174656
-0.01098382
-0.05487216
-0.01268014
-0.00148416
0.04355214
0.01390950
0.02980441
-0.03025788
0.02517650
0.04576712
0.01271709
0.04680917
-0.01059415
0.03591022
-0.06911764
0.00295731
-0.03718580
-0.00415677
-0.04461865
0.00316978
-0.01924765
-0.01705643
0.04080081
0.03800006
0.00082415
0.01966584
0.01626821
0.00343093
-0.01492651
-0.00936965
0.01262288
0.05512996
-0.00871973
-0.03302018
0.00469053
-0.04210569
0.01615225
0.01393820
-0.03270015
-0.00953747
-0.00081622
-0.04450034
0.02630248
0.02149525
-0.00129187
0.05641322
0.01171346
-0.04448711
0.03547657
0.00881778
-0.05641633
0.01452163
0.03201128
-0.00503160
0.01819824
0.02062397
-0.02468846
-0.03711341
-0.04810625
0.01753784
0.03619219
-0.03294518
0.03589315
-0.04866512
-0.03879191
0.00192796
0.00294120
0.03599150
-0.02833261
0.04623112
-0.00174297
-0.03788390
-0.00403870
-0.00427602
0.05107684
-0.01201777
-0.02964231
0.02019773
-0.03512681
-0.04448674
0.02333427
0.04128816
-0.02831830
0.03537783
0.02007484
-0.01010332
0.01543777
0.00608976
-0.04907037
-0.04165825
-0.02223372
-0.01541573
0.02667435
-0.00058685
-0.05739811
0.01063567
-0.00872340
-0.01025060
-0.01808283
-0.00606565
-0.02649098
-0.02672615
-0.03496663
0.04233957
-0.03315944
-0.00307796
0.06036260
-0.01270408
0.05394334
0.01160495
-0.01953892
0.05440455
0.00408955
0.02663901
0.00394610
-0.01109847
0.01470844
0.04425498
-0.00648766
0.03484421
0.01856800
0.03174093
0.00598431
-0.01914881
0.04315707
0.04966908
0.04138086
0.04388617
-0.01862536
0.04888429
-0.00893457
0.01109469
-0.02829845
-0.02804837
-0.00710670
0.02294254
-0.04360300
0.02059643
0.01854833
0.01753922
0.03727730
0.00016926
-0.02362902
-0.05682606
0.01113531
-0.00352501
0.01760498
-0.02586622
0.01254028
0.01453519
0.02115465
-0.02934605
-0.04999068
0.01875854
0.02471275
0.01255675
0.02296365
-0.03867674
-0.02928307
0.02066817
0.04057428
-0.03734612
0.03434846
-0.00942036
-0.02930050
0.01087106
-0.06428789
0.01243410
-0.00335701
0.03221239
0.01072835
0.02680056
0.00899632
-0.00497708
-0.01569003
0.05575893
-0.02913527
-0.01743159
-0.01446768
-0.03269788
-0.00247729
-0.03600629
-0.02412821
-0.00717169
-0.04679111
0.01283286
0.02986740
0.01709195
0.03927747
0.02954885
-0.03615417
0.01074119
0.02807482
0.02204522
0.00802608
-0.03443719
0.00384344
-0.03123643
0.04712681
0.00493514
-0.04792029
0.02705820
-0.00499409
-0.00464173
0.00595214
0.01353500
-0.03151651
0.01999712
-0.00134417
-0.02867129
-0.04522298
-0.02943382
-0.02466506
-0.03206338
-0.00289282
-0.03250736
0.02787901
-0.01777270
0.00886727
-0.02646130
-0.01240046
-0.01643283
0.01503950
0.02973633
-0.01288085
-0.03165035
-0.00883547
-0.02204368
-0.03631919
-0.05377780
0.02365999
0.00055625
0.05000781
-0.04528689
-0.03204459
-0.00552124
0.04224747
0.01215636
0.02580574
0.02478836
0.04932459
-0.01456517
0.04859302
0.03246034
-0.01800492
-0.01679603
-0.02278019
0.04082529
0.04159744
0.01374698
0.00598913
0.04724378
-0.03915263
-0.01146440
-0.04102467
-0.03358758
0.04682412
0.02992487
-0.03919508
0.00845717
-0.01095978
-0.03828472
0.01742902
-0.03861477
-0.03300048
0.03324373
0.01274712
-0.04935287
0.03166786
0.02913404
-0.01758705
0.04091766
0.00845499
0.04488533
0.05592902
0.00342187
0.00167397
0.00438754
-0.01419392
-0.02604802
-0.01514153
-0.03650485
-0.02615116
-0.04006350
0.03415441
0.03365574
-0.01149560
-0.02529016
0.01963990
0.04038504
-0.05482370
-0.00804446
0.01033932
0.02029205
-0.01873821
0.01599624
0.02550231
-0.02063004
-0.00584501
-0.01763803
-0.00284491
-0.01884836
-0.02387884
0.02899965
-0.03379362
-0.04212933
-0.04902253
-0.04532585
-0.04621639
-0.03064683
0.01566512
0.00498721
0.04794681
-0.00293330
0.01029613
0.02561524
-0.00030303
0.05165688
0.02438581
-0.00624163
-0.01560457
-0.04764338
-0.04253201
0.02341089
-0.01538514
0.00749471
0.00495005
0.05280060
0.00459514
-0.01658321
0.03524583
-0.04231250
0.00330594
-0.01641750
0.01041130
0.02943688
0.04565250
0.01644889
-0.01130536
-0.01802447
-0.00024483
-0.00415285
-0.02544185
0.02663790
0.00543192
0.02254499
0.01714564
0.01564037
-0.03502002
-0.02831776
-0.04867781
0.02115900
0.03463682
-0.01666075
0.01568901
-0.00147485
0.03835552
0.02836362
-0.00228083
0.00050630
0.02006083
0.00106331
0.02965907
-0.02308978
-0.00031989
-0.02817468
-0.00879268
-0.00277194
0.00492673
0.01526987
0.01661567
0.03366900
0.01929102
0.02871361
-0.02688367
-0.03604851
-0.00435127
0.01263630
0.01764543
-0.00460264
0.04474336
-0.03420657
-0.02144095
-0.03981342
-0.02544495
-0.03867320
-0.00679746
-0.02662138
-0.00560067
-0.04908976
0.05709226
0.03045836
0.02126716
-0.03216651
0.02415086
-0.03231825
-0.01667672
0.03384785
0.01904765
0.02554213
0.00467102
0.02376581
0.03972261
-0.02929604
-0.01056057
0.04011090
0.02025072
0.04264041
0.04304941
-0.03163874
0.00375534
-0.02216012
-0.03270065
0.05310519
-0.00349041
-0.00498659
-0.00596613
0.04951732
0.02085026
0.03608340
0.00722627
-0.02547921
0.02427141
-0.02032971
-0.00917037
0.04552732
0.04061421
-0.00027672
-0.00227676
-0.01370910
0.03876214
-0.00851105
-0.01419164
-0.00262223
-0.03035994
0.01173969
-0.02851652
-0.00809829
-0.02478468
0.03021184
0.03742489
0.01409002
0.03554339
-0.01366977
-0.00342470
0.00145412
-0.02403291
-0.01264370
-0.00345339
0.01238427
0.00972999
0.03968120
0.01052977
0.02000245
0.01316261
-0.04298925
0.03637627
-0.03694869
-0.01603748
0.01608950
0.01471873
-0.05183709
-0.01262064
0.00645921
0.02845817
-0.03947749
-0.01757780
-0.03628713
0.00166201
0.03959403
-0.01848187
0.03435009
0.03201781
0.00241532
-0.00504156
-0.00605964
0.03895744
-0.03154329
0.03225685
0.00277669
0.01331307
0.00374447
-0.01665510
0.04881069
-0.02932836
0.05620622
0.03782663
-0.01148021
-0.03507143
-0.04976980
0.02113581
0.03774325
0.02587922
0.04577727
-0.00412129
0.04956030
0.03655048
-0.01052046
-0.01749201
0.04910659
-0.03226364
0.02822015
-0.00776390
0.04437955
-0.04601277
-0.02686226
-0.03081437
0.01481090
-0.00002088
-0.04560512
0.00569862
0.00038146
0.01629864
0.05446862
0.00865417
-0.01187073
-0.01812574
0.01660929
0.03046878
0.03677387
0.02463749
0.02107240
-0.01431315
-0.01992674
0.00059291
-0.01838428
-0.01768303
-0.00062964
-0.01122530
-0.04019875
0.01472090
0.03577168
-0.00615494
-0.02173984
-0.02854917
-0.00128447
-0.00705712
-0.01138110
0.00124336
-0.00129879
0.02322001
-0.04472832
0.03040781
-0.04454413
-0.02689164
0.03825386
0.03965734
0.04800909
-0.04440265
0.00756539
0.00828294
0.01667447
0.01586846
0.04761392
-0.03875821
0.04498484
0.04501224
-0.03487711
-0.04188773
-0.00266902
0.02522318
0.03632220
-0.04477120
-0.03075354
-0.00656162
-0.04450132
-0.00812628
-0.02984190
-0.03594780
-0.00734462
0.04081470
-0.01307147
0.00681416
0.03179086
-0.01954315
0.04466282
0.02668210
0.00941844
-0.00878558
-0.02766374
0.02709865
-0.04088154
-0.01138391
0.01784727
-0.00922860
0.03316126
-0.05293315
0.03067725
0.01080902
-0.01528524
-0.03866798
-0.02689156
0.03817713
-0.01576634
0.00705163
0.01028043
0.02293125
0.00461867
-0.00159195
-0.01466526
-0.03572001
0.04545903
0.03338851
-0.01564944
0.00159692
0.04259344
-0.02165250
0.00083500
-0.05000964
0.00174183
-0.02592828
0.02124693
-0.04860333
-0.01793076
0.04221878
0.01218164
0.00634714
0.02510961
0.02276489
-0.00542325
0.01317866
-0.04752988
0.01153679
-0.02667847
-0.04027603
0.03155639
0.02821638
0.00333355
0.04702134
0.02880787
-0.03289709
-0.03511532
0.02290912
-0.00816926
-0.04316378
-0.00121975
0.03961566
0.00483702
-0.02316815
0.03929836
-0.03289518
0.01021005
-0.03641098
-0.02423422
0.05120264
0.03592264
0.00837454
0.04653001
-0.02608280
-0.05599011
-0.00459909
-0.00115014
-0.02749911
-0.02694090
0.04885423
-0.00749850
0.03011614
0.02297682
-0.03562396
0.00562956
0.04196435
0.00459190
-0.00712857
0.02692180
-0.03281158
-0.02903725
0.03532121
0.05861882
0.03647036
-0.00139311
-0.03347765
-0.03302651
-0.03461188
-0.04411641
0.06592724
0.03309154
0.01777131
-0.00337009
0.05218060
0.01990614
-0.01873131
0.00515119
-0.00948575
-0.04857190
0.03925620
-0.04609799
-0.00179719
-0.03807990
-0.04492926
-0.05141146
0.04340646
0.03532162
-0.00855848
0.02553447
0.02597128
-0.04831987
-0.05310827
0.02539005
0.02634815
-0.03531580
-0.02712604
0.04129671
-0.03679505
0.04080060
-0.01151460
0.01656601
0.03665804
-0.04632164
-0.01569004
0.03655378
0.03892943
0.02972079
-0.02807481
-0.03828933
0.03566127
0.04237420
0.02565678
0.02858525
0.02836984
-0.00101357
-0.02598055
0.04038242
-0.00852410
0.04839856
0.03510164
0.01051086
-0.03013528
-0.03536702
-0.00003455
0.06004403
-0.01473442
0.00139391
-0.03611039
-0.04887272
-0.03165211
0.01474064
0.02859780
0.01808227
0.00841065
0.03743311
0.02172728
0.05284870
0.04101711
-0.00885228
0.01910076
-0.01424779
0.00388852
-0.02941072
0.02099974
-0.03513312
0.03952659
-0.01845484
-0.01872450
0.01401903
-0.04604602
0.03007700
-0.05349912
-0.05309129
0.03047533
0.03554742
0.00982488
-0.01506504
0.00455011
0.00099654
-0.00710860
-0.01335154
0.01532835
-0.00940871
-0.03006293
-0.04897768
-0.00404198
0.00569194
-0.00012692
0.02968748
0.00821626
0.01394610
-0.04475773
0.02196442
-0.04900154
-0.04685720
0.01999457
-0.02918404
0.02928079
0.03155940
0.04141273
0.02348603
0.00564293
-0.01420361
0.02314416
0.04123986
0.02440319
-0.01427928
0.00816841
-0.00738277
-0.00317239
0.04256064
-0.01546926
0.00269596
-0.04920477
-0.01885444
-0.00074423
-0.00556328
-0.01226598
0.00063677
-0.03823908
0.02211177
-0.04514662
-0.04403774
0.04108610
-0.04789708
0.01968621
0.03834109
-0.00418477
-0.02344651
-0.01270159
0.04459381
-0.04950398
-0.00597348
-0.02803057
-0.00136547
-0.01641616
0.03061704
-0.04986484
-0.01073428
0.00707351
0.04931353
-0.01634973
-0.04370916
-0.00242931
-0.00379386
0.02305341
0.04458692
0.01731921
-0.02092344
0.02531974
-0.02270396
0.02107867
0.01316655
-0.04285793
-0.04603714
-0.04621577
-0.03575200
-0.03944701
0.02710310
-0.02089563
0.00039847
-0.01751197
0.04143921
0.01989469
-0.02196371
0.01569455
-0.04814883
-0.04961677
-0.00923066
-0.00116924
0.03658406
-0.00655016
0.00841874
-0.02704956
-0.04727442
0.03468403
0.03752276
0.04937274
0.03321391
-0.00339991
0.03442314
0.03771881
-0.00554435
0.04430857
-0.02371564
0.03037815
0.01843411
0.03779958
-0.01636242
0.00893662
0.04348414
-0.01766429
-0.03476202
0.02626137
-0.02793550
0.02917758
0.02032590
0.00592504
-0.04016202
0.02371305
-0.03858222
-0.02372227
-0.02119640
-0.02694071
-0.03691667
-0.01098325
0.02010574
0.03886927
-0.01974472
-0.00883294
-0.02208997
0.04188840
0.02581263
0.02209999
-0.04573014
-0.01278102
-0.01780128
-0.03926311
0.03297865
-0.00655357
-0.01643923
0.03290495
0.00716868
-0.00705856
0.04722953
-0.04280863
0.00703616
0.01384127
0.03521194
-0.02263363
-0.01153357
-0.00119109
0.02892520
-0.00598422
-0.03114552
-0.04976569
-0.00909405
-0.01734986
-0.01244315
0.01676828
-0.04166356
0.02305010
-0.01757384
-0.01203843
0.00238418
-0.02505201
-0.01644909
0.03620986
0.00688896
-0.01058005
-0.02696904
-0.04400810
0.03659613
0.02631436
-0.03527564
-0.00287268
0.01355616
-0.00250300
0.00275998
0.02066599
0.04272899
-0.04635737
0.02321644
-0.00422512
-0.02032210
-0.02636304
-0.00124683
-0.00877651
0.04853598
-0.04453536
0.02142541
-0.01702769
0.00494276
-0.02401931
0.04883130
0.00780065
-0.04824085
0.00038029
-0.02973696
-0.03104715
-0.04922082
-0.04249775
0.02105803
-0.02597463
-0.03783818
-0.02668663
0.02033947
0.01659761
-0.02728142
0.00737750
-0.01159053
0.04297910
-0.04588760
0.04709880
-0.00546032
-0.00072778
0.01848735
-0.03052963
0.02789726
-0.00505850
0.02286570
-0.03819649
0.04448369
0.04408945
0.02794938
0.02620555
-0.04173367
0.04485636
0.03808318
-0.04248634
0.01604708
-0.04596516
0.00551067
-0.00154090
-0.04090576
-0.03737650
0.04890665
-0.00524168
-0.02849314
0.03780831
0.04699785
0.01506528
-0.00696574
-0.01515660
-0.01942372
-0.02407009
-0.02541119
0.00348573
-0.04946090
0.01093031
-0.03683119
0.03011134
-0.02464676
-0.03889284
0.00890107
-0.01288099
-0.03518923
-0.03310855
-0.04036616
-0.01451866
-0.02377371
-0.02600215
0.00092984
-0.00846983
-0.02113010
-0.00715494
-0.03909606
-0.02750480
-0.00254584
-0.02070716
0.03041750
-0.04827784
0.02223290
0.05266330
-0.00128572
-0.05111454
-0.01345109
-0.00445753
0.04240002
0.03266292
0.00906740
0.00349482
-0.03101692
-0.01488262
-0.01742080
0.04541373
0.01886584
-0.00476689
0.03495574
0.03596169
0.05171501
0.02117086
0.03669203
0.03674783
0.04694872
-0.01064743
0.02431596
-0.01859935
-0.04481166
0.04908319
0.04794996
0.00871075
0.00633467
0.01303285
0.02826647
-0.00489035
0.03136709
-0.04902039
-0.04759730
-0.02782517
0.04445605
-0.01919656
0.04028100
-0.01312776
0.03053035
-0.00048784
0.00913159
-0.04174541
0.02129208
0.03708220
-0.03238075
-0.00158315
-0.00631595
0.02598666
0.02045479
0.00125285
0.01168634
0.01357600
-0.01817480
0.04261332
0.01421343
-0.00725872
-0.03896692
-0.01062841
0.02763413
0.04868952
0.00671561
0.03869293
0.01310327
0.02831173
-0.00697120
-0.00919185
0.03465474
-0.02229441
-0.03030050
0.01323784
-0.00440619
-0.04247050
0.03852126
-0.02439788
0.03672807
-0.02087152
0.00141207
0.00613735
0.01610205
-0.03567405
0.01320008
-0.04902734
-0.03437337
-0.03930462
0.05001030
-0.01470724
-0.02918113
-0.01017136
-0.02257219
-0.01698929
-0.00097072
0.02418541
-0.04163375
-0.01756105
0.03630846
0.01748108
0.04679575
-0.03241953
-0.04788060
-0.04741831
0.01969795
0.00759178
-0.01353157
0.03281640
0.02373233
-0.03542527
-0.00244898
0.00516200
0.02242823
-0.02816927
0.03930855
-0.03190451
-0.04015849
0.02638602
0.00735714
-0.05816155
-0.03497838
0.00942474
-0.04573581
-0.04335845
0.03977513
0.04923915
-0.02901564
0.00749014
-0.04342279
0.02651718
0.01541954
-0.03377435
0.04415712
0.03193764
0.02367518
0.00078532
0.02356657
0.01932662
-0.03440005
-0.01493913
-0.00120667
0.00880693
0.02474392
-0.01795903
-0.03527998
0.02070789
0.02398543
0.04439613
-0.03384142
0.00536504
-0.02593366
0.03999516
-0.02836684
-0.03055621
-0.05064929
-0.01899346
0.04572747
-0.01088277
0.01384685
-0.01098538
0.01778640
-0.04046007
0.03562035
0.04828633
0.02769429
0.00042809
-0.02613391
-0.00473338
0.02622459
0.02430345
0.00809549
0.05240157
0.01214206
-0.01423009
0.04185326
-0.02871600
0.01270416
-0.01686670
-0.00892077
0.00669607
0.01262741
-0.02884296
-0.03895626
0.00702182
0.03340127
0.04903178
-0.01910293
-0.02492741
0.03409230
-0.04815502
0.03675052
0.00031577
0.03309830
0.04802518
0.05086857
0.03849394
-0.01244332
0.02474103
-0.02187705
-0.03890952
-0.02689794
-0.00064373
0.00775550
0.01720896
-0.05050166
0.01761611
-0.04007684
0.04660982
-0.00495866
-0.03543324
-0.00029179
-0.01388471
-0.03508685
0.02282091
-0.05242674
0.00767591
-0.02900737
0.00677263
0.00060018
-0.01163791
-0.02970892
-0.04548438
-0.01064778
-0.02194118
0.00096955
-0.01937672
-0.03152100
-0.03439233
-0.00907235
0.02971116
-0.00114627
-0.01634947
0.02533270
0.02950213
-0.03926052
0.03963429
-0.00511995
0.04610605
-0.03332764
-0.01408660
0.00406490
0.03731647
0.01079896
0.04655490
0.06376566
-0.03277149
-0.06978547
-0.02608412
0.00627690
0.01046309
0.00518709
0.02474621
0.03236244
-0.05448775
-0.01851023
0.01414219
-0.05370741
0.04144579
-0.04668609
0.06613102
0.00352550
0.08317551
-0.00575803
-0.01680486
-0.01796110
0.03921683
-0.01790177
0.04205424
0.00748910
-0.03034367
-0.06747050
-0.02211100
0.00355601
0.00683054
-0.03116248
0.04420219
0.00690598
-0.06044006
0.00827002
-0.01039431
0.01562050
-0.01474633
-0.00475387
0.00236114
-0.09441179
0.00221207
-0.00287688
0.02465182
0.00097751
0.05356446
0.00585728
-0.05526139
-0.02176050
-0.05453015
0.02950967
-0.03470052
-0.04037369
-0.03896090
0.02775038
-0.00929761
-0.07416161
0.01570545
0.01112873
-0.03624306
0.03626613
-0.04536917
0.04118595
0.00322948
0.03063339
-0.06099856
-0.04913263
-0.00949461
-0.02435440
-0.01011867
-0.02957693
-0.03269148
0.00591070
-0.02906287
-0.00295844
0.05975578
0.02732448
0.03137266
-0.02969909
0.03474484
-0.04682742
-0.03344429
0.01130526
0.06267159
-0.01044699
-0.02648385
-0.04613780
0.01985031
-0.01980841
0.07194121
0.04438762
0.06446795
0.07021562
-0.06359280
-0.01167046
-0.02416643
0.01766193
0.01187019
0.00439414
0.03131015
0.02434245
-0.05512533
0.05241440
-0.05697580
-0.05492327
-0.00038753
-0.00294029
-0.01065859
0.05220316
-0.04327112
-0.01289550
0.02295744
-0.01756180
-0.04637014
0.02413567
0.03265179
0.02987885
0.02235346
-0.02352162
-0.03031778
-0.04123180
-0.00292131
-0.04142859
-0.00799101
0.02634687
0.04261725
0.00199683
0.00028693
-0.02596456
0.01716643
-0.00528264
0.02086958
-0.05237854
0.03208384
0.02715420
0.02096205
-0.03835420
0.03305176
0.01665359
0.01583347
0.04756230
0.05694303
-0.06500953
0.04716445
0.01094970
0.00543169
0.02708955
-0.03186342
-0.03168565
-0.05381110
0.03892012
0.07610030
-0.01040828
0.04665198
0.04022095
-0.02287988
0.08715747
0.02374181
-0.09254944
-0.04877405
0.02304954
0.02335854
-0.01764534
-0.04956146
0.04235234
-0.05650983
-0.00010767
-0.01420226
-0.02683783
0.07508381
0.04156191
0.05615341
0.02256046
0.04331527
-0.07290980
0.02246807
-0.03356406
0.02394013
-0.00591615
-0.01229022
-0.01462745
-0.03449298
0.00280224
-0.03247932
-0.01681514
-0.01934137
0.00358110
-0.00089731
0.01657453
0.03124193
0.05406881
0.04901050
-0.03363202
-0.04602558
-0.03621975
0.05808290
0.02865835
0.01741502
-0.00270326
0.02648224
-0.06517328
-0.01660413
-0.01522277
0.05638149
-0.00940133
0.01071154
0.00392031
-0.02036351
-0.04110335
-0.02962648
0.01603310
-0.01925046
-0.05750308
-0.02818035
0.03136819
-0.03902450
0.05832829
-0.02157557
-0.00618831
0.01083591
-0.02432299
0.03393830
0.01363780
-0.04882665
0.01250723
-0.01237671
0.02520777
0.05580908
-0.01235468
0.05227628
0.00150117
-0.07238495
0.04457324
-0.03595705
0.00315706
0.04130711
-0.04573525
0.01367637
0.01208073
0.01625150
-0.01672000
0.00954485
0.04670911
-0.07026945
-0.00688030
0.04038193
0.00780297
0.02411470
0.01532477
-0.06054780
-0.03800080
0.04080243
0.00238547
-0.02310640
-0.00120195
-0.03851811
-0.01528380
-0.03339633
0.02881615
-0.04934747
0.04174802
0.02329484
0.00763738
0.01716155
-0.04860779
-0.01188518
-0.02700165
0.03729442
-0.03918509
0.02980116
-0.04682841
0.01416338
0.03780524
-0.04913019
-0.02340841
-0.02228810
-0.04211671
-0.00180029
0.02649466
-0.04893323
-0.04086329
0.01145324
-0.02184577
-0.00435446
-0.01492577
0.03163230
0.03390761
-0.00990346
0.02570004
-0.03226823
0.00031334
0.02300797
-0.01051021
0.00581075
-0.04918964
-0.01854092
0.01029327
0.03560140
-0.04845759
0.00002341
-0.02326179
0.01378623
0.01678485
0.02425379
-0.00973593
-0.04397064
0.03685813
-0.01869534
0.01245524
0.01965643
-0.04572740
0.03003604
-0.03619045
0.03945659
-0.01618177
-0.03974518
-0.00390689
-0.01523505
0.01188713
-0.02152149
-0.02954072
-0.01867241
0.04105920
-0.02882949
0.03224346
-0.04306683
0.02590694
0.00711608
0.04897702
0.04211249
0.01241263
0.01981877
-0.04412600
-0.04815511
0.01097309
-0.03777557
-0.04956461
-0.04804780
-0.00547983
0.01404174
-0.01877482
-0.02283873
0.01879714
-0.02080595
-0.02044143
0.04224527
-0.01757224
0.04333161
0.04151241
0.03515710
-0.02361589
-0.02678402
0.02660583
0.02091026
-0.02130700
-0.03107816
0.01291412
-0.04610052
-0.00714357
0.02756663
0.02142424
0.00457390
-0.04534501
0.01221465
-0.01048236
-0.03321409
0.02001573
0.00653130
0.03392977
-0.02177301
-0.00844341
-0.03051906
-0.02711546
0.01498948
0.00190584
-0.04506405
-0.04202029
0.01010841
0.00235427
-0.01480104
-0.02563313
-0.00113250
-0.00542639
-0.02512872
-0.02105548
-0.03018030
0.02788318
-0.02511659
-0.04671811
-0.00600054
0.04775889
0.02274331
0.01626643
0.04329693
-0.02919121
-0.02692895
-0.02177464
-0.02220403
-0.02099980
-0.02117986
-0.01670703
0.01961366
0.01985994
0.01598666
0.04342412
-0.00725167
-0.00014807
-0.00075897
-0.02184911
0.04976149
0.01885941
0.02526812
-0.04707614
0.02532400
-0.00195338
-0.03799534
-0.00634534
0.02077971
0.01009324
0.04317910
0.04875790
0.02031106
-0.02985694
0.00232527
0.01686295
0.02296841
0.04360489
-0.01166422
0.02239964
0.01899106
0.02569328
-0.02350102
0.04290362
-0.05095837
0.01386736
0.01132572
0.04818024
-0.03199824
-0.04158621
-0.04863797
0.03225230
-0.01801299
-0.02355318
0.04293169
0.02096205
0.01713230
-0.02174087
-0.00931932
-0.01948284
0.04799272
-0.00947300
-0.01802098
-0.00152797
0.04096839
-0.00531784
-0.01845476
-0.02894704
-0.01687826
-0.02908745
-0.02498107
0.02530880
-0.04786649
-0.03136286
-0.00945685
0.03237052
-0.03623942
0.01678103
0.03671294
-0.04336038
-0.04258892
0.00338234
0.04023809
0.03560351
0.02500708
0.01799624
-0.04386902
-0.03952030
-0.02850775
-0.04812755
-0.01872711
-0.04289932
0.01747536
0.02701888
0.02021036
0.03703826
-0.04222694
0.03867487
-0.04509141
-0.02625960
-0.04229614
0.03405914
0.02987485
0.01463597
0.01230463
-0.04123269
0.00256257
-0.04583160
0.01299593
-0.01602092
0.03696901
-0.02200860
0.04116687
-0.04326855
-0.03751626
-0.01954839
-0.00821497
-0.01295110
0.00522308
0.04898317
-0.02687150
0.01395252
0.04542700
0.04471730
0.00808453
-0.06296218
0.04307128
-0.00188492
-0.02948921
0.02663153
0.01432079
0.03741248
-0.02807377
0.00885353
-0.00957033
0.01703857
0.03082226
-0.02396899
0.05543082
0.03403561
-0.01321597
-0.02602510
-0.01053756
0.02318900
-0.04699816
-0.02429435
0.02643497
-0.00747152
0.00608031
0.02138702
0.04918643
0.03829949
0.04535653
0.05529754
-0.03880500
-0.03731421
0.05287237
-0.03506660
0.03419237
-0.00825263
0.05092238
-0.03683445
-0.01661101
0.01123794
0.04840308
0.01584193
0.05605868
-0.01298288
-0.03639358
-0.03832186
0.02295052
-0.04760415
-0.03245497
-0.00810573
-0.00599546
-0.01719123
-0.04102085
-0.00310512
0.01398731
-0.01565716
-0.03264945
-0.04565736
0.04238536
-0.02580800
0.04156719
0.01419471
-0.02878457
-0.01749394
0.01040412
-0.03211627
0.01695656
0.03425815
-0.01148123
0.02217889
0.02354439
0.00813225
-0.03828418
0.04034182
-0.00384274
-0.01074532
-0.01198922
0.03981695
0.00271019
0.01664087
-0.05376904
0.04003460
-0.03550313
0.03017809
0.02227449
0.04366688
-0.00785097
0.03458914
-0.00749103
-0.00807777
-0.01528210
-0.03855897
-0.00000820
-0.04886773
-0.02320593
0.01444151
0.00968421
-0.02255746
0.03556832
-0.01093176
-0.05137914
-0.04485557
-0.00954818
-0.01687892
0.03912957
-0.01542936
-0.04186518
0.06000342
0.01050928
0.02335173
0.01204934
-0.01143843
-0.00470993
0.03685238
0.03349430
-0.00529495
0.01410139
0.05245725
0.01100895
-0.02761111
-0.03429263
0.03516572
0.01299531
-0.02481338
-0.01669621
0.06447820
-0.02346719
-0.00963701
0.02738206
0.03238124
-0.04861945
0.00994391
-0.00496042
0.04005861
0.02946135
-0.00896889
-0.03684386
0.05601415
0.01580361
-0.05234769
-0.00762652
0.00805779
-0.03879593
0.02157534
-0.00174139
0.02560933
0.03495838
0.04861826
0.01839899
-0.05033590
-0.00699180
-0.03412737
0.01067332
0.02869452
-0.03703791
-0.00392098
-0.02911398
-0.02262105
-0.00693823
0.01930336
0.04568237
-0.01237906
-0.05287907
0.02227378
-0.07456052
0.04257376
-0.03400925
0.00380489
0.06058568
0.06120641
-0.02866281
0.04142844
0.03298106
0.02513831
0.02495454
0.00808274
0.04401581
0.00716260
-0.02286571
0.00436130
-0.02170116
0.03938847
0.03699853
-0.00841093
0.00260995
0.05216059
0.01729664
0.00750729
0.00319153
-0.04749572
-0.01205547
-0.02417384
0.03983090
-0.04030944
0.04292854
0.02939873
0.02033321
0.06356698
0.03858954
-0.01532984
-0.02596355
0.03161469
-0.03149990
-0.00107411
-0.00215882
0.02317827
-0.03596869
0.01999745
-0.01411934
0.01050919
-0.02939148
-0.06108440
0.01437820
0.01314632
-0.03976170
-0.05573140
-0.01975337
0.02047150
0.04045923
0.04066040
-0.02327987
-0.05500485
-0.01095695
0.02966837
0.04057278
0.00245864
0.03004491
-0.03093302
0.01952629
-0.00153856
0.01867818
0.01765237
-0.01398826
-0.03128434
-0.00440472
-0.01387783
-0.01348902
0.02899054
0.01786206
-0.01130969
-0.06891419
0.03535280
0.08292117
-0.03202043
-0.03644741
-0.01273118
0.05779942
-0.00299078
0.02680295
-0.03992177
-0.04532330
-0.02777007
0.01852982
-0.02220832
-0.02361840
0.01400389
0.04240074
-0.01368241
-0.04386681
0.01490584
-0.00079207
-0.04747924
-0.04258342
0.04573888
-0.01425110
0.03313098
-0.02905198
0.03663214
-0.00219478
-0.00763229
-0.01700035
0.00026007
-0.01129217
0.01288127
0.04739587
-0.03328910
-0.01392809
0.03734618
0.01663708
-0.00849477
-0.01220293
0.02068502
-0.04495147
0.04089272
-0.00774687
0.02908551
-0.04257805
0.00562322
0.02689485
-0.00947150
-0.02801848
0.00694946
-0.00137262
-0.04159111
0.03009865
-0.01588276
0.05633844
0.01177772
-0.00079974
-0.01441664
0.00836988
-0.05581604
0.01918951
0.02256335
-0.05489708
0.00466374
-0.02345843
0.02554051
-0.02746806
0.05447800
-0.01677452
0.03016778
0.04411470
-0.01694264
0.03770630
0.03323958
0.00116640
-0.00844622
-0.03589367
-0.00761876
-0.06435977
0.00530583
0.02878907
-0.00662141
0.00365245
-0.04467430
0.07418960
-0.04571225
0.03400860
-0.01679123
-0.02140255
0.01627695
0.01095215
-0.02742249
-0.01800437
-0.02132987
-0.05929437
0.06315414
0.04729910
-0.04173498
0.07232584
-0.04024820
-0.02624659
-0.02768474
-0.01397867
-0.04417465
0.00684735
-0.09467379
0.01127889
-0.04282856
0.05639888
-0.00826804
-0.00017193
0.00896138
-0.04283208
-0.02139209
-0.05115175
0.00849111
0.00946162
0.02943355
0.05093201
-0.00479863
0.00681382
0.03913297
0.04329551
0.05973094
-0.04535341
0.03436055
0.01150765
-0.00128415
-0.01430360
0.00695233
0.04153719
-0.03131165
-0.02178358
0.05603873
-0.04321840
0.01161181
0.03583025
0.05792006
0.01831425
0.00843401
0.03632920
0.00813520
0.02797433
0.03621448
0.01779282
0.04721287
-0.04403386
0.04612463
0.04088422
0.05319907
-0.03914462
0.05956445
-0.05534419
-0.00557371
-0.08414746
-0.03970996
0.06370468
0.03535733
-0.00790988
0.02116367
0.02635192
-0.04372127
0.00125301
-0.02988133
0.02079298
0.09209529
-0.02675617
-0.04081296
-0.05663152
0.01823864
-0.03010056
-0.05309813
0.02219709
-0.00162674
0.01030888
-0.01096816
-0.01734834
0.00547626
-0.01248990
-0.04879388
0.00814357
0.01052513
0.04955744
0.04071775
-0.00895289
0.06018234
-0.01502720
-0.00838890
0.03784545
0.05405881
-0.04578523
0.03587990
0.01356928
0.00840336
-0.05127265
-0.05136544
0.02321754
0.00227217
-0.02285572
-0.02556708
-0.01408542
0.01613238
0.02640056
-0.03943224
0.03263766
0.02612881
-0.01507263
-0.04502065
-0.01710855
-0.00130926
-0.02153112
0.00414697
-0.04022663
0.05375781
0.00271842
-0.03337708
0.01639320
0.05067668
-0.00366013
0.01954803
0.01079962
-0.02538539
0.01041014
-0.04025991
0.01870268
-0.06150157
0.01747935
-0.04643719
-0.02424918
-0.03356965
0.01175406
0.04246097
-0.02795392
-0.02308765
0.02351493
0.04554253
-0.05463759
0.06914070
-0.01751726
0.04380498
0.01778598
0.01128657
0.02213402
0.06774163
0.03986432
0.03508440
-0.02860545
-0.04908228
0.00680672
-0.00910794
-0.02623876
-0.02301348
0.00830911
0.00354071
0.02105865
0.00001203
0.08952850
0.00431347
-0.04137640
0.01144968
0.06223848
-0.05238768
0.06116900
-0.03348145
-0.06729478
-0.04499105
0.03561242
-0.04529487
0.01352472
0.03593328
0.04349062
0.00002157
0.04168840
0.04887055
0.04721254
0.00339983
-0.00845897
0.00342384
-0.00309973
0.00916973
-0.04473604
0.04718480
0.02095304
0.00352714
-0.03597028
0.03207154
0.02925176
0.04915900
0.04180432
0.00553093
-0.03394265
-0.04641424
0.02519921
0.04135492
-0.01058224
0.02705860
-0.03903399
0.01193049
-0.02856764
-0.03325011
0.02120469
0.02137855
0.01017391
0.04814558
-0.03655188
-0.02068878
-0.02390291
-0.02790070
-0.04853545
-0.03593209
0.02974786
-0.03883809
-0.01684281
0.02708898
0.01765690
-0.01216144
0.04835423
0.04146158
0.01376827
-0.02982328
0.04313317
-0.00395201
-0.04487395
-0.01312071
-0.03050837
-0.01279482
-0.03148721
0.01125029
0.01386520
-0.03214092
0.02551736
-0.02875465
-0.02438650
0.04759802
-0.04005986
0.01402158
-0.04706397
0.02900675
0.02201758
0.02994394
0.00075694
0.03410159
0.01398145
-0.02071535
-0.00682001
-0.02706933
-0.01355959
-0.03041632
-0.02142416
-0.01741270
-0.01158444
0.00157002
-0.04044793
-0.04820741
-0.00670314
-0.02750942
0.04229510
-0.03863062
0.02056134
-0.04608678
0.00501749
-0.03003832
0.00253749
-0.00807243
-0.03507175
-0.00178959
0.04330533
-0.04180399
-0.02280948
0.04367525
-0.04436554
-0.02713373
-0.04771470
0.01893302
0.03495055
-0.04850675
0.03836228
-0.04833334
-0.03874373
0.01731862
-0.04007010
-0.02506766
0.03335917
0.04190871
0.01083255
0.00627999
0.00068590
0.00246522
0.03241418
-0.02175099
0.01328202
0.03659891
0.03549951
0.03936704
-0.03422222
0.02667863
-0.04616991
-0.02709024
0.02999326
-0.04005926
0.02941273
-0.04568022
0.00981010
-0.00391095
0.04306653
0.02159903
0.03227239
-0.05054711
-0.01477652
-0.03607297
-0.02622270
-0.02320837
-0.03555525
0.02785771
-0.02590833
0.02848422
0.01276091
-0.00191081
-0.02512644
-0.00081823
0.01184905
0.04024910
0.05025227
0.00059954
0.04727351
-0.02680656
-0.00767974
0.02184133
-0.02846278
0.03125862
-0.02633844
-0.01711514
0.02848574
-0.02022420
-0.00116518
0.03926377
-0.04029476
0.03079614
-0.03391037
0.01997954
-0.00732268
0.02309222
0.02117029
0.02601998
0.00817936
0.01517821
-0.04863225
0.01013707
-0.03768975
-0.03107934
-0.02428971
-0.02249263
0.02977487
-0.00596533
-0.04522368
-0.00892250
-0.02184451
0.00320382
0.00935544
0.02480277
-0.04337465
-0.01927076
-0.00353889
0.00389185
-0.04906494
0.01945172
-0.03729408
0.04289100
0.00364366
-0.02494418
0.01584853
-0.02673481
0.00290629
0.00094491
0.02678772
-0.04233347
-0.03134092
-0.01167665
0.02483585
-0.02738414
0.02284900
0.00797495
-0.05287901
-0.04039368
0.01701516
0.04372717
-0.00462955
-0.04893206
-0.03138834
-0.00780515
-0.02137735
-0.01462797
-0.03627586
-0.02240794
-0.03063102
-0.04790739
-0.02599983
0.04158079
0.00933523
-0.05162369
-0.03963544
-0.01676887
0.04899095
0.02231445
0.02739784
0.00779521
0.03376852
0.02154668
0.03680016
-0.04640568
-0.03781274
-0.01976687
0.01379408
-0.03735866
0.04698559
0.00780489
0.01113936
0.03074390
-0.02106927
0.03106154
0.04104307
-0.00981387
-0.04761183
0.00011387
-0.05462490
0.01025079
-0.03107726
0.00147909
-0.02142001
-0.00530225
-0.04220546
-0.02499013
-0.03113268
0.04016377
-0.00919230
0.01007485
-0.00588779
0.01113889
0.00712843
0.00689355
0.00002760
-0.02614471
-0.02864221
0.00333682
-0.00671486
0.02584231
0.03706869
0.05622863
-0.01615878
0.00845892
0.01598348
0.03679825
-0.02248491
-0.01558955
0.03225578
0.00757714
-0.04037122
0.03286066
-0.03781427
-0.04894153
0.04064866
-0.00434143
-0.05592737
-0.02070473
0.03699434
0.00670763
0.01478226
-0.03386169
0.02709797
-0.02821897
-0.04625677
-0.00475818
0.02026799
-0.02527962
0.00690373
-0.02173303
0.01714548
0.04721415
0.04327012
-0.01268810
0.02813409
-0.01263472
-0.01429129
0.04395270
-0.01880465
-0.04339413
0.00857722
-0.03838281
0.01817032
-0.00351469
0.01534478
-0.01569926
0.03641143
-0.03884667
-0.00505998
0.01993790
-0.00929039
0.04483971
-0.03726826
-0.01741057
-0.02615547
0.02434880
0.00462187
-0.05392984
0.02941518
-0.04314566
-0.01242404
0.00073000
-0.05476439
0.01790043
-0.01453228
-0.02329678
-0.00362373
-0.02215348
0.00401238
-0.01459245
0.01783301
0.01914179
-0.00715095
-0.05218751
0.00647278
0.05529232
0.00887883
-0.04423658
-0.01001684
-0.04944432
-0.02489260
0.03016515
-0.01460095
0.05345272
-0.03819668
-0.04329591
0.00217068
0.03785653
0.01330105
0.03799773
0.02288174
0.00202494
-0.00056272
0.04395071
-0.03224268
0.04376185
-0.02432835
0.00226981
-0.02035672
0.01800546
0.01560166
0.01545182
0.03891605
0.01409427
-0.00366250
-0.03211663
-0.00182001
0.02627893
0.00738739
0.03823089
-0.03762827
-0.02633344
0.04146206
-0.00233817
-0.04422993
0.06015867
-0.01131290
-0.01414991
0.00582500
-0.00818160
0.00787690
-0.01739940
-0.00585459
0.02356545
0.03156489
0.03111693
-0.06004258
-0.03996825
0.03764170
0.03425092
0.00766498
0.01508615
-0.03392532
0.00982649
0.00698525
-0.00849396
0.00409451
0.03378230
0.01376853
0.02061109
-0.00400831
-0.00825822
-0.02512704
-0.01215847
-0.05592251
0.03097906
-0.03458102
-0.03178081
0.03340971
0.03324237
-0.03281799
-0.05177462
-0.02879843
0.00642452
-0.00964640
0.01382011
0.00110284
0.01933593
-0.01738877
-0.04259920
0.00903233
-0.00570863
0.02764483
-0.04435317
-0.00039872
0.04352621
-0.03020545
0.03728590
-0.00728836
0.01801198
-0.02583590
-0.02407987
-0.02245396
0.02073926
0.03810558
0.03580338
0.00748355
0.04663358
0.02299423
-0.04838617
-0.03207608
0.05090857
0.01469318
-0.01271849
-0.02854868
0.02366493
0.04865554
0.03077794
-0.02178483
0.01203086
0.03883684
-0.02616932
0.02269052
-0.00187523
0.00563368
0.04242692
-0.04390468
0.03067609
-0.03931608
-0.04296462
0.00226231
0.01623843
0.06019610
0.05227853
0.02433172
-0.02442893
0.02873481
0.03034094
-0.03554702
0.01093042
0.00766615
0.01098019
0.00240514
0.04567269
-0.04391570
0.01954327
-0.05021693
-0.04177269
0.00120026
0.04423165
0.01519971
0.00525392
-0.05405578
-0.04209887
-0.00577017
-0.01842306
0.01827244
0.01800608
0.03262257
-0.01642554
0.03517970
0.04923852
0.04200253
0.01134780
0.02242976
-0.03117924
-0.00835602
-0.04499249
-0.04455169
-0.01127274
0.04446981
0.01369113
0.01349334
0.00843698
-0.01702340
0.01668881
0.00876090
0.05028618
-0.00993792
-0.04067868
-0.03830023
0.00732836
-0.00653232
0.00757962
-0.01268007
-0.03565764
-0.04831963
0.04800780
-0.01843644
0.02740757
-0.01526798
0.05733775
0.01934279
-0.00994538
0.00855656
-0.05080558
-0.04995089
0.01516511
-0.02530023
0.02059953
-0.06309628
0.03030757
0.02963679
-0.00737957
-0.00188858
0.00892134
-0.05037805
-0.00932351
0.01039098
-0.04061853
-0.04812158
0.02643228
-0.02888422
-0.01634003
0.00811272
0.06013500
0.01200077
0.03088917
0.04311045
0.02597835
0.00076426
-0.01797991
-0.03167841
0.01145883
-0.04456259
-0.01410706
-0.02952850
-0.01360940
-0.01622226
-0.02357835
0.05803046
0.01502367
0.01250953
-0.03806287
0.06833712
-0.01702419
-0.00189200
-0.01033770
-0.04748577
-0.02412201
0.02034150
-0.04050663
-0.02703631
0.01866178
-0.05644748
-0.00811156
-0.02937872
0.00059884
-0.01088055
-0.04191367
0.00217202
0.01526347
-0.03966305
0.01139402
-0.02782191
-0.02135875
-0.07869722
-0.03636370
-0.02426150
0.02905272
0.00407707
0.02309906
-0.03372786
0.01377979
0.01675499
0.04420425
-0.00659455
-0.00055295
0.00226544
-0.04708732
-0.00968671
0.04653688
0.01890823
0.04092579
-0.00848367
0.01672046
-0.01226365
0.02122232
-0.02677007
-0.04640802
-0.00247213
-0.00543840
0.03182373
0.02630611
-0.00230650
-0.00741896
-0.05201007
-0.00655683
0.01983018
0.03593037
-0.03965470
-0.05122629
-0.01642001
-0.00212935
0.04555767
-0.05591217
0.07906910
-0.02172424
0.00140033
0.00045425
0.00710263
0.03733804
0.03671999
-0.00938660
0.02429068
-0.04001530
-0.02101946
0.01036816
0.04224359
0.03459079
0.03263189
0.04983579
-0.02158995
-0.00385122
-0.00712065
0.04101863
-0.06758256
0.01456869
0.03828686
0.04388299
0.02919230
-0.03937087
0.08019946
-0.01380728
-0.03070487
-0.05251419
0.03408251
0.00312728
0.01397877
-0.01061707
0.04230508
-0.01625183
0.07645585
0.02611143
0.03737459
0.02977255
0.04014819
0.04804298
0.03059991
0.08568687
0.03194738
0.06399482
0.00457476
-0.00485226
0.03134870
-0.03978907
0.00898510
-0.03171264
0.00302460
0.06604871
0.00043898
-0.01376030
0.02530009
-0.02987359
0.04488519
-0.02645916
-0.00647519
0.02400219
-0.02849884
0.04028533
0.03981708
-0.01861853
-0.00276679
0.00763390
-0.02751725
0.00674519
-0.00321606
0.02899268
0.05179977
-0.00980854
0.03234943
0.04805933
0.01860038
-0.02362061
0.04052704
-0.03501606
-0.03580264
-0.00381824
-0.01863930
-0.07535084
-0.04811996
-0.00949345
-0.02800852
0.01064009
-0.03439682
-0.00938353
-0.04728011
0.00738271
-0.00209867
-0.04217896
-0.00886210
-0.00356347
0.01558112
0.04225560
-0.00233147
-0.01175412
0.10531338
-0.00123177
-0.01979871
-0.01939833
-0.01815760
0.03334565
-0.03842102
-0.05463561
0.00783196
0.06915325
0.02221239
0.00340623
0.04408932
-0.00944146
-0.03474714
0.01077133
0.05677006
0.02310407
0.05680891
0.05659251
-0.04989021
-0.07303511
0.02354499
0.01728342
0.02271865
0.02867750
0.00844128
-0.02088894
-0.04248865
-0.00231424
-0.03491456
-0.02521477
0.02226760
-0.01525547
-0.04678622
-0.01375815
0.00312978
0.04645725
0.04386713
-0.01249342
-0.01132156
0.01946083
0.03513389
0.07411663
0.00142496
0.04151428
-0.01099987
0.00220583
0.11883470
0.04400711
0.01248263
0.05242500
-0.02796483
-0.01980635
-0.01248656
0.00711151
0.03079271
0.03691536
0.03080142
-0.02607703
0.00487131
-0.02671692
-0.00648762
-0.00175853
0.03818921
0.04680052
-0.03751399
0.02344197
0.04333790
-0.02730273
-0.00800730
0.01092397
-0.00279479
-0.04411253
0.02493325
0.09408784
-0.02703890
-0.02581407
-0.04972844
0.07638391
0.04191453
-0.04701483
0.04268127
0.02939109
-0.04416334
0.04249628
-0.04159819
-0.04757876
-0.07865075
-0.03619426
-0.02533817
0.03345363
-0.02178422
0.03688323
0.08056607
-0.06522519
-0.04397212
-0.01548727
-0.03166879
-0.04925950
0.00215566
0.03305148
-0.03540144
0.06980178
0.00169400
-0.04870019
-0.02593795
0.03774555
-0.01608509
0.03554101
0.00961694
0.03177808
0.00383231
0.04378966
-0.04355033
-0.01905442
-0.06356136
-0.02811117
0.05414839
0.04402230
0.03534584
-0.03745857
0.01847302
-0.02475413
-0.02777123
0.05951735
-0.00999670
0.01145017
-0.02638803
-0.04186317
-0.07141347
0.00447288
-0.03119547
-0.05794842
-0.03839605
-0.02724208
-0.04814582
0.03536864
-0.02622513
0.06226713
0.00249166
-0.03923989
-0.04167950
0.01920855
0.01912584
-0.07261604
-0.00715093
-0.00269418
-0.02105305
0.02192053
0.04588020
-0.00665034
0.04188597
-0.01778673
0.04190125
0.01381969
0.07117283
0.01832600
0.00277859
-0.04815717
-0.04909140
0.01974429
-0.01645776
-0.02904363
-0.03630495
0.06043206
-0.02151393
-0.02569088
0.04317616
0.02558627
0.02716946
-0.00200326
0.01880753
0.00989579
0.05704983
0.04842336
-0.00364289
0.06061915
0.01971455
0.02036832
0.00615022
-0.06962169
0.01255898
0.01345002
-0.00935097
0.01683534
-0.02508527
-0.03126715
0.04509714
-0.04341901
0.07207990
-0.08936065
0.06222684
-0.01767967
-0.05860876
-0.05066552
-0.00234466
0.04974444
0.03973082
0.03717287
0.06065232
0.02262296
-0.01252914
0.02625005
0.04854433
-0.01642008
-0.03529294
-0.00380726
0.01377680
-0.05848206
-0.05389770
-0.08455496
-0.02980651
-0.00471986
0.00012967
-0.03222911
0.04295956
-0.02855692
0.04039078
0.03809986
0.01271649
0.00588547
-0.02792600
0.01045919
-0.03001660
0.03547724
0.04709635
-0.02130779
0.00020669
-0.01465365
-0.04970014
0.02602150
-0.04916216
0.01380570
-0.02331283
0.01905537
0.00664376
-0.03263940
-0.03129762
-0.00421882
-0.03921989
0.04401310
-0.05360294
0.05395425
-0.01222733
0.04406108
-0.02228677
0.02295020
-0.01106697
0.02977220
0.03969542
-0.04691334
-0.02041627
0.03021552
-0.03927181
-0.01830477
0.04956441
0.03862215
0.01009590
0.00948754
-0.01899994
0.04231163
-0.02630987
0.01552738
-0.00718658
0.01727459
-0.01869987
0.04026315
0.03176970
-0.04376883
0.03013502
0.02153075
0.07284651
-0.01965291
-0.03166639
0.00203864
0.00692562
-0.03078439
0.00243863
-0.04901947
0.04473179
-0.02843354
0.01974907
-0.04547351
-0.03857589
0.00120125
0.03037998
0.02726133
0.04693732
-0.04235279
-0.03456074
0.03742470
-0.03139989
-0.02240864
-0.01996998
0.00933387
0.01032763
-0.03338109
0.02086488
0.00650011
-0.03795717
0.00016160
0.03824256
0.04190423
0.04185595
-0.04584721
0.02566496
-0.01381425
-0.02171934
0.03647152
-0.00253298
0.01665724
-0.00041261
0.04636148
-0.00237883
-0.02459364
0.04988579
-0.01915849
-0.04255132
0.01162255
0.01269431
-0.00303206
-0.00193819
-0.03124190
-0.01001204
-0.01840629
0.01024368
0.04734469
0.04885234
0.02976794
0.01139191
-0.01942592
-0.02084511
0.01340971
-0.00119800
-0.02940073
-0.00046388
-0.01520582
0.00786008
-0.04006210
-0.04270905
0.03424970
-0.01113996
0.00975793
-0.03959291
-0.03833788
-0.03137088
-0.03986245
0.01099370
-0.00203101
0.01517874
-0.00532086
0.00496396
0.04797706
-0.00144636
0.01351565
-0.02234211
-0.02500916
0.04180931
-0.03492288
0.01073027
0.03291485
-0.03521524
-0.04013668
0.03330144
0.02004254
-0.01162405
0.03421004
0.02058542
0.04979542
-0.02958034
-0.01614618
-0.03662173
0.02670334
0.04376735
0.03792707
0.01251458
-0.02126978
-0.01356606
0.03393272
-0.02024397
-0.02649894
-0.02880600
-0.03940444
0.00962794
-0.00500607
-0.02559518
-0.03718095
-0.01727328
0.01049519
-0.03198420
0.03584929
-0.01582125
-0.04423200
0.03181981
0.03765042
0.03126964
-0.02482463
-0.00333819
-0.00506100
-0.00599821
0.03310747
-0.02742655
-0.02844046
-0.03500720
-0.02278213
-0.02760292
-0.01495381
-0.02503149
0.01048641
-0.01137172
-0.01874095
0.04596233
-0.02346358
0.01074099
-0.04299555
0.03963701
-0.03826304
-0.02614265
0.00958931
-0.03741214
0.03080514
-0.01240828
0.00015414
-0.03770879
0.02646356
0.04815847
0.00058768
-0.00825832
0.04284603
-0.03531022
-0.00837133
-0.02475178
-0.04864210
-0.02736712
-0.01929102
-0.01164280
-0.01270862
-0.01439993
0.00176075
-0.00695889
0.01052979
-0.01991445
0.01884486
-0.01501742
0.02891400
-0.04075187
-0.04203770
-0.03508031
0.01250803
0.01868339
0.03693309
0.02468056
0.01384550
-0.01347928
-0.02069166
-0.03897336
0.01172157
-0.03200193
0.00194415
0.03884657
0.04585057
-0.03705475
0.04152492
-0.00279558
0.03351336
0.03317087
0.04245755
0.04032358
-0.04684832
-0.00051671
-0.02334386
0.03382639
0.00135799
-0.02100722
0.02763476
0.00501307
-0.04396765
0.04769583
0.04051198
0.00897897
-0.02176602
-0.04233544
0.04949985
-0.01608409
0.00953967
0.03773700
0.01634182
0.04772079
0.04076020
0.00374934
0.00326967
0.00389397
-0.00808755
0.00096461
-0.04561960
0.02121565
0.00038787
-0.00099244
0.00111913
-0.04395155
-0.03200789
0.02421600
0.03799273
-0.02429018
-0.02115703
-0.03547773
0.00987232
0.04520520
-0.01821074
-0.03879954
0.04500968
-0.01462172
0.04194491
0.02941455
-0.00156729
0.00158657
0.05107015
-0.03660994
-0.00115537
0.02675522
-0.02987386
-0.03363889
-0.00053644
-0.00844393
0.00490485
-0.01931880
-0.03970304
-0.04219571
-0.03299131
0.03012621
-0.04300684
0.01300335
-0.03226113
-0.02894122
0.00827568
0.05123159
-0.02234914
0.04193173
-0.03836293
0.01964996
0.03884616
-0.01487379
-0.03767154
-0.01445163
0.04420224
-0.00140548
0.02851151
-0.03676482
0.06467225
-0.01340397
0.00319487
0.04264590
0.01069758
-0.05413990
-0.00286877
0.02907699
0.03607651
0.03610064
-0.02283860
0.04998933
-0.02187955
-0.02507150
0.05195470
0.03449992
-0.02106389
0.00394529
-0.06897262
-0.04303824
0.02841265
-0.02009211
0.01645481
-0.03013853
0.03295458
-0.05948965
-0.01942851
-0.04553606
-0.02707368
-0.01827620
-0.02455893
0.02409180
-0.02794382
0.01078936
0.02198257
0.04044653
-0.01623330
0.02558236
0.06072704
0.01109701
-0.03339319
-0.02890074
0.05051203
0.01751353
-0.01396511
-0.04117614
0.00414150
-0.00059910
-0.00125456
0.04382215
0.01929772
-0.01364254
-0.01709270
0.04405311
0.02109974
-0.01812633
-0.00924930
0.01359103
0.02127872
-0.05380080
0.02756635
-0.00213825
-0.01492794
0.00008886
-0.05540703
0.02346699
0.06310210
-0.05021328
0.03789402
0.06891795
0.04107488
0.01106478
-0.03867291
-0.02086145
-0.01307505
-0.04944304
0.02814474
-0.00218617
0.01634083
0.00243801
0.06594037
0.00580110
0.03491409
0.05258147
0.04021464
-0.04206337
0.02742396
0.00068281
-0.01753735
0.04837884
0.03742370
0.00527244
-0.05167855
-0.06351621
0.04320990
0.02644152
-0.04118311
-0.04094412
0.00953326
0.03836123
-0.05104000
-0.03562021
-0.00192213
0.00114155
-0.03962788
-0.03639568
-0.03888977
0.03140652
-0.00564010
0.00961844
-0.00854222
-0.05753060
0.02809833
-0.00107932
0.02140757
0.03195483
0.01870700
0.02342294
0.02644300
0.03128980
-0.00396652
-0.00625079
-0.03418462
-0.00580774
-0.02702531
-0.02240051
0.00820276
-0.00280861
0.01214855
-0.04923690
-0.02380936
0.04707247
0.02045609
-0.04380565
-0.00218633
0.03985376
0.00987156
0.02523312
-0.00572628
-0.05028108
-0.01182867
-0.04659718
0.05265193
-0.04358663
0.01851952
-0.00323149
0.03576262
0.06081596
-0.01334971
-0.03256830
0.01138169
0.04022782
-0.00104982
0.06848172
-0.02556006
0.07729957
-0.00057227
0.01824911
0.03881019
0.02517217
0.05540884
-0.02874100
0.01807930
-0.01291482
-0.02790792
0.04680336
0.02840028
0.04431704
-0.04074895
-0.02166197
0.02300614
-0.02546614
-0.04621250
-0.03835613
-0.02320084
-0.03461282
0.05008067
0.00590812
0.04062731
0.04014569
0.02497748
0.03759937
0.04219835
0.00351654
0.03698850
-0.00553918
0.03324552
0.00242955
-0.00174458
0.01175276
0.03922995
0.04467701
0.01122260
0.01056065
0.04841907
-0.04885143
0.02671454
-0.00571780
-0.02572942
-0.02892157
-0.02288997
-0.05555085
-0.01297917
0.04591156
-0.04150888
0.03749817
-0.03082072
0.00860834
0.05473412
-0.04672258
0.03803392
-0.02401964
-0.03042384
-0.01772712
0.01239508
-0.00048651
-0.03318290
0.02567798
-0.04388435
0.07144979
-0.03716601
0.03742392
0.01596809
0.02388429
-0.02455223
-0.02088489
-0.03517532
-0.06182527
0.06468216
0.05805392
0.03960713
-0.03059942
-0.05216641
0.02950887
0.04430110
0.06204732
0.02633815
-0.04495595
0.01213850
-0.01075189
-0.00807375
-0.02614020
0.01957267
0.03972385
-0.01274291
-0.00103158
-0.03328729
0.04004504
-0.04871183
0.01235952
-0.04603089
-0.04525601
0.02195227
-0.02162582
0.02784748
-0.01073279
0.01205054
-0.05099660
-0.01087830
-0.00862107
-0.04360669
-0.03612926
-0.04875162
-0.01668769
0.04700971
-0.00484435
-0.03847127
0.01049176
-0.04958680
-0.03233593
0.04096086
0.01061136
0.02626926
-0.00716153
-0.02844815
-0.04137855
0.00029690
0.04065405
0.04522225
0.01184556
0.02197879
0.00952013
0.04078858
0.03924444
-0.04869087
0.01404964
-0.04128684
0.01280419
0.02475631
0.02579997
-0.03470700
0.00183621
0.00397642
0.04254255
-0.04997644
0.03416564
0.04004838
-0.00871638
-0.03321136
0.04076578
-0.02439511
0.01400568
-0.04819318
0.04743929
-0.00605660
0.00731864
-0.04414187
-0.01132002
0.02958571
0.01226353
-0.03934111
-0.01920097
0.04206627
0.01200748
0.00471455
0.04275700
-0.04157003
0.01643574
-0.01558076
-0.00224757
-0.01390283
0.03119795
-0.04754596
-0.00940962
-0.02374939
-0.03469145
0.01337623
-0.01557470
-0.02332623
0.00010169
-0.03278848
-0.03189491
-0.02193823
-0.01798633
0.03095234
-0.01214379
-0.00077051
-0.01790530
0.00781390
-0.01535875
-0.00479234
-0.01943534
0.01987823
0.02163863
-0.03597191
0.01940620
0.00954814
-0.02251884
-0.03011248
-0.01620631
-0.04264230
-0.04960351
-0.01083515
0.00966380
0.00316350
-0.01985829
0.02659957
0.04211744
0.03868254
0.00086870
0.01287185
-0.04410151
0.01908198
-0.00316479
-0.01944326
-0.04791014
0.02126534
0.00850182
0.02122149
-0.02422911
-0.02086259
-0.00541825
-0.05299508
-0.01487006
0.02360768
0.03351548
0.01224725
0.02751626
0.02850940
-0.00889063
-0.03214375
0.03225156
-0.00422505
0.01670797
-0.02765726
-0.00334741
0.00534856
-0.00232898
0.02279620
0.02088369
-0.02168715
-0.01818937
-0.04183313
0.01523144
0.01840847
-0.03381252
0.03619060
0.04086152
0.01751648
-0.02909000
-0.01776505
-0.02269490
-0.00623821
-0.00760065
-0.04995726
0.02341109
-0.04617264
0.01648329
0.04072182
-0.03391653
-0.01448969
-0.00007993
-0.03964030
0.02577629
0.03770182
0.02952923
0.03726467
-0.04828014
-0.02809403
0.02277191
-0.03430743
-0.02221338
-0.00374346
-0.01402027
0.01074906
-0.02031176
-0.02774817
0.02107430
0.03770296
0.00067675
-0.04651777
-0.02509503
-0.02228181
0.03432110
-0.01715276
0.03844034
-0.02773809
-0.02911776
-0.02639490
-0.04542161
-0.02160647
0.03448885
0.01616983
-0.03146049
0.01338409
0.00424018
0.03658182
0.03798993
-0.01919379
0.01187920
-0.03278959
0.03159177
0.02527486
-0.03753333
0.02215804
-0.00710786
-0.02092091
0.02481259
0.01195962
0.02407059
-0.01007477
0.04129151
0.02710532
0.00550622
0.00146035
0.01076628
0.03852680
-0.00755281
-0.03833882
0.03659113
0.00103360
-0.03256161
-0.03054741
-0.01766369
0.02786687
-0.03046576
0.01379600
-0.02735247
0.02332055
0.03215052
0.04283796
-0.04849776
0.01657790
-0.01754734
0.03907893
0.03713001
0.02010649
-0.04983177
-0.01610759
-0.00261373
-0.03778563
-0.03881356
-0.01520123
0.01484832
0.00512148
-0.01577064
-0.04270488
0.03433306
-0.01017272
0.03369728
-0.05969239
-0.01589685
-0.03868583
0.00264080
-0.00626966
-0.04798774
0.05147931
0.01275784
-0.04027278
0.02510900
0.01965136
0.02100222
0.02021388
-0.02337425
-0.01015853
0.01776901
-0.01260883
-0.01568679
-0.03480379
-0.02608068
-0.01010594
-0.04718436
-0.04597925
0.00010085
0.02422473
0.01633833
0.02133654
-0.04705205
0.02418378
0.00928428
0.03566806
-0.01745870
-0.03743256
-0.01205588
0.03988829
0.03077362
-0.02580662
0.01182968
-0.00568081
0.02407570
-0.01875629
-0.00871751
-0.01452509
0.03961264
0.05893762
-0.03355377
-0.00206049
0.02366130
0.03943020
0.01932537
-0.00812397
0.01284406
-0.02181949
0.03105301
0.00278544
-0.04109444
-0.02784988
0.02116701
-0.02873883
-0.03561161
0.00630080
-0.04626850
0.00689406
0.05625193
0.04420538
0.01399059
0.01551515
-0.05527148
-0.02832853
0.01678345
-0.01519915
0.02898228
-0.03596600
0.05111819
-0.02008997
0.04946698
-0.03792371
0.00090127
-0.04747656
0.03103840
0.03314456
0.05244796
-0.00763777
-0.04695090
-0.03236197
-0.00043997
-0.03831943
0.01702398
-0.01839884
0.05530484
-0.02616912
0.04546880
0.04061224
-0.02960208
0.02655232
0.03804261
-0.00550175
-0.02584306
-0.02475925
0.02973573
-0.02864278
-0.02333118
0.04981206
-0.04364674
-0.01096873
0.04017099
-0.01240591
0.02923224
-0.03932537
0.01568836
-0.05210821
0.02746228
0.01347881
-0.01474637
0.00804744
0.01059805
0.03422633
0.02989708
-0.01277296
-0.03381355
0.03611732
0.00496411
0.03811143
0.02081282
-0.00736531
0.05048596
0.04740124
0.02690116
0.00870352
-0.04397669
-0.03518746
0.02157082
0.02632406
-0.01036704
0.02872486
0.00543436
-0.02271661
0.01690220
0.04901273
-0.00131776
0.02782201
-0.03260887
-0.02813943
-0.01023128
-0.02056936
0.00057610
-0.00981313
-0.06255843
-0.02433728
0.02981867
0.01594282
0.02541455
-0.04369211
0.02146260
-0.00760597
0.01501929
0.01014934
-0.04261683
-0.00352324
0.01858350
-0.01418032
-0.04095788
-0.02494680
-0.05755694
-0.04485522
-0.03562066
0.05070746
-0.02773374
0.04623447
0.02100104
-0.03490919
-0.00693000
0.03997056
-0.00899787
-0.03884727
-0.02075809
0.04552015
0.04101987
0.03914293
0.00152618
-0.00248511
0.04029915
0.05781108
0.03444275
0.00638517
0.01409308
-0.02101871
0.00264980
0.00628193
-0.05173142
-0.04178125
0.01010708
-0.00827082
-0.04277969
-0.02609647
-0.03110716
0.01805120
0.00706175
0.04246712
0.05422226
-0.04997045
-0.03275408
0.04258832
0.05852938
0.05242008
-0.00906789
-0.01249450
0.01917049
-0.04698693
0.05127781
-0.04837295
-0.00821458
-0.06271925
0.03001353
-0.04173999
0.00376184
0.00099983
-0.03928028
-0.03772184
0.04951124
0.01191062
0.00011370
-0.02551576
-0.00597360
0.03499089
-0.04780280
0.02346857
-0.04869316
-0.02297713
-0.00850178
0.02724323
-0.07925664
-0.02357194
-0.03291999
-0.03346613
0.03139957
0.03654536
0.01956541
-0.03719948
0.01443824
-0.00950954
0.03069681
0.04003257
-0.01099508
0.04102694
-0.00013100
0.01708338
-0.02291886
-0.02071624
0.03029945
0.00154086
0.02667699
0.01629041
-0.03198907
0.07759342
0.00010936
-0.08337674
0.02395866
0.05387244
-0.04883323
-0.02364680
0.03881346
-0.03292805
0.04234679
-0.01468443
-0.02055656
0.06243563
-0.03501375
-0.00221600
-0.02059084
0.01004549
-0.02945971
-0.02323962
-0.04107944
0.06829020
-0.04017067
0.04774899
-0.02695282
-0.01853464
0.01807770
-0.04150290
0.01251906
0.07728132
0.00177680
-0.04219036
0.00769755
-0.05134209
-0.05587754
0.02247535
-0.00686397
0.01415478
-0.00338154
-0.04680088
-0.05766711
0.00512228
-0.01644267
-0.05126704
-0.00042860
0.04843179
0.01460303
-0.00242050
0.02318221
-0.00256602
0.04686402
0.04704366
0.00889447
0.07091185
0.04847895
-0.00701037
0.03212773
0.06993432
0.04660193
-0.00876382
-0.02063422
0.06587926
-0.05134832
-0.02472704
-0.03004903
-0.02759149
0.02015277
-0.03517215
0.00365818
-0.00347296
-0.00618052
-0.04878009
0.06885000
0.06379653
-0.04271319
0.03866756
0.02366943
-0.04317348
-0.00543020
-0.00330774
-0.03912125
0.00785706
-0.04999039
0.03125339
0.03320368
0.06519760
-0.03372900
0.06427638
-0.02552261
0.03305830
-0.02358725
0.04619078
-0.00177348
-0.04441005
-0.02052760
0.03774142
0.00417233
-0.04041935
0.06881249
-0.01951958
-0.02853285
-0.01488728
-0.05467600
-0.01564383
-0.04198575
0.04292496
-0.00715255
0.04600435
-0.06486640
0.01901146
-0.01345390
0.03626198
-0.04341549
0.00671791
-0.00157935
-0.01276790
-0.03118120
0.06866825
-0.03662806
-0.00755366
-0.04850601
-0.04177586
0.03715539
-0.02687799
0.04262466
-0.02984480
-0.03367332
-0.02318454
-0.00942029
-0.05460516
0.00103731
0.00428467
0.02023609
0.04342130
-0.03126270
-0.03840294
-0.03102952
0.03074333
0.03130871
0.01347786
0.02372066
-0.01569314
0.04130528
0.04524241
0.04096301
0.00535079
0.03450607
-0.02055066
0.01958591
0.02321981
-0.00142457
0.03772049
0.05348243
0.04936634
0.00921991
0.02126865
-0.01245448
-0.03552928
0.04939072
0.03632765
0.03941635
-0.02382038
-0.03637299
0.03703303
-0.06777641
-0.06544158
0.02375467
0.03007299
-0.01093672
-0.06250883
0.06047760
-0.04743765
0.04199213
-0.04363477
-0.01070012
0.05701798
-0.03344408
-0.02018061
0.00787957
-0.01400901
0.01870702
-0.01966974
-0.02012214
0.00039324
-0.01903366
-0.01154722
0.03204096
-0.02255235
0.01454977
-0.03418570
0.03336271
0.04902788
-0.00966743
0.03914844
-0.03846727
0.02887373
-0.02654912
-0.04086260
-0.00426899
-0.06157362
-0.04242045
-0.02114186
-0.00712966
0.03195237
0.04551094
0.00437152
-0.00838024
0.00407103
0.01650328
0.01050874
-0.04030029
0.01461311
-0.00822528
0.03128034
0.03397109
0.00259919
-0.00986893
-0.04824074
-0.02897271
0.05202352
-0.01619334
-0.03607931
0.04919120
0.01807947
-0.00877214
-0.00643422
0.03270498
0.02510222
-0.00534864
-0.04013084
-0.03748777
-0.04004740
0.05419861
-0.01180125
0.05179194
0.02614948
0.03473224
0.03173607
-0.04344496
0.06348747
0.04549183
0.03350523
0.04925979
0.05269779
0.02249118
-0.02350751
-0.06145330
-0.01406529
0.03516170
0.03289422
0.02480329
0.04810185
0.03545336
-0.02493464
-0.01952427
0.05254035
-0.03651851
0.00254943
-0.03125860
0.04526409
-0.04911583
-0.02048840
-0.00270310
0.02487023
0.01923702
0.05409591
-0.03879826
0.03896596
0.03069748
-0.02026775
0.03631798
-0.06765971
-0.00678045
0.01860088
0.04147104
0.04371470
0.02827950
0.02807324
0.00036851
-0.02589140
-0.03396972
0.00902792
0.00101606
0.00312865
-0.04162564
-0.01387436
-0.01598919
-0.00115813
-0.01154369
0.02468292
0.02087980
-0.04875103
0.05665691
-0.04310157
-0.03565998
-0.05773394
0.03864687
-0.00808398
-0.04681846
-0.01560537
-0.01085059
-0.03812476
-0.00781938
0.04400181
0.03020038
0.05236655
0.04369781
-0.04700282
0.07164118
0.00487465
0.00285088
0.00226788
-0.04608962
-0.04827299
0.00617979
-0.01916646
-0.05109255
-0.00043308
0.05503492
0.05044772
0.03071566
0.03526496
0.03111101
-0.04775502
0.02337403
-0.04023023
0.03315212
-0.03535076
-0.02602120
0.05231629
0.00344980
-0.02562909
-0.05260481
-0.04750714
0.04906223
-0.00177228
-0.01629069
-0.02586699
0.04184940
0.02885352
0.00875078
-0.05192915
0.00104147
-0.02006205
-0.06374422
-0.00204018
-0.01390635
-0.01888263
-0.04232723
-0.00204817
0.03957077
-0.02004633
-0.01630812
0.03988849
0.00084848
-0.05289871
0.00107091
0.00793277
0.04602008
0.02874309
0.04375324
0.01553902
-0.01700905
0.00543392
0.05049943
0.04057201
0.00208504
-0.00489256
0.01981547
-0.00660278
-0.00957106
0.01032223
-0.01965178
0.04008663
-0.02308928
-0.01377441
0.04748285
-0.04823912
0.03580055
-0.04202908
0.00547572
0.04121790
0.01323922
-0.01826189
0.04052601
0.06696404
-0.03544404
0.01604287
-0.03087746
0.05627527
-0.03738883
-0.05875974
0.03199863
-0.01093743
0.03019276
0.03850849
-0.02593267
-0.00805731
-0.02420507
-0.01173252
0.06081909
0.00800938
0.02875026
0.00808490
0.02150509
-0.03838827
0.04542200
-0.02471754
0.00716091
-0.00625746
-0.00619584
-0.01497432
0.05715768
0.05901847
0.02770203
0.05395888
0.03208373
-0.04048567
-0.00469368
0.04619524
-0.05140192
0.02027823
-0.02932835
-0.03189674
0.07825834
-0.02277510
0.01701506
-0.02383225
-0.00342185
-0.06313226
-0.00113793
-0.06326396
0.04796448
-0.05618075
-0.03868730
-0.05922054
0.03599980
-0.01761213
-0.03177530
0.04656000
-0.00570442
0.03168932
-0.04010337
-0.01972884
0.00215335
-0.00449743
0.00364600
-0.04348374
-0.00079734
-0.02777007
0.02725198
-0.03256351
0.02755030
-0.03424554
-0.03538203
0.04655248
-0.01486346
0.01324255
0.07726514
-0.01570437
-0.01469707
0.02202039
0.01808668
-0.04222592
-0.01030607
-0.01573082
-0.03623759
0.01749348
0.01274727
0.04791690
0.01066391
-0.03481133
0.04791092
0.00659679
-0.04831696
0.01753945
0.03837946
0.05849681
0.04599773
0.06074885
-0.00738103
0.01130469
0.06313715
-0.03868650
-0.02264512
-0.03811058
0.02815876
0.04642725
0.02125338
-0.04626201
-0.01671144
0.03999544
-0.03540114
0.03285995
-0.02263321
-0.00337331
-0.01351163
-0.02136350
-0.03429388
-0.01997108
-0.05647134
0.01827409
-0.02080096
0.00952575
0.03741899
-0.05100006
0.00128534
0.04576379
-0.02815628
-0.03134032
0.00420606
0.06907447
0.00324410
-0.00948641
-0.04315791
0.03558225
0.04631372
0.00489441
0.04639054
-0.01967456
-0.03267362
-0.00568038
0.02853073
0.00203995
-0.05152543
0.01116238
0.01047744
-0.02842649
-0.01090088
-0.03969321
0.01948484
0.01788393
-0.00783577
0.01839543
-0.04560510
-0.01950963
-0.01372230
-0.01173034
0.03247323
0.00642173
-0.02735972
0.00487066
0.03552310
0.02804530
0.02553960
0.02101251
0.02098799
0.04970068
0.02332710
0.01029583
-0.00940852
-0.01739340
-0.01356837
-0.03421166
-0.03051242
0.02867046
-0.02755389
-0.02245964
-0.01442897
0.03412730
0.02081658
-0.02810964
0.01460993
-0.02890951
-0.03411056
0.01693626
0.00386539
0.03578642
0.03812628
-0.00584676
-0.02132497
-0.03746984
-0.01227162
-0.04179294
0.04034676
-0.00475268
0.02573260
-0.04663012
-0.00407116
0.04585630
-0.01554741
-0.03366418
0.00651254
-0.03784767
-0.01816755
0.00164703
0.01302936
-0.01198406
0.00372167
0.00167535
0.03818562
0.02009667
0.04632446
0.03261314
0.01528497
-0.04232875
-0.02975120
-0.01602519
-0.02331229
0.03902913
0.00139347
0.01472282
0.00159327
-0.04674555
-0.03834860
-0.00081182
0.04153962
-0.04959528
0.02728626
-0.04246612
-0.03903718
-0.05128311
-0.04468935
0.04751646
0.01657067
-0.04777264
0.01312309
0.04867288
-0.00533294
-0.03917167
0.04868415
0.01032866
0.03798036
0.02971250
0.04716798
-0.00387267
-0.00721340
0.03055671
-0.03758094
-0.01555242
-0.03569026
-0.01890764
-0.04671995
-0.02719128
0.00924514
-0.02481076
-0.02903656
0.01443678
0.02804496
-0.04898829
-0.01635336
-0.00465371
-0.02499860
0.01799923
0.00099889
0.00717394
-0.01858546
0.04173387
0.01552957
0.01541413
0.01235764
0.04726387
-0.03619043
0.04954496
-0.02836351
-0.03101533
0.00708600
0.00852547
-0.01653799
-0.01533545
0.01140467
-0.00502032
0.03435031
-0.04095387
0.02690309
-0.03457094
-0.03873164
-0.01193532
0.00823375
-0.04030386
0.01841852
-0.02541491
0.00140351
-0.02608592
0.01509163
0.02678906
0.00139347
-0.04705539
-0.01682436
-0.00615503
-0.01085993
0.01661458
0.01777378
0.01579290
-0.04993965
0.02071943
-0.01802182
-0.01435780
-0.02835116
-0.03399036
0.00093585
0.01996238
0.02896909
-0.04900113
-0.03435500
-0.01122012
0.03010477
0.01413595
-0.01874379
0.01586311
0.00580660
0.01121889
-0.02599469
0.00087817
0.01867645
-0.00291993
0.00315613
0.03944103
-0.04642360
-0.01526921
-0.03645914
0.02013974
-0.00326748
-0.02489216
-0.03144915
0.00659361
-0.04253710
-0.04992180
-0.02350094
-0.04492754
-0.02912023
-0.05080796
0.01376873
0.01669726
0.03984350
-0.00729911
-0.03374130
0.03114397
-0.04377367
0.01241336
0.00019439
-0.03500928
-0.00774165
-0.03955305
0.04533648
0.01839768
-0.04925698
0.00178599
0.00404684
-0.01583516
0.04457691
-0.01398260
0.02225754
-0.01332176
-0.00351743
0.01029794
0.02458743
-0.02455516
-0.03870383
0.03529652
-0.00163840
0.02498692
-0.04447097
0.04536657
-0.00149898
0.03797527
0.02129330
-0.03331541
-0.03975479
0.00229709
0.02496635
-0.02536338
-0.01718539
-0.00088039
-0.01344947
-0.01851368
0.03907907
0.02681275
-0.02158053
0.01766309
-0.04052721
-0.00930891
0.03092173
-0.00240683
0.01636254
-0.03609822
-0.03942625
0.02452255
-0.00276711
0.00616713
0.01901251
0.01946714
-0.03111215
0.03516810
0.04232612
0.00427982
-0.04991620
-0.04828917
0.03147236
0.01224463
-0.04438283
-0.01627387
-0.00152310
0.03516829
-0.05006263
-0.02258154
0.00951413
-0.01843797
-0.04864367
0.04620685
-0.00459694
-0.01554516
-0.02498932
-0.03178657
0.01585699
0.00174081
0.01455833
0.01872111
-0.04951119
0.02096395
-0.03889744
-0.04185649
0.02994691
0.04637377
-0.01175604
0.00306520
0.02139704
-0.04400636
0.01327576
-0.02701153
-0.04712950
-0.03910059
0.03569647
0.03531208
-0.00680945
0.03974275
0.03770080
0.03669402
-0.04635732
0.00454850
-0.03669287
-0.00127014
0.02940734
-0.00936649
-0.01849601
0.00922563
0.02792774
0.00215962
0.02373225
-0.02101378
-0.01115277
-0.01271668
0.01504222
0.00169086
-0.03573056
-0.01716247
-0.00459247
-0.01367161
0.02725606
-0.02124329
0.04605307
0.01784648
-0.03300978
0.01835107
0.02127550
-0.02142036
-0.03872120
-0.01409611
-0.04643537
0.00827053
-0.04776224
0.00984870
0.05783751
0.00970904
-0.01411635
-0.03141551
0.04932068
0.02589189
-0.01364817
-0.03752549
0.01558956
-0.02927491
-0.04471768
0.00997666
0.04551648
0.02522878
0.00769637
0.04694097
0.04581773
0.00475105
-0.02568325
-0.01266788
0.02671359
0.01503721
-0.01184271
-0.03190888
0.02071907
-0.04317642
0.03016138
0.00211199
0.01268349
-0.04673104
-0.03096249
-0.04781639
0.00907354
-0.01660246
-0.05254494
-0.00547677
-0.03045888
0.00987098
0.04682904
0.02659526
-0.03630263
0.03480975
-0.04116061
0.00068050
0.04727404
0.05147793
-0.03838791
-0.00554452
-0.04263579
-0.01790128
0.01969405
-0.03913010
-0.02007387
-0.01935261
-0.01639146
0.00608625
-0.04190602
0.00041535
-0.04959007
0.01192935
-0.04858249
0.02386490
0.00832101
0.04088231
0.02477399
0.05253515
-0.03794038
0.01242016
0.03168257
-0.02396699
-0.04153565
-0.01407609
-0.03612315
0.00801761
0.02959331
0.00755800
0.02567992
-0.01049355
0.01982489
0.04549372
0.04274451
0.02646031
-0.03551339
0.00052376
0.04775000
-0.03425326
-0.01326795
0.00403529
0.00947919
0.02445211
-0.01835432
-0.00260892
-0.05124883
-0.02050724
0.04581381
-0.03530582
0.01815002
-0.03389055
0.02872226
0.04705347
0.03354079
0.04631629
0.00919308
0.00680834
0.00525755
0.01511126
0.00903070
-0.01318960
0.02036009
-0.00939153
0.00565185
0.04345398
0.02382598
-0.04265577
0.02111204
-0.04122053
-0.01188689
-0.02624989
-0.04096470
0.00362676
0.00509910
0.03403786
0.00653087
-0.01119022
-0.01646949
-0.00258530
-0.03691738
-0.00923956
0.01303530
0.02422956
-0.01593151
-0.01265122
-0.01945485
-0.00146516
0.03382193
0.01548858
0.01435241
0.00282982
-0.00871348
-0.04019513
-0.04283351
-0.00137862
-0.01958764
0.03009075
0.02943894
-0.01625881
0.00627777
-0.04982930
-0.00777085
-0.02732555
0.05496596
0.03037317
-0.04603320
0.00110002
-0.03314354
0.03702956
0.00507857
-0.00388895
-0.01180294
-0.03126421
-0.01080427
0.01272155
0.02272121
0.01599861
-0.00221295
-0.00516757
-0.03856999
0.03838882
0.01756546
0.03908913
0.00421229
0.01728979
0.00319838
-0.02376390
-0.01352324
0.04409017
0.01655280
-0.04490430
-0.03956575
0.02157390
0.03235574
0.02237555
0.02167516
0.03212836
0.03771202
0.01665465
-0.01796885
-0.02590960
0.04152652
-0.02414051
-0.02232164
-0.01239395
0.02693094
0.04802490
-0.02735135
-0.01291790
0.03867551
-0.04612627
0.03516764
-0.01975038
0.02749246
0.04022811
-0.02393780
-0.05827023
-0.00503123
0.02042788
0.00068752
-0.03681584
-0.02429313
-0.03216841
0.03293254
-0.00637065
0.05578968
-0.00485545
-0.02142817
0.03944396
0.04158085
-0.04587270
0.01052249
-0.01866346
0.02796232
-0.03783963
0.03585454
-0.03717483
-0.00776353
-0.03378212
-0.03198452
-0.04962349
-0.01841832
-0.01149163
0.01877734
0.01432166
-0.02146657
-0.03867748
0.02895915
-0.01663777
-0.03741980
-0.00753739
0.03240091
0.04042276
-0.03731043
0.04125145
-0.02270541
-0.02852244
0.03740461
-0.00769130
0.00514521
0.02564655
-0.03874099
-0.01834848
-0.03334604
-0.02876371
-0.02948809
-0.02096757
0.01603157
-0.00764469
-0.04082799
-0.04647016
0.04008044
-0.02415509
-0.04060306
0.04758404
0.04668747
0.02206679
-0.01861458
0.00179332
0.01882468
0.04505741
0.01810494
-0.00920975
-0.03497170
0.03762118
-0.00384046
0.00549690
-0.02519559
0.00708785
-0.03825182
-0.04512503
-0.01506261
-0.00229578
0.02960072
-0.00877615
0.04359404
-0.04437342
-0.02401808
0.03291239
-0.01278764
-0.01597299
-0.03530171
0.03714526
0.01950583
-0.00619533
-0.00413162
-0.03144481
-0.04844880
0.01275654
0.02571333
-0.03435300
0.02304233
-0.02534791
-0.01116728
0.04457150
0.03631800
-0.05954221
-0.05103130
0.02517190
0.01900949
0.04552512
0.05075354
0.04547225
-0.02271365
0.00943321
-0.01607740
0.02500564
-0.01697604
-0.03452167
-0.02349780
0.02735190
0.02629758
0.01068643
-0.01539492
0.02726069
-0.00196208
0.02507882
-0.00676684
-0.00751874
0.04443556
0.00668484
0.01123486
0.04116748
0.05721205
-0.02486136
0.04584776
0.03472444
-0.03775039
-0.01132573
0.01095057
0.04037246
0.04335006
-0.03225566
-0.01279934
-0.03723326
-0.03518745
-0.01208101
-0.03352876
-0.01380825
0.04453292
-0.00581951
-0.05183653
0.00890209
-0.05255079
-0.06629065
0.03398041
-0.01468434
-0.04116637
-0.02158877
-0.02183640
0.00887888
-0.04540939
-0.04069121
-0.01197227
0.04031457
-0.00971639
-0.04968369
-0.01825491
-0.03549149
-0.03263272
-0.05267807
0.01085777
-0.04589035
0.02718761
0.01128177
0.01107186
0.04387691
-0.00054670
-0.02688283
-0.04864243
-0.00745250
-0.00750353
0.02403495
-0.00030738
0.03268888
-0.05086239
0.04215166
-0.04190276
0.04781511
-0.04218286
0.02264642
0.05827057
-0.01469374
-0.03219619
-0.01033431
-0.04881087
0.00127892
-0.02337093
0.03403322
0.05631815
-0.04783811
-0.04227449
0.00419365
0.03244565
0.02393707
0.00045777
0.00685688
-0.05409805
0.03121681
-0.00207714
0.04151891
-0.05950566
0.01265744
-0.01736930
0.03039779
-0.03107227
0.03389417
-0.04123390
-0.02906969
0.00834327
0.04958331
-0.03660721
-0.00585620
0.05145707
0.00287388
-0.02572339
-0.05043166
-0.00557070
0.00203932
-0.00914970
0.00551265
0.01317317
0.03425096
0.03837470
-0.04571122
0.03449006
0.04515540
-0.04326903
-0.02075135
0.02658191
-0.01950216
-0.02829349
-0.04348793
-0.00175226
-0.02252951
-0.03941817
-0.03834618
0.00336113
0.02139338
0.04191791
-0.00332503
-0.03206269
0.02282479
-0.04160342
-0.03914592
-0.03520889
0.01773997
-0.03311558
-0.02764923
0.02141345
-0.01175339
0.04548663
0.03685971
0.04524061
0.01051588
-0.01274605
0.03088023
-0.01931244
0.01921686
0.03800605
0.00668940
0.03431672
-0.01845645
0.03881711
-0.07555555
-0.03244502
-0.01259895
0.01812980
-0.03144000
-0.00954089
-0.01893099
-0.03663393
-0.01589082
-0.01139383
0.01972862
-0.01660429
0.03956867
0.00213244
0.04612270
-0.05975072
-0.04477055
-0.02558068
0.00483073
0.00061330
-0.04299999
0.05388001
-0.05058145
0.04131048
0.04590530
-0.03948490
0.03847109
0.01212159
-0.02516686
-0.00289359
0.02329354
0.02912081
-0.06152980
-0.02654459
-0.06688394
-0.04196024
0.02885746
0.02301335
-0.00524841
0.00351433
-0.03570824
0.00101623
0.00634710
-0.00619239
-0.03426776
0.03620628
0.01742481
-0.04219900
-0.03539040
-0.00244215
0.00147552
-0.01302930
0.02914408
0.01040838
0.03984445
0.04629336
0.00405917
-0.03668940
0.03766342
-0.01912970
-0.02605922
-0.03459499
-0.00643078
0.01982455
-0.05329962
-0.03176065
-0.03150095
-0.04047647
0.01772438
0.01193991
-0.00364540
0.01258053
-0.04954682
-0.02389539
0.03990299
-0.02383626
-0.00232308
-0.01134727
-0.02522690
-0.00891689
-0.02940067
0.04791357
0.03473348
-0.00735282
-0.02059887
0.05024429
-0.00879098
0.01408765
0.02118293
-0.03114472
-0.05045144
0.05239842
-0.00870935
0.00237569
0.03718682
0.02501895
-0.04967457
0.00495495
0.03626003
0.03881692
-0.02960326
0.03955474
0.03010257
-0.01587195
0.05297560
-0.01382354
-0.00427714
-0.00342962
-0.01360726
-0.01841418
0.02980429
0.07714895
0.05286324
-0.03567564
0.01094232
-0.02474354
0.04535621
0.03864645
0.02730453
0.05440816
-0.02841369
-0.00930614
0.00805110
0.01818192
0.01061105
-0.05348967
-0.03496009
0.02633493
0.04507808
0.04795577
0.03974566
-0.02282847
0.00516562
-0.00988964
0.05816596
0.00856979
-0.00228534
0.03438446
0.01929414
0.01957201
-0.02532224
0.01062179
-0.05161424
-0.01836614
-0.02042993
-0.03941911
0.00419050
-0.02003095
-0.02231379
-0.04558965
-0.03981865
-0.04132528
-0.02162937
-0.03878462
0.00112293
0.05199406
0.04929906
-0.04932706
-0.02959145
0.00317408
-0.03908426
-0.02045759
-0.00362810
0.02052361
-0.00054381
0.00378048
-0.03006395
-0.03014249
-0.01522004
0.02941262
-0.04827711
-0.04231449
-0.03665569
-0.05155422
-0.04022307
-0.01314991
0.03693912
-0.01679869
0.00936361
0.02081295
0.03060926
-0.01229152
-0.01064509
-0.00219868
-0.01438940
-0.04331093
0.02227287
0.02639700
0.01480096
-0.01090155
0.04753353
-0.00913630
-0.02320101
0.03757878
-0.04778242
-0.03062392
0.01905045
-0.03401523
-0.04372320
0.01532593
0.04270879
-0.00441922
-0.04834126
0.01592429
0.02336877
-0.03406365
-0.06924953
-0.03480401
0.06727591
0.03484162
0.04028332
0.04382770
0.01968693
0.01185898
-0.04163165
-0.01174260
-0.02608660
0.00405453
0.01134848
-0.04357874
-0.04676509
-0.07422176
0.01656570
-0.07093272
0.06512898
-0.03041742
-0.01809408
-0.02711588
0.05461718
0.00402352
0.03449897
0.02111808
0.02709246
0.02163532
0.02580347
0.02308744
-0.05306379
0.00697937
-0.03682694
-0.02948329
0.00300382
0.00799956
0.00562030
0.03330012
-0.00867607
-0.02634374
0.09523141
-0.06106809
-0.02144888
-0.00812473
0.00120237
0.02348327
0.03053652
0.02968384
0.01986364
-0.03953888
0.04160042
0.03575632
0.02527455
-0.04758326
0.01783235
-0.04227395
-0.02104829
-0.04165079
0.00986230
-0.05414370
0.01267226
0.00945024
-0.00691430
0.02149164
-0.00246683
0.08530986
0.01909466
0.05335821
-0.00308159
-0.04396384
0.02860379
-0.03282106
-0.03472455
-0.00457919
-0.04571421
-0.01692788
0.06353240
0.00045836
0.00025665
-0.00943953
0.03330061
-0.06178861
0.00295801
-0.04714593
0.03540384
0.01966225
-0.03240256
0.00235959
0.01219993
-0.04792394
-0.00557704
0.02019647
0.03309558
0.06440103
-0.05771099
0.00353162
-0.03331796
-0.02922076
0.06080366
0.06122197
0.00338990
0.03467180
-0.00694542
-0.00205680
0.01902673
-0.03091460
-0.00821853
-0.04031351
-0.07564124
-0.03016193
0.01206718
-0.02420314
-0.03478309
0.02644097
0.00669514
-0.01534347
0.00459590
0.02022498
-0.03943599
-0.01140649
0.06338158
0.03871231
-0.02985971
-0.01695540
0.03921893
-0.05466311
-0.02154020
-0.01620816
-0.00199376
0.05037304
0.01427848
-0.03794444
0.03719333
0.02830564
0.00397919
0.00459390
-0.01765260
-0.00412753
0.00745673
0.04231207
0.02924458
-0.01960621
0.02795240
-0.01169584
0.03348794
0.01158224
0.03956478
-0.05469175
-0.00482616
0.05175802
0.01460894
-0.02122176
-0.00944921
0.00014952
-0.04946640
0.02922431
-0.05691645
0.04358892
0.07746944
0.03828413
0.03738932
-0.05101857
0.04431938
0.06911556
-0.03268032
0.03744926
-0.02519649
0.02749510
0.03632900
-0.05560837
-0.02590551
-0.02654213
-0.00397691
-0.03999679
0.02226229
0.06745444
0.03008292
-0.02157741
-0.02448262
0.03339640
0.02204922
-0.00811034
-0.01152337
-0.03784756
-0.03920922
-0.01560007
0.00047175
0.02253287
0.00142620
0.04650120
-0.00389606
0.03619257
0.03638331
0.04391715
0.01861313
0.00895323
-0.03891333
-0.04267106
-0.06883745
-0.03581680
0.05760280
-0.02225763
-0.01527795
-0.03388385
0.00619897
0.00900848
0.03293131
-0.04231603
0.00934717
-0.00110816
0.05107723
-0.03936776
0.05297741
-0.02984191
-0.04054338
-0.00498836
-0.04526783
0.01025775
-0.01277223
0.00017073
-0.00617632
0.02696359
-0.02576745
-0.01951626
-0.04089507
-0.03369673
-0.03521663
0.04185333
-0.00288015
-0.00914188
0.02278078
-0.00510841
0.00590176
-0.00246639
0.01534743
-0.04665945
-0.00163833
-0.04582125
0.02397759
-0.05965886
0.02284364
0.00669460
-0.00645711
0.02147209
0.05817941
-0.04839678
-0.02943888
0.04346710
-0.01644205
0.00152088
0.04698002
0.03703752
0.04580503
0.01079105
0.01209625
-0.03468704
-0.08919879
0.01445886
0.03785027
-0.01973142
-0.03152420
0.03858100
-0.01329037
-0.00786191
0.04815497
0.00861733
0.01541714
0.02523315
-0.00754458
-0.01223431
-0.00992379
-0.03478951
-0.04661505
-0.05969980
-0.01774515
0.01133039
-0.04896415
-0.04081878
-0.01148122
-0.05378438
-0.04213697
0.02575145
0.06183005
0.00450728
-0.03649705
0.03810649
-0.08151767
0.03964587
0.00664446
0.04672893
0.02597572
0.04815843
0.02473974
-0.03897522
-0.02187828
-0.00033404
0.00093142
-0.01834664
-0.04306263
0.02477759
-0.01943588
-0.00461397
0.01981388
0.03779725
0.02625118
-0.01579931
0.03745085
0.00984611
-0.04392016
0.01630169
0.04455726
-0.02126169
0.01665975
0.05051378
-0.01556659
-0.04648538
-0.04847210
0.03360749
0.02711959
0.04996677
0.02869611
0.06968399
-0.02236994
0.02851094
-0.00854468
0.00545311
-0.00261518
-0.00769883
0.00428648
-0.00908257
-0.01624682
-0.00619942
0.04743867
-0.01071713
0.00728788
0.04447110
0.04620330
0.01222823
0.02787084
-0.05272361
0.02078207
0.00355992
0.03896618
-0.00534657
0.07421461
-0.00498034
-0.05979465
0.05549860
0.05333480
-0.01759229
0.01448978
0.02123744
-0.00773871
-0.00570297
0.00025638
0.00183833
-0.04913783
-0.01251036
-0.00450896
0.01048788
0.02205093
-0.05940816
0.02456401
0.00131110
0.02495704
-0.00096224
-0.02450062
0.02075056
0.02769034
-0.03157226
-0.01039125
0.03707147
0.01657593
0.03897898
0.00575902
0.02688859
-0.05564725
-0.01153504
0.02379733
0.01440952
-0.01623935
-0.01045355
-0.07072303
0.02748372
-0.02105117
0.03621138
-0.02644335
0.04047763
-0.03117361
0.04596465
-0.01627135
0.03268957
-0.02135818
0.01461223
0.04430830
0.03672798
0.03154751
0.00366480
0.02851257
-0.03848067
0.03757694
0.02068490
0.00651286
-0.04509367
-0.00864454
0.01045269
-0.00359620
0.02468532
-0.00869298
0.03198939
-0.03334938
0.00983713
0.04847490
0.01526119
0.02155015
0.00442354
-0.02714616
0.05487457
-0.02684774
0.01529745
0.00359529
0.00374572
-0.05334422
0.05443040
0.01867411
0.03937713
-0.01889930
0.03257743
0.02835313
0.04459822
0.06900842
0.01660500
-0.04141955
-0.02365381
0.01805719
0.00498614
-0.02482757
0.03866460
-0.04354610
-0.00366273
-0.01883024
-0.02348662
-0.00711868
-0.05390942
-0.00214126
-0.02873966
0.06716968
-0.02557305
0.02346093
0.02374889
0.01049739
-0.04511573
-0.00781645
-0.03505265
0.01096314
-0.01801898
0.00653458
-0.01174027
-0.01054085
-0.01783337
-0.02835943
-0.05208039
-0.00491233
-0.02687434
0.02536205
-0.02818473
-0.03515065
0.04546269
0.05650360
0.01434189
-0.02942368
0.05453185
0.05723951
-0.02190338
-0.01531559
-0.03087166
-0.03221375
-0.02629664
0.01703274
-0.01677796
-0.01290812
-0.00291213
0.02684952
0.02977322
-0.00003431
0.05060125
0.06288752
-0.02427775
0.00319989
-0.01023807
0.00858417
-0.01413041
0.02389110
-0.00822285
-0.05384907
0.00446613
-0.02921207
0.03842030
-0.02246185
-0.09289673
0.01972290
-0.03153449
0.03926108
-0.04082182
0.04485424
0.06832130
-0.01493901
0.00543386
0.02953559
-0.03741087
0.05137305
-0.04332218
0.02697179
-0.01471208
-0.00229444
0.04800376
0.03545000
0.01581468
0.01659623
-0.00223968
0.02916879
-0.02684886
0.01157294
0.04444190
-0.05514245
-0.00434551
-0.01462373
-0.03697989
0.01287675
-0.04273798
0.02471935
0.04694911
0.01449901
-0.00016665
0.07611108
0.08497775
0.02635426
0.04733054
0.01985688
-0.01944759
0.04697453
0.00216216
0.02537939
0.01584069
-0.02516259
0.05273940
-0.01576794
0.01251754
0.00539478
-0.03168912
0.03772307
-0.04339721
-0.00732230
0.00604193
-0.03489775
-0.02809203
-0.05327287
0.02198417
-0.00955754
-0.02173881
-0.05138081
-0.03406812
0.07569072
-0.02649673
-0.04676295
-0.03606292
0.05560749
0.01416474
-0.01102724
0.01681112
0.00487725
-0.00719725
0.01314304
0.03395485
-0.04305733
-0.01908072
0.01710859
0.00435432
0.03795967
0.04459780
-0.00726063
0.05476755
0.00013923
0.03034204
0.01043644
-0.01494693
-0.00147425
-0.00029465
0.03815161
0.01293146
0.00787795
-0.05315821
0.00762683
-0.00627434
0.07168633
0.04041092
0.05622089
-0.04508051
-0.02263374
0.05509892
-0.03555751
0.01976475
0.01110290
0.03574602
-0.02010801
-0.00920138
-0.03481263
-0.03366502
-0.00248337
0.02283137
0.00892021
0.02847675
0.03439381
-0.04736387
0.01017775
-0.02208780
-0.06728943
0.00161174
0.00827486
-0.01909808
0.00086201
-0.03887555
-0.03798211
0.02719148
-0.04363988
0.04166925
-0.00482986
-0.01567449
0.00971665
-0.03871473
-0.00025839
-0.02736420
0.01706251
-0.03483447
-0.02179258
-0.05028276
0.03850724
-0.00560092
-0.00947423
-0.03205515
0.04430269
-0.02224159
0.06673955
0.00945273
-0.02854829
-0.02920005
0.04070730
-0.02181659
-0.02191857
-0.00595538
-0.03403379
-0.02443339
0.01355694
-0.03406341
-0.01170087
0.03253133
0.01209667
0.03892384
0.02255029
-0.00519551
-0.02683298
0.00069310
0.01398777
-0.01702523
0.05108905
0.00981358
0.04777640
-0.03209583
-0.01313850
0.00837505
-0.07460016
0.03588436
0.01201193
0.01165080
-0.02396029
0.03996644
0.05202151
0.03191302
-0.03950017
0.02901004
-0.01535771
-0.06695616
0.01079563
-0.00967726
-0.00278908
-0.00354145
0.02010003
0.02924407
-0.01708626
-0.01543197
0.02668278
0.01926245
0.04083404
0.02093873
-0.04674618
-0.05019341
-0.05199964
-0.01750253
-0.05102628
-0.05244474
0.04908650
-0.00270473
0.07138971
0.01782180
0.03106750
-0.03329191
0.00286133
0.02145570
-0.01966569
0.00457472
-0.03559122
0.01730227
-0.01362060
-0.00694624
-0.02974279
-0.05160778
0.00810279
-0.02041287
0.00799986
0.04539073
0.06374653
0.01928187
-0.01507828
0.04315881
0.04408835
0.01890758
-0.04183352
0.03820109
-0.02911424
-0.02222887
0.06452954
0.00544091
0.05771074
0.04787765
0.00086790
0.05854780
0.05948253
-0.00083203
-0.01642919
-0.05017500
0.01689555
0.01768235
-0.00662776
-0.03750735
0.03301997
0.02153242
0.00824706
0.00854145
-0.03536063
-0.02265117
-0.03177969
-0.01907354
0.02358463
-0.00528292
-0.04220945
-0.01955735
0.01574623
0.02071588
-0.02553656
0.05064043
0.02725928
-0.01148399
0.05556229
-0.01245746
0.04129568
-0.03357784
0.02767358
-0.00332085
0.05525570
0.02348214
-0.03299815
-0.00181443
0.01658086
-0.03116309
0.02558363
0.00100703
0.02367678
-0.02422203
0.03967493
-0.00365289
0.00858606
0.04587377
-0.04326285
0.00484181
0.01176574
-0.02405260
-0.02878452
0.00158319
0.02124590
0.04429218
-0.01739665
-0.03296483
-0.01864821
-0.05078779
-0.00704456
-0.00210540
0.02329309
-0.02697747
-0.04053174
-0.01970918
-0.03392915
-0.00631312
0.04000564
0.01545431
-0.02481623
-0.01086077
0.04098370
0.01428920
0.01456687
-0.02866291
-0.00308965
0.04111044
-0.00400222
0.00433855
0.00325659
-0.03190664
-0.00407347
-0.02994434
-0.03482372
0.02817404
0.02411008
-0.02644213
-0.01966751
-0.03847935
-0.06390860
0.02757300
-0.01465442
0.01728669
0.03868210
0.00572510
-0.04164125
0.00088316
0.01654999
-0.06460674
-0.02678813
0.01950144
-0.02022499
-0.05327012
0.04666351
-0.03110736
0.04522187
0.01924005
0.03260781
0.03916462
-0.00278269
-0.00780583
0.03871951
0.00788151
-0.04734341
-0.03137769
-0.02295724
0.05590217
-0.05334204
0.02153072
0.00195976
0.00741238
0.02396291
-0.01252773
0.02126847
0.01648943
0.02442390
-0.02848082
-0.05072329
0.00778247
-0.02797097
-0.00710283
-0.03298648
0.03365840
0.02337172
0.00734113
-0.04658257
-0.03323106
0.03739173
-0.02323882
0.03761306
-0.04918629
-0.04551467
-0.00934241
0.01145027
0.01858157
-0.00822785
0.00402066
-0.02586664
-0.02976334
-0.04304230
0.01259350
-0.03387552
0.03758962
0.00944088
0.00832256
-0.01674671
0.04744874
0.02346416
0.07161647
-0.01384524
0.03307382
-0.00978609
0.02525673
-0.04311699
-0.02486113
0.00489247
0.03471811
-0.04645016
-0.04708363
0.00327020
0.03799751
0.03315550
-0.00309658
-0.04779332
0.00649188
0.00454310
0.02135909
-0.02468454
0.00332022
-0.01328959
0.04448734
0.04511322
-0.01204885
0.03315116
0.05721639
0.02260513
-0.02664339
0.03598099
0.03674590
0.07549138
-0.04467207
-0.00996187
0.00965638
-0.01280806
-0.00235626
0.00959383
-0.00764415
-0.03282296
-0.01363883
-0.03705693
0.00016634
0.02803932
-0.00993393
0.05061661
0.02600780
0.03279577
-0.03704188
-0.02365636
0.00032622
-0.05526066
0.02090346
-0.01872889
0.02250245
-0.04767640
0.04029217
0.03964189
-0.01647102
0.00720662
0.02613805
0.04810621
-0.03037323
0.01800016
-0.00156208
-0.04337601
0.00803863
0.00670508
-0.01398195
0.02104450
0.01282573
-0.02534072
0.02980115
0.03541614
0.02377615
0.01827933
-0.03397356
0.00332266
0.03550883
0.04506888
0.04189810
-0.02044796
-0.03359522
0.03030172
0.00304395
-0.03055776
0.04619920
-0.01442494
-0.03065269
-0.00240459
0.01257707
-0.00585090
0.02787052
0.01208024
0.01209128
-0.01847283
0.00631898
-0.01652923
-0.02589395
0.02952089
-0.04062101
-0.04778213
0.00711289
0.02717979
0.00682253
-0.04575736
-0.03448743
0.02877973
-0.01004586
0.00319435
0.00641597
0.03620477
-0.01364888
-0.03124368
0.01762901
-0.02037541
-0.00362268
0.01382482
-0.05001125
0.03877435
-0.02545723
-0.04663957
0.01364926
-0.04281487
-0.04789725
-0.04515970
0.04846630
-0.01920686
-0.03037510
0.00686866
0.01061982
0.02987517
-0.00104931
-0.02299761
0.03842011
0.02113560
0.00526431
-0.03945439
0.03967023
-0.00576933
-0.02720127
0.00934221
0.03317134
-0.03302742
0.00784164
-0.02453814
-0.01487297
-0.04760586
0.01932411
0.02155959
0.04325222
-0.01968659
0.03937915
-0.00459174
0.02906082
-0.01627016
-0.03479442
-0.02006681
0.01525692
0.02660008
0.02070771
0.02309814
-0.03549784
0.02486669
-0.01504777
0.04051033
-0.05057438
0.00511030
-0.03845758
-0.04075107
-0.04872257
-0.04405052
0.01018611
-0.04935016
-0.04106110
0.00293644
0.02118622
0.04622224
-0.03119762
-0.03693721
-0.02478180
-0.00152287
0.00480654
0.02714387
-0.04537775
0.01656258
0.03642922
0.04596734
-0.03225706
0.02016569
0.01534406
0.00503544
0.00184105
0.02652306
0.03302939
-0.02578127
-0.01719213
0.01468949
-0.03172113
-0.01150262
-0.03006262
-0.00886393
-0.01253096
-0.01227445
0.02266432
0.00801450
-0.03099494
-0.03291420
0.00658299
-0.04325267
0.00326055
-0.04115224
-0.03316496
-0.04806856
0.00153644
-0.03136792
-0.03501991
0.00481925
0.02395402
0.03557643
-0.02306412
0.00173161
-0.02363686
0.04923161
0.02657349
-0.00982143
0.01287157
-0.04015452
0.00565130
0.02517075
0.00621053
-0.02318711
-0.03556816
0.02393184
-0.00913714
0.00414198
-0.01074083
0.01335642
-0.01128135
-0.00713252
0.04742360
-0.02394245
-0.01752055
-0.02580489
-0.02225298
-0.01172638
-0.02313132
-0.01585311
0.01563053
0.04752500
-0.01711567
-0.05038414
-0.01509589
-0.02243805
-0.00729838
0.00729422
0.02305927
-0.02958052
-0.00747342
-0.01425687
-0.03657141
-0.01326193
-0.03062864
0.02748691
0.01933264
-0.01964944
0.00812160
0.03140136
0.03870234
-0.03494586
-0.04294782
-0.00484999
0.03272732
-0.04980411
-0.03548947
-0.03097174
0.03133314
-0.04839751
0.04445205
0.00571075
-0.00009872
0.01862559
0.01643315
-0.00571525
0.00300230
0.04103163
0.01047490
-0.04360552
-0.00140212
0.00329024
0.00118766
0.02985329
0.02601018
0.00243184
0.02442666
0.01549130
-0.04168591
0.04468513
-0.03310347
0.01518230
0.00753251
0.03498534
0.00075172
0.04042174
0.04329595
0.00000818
-0.02963229
-0.00775065
0.03711109
0.03165311
-0.02364475
-0.02845200
0.03472061
0.05034680
-0.01442325
0.00190406
0.01037078
-0.04200694
-0.01968689
0.00737888
-0.00223402
0.04858119
-0.04403193
-0.01490162
-0.01409842
-0.04130873
-0.01192987
-0.00832001
0.01755285
0.00226377
0.04898554
-0.02520584
0.01916331
0.04464139
-0.00263385
-0.01627076
-0.03599751
0.01690480
0.02749508
0.04642540
0.01051304
-0.04784118
0.04333597
-0.04570645
0.02361620
0.04184071
0.03219002
-0.04037958
0.04245562
-0.03417848
-0.03794275
0.03424085
-0.01531176
-0.03522541
0.01180146
-0.02315041
0.04797564
0.02315611
0.02566526
0.02282310
-0.01148330
-0.00231653
0.00789118
0.00220333
0.02734102
0.01222503
-0.02618745
0.00292067
0.04057586
-0.04181729
-0.00285076
-0.00973862
0.01100458
-0.01365033
-0.03773107
-0.03781334
-0.00013765
-0.04013672
0.00755571
-0.01612689
0.03739762
-0.04894764
0.00150834
0.00889030
0.03977255
-0.05547893
0.00689329
-0.00801868
0.04370634
0.02932784
0.03136419
0.01233390
-0.00267537
-0.04420950
0.04801278
0.00830687
0.01692126
0.04996636
0.04260086
0.04037418
0.02416996
0.03599024
-0.01591357
-0.00256273
-0.03927378
0.04588421
-0.04229074
-0.01750132
0.02289165
0.04382951
-0.00738135
0.01019359
-0.02933184
-0.03118551
0.01848006
-0.00481228
-0.00098045
-0.01658080
0.04246445
-0.04724691
0.06065035
-0.04027415
-0.02239255
-0.00459439
-0.03835602
-0.04241540
-0.00754887
0.04686082
0.03611340
0.00597326
0.01163163
0.05505454
0.03386253
0.01897344
-0.01792179
0.06573128
0.04715933
0.01157884
0.01718630
-0.02551832
0.04482477
-0.04456014
-0.01745492
0.04247987
-0.01697794
0.02850497
-0.02797689
-0.05535930
-0.01156207
0.00466134
-0.00968306
0.04186964
0.03432161
0.03184864
-0.01771039
0.02483714
0.03521807
-0.01486347
0.03511898
0.04407405
0.04419210
-0.00442671
0.03731529
0.01674142
-0.00634421
0.01615698
0.00952552
0.01583066
-0.02313655
-0.05074727
-0.05273652
0.01166872
-0.04815040
-0.03197384
0.03533968
0.00573649
-0.00862515
-0.00005204
-0.04203907
-0.02820719
0.03069579
-0.04980329
-0.04180777
0.00041344
-0.00012859
-0.01545021
0.06739519
-0.04085349
0.05254286
0.00200553
0.03521002
-0.00056194
0.00763486
-0.01437652
0.07098018
0.05434263
-0.00552707
-0.00283470
-0.00702516
0.02456297
-0.01868924
0.00241776
-0.04123232
0.03041958
-0.04835143
0.00188331
0.01619192
0.02030342
0.04791493
0.03584461
0.03948977
-0.02596007
-0.03519565
0.04843918
-0.05600773
-0.03533461
-0.03671125
-0.00643585
-0.03953430
0.03625270
0.00469161
-0.00558810
0.02898074
0.03018839
0.00021903
0.02285097
-0.02859257
-0.03332746
-0.02242649
0.02315700
0.04077736
0.04354002
0.04800055
0.00799554
0.00744629
0.04298922
0.03790952
0.02398653
-0.00243979
-0.05238988
0.03131394
-0.00478778
-0.05302679
-0.03415484
0.00068385
0.02623157
-0.01671273
0.03662042
0.05829369
0.08815274
0.01739002
0.04520444
-0.00475171
0.03803369
0.01160965
-0.00260034
0.04684329
-0.01101154
-0.01578247
-0.00563651
0.00682890
-0.04825364
-0.00940657
-0.02862320
-0.00676762
0.04340647
0.02763263
-0.02873586
-0.00691361
0.00225055
-0.01639260
0.03173174
-0.04844410
0.05457706
-0.01944586
-0.02276511
-0.01200424
-0.04343460
-0.01892040
-0.00038071
0.02398458
-0.03855970
0.03983714
0.00183643
0.00238500
0.05357793
0.00513674
-0.03743936
0.00871167
-0.05257718
-0.00176145
0.05005872
-0.00232523
0.01659396
-0.01398382
0.01606996
-0.01404471
0.01992739
-0.04722649
-0.02281422
0.02947688
-0.03445844
0.04622930
-0.02242135
0.02023688
-0.03543575
-0.03834444
-0.00986975
0.03831900
0.01563164
-0.01051290
-0.01102862
-0.00122004
-0.01069431
0.01617835
0.04351204
0.00110898
-0.01325318
-0.00761984
0.01868082
-0.00680920
0.04640537
0.00342708
0.01341250
-0.01481076
0.02782144
-0.02112130
-0.04664158
0.02556042
0.03564734
0.04768749
0.05478677
0.02915339
-0.03482100
-0.04078488
-0.02512879
0.01298998
0.01465777
-0.04302969
-0.00793368
-0.02105410
-0.01299671
-0.05499790
-0.05460080
-0.02062400
-0.02470646
0.01209863
0.04249087
0.03822621
-0.03111461
0.05097736
0.03509820
-0.02284697
0.03349992
-0.01262255
0.03289573
-0.03672740
0.00196895
0.00172264
0.02886061
0.00579965
0.04801092
-0.02999683
-0.03993072
-0.02718027
-0.03673432
-0.02348094
-0.00943233
-0.03508383
0.06079992
-0.03450240
-0.02651645
-0.05053367
0.03975767
0.05167633
0.03048041
0.03468615
-0.02498569
-0.03312062
0.03531996
0.01558120
0.03370253
-0.04331971
0.04759247
0.00257274
-0.00077861
0.03958109
0.00382954
0.01101954
-0.02832711
0.03306527
0.01592616
-0.02999632
0.03720462
0.04194535
0.04731919
-0.00152636
-0.03740448
-0.02442219
-0.01672111
-0.04496427
-0.01695756
-0.01865702
-0.01977310
-0.00297307
-0.01515300
-0.02449684
0.00080910
0.03681654
0.02909960
0.03873484
-0.01518809
0.01356308
0.00236791
0.01519821
0.04514668
-0.00340068
0.01488018
-0.03330705
-0.00836336
0.04863720
-0.01896955
0.04639462
-0.04587884
-0.00251304
-0.01982587
-0.07452631
-0.00466581
-0.02924494
0.01321211
-0.03455426
-0.00868994
0.03960258
0.05442982
-0.02593899
0.03712766
0.00864518
0.03134901
0.03359387
0.01857097
-0.03086967
0.00716494
0.00968410
-0.01970143
0.04479989
-0.05415390
0.02602564
0.02029839
0.01621209
-0.02829530
-0.01745388
-0.02201121
0.03665392
-0.02079519
0.03469465
-0.02331980
0.00213613
-0.01839855
0.04105501
0.02049682
0.00865309
-0.03556118
0.00976067
0.05243969
0.01847739
-0.03652554
-0.00149263
-0.02269571
-0.02929742
-0.01643518
-0.00807936
-0.02823453
-0.00560273
0.02828976
0.03627717
0.02349048
-0.03384269
-0.02496198
-0.00542049
-0.03210836
0.01799182
-0.01096390
0.01457397
-0.02108658
0.02563541
0.03394643
-0.01099620
-0.04010118
-0.04643780
0.04320056
0.04316681
-0.02228757
0.04698613
0.00326692
-0.02822604
0.02013090
-0.01045195
0.01810247
0.00003573
-0.00905455
-0.00436997
0.04987327
0.00370099
0.04893291
0.02192377
0.04985094
-0.00521196
0.00175908
0.01992212
0.03369863
-0.02362961
0.03261545
-0.05919698
-0.02762533
-0.04685468
0.02654516
-0.02494225
-0.00708964
-0.02293569
-0.01526581
0.00957404
-0.00469906
0.03098933
-0.00498483
0.00766825
0.01766622
0.04648999
-0.02498677
-0.03320371
0.03793897
0.03316922
-0.00783059
-0.02229651
-0.00805137
-0.05340951
0.00056688
0.06108551
0.01216044
-0.01649107
0.00781267
0.02440932
-0.02749571
-0.00530090
0.04788332
-0.02967416
-0.02743838
-0.00997960
0.04179217
0.03610484
0.00990477
0.04121513
0.00041693
-0.01287953
0.04388154
0.04190349
0.00506430
0.03268762
-0.04310020
0.03357095
-0.05035084
-0.01624970
-0.03848412
0.03786813
-0.00541394
0.04101299
0.03289425
-0.00534291
-0.03238579
-0.00194174
-0.04946727
-0.03585315
0.03562323
-0.04010578
0.01704827
-0.04025045
-0.02098423
-0.03375532
-0.01112930
-0.02879401
0.05506491
0.02247439
-0.03688180
0.00765236
0.00083615
0.02126466
-0.01269597
0.00756473
0.02726794
0.03983495
0.01653983
-0.00361568
-0.02650589
0.00132963
0.04504293
0.04161694
-0.03225149
-0.01307495
-0.03827556
-0.03517597
-0.02028053
-0.01531151
0.06052620
0.02724905
-0.01927752
0.02542325
-0.01414058
-0.00309464
0.03176256
0.03672849
0.06179081
0.04813081
0.02477098
-0.04049695
-0.02439989
-0.01958470
-0.02919557
0.01618682
0.04668060
-0.04471276
0.03156105
0.00469787
0.02309103
0.03338885
-0.03024146
0.00879927
-0.00928835
-0.03965955
-0.00273038
0.00856629
0.05745970
-0.02718399
0.00631630
0.02449183
-0.02347472
-0.00834712
0.00956928
0.02980881
-0.04069620
-0.00178828
0.03887584
-0.00539290
-0.03366490
-0.03462684
0.08405088
-0.01722743
-0.01709594
-0.00768577
0.01588904
0.03384688
0.05004784
-0.01837990
-0.02478305
-0.02377366
0.04429751
0.04903474
0.03843493
-0.02866560
0.03660929
-0.00504430
-0.06525867
-0.01396384
0.03186611
0.07026864
-0.02495213
0.07761242
0.01771364
-0.04994015
-0.00450220
0.03918328
0.02133018
-0.01919629
0.04011733
0.00709763
0.01646631
-0.01242883
-0.02531045
-0.01489966
-0.03060766
0.04674915
-0.01638766
-0.02408717
-0.01005995
-0.02559719
-0.01352579
0.03965827
0.01056837
0.02324323
0.00135370
0.03500085
-0.02079183
0.04122840
0.01336817
-0.05336680
-0.03604199
-0.02277644
0.00693110
-0.02045170
-0.03680652
0.01548038
-0.02875433
0.00150933
-0.03104931
0.01163895
0.04145629
0.01940751
0.02637835
0.01359045
0.00817276
0.04565360
0.00978555
-0.02158228
-0.00865457
0.01164566
0.08407790
0.02555676
-0.01548908
0.03073269
0.01140464
-0.01785466
-0.01072944
0.03575457
0.05870300
0.02845930
-0.03785009
-0.04077164
0.06839271
0.02474677
0.03833624
0.00008357
0.01047480
-0.06029479
0.03277379
0.00285359
0.01551653
-0.03902421
0.01706870
-0.01672916
-0.00719717
-0.01524239
-0.02440476
0.01236556
0.02017523
0.05787397
-0.01302151
0.01450324
0.02682853
0.04251872
-0.03481796
0.03729094
0.02660380
-0.04614400
0.03521399
-0.01009045
-0.05715425
0.03512227
-0.00848156
0.00139707
0.05024836
-0.04072943
0.05617644
-0.05489418
0.09301671
-0.01918704
-0.03149367
0.03196430
0.03013448
0.02436992
0.04794122
0.02754130
0.02379891
-0.05255134
0.00438909
-0.04588965
0.01909138
0.02849211
0.05372647
0.00402535
-0.02976705
-0.00771349
-0.01912307
0.02302578
-0.01571527
0.04264512
-0.04312540
-0.01426054
0.05799007
0.00790649
0.02940490
-0.04610690
0.00784401
-0.07433935
0.00443814
0.05680737
0.00248427
0.05802286
-0.03308706
-0.04671717
-0.02155892
0.03711893
-0.03377596
-0.02726013
0.01684051
0.01651000
0.03083435
-0.02016851
0.00723942
-0.02923393
0.00403933
0.02802164
-0.01976557
-0.02986041
0.03202460
-0.02521141
0.01115815
-0.03255284
-0.05265084
-0.04645295
0.04767318
-0.01580428
0.06806000
-0.01217250
0.05530399
0.02226793
-0.03180450
0.03261315
-0.00824239
-0.06401321
0.00303988
-0.01057838
0.00611801
-0.04619776
0.04313460
-0.02602563
0.00736547
0.01329794
0.03858896
0.04595012
-0.04686372
-0.04035961
-0.01335600
-0.00225394
0.01046184
0.04834727
-0.02043027
0.02819179
0.01991898
0.01832660
-0.02479470
0.00220543
-0.03969040
0.00750915
-0.00103724
-0.00637786
0.01392641
0.01378313
-0.01183903
-0.02822817
-0.00399302
0.03779779
0.04466752
0.04028530
-0.03577369
-0.02215150
0.01164535
-0.01097489
0.04178985
-0.01793532
0.02126039
0.03212806
-0.03870770
0.03451185
-0.03480137
0.03375394
-0.02019844
-0.04942403
0.04241502
-0.00522225
0.02150877
0.01175160
-0.01722047
-0.04317201
0.03062419
-0.03654923
0.04885567
-0.01237211
0.03364778
-0.03572281
0.04220994
-0.03085996
-0.02191116
0.04799393
0.02598132
-0.02990199
0.00033972
0.02623155
-0.00876352
0.00199694
0.00575033
-0.04255675
0.04469213
0.00410964
-0.02254027
-0.04792859
0.00219780
-0.04699399
-0.05408425
0.04954071
-0.04202896
0.01778358
0.04243512
0.00608030
-0.01716860
-0.04612849
0.02819064
0.00597001
0.01223712
-0.02857891
-0.01806845
-0.00271572
0.03822208
-0.01690171
-0.03452908
-0.04392228
-0.03498536
0.02247539
0.01602945
0.02430340
0.02873154
0.01015678
0.02149820
0.01609758
-0.02893858
0.04451239
-0.01740022
0.00394928
0.03826675
0.04221856
0.00040126
-0.03201203
0.02497742
0.00763310
-0.01135259
-0.00338703
0.00451093
-0.05042078
0.00531943
0.02605649
0.04482610
-0.00897022
-0.04140976
0.00126033
-0.02898251
0.01057126
0.02917599
0.01954346
-0.03499564
-0.01550062
-0.04429664
-0.02794563
0.02535679
-0.01049514
0.03905912
0.00509912
0.01018358
0.04860210
-0.04985408
0.04294526
0.04883494
0.01761122
0.04684727
0.01267694
-0.03821190
0.04671500
0.02859350
-0.01862702
0.04184589
-0.02507791
0.00744268
-0.04637518
-0.02973932
0.04400538
0.02762381
0.04379956
0.03719958
0.04782100
-0.03505830
-0.02333354
0.04569143
0.03280846
0.04277915
-0.04165966
0.02743495
-0.02163292
-0.00490727
-0.04597568
0.04520989
0.01049086
0.03950671
-0.03292055
0.00436338
0.00247092
0.04722851
-0.00508517
0.02804848
0.02386907
-0.02485548
-0.03517098
-0.02619605
0.01295107
-0.01441356
-0.00047346
-0.04265400
-0.01980085
0.02097945
-0.01429419
-0.02299570
-0.04258207
-0.00168110
-0.01595270
0.00226130
-0.04451276
0.00845100
0.02490626
0.02946292
-0.03780232
-0.03196007
0.00405920
-0.04683105
0.00153935
0.02421766
-0.04715386
-0.01845665
0.00570959
0.00481376
0.03084166
-0.01750619
0.00361119
0.00066033
0.03195960
-0.04850546
-0.03906073
-0.00741548
0.02601684
-0.03414647
-0.03913692
-0.02875422
-0.00157219
0.04266449
0.00090214
-0.00820472
-0.02337159
-0.04946342
-0.03796923
0.04472497
-0.03090902
-0.00998747
-0.04989059
-0.04837814
-0.01862785
0.04296654
-0.00208911
-0.04699121
0.01932338
0.03041523
0.00796210
-0.00459531
0.00002678
-0.04339826
0.00529144
-0.04627935
0.04742665
0.00387615
0.02035566
0.00202638
-0.01023390
-0.03053473
0.01012439
0.04978505
-0.04457471
-0.01964477
-0.03228716
0.02973192
0.01942308
0.02300573
0.02600010
-0.00400467
0.01779407
-0.03700116
-0.00891591
-0.02702804
-0.04176845
-0.03519683
0.01663842
-0.00443427
0.02731656
0.03574698
-0.02574514
-0.04312918
-0.04809623
0.01767430
-0.01782620
-0.00313737
-0.04235232
0.03357704
-0.04313288
0.01366836
-0.02929920
-0.01831786
0.03650911
-0.00167702
0.03076005
0.00733524
0.00580323
-0.04840022
0.01287172
-0.04947231
-0.00262907
-0.04104728
0.04736858
0.03936343
-0.01340010
-0.00646985
-0.04617795
0.04489405
0.02007615
0.03853520
-0.03745632
-0.02335013
0.00335109
-0.01617556
-0.02293927
0.01126081
-0.01787951
0.02910498
-0.01393196
0.02290927
-0.02193401
0.00096607
-0.03473896
-0.02717008
0.03024247
-0.01465118
0.04679677
-0.01833467
-0.03921396
0.03405002
-0.00391407
-0.01841654
0.04012629
-0.01230598
-0.00280687
-0.04703602
0.03629204
-0.01778033
-0.00350881
0.00127057
0.02398851
0.01814880
-0.04829226
0.04112536
0.04282720
-0.03941946
0.03963161
0.03906683
0.03627651
-0.02812310
0.03482940
0.03513609
0.01063013
-0.02568392
-0.01079818
0.03208920
-0.00915460
0.03303042
-0.03534239
-0.01370598
-0.03158949
-0.02215924
-0.04959070
-0.04440965
0.03457957
-0.00800606
0.01608318
-0.04214532
0.01511804
0.02347450
-0.00484702
-0.03681303
-0.02800387
-0.01679480
-0.02941114
-0.03757325
-0.02374907
-0.04921160
-0.00507597
0.02968668
-0.00600952
0.01544484
0.03244171
0.03313152
0.01877683
-0.04947443
-0.01505399
0.02109558
-0.04662283
-0.04507343
-0.03377273
-0.00642526
0.01430872
-0.04092192
-0.02363184
-0.00549871
-0.02004445
-0.01108025
-0.03775002
-0.04025117
0.00398255
-0.03299778
-0.04778883
-0.02413381
0.03767481
0.02017776
0.00431112
0.03921151
-0.04309392
-0.03153531
0.04838007
0.00745529
-0.01035883
-0.01388145
0.02695302
0.00273895
0.02096937
-0.03145261
0.01126862
-0.02722793
-0.03794903
0.01678924
-0.03595791
0.03070011
-0.04059548
0.02270899
0.01099653
0.00723151
0.02127935
0.01917505
0.03100792
0.02618122
-0.01406239
0.03125974
0.01305386
-0.02929792
0.00150179
0.03532487
0.03674528
-0.02361241
-0.02282082
-0.01951873
-0.03926815
-0.03760228
-0.01807561
0.04979721
-0.04955883
-0.04094414
-0.03454110
-0.01560947
0.00066907
-0.02783358
-0.02229624
0.02564357
0.02003810
0.00923263
-0.02012217
0.03383973
-0.04714615
-0.01552325
0.01901710
-0.01216478
-0.03478098
-0.01862938
-0.02985762
-0.01588328
-0.04515877
0.03600366
-0.04406081
-0.00352886
-0.04416540
0.04473991
-0.02924350
-0.04886295
-0.01522702
0.01547538
-0.03692130
0.04996946
0.02090351
-0.01961560
0.04595284
0.00194866
-0.01388947
-0.00813025
-0.03563939
-0.00323000
-0.00274618
-0.04021020
-0.01357126
-0.03496462
-0.01568027
-0.04553603
-0.04206516
-0.03212004
-0.02791049
-0.04351530
-0.02725529
0.03926532
0.02328308
-0.02141025
-0.03871092
-0.03856708
0.00887450
-0.02430171
-0.04408731
0.03138449
0.04379448
-0.03363361
0.03259677
-0.02330659
0.02429150
-0.04183907
0.00297493
-0.02990805
0.04277308
0.04456854
0.02298353
-0.04005304
-0.03499830
0.02665076
-0.03345662
0.03250533
0.02492897
0.00130258
-0.04388735
-0.02748382
-0.00078455
0.00628355
0.03317285
-0.01390245
-0.01426168
-0.04223385
0.01892230
0.02565731
-0.03415729
0.02140870
0.02046621
-0.00020813
-0.04415549
0.04679478
0.03874792
0.03878225
0.04396294
-0.03212553
-0.01412878
-0.01341876
-0.03866821
-0.01041755
-0.04347496
0.03464350
-0.03562984
0.02545987
0.01169166
-0.01442991
-0.03235540
0.02631171
0.01394409
-0.00384931
0.04674257
-0.00557101
0.01032195
-0.00128003
0.01851316
-0.01686671
0.00945913
0.00364428
0.02374818
0.03493534
-0.03535825
-0.00716955
0.00922754
-0.03292000
0.03293233
-0.02262320
-0.00092081
0.01451084
-0.02273792
0.00983949
0.00501201
-0.03817941
-0.04101952
-0.01254064
-0.02155126
-0.03361521
-0.04051081
0.03184077
0.00504982
0.01480585
-0.02694888
-0.04979408
0.04114855
-0.03033148
0.04417089
0.02814379
0.01734976
-0.04843425
0.04168675
0.03856696
-0.00545561
0.02469122
0.02989539
-0.00953384
-0.01511264
-0.01589069
-0.00625007
0.00103755
-0.03259169
-0.04824681
-0.00446307
-0.03708221
0.00693127
-0.04741410
0.01670832
0.00910312
-0.03392497
0.04097261
-0.05153174
-0.03023389
0.02735467
-0.01395370
0.00654077
0.02334297
-0.03678415
-0.03364332
0.01596932
0.03907729
-0.01375731
0.04062507
0.03684670
-0.01208513
-0.03479427
-0.01636290
-0.02917873
-0.02999620
0.00567706
-0.00413435
-0.03140460
0.04674472
0.01083159
0.03245859
0.03424925
0.01138155
0.00923175
-0.02085828
0.01946643
-0.00418386
0.01594401
-0.03204913
-0.04602523
-0.00293877
0.04666656
0.04156067
-0.00681024
-0.04988860
0.00377302
-0.01569007
-0.02704063
0.01900790
-0.01053172
-0.04684220
-0.00976515
0.02253927
-0.04654635
0.00257034
-0.01045649
0.02284515
0.02022609
-0.02314513
-0.04537783
-0.04489816
-0.00497413
0.02127029
-0.00079884
-0.00371111
0.02127605
0.03844476
0.02630399
-0.01985143
-0.04852556
-0.02345750
-0.03027901
-0.04756548
-0.04534942
0.01434624
-0.04802704
0.03636529
-0.00368717
-0.04468442
0.04872746
0.04316636
0.01105723
-0.02407095
0.04212191
0.00300729
-0.01066560
-0.01761387
0.03120381
0.01653169
-0.03968044
-0.00672726
-0.03836330
-0.01220775
-0.05240700
-0.02481187
0.03205061
-0.02123794
0.01529221
-0.03528595
0.01703972
0.04584546
0.00911516
-0.00297565
-0.01792155
-0.04097094
0.02770700
-0.01159973
0.00265861
-0.00571316
-0.01702348
0.04755086
0.03481909
0.00233984
0.01864322
0.02838051
0.03844015
0.02731064
-0.04408520
-0.03758452
-0.00645554
0.01503514
0.01508587
0.00115549
0.01542053
0.01203735
-0.05213169
0.03402654
-0.00201541
-0.02688471
-0.04168115
-0.04619936
0.02576289
0.02927994
-0.03609644
0.01575044
0.02825965
0.00245109
0.02964078
0.03929721
-0.03991225
-0.01395412
0.03132839
-0.03363293
-0.03459583
0.03453931
-0.04436936
0.04421356
-0.02421074
-0.02641860
0.02748325
-0.01309977
-0.03419411
0.04097551
0.02774138
0.01467860
-0.02633699
0.00098677
0.03757489
-0.02399469
0.02450919
-0.00863894
-0.00742516
-0.01173260
-0.02674579
-0.00694956
-0.01297862
-0.04512439
-0.03707434
-0.04300530
0.01277962
-0.00174855
-0.04958851
-0.03468590
0.02634438
-0.02736670
0.03836836
0.04798706
-0.00512418
0.03458069
0.02598627
-0.00894315
-0.02244335
0.04377352
0.04344526
0.03594449
-0.04279248
-0.04876994
0.01309127
0.02217065
-0.01855985
0.03712378
0.00120576
-0.03552576
-0.00372023
-0.04123167
0.00483601
-0.01067883
-0.02730502
-0.00909571
-0.03782798
0.04891580
0.03576262
0.00368020
-0.02143589
0.02064602
-0.02296939
-0.04743023
0.06470748
-0.03323135
0.04291913
-0.01591710
0.00558787
0.03903979
0.01927019
0.05090961
-0.04986303
0.06035920
0.00909362
0.04324125
0.02189001
0.02565575
0.03691299
-0.01285254
0.00106871
0.02200360
0.00145418
0.02198247
-0.05162940
-0.01375734
0.01056225
0.01268473
0.03085516
-0.01707359
0.05122298
0.01966085
-0.04711245
0.04425167
0.04362924
0.03550731
0.04276754
0.04466356
-0.01606873
0.01694433
-0.00609128
-0.01858619
-0.00519330
0.02260719
0.01978707
-0.01169986
-0.00786223
-0.03076129
0.03010620
-0.03631653
0.02647352
0.01806511
0.01001231
0.03133837
-0.00082982
-0.02150846
0.04412023
0.00534815
0.04466188
-0.01320720
-0.02762383
0.00564620
-0.03206496
0.02028928
-0.04285784
0.03631717
-0.03471791
0.00443567
0.02687107
0.01766890
-0.00884141
0.03463532
0.04870357
-0.05459964
0.04699222
-0.03011730
-0.05642888
0.02682728
-0.00207261
-0.01511947
0.01519891
0.05373283
-0.03280507
0.04275230
0.00512504
0.01482906
0.04283150
-0.04501369
-0.03937037
0.03270497
-0.02686670
0.04947886
-0.02278450
-0.03062196
-0.03164239
-0.02404759
-0.00962212
-0.04893213
0.00178261
0.04277412
0.03553937
0.02252861
0.01712453
-0.04738235
0.00594415
-0.01362070
0.01805908
0.01566138
0.02054352
-0.00649682
-0.01116263
0.01737130
-0.00867257
-0.02035133
0.04735295
-0.01204066
0.04493404
-0.03590783
-0.03205432
0.00472723
0.03922191
-0.04728219
-0.02695782
-0.00313874
-0.02578261
0.02796179
-0.05302672
-0.01349256
0.02107743
0.04486870
0.00984640
-0.00978219
0.00567897
-0.02495137
-0.00076690
-0.00324709
0.00995826
-0.01670190
0.04151984
-0.04034466
-0.01860687
0.03559758
-0.02067359
-0.01951299
0.04020224
0.00660279
-0.01220683
0.04676389
0.02583886
-0.03613836
0.02812265
0.02856544
-0.00882616
0.02864995
0.00754460
0.04805800
-0.04146763
-0.00917091
0.02285364
0.04819926
-0.00082950
0.00500865
-0.04183989
-0.03016290
0.01054438
-0.04066033
0.00529432
-0.04022329
-0.00357709
-0.02936902
-0.01989737
-0.04115232
-0.01385442
-0.04769883
-0.01994821
-0.03681855
-0.04830134
-0.00774858
0.03328753
0.00721834
0.01362319
-0.02876381
0.00550667
0.04379786
-0.00885895
0.04604720
-0.04163763
-0.00806200
-0.04405023
0.02419760
-0.00459607
0.01228220
-0.04248544
-0.04093751
-0.01309945
0.04622350
0.05356094
-0.02180909
-0.04504692
0.04214109
-0.00658777
-0.05121710
-0.03093055
0.00671245
0.04733402
-0.00722808
-0.02865929
0.08527097
-0.04136946
0.00195285
0.03206572
0.00861167
-0.04255831
-0.04933289
0.01010966
-0.00979608
-0.01890052
0.03729485
0.02225827
0.04372098
0.04807995
-0.02018225
0.05231808
-0.05192525
0.03319530
0.00732144
-0.02074469
0.00284547
-0.04543995
-0.01634039
-0.03312168
-0.01571682
-0.01901924
-0.05556570
-0.04549546
0.05172291
0.05075540
0.02127198
-0.04245206
-0.04176070
-0.01074410
-0.02860427
0.00457892
-0.02231402
-0.01681388
-0.02549803
-0.01034220
0.00756193
0.02310902
-0.03858339
0.01100453
0.03357113
-0.03912893
0.04007500
-0.02326423
0.03736007
0.03690427
0.02228613
-0.02300732
0.04419591
0.00010022
-0.02928775
0.00071991
0.04886693
0.01383540
0.00233182
0.00036684
-0.02573704
-0.04236386
-0.03514436
0.04400163
0.01394790
-0.01963483
-0.00668257
0.03361328
0.01941827
-0.02156062
0.03768513
0.04411723
0.04212958
-0.02714699
-0.00566537
-0.05121430
-0.02343325
0.05695294
0.02252661
-0.01501242
0.02878398
0.00562445
0.04748246
0.03864353
0.04231424
0.04274905
-0.04309786
0.02737802
-0.00160628
0.04556409
-0.02772560
-0.02390711
0.00295703
-0.00121273
0.00408044
-0.00535642
-0.01104669
-0.01605628
-0.00919147
-0.01644016
0.03239959
0.04883278
0.00608249
0.02864485
-0.04204437
0.04231225
0.02002541
-0.00476344
-0.01590117
-0.03547030
-0.01290657
0.00720038
-0.00867696
-0.03078175
-0.00685459
-0.04046379
-0.00695919
0.00519913
0.02476887
-0.01432450
-0.04165173
0.01340389
0.00022444
-0.03438713
-0.01107301
0.04259902
-0.03627035
-0.05866894
0.00498630
-0.00395507
-0.03290739
-0.00817806
-0.00429890
0.02522787
-0.00461909
0.01034613
-0.02040217
-0.05240148
0.02579081
0.02764890
-0.01817849
0.03501322
0.04623138
0.04353431
-0.05119684
0.02788089
0.00604137
0.03030760
0.02727856
0.04127691
-0.02695485
0.05483728
-0.01889065
-0.01326695
0.03863031
0.00298769
0.03893464
0.00710189
0.04419775
0.02925450
0.01560984
-0.01515745
-0.03530264
-0.00382504
-0.04208455
-0.03396221
-0.00458244
-0.03560804
0.03270548
-0.03550919
0.03255650
-0.04845200
-0.03433203
0.01326915
0.04674880
-0.03268704
0.04795288
-0.04366352
0.01689080
0.02600918
-0.01806090
-0.03121398
0.00611650
-0.00163580
0.02450202
0.00096439
-0.01574380
-0.04695981
0.00328238
-0.03012240
0.00661531
-0.04183006
-0.04627850
0.04239013
0.02407048
-0.03650808
0.00170889
-0.01568470
-0.05471885
-0.00726473
-0.05554146
-0.03137624
0.05894317
-0.01360697
-0.02926324
0.05194499
-0.00054902
0.01634833
0.00813242
-0.03945273
0.00110963
0.01911161
0.00887033
0.01777079
0.01106186
-0.01242905
0.04231402
0.02881256
0.00848288
-0.00100011
0.04195331
0.03071208
0.02050294
-0.01025666
-0.03913876
-0.00254669
0.01681542
-0.03639794
-0.03089389
0.02143320
0.00309380
-0.02867188
-0.02814909
-0.00571463
-0.04286304
-0.00809420
0.01172326
0.00875296
-0.00532734
-0.04855018
0.00456250
-0.01736042
0.05096577
-0.04695240
0.00699328
0.04056073
0.04981672
0.04614231
-0.03474837
-0.03951619
-0.00103035
-0.00534454
-0.04681050
0.01568392
-0.05431131
0.01593585
-0.02015980
-0.03177629
0.03201938
-0.04431114
0.04277104
0.04448922
-0.00309829
-0.00528940
-0.04877075
-0.04716801
-0.03769116
-0.01257552
-0.01878023
-0.00662408
-0.00402828
0.01153739
0.04477391
-0.00832609
-0.00701349
-0.03409787
-0.02824906
-0.02436399
-0.00153598
-0.04662066
0.01015589
0.04119916
0.03427278
0.03753471
0.01127650
0.05366053
-0.00324418
-0.01902125
-0.01122486
-0.00880283
-0.00580577
-0.04132482
0.02853544
0.00075637
0.00519245
0.02417499
-0.03671039
-0.02167164
0.03994179
0.03695992
0.01103008
-0.02117174
0.02180301
-0.04634274
-0.04757661
-0.03663154
0.03177314
0.01398132
0.04552217
0.00607869
-0.01760582
-0.01489067
0.06083410
-0.00991160
0.03091086
-0.01315094
0.00009206
0.03604846
-0.03985180
0.03664684
0.01510214
0.04399668
0.03779128
-0.01260460
0.04745175
0.01241146
-0.03407430
0.03994161
0.02226009
0.03331442
0.00286740
-0.04850129
-0.02778174
0.01843520
-0.02448545
-0.01038298
-0.00328700
-0.01024203
0.04553502
0.03928174
0.01449385
-0.00733198
-0.03563295
-0.04243678
-0.02992066
-0.01170205
-0.02214938
0.00590044
0.03665459
0.02502392
-0.01928101
0.02303428
0.01915560
0.04735368
-0.00309637
0.02451965
-0.02824881
-0.03960725
-0.00719775
-0.02722283
0.04067918
-0.01209795
0.01421570
-0.00483177
-0.01106410
0.04554130
-0.04304210
-0.03849012
0.02375714
-0.00935690
-0.02434769
0.03662682
0.02624876
-0.05202054
0.03945018
-0.03238690
0.04634708
0.04843358
0.05155303
-0.00314373
0.00840660
0.03264649
0.03023821
0.02520908
-0.02440525
-0.00119887
-0.04831054
0.00767527
-0.04519182
0.02074221
-0.00786108
-0.03089004
-0.01799372
0.04055110
0.02601535
-0.01951671
-0.02584845
0.03984111
0.02746546
-0.01897420
-0.01658272
0.01086072
0.01537543
-0.03531300
-0.00834962
-0.00234286
-0.00885775
-0.00858876
-0.02000204
0.00715130
0.03628830
0.00585302
-0.02590389
-0.03484725
-0.03464125
-0.02287429
0.02652157
-0.01866125
0.04615916
-0.03256003
-0.02480619
-0.01012094
0.01975921
0.01213964
-0.04287235
0.00158865
-0.03782732
0.05324592
0.03060286
-0.02552519
-0.02019093
0.05741431
-0.04638165
0.03662616
0.04055813
0.00558532
-0.00581700
0.00147945
0.03537150
0.01142052
0.05959830
-0.01262444
0.03294878
0.04341356
-0.03441461
-0.01697442
-0.00354357
-0.02045908
-0.00607240
0.01890780
0.00410573
0.01016737
0.01122048
-0.05005278
0.02474916
0.03369770
-0.02394893
0.03969575
-0.01233593
-0.02215761
-0.04015480
-0.01296346
-0.03194354
0.03326549
0.03272273
-0.03010206
-0.04651673
0.01999553
-0.00534948
-0.03497707
-0.02566054
0.02315751
0.05510864
0.04545754
0.03374199
-0.03865208
-0.03695738
-0.03762942
-0.00296397
0.01907253
-0.01611910
0.04258455
0.04749504
0.02675139
-0.04603731
-0.03675810
0.02937369
-0.02862207
-0.01770925
0.01330322
0.00954315
0.03505854
-0.02788472
0.01623058
0.01717577
-0.01445456
-0.04857600
0.00297861
0.03662982
-0.04262312
0.01205269
0.00724645
-0.02432224
0.00111554
0.04606271
-0.00158690
-0.04074706
0.04122405
-0.03355633
0.02990104
-0.01677203
-0.01773520
0.00588439
-0.01346481
0.01423537
0.01605158
0.01092366
0.00590978
0.00691989
0.01870178
0.04554788
0.02293423
0.03696463
-0.00925330
-0.02388077
0.02685811
-0.03957050
-0.03895535
-0.01623910
-0.03121184
0.00724170
0.06872635
-0.03679716
-0.02985767
-0.04554010
0.02769421
-0.02316989
0.03139551
-0.00238892
-0.01727605
-0.00469621
-0.03323758
-0.02743010
0.01359384
-0.00572593
-0.01884221
-0.01571652
0.03501644
-0.00709506
0.03293891
0.04091883
-0.02702366
0.00494221
-0.04551187
-0.01256113
-0.01053817
0.03383876
-0.04063716
-0.03384785
0.03393500
-0.03293681
0.00627988
-0.00422495
0.03239058
0.03727214
-0.01682538
-0.04868000
-0.00912781
0.04417169
0.05206507
-0.01694844
-0.04347451
0.01547849
0.00394270
0.00972483
0.02620598
-0.00173010
0.01290660
0.03665049
0.05248192
-0.00566220
0.01129646
0.02968350
-0.04057031
-0.04747204
-0.02452880
0.00626497
-0.04633443
0.04945043
-0.01834883
-0.03973927
0.04341814
0.04020935
0.01419913
0.00468277
0.03073766
-0.01512254
-0.01525707
-0.04047780
0.00974934
0.01150256
-0.01465605
-0.01812748
-0.00798815
-0.05256104
-0.03434934
-0.00081008
-0.01430962
0.04746210
-0.02894425
0.03976980
0.01200777
0.01292113
0.04398914
0.00683771
-0.05379445
0.06212495
0.00564621
-0.03878311
-0.02816908
0.01364615
-0.02103500
0.00814392
-0.02939126
0.04786630
0.01778292
0.04052499
-0.02460282
0.01957946
0.03258388
-0.02875328
-0.03639648
0.03240934
-0.03061860
0.02636344
0.01252238
0.03967322
-0.00726606
0.04260563
0.01816967
0.00417282
0.01023170
-0.01469306
-0.02178109
-0.02796929
0.04659450
-0.02452222
-0.02774332
-0.00712092
-0.00382464
0.03826512
0.02651494
-0.01114986
-0.03492259
0.01125063
-0.04473173
-0.00509421
0.05513038
-0.00997223
-0.00174551
-0.05082676
-0.04862056
-0.02444148
-0.04878851
-0.02440599
-0.01752353
-0.00651775
0.04847405
-0.01948597
-0.03839088
-0.00439273
-0.00539150
0.01600832
-0.02852573
-0.04830614
0.02613526
0.04326971
0.04277410
-0.03199214
0.00256536
-0.04270304
0.04307255
-0.01517645
0.00533232
-0.04743107
-0.01702872
0.00534176
0.04334807
-0.00165128
-0.03625236
-0.01501513
0.01018278
0.02834302
0.01423561
-0.01746272
-0.01009260
0.01465948
-0.02338533
-0.00428603
0.00460498
-0.04467257
0.00484387
-0.00084853
-0.00114243
-0.03020345
0.03401071
-0.04565754
0.04270839
0.01055061
-0.01253768
-0.02959900
-0.00701547
-0.04209084
-0.02027345
-0.04028649
0.00181206
0.03411017
-0.01732091
-0.04823887
-0.00848563
-0.00940825
-0.01956409
0.00011163
0.01199765
0.01648295
-0.03965248
0.03902352
0.01301896
0.02712594
0.02461729
0.00589404
-0.04435419
0.03065182
-0.01789873
0.03742505
0.02050058
0.02801449
0.02546197
0.03497500
-0.00155561
-0.00969708
-0.02855389
0.01858579
0.00022596
-0.02369504
0.00358671
-0.04355852
-0.04005031
0.01982394
0.01055396
-0.01959919
-0.02348653
-0.00384943
0.03111445
-0.00619051
-0.01238234
-0.02674874
-0.02309388
-0.02640927
-0.03039529
-0.04544848
0.01270818
-0.03938617
0.01867485
-0.03269625
0.03300603
0.02023415
0.04052785
-0.02521487
-0.03819523
-0.05477609
-0.00117746
-0.03905259
0.01856752
0.01515273
-0.01650374
0.02254278
-0.01280810
0.00841764
0.00299342
-0.04743915
-0.01819439
-0.00235206
0.04185158
-0.00379255
0.04273944
-0.02800201
0.04218768
-0.00760900
0.03547217
0.04737096
0.02684688
0.02341748
0.01521285
0.04613017
0.04884401
0.05051557
-0.00987247
-0.03278245
0.03184707
-0.01421348
-0.04146395
-0.00039099
0.00351741
0.02852923
-0.02566352
-0.01948697
0.03864423
-0.02269633
0.00376843
-0.04048939
-0.02293863
0.03408669
-0.00112209
0.02248225
-0.03201847
-0.01787268
-0.01413383
-0.03823270
-0.02004278
-0.02867360
-0.03333623
-0.04806570
0.02552087
0.01616390
-0.01616766
-0.03344048
0.02974923
0.03065319
0.01333902
-0.03320752
-0.00664999
-0.04819641
0.01180765
-0.04456691
-0.04933607
0.01463708
-0.04899200
-0.02483164
0.01665654
0.03093573
-0.04579988
0.04102335
-0.04976344
0.00800824
0.01102336
0.00536678
-0.03093181
-0.03459098
-0.03183088
0.00844174
-0.00648136
0.01243086
-0.03660890
0.01530788
0.01790100
-0.01096570
0.04365642
-0.03923862
0.04607935
-0.02364165
-0.00351406
0.01665912
-0.00798918
0.04232069
0.03803900
0.02078966
-0.04275507
-0.03538343
-0.02887769
0.02603859
-0.04329903
-0.04268843
0.01091889
-0.03943842
0.00581561
-0.03267823
-0.02339533
-0.02490050
0.02288660
-0.04155928
0.01007570
-0.04379091
0.03980363
0.00711540
0.00091858
-0.03251917
0.02973541
0.03557407
0.02676135
-0.01938438
0.03514129
-0.01733370
0.03269164
0.04214022
0.02292667
-0.00780135
-0.01004819
0.03499027
-0.01217843
0.01091327
-0.01190675
0.02285168
0.05104193
0.06306143
-0.04807417
-0.02016251
0.04468808
-0.00266733
0.04020178
0.04520646
-0.04602088
-0.03110278
0.01398761
-0.00261226
-0.00956032
0.01554959
-0.03788666
0.03897230
-0.04628652
0.03391014
-0.01867459
-0.05410236
-0.01456312
-0.04651238
-0.01857288
0.01305928
-0.04505257
0.02433004
0.04186131
-0.02765547
0.04903341
0.03656768
0.03604818
0.04127363
-0.01824065
0.04868374
0.00113513
0.00667757
0.03270496
0.03361274
-0.00755383
-0.02649479
0.02376140
0.04798324
0.00798333
-0.03623621
0.02207991
-0.01129002
0.01222058
-0.04542036
-0.03729898
0.00536898
0.04538029
-0.02150086
0.01336567
-0.02324175
-0.02760003
-0.03620673
0.02430148
0.02383194
0.00595303
0.00822556
-0.00262627
-0.04727940
0.03270322
0.00116138
-0.02903062
0.00791659
0.01547809
0.01363056
-0.03800084
0.01584731
0.01852691
0.00307760
0.01320795
-0.02225553
0.03758918
-0.01860814
0.03904765
0.02499802
0.01006900
0.03707524
-0.04772609
0.01467723
-0.01021175
0.01832694
-0.02121219
0.02420325
0.02644365
0.03105299
-0.05024287
0.02952682
0.03795871
0.02309267
-0.01658232
-0.01857919
0.02077732
-0.02521482
0.01276759
-0.01632828
0.00381508
0.01017647
0.01151440
0.02267936
-0.03778815
0.01276626
-0.01585008
0.02280623
0.03509535
0.00702982
-0.03888984
0.03312557
-0.00569716
-0.01514704
0.00349355
-0.03267785
-0.04903385
-0.02911927
-0.04345540
-0.01083293
-0.00463021
-0.01049216
-0.04436731
-0.02690708
0.01791843
0.01646935
0.03713513
0.01119697
0.03772305
0.02646022
0.01008742
-0.00610618
0.01329678
0.03934657
-0.03453846
0.01258087
-0.04724133
0.02501771
-0.03149977
-0.00784967
-0.02076107
-0.05278391
-0.01196798
0.00029701
0.02913316
-0.00845030
-0.01689999
0.02184531
-0.02544931
-0.02305431
0.02592220
-0.04254226
0.01450146
0.02956547
-0.01049617
-0.00176245
0.02962860
-0.04497839
0.01307253
-0.03667235
0.02463172
0.03829656
-0.00028404
0.02158102
0.01681293
0.01007959
-0.05209196
0.05604432
-0.01163063
0.02234240
0.03374949
-0.03492420
0.04171924
0.03521025
-0.00022933
0.02734214
-0.02220156
-0.03081929
0.00380303
-0.02032752
-0.00016026
-0.03144164
0.00778793
-0.03529520
0.00417617
-0.02144350
-0.03100049
-0.03830308
-0.00959345
0.00602349
0.08124094
-0.01733614
0.00860530
-0.00729984
-0.01597461
0.02435097
-0.04308148
-0.03933835
-0.02852146
0.00807687
-0.01472290
-0.00141933
0.04280191
0.02759929
-0.04143694
0.02637432
0.04083943
0.03555861
0.03245011
0.01207347
-0.02921118
0.04271698
0.04448184
-0.05221748
-0.03371606
0.01721858
-0.02754270
0.06918159
-0.00390828
0.00373622
-0.02802372
0.05052697
0.00386345
0.01568184
0.00242271
-0.00013245
0.03663655
-0.04629036
-0.05128735
-0.03662832
-0.00809566
0.00423776
-0.04088540
0.03089627
-0.04152956
-0.00477569
0.04312905
-0.01881118
0.00679793
0.01819861
-0.02227760
0.01488455
0.00848115
-0.01204628
0.04716383
-0.02459170
-0.04950238
0.01003241
-0.03300939
0.01832516
0.06004165
0.05961270
0.03759877
-0.03294105
-0.02676499
-0.05020132
0.03553379
0.05274105
-0.00333900
0.02719644
0.02374473
-0.03838868
0.00835076
0.03938785
-0.03247831
0.02356465
-0.03476548
-0.02059854
-0.03518010
-0.01448116
0.02883410
-0.04620280
-0.03322664
0.00700446
-0.05151492
-0.04024700
-0.03643844
0.01135541
0.02601282
-0.00745669
-0.03600186
0.07770766
-0.03993399
-0.04281750
-0.00293660
0.00489282
-0.00011434
-0.02609334
0.02620415
0.03533857
-0.03798217
-0.00183398
-0.02783494
0.03629670
-0.04026935
-0.03034130
0.03931841
0.03989259
-0.01487789
0.00062952
0.03466830
-0.03446045
0.02493257
0.03297056
-0.00987373
0.05724357
-0.03409106
0.04588073
-0.06062932
0.05361197
-0.00852635
-0.04683796
0.00863772
-0.02764327
-0.01435760
0.01434259
0.04979811
-0.02818050
0.00693793
0.04154561
0.00779823
-0.03878618
0.03729847
-0.01036842
-0.03017836
-0.05655913
-0.04383918
0.01701874
-0.03973475
-0.04929039
0.03572256
0.02356873
0.06196693
-0.04717934
-0.01484089
0.03668949
0.02311509
0.03290443
-0.04126427
-0.02105054
0.03424244
-0.02407713
-0.02758898
-0.01148359
0.01761953
0.02803368
-0.02417174
0.00583216
-0.01253355
-0.00128116
0.04971699
0.01546876
-0.04764614
0.02400867
0.05070288
0.00799691
-0.01003057
-0.02002718
-0.03578384
-0.00537887
-0.02671879
0.01358788
0.00160182
0.03391029
-0.03493912
-0.00704561
0.03783691
-0.04626118
0.02990024
-0.00779719
0.02784687
-0.00950121
0.03671973
-0.05726737
0.01025115
0.00011307
-0.01450807
0.00756327
0.03307066
0.00118470
0.04562253
-0.00486437
0.02809012
-0.03880122
0.00993675
-0.00271889
-0.01411447
0.08218298
-0.00130897
-0.01426859
-0.03107296
0.04759871
-0.00850280
-0.04866489
-0.06116533
0.01035272
-0.03086082
-0.02499807
0.02257720
0.02936768
-0.01515378
-0.01648076
0.00250659
-0.03882203
-0.03240409
0.02527315
0.02045065
-0.02561639
-0.00169067
-0.02242658
0.05873967
-0.01610087
-0.01566283
0.03220723
0.03188054
-0.02728324
-0.03539636
0.00356061
-0.03768478
0.02011537
-0.00021868
0.00199520
-0.00219171
-0.03764904
0.06343552
0.04948275
-0.03273275
-0.00779512
-0.02110494
0.02221253
0.05101418
0.02982120
0.01768292
0.03202494
0.01049781
0.02142465
-0.08742984
-0.04569111
0.00423636
-0.00937171
-0.06223327
0.00974166
-0.03718478
-0.00364464
0.00863895
-0.01012529
-0.05225376
-0.00429139
0.01012031
-0.02071830
0.02049320
0.00639050
-0.00507647
-0.03509660
-0.03651220
0.03039543
0.06547688
0.04415366
0.06233282
-0.00584206
-0.02074949
0.04550983
-0.00199857
0.00829676
-0.01307879
0.02526878
0.00072878
0.04080320
-0.04001926
-0.03949285
0.02126553
0.05794834
0.04387633
0.05714022
-0.02296951
-0.01613535
-0.01644011
-0.03226945
0.00138007
0.03555915
0.01596179
-0.02414430
-0.02396765
-0.04147565
-0.01187116
-0.01011708
0.02744414
0.02245391
0.03861075
0.02459569
-0.04169445
-0.00239111
0.03309584
-0.01322881
-0.01774884
-0.00693851
0.01944308
0.01422492
-0.06554212
-0.04107139
0.01047070
-0.06455609
0.00986319
0.00699087
0.01402394
0.04084932
-0.03309898
0.02444702
0.04968060
-0.03939712
-0.00006246
0.02669133
0.02741898
0.02464694
0.08568484
-0.00819694
-0.02881658
0.04922682
0.04937568
-0.01714161
0.02238959
0.04936215
-0.03822761
-0.00490914
-0.03581619
-0.00805559
0.02971556
0.01118928
-0.01803665
0.02114302
0.07902823
0.01095637
-0.00742903
0.04669088
0.02343987
-0.03497552
0.03082597
-0.00644715
-0.00153451
-0.02639554
-0.01726504
-0.02594131
-0.03730027
0.02632526
-0.03811064
-0.03677787
-0.00293690
0.04699976
-0.01378925
0.02957986
-0.04633542
0.02366476
-0.02637965
-0.04168818
0.02665001
0.04249277
-0.02699189
-0.03732868
-0.03033730
0.04956960
0.02362064
0.07323139
-0.04334962
-0.02012486
-0.02878853
-0.05724690
0.07374983
0.04493273
0.00047014
0.00176467
-0.05408982
-0.04031218
-0.00868643
-0.01493410
-0.00975661
-0.01039960
-0.02069291
-0.02484950
-0.03813526
0.03489339
0.07659679
0.08773750
-0.00679934
-0.04902491
-0.02324749
0.05910001
0.05691713
0.03112541
0.00955757
0.00482824
0.04288749
0.04404303
0.07225315
0.05753471
0.01489089
-0.06542398
-0.04138463
0.07948308
-0.02006906
0.08255274
0.01280848
-0.00983392
0.01287872
0.04597886
0.02171188
-0.01423884
-0.02009863
0.02551140
-0.03069398
0.01012022
-0.04161631
0.00623493
-0.05588652
0.04458750
0.02031764
0.03659514
-0.01025694
-0.00373373
-0.01241125
-0.06252711
-0.02467206
0.00905987
-0.02649523
-0.03926300
-0.04473658
-0.04337838
-0.00909050
-0.01330725
0.00557611
0.01772750
-0.03216206
0.01807605
-0.02798680
-0.02495918
-0.03110594
0.03521612
0.03668144
0.04541681
0.04510744
-0.05575611
-0.01628856
0.00551123
-0.04990955
-0.03340045
-0.00149145
0.00527113
-0.05353637
-0.02893223
-0.00292327
0.02692765
-0.03293169
-0.00780797
0.02707527
0.07389838
-0.05097393
0.04913493
-0.02865067
-0.05130528
0.01270546
0.07920118
-0.05018993
-0.04435895
0.02278558
-0.05045984
0.08360621
-0.00856180
-0.03398536
0.03130211
0.03675689
0.00080142
-0.02749319
0.01066706
0.03902829
-0.02971156
-0.01912083
-0.02929583
-0.01115757
0.02368105
0.01114879
-0.02063493
-0.04747992
-0.04396620
0.01005794
-0.01247215
0.03026582
0.00896915
0.03122352
0.01924560
0.02752554
-0.01450607
0.00665270
-0.03974432
0.04680640
-0.00934619
0.01643068
0.03003960
0.00494707
-0.01761098
0.00872700
-0.02683580
-0.04523879
0.00925880
0.04300891
-0.02269867
-0.04111287
0.00364875
0.03636760
0.00508803
-0.05820903
-0.04978674
0.02416535
-0.04433004
-0.06814967
-0.00866804
0.01384265
-0.00783953
0.00754592
-0.02451622
0.04262558
0.05354207
-0.04011103
-0.03443063
-0.03518665
-0.04790173
0.01303982
-0.02341205
0.01402484
-0.04986655
-0.01225995
-0.01997194
0.04683367
-0.02080560
0.01490006
0.00190637
0.01041772
-0.02207994
0.00232472
0.02725478
0.04629249
0.07628053
0.00599380
0.03270231
-0.00592630
-0.01854872
-0.01458404
0.04985692
-0.02975248
-0.01312728
0.05210498
-0.00050884
-0.01083582
-0.03157172
-0.01560903
-0.00986339
-0.01433412
-0.03197686
0.03153044
-0.02416842
0.05334817
-0.03533386
-0.01406684
-0.02986486
0.06609710
-0.00460403
-0.00548766
-0.02675861
0.01286154
-0.04655254
0.03105981
-0.03860613
0.03630647
0.00773152
0.00669938
0.01895230
0.01522204
-0.00046457
-0.02259420
-0.04025651
0.04729435
0.00567698
-0.03843943
0.00041156
0.00822781
0.03545453
-0.03876635
0.00053369
-0.04327443
0.00933776
0.04046956
-0.00514809
0.04175605
-0.03588087
-0.00872508
-0.04673588
-0.04781223
-0.00974290
-0.03862354
-0.03237692
-0.04540784
-0.00975091
-0.03083735
-0.03692180
0.04219883
0.05429071
-0.00403672
0.00945353
-0.01003035
-0.02573788
0.04904639
0.01357691
0.06009123
-0.02647083
0.05545368
0.01355539
-0.04802053
-0.04612009
0.01710308
-0.00341118
0.00755915
0.04557556
-0.01397108
-0.00052316
-0.04262413
-0.00439629
-0.04553890
0.02361247
0.01708977
-0.01940375
0.03932998
-0.00863292
0.06171205
0.01080753
-0.02182585
-0.03236772
-0.01809719
0.01350052
0.00638514
0.00245616
-0.00642772
-0.04077796
-0.02669691
0.03702968
-0.03632167
-0.02685709
-0.01878494
-0.01809163
-0.01404090
0.00580925
-0.04486508
0.02331433
-0.01625763
0.04296194
-0.01210739
-0.02438671
0.04184142
-0.01807295
0.05854484
0.02211590
-0.00340347
0.02425039
-0.04558041
0.04877795
-0.02797240
0.03871401
0.01591526
-0.03820435
0.05280217
-0.01339015
-0.01266532
-0.04361913
0.02763923
-0.02286248
-0.01374572
-0.00499335
-0.01031024
0.03510473
0.01276381
-0.00852309
0.03256046
-0.03215512
-0.04786345
0.02257216
0.06581031
0.02469970
0.02294693
-0.02216436
0.04370742
0.03411712
0.04664588
0.05380799
-0.02213206
-0.05954973
-0.01884790
-0.05396838
0.03442156
0.02746956
0.03650343
-0.01927881
-0.03736023
-0.02865729
-0.04865145
0.02414144
-0.03904264
-0.03706074
0.03533584
0.04967308
0.02350137
0.00614478
0.01602832
-0.03163130
-0.03586082
0.01633152
-0.00077821
0.01538866
-0.02812211
-0.05783164
0.00607381
0.03381998
0.01025434
-0.03427141
0.03287498
-0.04155671
-0.04382128
-0.04872221
-0.01062612
-0.01763169
-0.01936636
-0.02817230
-0.04137716
-0.01940279
0.05436447
0.02625728
-0.00118690
-0.04944671
0.02745935
-0.03673292
0.00999006
-0.02952463
-0.04638759
-0.04405977
0.00907431
-0.02262706
0.04621286
-0.04168337
0.02944347
0.03923668
-0.03125210
-0.01839135
0.04968164
0.03749767
-0.00993005
0.04095940
-0.02202687
-0.04944269
0.00245419
-0.00300253
-0.00847436
-0.02398320
-0.03750941
-0.00758671
0.04355096
-0.00829972
-0.00546101
-0.03181994
0.00052732
-0.02703505
-0.00005426
0.01474491
-0.01571587
-0.00979683
-0.03291728
0.02660460
0.03534182
0.01555865
-0.04823181
-0.03811062
-0.03330116
-0.00578336
-0.00184339
-0.02423933
0.01202560
0.03583377
0.01825533
-0.02281404
0.00133777
-0.02935289
-0.03382710
0.03219167
0.04760652
-0.02041315
-0.01893538
0.03180197
0.04861370
0.03428890
0.01110245
-0.03195422
0.01692734
-0.01318686
0.00098505
-0.03535749
0.04712068
0.02883078
0.04134731
-0.04904707
-0.00923695
-0.04663134
-0.03873209
-0.03729151
0.01408256
-0.02047538
0.02369554
-0.03351205
0.03024826
0.02989933
0.01819146
-0.04924472
-0.02382078
0.03313514
0.02686588
0.01449652
0.00898087
-0.02052620
0.00416796
0.01057694
0.01785849
-0.00699001
0.01978759
-0.02537086
-0.02668138
0.01706253
-0.01567597
-0.04717782
0.04265548
0.00155868
0.04861066
-0.04368895
0.00602015
-0.02935646
-0.03777098
-0.04953227
-0.02317649
0.00021123
-0.03567796
-0.00343523
-0.04794124
-0.02790868
0.01896221
-0.00188515
-0.00034553
-0.03684546
-0.03235551
0.04519467
-0.03936394
-0.01038546
0.00535324
0.03951426
-0.00867389
0.01664452
0.02362568
-0.02231548
-0.04492709
-0.04666051
-0.02533505
-0.04747505
-0.02584299
0.03649211
0.03370295
-0.04475387
0.02724939
-0.00639780
0.04851180
0.04481487
0.01267530
0.01298715
-0.01885833
-0.04881329
-0.00886599
-0.02436608
-0.04778821
0.03385738
-0.04382353
0.00591992
-0.01200870
0.00511064
-0.01431372
-0.02986181
0.00857288
-0.02450732
-0.01639400
0.01361017
0.01473965
0.00086519
0.02270221
-0.04237849
-0.03345164
0.01039104
-0.04353507
-0.01747498
0.03493427
-0.02059732
-0.04425767
-0.02509071
-0.01720789
0.01000206
-0.00650566
0.04831029
0.02872941
-0.03029149
0.03546583
-0.01310239
-0.00649650
-0.04877498
0.00755021
0.02476946
-0.00067443
0.02147056
-0.01498685
-0.01790169
-0.03399401
0.00852857
-0.04393255
-0.02490423
-0.03383828
0.00894138
-0.00473001
0.00227077
-0.04563925
-0.02133612
-0.04345067
0.01232805
0.00961274
-0.03846743
0.02412211
-0.01739781
0.04718257
0.02068340
-0.00402740
0.02400370
0.03431385
-0.04866702
0.03911633
-0.02316780
0.00002738
-0.04806479
0.02351293
0.02339653
-0.00427628
-0.01527545
0.00549787
0.03536443
0.02080653
-0.00499641
-0.04352228
-0.01950497
-0.04765975
0.01471822
-0.03746735
-0.00973464
-0.03019831
-0.03448794
0.03841865
0.02857765
0.01735272
0.04148702
0.03522782
0.04625843
-0.04672435
0.02223517
0.03362117
-0.03257022
0.00310832
-0.00652248
0.04484949
0.01096704
0.04077434
0.04632977
-0.02572588
-0.00668632
-0.03625076
0.00811797
-0.01847967
-0.00899834
0.02226182
-0.03524811
-0.04622139
0.00778463
-0.00081181
0.02648388
-0.02396743
0.00811321
-0.04442409
0.04384803
0.03011701
0.03751920
-0.03812111
-0.00045651
0.02279670
-0.02941651
0.02678182
0.00970401
-0.01178877
-0.03335480
0.01784207
0.02495010
-0.02307900
-0.04500381
0.02389014
-0.03985785
0.00499047
-0.05501834
0.02911450
0.00975812
0.01017507
-0.00402790
0.02411564
0.00548106
-0.04572310
0.03362917
0.02979844
0.00096050
-0.01527835
-0.04829678
-0.03226186
0.03292146
-0.04136992
0.04119418
0.01686340
-0.04021838
-0.00721803
0.03565388
0.00786374
-0.02975127
0.01886177
0.02810617
-0.01291240
-0.04252514
-0.03825316
0.01220442
-0.04549697
0.00795185
0.00682244
0.01060411
-0.03862848
0.00832862
0.00604989
-0.05284832
0.02873842
-0.03743837
-0.03903113
-0.03303007
-0.03941993
0.00567150
0.01884856
0.00569110
-0.00372902
-0.01893691
0.01086536
-0.01859597
0.01061995
-0.00144655
0.03960583
0.00674180
-0.05279918
0.04346926
0.02729408
-0.01299179
0.02546104
0.03616191
-0.02920195
-0.00284863
-0.02738277
-0.02570314
-0.01466317
-0.01909137
-0.00661314
0.03005566
0.02833363
0.04239066
0.00999888
-0.00271902
-0.02544009
0.03070371
0.02428405
-0.04995230
-0.02697351
0.01050250
-0.01066129
-0.00313261
0.04817540
-0.01545145
-0.00703911
0.02268165
-0.01453299
-0.01134395
-0.00944643
0.00829500
0.02653168
0.02860735
-0.00434999
0.01395685
0.04048002
0.02499399
-0.04428352
-0.01671493
0.00238157
-0.03412846
-0.01913181
-0.02098312
0.02704173
0.01343687
-0.02154665
-0.00312942
0.02212599
-0.04132903
-0.04747854
0.01950211
-0.03849482
0.00709319
0.00469994
-0.03821127
0.03286525
0.02538233
-0.01257639
0.00536657
0.02126131
-0.03684218
-0.00464376
0.03389888
-0.00566870
-0.03955294
-0.03172977
0.02785991
-0.03095615
-0.02595537
0.03961765
-0.02243503
-0.00454358
0.00340190
-0.03170732
-0.01396175
-0.00806106
0.04091487
-0.02565380
0.01006069
-0.02512149
0.02709659
-0.03566442
-0.05038369
-0.03751902
-0.01351698
-0.03128007
-0.00265506
0.01563436
-0.02532943
-0.05443418
-0.03148029
-0.02070512
0.04428758
0.02623813
0.01485112
-0.02547302
0.04127594
-0.02503674
0.01090079
-0.04341070
-0.01419103
0.03187258
-0.04814481
-0.03962835
0.02444023
0.02445318
0.03771348
-0.00537281
0.01632888
-0.02649911
0.00662570
-0.03121110
-0.02339401
-0.00995999
0.02886016
0.02514583
0.01457738
0.01839446
0.03531513
0.01716126
-0.01751489
0.04250536
-0.02250024
-0.01350470
-0.04259274
-0.00039284
0.00141557
-0.01631460
0.00438664
-0.00235426
0.00578724
-0.01995611
0.03501169
-0.04383006
-0.00630911
-0.02822999
0.03984070
0.04252635
0.02616937
-0.01781876
-0.03438763
-0.02210087
-0.01110722
-0.03811518
0.03046528
0.00660037
0.00417280
0.00332831
0.00004025
0.03623678
-0.00368658
0.00532389
-0.02158361
-0.00319821
-0.01950808
-0.04893509
0.03088563
0.00499130
0.01105234
0.04708964
-0.04472971
-0.01566972
-0.04843267
0.01607882
-0.01770497
-0.04340341
0.02326929
-0.01842713
-0.04599569
0.00553448
-0.03110638
-0.03723343
-0.03752034
-0.00501433
0.03533243
0.00218589
-0.00442210
-0.00428441
0.00776407
-0.03129385
0.01415616
-0.02877760
0.05442017
0.03099781
0.01285645
-0.02372995
0.02136170
0.01286162
-0.04744685
0.01544358
-0.01273933
-0.00963932
0.01427965
-0.04044204
0.00345257
-0.00746084
-0.02429697
0.01673883
-0.01950922
0.01275660
0.04444844
0.04779176
0.01948997
-0.00512650
-0.02992473
0.03309147
0.02096973
-0.02050513
0.02248693
0.02953398
0.01499352
0.01060772
-0.02460833
0.01869734
0.01563580
-0.04730343
0.04811678
-0.02319458
0.05061629
0.03482932
0.04190160
-0.04845918
0.06582575
-0.05660908
-0.02498511
0.03347789
0.04443909
-0.00129863
-0.02471165
0.00030346
-0.02731619
-0.04528857
-0.02434905
0.01424596
0.00040218
0.01734690
0.03413875
0.04790593
0.02064628
-0.01696048
-0.05276055
-0.00708761
0.03532580
0.00136190
-0.00848875
0.07230308
-0.03097888
-0.00853512
-0.00650615
-0.04554805
0.01457690
0.03519286
0.02458292
0.00233861
-0.04396071
0.01725671
-0.00950991
0.03757932
0.01891111
-0.03018824
0.03980265
-0.01828190
0.05475536
0.05561194
0.01399362
-0.01149658
-0.02616084
-0.03824417
0.02515776
-0.01202113
0.02815428
-0.02551000
-0.03007623
-0.04556048
0.03923133
-0.01490270
0.05394444
0.02657328
-0.00772477
-0.02412803
-0.04194574
-0.02756038
0.02498025
0.03808981
-0.03217334
0.02594489
-0.03683625
-0.02007610
-0.02054334
0.06267344
-0.00537418
0.03028628
0.03570018
0.03407684
-0.04278195
0.03403604
-0.00008108
-0.01213845
-0.00542341
-0.02683539
0.03079688
0.03372082
-0.02391062
-0.01372045
-0.03807549
-0.00159830
0.03521213
0.00411584
-0.02506876
0.05290405
0.01203583
0.00933238
-0.03758214
0.03382631
0.02198573
-0.03285265
0.01180592
-0.01836498
0.01305080
0.03779701
0.02003469
0.04229489
0.04274678
-0.02231353
-0.03715549
0.00152834
0.00382461
-0.01200450
0.03697346
-0.03397964
-0.01914212
0.04151563
-0.03136336
0.00139613
-0.01906701
0.03561726
0.04395026
0.00802398
-0.01214101
-0.03851584
0.07214437
-0.00566847
-0.02855320
0.06239826
0.00363416
-0.02184174
0.01385947
-0.03289746
0.02414462
0.04655377
0.00008649
0.00471300
-0.00511762
-0.00805291
0.03149944
-0.00606904
-0.01469682
-0.00759955
0.03796670
0.03898907
-0.04018096
-0.01181953
-0.03220221
-0.01126118
-0.02561893
0.02641856
-0.03096505
0.02114427
0.04819928
-0.01394343
-0.00905528
-0.02488665
0.01472087
-0.00296182
-0.00920459
-0.01703569
0.01977253
0.05173571
0.04190719
-0.04354128
-0.01167232
-0.03723802
-0.05407501
-0.03724692
-0.01535284
0.00978016
-0.01494806
0.03662243
0.00890174
0.00279033
-0.02619528
-0.00574757
-0.01021084
-0.02825770
-0.00294109
-0.01143239
-0.03694047
0.01021643
-0.01313161
0.03752920
-0.05102273
-0.04906830
-0.02909061
-0.00335207
-0.03723357
-0.05177626
0.01379902
-0.03298717
0.04831019
-0.00816770
0.00111359
-0.03737975
-0.00950872
0.00399027
0.00035804
-0.03868287
-0.00787365
-0.03184935
-0.00440863
0.02601317
-0.00313469
-0.06609669
0.02640557
-0.01753878
-0.04885868
-0.00835976
-0.01932720
0.04387668
-0.01724647
-0.03484461
0.00639371
0.02876323
-0.04859011
0.00290905
0.03293352
0.03677390
-0.03099751
-0.02732254
0.05587234
0.01993639
-0.00595922
0.02952028
0.01607580
-0.01468898
-0.04340503
0.03577035
-0.03338855
0.02449065
-0.00273672
-0.02227169
-0.02147201
0.06300872
0.04134941
0.00170342
-0.01973766
-0.02485929
-0.06442017
-0.01063613
-0.00078717
-0.01916416
-0.01036815
0.02826138
0.03573680
-0.06335805
-0.05772560
0.01043006
-0.01995427
0.00416451
-0.03611762
0.04061028
-0.00247934
-0.02416814
0.03518257
0.00700291
0.05406085
0.01721890
0.01438422
-0.01455883
0.04213148
-0.06712931
0.04727576
0.03292247
-0.03879739
0.00039989
-0.05043521
-0.04758783
-0.00664891
-0.00208036
-0.01459438
0.02896564
-0.03232354
0.00606890
-0.00403333
0.02040673
0.00292193
0.04074762
-0.03220249
-0.01421893
0.09207916
0.01104885
0.01908451
0.03426894
0.00173873
0.01033409
-0.01623889
0.00527659
-0.04553286
0.04799249
-0.00812101
0.02171357
0.00601290
-0.04942030
0.03180426
-0.00699916
0.01386137
-0.03965639
0.04798482
-0.04283831
-0.05600574
0.01536600
-0.02307126
0.00947467
-0.05721415
0.04633988
-0.03701318
0.04057644
0.02261946
0.02942025
-0.04256555
-0.04735007
0.05554610
0.00792245
0.01167336
0.00369220
-0.02478944
-0.03251432
-0.04161843
-0.03684519
0.02711810
-0.00391897
0.00162015
-0.01130607
0.01727390
-0.05337903
0.04603749
-0.01848615
0.02508456
0.02074840
-0.05039685
-0.02247559
0.02329940
-0.03390158
-0.02316509
-0.04595759
-0.04748051
-0.00973766
0.04816696
-0.03745717
0.01591363
0.02256047
0.02550977
-0.04856909
0.03069746
-0.02745824
0.00898490
0.01155526
-0.00237365
-0.04069610
-0.01946493
0.02585925
-0.03788335
0.00922167
0.04871476
-0.00996322
-0.02729397
0.02262419
-0.05460135
-0.01420608
0.02595495
0.01152423
-0.00935279
0.02746084
0.03526355
0.04353659
0.01979179
-0.03194105
0.03538147
-0.04590935
-0.01179110
-0.04873347
0.01497660
-0.02473666
0.02350506
-0.04647564
0.03322447
0.01951533
0.01435545
-0.00278296
-0.03692155
0.08829600
0.00905373
-0.01902520
0.03810946
-0.03989488
-0.05950288
0.04042004
-0.03596141
-0.01558226
0.02521190
-0.01879467
0.04911952
-0.00126301
-0.05366342
0.00786587
0.02575125
0.02462537
0.01441620
0.06511805
-0.04488248
0.04619423
0.03497853
-0.05720944
0.03504407
-0.03329669
-0.00415905
0.03211974
0.00822404
-0.04895785
-0.00500431
0.02294554
0.02038686
-0.00078964
-0.01398884
0.05258978
0.01404438
0.02756716
-0.03531292
0.01494020
-0.03835929
0.01346206
-0.05902971
0.00649699
0.02995457
0.04012375
0.04320459
0.04644995
-0.03330154
-0.03828994
0.00049637
-0.00981304
0.02210381
0.00189366
-0.01679960
-0.05451487
-0.00022253
-0.03103242
-0.00269396
0.00801184
-0.00057121
-0.00030893
-0.01857476
-0.02629419
0.02186111
-0.02192204
0.05406952
-0.01974152
0.00142866
-0.04317654
-0.04005001
0.05904267
0.00791179
-0.04643824
-0.02455909
0.04333150
0.01847864
0.01839286
0.04454371
-0.00886227
0.03184763
-0.00911922
-0.03229038
-0.03863816
0.02792062
-0.01237863
0.00407853
-0.04131819
-0.01491595
-0.04826101
0.03205492
-0.04304798
0.01831505
-0.05852317
-0.03425630
-0.02092294
-0.06014173
-0.00740956
0.07948003
0.02526493
-0.03863122
0.06766894
0.02473183
0.01145180
0.00684722
-0.01175680
0.03030855
-0.03112688
-0.05742830
-0.02680078
-0.00009343
-0.05216727
-0.01909379
0.01762592
0.06221929
0.00680786
0.00727458
0.04825218
0.02484303
-0.03905512
0.04921522
-0.00251980
0.02335981
0.04484297
-0.03853456
0.02292795
0.03511640
0.06480940
-0.03122690
0.03391533
-0.01904537
0.07338800
-0.01492988
0.01351872
-0.04425313
-0.03572838
0.06190779
-0.03008909
0.03732485
-0.04685911
0.02580218
0.02514883
0.05110666
0.01057428
0.03942791
0.06504796
0.00921578
-0.03427308
0.00170916
0.03783056
0.00827877
-0.01132722
0.05741705
-0.03956177
-0.01812176
-0.03601031
-0.01482962
0.01665057
0.03383042
0.05761646
-0.01834003
0.08493300
0.01071771
-0.00145028
-0.04018927
-0.05363046
0.06272908
-0.01080377
-0.04573992
0.01231025
-0.00892229
-0.00668758
0.04063356
0.00777021
-0.01633985
0.04823582
0.01493097
-0.02610509
-0.03613254
-0.02540465
-0.02915696
-0.03889992
0.04190032
-0.01277175
0.04151202
0.03781623
0.06083007
0.04072037
-0.02121035
-0.02042297
-0.05101138
-0.04002296
0.05345768
0.00368266
-0.02627934
-0.02122301
0.03934661
0.00314185
0.02004055
-0.04970338
0.03969669
0.05141681
-0.04811471
-0.00146846
-0.00793121
-0.03561884
-0.00867970
0.05015088
0.00060860
0.01518158
-0.00485326
-0.03694678
0.02680017
0.01900592
0.04506077
0.00450756
-0.04676003
-0.01661437
-0.02730882
-0.02476534
0.00162323
-0.04138007
0.00677293
0.01196230
-0.05148263
-0.00723338
0.03866501
-0.02763498
-0.01812553
0.03775245
0.01389580
0.04044214
0.05630746
-0.03242008
0.01372376
-0.03935802
-0.02010261
0.03749333
0.04177013
-0.03456610
0.02015789
-0.00782194
-0.03923370
-0.04728527
-0.02766013
-0.03304705
0.02818109
-0.00301430
0.00308917
0.00919969
0.00189651
0.01991362
0.02230296
0.04250299
-0.01464593
0.00621430
-0.01668938
-0.02408548
0.05702779
0.03333493
0.02219777
-0.01287669
-0.03635140
0.03610165
0.00037411
0.00136621
-0.06802318
-0.04194735
-0.01397248
-0.01042447
-0.02997336
0.00151200
0.03912404
0.01591812
0.01757264
-0.04740058
-0.03267452
0.02865342
0.02650617
-0.02172748
-0.02504435
0.02164054
-0.02727500
0.04807030
0.02969134
0.04631933
0.04451447
0.00340884
-0.04202117
-0.01546238
0.03533139
0.03470401
0.01880020
0.03828751
-0.04261529
0.04699324
0.05359521
-0.02452647
-0.01464893
-0.03390352
-0.04572286
-0.01864349
0.01062269
-0.04670258
0.03010261
-0.04329316
-0.00208594
0.04458134
0.01715699
0.01082418
-0.01125121
0.02418030
0.01354326
0.00638455
0.00215353
0.01228922
-0.02003993
0.02510505
0.02800777
-0.00284134
0.02255876
0.02696829
-0.04546276
0.00636256
0.00943314
-0.02095545
-0.03036167
-0.04931837
-0.00857068
0.00168176
0.03957614
-0.02530942
0.02309858
-0.04941301
0.02235326
-0.04426609
-0.05424659
-0.00628631
0.02689130
-0.06281681
0.00549934
-0.00340259
-0.03938511
0.00731052
0.01418132
0.03504211
-0.01628862
0.03655841
0.03731434
-0.02066213
0.01748314
-0.03241281
0.01653975
-0.00774590
-0.06153585
0.04924278
-0.01633010
-0.01436203
-0.01548542
0.01286208
0.01505646
0.00342728
-0.03741970
0.03763644
0.05449339
-0.05542684
0.03303367
-0.00950867
0.01093784
-0.06688496
0.01271019
0.04642671
0.00213883
-0.00028492
0.04017115
0.03804607
-0.00543509
-0.00683461
-0.01174730
0.03265193
0.00045696
0.03336511
-0.04308115
-0.02575099
-0.03520846
0.03173041
-0.02090555
-0.00342251
0.02626812
0.01497279
-0.00228787
0.01142425
0.02530640
0.01566006
0.01683607
-0.02060768
0.04033057
0.02226983
-0.00669037
-0.03537961
0.04284593
-0.03468169
0.03690194
0.01745613
0.02803977
-0.02870302
-0.03792478
0.00701810
-0.04745295
0.01792064
-0.02462305
-0.03598702
0.01028379
-0.02383643
-0.00402447
-0.01918027
0.03399059
-0.03615358
-0.02248187
-0.03989370
-0.02880826
0.05664793
-0.04675977
0.00085582
0.01214282
0.04790193
-0.02234417
-0.05563886
0.03413334
0.02171474
0.02959647
-0.04749380
-0.00387209
-0.03424640
0.06308118
-0.04982944
0.02747953
-0.03814989
0.01875585
0.00200399
0.04301008
0.02439964
0.00821012
-0.04281329
-0.02487456
-0.03620004
0.03987656
0.02221254
-0.01391461
-0.03242697
-0.01326100
-0.03051485
-0.02379320
-0.04088561
-0.03204063
-0.02976248
0.03643727
0.01524404
0.00358511
-0.00042253
-0.01153006
0.00277940
-0.02004235
-0.02870892
-0.03078755
-0.03657750
-0.01132751
-0.03968676
0.03951230
0.04528920
0.00512240
-0.01978709
0.03655243
-0.03313014
-0.02131668
0.03839884
-0.00827214
-0.00498470
-0.01202173
0.02920187
0.05851715
-0.02376716
0.01928716
0.03905806
0.00572996
-0.03637954
-0.03769390
0.01938520
-0.00309991
-0.02138342
0.01351324
-0.02890419
-0.02271522
-0.04684541
-0.05847963
0.00405820
-0.00557364
-0.00361345
0.00601162
0.00557808
0.04364339
-0.00067779
0.01666032
-0.02530038
0.01415676
-0.01524999
0.02755150
0.01545667
-0.06622893
-0.00614042
-0.03845079
0.02165372
-0.01428605
-0.06074183
-0.01852656
0.00130274
-0.03822263
-0.00371264
0.03645115
0.03982699
0.02059762
0.01922427
0.01968543
0.02649930
-0.02552600
-0.03772436
-0.01317523
-0.00194135
0.00924869
-0.06140883
0.04088774
0.00670425
-0.04732633
0.03665411
0.01285032
0.03483339
0.00014438
-0.01453039
-0.04536993
-0.02289928
0.00517969
0.01562960
-0.02090125
0.03746045
-0.02771535
-0.02668062
-0.02611205
0.04313925
0.03679282
0.02057167
-0.00036865
-0.00687303
-0.00967951
-0.02810945
-0.04837977
0.04339539
0.01213066
-0.00696331
-0.02347928
-0.04737794
0.03568187
-0.01141469
-0.05816798
-0.02703764
0.01320448
-0.03383080
0.00884270
0.00246057
-0.02592818
0.02608821
0.01781726
0.04968702
0.05184946
-0.01918920
0.02384090
-0.05525333
0.01781818
-0.02617087
-0.00047049
-0.00985327
-0.02700656
-0.01216099
0.03734997
0.06024436
0.02716119
-0.03728585
-0.05340774
0.02008273
-0.01821551
0.02118386
0.04263303
0.03394659
0.03403712
0.04017260
0.04140256
-0.00228676
0.02517160
-0.02384947
0.02909988
0.05566112
-0.00876718
0.04354301
-0.00757008
-0.05893999
-0.00322068
-0.03869389
-0.03346122
0.06076303
0.01825430
0.00583797
-0.03355085
0.02053116
0.00071411
-0.00365042
0.04747019
0.03798409
-0.00833318
-0.04933518
-0.02274614
0.01726655
0.04046739
0.03326328
-0.04988954
-0.03323966
-0.03503765
0.00955777
-0.02878584
0.00122492
-0.00388532
0.00591244
-0.00682851
-0.00338479
-0.00252493
0.02123868
0.04706238
0.04978183
0.03491908
0.02297578
0.00537079
0.02711163
0.02423277
-0.03738030
-0.04801828
0.02436450
0.01860981
0.01076302
-0.00295446
-0.04669262
-0.01899648
0.03353626
0.04547069
-0.01972194
0.01406735
-0.04661413
0.04387117
-0.00555214
0.03001373
-0.01694138
-0.04577902
-0.04556160
0.00549245
-0.03739619
0.04002809
-0.00171759
0.03773960
0.02396624
0.00986121
0.02792472
0.02536447
0.03144355
0.02855505
-0.05023804
-0.00374119
0.03869436
0.00099142
-0.04657928
-0.02907733
-0.02147177
-0.02845488
0.04496985
-0.04641770
0.03122136
0.02597268
-0.04316477
-0.00953865
-0.00928548
0.01075815
0.00709571
0.00738632
0.03115537
0.01254646
0.01867521
0.03884623
-0.04703204
-0.00354204
0.02075639
0.01409572
-0.02632936
-0.03854276
-0.02260110
0.00388115
0.00394320
-0.01938917
0.01518751
-0.03269725
0.00888207
0.05245441
0.00420184
-0.01432151
0.05181306
-0.01920200
-0.01731628
-0.00502911
0.02303057
0.02203433
-0.03544569
0.04287044
-0.03261211
0.00546417
0.00825608
-0.01357147
-0.02903266
0.01764212
-0.02816902
-0.02604785
0.02867021
-0.00694374
-0.02433401
-0.04453500
0.00153705
0.01556793
-0.01485388
0.06030555
0.04554170
-0.00942053
0.05297380
0.03412711
-0.03805427
-0.01100750
0.02675616
-0.02471168
0.05073758
-0.01529472
0.04609710
-0.01813324
0.01898199
-0.06057592
0.03192883
-0.02573500
-0.01995331
0.00215979
0.01787508
0.04392645
-0.00734301
-0.02320375
0.03543561
-0.01299066
-0.04341241
-0.01632565
0.00829761
-0.03640043
0.03215666
0.00621752
-0.00888095
0.03758184
0.00333178
-0.00868679
-0.03741259
0.00058466
0.03366188
0.01771043
-0.02388410
0.00328925
0.01831937
-0.02092252
-0.03080163
-0.00634688
-0.02218752
-0.01326953
-0.03698069
0.01156533
-0.00353385
-0.00581798
0.02536169
-0.04708175
0.01952467
0.00115433
0.00752290
-0.03481465
-0.00657263
0.01141676
-0.02206559
-0.02556678
-0.00925759
-0.05312845
-0.01208533
-0.00182881
-0.01343452
0.00043223
0.03468368
-0.00410065
-0.04005025
0.04444848
0.00944840
-0.00104562
-0.03404748
0.02395424
-0.03767274
0.01258815
-0.00746734
-0.02054052
-0.00853482
-0.01303744
0.00667150
0.04469573
0.02186460
-0.04563991
0.01740994
0.04858292
-0.00185725
-0.02650713
0.02645309
0.03265684
-0.03300166
0.01708806
0.02646704
-0.04599005
-0.04543218
0.02432739
0.01307232
0.02325069
-0.02785121
0.02887983
0.00518384
0.03777744
-0.01789365
0.03715632
-0.04268597
-0.04542620
0.00574541
0.02972730
0.02902259
-0.01077968
-0.04553117
-0.03959052
-0.04242611
-0.04490574
-0.03277845
-0.03510952
-0.03437148
0.01850998
-0.03491033
-0.04843801
-0.02818179
0.02827848
0.00326272
0.01864908
0.04607576
-0.04729331
0.00087731
-0.04953812
0.03493044
0.02075596
0.00060827
0.06226651
0.04469917
-0.00972929
-0.04739102
0.00398159
0.02380403
0.00335299
0.01735593
0.00284268
-0.03414031
0.04672828
-0.05075318
-0.02176310
0.01008952
0.00961371
-0.02465910
-0.03941946
0.00050565
-0.00380992
-0.03791724
0.00745501
-0.00743951
-0.01597986
0.05937184
0.02281666
0.03234275
-0.02260908
0.00781252
0.04736310
0.00056005
0.02094236
-0.00864770
-0.04927197
0.02734575
-0.05304219
0.02464221
-0.01348495
0.00536420
0.01662423
0.02432458
-0.06143539
0.04500826
0.01960867
-0.02956163
0.02376607
-0.01806372
-0.01781613
-0.01882558
-0.04227109
0.03531309
-0.00810322
0.04083401
0.03279847
-0.04074453
0.05275752
-0.00605174
0.02843939
0.02311792
-0.02206357
-0.01002419
-0.00658643
-0.05760723
-0.02536129
-0.03170323
-0.00345181
0.02829646
-0.00177985
-0.00906359
0.00315473
0.04208220
-0.03571485
-0.01328516
-0.03642184
0.00928594
0.03107488
-0.01599576
-0.02426411
-0.01584521
-0.01556633
0.00550623
0.03450833
0.00224863
0.00860762
-0.03256918
-0.00020856
0.03378397
0.03624607
0.00509084
-0.03829942
0.00582518
0.02195318
0.01466666
-0.06719878
-0.03577521
0.01408299
0.00028852
-0.03382989
0.02371018
-0.02738064
-0.02262372
0.02112236
-0.05166090
-0.04694290
-0.04888645
-0.01583579
0.02749677
0.04084973
0.01542814
-0.01483933
0.05227064
0.02233010
-0.03392270
0.04101188
0.02855134
0.06022332
0.02321608
0.02657663
-0.04758018
0.00508944
-0.03622494
-0.02007701
-0.01998150
-0.03268017
0.03871237
0.03416325
-0.00964911
0.08951091
0.03506768
0.04157304
-0.03525269
0.05258886
0.03077802
0.00097590
-0.01908827
-0.00735345
0.01603368
0.01423099
0.03456519
0.01952162
-0.00599770
0.05407397
-0.05409763
-0.04787616
-0.02374542
0.04435941
-0.04200422
-0.00503858
-0.00411831
-0.04090595
0.01263858
0.03810464
-0.03180313
-0.01255994
0.03698772
0.03533527
0.02285703
0.02342137
-0.03520506
-0.02791035
-0.01656459
0.05275189
-0.02529567
0.00696395
-0.00983890
0.00759062
-0.03225653
-0.04444574
-0.00458350
0.01316999
0.02848235
-0.02016464
0.01776484
-0.01541236
0.00473501
0.00698936
0.02615737
0.03264014
-0.00855793
-0.02029981
0.00349309
0.04250559
0.01340507
-0.03818145
-0.05442180
0.03490295
0.02361065
-0.01353233
-0.03319225
0.04526637
0.03785919
-0.02208614
-0.02301348
-0.00753063
-0.04048799
0.02392635
0.03381559
0.04579090
-0.03938246
0.03809075
0.03830966
0.03790778
-0.05137752
-0.01458890
-0.01637347
0.07428936
-0.05351522
-0.05236300
-0.01997718
0.02379732
-0.01242865
-0.00816602
-0.01148368
-0.02147385
-0.00589527
-0.01696801
-0.02261147
0.01528087
0.03216656
0.05315627
0.04245086
0.02027861
-0.02271220
0.06741107
0.05608092
0.07292543
-0.04882183
0.01807703
-0.03133045
-0.03676785
0.00950085
-0.02926344
-0.02958328
-0.00363521
-0.04884422
-0.00322019
-0.03879746
0.01126756
0.03585780
-0.02082152
0.03912321
0.01923857
-0.04466010
0.00173569
0.03637768
-0.01556040
-0.04212990
0.04886515
-0.03113103
-0.02585512
-0.03581344
0.01818863
-0.02342754
0.03043959
-0.04387741
0.00014313
-0.04217874
0.04236921
-0.04193951
-0.01925265
0.04315803
0.03145882
0.04781064
0.05184176
-0.01109490
0.02063109
0.03329753
0.01358162
-0.04379063
0.02317042
0.00878946
0.01588935
-0.01486385
0.02236222
-0.06574945
0.02982394
-0.04681635
-0.04919310
0.00604427
0.06390432
-0.00312420
-0.01635679
0.01850673
0.04024654
-0.00653553
0.03743548
-0.01263334
-0.00954464
0.01023244
-0.00573720
0.04532174
0.04339119
0.02988353
0.00482408
0.04399981
-0.00548951
0.04816572
-0.00475304
0.04524123
-0.01993508
-0.00372748
0.06995967
0.02428154
-0.03074938
0.02664204
-0.01569119
0.05317547
-0.03623305
-0.04042098
0.01737496
-0.02166644
-0.06221057
0.04585058
0.02311270
-0.00521653
0.03159940
-0.01014165
-0.02717025
-0.03195153
-0.04475836
0.07936176
-0.02304387
0.03642963
0.00593034
-0.04176470
-0.02167549
-0.03513887
-0.03189845
0.03730678
0.01439979
-0.02569599
-0.00883474
-0.03697224
-0.03532523
0.03131428
-0.00803225
0.02070664
-0.00624019
-0.04401639
-0.07006653
-0.04894506
-0.01800099
-0.03464789
-0.03221701
-0.03786963
0.03543246
-0.00098649
0.00486773
0.06421421
0.01198989
-0.04883867
-0.02771609
0.01887598
-0.00309797
-0.04359860
-0.01711303
-0.01333877
-0.01598405
-0.02193737
-0.01841244
0.00112400
0.06993032
0.06976740
-0.01860174
-0.01814364
0.01427167
0.01020217
0.06034296
-0.02112952
-0.01137625
-0.02353159
-0.03919921
-0.01647292
-0.02967533
-0.01012021
-0.01310064
0.02380478
-0.01663496
0.02999963
-0.02600980
0.05219908
-0.01706767
-0.03201530
0.08412810
-0.04618724
0.04732221
-0.03491332
0.00411914
0.02184976
0.02566455
-0.00643726
-0.01889315
0.03430899
-0.01834881
0.01736967
-0.02804479
-0.04642677
-0.01810623
0.04717411
-0.02002379
-0.02956360
-0.02179057
-0.03148612
0.01476698
0.02272294
0.04476963
-0.03886978
-0.04766954
0.00700491
-0.01157940
0.01952967
-0.00496083
0.02093980
0.05201908
-0.01577931
0.06085223
0.00956968
-0.00253974
0.03056791
0.07645871
0.03744299
-0.04387993
-0.00377874
0.04348614
0.01989662
0.02562537
0.06711919
-0.01970799
0.04082350
-0.06294167
0.01093726
-0.01087948
0.02529973
0.04930225
0.01301202
0.04607980
-0.03402506
-0.01694904
-0.04460387
0.01334751
0.02663767
0.00344022
-0.04559474
0.03636886
0.03645079
-0.00263591
0.01527407
-0.01353313
-0.05288490
0.03491067
0.00178048
0.03294672
-0.00314925
-0.03251374
0.02208018
0.06165608
-0.02394931
-0.03319732
-0.03350455
-0.02388498
-0.01410832
0.04987548
-0.00855826
0.06479195
0.03586783
-0.04502796
0.04239617
0.04031140
-0.01874983
-0.00219290
0.01040861
-0.00189469
0.02283660
0.04119400
0.02080806
-0.04724045
-0.03344569
-0.03335538
-0.00082255
-0.00757258
0.04365619
-0.00259536
-0.02753503
-0.02422019
0.04457984
0.00888333
-0.02661994
0.03329961
0.02868534
-0.04548388
-0.00091029
0.02385894
0.00721773
0.02805091
0.00079961
-0.05969883
-0.02151366
-0.06696724
-0.03483893
0.00233824
0.00023291
-0.01401667
0.00796122
-0.03121885
0.01027722
-0.03009539
0.06162209
-0.00470479
-0.01826270
0.02608074
0.04546225
-0.04243047
0.03893679
0.05152761
-0.01790703
-0.04106305
0.00022793
0.03415488
-0.02842968
-0.02826636
0.00023710
-0.03802897
-0.02098152
0.03709542
0.00057654
-0.02881497
0.04340148
-0.03704124
0.05060671
-0.04275369
-0.00341605
0.00168472
0.00565220
-0.01304440
0.02821801
-0.02934019
-0.03451893
-0.02260490
0.02033440
-0.01873615
-0.03605212
0.03225169
-0.03415433
-0.05834257
0.02101222
-0.04671406
-0.05427459
-0.02780589
-0.01706508
0.03288024
-0.01081550
-0.00389034
-0.02245176
-0.00682493
0.01883628
0.00101053
0.02258260
0.02329979
-0.02702559
-0.00966862
-0.01388670
-0.01639197
-0.01963546
-0.06081324
-0.04372602
0.03215938
-0.00755519
-0.05004690
0.03118360
0.00196524
-0.03748109
0.02868206
0.05023213
-0.00796029
0.01468976
-0.01555694
0.00650502
0.00411174
-0.00667079
0.04175532
-0.02755079
0.02543932
0.03707176
0.02193382
-0.03242137
0.00698226
0.01165506
-0.02653640
-0.02541600
-0.00670531
-0.03302909
0.02997623
0.05188493
-0.02493445
0.05197892
-0.03699283
0.00729180
-0.01198135
-0.03078461
0.03821458
-0.03437337
0.03950499
0.02390885
0.03516993
0.00787476
-0.02423070
-0.01693529
-0.01142439
-0.06183212
0.00703003
0.04339050
0.00968477
-0.00684393
0.03704771
0.02443329
0.04561435
-0.04202295
0.01748304
0.01870694
0.02455727
0.03877094
-0.02253278
0.00674012
-0.04616412
0.03056266
-0.03531471
0.04559490
0.00836104
0.04331560
0.00630658
0.01210561
-0.04307306
0.00384942
-0.00399623
-0.00423501
-0.02101640
0.03491123
0.02144401
0.03095941
0.00094304
-0.01645204
-0.03927939
0.02988156
0.02953248
0.02124375
-0.04512466
0.02006878
-0.03498401
0.01552932
-0.04741605
0.04308802
-0.00577619
0.00607551
0.01838711
0.02692585
-0.00681554
0.03843145
-0.02842259
-0.03458168
0.02294087
-0.04738265
-0.01797884
-0.04450803
-0.00660870
0.06236904
0.01577463
0.00469434
-0.02477595
-0.01811908
0.01366383
0.00711629
-0.05753114
-0.04999021
-0.02046202
-0.00960838
-0.03321990
0.00856853
-0.01019038
-0.03459361
0.01690270
0.00307580
0.03765714
0.00974236
0.01156980
-0.04432021
0.01755618
-0.00766362
-0.01715705
0.00654574
-0.00236769
0.03632456
-0.04206521
-0.04254496
-0.01981002
0.04292522
0.02491575
0.02170292
0.03711268
0.02959798
0.00798201
-0.03475758
-0.03384852
-0.03598456
-0.01001081
0.00739030
-0.04217232
0.00332169
-0.01761851
0.02859084
0.04124074
0.01634383
-0.03841086
0.00577276
-0.00599892
0.04043945
0.02162768
0.05815785
0.01889649
0.04072864
0.01692250
0.02873291
-0.01008380
0.01614183
-0.02362982
-0.01357492
-0.06530398
-0.03364767
0.01605679
0.02756177
0.04632263
-0.03198566
0.03411533
0.02219206
0.03434613
-0.04436792
0.02891756
-0.05656332
-0.02807887
0.02528812
-0.03194955
-0.02539203
-0.01378403
0.03243833
-0.06067744
-0.03736942
0.00847631
0.01417001
-0.01152123
-0.04456861
-0.03321471
-0.02339646
0.03733072
0.04835199
0.02862588
-0.04305403
-0.01644356
-0.00996019
0.03587396
0.03669228
-0.04118552
-0.04424834
-0.04490707
-0.05025023
0.01517662
0.05263093
-0.01534357
-0.04614516
0.05435428
-0.04352579
-0.01749218
-0.00514036
0.01873859
0.01381944
-0.03705863
-0.04038053
-0.01367650
0.01481636
-0.01869186
-0.00551908
0.03540036
-0.02040732
-0.00848399
-0.01336317
0.04607238
-0.03058654
0.04731110
-0.04951670
0.03674895
0.04368489
0.00338503
0.00705978
-0.00958825
-0.00397045
-0.01270752
-0.03291717
0.01878210
0.04816027
0.02925305
-0.00676662
-0.03918540
0.00516020
-0.04486763
-0.02454286
-0.04801350
-0.05230728
-0.00035279
0.00912362
0.01298815
0.03789899
-0.03000630
0.01317630
-0.02998255
-0.03734419
0.00261960
0.03404538
-0.04945322
0.03745366
0.03939025
-0.02325799
0.05656800
0.04759462
-0.00913330
-0.03094556
0.00217118
0.00925067
0.04139791
0.01317885
0.02358233
0.01055743
-0.06080941
0.01161072
-0.00990993
0.04207287
-0.00838920
-0.02425960
-0.02420252
0.00047297
-0.02969751
0.02929785
-0.05121820
0.03300009
-0.01518733
-0.01344220
0.01852933
0.00603819
-0.03747573
0.03149790
-0.01175585
0.00285509
-0.00535152
-0.03774650
-0.00302141
-0.05216929
0.02977845
0.02773125
-0.04180200
-0.00348167
-0.01212539
-0.02990205
0.04465115
-0.02443471
0.04251246
-0.02390962
0.04895446
-0.00392939
-0.02950611
-0.01257706
0.00738212
0.01070464
-0.02439111
-0.04161309
-0.04048764
0.01424487
0.05224562
0.00131516
0.03202518
-0.01983315
0.00525133
0.03656202
0.04072538
0.00623087
-0.01601702
0.01440624
-0.02359624
-0.03072381
0.00827924
-0.01563252
-0.03038796
-0.02161989
0.00367920
0.01840240
-0.05027333
-0.03951444
0.02730056
-0.01542345
-0.01735106
-0.03802784
0.06380757
-0.00742152
-0.01089526
0.01132781
0.05477279
0.05256513
0.00541450
-0.00746838
0.01402873
-0.01192717
0.04966737
0.00322359
0.03776293
-0.03010765
0.02247925
0.01153027
-0.04369644
0.03428071
0.02633994
-0.04003172
-0.00799076
-0.00328959
-0.01845508
-0.00653600
0.00089304
0.02025416
-0.02709769
-0.01121557
-0.02934322
0.06749929
0.04880235
-0.01335785
-0.04296259
0.04049319
0.00833644
-0.03044772
-0.02518673
0.04320030
0.06259026
0.03027022
0.02326262
0.04042607
0.00742706
-0.04506212
-0.03876082
-0.04620787
0.02257961
0.01374871
0.06359101
-0.00285014
0.02218263
-0.02408400
-0.04283363
0.03241513
0.02071339
-0.03018592
0.04051816
0.02186414
0.02065711
-0.03130280
0.04009735
-0.01316763
-0.00084080
0.02091472
0.01651570
0.04238090
-0.02428945
-0.03689401
-0.05492944
-0.02469905
-0.00515135
-0.01267237
0.01106646
-0.01902973
0.00443045
-0.02892639
-0.02662489
0.02343270
-0.03916001
-0.01439972
0.00589852
-0.04360695
-0.01023724
0.03809803
-0.00828286
0.01809833
-0.04125686
0.03974125
0.03139514
-0.02608150
-0.05733261
0.00325714
-0.01165234
-0.04959804
-0.00207569
-0.05248747
-0.02938365
0.02529930
0.02810772
0.00831522
0.01329765
0.00399817
-0.02609654
0.05170368
0.04463530
-0.00427670
-0.01704668
-0.00621801
0.04284802
-0.03066662
-0.04764279
-0.01286467
0.05280477
0.07463875
-0.00763130
-0.02508910
0.00374030
-0.04253725
-0.02512008
0.00517045
-0.03060144
0.01211707
0.04667006
0.01101474
0.01516453
0.03368601
-0.00146559
0.04355816
-0.02192046
-0.00476283
-0.01055199
-0.01877829
-0.00602256
-0.00888390
0.00312532
0.02866000
-0.00647909
0.00539410
0.04504573
-0.00639386
-0.04587312
-0.03283947
0.01069327
-0.01688129
-0.00673383
-0.02127344
0.00268519
0.01408967
-0.03006968
-0.04396391
0.02462850
-0.03647368
-0.01419040
-0.04536484
-0.00129112
-0.04835777
-0.03362558
0.01880829
-0.04844137
-0.01377429
-0.04024558
-0.02421153
-0.02476024
0.00300257
-0.03736086
0.03369202
0.02701412
-0.01940376
-0.03966941
-0.00857007
0.02958053
0.01303984
0.03568174
-0.03190491
-0.03822928
0.01571268
-0.00948563
-0.02654011
0.02042759
-0.01990758
0.02296915
-0.05073954
-0.01546671
0.01517966
0.02163338
-0.01852593
0.00554656
-0.04019468
-0.01003943
-0.01755250
0.00156240
-0.00293431
0.04840795
0.00773354
-0.03192409
-0.01152039
-0.01354135
-0.04296147
-0.00052211
-0.02396300
0.04355733
0.00220015
0.02540454
0.03561993
-0.03166802
0.04321675
-0.02300425
-0.00729673
-0.01062257
0.00537307
-0.02425483
0.02029522
-0.05358296
-0.04604718
-0.00860179
0.03405267
0.00729347
0.02293654
-0.02628442
-0.00418313
-0.03701983
0.01688524
-0.00962213
-0.00793339
0.03358879
-0.01817842
-0.02218977
-0.02512020
-0.01401673
0.04877208
-0.04454302
-0.01970703
-0.00410649
-0.04311243
0.02166359
0.00230920
0.00346569
0.01323313
-0.00320076
0.04610698
0.00898755
0.02336184
-0.00405799
-0.03241381
0.00566946
0.02685937
0.04981411
0.01566034
0.04343040
0.01355491
-0.01937552
-0.00105425
0.01045840
0.01060373
-0.03175379
-0.00306944
0.03550588
0.03253105
-0.03343711
0.04626281
0.03565101
-0.04572246
0.02692912
0.00799337
0.01828055
0.02788842
-0.03042534
0.04488051
0.00036742
0.04422258
0.02422960
0.03432566
0.01367761
0.04498452
-0.01224783
0.01256274
-0.02302849
0.03749559
0.01839167
-0.03022605
0.03614459
-0.02710008
-0.01474284
0.01877931
0.02917071
0.02244593
0.04497735
-0.00433342
-0.03419539
0.00583541
-0.04718532
-0.04616937
-0.00771726
0.04186235
-0.03660796
0.02845557
-0.00355135
0.00357465
0.04285391
-0.00719059
-0.02682958
-0.02537982
-0.03864125
-0.04376448
0.02695809
-0.03830113
-0.01870738
-0.03353627
-0.00727371
-0.02840176
0.04517745
0.04746359
-0.01867902
-0.04456683
-0.02197227
-0.01011850
-0.00661032
0.02892429
0.00859074
0.00342714
-0.01401926
-0.03167812
-0.02168203
-0.03784583
0.02466989
-0.01495188
-0.03998184
-0.01874932
-0.02318295
-0.00988736
-0.02479561
0.03074624
-0.02778294
-0.03951885
-0.04758838
0.02856777
0.01737784
-0.01311412
0.03722755
-0.02310597
0.04548982
0.03202609
-0.00047514
0.00798716
0.03375563
0.02598760
-0.01665640
-0.00996608
-0.01978497
-0.00599161
0.04178444
-0.04820541
0.02782616
-0.00927132
0.04366837
0.04295771
-0.03392883
0.00052426
0.02549892
-0.03741205
0.00614862
0.02958496
-0.01949246
-0.04395618
0.00075862
-0.03061098
0.04654332
-0.03931546
-0.04282279
-0.01535422
0.03582704
0.04351848
-0.04588293
-0.00201545
0.00135607
0.02016324
0.04420805
-0.03965769
-0.04973508
-0.05127626
0.01143722
0.03593961
0.02997871
0.04467219
-0.01771239
-0.04217504
-0.01950121
-0.04798992
0.03581476
0.01358957
0.02777763
-0.02393225
0.02625697
-0.00939053
0.04475967
0.01353937
0.01477932
0.03184861
0.03591320
0.02944569
0.04799871
-0.00745084
-0.04102328
-0.01784183
-0.01258463
0.03746429
0.02440624
-0.00031224
0.00215150
0.04412129
-0.02988177
-0.04895092
0.04149520
-0.01429003
-0.00183405
-0.02912826
0.01018878
0.02316305
-0.03606962
0.01112770
0.01720620
0.00686658
-0.02693642
-0.00326942
-0.02024936
0.02326535
0.00992549
-0.03018241
0.00426460
-0.04719461
0.04317332
-0.00003073
-0.00356198
-0.02847070
-0.00890504
0.03329017
0.04150185
-0.03529829
-0.00366274
0.02673399
-0.00975309
0.01590907
0.01813740
-0.01527088
0.02007904
-0.04159446
0.04467530
0.00909947
-0.02056714
-0.03030696
0.03978091
-0.03972706
0.04987703
-0.01256447
0.03800087
0.00438127
0.00883258
0.00113505
0.02467638
0.03251245
0.04763870
-0.00206330
-0.01557298
0.02899387
-0.02176276
-0.02327384
0.00256796
-0.01388916
-0.02725657
-0.00539763
0.00835586
0.04744931
0.02445037
-0.04307533
0.01008555
-0.00014068
0.02888742
-0.05005151
-0.02490560
0.00973302
-0.00526173
-0.03786144
0.03430676
0.03607448
-0.04205905
0.01143626
-0.04590696
-0.04538197
-0.00866447
-0.01422714
0.01658356
-0.04413967
-0.01926803
-0.03876497
-0.02980916
0.01722636
0.02003959
-0.03302670
0.01383403
-0.01635498
0.01093025
0.02917041
0.02721953
-0.03315590
0.00495537
0.01878344
-0.00627378
0.03251590
-0.00883535
0.01222836
-0.00753222
0.03804288
0.04415727
-0.00115951
0.01807727
0.04567110
-0.01361220
0.01696079
-0.04406750
0.00248508
-0.02911175
-0.02747372
-0.03510917
-0.03976883
0.00929233
0.02328709
-0.00995311
0.01948801
-0.00135652
0.02115654
-0.03401941
-0.03013920
0.00432441
0.01980444
-0.04877032
0.01818877
-0.04770070
-0.03611102
-0.03609587
0.01911088
0.04366904
0.03089839
0.03468749
-0.04987042
-0.02186660
-0.03974379
-0.04882668
-0.03976198
0.04495879
-0.03732371
0.01485642
0.00533151
0.04490840
-0.04743368
-0.02729087
0.03414977
-0.00035282
-0.00863293
-0.00788054
0.02550169
0.00378448
-0.02904252
-0.03178893
-0.03777277
-0.00758605
0.04263373
-0.03910045
0.01013315
-0.01908343
-0.02071234
-0.02847614
0.02033929
-0.01700737
-0.04217823
-0.01395726
0.02258256
-0.01670652
0.02045138
0.00446595
0.00820236
-0.01856940
-0.03969668
-0.04447818
-0.02702781
-0.04702692
-0.01496806
0.03273572
0.01473782
0.03492516
-0.01856006
0.03256995
0.04889303
-0.01372753
-0.00598898
0.02643864
0.04586508
-0.02225634
0.00913492
-0.04299459
0.03053680
-0.01619539
-0.02885237
0.04902929
-0.02710381
-0.02729465
0.00353523
-0.04358571
-0.02230145
-0.03217069
-0.03566269
-0.02202842
0.04113345
0.02465018
-0.00540425
0.03715244
0.01366227
-0.04044962
0.00903846
0.03332559
0.03410862
0.03242397
0.04271115
-0.03754988
-0.01298745
0.01316924
-0.02996397
-0.02357090
0.03238230
-0.02525089
0.03578456
-0.02645019
-0.04568298
0.04087032
-0.04669020
-0.04259919
-0.03647526
0.02294880
-0.04829110
-0.04078710
0.03361049
0.00341495
0.04000932
-0.01177917
-0.03475712
-0.00800814
0.00323044
0.00636840
-0.05019726
0.02404515
0.03522398
0.01761856
-0.03261245
-0.01857659
-0.05007071
-0.00326308
-0.03675931
0.03415280
0.03069031
-0.00150396
-0.04774353
0.03556295
-0.02384023
-0.03200931
0.03678421
0.02837434
0.00218876
-0.00940984
0.03678002
0.04001492
0.03154262
-0.01183343
0.01696632
-0.04958055
-0.00237957
-0.00257751
0.00562436
0.03820010
-0.03974588
0.00802913
-0.02795566
-0.03867913
-0.00607957
0.02964845
-0.00785474
-0.04305708
0.03486775
-0.01960268
0.04125595
-0.04288190
0.03603808
0.02979597
0.00932525
0.03308353
0.02484377
-0.01276583
-0.02326281
-0.04298285
0.01115423
-0.04738358
-0.00782570
-0.04464809
-0.04504234
-0.00192255
-0.04709056
0.02432923
-0.00275490
-0.00218720
0.00125466
0.04823211
0.01701270
-0.01561336
-0.02555089
-0.02994227
-0.00167251
0.02824892
0.04507485
-0.04795250
0.01458564
-0.02599856
-0.00533193
-0.03415019
0.01558715
0.03747199
-0.04446222
-0.00986323
0.02079972
-0.01522493
0.01026388
0.03850665
-0.03334576
0.00333259
0.02234871
0.02053939
0.03186814
0.00323965
-0.04734171
0.01316874
0.01471056
0.03818156
0.00674494
-0.03451690
0.04679723
-0.01605992
-0.02690520
-0.03613251
-0.04706659
-0.00055049
-0.03344192
0.04326070
-0.02954135
-0.03718406
0.03364741
0.02832494
0.02146786
-0.00834600
0.03356314
-0.03583949
-0.01334908
0.02601283
-0.04820909
-0.01581451
-0.01205500
0.01076942
0.04062001
0.04536589
-0.00902553
0.01888667
-0.03390535
0.01999565
0.03193099
0.00041378
0.04183641
-0.04000532
0.03051000
-0.04304766
-0.03674321
-0.01089478
-0.04020638
0.01338969
0.02369570
-0.01730776
-0.04953329
0.01378906
-0.03029606
-0.04827332
-0.03158025
-0.02771100
-0.00066470
0.01394585
0.00725995
-0.02763588
0.02118181
-0.00173140
-0.03689230
-0.00914656
-0.04624420
-0.01946902
0.02119883
0.02330185
-0.00098111
0.04142944
-0.03420709
0.03162709
-0.00117676
-0.01377159
0.01381307
0.01945949
-0.01703525
-0.01040303
-0.01118265
-0.03026728
0.04767371
-0.01326067
-0.04279365
0.03473970
-0.03090856
-0.01047456
-0.00162601
-0.01547893
0.01207850
0.00244316
0.04002215
-0.04834247
0.01935107
0.01983559
0.03657930
0.00976522
0.03451750
0.02921298
0.03715678
-0.01003411
-0.01305485
-0.03668304
-0.00720523
0.00614420
0.02923906
-0.04221130
-0.02263644
0.02268908
-0.03569952
0.01681854
-0.04561247
0.00280860
-0.04474706
0.02458799
0.03264135
-0.04144736
0.03620450
-0.00732419
0.03497505
0.00521352
0.03102628
0.01175633
-0.03028841
-0.00617074
-0.02317780
-0.03017673
0.00395447
-0.05123794
-0.00552748
-0.02716025
0.00075343
0.01697627
-0.04277087
-0.01266318
0.03767440
0.03336642
-0.03271400
0.00303737
-0.00937542
-0.04292735
-0.02821904
-0.04183000
0.01834267
0.03188656
-0.00425083
0.01660669
-0.01664972
0.02536479
0.00219924
0.02841355
-0.03140194
-0.02581142
0.02946117
0.03654918
0.01772591
-0.03505520
0.03429729
-0.04627464
0.04222091
0.04780204
-0.03271113
-0.04892701
-0.01049088
-0.02428158
-0.01532216
-0.02026162
-0.00206109
-0.01366302
-0.03046394
-0.04388943
0.02539291
0.02449276
-0.01311665
-0.02002711
-0.03693750
-0.05061609
-0.03522828
-0.03709372
-0.03760150
-0.02777712
-0.00896161
0.02599666
0.01906056
-0.04739434
0.00490092
0.03546583
-0.01037370
0.02714532
-0.03794954
-0.02292568
0.01069619
-0.02844593
-0.04616643
0.00537357
0.04639794
0.04191290
0.01980620
-0.00375143
0.04387466
0.04957478
0.01122157
0.00997433
0.04271167
-0.02167856
0.01655107
0.04659500
-0.01822539
0.03507528
0.03527470
-0.04968811
-0.02435599
0.00150809
-0.03596525
0.00227631
-0.02325556
-0.04225102
-0.04203008
-0.04716316
-0.04517587
0.01628811
0.01872152
-0.01864920
0.01546866
0.03645188
-0.03507536
-0.01300060
0.04382571
-0.00150286
0.00051396
0.03093553
0.00371717
0.00480363
-0.00370304
0.03495773
0.04173150
0.01440177
0.03036273
0.03800642
-0.02585140
0.00876833
-0.01980034
0.01137209
-0.04058225
-0.04658327
0.01155827
0.02399534
-0.01313845
0.03151689
-0.03291764
-0.00988790
-0.03537494
0.01728532
0.01139299
0.00663387
0.01148639
-0.00826304
-0.00649152
-0.03137858
-0.03642793
-0.00695791
-0.02260977
0.02855916
-0.00696097
-0.04737297
-0.03355788
-0.02047049
-0.02561874
0.03921945
-0.04526450
0.02707206
0.02674086
0.01042062
0.00664637
0.01968671
0.04743410
-0.05281133
-0.02251563
-0.04255750
0.02552007
-0.02969082
0.00981011
0.03566676
-0.03763624
0.04872372
0.02395933
0.03383519
-0.03296764
-0.04836239
-0.03539857
-0.00367459
-0.04853463
0.03651193
0.02199372
-0.05172703
-0.01460118
-0.01487572
-0.01425011
0.01975519
-0.00363931
0.02653103
-0.00016478
0.03543883
-0.01556315
-0.00553319
-0.04460525
-0.00354133
-0.01976215
-0.04942444
-0.01934829
0.01738821
0.01598255
-0.00248288
-0.00173137
-0.02406359
-0.03942227
-0.03073771
-0.00061946
-0.02828375
-0.02070767
-0.03514062
0.00639492
-0.02773243
-0.03486836
0.02639356
-0.00112752
-0.02768381
-0.02114876
0.01726382
-0.01117093
0.00671831
-0.00868520
0.02719492
0.00685723
-0.01026719
-0.04718808
0.02651169
-0.01963754
0.00048157
0.00113102
-0.01550933
0.02308420
-0.04634513
0.04573730
0.00229327
0.01165953
-0.01241580
-0.01912267
-0.04357348
0.04330637
-0.01198575
-0.04342719
0.01364709
0.01982394
-0.02498812
-0.04326192
-0.02331564
-0.01573991
0.00735925
-0.03718663
0.00675401
0.03361804
0.02969047
-0.04461366
0.01246795
-0.04476059
0.03952324
0.03351926
0.00323019
0.02608932
-0.02084406
0.00837261
0.03200431
0.04350722
0.04264876
-0.00702650
0.04381004
-0.03377091
-0.03772674
0.02574172
-0.02299134
0.03774594
0.04613282
0.02792489
0.02023310
-0.01521341
0.03441583
0.01810054
0.02729914
0.00484796
-0.03065365
0.03795233
-0.04773388
-0.04166698
0.03012969
-0.00742898
-0.00462936
-0.01339228
-0.01802210
0.00389206
-0.00669822
0.00269473
0.00564454
0.01610542
0.02506040
-0.00849925
0.03506234
-0.02477503
0.03353391
0.02744631
-0.03991756
-0.00448457
0.00024609
0.00645606
-0.00540490
0.01547356
-0.00767932
0.03496662
-0.01765275
-0.01413090
-0.04358292
-0.01010857
0.01290651
-0.01739756
0.02280553
-0.03978284
0.02062945
0.02384750
0.02566506
0.01833574
-0.03305668
0.02997627
0.02003749
0.02887404
0.00948643
0.02908109
-0.00006443
-0.05705634
0.00130207
-0.02346537
0.01249356
-0.01572911
-0.02320645
0.04120312
0.04012832
0.03633662
0.02799715
-0.01922554
-0.05189224
0.03903319
-0.01796293
-0.01336110
0.04295653
0.08010174
-0.00914397
-0.00019343
0.01020909
-0.01154155
0.02794975
-0.02256737
-0.03876368
0.03249567
0.09307381
0.00361837
-0.01038556
-0.00365266
0.02029622
-0.00139082
-0.02527026
-0.02572645
-0.01171307
-0.01479116
0.02456050
-0.01405449
0.03147867
0.02712118
-0.00072262
0.04565262
0.06916457
0.00454465
-0.01656117
0.02458368
0.06676234
0.02938225
0.01001756
-0.01918879
-0.00355083
-0.01042369
0.03802350
0.05992780
0.01029662
-0.00618984
0.04938555
-0.03987631
-0.02112822
-0.03050250
0.03849967
-0.02822128
-0.02169319
0.01739836
0.03181912
0.00831758
0.04174429
-0.02774118
0.03477883
-0.07931183
-0.03757398
0.01915702
0.03456031
0.00644575
-0.01561295
-0.01740903
0.02410816
-0.07483937
0.03553745
0.09319840
0.04592656
-0.02946923
0.02573845
-0.02485428
-0.01684521
0.06841557
-0.02484196
0.08502166
-0.00765482
0.04226474
0.01392599
0.02389944
0.03360385
0.02937919
-0.06122638
0.01561976
-0.05706182
0.02793066
-0.01906656
0.03649041
-0.01638840
0.02284842
0.01682526
0.03862103
-0.02739389
-0.03198676
0.01922264
-0.06017876
0.02738431
0.02787650
0.03337807
-0.07116020
0.06393412
0.00822649
-0.02197769
0.04138786
0.02939373
0.05093000
-0.04992244
-0.02108160
0.01667708
0.00730043
0.03732206
-0.05021641
-0.07606851
0.04907715
0.00153647
0.00890382
0.07653970
-0.03815822
-0.02172810
-0.00077407
0.01076838
-0.01431811
-0.00169374
0.01015210
-0.02767078
-0.03170814
-0.00049356
0.06128258
0.00980218
0.02021872
-0.02895001
-0.05534525
0.06689104
-0.00666182
0.02671439
0.06751378
0.07235490
-0.01106967
-0.05294096
0.03774453
-0.01497572
0.00890789
0.03332698
-0.06528781
-0.04852849
-0.03191482
0.02905858
0.01588689
-0.04946720
0.00581988
-0.04305006
0.00307968
-0.03349571
0.00358531
-0.00029339
0.05004346
-0.05120597
0.04606317
-0.03014517
-0.01616623
-0.00218314
-0.00493740
-0.04340339
-0.00488076
-0.02229977
-0.00543757
-0.03075782
0.04495862
-0.04644328
-0.00749311
0.03712809
0.00441681
-0.07171131
-0.01816444
0.00667473
0.03925841
-0.03847733
-0.04316140
-0.06024945
0.07869846
0.09626093
-0.01174183
0.03572346
-0.01877028
0.07558747
-0.00209342
0.00796917
-0.04505033
-0.06162203
0.00242685
0.00162010
-0.04771663
-0.01285490
0.00639649
0.02485373
-0.00103493
-0.05278341
0.03461356
-0.07530966
0.03648327
-0.05068765
-0.02500932
-0.02776101
0.01817197
-0.07226145
0.05990485
0.02418767
0.01545658
0.00617144
0.01232730
-0.00075212
0.03968770
-0.04305595
0.00672440
0.02060357
-0.01844421
0.01860896
-0.01024171
0.06609674
0.00000727
-0.05231950
0.03753807
-0.04583595
0.01900158
0.00808428
0.00408694
-0.00533463
0.05045840
-0.01009279
0.02081423
-0.00894367
-0.04488504
-0.02368879
0.00882660
0.03846721
-0.04111530
-0.02034302
-0.04028985
0.04061322
-0.01800726
-0.05267219
-0.04346894
-0.00051191
0.03677747
-0.00799336
0.02944243
-0.04790853
-0.00957027
-0.04095196
-0.02801532
0.00290176
0.02725953
-0.04101365
-0.05540904
-0.04121698
0.02811494
-0.00033359
0.03901688
-0.04611481
-0.03642185
0.05881470
0.03941150
-0.02629847
0.04195949
-0.01215914
0.02990688
0.00512327
-0.03025717
-0.02326595
-0.02602375
0.00074680
0.02561428
0.03087599
-0.00247738
0.02597369
0.00917683
-0.03996795
0.00120866
-0.00644054
0.04208555
-0.06907496
-0.01331477
0.00958734
0.03724300
-0.00510083
-0.04241697
-0.05631701
-0.01768599
0.03849834
0.03583581
-0.03404328
-0.02580521
0.00978096
0.04741412
-0.00984338
-0.03915258
0.03164541
-0.05542710
0.02608318
0.03125682
0.01689886
-0.00594706
0.01434428
-0.02936561
0.01803443
0.03620263
-0.01779743
-0.01328644
-0.04354076
-0.02805502
0.00754092
-0.01411509
0.00596916
0.01350374
0.02929439
0.01893462
-0.01484314
0.04174315
-0.01691948
-0.02875328
-0.04891291
-0.02627572
-0.03795747
-0.03607129
-0.02139563
-0.03488627
-0.00021191
0.03094202
-0.01651095
-0.05085956
-0.02607359
-0.02803210
0.00197176
-0.03117527
0.01468070
0.06813002
-0.04264530
-0.00366699
-0.00393484
0.04417069
0.04593334
-0.00113685
-0.03977172
0.01361276
-0.01048231
-0.00323834
-0.00451304
0.03121228
0.02478122
0.00587448
0.05559751
0.05389069
0.03600962
0.01633927
-0.00821850
0.05429096
-0.03711055
0.02915489
0.04922621
-0.04816104
0.00553934
0.00688633
0.02898634
-0.03323592
-0.02017302
-0.01358002
0.01179561
-0.04749274
-0.02897450
0.03217231
-0.00963358
0.04414652
0.00249050
0.03303700
0.01771625
-0.00366900
0.02268419
-0.00982367
0.02060325
-0.01122779
0.04071957
0.01223664
-0.02153123
0.01112120
0.05118655
0.01530000
0.02402199
-0.02294230
-0.00946125
-0.04660843
-0.01878871
0.00040185
-0.00255683
-0.03566368
-0.02145729
-0.05612630
0.06134729
0.00884131
0.02313342
0.01607699
0.05512515
0.03532948
-0.03404240
-0.02390401
-0.04045584
-0.01559936
0.05178288
0.02843693
0.04056477
0.00239437
0.03685290
0.03660017
-0.04218458
0.03259524
0.04649624
0.01302725
0.07767905
-0.03081235
-0.00431134
-0.04715650
0.00347162
0.04748467
0.01190101
0.01885781
0.04499229
0.03634996
-0.02175579
-0.01267316
0.02609905
0.02039679
-0.03054773
0.03779678
-0.02025107
0.00620159
0.05647856
0.01022429
0.05518005
-0.02375205
-0.03551405
-0.01858819
-0.04693992
-0.01567088
-0.02840030
0.05165611
0.04070051
0.00839848
-0.01953826
-0.04951322
0.01138348
-0.02044769
0.01010825
0.01592412
-0.04575624
-0.02461886
0.04021645
0.00275096
-0.01041945
0.00128375
-0.03646436
0.04072158
0.03735463
-0.00555169
0.00255093
-0.04043610
0.00940229
0.01887786
0.03411544
-0.02023109
-0.05537042
-0.04495130
-0.01417997
0.03813363
0.01897950
0.03864831
-0.05615998
-0.04477364
0.00115533
-0.05140527
0.03834542
-0.01524373
-0.02853020
0.01354327
-0.04752056
-0.02618791
0.03826964
0.01340693
-0.04127459
0.02393394
0.06282424
0.03737424
-0.00561934
0.04785182
-0.00612643
-0.00945531
-0.00055435
0.04989899
-0.03837067
-0.02386591
0.06863447
-0.01507620
0.04372507
-0.04426861
0.01764964
-0.02220278
-0.02902179
-0.00891856
-0.01299025
-0.02592027
-0.00677248
-0.04902074
0.02262018
0.05117311
-0.00879080
-0.03740566
-0.01523134
0.01593769
-0.02234307
-0.00244669
-0.02741643
0.02610627
-0.00159571
0.01924044
-0.03268344
-0.00981293
0.04656991
-0.01538715
0.02597693
0.01934110
0.00827875
-0.00135585
-0.00106554
0.04011655
0.03477903
0.05375022
0.06105616
-0.01759340
0.01314314
-0.04271626
0.00478635
-0.00623168
-0.03179240
0.01140437
-0.05539898
-0.03716541
-0.03892411
0.04225990
-0.03792680
0.02107660
0.03928068
0.05725568
0.02364744
-0.01512997
0.01130686
-0.02288468
-0.02801229
-0.03073240
0.05631938
0.00143627
0.01982315
0.02029862
0.00940695
-0.01124673
-0.01782306
-0.02695645
-0.04498049
0.00737748
0.03865786
-0.04670686
-0.00006533
-0.00397688
0.04145915
0.02872081
0.02528190
-0.00497583
0.07043844
-0.00480113
-0.01535379
0.02765257
-0.02466536
-0.04494659
0.00859096
0.02719666
0.03404870
-0.03215372
-0.03743952
0.04258565
0.01329454
-0.03700018
0.00046826
0.03451458
0.03565158
-0.04657471
-0.03759908
0.03622349
-0.02632559
-0.00971720
0.00137125
-0.01525453
0.01291760
-0.02060213
-0.03309610
-0.02565420
-0.00663005
-0.03219141
0.03639271
-0.00176877
-0.04897197
-0.03722577
-0.03955950
0.02616572
0.01000225
-0.00718039
-0.07706521
-0.01159966
0.05153399
0.00802648
-0.00526065
0.06940205
0.03869974
0.04338478
-0.01108733
0.00125850
-0.00314948
-0.01498436
0.02262953
0.04706854
0.04207536
0.03945344
-0.03589073
-0.02998707
-0.00691948
0.00018724
-0.04208695
-0.01329291
0.01544554
0.02818171
-0.04578395
-0.00662094
0.05173124
-0.00868486
-0.02454318
-0.00762752
0.05143280
0.07657325
0.02794095
-0.03674261
0.00383681
0.02012176
-0.01049074
0.05171205
0.04031496
0.05467303
0.03202062
0.01396004
0.00012401
0.00995244
-0.00923575
-0.05103370
-0.02684056
0.01141102
0.03717614
0.06198495
-0.00697734
0.00246162
-0.02933847
0.00339350
-0.02522936
-0.01433462
-0.01196692
-0.01758901
-0.03744230
-0.01743043
-0.01905784
-0.03072820
0.00702118
-0.05024328
0.05269610
0.05313096
0.03948053
0.03645469
0.00432945
-0.00358964
0.03728538
-0.00388755
0.01989916
-0.01664676
-0.01430971
0.03980611
-0.02263700
0.00176950
0.01121829
0.00514141
-0.00897053
-0.04717203
0.03997156
0.03107695
-0.01794221
-0.02416874
-0.00665886
-0.04170599
-0.01339107
-0.01889822
0.00291047
-0.00967279
-0.02618949
-0.02950303
0.00474161
0.01707012
-0.00476907
0.03446523
0.00580485
-0.02079436
0.00742047
-0.03052151
-0.02915115
0.04451156
-0.00385081
0.04243517
-0.02119027
-0.03604957
0.01262448
-0.01011585
-0.01108100
-0.04732564
-0.02774719
0.02425807
-0.02120933
0.01612119
-0.01777971
-0.05979995
0.02019617
-0.00416364
0.00573257
0.00470447
0.03541942
0.06165452
0.04143728
-0.01810064
-0.01385682
0.02684642
0.04566763
-0.02998475
0.00218303
0.03961368
0.03239343
0.05143159
-0.02718474
0.03009567
-0.02779884
0.04896832
0.02780242
0.03392658
0.02131975
-0.04763839
0.05115643
0.00177645
0.01218263
-0.04905001
0.01566419
-0.00919610
0.00048054
-0.01210029
-0.00450351
-0.03543567
0.00586394
-0.04558731
0.04432316
-0.02612564
0.01045451
0.00679955
0.04242997
-0.00650490
-0.02521283
-0.00886779
0.00017230
0.04165281
-0.00455031
-0.03271113
-0.00800810
0.03201637
0.00208803
-0.01800404
-0.01285136
-0.02815211
-0.03710642
-0.01249687
-0.02412347
-0.01391956
0.01405567
-0.01029504
0.01989552
-0.02590521
0.00546881
-0.02442512
0.01573089
0.02107689
0.00528368
-0.04595658
-0.01119579
-0.00620963
0.03984313
-0.00817793
-0.04050981
0.05410707
-0.00049046
0.06406591
0.02171335
0.05234971
-0.03594273
-0.01454820
-0.04018078
0.00731492
0.05007082
-0.02102021
0.04588979
0.04022897
-0.01592104
0.00954969
0.02628955
-0.00601611
0.01136755
0.03870884
-0.02933319
-0.02266906
0.02154946
0.01164265
0.00897024
0.05112560
-0.01350544
-0.03342073
-0.00401731
0.02953223
0.02278361
-0.05738348
-0.02509815
0.05537495
0.05654771
0.06067576
-0.03918631
0.02317222
-0.00605561
0.01857940
-0.01213982
-0.01476061
-0.02493010
0.01483941
-0.02383536
0.01891433
-0.03930374
-0.00011085
0.03555036
0.00396294
0.05159478
0.02896335
0.03036496
-0.00228146
-0.01831539
-0.02040584
0.02560451
0.04418912
-0.04408330
-0.00216773
0.00690446
0.04148991
0.02639185
-0.00004413
0.03976096
0.02221462
0.06700891
-0.03232535
0.01030021
0.04029557
0.03966375
-0.00916631
-0.01764676
-0.04084871
0.01696572
0.02768369
-0.03554216
-0.02506556
-0.01522176
0.00640850
-0.05804979
-0.00453809
-0.01974303
-0.00542731
-0.02485541
0.04476080
0.03981027
-0.03368747
0.03998880
0.01655283
0.00811346
-0.00344027
0.01263359
0.01356820
-0.04284350
-0.03870720
-0.04413038
0.02746428
0.02810062
-0.04038176
0.05055298
0.00797718
0.08119835
0.05349947
-0.00525375
0.01129518
0.05587701
0.03345219
0.01783277
-0.00050860
0.01754815
-0.01499448
-0.03556172
0.01013417
0.00521644
-0.01446261
0.02041606
-0.02649319
0.02199100
-0.00170773
-0.02207163
0.01060881
0.01152182
0.03899580
0.06178479
0.00613750
-0.00874664
0.01555425
0.01438833
-0.05150833
-0.05938385
0.02806476
-0.03042462
0.02315432
0.01547100
-0.00758486
0.03409497
-0.01812313
-0.01774550
-0.01962340
-0.02747424
0.00624256
0.01834865
-0.01572982
-0.03767025
0.07124531
0.04805678
0.01787996
0.01553436
-0.02561128
-0.03624901
-0.00674282
-0.00975292
-0.02338796
-0.02633325
0.04439526
-0.01570538
0.00583678
-0.04989512
0.05404778
0.01841685
0.02602048
-0.00419397
-0.02959985
0.00297668
0.02462971
-0.00535034
-0.02292381
-0.02271210
0.00176244
-0.05592579
0.07779412
0.03084010
0.00115717
0.04877358
-0.04662565
-0.02950247
0.01030071
-0.02097104
-0.04579629
-0.03009686
0.00191215
0.01077197
0.05057821
-0.00578632
0.01380818
-0.04077536
-0.03320371
0.02708605
0.00391311
0.04112913
0.01644585
-0.02896487
-0.02853434
-0.02258037
0.04309109
-0.00774473
-0.02993543
0.02888695
-0.00442479
0.00372499
0.01270061
0.02616639
0.03546347
0.01961620
-0.02228454
0.02525468
-0.01964316
-0.04999471
0.01356938
-0.00053676
0.05322832
0.01801631
0.06791266
0.02472850
-0.03516420
0.00426193
0.04535366
-0.02517439
0.02713107
0.00980270
0.03007158
-0.06173479
-0.01394043
-0.03793694
-0.02869961
-0.03759375
0.00481520
-0.00221670
0.01561284
-0.02557692
-0.04715097
-0.03559277
-0.02528769
-0.02575208
-0.02261487
-0.01089643
0.02179141
-0.04884769
0.02813149
-0.02951494
-0.01268684
-0.00118450
0.03826827
0.01348678
-0.01455568
-0.04305227
0.02320956
0.00481056
-0.00168402
-0.01028871
-0.00577333
-0.01555079
0.00164126
0.02477594
0.01820526
0.05936642
-0.01410393
0.03847620
0.05547259
0.02547000
-0.01113656
-0.04003631
0.04334416
0.02700927
0.01341369
0.03183061
0.01345200
-0.00503599
0.03507793
-0.02607393
0.04428286
0.02736203
0.02584063
-0.02707827
-0.00370624
0.01398232
0.00438495
0.01025582
0.02769205
-0.02182713
-0.05057145
-0.03927775
0.04059285
0.05046218
0.03444291
-0.01702779
-0.01788243
0.07854304
0.04186111
0.05236490
0.00240759
-0.02796537
-0.04275984
0.00400593
-0.00606534
-0.00212452
0.01867951
0.01282179
0.02874429
0.02462838
0.02321644
0.01816355
-0.00730676
-0.02803293
0.02130527
0.01353425
0.04914732
-0.02708856
-0.04750403
-0.05494538
0.00194809
-0.00190079
-0.00324876
0.01154569
-0.00464035
-0.00115681
0.00900481
0.01062606
0.00854014
-0.00839039
-0.03778342
0.00274206
-0.01628660
0.03002724
0.02671359
-0.03021603
0.01665414
-0.03629578
-0.00040405
0.01977587
0.02044305
-0.04022930
-0.04878735
0.04550542
-0.01100432
-0.03201201
0.06086830
-0.04433428
0.02751839
-0.02826259
-0.03584411
-0.00821177
0.01841578
0.02169108
-0.00971154
0.00298468
0.03762044
-0.06095600
-0.00767253
0.03333484
0.04633153
0.05738072
0.00669348
0.02445347
-0.03014285
-0.02684837
-0.01272852
-0.00836737
0.00660589
0.01553995
0.02733275
-0.03172366
-0.03471645
0.01530073
-0.02763264
0.00207049
-0.02075551
-0.00752342
-0.04182937
-0.03139921
-0.03426557
0.03607371
0.05717817
0.01390978
0.03206829
-0.01720817
-0.01761453
-0.00618722
-0.01162159
0.03245832
0.00339597
0.02079849
-0.02939485
0.00868802
0.01015585
0.02236694
-0.01528077
-0.01885872
-0.05022269
-0.03200435
0.04471655
-0.01057388
0.01436491
-0.02028165
-0.00820328
-0.03510160
-0.02425893
-0.00501936
-0.00967757
0.00869155
0.04255031
-0.03266682
-0.01586474
-0.04747776
0.01761960
-0.02326971
0.03734189
-0.01271767
-0.04392803
-0.04705776
-0.01347847
0.04358336
0.03138007
-0.00907850
0.00573467
0.00791281
0.03040152
-0.05098189
0.01934108
-0.03069362
0.02261376
-0.00487254
0.03505284
0.05512273
0.02377517
-0.05465468
-0.02560550
-0.00616450
-0.03729428
-0.01761646
0.03047727
0.00178330
-0.00531562
0.04122012
0.04617362
0.02238574
-0.02926325
-0.00933333
0.00330557
0.01320009
-0.02753687
0.00503589
0.03423676
0.00974095
-0.02752514
-0.00981337
-0.01224236
-0.01225913
-0.04854153
0.03884027
0.01854897
-0.01656129
-0.05512215
-0.05341079
-0.01392854
-0.02920450
-0.03201092
0.02025402
0.00511887
-0.02303505
0.01596448
-0.02644944
0.03480528
0.04490251
-0.02256847
-0.03601176
0.04376249
-0.03505009
0.01942608
0.04005920
0.04765817
-0.00103567
0.04332405
-0.00987679
-0.00109982
0.03954550
0.02892610
0.02284417
0.03306717
0.04380263
-0.05583872
-0.06757860
-0.00872568
-0.01279412
0.04220833
-0.01333369
-0.06155292
-0.02137168
0.02964698
0.01773736
0.04416019
0.05557367
-0.03820076
0.00947307
-0.01442190
0.00383578
0.01572639
0.02309697
0.01467587
-0.03156774
-0.03628492
0.04355505
-0.02684436
-0.01382436
-0.04072556
0.06172331
0.00267753
-0.00189289
0.03367450
0.00384887
0.01241048
0.07108314
0.04020648
-0.00443384
-0.03016429
-0.03213986
-0.02511253
-0.01863891
-0.02903304
-0.04454317
0.08130335
0.03504994
-0.00836981
-0.04391870
-0.03279269
0.02879686
0.00570862
-0.04403732
0.04448530
0.00417909
-0.05460517
-0.04782428
0.00248383
0.02375837
-0.02655091
0.01566471
0.00601134
0.02612813
0.01011224
-0.01215184
-0.03183021
0.02059457
-0.08425199
0.00596365
-0.01142084
-0.00696153
-0.03991149
-0.00156937
-0.04039570
0.03444135
0.04345089
-0.04049869
0.03673511
0.00549798
0.01534798
0.00864350
-0.02714298
-0.01900334
0.00788413
-0.01348116
-0.01010845
0.00470847
-0.04038918
0.02674086
0.03257115
0.03338836
0.00937851
0.04912322
-0.01368629
0.00086893
0.00747160
0.03928324
0.03574888
0.03185016
0.00269771
0.01631449
-0.03169199
0.04613657
0.00892190
-0.00106830
0.00751869
0.03180704
-0.02053908
-0.02229678
-0.02013505
0.03418133
0.04127881
-0.04651332
-0.03359216
0.04498027
-0.01663781
0.06461418
-0.05356489
-0.01475261
0.03728322
0.04880155
0.01334174
0.03208972
-0.02216219
-0.00899760
0.04506109
0.05038276
0.01554481
-0.02204018
0.03128116
0.02801834
-0.03281220
-0.05447834
-0.01477834
0.00202914
0.01650380
0.01379532
0.01697476
-0.00397075
-0.00934870
0.02168053
0.05972794
-0.00553158
-0.03220338
0.03494052
-0.06659296
-0.05914991
-0.02124702
0.06463696
-0.00856784
-0.03827380
0.01757311
-0.01426526
-0.00968914
-0.02843481
-0.01675246
0.04133756
0.01124871
0.03648819
0.03684334
-0.04887009
-0.03539354
-0.01281427
0.06579676
0.00986953
0.04606997
0.02796572
-0.02920787
0.01500379
-0.03835226
-0.00280392
0.05090480
-0.01082631
-0.03875022
-0.04698997
-0.00797961
-0.02916165
-0.04372584
0.02780740
0.03540235
-0.05964465
0.00874556
0.01095855
-0.04346005
0.03748609
0.00750033
-0.01543836
-0.00837161
-0.01794006
-0.03785057
-0.02483817
0.04131839
-0.00345116
-0.04829891
0.00068715
0.01091273
0.04685225
-0.00596805
-0.04838416
-0.06702819
-0.01606931
0.04916723
0.03143722
0.03388439
0.01387027
-0.00833238
-0.04095044
0.01273383
0.03531615
0.04246288
0.02734000
0.02362402
-0.01072158
-0.00736756
-0.00745020
0.05821419
-0.01178930
-0.02182040
-0.00151452
0.07520448
0.03350698
-0.02279842
0.03644611
0.00113019
-0.00559905
-0.00684573
-0.02762004
-0.05341147
0.01868335
0.03336967
0.03806670
-0.02507796
-0.03197280
0.01941052
-0.00136272
0.02446161
-0.02144186
0.03103672
0.00542103
0.02971314
-0.03545639
0.03992580
-0.04660764
-0.01954217
-0.03027629
0.02200898
0.01417765
-0.02316732
-0.02403880
-0.00670040
0.01172029
0.01516559
0.03950693
0.01313335
-0.00378407
-0.02641812
0.03755208
0.00578655
-0.05023543
-0.04721132
-0.00851647
-0.02395132
-0.03241392
-0.00801633
0.04927551
0.01024159
-0.00445320
-0.03913014
-0.01068530
-0.03366958
0.04298073
0.02588900
0.00517188
0.02735514
-0.02720502
-0.04810255
0.00633114
-0.00519097
0.00261711
-0.03357950
0.02282881
-0.01267539
-0.03820792
-0.04893428
0.03882623
-0.04273221
0.00754308
0.00717159
-0.04431292
0.03147192
0.02673265
0.04982489
-0.04191092
0.03452540
0.03636803
0.00312283
-0.03768204
0.02561911
-0.02065195
-0.03881241
-0.03326530
0.00069173
-0.01700963
-0.01151292
-0.03854270
0.03442262
-0.01177841
-0.04573824
-0.01292971
0.01099838
-0.04028810
-0.02871565
0.01223163
0.04911375
-0.03292065
-0.04064410
0.00508735
0.01195841
0.03098317
-0.01364766
-0.02432264
0.01236457
0.04717449
-0.02636828
0.02502353
-0.04929412
0.03070988
-0.04125261
-0.02545536
-0.01161135
0.03403163
-0.01312109
0.03610707
-0.01776196
0.03004333
-0.03988586
-0.04397890
0.02915556
-0.03075581
-0.04615896
0.01482490
0.00745554
-0.03554050
0.04727957
-0.04149497
-0.03934705
-0.01412859
0.02810513
0.02053701
-0.03421213
0.02013903
0.02710585
0.03082475
0.03541119
-0.03501686
0.03283682
0.04041276
0.03287217
-0.03179868
0.00789264
-0.01106207
-0.04169307
-0.01931221
-0.00958717
0.04034966
-0.01306554
0.00383712
0.04586234
-0.01618339
-0.01138300
-0.00191845
-0.03320060
-0.03239070
-0.02629643
-0.02952922
0.04311271
-0.03742608
-0.01806083
-0.02126400
-0.04019785
0.00945771
-0.00083926
-0.00981735
-0.05034332
0.02083799
-0.04597279
-0.00594410
-0.03776053
0.00165629
0.04276789
0.04212783
-0.01109154
-0.03558869
-0.02632638
0.04499878
0.02163735
-0.04334842
-0.01732371
0.04468345
-0.01225287
0.03916330
-0.04938695
-0.04261981
-0.02940954
-0.01672029
0.03312041
-0.02589745
-0.04108335
-0.01286868
0.04874340
0.01583894
0.00542403
0.01239836
0.00155399
0.04518303
-0.04813067
0.03375957
0.02457437
0.00906016
0.01424562
-0.02635759
0.00964687
0.02316924
0.04000276
0.04738629
-0.03166848
0.00272356
-0.02062145
0.01154502
0.02943795
-0.03058041
0.00625728
-0.00768515
0.00492066
-0.01622066
-0.02507409
0.00186534
0.02702135
0.03729367
-0.04911429
0.00481655
-0.03969887
-0.01281122
0.02657473
0.03599908
-0.04218758
-0.01514255
-0.04380978
-0.04820468
-0.03336890
-0.00751973
0.01286004
-0.01018445
0.01282060
-0.00060988
0.01265632
-0.04632188
-0.03197242
-0.00785813
-0.01276763
-0.04864193
-0.02941924
0.04572078
0.03977980
0.04530917
0.02683087
0.00176727
0.04489355
0.04072822
-0.03218386
-0.02298790
-0.04838362
0.03297315
0.00138431
-0.01522106
-0.03819863
-0.02612415
-0.04365633
0.04619118
0.04098660
0.02658196
0.03001104
0.01747709
-0.02221932
0.02396669
0.00770104
0.02122246
-0.05724409
-0.00630205
-0.01657707
0.00244260
0.04802856
0.03406714
0.01438029
0.03642943
-0.00178870
-0.02142915
0.01566370
-0.02837702
-0.03611564
0.03699153
-0.01688920
-0.01642566
-0.04246749
-0.05007217
-0.04219608
-0.01465121
0.02528408
-0.01533677
0.03350806
0.01358743
-0.08522116
0.01445216
0.02714520
0.05071344
-0.05012980
-0.04234952
0.05690625
-0.06848545
-0.00952233
-0.01013653
0.00077773
0.01341993
0.02316326
0.03390516
-0.01387374
-0.03025256
-0.01002280
-0.00103671
-0.04272420
-0.03148006
0.04948580
0.02895434
0.00898219
0.04289354
-0.00227451
0.03288166
0.04954978
0.03073162
0.02476198
0.03532981
-0.04183950
0.00805287
0.00067678
-0.01864229
0.00251948
0.00563778
-0.05556960
0.01795773
0.01041563
-0.02823225
0.00968722
-0.04616934
-0.02039985
0.02385621
-0.00768613
-0.00330057
-0.02426295
0.00859182
-0.04572143
-0.04456491
0.03689323
-0.00628328
0.00572343
0.03449044
-0.03857744
-0.05363989
0.02451736
-0.02049649
0.01042746
-0.00649930
-0.00678806
-0.00966503
0.02086932
0.00510477
0.01876667
0.01950275
-0.01011714
0.02461282
0.08843900
0.02422196
0.02199582
0.02399139
0.01807472
0.04765929
-0.02244110
0.03618206
0.02571309
-0.03322333
-0.05372076
-0.03281902
0.02503914
0.06356652
-0.03038386
0.02089860
0.06158346
-0.00274323
0.04624125
0.04882697
-0.01412186
0.02505161
0.03203027
0.03814097
0.02281376
-0.01008573
-0.02644392
-0.03542374
-0.02858064
0.04778947
-0.02021777
-0.04076426
0.01885157
0.00528963
0.01666735
-0.02549988
-0.05413789
0.00993056
0.03075905
-0.06051851
0.03552447
0.00835696
0.03949581
-0.03474903
0.02834453
0.03991768
0.00676880
0.04265172
0.04675485
0.02547242
0.01765077
-0.05978896
0.04374861
-0.04983919
-0.03405406
-0.02729650
-0.04324505
0.01878989
-0.00988900
0.01347266
0.03574527
-0.01030068
0.03612408
-0.03667339
0.00082910
-0.00913363
0.03328815
-0.01811848
0.02795125
-0.00644070
-0.03638534
-0.02200232
-0.05813320
-0.03495784
0.00550725
0.03610004
0.03196906
0.04955793
-0.00589000
0.02755825
-0.03066258
-0.02971784
0.01942706
0.01813163
0.03564443
0.01887914
-0.04401410
-0.04982097
0.03289550
0.03465796
-0.04251132
-0.03921222
0.03661099
0.03459061
0.01718320
0.06017627
-0.02321865
-0.03165117
-0.01954620
-0.03739943
-0.02341529
-0.04417139
-0.03094761
0.02541794
-0.05770975
-0.00181787
0.03345494
-0.00394125
0.05356950
0.03842305
0.03346208
0.00833689
-0.04267672
0.00251905
-0.00781943
0.01712240
0.03170687
-0.03433571
-0.03966013
-0.06289721
0.03494838
0.03003303
-0.03382901
-0.01361497
0.02130368
0.01558736
0.00445343
-0.04290799
0.00121600
-0.01076841
0.00124328
0.03197623
0.03144079
-0.05033027
0.00621908
0.00114639
0.05020732
-0.01446359
-0.01515852
0.07066754
-0.01981950
0.03941501
-0.03991356
0.04762606
-0.04789240
0.01515623
0.01675404
-0.01223675
-0.00308119
-0.02928155
0.03353737
0.04297374
-0.02397110
-0.01472986
-0.01288732
0.00338561
-0.05400293
-0.01731587
0.04166447
-0.00370239
0.05607046
0.01715984
-0.00387945
0.04751403
-0.01542251
0.02561528
0.00522568
0.03231347
-0.04144064
0.04426780
0.04275424
0.02150474
0.00995530
-0.02706076
0.00869805
0.02098648
0.01457114
-0.05518509
0.04644951
0.04435127
-0.01784061
0.04740906
0.05095071
0.00435511
-0.01905061
-0.04463631
0.02376799
0.00904335
-0.00560130
0.01837643
-0.02636217
-0.04017204
-0.04121482
-0.02358871
-0.05246092
0.01377043
0.01106161
0.04243820
0.01106878
0.02828577
0.03182143
0.03457498
-0.00036506
-0.04098885
-0.04188831
-0.00458974
-0.04891365
-0.01389704
0.00325976
0.06219976
0.06364016
0.01974824
-0.01076557
0.03191136
-0.01925065
-0.04396090
-0.00150725
-0.04602046
-0.03926811
-0.01964766
0.00286031
0.03222258
0.00114744
0.02825925
-0.01334731
0.06003776
0.02708239
0.00773700
-0.00486425
0.01125510
-0.01488678
-0.03763620
0.03849512
-0.03525412
0.01439708
0.05515162
-0.04127129
0.00682854
0.03201062
-0.01554892
0.03746775
0.04926519
-0.00030547
-0.05100583
-0.03614015
0.04253990
0.01110124
-0.00743302
-0.00856811
0.00809676
0.00696871
0.03317646
-0.02395374
0.03193079
-0.06080762
0.00635486
-0.00269689
-0.07279278
0.03798062
-0.07523743
0.00206488
0.00218689
-0.01593829
-0.01167137
0.01064547
-0.03162150
0.04418549
0.02797805
-0.04268761
-0.04525980
0.04791515
-0.02012362
0.02316889
-0.00978475
-0.04018263
-0.01243769
-0.00833850
-0.03004522
-0.01635189
0.05261651
-0.04543272
0.00774514
0.04582898
0.03358053
0.00409939
0.03553061
-0.02717605
-0.02959603
-0.02395571
0.01140680
-0.04695611
0.01569018
-0.03240103
-0.00351820
0.04837709
0.04660285
-0.08787447
-0.00775666
0.03904739
0.03730262
-0.04011120
0.00040592
-0.00329610
-0.05133977
-0.01660303
-0.01123984
0.03058664
0.03111709
-0.00045174
-0.01459937
0.01998423
-0.00271785
0.00366318
-0.02022381
-0.01749873
0.04007489
-0.00595646
-0.00113236
0.06751870
0.02536014
-0.02743091
0.03719180
-0.00700101
-0.05035353
-0.04077779
0.03965271
-0.06549315
0.03118264
0.01254800
-0.02964507
0.04643277
-0.05622529
-0.01734983
-0.01574487
-0.06978106
0.01154585
0.01562101
-0.01441406
0.04261087
-0.04622765
-0.00375397
-0.05536296
-0.06494350
0.02806957
-0.03568593
0.03084563
-0.03624379
0.02152337
0.04483669
0.01437469
-0.00903089
-0.05738838
0.03491197
0.02387172
0.02157002
-0.03804325
-0.06640594
-0.04726128
-0.00538646
-0.00674356
-0.03482250
0.03215325
0.00579303
0.01670126
0.04279286
0.06859816
0.03000696
0.01149040
-0.05561819
0.02814742
0.00298489
-0.03905531
0.04151807
-0.02381996
0.03209699
-0.02169549
0.00183885
0.03919738
0.03575912
-0.00269271
0.00529545
0.07093131
-0.03149636
0.05816583
0.02564308
0.05936608
0.02144606
0.05574273
0.07800668
-0.00877046
-0.01979876
-0.02204548
-0.00697149
-0.04126379
0.03895622
0.00228938
-0.02310334
-0.04286010
-0.03194941
0.02269620
-0.02596168
0.05445201
0.00663233
-0.00432552
-0.05212269
-0.02756803
-0.04812953
-0.03463275
-0.02217052
-0.00174104
0.00096968
0.00680630
0.03091034
0.02556638
0.03285301
0.03097963
0.02995959
0.06177010
0.03399254
0.02958201
0.04559133
-0.05986720
0.02409510
0.00142797
0.03720352
0.00883808
-0.01188164
-0.00704900
0.03825168
0.02382522
-0.02212232
0.01739320
-0.02826617
0.03664215
-0.02702796
0.03007604
-0.00046044
0.01950073
-0.02745097
0.05871477
0.02116729
0.01943013
-0.01656228
0.05136906
0.09353168
-0.03566230
-0.03216274
0.06165080
0.04735301
0.00144575
-0.04795000
-0.04484474
-0.01131516
0.03785989
0.03693326
0.02163045
0.02601760
-0.00517209
-0.01882836
-0.04035843
0.00938761
-0.03386281
-0.00338281
-0.04847321
-0.05429323
-0.02071972
-0.02498906
-0.02889027
0.01293826
-0.02687753
-0.03577385
0.03118313
-0.00262198
0.00459965
-0.00376413
-0.01811089
0.00906720
-0.00804110
0.01971339
0.02312116
0.03904504
-0.00311539
-0.02576641
0.00226148
-0.02243128
-0.02405116
0.01592116
0.04555206
0.01159416
-0.03990912
-0.01190297
0.01699280
0.00355712
0.04413950
0.00784204
0.00760683
0.01728828
0.04044192
-0.03406363
0.03849628
-0.03674269
0.04309675
-0.04646850
0.06330405
-0.03169585
0.02687593
-0.02421721
-0.03210271
0.04250569
-0.02195886
0.03855017
-0.01684343
-0.05527606
-0.04265145
0.02819266
0.00827232
-0.01409895
0.04653043
-0.04874405
0.06147720
-0.01264422
-0.02923442
0.02692100
-0.01650465
-0.03416631
-0.06748946
-0.03989856
0.04416719
0.04099241
0.02174696
0.03747627
-0.03538111
-0.04475938
0.04007110
0.00794836
0.02158922
0.01204743
0.02372899
-0.02365203
0.03124730
-0.02932543
-0.05841369
-0.02169730
0.04341444
0.02419662
0.01700431
0.06080034
-0.03830015
-0.00664010
-0.03237633
-0.02086790
-0.01866805
0.06623581
-0.01441666
-0.03621432
0.04720743
0.01271589
-0.03076709
0.01618747
-0.01023031
0.01405288
0.06538326
0.02521604
-0.02661394
-0.00822673
0.03360766
-0.03634922
0.02801512
0.03709581
-0.03200711
0.01965518
0.01597798
-0.05836836
0.06537192
0.02133163
-0.03691235
-0.01697770
-0.00143352
0.05550529
-0.02815951
0.05388326
0.02736486
-0.04935145
-0.00415850
0.01498631
0.03252102
0.01973799
-0.07560981
0.01240862
0.02999769
-0.02973927
-0.04329943
0.03359866
-0.00255923
0.01990918
0.01560352
0.04889745
0.02295871
-0.06120655
0.04247212
0.03193386
0.01117846
0.03487067
-0.01123336
-0.04548954
-0.05980133
0.00633132
-0.02867369
-0.05266102
0.01472953
0.04549718
0.00868717
-0.03372469
-0.02307411
-0.03591657
0.02140900
0.02666806
0.02447421
-0.02752843
0.02516806
-0.03162113
0.02831092
0.03859650
-0.02042702
0.02058030
-0.01655430
0.01857748
-0.02560898
-0.02394829
0.02580995
-0.02150135
-0.01559319
0.04434232
-0.00179087
-0.00143444
-0.05684194
-0.04817577
0.03042654
-0.01593720
-0.00891361
0.02238827
-0.01492798
0.03673628
0.02933746
0.04565360
0.01729560
0.02553125
-0.02341216
-0.01598002
-0.04135750
-0.02044174
-0.00056231
0.07161082
0.04903308
-0.04463750
-0.04489654
0.00484891
0.02131281
0.03991484
-0.03026236
0.02430157
-0.03550135
0.01624243
-0.03448515
0.02942770
0.00486022
-0.00677241
-0.02970822
0.06598705
0.03574350
0.00560893
0.07033318
-0.05495993
-0.02162026
-0.02957946
0.04108768
-0.00461292
0.02490805
-0.03862324
0.00302689
-0.04064978
0.03759418
-0.03766731
0.04382534
0.03054697
-0.01487680
-0.01927946
0.01482944
0.03254953
-0.04561013
0.01166930
0.00739752
-0.02942464
-0.00399615
0.00661964
-0.03558623
0.03234915
-0.01622022
0.02460351
0.01379167
0.04213294
0.04213797
0.03478660
-0.05844774
-0.02112268
-0.01135013
0.02161332
-0.03762203
0.04550245
-0.00359699
-0.03045587
0.01167773
0.01256926
0.05735091
-0.02645947
-0.02636044
0.02648171
-0.01387209
0.03678149
-0.01664950
-0.02142813
0.00270788
-0.04238164
0.03844665
-0.02929135
-0.03185187
0.01051845
-0.03578851
-0.00267307
0.02912797
-0.00452872
-0.03783348
0.01551934
0.04687281
0.01736941
-0.02785897
-0.04059273
0.03021027
0.04242678
-0.03736578
0.02599542
-0.04767586
-0.02336425
0.02393297
-0.03773594
0.04567789
0.02374989
0.02717161
0.04197630
0.03309156
0.00686746
0.00909633
0.04000730
-0.05092795
-0.04806229
-0.01752960
0.03259987
-0.01989506
-0.01430102
-0.03632120
0.06274366
0.02698778
-0.02322360
0.03635354
-0.02755879
-0.00997758
0.00154775
0.04038538
-0.04693135
-0.02773123
0.03877880
0.01901014
-0.03481419
-0.02207017
0.04923716
0.01246185
0.00368577
-0.00653454
0.04077283
-0.00972944
-0.02644363
0.03883558
-0.04087455
-0.02921257
0.00042648
-0.05279172
-0.04753471
-0.01948660
0.01519973
0.02492320
0.01696679
0.04642353
0.01067817
0.02531619
0.03239695
-0.03108547
0.04457000
-0.03483382
-0.01912176
-0.05144145
0.05038195
0.03484292
-0.04352634
-0.03460869
-0.01433937
-0.00382306
-0.03590866
-0.00853078
0.03452039
0.01809143
0.01758191
-0.04720933
-0.02690134
0.02561273
-0.02841749
-0.01208907
-0.01072829
0.01248635
0.04514603
-0.01064925
-0.00226208
0.03097644
-0.01469441
0.04404388
0.00658436
-0.02332320
0.02198775
-0.02569692
-0.04528049
-0.02286026
-0.03960655
-0.03145421
0.00730851
-0.02366553
0.01232862
-0.04263106
-0.01361812
0.02431726
0.01132510
0.03716208
0.04059058
-0.00936170
-0.02182898
0.00585581
-0.02701276
-0.04825267
0.03871429
0.00833803
0.00662289
0.01380708
0.01118067
-0.01097543
-0.03962291
-0.00445254
0.05633227
-0.01337548
-0.03145337
0.02923781
-0.03911476
0.02199558
-0.01255113
0.00070205
0.02248345
0.04021588
0.02382950
0.05005964
-0.01978816
0.02673295
0.05418909
0.04261361
-0.00309882
-0.00064240
0.02360708
-0.01312177
0.04351237
-0.05694231
0.03933649
-0.00033639
-0.03000779
0.01764509
0.04030462
-0.02466552
-0.02545573
-0.04606347
-0.04274286
-0.00865948
-0.03927006
0.01087362
0.01334716
0.00889579
0.02961252
-0.03422844
-0.03812446
0.06201062
-0.00909572
0.05091239
-0.04380080
0.00187424
-0.02778619
-0.00579462
-0.00865680
-0.00088741
0.01622728
-0.02346597
0.00673949
0.04725668
-0.00376335
0.00769132
0.00943550
-0.04598022
0.01065792
0.02296891
0.01147537
0.01688730
0.01653182
-0.01184901
-0.05173957
-0.00915539
0.02272425
0.01437559
0.03639679
0.01883158
-0.04813584
-0.05312928
0.02368155
-0.01960335
-0.05383635
-0.02301454
0.01975890
0.03371489
0.00380872
-0.00364779
0.04145936
-0.03062073
-0.02464790
-0.05958657
0.02844299
0.00875888
0.01525454
-0.02122222
0.00797853
0.00851338
0.05673193
-0.04291543
0.03284543
-0.06894986
-0.01702665
-0.01355200
0.02157379
-0.03840375
0.08754785
-0.03449988
-0.03434293
-0.02322206
0.00349333
-0.03424247
-0.00029950
0.03083557
-0.05291433
-0.05038984
-0.00170163
0.00415765
0.03932137
0.01871792
-0.03042133
0.04518568
-0.03126531
0.03995012
-0.02931537
0.02598485
0.06051439
0.06543021
-0.03053742
-0.05456219
0.03428157
0.03025395
0.03548139
0.00926764
0.03843920
-0.00111393
-0.01333801
-0.04207270
0.04578855
0.02823933
-0.01808190
-0.00359121
-0.02949591
-0.02800719
0.04489098
-0.03303178
-0.01022569
0.03940452
0.02998536
0.03648047
-0.01435518
-0.01913832
0.04511293
-0.01863622
0.00704196
-0.04751258
0.00796683
-0.01974783
0.01012251
0.04556036
0.04124064
0.04296093
-0.04723597
0.00962486
0.06632517
0.04906765
-0.04186785
-0.01939701
0.04432633
-0.03805435
-0.02261705
-0.03402397
0.06945799
0.03298602
-0.05757823
0.00522103
0.03245030
-0.02935963
-0.01125580
-0.04323819
0.03674060
0.06316514
-0.01267379
0.04424855
-0.06319585
-0.00679527
0.04278098
-0.02477961
-0.04029923
-0.03383286
-0.05695572
-0.02668901
-0.05183198
0.01180471
-0.03600156
-0.03493750
0.01031948
-0.01677444
-0.05419325
-0.07283992
-0.02093509
-0.00394744
0.02937621
-0.02533257
0.04473103
-0.02709767
0.02077321
-0.00129465
0.00660810
0.00625634
0.04560217
-0.05656474
0.05086197
-0.00724968
0.07653481
-0.04841479
-0.03488026
0.03106587
0.04491836
0.03889956
0.01345330
-0.02818718
0.06579555
-0.02450372
0.01514581
0.04185225
-0.01980498
-0.06030865
0.05268036
0.01224042
0.05597221
-0.04990795
-0.01403126
0.00033811
-0.00482353
0.00793255
0.02448432
0.00166007
0.01098748
0.04033627
0.06829511
-0.02403329
0.02781552
0.01840028
-0.03584911
0.06787054
-0.02923673
0.01694348
-0.02494508
-0.00114567
0.04151851
-0.04525027
-0.01633565
-0.02734484
-0.03114594
0.02912105
-0.03138981
0.01846015
-0.00561855
0.00184003
0.01565688
-0.01817193
-0.02853653
-0.01220452
0.03628329
-0.05615838
0.04349575
-0.04535413
-0.05783721
-0.01510057
-0.02139937
0.05109361
-0.02906990
0.02739746
0.00356877
-0.00706527
-0.02847135
0.03874806
-0.02864390
-0.03318087
-0.00954896
-0.01634246
-0.04999761
-0.01273941
0.01096857
0.05625040
-0.02686632
-0.03933423
0.06223096
0.02550109
0.03772202
0.02606767
0.05115563
-0.02935499
-0.03617400
0.00355798
0.00591471
-0.00625323
-0.04115195
0.02584020
-0.04491263
-0.02434088
0.00643736
-0.04549502
0.00797030
0.08775811
-0.03324729
0.01728265
0.01070760
-0.03084224
0.00562277
-0.02319700
0.04569229
0.01971529
0.03108605
0.00629333
0.06291057
0.04246971
0.05108296
-0.03914198
-0.01916464
-0.04890929
-0.02541616
0.01645279
-0.03157355
-0.02774096
-0.01649928
0.03331512
-0.00735691
0.02258844
-0.01182488
-0.01369146
-0.05727750
-0.04588490
0.04208695
-0.03453283
-0.01807274
-0.01733644
-0.07004485
0.04499662
-0.00269996
0.03177707
-0.02958724
0.04260271
0.04789043
-0.03125318
0.00011912
-0.01571026
0.03600296
-0.03529602
0.00973539
-0.04030167
0.00731715
0.00830580
0.00442498
0.02475491
0.01217840
0.01168401
0.01770384
0.04625066
-0.04565972
0.04098074
-0.02418904
0.02136911
0.04945514
0.00049001
0.03394836
-0.01815760
0.01612824
0.01491128
0.00060289
0.01951787
0.01480377
0.03098616
0.02420836
-0.03236952
0.02675814
0.02260352
0.01548563
-0.00765090
-0.01386647
0.02986822
-0.06469911
-0.00037371
0.01757911
-0.04817719
-0.02635538
-0.03498459
0.01421870
0.03346072
-0.05833760
-0.03596447
0.05262523
-0.03662643
-0.04191370
0.01259064
0.02731353
-0.00697501
-0.04532812
-0.00339709
-0.02395398
-0.05536157
-0.02892348
-0.00579512
0.04253776
-0.06469593
0.03833244
0.04554267
0.03269164
0.04995572
0.04960440
-0.04057416
-0.00202189
0.04349721
0.06910434
-0.01396514
0.01794575
0.04185407
0.02505285
-0.02685297
-0.00539081
-0.04121416
-0.00022064
0.00177955
0.00691594
0.00272446
-0.01284372
0.06405660
-0.02532548
0.03344208
-0.01163862
-0.00277496
-0.02965945
0.01434444
0.03089410
-0.05587145
-0.02706701
-0.00093608
-0.01234146
-0.02860141
0.01823341
-0.03060050
0.04432784
0.04101620
0.00362467
-0.04659902
-0.04154427
0.00515989
0.04055506
-0.03296253
0.00055862
0.01890115
-0.02835630
-0.00987691
-0.04297636
0.03426824
0.02093313
0.02830587
-0.04366431
0.02218730
0.00125372
0.01416440
0.03564958
0.01477765
0.00958130
-0.03574102
0.05140021
-0.00036292
-0.04356514
-0.00135562
0.00483555
0.01075183
-0.02619754
0.07332984
0.01760102
0.02052318
0.02321481
-0.04133647
0.02275293
0.00677367
0.01653795
0.02022773
0.03625938
0.07088899
-0.02693876
-0.02180701
0.01270086
0.02263871
0.07404099
0.04718094
-0.04495218
0.04594192
0.00011122
0.04403366
0.05497918
0.00759853
-0.01932855
0.02640694
-0.00573866
0.03642344
-0.04872752
-0.03046585
0.04590238
-0.03543734
0.01751214
0.00770617
0.02124265
-0.04394587
0.02950953
-0.01272601
0.00932110
0.00846551
0.05181058
-0.03901668
0.05258299
0.03893798
-0.02915647
-0.00679784
0.00056808
0.03871848
0.00433516
-0.04097946
0.03658832
0.05108776
-0.02415483
0.01568424
0.02491900
0.02892350
-0.01721941
-0.03344365
-0.06360142
-0.04629219
-0.02711522
0.00624869
-0.00445984
-0.01008336
0.02104320
0.03333847
-0.00789136
-0.03146033
-0.01906357
0.00127994
-0.01957057
0.04668190
-0.02745589
-0.00177106
-0.04422570
0.00623241
-0.02526356
-0.02851766
-0.04618642
0.00498188
0.02586429
0.01544692
-0.04587462
-0.03556570
0.03456207
-0.05444245
-0.03778034
-0.00306064
0.03012266
-0.06110208
-0.02268300
-0.02906950
-0.03299847
0.02080783
0.01846370
0.01464019
-0.00181971
0.03524137
0.01404260
0.03584911
0.01399793
0.04620017
0.00921961
0.00419925
-0.02488644
-0.04852843
-0.03930982
-0.01986525
-0.01428919
0.01412104
0.00656580
-0.05252672
0.00042638
0.01086494
-0.00198706
0.01429915
0.03790587
0.04015587
0.04546335
0.06270631
0.04648993
0.02198937
0.02637533
0.06493431
-0.00386202
0.00213164
0.00984203
0.01518400
0.04103852
0.04700050
-0.02899473
-0.01699021
0.04020386
0.00038746
0.04053092
-0.02790239
0.03625082
-0.02974662
0.00288888
-0.05236751
0.04174951
0.00674595
0.04009327
0.00968912
-0.03333991
0.04412110
-0.01667804
0.00827267
-0.03094334
0.03228623
0.04147646
-0.03266057
-0.03139210
-0.04834946
-0.02964647
-0.02125434
-0.04415342
-0.01462223
-0.02222383
0.02991386
-0.00855943
0.00098783
0.00351696
0.02792513
0.02296434
0.02086399
0.02292421
-0.00379084
0.02894122
-0.00158394
-0.04040531
-0.04049067
0.04526065
-0.02669903
-0.03748913
-0.02982702
0.02136801
0.04168377
0.01524626
-0.02343786
0.02220382
0.04112608
0.02877125
0.01345166
0.04662991
0.01153343
-0.03077256
0.04215371
0.00060385
-0.03487954
-0.03922417
-0.03055194
-0.04757417
-0.03332881
-0.03486890
-0.03135753
0.03601019
-0.00849310
-0.02898499
-0.01332149
-0.03636398
0.04119484
-0.04124460
-0.03644787
0.00068695
-0.02993499
0.03605842
0.02917480
0.01478998
-0.04129355
0.00184773
-0.00092666
-0.02618977
0.03825597
-0.04578346
-0.01242051
-0.00295177
0.02894512
0.00102640
0.04364827
-0.00472012
-0.02017082
-0.00847823
-0.02680334
-0.01571545
-0.04980460
0.04718123
0.03685906
-0.03675533
-0.02497299
-0.04634559
0.04181590
0.00114521
-0.04643166
0.02992265
-0.00990507
0.00011515
0.00459562
0.04612654
-0.02790647
0.02858402
-0.00497358
-0.03209143
-0.00838532
0.00863116
-0.02128226
0.00201381
-0.00944191
0.03893702
0.02826010
-0.04841604
-0.03226869
-0.01258038
-0.00886148
0.04909836
0.03056090
-0.00455593
-0.01084728
0.00013319
0.02425198
-0.03827723
0.03463609
0.04329509
0.03738853
-0.00199798
-0.04230665
0.04790588
0.04648803
-0.01009674
0.02494993
-0.03765422
0.02544520
0.01784983
0.02070786
-0.01256334
-0.00801167
0.02558168
0.01754646
-0.04293246
-0.03043239
0.03273350
0.01282562
-0.02438863
0.05132084
-0.00939304
0.01959110
0.01559813
-0.00108485
0.01165538
0.00379401
0.01256078
-0.02839183
-0.00590425
-0.01143301
-0.01928345
-0.04636631
0.02385941
0.02976564
-0.03117274
-0.03223848
-0.04013099
0.02364000
-0.00325977
0.03013330
-0.01377666
0.01528897
-0.03282354
-0.02102428
0.02834980
0.00634220
-0.03807011
0.04028892
0.01566796
0.01833126
0.02535217
-0.02173757
0.03573215
-0.03008026
0.01198244
0.00443299
-0.03036965
-0.03003319
0.02077877
-0.03373397
-0.04351288
-0.04593820
-0.00431210
-0.00462481
0.00155421
-0.02457843
0.02134550
0.03851369
-0.00370099
-0.00754804
-0.03338135
-0.01726012
0.02798211
0.00302333
-0.00110253
-0.02277989
0.04279479
-0.01215534
0.01501646
-0.03936351
0.02736808
-0.02736995
-0.00443282
0.01023575
-0.01575813
-0.04275625
-0.03011744
-0.04480937
0.04007058
0.03939996
-0.02924985
-0.00842793
-0.04011458
-0.04842113
-0.02366400
0.00608862
-0.01116239
0.00671960
-0.01498660
0.04484406
0.04249349
-0.01977071
0.04505292
0.04825118
-0.03068078
-0.02854558
0.02665974
-0.00742551
0.00995671
-0.00882818
-0.02531454
-0.00144073
0.03412027
0.03970985
-0.03266828
0.03286123
-0.00489307
0.00436732
-0.01974673
0.01861838
0.01311957
-0.00422619
-0.04477870
-0.04570769
0.02022767
0.04176482
0.04100991
0.02619422
0.02941077
0.02597167
0.00689485
0.00722112
-0.02359369
0.04589307
0.00542742
0.03985720
0.01501302
0.03039375
0.04335132
-0.03771947
-0.00474977
-0.00328819
0.03943716
-0.02169296
-0.01869553
-0.00318368
0.03200716
-0.00603411
-0.03451717
-0.00103217
-0.04531290
-0.00710282
-0.01286921
0.04370305
0.02772790
-0.03959562
-0.03015108
0.01718537
0.04616663
0.05005472
0.01176076
-0.05832619
-0.00443012
-0.02618193
-0.03795745
0.01800401
0.03567893
-0.03129142
-0.00209198
0.03639980
-0.02427497
0.00352995
-0.03062253
-0.04861006
0.01429482
-0.03980688
0.04809813
-0.00710363
0.04656178
0.02577368
-0.04850873
-0.02414232
-0.03749655
-0.01896107
-0.04157415
-0.02033806
0.03935101
-0.03106766
0.01992501
-0.01360874
0.02257671
0.05077665
-0.01952800
0.03167304
-0.01181170
0.04972535
0.01759311
-0.01116247
0.00315052
-0.02153249
-0.03119274
-0.02847375
-0.03114856
-0.02239199
0.04307775
-0.02693569
-0.03231825
-0.00214196
-0.01259585
0.00083262
-0.00561264
-0.04906385
-0.01342413
-0.02255340
-0.04170195
-0.04913823
0.02793805
0.01045053
-0.00442589
0.03815170
0.04197550
-0.03013127
-0.03928969
-0.03601528
-0.03672022
0.01632695
-0.05605566
-0.03145100
0.03743011
-0.03126126
0.00285800
0.02217672
0.03479328
-0.00030696
-0.02450402
-0.00390159
0.02744131
-0.04547427
0.04223840
-0.03116409
-0.01061329
0.03316358
0.02215593
-0.04985270
0.03177401
-0.02700841
0.00488728
0.01992217
-0.01459366
0.00757782
0.00112105
0.04385707
-0.02010556
-0.02436993
0.02292374
-0.04091808
0.01131800
0.04319734
0.02780508
-0.04251659
-0.01526355
-0.00933234
0.00012591
-0.01984427
-0.03506886
0.01186213
-0.03055313
-0.00968924
-0.05270954
-0.03788059
0.00814420
0.01028491
0.00136964
0.03109534
-0.01931131
0.03988791
-0.00199846
0.00147279
-0.03383145
-0.03716051
0.04580601
-0.03899348
-0.03269324
0.00925850
-0.02321207
0.04789958
0.00364501
0.00142739
-0.04210865
-0.04708153
0.03630255
-0.03314819
0.03753676
-0.00837473
0.04705473
0.00829506
0.00056705
-0.05054195
0.01756779
-0.03070308
0.00624309
-0.05002944
0.04755172
-0.02815477
0.01211630
-0.02297969
0.04999031
0.02979353
0.00351493
-0.04157477
0.02418535
0.00480355
-0.03967097
0.01730800
-0.03115460
-0.01589739
0.04403815
0.02973518
-0.03979850
0.03821923
0.01903961
0.00313932
-0.04117863
-0.02003017
-0.02267055
-0.06081798
0.00117179
0.00070374
-0.02157225
0.04394014
0.00533630
-0.00324871
-0.04330144
0.04481786
-0.02572372
0.03261571
0.01823040
0.03485267
-0.00432820
-0.03176840
-0.02138019
0.03088225
0.04091170
0.00257878
0.05054723
0.04004550
-0.02756148
0.03115802
0.03969559
-0.01560730
-0.03454255
-0.03032255
-0.05378579
0.00987714
-0.01162802
-0.04094910
0.00510554
-0.01785629
-0.03185188
0.05419996
0.05877571
-0.01160948
0.03455326
0.02279340
0.02787576
0.02805798
0.04132161
0.00452817
-0.02116613
0.03833346
-0.05108495
0.03088255
-0.04284232
-0.03652722
0.00160446
-0.02200563
0.05689375
0.05264683
-0.02291852
0.02963731
-0.02601057
0.01958841
-0.02789684
-0.04784208
-0.02276471
-0.04874960
0.05310493
0.02974486
0.03246021
0.01773470
0.02665441
0.04112462
-0.02935566
0.00477105
0.02744964
-0.05641860
-0.01190745
0.00578103
-0.00861478
-0.03796582
-0.00433647
-0.04624441
-0.04201487
-0.01175832
-0.03712748
0.04199811
0.00207799
0.01114777
0.00949933
0.00275012
-0.05230242
-0.02932860
0.00836331
0.02644218
-0.01368892
0.00854683
0.01967856
-0.01457547
-0.04994131
0.04046598
-0.00854936
-0.04967468
0.02437296
0.03242697
-0.01996759
0.04443067
-0.00056406
-0.01342901
-0.01501723
0.00459165
0.00500233
-0.04939879
0.03853544
-0.02415108
0.00712081
-0.02574004
0.01531191
0.05310354
-0.00892340
0.00175594
0.04244679
0.02521620
-0.03330898
0.04740367
0.02720857
0.03803466
-0.04126421
-0.03537796
-0.04963435
0.01194490
-0.03060277
-0.02505565
-0.01621222
-0.00484540
-0.01361081
0.04538657
0.03335244
-0.02579547
0.02317444
-0.06101196
-0.03793405
-0.00475139
-0.01906793
0.01081036
-0.03365505
-0.01523404
-0.04012131
0.02805738
0.00305626
0.04187071
-0.02044525
-0.02426748
-0.03730883
-0.02036672
-0.03698425
0.03064231
-0.04376619
-0.04873659
0.02007436
-0.01752534
-0.04003195
0.01281710
-0.04664445
0.02814468
-0.05794793
0.00263130
0.03528160
0.02307245
-0.02091708
0.03095994
-0.02328215
0.01740552
-0.02825925
0.02624104
-0.00348859
-0.03498349
-0.00939313
0.01838198
0.02207048
-0.02721079
0.04789208
0.04454773
-0.03027937
0.03673860
-0.02392753
-0.01750237
0.03037769
-0.01648121
0.01871239
-0.04049683
-0.01887513
-0.02775713
0.03255313
-0.05254066
0.02572141
0.01499938
0.02797694
-0.00518815
0.02182440
-0.00179872
-0.03164309
-0.03237914
-0.04101882
-0.00365790
0.06271250
-0.01715669
-0.01233444
-0.01047030
0.02464903
-0.00859430
0.03830145
-0.02695604
0.02151371
0.00036188
-0.04285903
0.02888670
-0.02236397
-0.05447898
0.04897201
0.00709232
0.02986669
0.01851713
-0.02889641
0.01569788
-0.01326462
-0.00404047
0.02795389
-0.06994557
0.03753836
0.01290244
0.04509418
0.02937723
-0.04091428
-0.02226834
0.00648258
0.03504891
-0.03820027
0.03485990
-0.03980375
-0.01621921
-0.00396892
-0.01007647
0.04646859
-0.04306578
0.00485677
-0.01514230
0.05062389
-0.01552234
-0.03223945
-0.01575749
0.00090221
0.01484247
-0.04527321
0.02377171
-0.00479663
-0.00340479
-0.00732897
0.02568606
-0.03063535
0.02154829
0.03002324
-0.05802556
0.05704258
-0.00602401
0.02227454
0.00777592
0.00470990
-0.02058704
-0.00457509
-0.02543081
-0.01593464
0.02628204
0.04363096
0.02441693
-0.03728911
0.04000452
-0.04531309
-0.05299047
-0.01844410
0.02512073
-0.00914136
-0.00823054
-0.02909952
-0.02279422
-0.03943063
0.05214560
0.01200637
0.00388583
0.00304738
-0.03709690
-0.03363713
0.01838399
0.02180006
0.02185323
-0.00388288
0.00022450
-0.02530371
0.02378568
0.03594408
-0.00365216
-0.04506412
0.02408537
-0.03982762
-0.03392133
-0.00060801
-0.03939622
-0.00480340
-0.02477938
0.01220293
0.00230070
-0.02886679
-0.03317148
-0.00700942
0.02295867
0.01841414
-0.03440031
-0.03644297
0.02091012
-0.01091259
-0.04485251
0.04641461
-0.03664514
0.03517878
-0.00848605
-0.01227853
-0.04003604
-0.01874803
0.03877614
-0.02988413
-0.00022265
0.02547135
-0.04839705
-0.00208854
0.02831681
-0.00902366
0.01824995
0.00279509
0.03276422
-0.00771678
-0.04206653
0.01627128
0.00465205
0.03270822
-0.01426521
-0.03042889
0.01517960
0.01377778
-0.02174727
-0.01929515
-0.02275464
-0.04606166
0.01798941
0.02377367
0.03912330
0.01035437
0.00999790
0.01731391
-0.01196381
0.04735694
-0.00312128
-0.03720088
-0.00836930
-0.02875201
-0.03381551
-0.00017315
-0.03833310
0.01025349
0.00080023
0.01201814
-0.02844047
-0.01075534
-0.03782927
0.00066683
0.00621985
0.02004747
-0.01634556
0.01520629
-0.01879548
-0.03505291
-0.01962276
0.01937663
0.04591790
-0.04062465
-0.00423251
0.00626977
0.03453107
0.03978361
-0.00380191
0.00242748
-0.03997863
0.00826727
0.03567707
0.01270622
-0.04807680
-0.00760010
0.01915349
0.02199817
-0.01352578
-0.02922023
-0.03437534
0.04213261
-0.00605770
-0.00355440
0.01351529
0.03379427
0.01409353
-0.02944181
-0.00942055
0.04002550
0.01981178
0.00064959
-0.01560931
-0.00759779
0.00194389
0.00361406
-0.04317239
-0.03906375
-0.01256400
-0.04113528
-0.00142064
-0.01163150
0.00391852
0.03270225
-0.01965220
-0.03994107
-0.02104923
0.01367702
-0.03001055
-0.00154212
0.04303461
-0.04887205
-0.00399669
-0.03168093
-0.04871718
0.01261055
-0.00562390
-0.02217984
-0.03621311
-0.03218099
-0.00334331
0.00566927
-0.02974912
-0.03041699
0.02672942
0.02659046
0.04401582
-0.04854553
0.02947100
-0.03314440
-0.04892219
0.02155488
0.02674898
0.00960533
-0.00311780
0.00587814
-0.01329805
-0.01383167
0.01628148
0.03761786
-0.00661714
-0.04297659
-0.04409975
0.01113699
-0.03967239
-0.02879252
-0.00005971
-0.02582237
0.03326944
0.02013134
0.02339584
0.01331294
0.02879135
0.00071440
0.00572681
-0.04533303
-0.02900751
-0.01237063
-0.04600094
-0.03155192
-0.02638202
0.04532684
0.01452690
-0.03655369
-0.00445261
-0.00084867
-0.03604212
-0.01203872
0.00098460
-0.04721163
-0.04368558
-0.02902830
-0.00801668
-0.00857310
0.02652879
0.04003069
-0.04316462
-0.02058827
0.02751157
-0.02076112
-0.04887074
-0.00906775
0.04517024
0.03610959
-0.03455594
0.04081778
-0.03954472
0.01071141
-0.03784540
0.00302795
-0.03757178
-0.03219084
-0.04891713
-0.01587823
0.03090317
0.04309541
0.03303800
0.00043494
0.03780559
-0.01832641
0.00656926
0.02559549
-0.01243592
-0.00484390
-0.04534556
0.03022698
0.04009756
-0.00609451
-0.03061217
0.03832098
0.02068900
0.04127225
-0.01473778
0.02767015
0.02921376
-0.00287495
-0.04772880
-0.00823957
0.00025470
-0.01198173
0.03571649
0.04816871
-0.03206895
-0.01169324
-0.02993793
0.04175912
0.03839324
0.02698226
-0.03772178
-0.02656107
-0.03376385
0.00487794
-0.03713743
-0.01305094
-0.02433304
-0.04909721
0.04217900
-0.04787501
0.03850954
-0.04522675
-0.04411429
-0.01739735
0.00535388
0.00325021
-0.01711073
0.00983267
0.02993171
0.00249156
-0.00920343
-0.02314577
0.03523837
0.02376459
0.03262441
0.01569723
0.01616106
0.05195405
-0.03854127
-0.00614078
-0.00219552
-0.02357407
-0.03849988
-0.03730787
-0.00413685
-0.01080704
0.02970284
-0.03776188
-0.04422024
-0.00905907
0.06190286
-0.04614143
0.04091540
-0.03367725
0.05389076
0.06477636
-0.01125871
-0.03722868
-0.00744213
0.00868704
0.04493760
0.02704722
-0.00430283
0.02298579
-0.02870819
0.01574545
0.02889435
0.04113577
-0.01831551
-0.02432407
-0.06326033
0.00085807
0.00755827
0.04610160
0.00707307
0.04639804
0.00420832
0.00928296
-0.00504916
-0.04618566
-0.04226809
0.04898012
-0.00007075
-0.02175309
-0.04596155
-0.03048560
-0.04341621
0.02005558
0.01201255
-0.01178285
0.05756453
0.02583325
-0.03882990
0.04173993
0.01432558
0.03769552
-0.00968753
0.03921624
0.04617408
-0.02549389
0.01954242
-0.03365590
-0.00804329
0.01971243
0.02360885
0.01052832
-0.04922093
-0.04883849
-0.03265923
-0.01865735
0.00617777
-0.01441189
0.04205382
0.01007681
-0.00790897
0.03442748
0.02373856
0.02519377
-0.04932745
0.00380541
-0.00843893
0.01688983
0.04041886
0.01291924
-0.07065282
-0.00777929
-0.04798679
-0.04793383
-0.03054687
-0.00474156
-0.00359944
-0.02088543
0.00759111
0.02110056
-0.05417510
0.02660508
-0.01353837
0.07971882
-0.01551280
0.01837837
-0.02757202
-0.02584843
0.00919214
-0.00793908
0.04045657
-0.00289683
0.02243149
-0.02878270
0.02146440
0.02486299
-0.03435662
0.00566845
-0.01709468
0.03583274
0.05055823
0.03649887
-0.05432319
0.03990247
0.09321909
-0.00532155
-0.01677520
-0.01176277
0.07581101
-0.00630668
-0.02626069
-0.02666636
0.04286737
-0.04872781
-0.03362301
0.01361351
0.03558495
-0.02408507
-0.02020485
-0.02078827
0.05713905
-0.01949034
-0.00675128
0.02519125
0.02960732
0.07596628
-0.01097337
-0.00202691
-0.04027702
0.01460153
0.01245325
0.04038248
-0.00854705
-0.02714059
0.02171748
-0.00562389
-0.05419279
0.01325108
0.01214322
-0.03736671
-0.01163993
-0.05303740
-0.01756654
0.04232393
0.01839965
-0.04160865
-0.04667837
0.00054558
0.01603918
0.02256339
-0.04012292
-0.04015198
0.02505112
-0.01303986
-0.02497736
-0.04126383
0.00530852
-0.00257017
0.00876318
-0.04129032
0.03238916
0.02339619
-0.01631509
-0.00254808
-0.01247328
-0.00357793
0.04178361
0.05454861
-0.01654723
-0.05349965
0.02498784
-0.00166169
-0.01607635
-0.03184487
0.05261614
0.03876304
0.03189464
0.01760237
0.03229537
-0.02984974
-0.03540230
-0.05092654
0.07241584
-0.01487292
-0.00798261
0.03026524
-0.00095367
-0.03250437
0.01148408
0.02042879
0.05673942
-0.02495543
0.04362649
0.00713064
-0.03553568
-0.04699587
0.00886922
0.02620231
-0.01707009
0.01374359
0.01445555
0.05196980
0.02285917
-0.02092865
0.01231761
-0.01646802
-0.01400676
0.05484223
0.04369097
-0.01242544
0.00510910
-0.04943781
-0.03792001
0.03583016
0.01231181
-0.01877853
0.00423466
0.04021627
0.00213324
-0.05826066
0.02189589
0.02870193
-0.02650240
0.03129605
0.01219044
0.03886733
0.00731883
-0.04570811
-0.05558038
-0.01372127
0.03574695
0.00874769
-0.02295511
-0.03016802
0.08026227
-0.02191744
-0.02733781
-0.04194931
0.04319717
0.01963336
0.02629221
0.04501298
-0.03556941
0.00031562
-0.02392249
-0.01929158
-0.02330319
-0.01942834
0.00062300
0.01615235
0.02509568
-0.01005786
0.02724970
0.01012218
-0.01332462
0.02959735
0.05367426
0.04633743
0.04704292
-0.00807929
-0.03014466
0.01346338
0.03192208
-0.03931697
0.03389508
-0.00353457
0.03356886
0.00390291
-0.04018067
0.02571170
0.03550380
-0.01177835
0.04061089
-0.02268836
0.03602993
0.03321664
-0.04929415
-0.04376456
-0.04721374
0.00055132
-0.00584538
-0.03549542
0.02293239
0.05140012
-0.03527812
0.02212621
-0.00556645
-0.00425779
-0.03555663
0.01910062
0.03272753
-0.00316934
0.04302456
-0.02963418
0.04870251
-0.03944957
-0.02227777
-0.01871651
-0.01806223
0.02829974
-0.02948163
0.04102681
-0.03832829
0.00425627
0.02168446
-0.02690239
0.03557585
-0.00005828
0.00198538
0.04569409
-0.03017435
-0.03968993
-0.02140046
-0.05879799
-0.01337069
0.03127895
0.03068700
0.04025531
-0.01301980
0.05007233
-0.02380995
0.01445049
-0.00260284
-0.02617867
0.03601566
-0.05019486
0.04116089
-0.03321351
-0.02161183
0.03233731
0.00966824
-0.02353960
-0.04563440
-0.04086952
-0.01949937
-0.00357399
0.00658170
-0.04407641
-0.05766136
0.04108758
-0.03955708
-0.01343396
0.02804438
-0.00770483
-0.00249826
0.01424517
0.01373054
-0.02091830
0.02258470
0.02055904
-0.02673215
-0.04904241
-0.02624199
-0.03489705
-0.05260351
-0.00372476
-0.00872579
-0.02752095
-0.03572703
-0.00942188
0.05615689
0.02678450
-0.03184271
0.01836441
0.00282496
0.05789256
0.02513746
0.03313825
-0.03103984
-0.01469125
-0.01701718
0.01356403
-0.04978850
-0.01082048
0.00930030
-0.03494833
-0.00296519
-0.03714000
-0.04968656
0.02824489
-0.01410755
0.04635674
0.01016103
0.01140811
0.03583413
-0.01881468
0.03751722
-0.01066773
0.00676263
0.00720086
-0.00330861
0.03796669
-0.01907697
0.00235505
0.03491001
-0.00671805
-0.03877205
0.03816973
0.04739235
0.04866796
-0.01656395
0.04061329
-0.00689481
-0.05792934
0.01672175
-0.03987620
0.01440103
0.01774620
-0.02395475
-0.04703640
-0.02750259
-0.01712308
-0.00640782
0.01443784
0.02562538
0.04782993
-0.03880134
-0.01301730
-0.02727650
0.04252465
-0.04724941
-0.02228422
0.02661812
-0.02366452
0.03860741
-0.04319232
-0.03861297
-0.03937875
0.04578549
0.00702158
0.00691364
0.01040143
0.03371380
0.03197823
0.00193654
0.03859764
-0.01816689
-0.00207242
0.01792728
-0.02478492
0.00095379
0.02795166
0.01119125
0.01052667
0.03870267
-0.00561990
-0.03856993
0.01261712
0.02267617
-0.00107234
-0.00614525
-0.03376267
0.06921262
0.01032228
0.06465351
0.03178552
-0.01996933
0.05844823
0.01623441
0.01947811
-0.04401851
0.00483191
0.04553200
-0.00225293
0.00668931
-0.02726323
0.01180178
0.01934345
0.00225507
-0.01768720
0.02302779
0.02677502
0.05392933
0.03482259
0.03881194
-0.00731069
-0.00195522
-0.02048540
-0.02834733
-0.04318234
-0.03392021
0.06055471
0.02711257
-0.05744799
-0.05546896
0.00148720
-0.02799764
-0.02646769
0.00867194
0.03290032
0.00306030
0.00265571
-0.00778219
0.01628224
0.02956599
-0.01147330
0.04227951
-0.02195547
-0.03967823
-0.02109719
0.00076055
-0.03656315
-0.00441245
0.00451647
-0.00878453
-0.02990902
0.00560110
0.02763117
0.06286135
0.01361147
-0.03919435
0.05366663
-0.02889884
0.03376883
-0.04982315
-0.03964942
0.05333227
-0.02935873
0.02619471
-0.02476558
-0.01517937
0.06426059
0.00745968
0.03402895
-0.03131718
-0.10878946
0.00675336
0.02220918
-0.03576707
0.01443368
0.04619526
0.00548596
0.01462877
0.04260824
-0.04972386
-0.05674251
0.04461590
-0.02595741
-0.03725931
-0.02814921
0.05811301
-0.01124365
-0.01981366
0.01037096
-0.01505382
-0.03988697
0.03718876
0.03668867
-0.02535829
0.01829563
0.12473533
0.02976227
0.00656495
-0.06088139
-0.01764260
0.03873839
0.03216452
0.00241893
-0.02694590
0.07393546
0.03682555
-0.03975490
-0.02329047
-0.03396824
0.03485106
0.03731944
0.00503334
0.01353060
0.07705390
-0.05975534
-0.01026724
-0.03537660
0.03076459
0.02489272
0.00333266
-0.00193355
0.00972840
-0.01879884
-0.06459806
0.03306831
-0.04208766
-0.13290240
-0.04911868
0.10904652
0.04609950
0.01418674
-0.02232504
0.01209222
-0.01380525
0.02121640
0.06969410
0.04876199
-0.02258435
-0.02841456
-0.03907734
0.03668979
0.04893787
-0.00265139
0.00579924
0.02019153
-0.01101615
-0.02037739
-0.01624640
0.02676818
-0.02942834
0.00762664
0.03591311
0.03608682
0.03173488
0.02951109
0.06426897
-0.05899382
-0.03123606
-0.00275787
0.05471291
0.03451088
0.00200420
-0.00372039
0.01833805
0.01661466
0.03895680
0.03862624
-0.02851085
-0.05569340
0.01499076
-0.01925640
0.01803051
0.04076642
-0.05900613
-0.02366640
0.04413727
-0.02219735
0.07422735
-0.01630658
0.01282107
-0.01101271
-0.02142914
0.07090992
-0.04163673
-0.00923495
-0.04040439
0.00925979
0.07086416
-0.04484837
-0.03956882
-0.05798051
-0.08717980
-0.00286984
-0.00668766
-0.02615066
-0.03383536
0.02346752
-0.01297492
0.04174197
0.03032271
0.07205856
0.00018891
-0.02601232
0.02016727
-0.06272103
-0.01941323
-0.01196661
0.07955575
-0.04035645
-0.03062743
-0.02048875
-0.04416725
0.00169706
-0.02561800
-0.01208149
0.02904997
0.01171841
-0.01879104
0.05162567
0.02851212
0.02388589
-0.00370739
0.08833937
0.00644226
-0.03151306
-0.04512732
-0.03697257
0.05404837
-0.03986784
0.01061782
0.03869248
0.05604890
-0.03781274
0.03186141
-0.05874768
0.04817155
-0.04209321
-0.02790262
-0.00149056
0.00439003
0.06679536
0.04582248
0.04409533
0.01737292
-0.01358119
-0.02702134
0.04358454
-0.06735115
-0.02465268
-0.04754275
0.02062065
-0.08338043
-0.02736960
-0.00161391
0.06742595
0.05901781
-0.01814322
-0.01367763
0.00511245
-0.03745104
0.01391556
0.03664462
-0.02585123
0.02536759
0.01453536
-0.04143426
0.07974914
0.00776910
-0.04403935
0.04110530
-0.02821819
-0.04449887
-0.02414086
-0.01523233
0.01267199
0.05540565
0.01901645
-0.04615922
0.09040070
0.06724281
0.01756082
0.06352233
0.08301077
0.02494181
-0.01368537
0.02898603
-0.05297783
0.01728410
0.02604452
0.02761082
0.04607409
0.04081771
-0.02127283
-0.03046467
0.00662794
0.01166448
-0.03227331
0.02436868
0.04042048
-0.00574367
-0.04657703
0.03836898
0.03046245
0.00341018
-0.02479981
0.03635814
0.03691123
0.02263008
-0.00345107
0.00388907
-0.04741052
-0.01194239
0.01544535
-0.01841847
0.04248472
0.01550112
-0.04278800
-0.02035743
-0.00252345
-0.00598158
-0.00394581
-0.03226580
-0.00131044
0.01507691
-0.03142584
-0.00433609
-0.02617400
0.00783134
0.06903909
0.04905484
-0.02581181
0.07101774
-0.01602794
0.04691578
0.01603711
0.02016873
-0.05639466
0.01970238
-0.00802321
0.00849122
-0.00886268
-0.05019083
0.02543250
0.04329150
0.00837206
0.00915368
-0.02123461
0.02285527
-0.02942288
-0.02173547
0.02733797
0.06594607
0.00595323
0.00357788
-0.00196592
-0.00205486
0.01274127
-0.04614842
0.02970304
0.01215378
0.02789971
0.03952486
-0.00050318
0.02917795
0.00710439
0.03332948
0.02882865
-0.01652890
-0.04552482
0.00314685
-0.03688541
-0.01286394
0.03788862
-0.01832525
-0.02786210
-0.04189777
0.03057118
0.03379050
-0.03116155
-0.05887901
0.00984481
0.04738296
-0.05180624
0.00548014
0.07772036
0.01293848
-0.00399569
-0.00086660
0.02968252
0.04746804
-0.03127668
0.04124948
0.02357522
0.00928229
-0.02924896
-0.06015865
0.01976378
-0.03055613
0.02199435
0.00827882
0.02136819
-0.03433713
0.00356435
0.04448115
0.01262782
0.00948268
-0.02158480
-0.02712474
-0.02817508
0.03336284
0.00474989
-0.03756593
0.03821171
-0.04350474
0.03657457
-0.01621997
0.00795179
-0.04655613
0.05201507
-0.00376605
0.02052824
0.00512072
0.01633401
0.02169702
-0.04358819
-0.03518632
-0.03528418
0.03179445
-0.02567055
-0.07096838
-0.01837332
0.02354312
-0.01938878
0.06941605
0.03712872
-0.02882116
-0.04712349
-0.00705887
-0.02662945
-0.04050449
-0.01471442
-0.00358722
0.01660883
0.02381883
-0.00181729
-0.00365787
0.00842158
0.04687091
-0.05630181
0.01309661
-0.01866008
-0.00994048
-0.00958279
0.01064791
-0.01704664
0.04436608
-0.00670240
0.03102556
-0.02266091
0.04732176
-0.07129438
0.01030327
-0.01649206
0.01827081
0.01285697
-0.01569560
-0.01115046
0.00290750
0.00329401
0.00722150
-0.04063771
-0.04612009
0.02549371
0.01296329
0.02007614
-0.04481972
0.01891029
-0.00186317
0.04687366
0.04984139
0.00401807
0.03841848
0.02274855
-0.02122243
-0.02454108
-0.01321815
0.00209812
0.03460841
-0.02812636
-0.04804458
0.02377957
-0.01992926
0.03165757
0.02386216
-0.00396968
-0.06201687
-0.00848939
0.06807727
-0.01827383
0.00398324
0.04493436
0.04959136
-0.04019226
0.02518371
-0.01355435
-0.04192669
0.01797245
-0.02139871
0.04508757
0.02856628
0.02129471
-0.04260137
0.04819198
0.00660437
-0.00555487
0.00156891
0.02564947
0.03656740
-0.01553269
0.03419850
0.00258526
-0.00996608
0.07241628
-0.00590905
-0.03921665
0.06056538
-0.01268855
-0.04715073
-0.03468470
0.04916805
-0.04995874
-0.01721434
-0.04552834
0.03521372
-0.01761266
-0.03817488
-0.00606717
0.04220584
0.05292602
0.01076048
0.04363944
0.01660502
-0.02805435
-0.00154913
-0.00307613
-0.03315269
0.06432043
0.03682487
0.01343113
-0.02413910
-0.00035294
0.04956524
-0.03113057
0.00597091
-0.04884212
-0.02720989
-0.05428500
0.00419524
-0.04213071
-0.02580951
0.04706406
-0.03722035
0.05786410
-0.03780632
0.07220738
-0.01032130
0.02821363
0.02917379
-0.04785692
-0.00215050
0.00664549
0.00330551
0.01678984
0.03628593
0.03783158
0.00084842
-0.03100231
0.00588190
-0.03026629
0.00980785
-0.06367221
0.01809874
-0.03951307
0.05778374
-0.00547729
-0.02916016
0.00333049
-0.00561965
-0.02818155
-0.04315284
0.01699154
0.02893464
0.02798015
-0.00123317
0.00693318
0.01226366
-0.03576579
-0.04843858
0.02388765
0.02498790
0.03020075
0.02363075
-0.00214376
-0.03064529
-0.03173134
0.00759198
0.01466599
0.00618777
-0.03963669
-0.03477323
0.01344238
-0.01481884
-0.00729368
0.02529195
0.01794223
-0.01513735
-0.01907551
-0.03235475
0.05609586
0.04314940
-0.05667269
-0.04250275
0.01484801
-0.01469589
0.02355409
0.01552727
0.02258560
-0.01733089
-0.01468807
-0.02778032
0.04121549
0.01781334
-0.00817432
-0.01221418
0.00107779
0.02185957
0.02011972
-0.00897080
-0.03036965
0.02076376
-0.00161703
0.00361747
0.01522950
0.04637158
-0.03948542
-0.03068987
0.02708611
-0.00158842
0.01080317
-0.03415702
0.03386368
0.00032260
-0.05958029
0.03092195
0.02125648
-0.03076416
-0.04565267
-0.04205913
0.02641989
-0.00369291
-0.02797771
-0.04448948
-0.01624452
0.02549972
0.04117892
-0.03352650
0.02016867
-0.01287181
0.02871256
-0.02116124
0.00933001
-0.06151825
0.03695897
0.02365348
-0.00174402
-0.01968327
0.04894184
0.03061605
-0.04844400
-0.01501274
0.00984426
0.02377215
0.02286878
0.00474951
-0.01031476
0.01933333
-0.03168304
-0.01002821
-0.00745501
-0.00361094
-0.05556322
-0.01490066
0.00402997
0.01450551
0.01798768
0.02687339
-0.01790727
0.01660638
-0.00809595
0.02751791
0.03546807
-0.02043038
-0.03769819
0.06283914
-0.02168632
-0.05590798
-0.04990138
-0.05607021
-0.04760999
0.00962850
0.02068905
0.01090973
-0.04945170
0.02257283
-0.00398462
-0.04701049
0.00232575
0.01621693
0.02822522
0.06249864
-0.02065501
-0.00612141
0.02351491
0.00056427
-0.02623102
-0.02079261
-0.01968855
-0.03068448
-0.01886895
0.05269983
-0.03004385
0.05749797
0.03986797
0.01460649
0.04876760
0.04162242
0.03599913
-0.01414792
0.01931779
-0.00872143
0.01010997
-0.01050838
0.00611330
-0.01613268
-0.02157255
-0.00322944
-0.03770762
0.04394147
0.01503442
-0.02282402
-0.01570091
-0.00055576
0.02995124
0.02889796
-0.04541204
-0.01474558
0.04474289
0.03485676
0.04616241
-0.06381844
0.04707335
0.02075521
0.03098950
0.01284273
0.03850085
-0.00203392
-0.01345103
0.00773598
0.02010303
-0.03338710
-0.00076765
-0.02804016
0.04712684
0.01391229
-0.03545839
0.01122906
0.00932319
-0.03991653
0.03129739
0.01241643
-0.02071588
-0.02272044
-0.03028338
-0.05510560
0.01381806
0.04926905
0.05424066
0.04052689
-0.02640389
-0.03174511
-0.00157449
0.05140466
0.00807622
-0.00945742
0.00293375
-0.01144542
-0.03390350
-0.02356090
0.03527588
0.02826791
0.02744865
-0.01933612
-0.04400167
-0.06562694
0.00781748
0.02149532
0.00550242
0.02818270
0.05477512
0.01011132
-0.01774189
0.04544598
0.03021944
-0.01640446
-0.01081705
0.03162080
0.01049433
-0.02895319
-0.03566018
0.06273720
-0.00730883
0.03301428
0.00270690
-0.00315457
-0.00856359
0.00091347
0.01507402
-0.04656748
0.03257312
0.05111283
0.04603400
-0.02142308
0.04597661
-0.05898318
-0.04170844
-0.00018392
-0.01404731
-0.02775734
-0.01708915
0.00900174
0.00426377
0.00791045
-0.02677991
0.01700415
-0.04986126
-0.01418364
-0.04420231
-0.01479482
-0.01031505
-0.03016634
0.05212559
0.04334695
-0.03823645
0.04120466
-0.00364747
-0.02324821
-0.01966753
0.00553834
-0.03699310
-0.03768674
-0.04210529
0.02060333
-0.00631851
0.03854655
0.03491271
-0.00805876
-0.05516461
-0.01103435
0.07485743
-0.02650162
0.01465915
-0.02737482
0.00341370
0.05236905
-0.04517767
0.04472334
-0.03420618
-0.00619407
-0.02866201
0.05013533
-0.02272793
0.02220307
0.00210997
-0.00938859
-0.03659870
0.02874388
0.02027147
0.05825612
0.02504636
-0.03196998
0.02740690
0.03608230
-0.03119208
-0.03072331
-0.03558780
0.00144551
-0.01686582
0.02502515
-0.00071328
0.03945767
-0.02124878
0.00558145
0.00701405
-0.02607767
-0.01524762
-0.01376393
-0.04171925
-0.00946333
0.03499927
0.04626638
0.01634377
0.03807870
0.00707994
0.04798880
-0.04721704
-0.01098113
0.02479251
-0.00329918
-0.03073746
-0.03832636
0.04707804
0.00404714
-0.04384774
-0.01654579
-0.03683202
-0.01107452
-0.04402247
0.01040885
0.00394428
-0.04295845
-0.00668059
0.03443239
0.03081286
-0.03496999
0.00519843
-0.05344944
-0.04080255
0.04651513
-0.01061350
0.02946863
-0.01396613
-0.03567473
-0.01497878
0.03069483
-0.03684464
0.01344460
0.07011080
-0.04490527
-0.01211919
0.04502297
-0.06187005
0.03879718
0.01193966
-0.04315368
0.00263528
0.05343536
0.00634055
-0.01571839
-0.00385074
-0.02310406
0.00216948
-0.03627059
0.05514521
-0.04112804
-0.05157795
-0.03058364
0.06148692
0.03558359
0.01310834
-0.00017868
0.00520183
-0.00776355
-0.03080444
-0.05584840
-0.04413150
-0.01447449
-0.00832794
0.08495566
0.04311346
-0.04063147
0.03022126
-0.00288659
-0.02453040
0.02616504
0.02848213
0.00399932
0.04484636
0.03326879
-0.02557944
-0.00149361
-0.01915822
-0.00907027
-0.00054019
-0.03500133
-0.00587166
-0.03003339
-0.04867217
-0.00346162
0.05168639
0.01005419
-0.00612614
0.04063643
-0.01069826
-0.03457687
-0.02851093
0.02680698
0.01604003
0.03860530
0.03843528
-0.00910920
-0.02227853
0.01776761
0.04910408
0.01694643
-0.01772020
0.04809895
0.01597321
-0.04357629
-0.01914107
-0.01336032
0.03893058
0.02343297
-0.00513705
-0.01670384
0.01777667
0.02853438
-0.02012690
0.04097570
-0.02624222
-0.02576306
-0.00864020
-0.00680683
-0.02144508
0.01415286
-0.01259412
0.01408131
0.01585631
-0.02818154
-0.00941059
0.03180875
0.03905875
0.03916671
-0.00566606
-0.03485537
0.03236851
0.01099319
-0.02506253
-0.02974754
0.03691708
0.04067645
0.03272435
-0.01006153
0.02122028
0.04591264
0.00391578
0.04408306
0.04387297
0.00551137
0.03843070
-0.03857592
-0.03561455
-0.03762397
-0.03278334
-0.00307552
-0.04411545
-0.03062562
0.00830031
-0.04559119
0.03946698
-0.00432615
-0.03056981
-0.00573717
-0.01971763
-0.04919329
-0.04573551
0.01052943
-0.01760904
-0.03498298
-0.04701778
-0.04712886
-0.00078329
-0.00457734
-0.00846977
0.02645716
-0.01117060
0.01096392
-0.02157484
0.00357996
0.00762587
0.03255130
-0.00983646
-0.01589530
0.02181402
0.04091085
-0.04998422
-0.02840266
-0.02222659
0.01435815
0.03478570
0.03822414
-0.04512769
-0.00629428
0.04566597
-0.01909079
-0.04833247
-0.00102652
-0.01701571
-0.04276999
0.01161647
0.00998393
0.00229464
0.03284528
-0.03474453
-0.03845147
-0.03215792
0.00126839
0.04511780
-0.03870663
-0.03849444
-0.00628604
0.04846698
-0.01629006
-0.04579397
0.03128209
0.01368440
0.01185864
0.03629167
0.02971114
-0.00099129
0.03088230
0.00353696
-0.00312118
-0.04929987
-0.04601502
0.00378215
-0.00602449
-0.01521480
-0.04276642
-0.01211633
-0.00313852
-0.00882129
0.04791641
-0.05564239
0.02050567
0.03910141
0.02041316
-0.02349004
0.04770480
-0.05072090
-0.00575322
0.01577381
0.00726320
-0.04546397
-0.02610797
0.02217805
-0.00127079
0.04666808
-0.03939605
0.03774596
-0.04710209
-0.02386893
-0.00087752
0.04485754
0.00984662
0.01525353
0.01088894
-0.01478417
0.00335324
0.01616442
0.04363989
-0.01891982
-0.04024360
0.01449340
0.02077720
-0.03202466
-0.01372962
0.03874252
-0.04218213
-0.01671053
0.02440106
-0.02876714
0.01545689
0.00084703
0.04603550
0.03385887
0.01749302
0.03503993
0.02469547
0.04554808
-0.05138053
-0.01507404
0.02558033
-0.04660235
-0.01562234
-0.01107070
0.04402982
-0.03847649
-0.00565441
-0.03016998
-0.02284723
0.02916466
0.02367968
0.00653896
0.00520968
0.03650042
0.03300748
0.02783313
-0.01152512
0.01348558
-0.00557554
0.00844313
0.03438020
-0.02099643
-0.02585382
0.03987874
0.01847473
-0.01221899
-0.02499242
0.04875876
-0.04520524
-0.02805298
-0.04247382
-0.01657012
0.01926326
0.02327782
0.01114897
-0.00636950
0.03082064
-0.01353214
0.01707839
0.00006280
0.01774775
0.00809853
0.04858979
0.04440153
-0.03188905
-0.01189135
0.03377910
0.03454035
0.00939958
-0.02090484
0.00383060
-0.02043105
0.01028304
-0.03386671
0.00077942
-0.03979914
0.02065937
0.00203410
0.04720880
0.02930230
-0.03768173
-0.04730306
0.02584903
-0.02806931
0.03794759
0.04986711
-0.00274074
-0.01339884
0.03555689
-0.02359361
0.02504151
0.00310827
-0.05374032
-0.03070192
0.04259366
-0.01893740
0.03913775
0.02634602
-0.00860964
-0.04843370
0.03152457
0.04118383
0.02177187
0.04448262
-0.01443062
-0.02530912
-0.04314429
0.01433721
-0.04128111
-0.01766073
0.01314004
-0.03732017
-0.02898130
-0.01670682
-0.01628153
0.01899887
-0.04442897
0.00339792
0.00724798
-0.01202864
0.03738058
0.00149606
-0.02188691
-0.02691422
-0.03142002
-0.00275790
0.00723809
-0.01912077
0.00243606
0.02131893
0.00582954
0.02407602
0.03635309
0.00905409
-0.00911390
0.04109435
-0.03873305
0.02825037
-0.00589886
0.01394378
-0.01835052
-0.05919290
-0.01311271
0.02804883
0.07753043
0.03938944
0.01641036
-0.01294433
-0.04722318
-0.01014602
-0.02766631
-0.03363923
-0.00873890
0.01841160
-0.04385881
-0.03317541
0.01421767
-0.03728066
-0.02294557
-0.04403877
0.02174299
0.04707466
0.00273813
-0.03361848
0.00651809
0.01712214
0.02953969
-0.00033144
-0.00124818
0.03535942
-0.02338108
0.01880088
-0.01200508
0.03794263
0.06801503
0.01991287
-0.02572046
0.05967875
0.00205717
0.06688759
0.02600803
0.04978350
0.00293271
-0.02037036
-0.06735148
0.00898398
0.00950536
-0.04222824
-0.02549228
0.02788673
0.03008161
0.04227002
-0.02072354
0.04230069
0.01293192
-0.00353302
0.04492293
0.02055594
-0.02146336
-0.04011489
0.03401605
-0.03620868
0.02276277
0.02537392
-0.01107558
-0.04174109
-0.00805004
-0.05451845
-0.00030627
-0.00854959
0.00000583
-0.05583057
0.01895759
0.00013963
0.01512121
0.07253625
0.04308596
0.05680938
0.02103088
-0.03889199
-0.01131631
-0.02192800
-0.05716554
-0.00322085
0.00843691
-0.02631222
0.00585570
0.04446840
0.02137456
0.00522798
-0.03636380
-0.04430030
0.02551878
0.04485035
0.00977103
-0.02801903
-0.06082001
0.00077967
-0.01166573
0.02152008
0.03537341
0.02178455
-0.03300808
-0.04940103
-0.01780246
-0.07665385
0.01266702
-0.04624235
-0.02467671
-0.01274253
0.01872130
-0.06009721
0.03103960
-0.02251277
-0.00824233
0.05303071
0.02260687
-0.03500075
0.01824181
-0.02093672
-0.00457862
-0.03611763
0.04161061
-0.02639479
0.02799905
-0.03851964
0.03003969
0.03086258
-0.00681885
-0.00688455
0.05029384
-0.05322906
0.02161400
-0.00392038
0.06650376
-0.02966595
-0.03219115
0.01207554
-0.01097789
0.03794723
-0.00702772
-0.02584325
0.01302816
-0.00068162
-0.01124785
0.02634772
-0.06858663
0.04651016
-0.04903988
0.02848010
-0.01023717
0.04481608
-0.02396870
-0.03452646
0.03965437
0.02917048
0.04099451
-0.03018734
-0.04004992
0.04340978
0.01826146
-0.04331595
-0.06540257
0.00822955
0.05503022
0.03246874
0.00164436
-0.03241052
-0.03016043
-0.04026797
0.02770647
-0.06141494
-0.00727136
0.03649693
0.06104109
-0.01772005
-0.04634477
0.03256896
-0.05296938
0.01420691
0.03357558
-0.01726787
-0.04230605
-0.06770670
0.04259419
-0.03567627
0.01617910
0.04018854
0.00137849
0.00961419
-0.01178347
-0.00092058
0.03458587
0.01587263
0.02668906
0.02198020
0.06108348
0.00550075
-0.05029428
-0.00189917
-0.00065080
-0.01088577
0.03649322
-0.00153668
0.00544482
0.04221347
-0.01496534
0.04746188
0.03139265
-0.05136627
-0.05151171
-0.04663345
0.05233570
-0.01008895
-0.01543059
-0.03981093
0.02364820
0.04931514
0.00531031
0.00361035
-0.02199949
-0.00800479
-0.02720577
-0.01767100
0.03666201
-0.04117023
0.07559928
0.02572361
0.07748617
0.01086176
0.00270269
-0.04477111
-0.00747808
0.05100592
0.07102532
-0.02144828
0.04773958
-0.00436399
-0.01519123
0.04023503
-0.03103017
-0.00136470
-0.02834673
0.06165737
-0.03691563
-0.06703243
-0.02894361
0.07397139
-0.02177307
0.05335961
-0.01238516
-0.00925732
0.00794444
0.00756842
-0.04906613
-0.06708419
-0.02398028
0.01572986
-0.01458337
-0.00996167
0.00573027
-0.00585963
-0.00586038
0.04696192
-0.04517626
0.00402183
0.05058980
0.02506403
-0.02435195
0.02940014
-0.03082842
0.02512099
0.05622966
0.02461625
0.02668150
0.03613170
-0.00512261
0.01535929
-0.01838227
0.02989460
0.00873128
0.02651417
-0.05616920
0.03909815
0.03608242
-0.00851203
-0.03763491
0.00949315
0.00232768
0.01261382
-0.01191472
0.00678353
0.04055309
-0.04949078
-0.00544647
-0.02813989
-0.02961540
0.06012980
0.02112930
0.00553251
0.08066773
-0.03586818
-0.00518091
0.01572552
0.01687247
-0.05021523
-0.00946958
0.03381566
0.01250946
-0.05886238
0.02714003
0.04241391
-0.04681743
0.01307510
-0.00258977
-0.02940757
-0.01569312
-0.00479492
-0.00769461
-0.03369506
0.10294084
0.05591024
-0.04971456
0.03233936
-0.02896159
-0.02043815
0.02197101
-0.02740081
0.00799762
-0.02073833
-0.01301652
-0.01709979
0.01447597
0.00102363
0.00591873
0.00163811
-0.00387947
-0.02135481
0.00761335
0.06237303
-0.02099606
0.03118904
0.03272732
0.06374864
-0.05935372
0.01395301
0.02948244
-0.02929571
-0.02592350
0.05013680
-0.01187498
0.04682036
0.06210975
-0.02645345
0.03563863
-0.03453671
-0.03043463
0.04753574
0.03824925
0.03269836
0.02164416
-0.00826166
0.05290744
0.04542382
0.01837328
-0.02494137
0.03155413
-0.02277935
-0.03675565
-0.04705396
-0.04455348
-0.01384015
-0.02198372
0.01753833
-0.04406589
0.02607436
-0.03160278
0.01794743
0.03856456
-0.03775218
0.04363886
-0.03484625
0.00330136
0.02609089
0.02701048
-0.01080677
0.01413494
0.00522216
0.04552796
0.02058180
-0.04609364
0.05195559
-0.05338242
0.01968708
-0.01648327
-0.04249256
-0.05210520
0.00974637
0.00226324
-0.02689910
-0.00659888
0.05222820
0.06881511
-0.04152738
-0.02437732
0.00322928
-0.06126440
0.03177420
0.03143668
-0.04865954
0.03516646
0.05555783
-0.08033738
-0.00159859
0.06124787
0.00757641
0.05022886
-0.06013216
-0.00384674
-0.03863160
0.00210165
0.05821769
-0.02625656
-0.03931284
0.00463044
0.05483949
0.01272757
0.06759892
0.02294683
-0.02286303
0.00802114
0.01971745
0.05350374
0.00668454
-0.03720700
-0.06222730
-0.00566817
0.02857914
0.00317267
0.04875822
0.00081228
0.01840556
-0.00107942
0.01885322
0.03667860
-0.04891155
0.02945282
0.00200333
-0.00817213
-0.04223064
-0.02358470
0.04700620
-0.01191352
0.04252098
0.03111645
0.03221422
0.03041313
0.00397884
-0.03444504
0.02330311
-0.06270371
0.00492429
-0.05022383
0.06573116
-0.01155478
0.07113883
-0.01557114
-0.04152482
-0.00013441
0.05437161
0.06234347
-0.01979106
-0.04005648
0.03515579
-0.06410743
0.03639083
0.03959006
-0.01244780
0.02926866
-0.00191263
-0.02067174
0.01425446
-0.05337686
-0.02379240
-0.03069367
-0.01691412
0.01314534
-0.01988606
0.03907324
0.04039475
-0.06191874
0.03579510
-0.02942950
0.03558600
-0.00451626
0.02048205
0.00390426
-0.02544297
-0.03605425
-0.05432397
-0.00585506
0.03204465
0.00252322
-0.02739443
0.00452752
0.02093851
-0.02617008
0.05284481
0.00306336
-0.05159665
0.00892278
-0.00091554
-0.04408431
-0.04581266
0.05143096
0.02018355
0.04680705
0.01751134
-0.03032614
-0.00680528
-0.00873725
-0.01758576
-0.02944950
0.04427668
-0.01590056
0.03714762
-0.01450815
-0.02046635
0.01060082
-0.00572906
-0.03907369
0.05412927
0.02627070
0.06301539
-0.01503782
-0.02487430
0.02461450
-0.03377650
-0.03625851
0.03507714
-0.02731462
-0.00575623
0.02848017
0.03915127
-0.00295658
-0.00611742
0.01282102
0.01238183
-0.04144683
-0.02227386
-0.04790281
0.02925001
0.02456135
0.02651330
-0.01900066
0.02126146
-0.06718121
0.01093436
0.02248594
-0.04192995
0.01050682
-0.00169036
0.02247030
0.01305238
-0.03943374
-0.04908106
0.06501874
0.02098036
-0.04002427
-0.02056964
-0.02796016
-0.03306729
-0.03029557
-0.04064082
0.00072268
-0.01955483
-0.04028718
-0.04060485
0.03358976
-0.07442754
0.04810977
0.02600041
0.00967375
0.03703067
0.02244810
0.02106278
-0.02326054
0.02103586
-0.04584946
0.03368610
-0.03084099
0.01900852
-0.00327151
-0.03903850
-0.05079157
0.00792879
0.01802424
-0.03289040
0.01010338
-0.01864498
0.04511293
0.00166481
0.01633982
-0.01161668
0.05369050
-0.04730235
0.03562856
-0.05381611
-0.03690886
0.00208314
-0.00597919
0.03947863
0.04692514
-0.00795717
-0.01676847
0.03204706
0.02397237
-0.04635748
-0.03786802
-0.04795654
-0.06137602
-0.06508167
-0.04718708
-0.03305378
-0.03774833
-0.04106574
0.02971251
-0.03927777
0.00102478
0.03774844
0.03445740
0.04454878
-0.00219290
0.02078889
-0.01890935
-0.01716055
-0.02722799
-0.02888644
0.01381297
0.02658083
-0.05594836
-0.00263015
0.01197922
-0.00941103
0.00440778
-0.01319005
0.01376433
-0.00602652
0.03835355
-0.00705600
-0.00238608
0.04528587
0.03559278
-0.03094484
0.00131960
0.02716982
0.04970038
-0.00552333
0.00039123
-0.05765766
0.01373899
0.02964644
0.03020063
-0.03636037
-0.00038943
-0.01083955
0.03543298
-0.01191026
0.02293411
0.00571351
0.04776835
-0.00382262
-0.00515936
-0.02723272
-0.04131827
-0.03104107
0.02454679
0.00949355
0.00074092
-0.00556969
0.03172455
0.00175361
-0.01870872
0.03874562
0.02553184
-0.00505863
-0.04345861
0.00966426
0.01279176
-0.01241975
-0.01463387
0.04497091
0.00339707
-0.02943113
0.00266575
0.00876313
0.01546847
-0.01264308
-0.04073104
0.04239273
0.01446644
-0.00832311
-0.01072423
0.01459482
0.01391867
-0.03598651
0.00663680
0.00663270
0.00375692
-0.02277236
0.04716008
-0.02310811
-0.05386007
0.04582555
0.00628605
0.03218369
0.01687500
-0.01830372
0.05410429
0.02467479
-0.04230112
0.02569428
-0.04851208
-0.00794462
0.03643955
-0.03888516
0.01124818
0.00059936
0.00569432
0.01362745
-0.04452550
-0.00289705
0.02050131
-0.01767245
0.05836521
-0.00761825
-0.02757020
-0.04673601
0.05812516
0.04323145
0.04060036
-0.00686053
0.04470215
0.02245438
-0.00991475
0.05084528
0.06180169
-0.03760501
0.02507549
-0.04655956
-0.02955639
-0.01241417
-0.02314743
-0.00691902
0.06205574
0.03443591
0.04301939
-0.06510679
0.00852690
0.01513163
0.02137345
0.01930331
-0.00204660
0.04854584
-0.02056079
-0.01557119
-0.04141138
-0.05826873
-0.02925473
0.04731057
0.03349095
0.03410162
-0.00106021
-0.00073823
0.03434373
0.03676461
-0.03908451
0.03984322
0.04234180
0.02862446
-0.04052462
-0.01245730
0.00492639
0.00893722
-0.03158027
-0.04116331
0.03414389
0.02097393
-0.01191408
-0.00200047
0.02872736
0.02471620
0.03737446
0.04020428
-0.01511914
0.00370447
0.04882355
-0.03304263
-0.03473015
-0.00580490
-0.03468608
0.06004331
0.05505225
0.00558311
-0.03382128
0.03727354
-0.03208319
-0.02402494
-0.01649264
-0.02809965
-0.02374736
0.02711612
0.01581547
-0.03329488
-0.03531907
0.01930097
0.01366570
0.03324544
0.04893283
-0.01025505
-0.03334280
0.02940558
-0.06049905
-0.04003175
-0.04597997
-0.04051727
-0.02256552
0.04437716
0.01731521
-0.02136559
0.01168386
0.02225560
-0.03035611
-0.05549635
-0.00381351
0.06014199
0.05048884
-0.05596953
0.02440279
0.03553931
-0.02419591
-0.00139380
-0.00143620
0.02365379
-0.04680507
-0.02240952
0.02126348
-0.00124729
0.00897190
0.00773012
-0.03024520
0.02525412
0.03446714
-0.04108029
-0.00178620
-0.01819437
-0.00004221
-0.04827435
0.04167914
-0.04415268
0.03843336
-0.01246788
-0.01920714
0.03675698
0.01662928
-0.04058414
-0.03630758
0.02667072
-0.00967241
0.00764526
0.03624295
-0.04364084
-0.03793902
0.04816484
-0.04725683
-0.01535584
0.04126039
0.01562373
-0.03639134
0.05706712
-0.04549820
0.03116866
0.06974923
0.04174116
-0.04476854
0.01487651
0.00804911
-0.04435452
0.04617516
-0.02764031
0.02740524
0.04113686
0.02739833
0.06292585
0.02755299
0.04821391
0.02220414
-0.04235912
0.01167221
-0.04661813
0.00124566
0.02821107
0.04556679
0.01185391
-0.02743226
-0.03384728
0.03859780
0.00622553
0.00661252
0.02030624
-0.03526977
0.00272056
-0.05466223
-0.01922785
0.00529486
0.03006366
0.01127395
0.02563303
0.01201425
-0.01113058
0.04717336
-0.00921785
0.04482862
-0.01331541
0.04809579
-0.02986438
0.00265317
0.00436018
-0.02061989
0.00202913
0.04896152
-0.03178981
0.03035343
0.00402823
0.05669944
-0.00940273
-0.02010920
-0.04237410
0.03281241
-0.03532381
0.03515569
0.06675977
0.03254145
-0.00910351
0.01193432
0.01994148
-0.01410714
-0.00503964
0.03619727
0.01270332
-0.01154990
0.03182802
-0.03714721
-0.02452598
0.03731257
-0.01108555
0.06497194
-0.03394839
0.04000723
-0.05760973
-0.03169862
-0.05217647
-0.03158543
0.03421677
0.05243674
0.02721873
-0.01799468
-0.04708923
-0.03468719
0.00368603
0.04872685
-0.00630784
0.00221906
0.02511368
0.00623075
0.03771327
0.07489485
-0.02343332
-0.00211131
-0.03105508
0.03956415
0.04491234
0.00245218
-0.02121972
0.00367710
0.04603440
0.05178423
0.04867881
-0.05507631
0.01283791
0.01171301
-0.02001480
-0.04608675
-0.01709838
0.04705223
0.00320020
0.04600317
0.04240805
-0.03142262
0.02015979
-0.02579806
0.01742973
0.01501782
-0.03869728
-0.02216634
0.00647448
-0.02686127
-0.02992075
-0.00755543
-0.03895441
0.03239644
0.00958506
0.01374355
-0.03697818
0.04587938
0.05591445
-0.04157913
-0.03466275
-0.03537133
-0.02747275
-0.04697720
-0.02651392
0.02998803
-0.03512106
0.02613069
0.05025799
0.03739399
-0.00711100
-0.01414664
-0.03514422
0.06446979
0.00777496
0.02397464
-0.05334077
0.02518196
-0.04555367
-0.03330572
0.01138821
0.01406214
0.04317425
0.04840750
-0.06947172
0.01298877
-0.00317670
-0.01306698
-0.05402353
0.01726756
0.00941515
-0.01331418
-0.04398241
0.06146668
-0.04788358
0.01117283
0.03874832
0.06322337
-0.00746249
0.03117536
0.04649188
-0.02340453
-0.04056206
0.04671953
0.06187620
-0.02655451
-0.02006519
-0.04936142
-0.01663739
-0.01703316
0.04938227
-0.03665256
0.04839877
0.02869643
0.04668744
0.00623611
-0.02319266
-0.00651072
0.05042010
0.02639571
-0.00048287
0.00738208
0.03381205
0.02572067
0.01191169
0.04751686
-0.03622079
0.00429141
0.04683114
0.00170282
-0.03996529
-0.01020972
-0.03318340
0.03998017
0.04861335
0.01945416
-0.02359911
0.01918803
-0.04502666
-0.04460992
-0.02746913
-0.03055576
-0.00212591
0.02773329
0.06649134
0.01154234
0.02159625
-0.00477172
-0.03677790
-0.04832591
0.03331353
0.03160627
-0.02722987
-0.01031506
-0.02067133
0.04860550
-0.01675401
0.04049204
-0.00581128
0.00510219
-0.01467596
-0.01886019
0.07959774
0.01712324
-0.04650434
-0.03055651
0.01857080
0.03113947
0.02236328
0.01815266
-0.03388246
-0.04721422
-0.01801000
0.01192792
0.04060833
0.05101831
-0.00253143
0.01542177
0.03074847
-0.02472815
0.04113090
0.03027355
-0.00436553
-0.00454522
0.03224609
0.06029804
0.00717327
0.02897197
-0.04358250
-0.00682885
-0.00250302
-0.00057811
0.04615283
-0.00543576
-0.02144638
0.02715925
0.04840719
0.02576856
0.01047250
-0.00502069
0.01490654
0.00685195
-0.04963892
0.01603585
0.00350646
0.02352167
-0.00327055
-0.02070272
0.04789630
0.07330668
0.02073117
0.02054695
-0.04141880
-0.03281406
-0.01397025
-0.00790683
-0.03435474
0.02121218
-0.04242476
-0.02376176
-0.02275287
0.03997750
-0.04669015
0.03911614
-0.01225087
-0.02620599
-0.00403194
0.03791828
-0.02957735
-0.04264872
-0.03744182
0.00533385
-0.03518809
0.03386511
-0.02008307
0.03948231
0.01219705
-0.03249266
-0.00555240
-0.01636853
0.04275134
0.03605048
-0.03155474
-0.00269632
-0.00614320
-0.01617688
-0.00434992
-0.01839943
-0.04925192
0.04599952
-0.05586531
-0.03111427
0.02013365
0.00284589
-0.03660795
-0.00549699
0.00019456
0.05135267
0.02672559
0.00121913
-0.03855216
0.04501223
-0.03625424
0.05160417
-0.02842244
-0.01628960
0.03745108
-0.00774459
0.02012990
0.05755471
0.02930611
-0.02178792
0.02967417
-0.02367388
0.00322281
0.01927318
-0.02406519
0.02634447
-0.00964993
-0.03658400
0.04017979
0.03068416
-0.02612787
0.02084859
0.00154988
0.02643770
0.05529867
-0.06287378
0.00475223
0.04923065
-0.00826836
0.04747105
0.00389336
-0.03470872
0.00777231
-0.00381162
-0.03937517
0.04073663
-0.00042748
0.01847355
-0.02317407
-0.01063136
-0.05958493
-0.04276623
0.02938153
-0.00826777
-0.02650778
-0.00438039
0.03975194
-0.02859855
-0.04208916
-0.03879513
-0.02026712
0.01610385
-0.02711798
0.01321024
-0.00195521
0.04056780
0.03524703
-0.04625344
-0.01527846
-0.00488432
0.00024158
0.04472689
-0.03791948
0.01383570
0.01658239
0.04045787
-0.01410418
0.00046824
-0.03919530
0.01039419
0.00828876
0.01988880
-0.00628843
0.01123774
-0.01860917
0.01933326
0.00887769
-0.01095816
0.04118290
-0.03853390
-0.02559353
-0.01430329
0.00712134
0.00694597
0.02107316
-0.03734307
0.04017515
-0.04513663
-0.04160781
0.00438501
0.01540269
0.01782360
-0.02063514
-0.03290739
0.04199305
-0.04244691
0.01161146
-0.02738026
-0.02411747
0.04227410
0.00979950
-0.02423470
-0.01210554
0.00157811
0.04224613
0.03707844
-0.03991681
-0.02699501
-0.03274496
-0.04461900
-0.02697120
0.00939794
-0.04017453
0.02168432
0.00155884
-0.05080467
-0.04093373
-0.04123257
0.04915899
-0.04315573
0.00324263
-0.03049325
-0.04352564
0.02218259
-0.00260403
0.04599206
0.01773308
0.03790894
-0.00232209
-0.00569439
0.01129531
0.04659734
0.00233623
-0.03122217
0.00550684
-0.04592871
0.03510645
-0.02274135
-0.02830733
-0.02227882
-0.04546251
-0.02119268
-0.00570582
0.00823679
0.01274859
0.00874110
0.04348572
0.01051072
0.01283854
0.01855522
-0.04302819
-0.01312170
0.01829757
-0.01696092
0.05022003
0.00482435
-0.02156445
0.01693311
0.00186138
0.00166565
-0.02896072
-0.04070910
-0.02720658
0.04819820
0.00485087
-0.02155556
0.04493615
0.01013684
0.04574016
0.01394174
-0.00754336
-0.00304987
0.00210644
0.03373868
-0.03573339
-0.00964330
-0.01934303
0.00916776
0.01461858
0.01251247
-0.01436659
-0.03059476
-0.01579329
-0.02144264
-0.02867907
-0.05687607
0.03650916
-0.03879952
-0.01471127
0.00746634
0.03338780
0.02978649
0.03811768
0.00882408
0.03708847
-0.01543610
-0.01535744
-0.04902872
-0.01610999
0.04756739
0.01381880
-0.00927043
-0.03313354
-0.00456588
-0.05037531
0.04026708
0.03335039
0.04185157
-0.02073661
-0.00085229
-0.03785735
-0.03641596
-0.02038432
0.04378833
0.00962664
-0.01998015
0.00770668
-0.03572399
-0.00146329
0.05135318
-0.04342074
-0.04123482
-0.00952841
-0.01390983
-0.01817325
0.01512829
0.04846707
0.03911931
0.02786239
-0.00312268
-0.03151951
0.02603541
-0.02116864
0.02375028
-0.05204502
-0.04245491
-0.01544101
-0.00378469
0.02663760
-0.01973223
0.01604327
0.01020656
0.02168264
0.02436583
0.04168525
0.01749280
0.01827183
0.03507191
0.01976790
0.03186921
-0.00059141
0.00751823
-0.02678980
-0.03280183
-0.02358497
0.04412841
-0.04065951
0.04786051
-0.03859995
-0.00445843
0.03256103
-0.00384329
-0.00413830
0.01850593
0.04883649
-0.03038319
-0.03875628
0.02400835
-0.02708533
0.03024760
0.00022447
0.03499772
-0.04494937
-0.01485776
0.04892752
0.01139052
0.01761763
0.00303228
-0.02236849
-0.02752042
-0.01082676
0.04256337
-0.04032702
-0.03161889
0.02636585
0.03467576
-0.00802724
-0.02480134
0.02951856
-0.05044262
0.00941528
-0.03627794
0.02229064
0.03353323
-0.03026019
-0.00212265
0.00508384
0.01454933
-0.00608697
-0.01403687
0.03968657
0.00266175
0.03272532
-0.02827637
0.00637178
-0.03534961
0.02212463
-0.03558338
-0.04131347
-0.00442960
0.03460126
-0.00922677
-0.01171164
-0.00802374
-0.00455239
0.04044320
-0.00395582
-0.02016654
0.00305189
-0.00648272
0.05191152
-0.00473350
-0.04561170
-0.06928489
-0.02615529
0.04773975
-0.02136864
-0.01778864
-0.01521361
-0.01018675
-0.05180805
-0.04402432
-0.01637339
-0.02410963
-0.04172050
0.00635541
-0.03383993
0.00835918
-0.03536792
-0.02217061
0.02074104
0.01842183
0.00851301
0.05038979
0.02838665
0.04838721
0.04932539
0.03059129
0.04218015
-0.04777218
-0.02650892
0.06348538
-0.00780039
0.00209501
0.00536214
-0.03798694
-0.05409914
0.01951734
0.04249028
0.02852284
0.00501236
-0.02737999
0.06559240
-0.04229097
0.05116624
0.05290433
0.05084863
0.01008821
0.02219962
0.02879439
-0.01164971
-0.03763083
-0.04465268
-0.03489934
-0.01986671
-0.03522368
0.02580987
-0.03149928
0.01260240
0.04830062
-0.03104242
0.01360588
0.01495146
0.00923471
-0.00912083
-0.01745568
-0.04824377
-0.04786774
-0.00722020
0.04357015
0.03204939
-0.04239198
-0.00687732
0.03750223
0.00213753
-0.02444044
0.02762438
-0.05938039
-0.00981289
0.01383943
-0.02917638
-0.03015500
0.01604656
-0.02809502
0.04316949
0.04670701
-0.00204909
0.03024043
-0.03390032
0.03355951
0.01705651
-0.01042674
-0.06032166
-0.05792755
0.00726208
-0.01253628
-0.02783503
0.01713474
0.03388143
-0.01034432
-0.00710423
-0.00285176
-0.02355121
0.01622075
-0.00693692
-0.05828498
0.05846142
0.00127622
0.02231494
0.04573745
-0.00679552
0.01092370
0.01250036
0.02146349
0.00557014
-0.02845980
-0.02980795
-0.01810035
0.00792484
0.02931842
-0.01037510
0.03064575
-0.04169032
0.00948675
0.02969300
0.03506246
-0.01846415
0.04242336
-0.01975075
-0.02016112
-0.03695869
0.04106788
-0.00539904
0.00933285
-0.04567872
0.02304979
-0.01276532
0.05002904
0.00491813
0.01546140
0.04017029
-0.00277311
-0.03266523
-0.03108190
-0.04308814
0.01075216
0.04718440
0.02066723
0.04893274
0.00585588
-0.00476635
0.03737822
0.01271757
0.04575140
-0.05244100
0.01898169
-0.01646909
-0.06204297
-0.00416773
-0.06380768
0.03728651
-0.01612433
-0.03216543
0.01140148
0.01601886
-0.01726977
-0.05467055
0.01743789
-0.04848990
-0.04632194
0.03934079
0.04901849
0.00396781
0.00749544
0.03965465
-0.03503878
-0.00013231
0.05435212
-0.06055561
0.01919437
0.00265518
-0.02314093
0.00708087
-0.00979299
-0.02202809
-0.01613451
0.01678378
-0.02366129
0.04152210
0.01545891
-0.04385069
0.01025474
0.02441049
-0.02608940
-0.05572660
-0.02675426
-0.00915345
0.02458988
-0.02536508
-0.00282956
-0.01811051
0.01949854
-0.03530770
-0.00013413
0.01823059
0.04169914
-0.01545400
-0.03805463
-0.02578028
-0.00638232
0.00548533
0.01824264
-0.02980255
-0.03899704
0.05597077
0.04034763
0.02691199
0.00344306
-0.03251363
0.01577087
0.01473615
0.00831959
-0.01050755
-0.00518791
-0.03849829
-0.00868352
0.01175103
0.03396884
-0.01653555
0.01407984
0.02353611
-0.01189529
0.07029014
0.03249650
0.00775306
0.04130802
0.00573722
0.01750454
0.00766800
0.02005177
0.05982219
0.00047679
-0.00705306
0.04199528
0.08463377
-0.01104318
0.04081304
0.05466739
0.00681834
0.03213524
0.01006969
-0.00390703
0.02183015
-0.05400398
-0.03080606
0.02631128
0.03243339
0.01816798
0.03856613
-0.03500498
-0.02981987
0.03534438
0.02066447
-0.01717484
0.01871604
-0.00636619
0.04158331
-0.05020129
0.01719752
0.03853659
0.02303468
-0.03394831
0.00873212
-0.01521593
-0.01262185
-0.00722423
0.01007590
0.04446582
0.01069649
0.04451490
-0.04167341
0.00845700
-0.02512952
-0.00821108
-0.03407863
-0.00642732
0.01771180
-0.04169661
-0.03998480
-0.00741020
0.01457296
-0.02478317
-0.04647917
-0.02384551
-0.05294030
0.03279414
-0.01584866
-0.04740010
0.00179301
-0.02348329
0.00349076
-0.01999974
-0.00863841
-0.01511428
0.01246220
-0.01721510
0.00032225
-0.04126049
-0.02047219
0.03516667
0.00916732
-0.01974729
-0.00336674
-0.00245409
-0.03845738
-0.04417033
0.03143478
-0.02752862
-0.04934658
0.01661597
-0.04980355
0.03679176
0.04595977
-0.04535527
-0.00752536
-0.02883845
0.00517937
-0.03636710
0.01350008
-0.02439414
-0.00161275
0.03730937
0.01651058
-0.01115096
0.04123126
0.03696643
-0.04980252
0.04113267
-0.00992106
0.03290670
-0.01158306
0.04231944
-0.02983400
-0.03446940
0.03522468
-0.01863505
0.01809924
-0.00886662
0.02201116
-0.03111159
-0.00573837
-0.03163649
0.03726959
-0.00834593
-0.00349221
0.02143333
0.04042427
0.01292261
0.01764145
-0.00847414
0.02641829
-0.04025279
-0.00882039
-0.01881903
-0.04246891
-0.03187374
-0.02552774
-0.03020283
-0.03534029
0.03791059
-0.01335979
0.03987287
0.01890750
-0.01964945
0.02639293
-0.02302779
-0.04775634
-0.04791888
0.03194362
0.02448368
0.04197086
0.01441538
0.00061290
0.00890254
0.02285137
-0.02916736
-0.04991087
0.01752884
0.03014084
0.02745523
0.04479057
-0.02603234
0.03027879
0.00065327
-0.02292392
-0.03037713
0.03756068
-0.01342124
-0.02450631
0.01454553
0.02458183
-0.01018738
-0.01071429
-0.03001738
0.00899256
-0.04066390
-0.02872344
0.02452210
0.02139109
-0.04880829
0.00559028
0.02428487
-0.02830604
0.04190196
0.04743194
0.01214825
0.01806821
-0.04725764
0.01812134
0.02820080
0.02414478
0.00589160
0.04518507
0.03887404
0.02365108
0.01630704
0.00021933
-0.01058486
0.01473020
-0.00693863
-0.02028219
-0.00563454
-0.01783752
0.03786912
-0.01287060
0.02081512
-0.03812625
0.02288792
0.02241201
0.02175632
-0.00910970
0.04081882
-0.01508138
-0.01422707
-0.01442925
0.02266535
0.01290702
-0.01171332
0.01355043
-0.02612676
-0.02303319
0.03807922
0.02252138
0.01623243
-0.00821549
-0.01864614
0.03976162
-0.01505761
-0.02101892
-0.00735244
-0.00715690
-0.00877268
0.03568239
0.02904802
0.02785405
-0.02044475
-0.01666712
0.03597833
0.02885015
-0.01131649
-0.00287698
0.01474905
-0.02743523
0.00062512
0.03973651
-0.01738235
0.04013125
-0.03931012
0.04495664
0.00666058
-0.01926244
-0.05054785
-0.01215179
0.00651201
0.03110038
0.04714571
0.03586843
0.03919473
-0.05011567
-0.03528426
0.00247355
-0.01252393
0.04337234
-0.03336092
0.04700181
-0.04447171
0.02547577
0.01175580
0.01380648
-0.02837059
-0.05551896
0.01194344
0.01110717
0.00820006
-0.02907772
-0.01685125
-0.03785027
0.04095202
0.00180168
0.00346834
0.00655089
-0.00332581
0.02710870
0.07686427
0.02680918
-0.04568616
0.02981376
0.03282105
-0.02700320
0.00898028
0.00159870
0.03862500
-0.00088475
0.02590993
-0.02961414
0.00183772
-0.02295024
0.02540556
-0.00934881
0.03369835
0.02264816
0.00147913
0.02113194
0.00308379
-0.03309275
0.06470646
0.00688325
-0.03781731
0.04806966
0.05393864
0.00148991
0.04648295
0.00476338
0.05560277
0.05318149
-0.03156705
0.01033028
0.01383187
0.01083319
0.03633334
0.05465773
-0.00296448
0.03558060
0.03843488
-0.02135485
0.02640751
-0.03506652
0.04171916
-0.01735701
-0.01886873
-0.02191768
0.02913190
-0.01502730
0.02226526
0.00154752
0.04739219
-0.03104981
0.02028812
-0.01274829
-0.00289580
-0.00796484
0.03549802
0.03172798
-0.04135407
-0.01019053
-0.04038582
-0.06073803
0.00401605
0.01898535
0.01033035
0.00028635
0.02379158
0.03276866
0.03129597
0.03612083
-0.04724845
-0.00825125
-0.01949879
0.02264182
-0.00316825
0.01699221
-0.01378778
-0.01014913
-0.01017647
-0.05189564
0.01637784
-0.00860292
0.04758758
-0.01360654
0.02593539
0.03618887
-0.03545853
-0.02990729
0.06186403
-0.02433161
0.00741499
0.02472592
-0.00883582
-0.01688845
-0.04457515
0.03904093
0.04809805
0.00210789
0.02239503
-0.03087728
-0.01379061
0.03824726
-0.03217577
0.02881258
-0.01047361
0.01392010
-0.03040580
-0.02804175
0.03406037
-0.04220901
-0.01046097
-0.04287075
-0.01163625
0.01768534
-0.03256648
-0.00924549
-0.04466193
-0.00306322
0.03336684
-0.00862144
0.05019175
-0.01886172
-0.04001541
0.03856891
0.01327280
-0.04273145
-0.01653661
-0.01023101
0.04243566
-0.04842333
-0.00149076
-0.00197037
0.01424316
-0.04785981
-0.03396927
0.03195693
-0.02905332
-0.02274045
0.01045905
0.01241180
-0.04118156
0.00423850
-0.04641550
0.01061506
-0.02303768
-0.00508073
0.01121103
0.03048304
-0.01820327
-0.04568970
0.05674514
-0.03122074
0.01371453
0.01718871
-0.04164296
-0.01684635
-0.02087604
-0.03835686
-0.01830300
-0.02446977
-0.03391610
-0.02816779
-0.02877539
0.02985010
-0.04081788
-0.04954696
-0.02853387
-0.03230100
-0.02824360
0.05043975
0.05270234
-0.03610879
0.01555698
-0.03797201
-0.00060751
-0.00153637
0.02117411
0.04005742
-0.03399764
-0.02739032
0.02586389
0.01288499
-0.00051467
0.01062750
0.04239270
-0.00080202
-0.04709202
0.00291793
0.03373965
0.05087043
0.00011522
0.02426468
-0.00850328
-0.03989834
0.05389013
-0.04311195
-0.00037756
-0.02070322
0.06112624
0.01730203
-0.00291352
-0.00916121
-0.02468483
0.04153651
-0.00713686
-0.01400322
0.03105027
-0.01699791
-0.00259409
-0.00785542
0.00130963
0.02670017
-0.02267554
-0.03097171
0.01736272
0.02796192
0.06825908
0.05287552
0.06325687
0.01175479
0.00360144
-0.01818683
0.04486759
-0.02424658
-0.02652653
-0.00586327
0.02445980
0.02061602
-0.03983708
0.06156306
-0.04147552
0.00462017
-0.01810320
0.01748644
0.01774243
0.00699942
0.05035678
0.07532167
-0.01798189
-0.01514209
-0.04861772
0.08821254
0.00842863
0.02524110
0.00464114
0.02184774
-0.03439642
-0.02845244
0.01573232
-0.00099620
0.03576029
-0.04400226
-0.02314722
0.01615339
0.08494178
-0.01971930
-0.00764576
-0.02945580
-0.04701215
-0.01354712
-0.04042578
0.01150942
-0.04239224
0.03523870
0.02063886
0.01342396
-0.02811313
0.04793575
-0.00506980
-0.04127651
-0.04041094
-0.00950937
0.02145029
0.01619394
0.02373119
-0.00652009
0.02070498
0.02168708
0.00342823
0.01964122
0.02158355
0.00713220
-0.04102106
-0.04185946
0.01400751
0.03186935
-0.02893700
0.07030443
-0.04252721
-0.02000996
-0.02039617
0.05780574
-0.07411303
0.01786058
0.08563767
-0.02875379
0.04698159
-0.02924281
0.02317809
-0.03235692
0.05279605
-0.01564685
-0.01415168
0.00949781
-0.05306726
-0.02343670
0.01679888
-0.00559496
-0.01373149
-0.02147672
0.05267819
-0.05278629
-0.02606618
0.00146321
0.04635397
-0.03857760
-0.00641241
-0.00914301
0.01762903
-0.00567607
0.01682363
0.06182079
0.03098744
0.02140787
0.00157661
0.04337953
0.03064736
0.03619324
-0.03522499
-0.02532252
-0.04087048
0.03234401
0.03644799
0.01707867
-0.05425017
0.01503619
0.01240980
0.02642323
0.01421362
-0.03791519
-0.04494299
0.04838035
0.02120398
-0.01535896
0.06438757
-0.06810609
-0.00709223
0.06447689
-0.05349251
-0.04569106
0.00783344
-0.04299435
-0.01851234
-0.02743809
0.03802658
-0.00804169
0.00166160
-0.01849080
-0.00869713
0.00183913
-0.02042520
-0.03438968
-0.01249967
-0.01846479
0.00762581
-0.02263233
0.01883269
0.00622581
-0.00077245
0.01323938
-0.01644918
0.03772536
-0.00797907
-0.02420173
0.03277939
-0.01945150
-0.00320867
0.03187083
0.03228029
-0.01509443
0.08381268
-0.00050376
-0.05876773
-0.03793086
0.05001335
-0.05156728
0.04306211
-0.05003378
0.01590331
-0.04644883
0.03727956
0.01325695
-0.06160787
0.03315631
-0.05891456
0.04763051
0.07040352
0.03154726
0.00245697
0.00634129
-0.02551083
-0.01774834
0.00300966
0.00696008
-0.00282430
-0.06373342
0.06841854
0.00943873
-0.00594882
-0.05181983
-0.03523915
-0.04090622
0.03848957
0.01174361
0.07998267
-0.02068870
-0.00049837
0.01598891
-0.02120173
0.05793769
0.01468695
0.02149667
0.01661942
0.01054614
-0.00512321
0.01779416
-0.01156732
-0.04581239
-0.02645625
-0.02182075
0.03304143
-0.02761428
-0.03896466
-0.00577780
0.04010341
0.03593778
-0.00453862
-0.02876013
0.01903914
-0.02050010
-0.01311165
0.00458178
-0.04794954
0.03569540
0.00426700
-0.03772429
0.04059199
0.02475088
0.01762693
0.03612884
0.03488167
0.04142976
-0.05157904
-0.00692702
0.00593136
0.03607445
-0.05346459
-0.04471171
0.00377026
0.06544926
0.06882612
-0.02569835
-0.02573170
-0.05395225
0.02907120
-0.00641581
0.00247178
-0.02286563
-0.05340039
0.01288256
0.01603948
-0.04986423
0.06480671
-0.04344057
-0.00521324
0.00657768
0.05130905
0.02379398
-0.01988196
0.04548734
-0.03978013
0.03783629
-0.04314754
-0.04794582
-0.05329559
0.01049177
0.03547530
0.04418428
-0.02888597
-0.00296576
0.00531357
-0.01609543
-0.04850037
-0.03223908
0.02324352
-0.01977362
-0.01023334
0.00225901
0.06137659
0.00075111
-0.00007431
0.05451410
0.00629984
-0.01439690
-0.04267588
-0.01848163
0.02462019
0.01814660
-0.01366536
0.01145643
0.03415186
0.02419097
0.04187636
-0.03312881
-0.00981590
-0.04031878
0.01123002
0.02914383
0.03687802
0.00293204
0.02688277
-0.00417693
-0.04040655
-0.04705833
-0.01931945
-0.02911943
-0.02707736
0.01790461
0.01535642
-0.03274971
0.00732268
-0.04331965
-0.04282581
-0.00370907
-0.00954857
0.04081851
-0.00852001
0.04755095
0.00521682
-0.03465159
-0.00975283
0.02003160
-0.03359155
0.03845336
-0.04836796
0.03989615
0.00357189
-0.02108973
-0.00865132
-0.03884075
0.02538740
0.02874872
-0.03223632
0.02536844
-0.04038312
-0.02878963
-0.02224955
0.04639224
-0.02210346
-0.02954344
-0.04223064
-0.03885251
0.02658036
-0.02852203
-0.04563962
-0.03125491
-0.02612269
0.01940125
-0.03010231
-0.02336268
-0.05113219
-0.03846035
-0.04014642
0.01773288
-0.00301436
-0.03381917
0.02652046
-0.00214186
-0.01609998
0.03762534
-0.00738436
0.01692460
0.03960038
0.01018418
0.01276601
-0.02972746
-0.01534727
-0.03638254
0.04713218
-0.01883302
0.02685636
0.03144309
-0.03582340
-0.02851030
0.02245142
0.00225768
-0.04757947
0.02110637
-0.03978547
0.01362965
-0.01442007
-0.02463281
0.02835681
0.01142879
-0.03172978
0.04198647
0.04392029
0.03398621
-0.00529746
0.01457036
-0.00028963
-0.00915261
0.03833913
0.03724254
-0.01699884
-0.01458059
-0.02025646
-0.02693452
0.03777258
-0.03809675
-0.00118318
0.01153608
0.00187237
-0.01019582
-0.04335133
-0.03657322
-0.00897365
0.02269054
0.00596153
0.03500066
-0.01714341
-0.02067431
-0.03489197
-0.00681201
-0.01745550
-0.03652083
-0.01812838
-0.03107433
-0.03634821
-0.03775735
-0.04916843
-0.02061005
-0.00982549
-0.01901457
0.03159316
0.00698743
-0.02140567
-0.03562643
0.00584125
-0.01238991
-0.02438573
-0.00442238
0.04184192
-0.04338920
-0.03278878
-0.00980192
0.02887299
0.04817796
0.00519829
-0.02193970
-0.03765831
0.03446515
-0.00212482
0.03506266
0.03084772
0.01314380
-0.03835339
-0.00854349
-0.03850388
0.04612295
-0.01525784
-0.00462703
-0.00121306
0.00586737
0.03635867
-0.02489646
0.04361884
-0.04186407
0.02295678
0.03757935
-0.01715681
0.03033837
-0.03289704
0.00236382
-0.01222012
-0.01265113
0.03078942
0.04310658
-0.03049427
0.01149550
-0.04832407
0.03512118
-0.01469999
-0.00866788
0.02144699
0.01003953
-0.03597305
0.00262371
-0.03564340
-0.04213598
0.01645707
0.03922570
0.01187567
-0.03208124
-0.01282284
-0.01889567
0.01556907
0.01711190
-0.02693074
0.04543101
-0.01785475
-0.03442581
0.01765044
-0.01086281
0.01869081
0.01109777
0.03695446
0.04597983
0.02716578
0.02397443
-0.03301109
0.04492088
0.03754446
0.00249816
0.03145612
-0.04684849
-0.02907395
0.03643675
0.00689501
0.02811215
0.01385304
0.04642788
-0.04812226
-0.01536755
-0.03526156
0.04489043
0.02411924
-0.00821944
0.03531973
0.00422043
-0.02918881
0.01342312
-0.03808784
0.02478749
0.01713871
-0.01349110
-0.01077970
0.04082255
-0.04157544
-0.03258565
-0.04162604
0.05103739
-0.00896254
-0.01902135
0.03694274
0.04125992
-0.00552655
-0.02962020
-0.00871902
0.00237001
-0.02828673
-0.03328037
0.03103432
-0.01634316
0.00342091
-0.06400851
-0.00180991
-0.05662571
0.00089695
0.04223914
-0.00218903
0.03873584
-0.01834999
-0.02940281
0.03355617
0.00398317
0.05152735
-0.04604296
0.01103890
0.04253521
0.00175854
-0.01602383
0.01267572
-0.02594166
-0.02007932
0.03224840
-0.01475361
0.04943363
-0.00292317
0.01462510
-0.04520564
-0.01240941
0.05297914
0.02358047
0.04640293
-0.05943071
0.00678281
0.05427174
0.04744858
0.00689663
0.05060061
-0.02169703
0.01932034
0.05280566
-0.01611673
0.04570794
0.06353701
0.00844595
0.01300335
-0.04616852
0.02759144
-0.01350632
-0.01082679
-0.01824574
-0.00516358
0.01843022
-0.01695494
-0.00051625
-0.02276335
0.00311281
-0.02427694
0.01803179
0.07274436
-0.02707354
0.03149472
-0.00617083
0.00965837
-0.00889416
-0.01674026
-0.02287869
0.00256592
0.02384260
-0.03712683
0.04310818
-0.00242575
-0.03410876
0.05240075
-0.04931548
-0.00565984
0.02073747
-0.03992896
-0.03781400
0.03178870
0.01156036
0.04942501
0.04516973
-0.05825773
-0.02333463
-0.04120518
0.03089015
0.03492566
0.02361899
0.03106738
-0.02243377
0.00443948
-0.02257806
-0.03485356
-0.04339702
-0.05578430
0.07570665
0.03781131
0.02732760
0.00213583
-0.03961052
0.03633069
0.03717229
0.01560540
0.02309572
0.02594867
0.00245991
-0.05320329
-0.01713119
0.02630932
-0.02014228
0.01983755
-0.05984206
0.03598053
-0.04940099
-0.02443589
-0.01824423
-0.03011607
-0.02173972
0.00123984
-0.00828992
0.02294929
0.03945905
0.01458124
-0.03454213
-0.01035797
-0.05269631
-0.05793222
-0.06575149
0.05327720
0.03103530
-0.03070156
0.03246243
0.02375002
-0.05318973
-0.04325774
0.02967123
-0.03750744
-0.04759819
0.02319761
-0.02814181
-0.03220956
-0.00962951
-0.02221767
0.02840898
0.03908513
0.00029381
0.01144577
0.01543854
0.01742774
0.00593360
0.01818334
0.03595499
0.00568737
-0.04531683
-0.01759818
-0.02508740
0.03181415
-0.00523157
-0.02025261
-0.00591538
-0.00369004
0.03507050
0.05427196
-0.04811355
0.03818651
0.00456956
-0.03721615
0.07198542
-0.00762665
0.02643124
0.04705038
-0.02228632
-0.04516052
-0.04200982
0.04715230
-0.01796750
-0.01709790
-0.03779745
0.00719384
-0.02012390
0.02005495
-0.00194154
0.01914897
0.03185629
-0.02890713
0.03948822
-0.00354114
-0.00522303
-0.04166191
0.04140398
-0.03589287
0.05917618
-0.04027480
-0.06767201
-0.01395037
0.06995175
0.00314904
-0.02129831
0.02503737
-0.00989789
0.01655556
0.05510986
0.04861125
-0.03835680
0.01723101
-0.05106226
0.00087193
0.05367727
0.07098789
-0.01530618
-0.01125153
0.02636454
0.01577426
-0.03440559
0.01664733
-0.01843646
-0.05787434
0.00521138
0.01932224
0.03772185
0.04150317
0.04276825
-0.03310053
-0.00666521
0.02206157
0.00488168
-0.01800600
0.04647377
0.02340794
-0.01619747
-0.01118516
-0.00444386
-0.03846287
0.02983990
-0.00939384
-0.04101393
0.04334547
-0.03924999
-0.00633910
0.04281108
-0.05254070
-0.01467026
0.04372664
0.00111099
0.04432162
0.00078093
0.00522776
-0.00114597
0.02022190
0.02905376
-0.02301894
-0.02834296
-0.04391097
0.05103740
0.02300421
0.04489309
-0.01625707
0.02638299
-0.04768522
-0.04275343
0.01030560
-0.00097174
-0.03478201
0.00106857
-0.03034111
-0.01421847
0.01586726
0.00026643
-0.02194055
0.04422071
0.00567272
0.01887248
-0.02757957
-0.04050741
-0.03213856
-0.01686842
-0.05585448
0.00198608
-0.04351068
0.00762905
-0.04754774
-0.04896513
0.01523307
0.01910360
0.01931006
-0.04844533
-0.03098926
-0.01651206
0.01667011
0.03706853
0.00095955
-0.04511647
-0.01223406
0.03201127
0.03256824
0.04073600
0.03511768
0.01896808
0.02306396
-0.00399184
0.04278274
0.05983789
0.04511831
-0.01433779
-0.03094878
-0.05603185
0.03297523
0.00187159
-0.04551971
0.00470109
0.04332875
-0.02619716
0.01499628
0.02703030
0.00132484
0.00966986
0.00105802
-0.03028287
0.01028765
0.04581462
-0.03534007
0.05410397
0.02848771
-0.03717365
-0.03483788
-0.05747704
0.02688281
0.01254579
0.02785119
0.01627070
-0.02808992
-0.04086558
0.04651096
0.05110063
0.02624716
0.03154384
-0.02043763
-0.01436118
0.05597530
-0.00206036
-0.02072676
0.03922585
-0.04766727
0.04419914
0.00476772
0.00105060
0.04557212
0.05196049
-0.03876453
0.05419438
0.04796051
0.02458431
-0.04461550
-0.00302170
0.04014973
-0.04257567
-0.04238375
0.02781535
-0.00036426
-0.04522734
-0.02345404
-0.00630431
0.00438393
-0.02706772
0.03864555
0.01281421
-0.03664280
0.03130001
0.02854367
0.00215177
-0.03187498
0.01767078
0.00077078
0.00362235
-0.02137158
-0.04863983
-0.00517527
-0.03949125
-0.01099723
0.00967360
-0.00538155
0.01994104
0.05038258
-0.04483036
0.01866271
0.01306654
-0.04993523
-0.03719716
-0.04246093
0.03668196
0.02011048
0.04496266
-0.04778073
-0.03352036
-0.01439562
0.00577598
-0.04028086
-0.00022911
0.00289641
0.01831766
-0.01077861
0.04157501
-0.00693665
0.01186573
0.01436748
0.03268272
0.02449687
-0.01135522
-0.04053847
-0.01629476
-0.01247138
0.00635290
0.03347015
-0.03171890
0.02839588
0.00048304
0.04831543
-0.04763046
0.01324650
0.07960959
0.03503980
0.02489290
-0.04638391
-0.04456261
-0.01722262
0.04479196
-0.03186614
0.04644265
0.01779690
-0.00567729
-0.00636504
0.02321018
-0.00773871
-0.00603722
0.06399942
0.03931399
-0.01461892
0.02175203
-0.01806581
-0.02954913
0.00783764
0.03785135
0.03777521
0.00653031
-0.01390868
-0.01671324
0.01523799
0.03825132
0.03458149
0.04019454
0.02043899
-0.04666699
-0.03455319
-0.01907027
0.00909285
0.01929582
-0.02624745
0.03028526
-0.01683226
-0.04547374
-0.00854836
0.03943698
-0.02476698
-0.00128374
0.02327786
0.03855463
-0.00217226
0.04380804
-0.02948079
-0.01367619
-0.04058562
-0.03021457
-0.02043452
-0.03222036
-0.02097898
0.01817495
-0.01733925
-0.04341158
-0.00288821
0.02613132
-0.05954927
-0.01087052
-0.00029598
-0.01097517
0.03493463
0.04190871
0.04514830
-0.04304972
0.04299006
-0.00751721
-0.01127850
-0.02561587
-0.00104519
0.01296069
-0.02894722
-0.00847022
0.01491176
-0.00213906
0.04468406
0.00216833
0.02724625
-0.01082815
0.00889321
0.03944612
-0.02674705
0.03894154
0.01945386
0.01821169
0.02154393
0.02837368
-0.05657757
0.01258560
0.05244862
0.02989768
0.03544698
-0.04282975
0.04710365
-0.02222390
0.03812072
0.06027503
-0.00100064
-0.03462715
0.00279606
0.05026906
-0.01947137
0.01034022
-0.04390718
-0.00438578
0.02108252
-0.01437645
0.00872999
-0.01791011
-0.01174404
0.03432828
0.02553619
0.01507188
0.06133569
0.01912711
-0.02038135
0.03378449
0.03859821
0.04208003
0.01191212
-0.03241784
0.02585819
-0.01083800
0.04035076
0.06205998
-0.04749685
0.03898311
0.01353421
0.03824865
-0.05413003
0.03855503
0.06900494
-0.00329367
-0.02282459
-0.04266470
0.02091874
0.03217740
0.03616755
0.01544829
0.01543047
0.05017406
-0.02988389
0.03849879
0.03434647
0.02053806
-0.05616370
0.03415501
0.04109775
-0.01616810
-0.01938906
0.02810907
0.02606517
-0.03969377
0.03218525
-0.00639377
-0.01289683
0.07577884
-0.03898119
-0.01501992
0.04736209
-0.01202033
-0.01929031
-0.04126221
-0.02203687
-0.00567118
0.00826316
-0.01602741
0.03580539
-0.01446514
0.02643637
0.00355926
-0.04684746
-0.03522057
-0.05409162
-0.04941132
0.04458586
-0.01837098
0.04809650
0.00669430
-0.01757857
-0.02548344
0.01444494
0.01681984
-0.03998964
-0.00152951
-0.01920859
0.03656273
-0.04224626
0.04114811
-0.01181271
0.01153459
-0.03750607
0.05006569
-0.05877457
0.00706247
0.02481669
0.03946821
0.00329394
0.01803797
-0.02534104
0.01983921
-0.00371960
0.03036710
0.01294407
-0.01198262
-0.02643966
0.02502732
0.00223789
0.00591079
-0.01199470
0.01864391
0.02683435
0.01961129
0.02727585
-0.04366925
-0.06703281
0.02483533
0.00678490
-0.03096103
0.00612269
0.01857535
-0.03392606
-0.02338296
0.02716293
0.04085698
-0.04596674
-0.00118131
0.03708782
-0.03060259
-0.00583852
-0.03248753
-0.00166183
0.04947512
0.05544595
0.01194234
0.03885576
0.01841371
0.00149800
0.00200510
-0.02354944
-0.01049896
-0.04461492
-0.02055056
0.05058518
0.07981268
-0.04451616
0.04575105
0.02898650
-0.00786598
-0.00092116
-0.02270854
-0.00014652
-0.01313019
-0.00118911
0.01525413
0.04266861
0.03360378
0.00502744
0.02405522
-0.03462800
-0.04063154
-0.05494687
-0.03397066
-0.02766605
0.00900399
0.03944794
0.04150184
-0.04687991
-0.06327312
0.01839186
-0.03788371
-0.02868590
0.00523712
-0.04066087
-0.00265332
-0.00105717
-0.01600637
-0.02745333
0.01986046
0.03557372
0.01508358
-0.03826175
-0.05215573
-0.03437664
0.05284181
0.00012841
-0.00843789
-0.04133783
-0.04355281
0.01535708
0.02203278
-0.00158760
0.03143405
0.03001319
-0.02686231
-0.00951069
0.02323926
0.03617821
0.00613180
0.04089323
0.00252876
-0.01030822
0.02312743
0.04626505
-0.02736920
-0.01144119
-0.02085271
-0.00762309
-0.03086930
0.00684566
0.02072323
0.02589568
-0.02177358
0.00130336
0.03782989
-0.02274529
0.01515474
0.01136928
-0.04575924
-0.00769897
-0.00357123
0.02430309
-0.03908561
0.04022637
0.00173727
0.00321698
-0.04664740
0.03003247
0.02000760
-0.00473882
-0.05230686
-0.04277566
0.05180382
-0.02689834
-0.05434582
-0.03432837
0.01729589
0.03440816
0.04310756
0.04098723
0.01116145
-0.00522744
0.02006175
0.04332249
0.01695110
0.00358302
-0.03047530
0.04460397
-0.00275127
-0.00038173
-0.04449978
-0.01132031
-0.03795231
0.00085625
0.02830048
0.00749928
0.03042242
0.01017984
0.00376944
0.01929218
-0.05117147
-0.00529856
-0.00603940
-0.01040715
-0.07239177
-0.05121819
0.03162688
-0.03660303
0.00599446
-0.01149329
0.01577052
0.01639300
-0.00492814
0.01521891
0.01339099
-0.00737608
0.04634476
0.01870927
-0.04091622
-0.04752265
0.00350587
-0.04910455
0.05700051
-0.03566933
-0.04325926
-0.01741034
-0.00542679
-0.02292183
-0.01290121
-0.01710435
0.00986849
0.01042921
-0.00223557
0.00502683
0.00849110
0.01159504
-0.04313269
0.00815394
-0.01781972
0.00956001
-0.04536074
-0.03841762
0.02050595
-0.01305368
-0.02606839
0.03949811
-0.04912024
0.00111216
-0.05322737
-0.00800535
0.00489526
-0.00271747
-0.00217145
-0.03425159
-0.05478039
-0.02373302
-0.04301536
-0.00402730
-0.00792497
0.00463991
0.00081188
-0.02012332
-0.04017300
-0.04661487
-0.04280484
-0.01065776
0.02652440
-0.02046856
0.00788690
-0.00210579
0.02830105
-0.03193334
0.03295398
-0.00400326
0.04550949
-0.01087518
0.03317089
0.03447496
-0.02123339
-0.05690716
-0.05895607
-0.00682274
0.00199530
-0.04028192
0.01650156
-0.01666489
-0.00133667
0.04474431
-0.04017727
0.00523489
0.03041083
0.03882000
0.05876624
0.01505259
0.02915155
-0.03550941
0.01017513
0.04296359
-0.04040363
0.04411897
-0.02196065
0.02555658
-0.01226923
0.02166773
-0.01589350
0.01003862
-0.04699532
-0.02476783
0.00046523
0.01673220
0.01108880
0.02823021
0.01330004
0.00183582
-0.00831599
-0.01699682
-0.04815748
-0.04295488
0.03482429
-0.00265845
0.01327915
-0.00558707
-0.04331087
0.04296374
0.01952693
0.06248203
-0.05033720
-0.01321790
0.00766144
-0.00392024
-0.01792498
-0.02361005
-0.04422523
0.02533152
0.03564451
-0.01010008
-0.02001639
-0.02614489
0.02259988
0.05095380
-0.00719364
-0.00119648
-0.02995426
0.05526502
0.01265180
0.02972125
-0.02764924
0.04134124
-0.01206017
0.04691402
-0.03946678
0.01265369
-0.05830719
-0.01413048
-0.01029325
0.01491236
0.00133032
0.06020953
0.02982436
0.00930214
-0.02689083
0.03881627
-0.02956759
0.02019240
-0.03187992
0.05316581
-0.02796139
-0.01435605
-0.04477990
-0.03767230
-0.02326456
0.03079036
0.02861261
0.03435181
-0.05485742
0.04858007
-0.02437575
-0.04912946
0.01289877
0.05348905
-0.00774325
0.05028000
0.00004766
0.02673115
-0.01939166
-0.00235323
0.02239051
-0.04907672
-0.00650914
0.02366652
-0.02646207
0.06667419
-0.00665269
0.00406644
0.04937290
0.04020582
0.04071116
-0.01191466
0.00032127
-0.01488984
-0.03144464
-0.02327377
-0.02924168
-0.05250796
0.03384883
-0.01432628
-0.02252306
-0.03158889
0.03582009
0.01661167
-0.02030355
-0.00899164
-0.04349140
-0.02905363
0.00391639
-0.00790284
0.03500259
0.01246873
-0.06002839
-0.00097577
0.00988429
0.03813871
-0.04821787
0.03591729
-0.03013500
0.02045968
0.03826709
0.03459466
0.01490773
-0.03378670
-0.01560370
-0.01362220
0.03446660
-0.02882001
-0.05787133
-0.01434098
0.04564639
0.03910610
-0.01233970
0.01654135
-0.00397237
-0.02581874
-0.04611851
-0.02190293
-0.01732565
0.02045848
0.04889889
-0.04192785
-0.03711795
-0.03076138
0.02671832
0.04081948
-0.00851130
0.00082788
0.01576998
-0.03559738
0.01882720
0.04867724
-0.01240762
-0.00765101
-0.02791870
-0.02761496
-0.04124188
-0.00458652
-0.01573402
0.04537984
-0.00243799
-0.01945231
-0.03706042
-0.00390058
0.03270436
0.01640715
0.01195476
0.04155332
0.02143132
0.04802796
-0.04035681
0.03251527
-0.01882663
-0.04093593
0.00132380
-0.04513745
0.00200296
-0.03335660
-0.02260734
0.02967288
-0.01892757
-0.00170477
-0.01630153
0.00149189
0.00397451
0.01122744
0.01752678
0.00972271
0.00099841
-0.03784445
0.04583731
0.02013123
-0.04326010
-0.03391598
-0.04046228
0.00059532
0.03762695
0.03921989
0.03444251
-0.00222941
0.01960509
0.03131679
-0.00231440
-0.03967828
-0.04259013
-0.02929554
-0.03918740
0.01732425
0.02284481
0.00482731
-0.04771363
0.04204536
-0.02805926
-0.01800907
-0.01057526
0.00419043
-0.02147639
0.03019972
0.04713447
0.03908617
0.01516791
-0.00199224
0.01041704
-0.01225191
0.00500334
0.02291306
-0.02879389
0.02471478
-0.01300992
0.01921469
-0.00218802
-0.04691643
-0.02895419
-0.01370963
0.02484897
0.01134210
0.03752961
0.05328594
-0.04559245
0.01071091
-0.00158786
0.00050308
0.02102889
-0.02420572
0.01337506
-0.03060309
0.02550309
-0.04665601
0.00476189
0.02973386
0.03828088
0.04816510
0.02051613
-0.00460628
-0.04797816
-0.04640282
-0.02247664
-0.03515765
-0.04693893
-0.01064136
0.04763773
-0.02936789
0.03706707
0.00556486
-0.04883548
0.02645054
0.02540716
0.01333357
0.03946238
0.02309680
-0.02324470
-0.02445224
0.03919351
0.01314944
0.04314606
-0.01804135
-0.01068678
0.02976574
-0.04368722
0.00120393
-0.01971193
0.00449678
-0.03405217
0.03241143
0.01608177
0.00923504
0.03276998
0.00899717
0.04667035
-0.03199986
0.01130287
0.02463414
0.01032586
-0.03282756
-0.02179764
0.02782139
0.03524027
-0.01513465
0.01683189
0.01296501
-0.03023719
-0.01479304
0.01417523
0.04673665
-0.03179587
0.04049952
-0.04035537
-0.00673091
0.04103953
0.00802361
-0.03486729
-0.04919014
0.01769451
0.02895281
-0.03482800
-0.04435995
0.04705448
0.04569977
0.00073286
-0.01064631
0.00771367
0.02880076
-0.00520451
-0.02131273
0.03010982
0.00772343
0.00637824
0.04657541
0.00080818
-0.01376149
-0.00982313
0.02646729
0.00807178
-0.03960408
0.04897161
0.04485719
-0.02466822
0.04356544
0.02397723
0.01232701
0.00499217
0.00972523
0.00966364
-0.03365032
-0.00263250
0.00732823
0.00777507
0.01099825
0.02239784
-0.01497664
-0.01350919
-0.01603965
0.01736007
-0.04960411
-0.04099253
0.00116323
0.04823003
0.01424214
-0.02263720
0.00444295
-0.01229031
-0.02108262
-0.04768426
-0.00146338
-0.00182272
0.04077954
-0.02513067
0.03638913
0.02370590
0.01535572
0.04931775
0.04402792
0.01948385
0.04665055
0.02268740
0.01427175
0.04582362
0.04110217
0.02068351
0.03241927
-0.04472699
0.03388453
0.04539977
0.02108720
-0.01985579
-0.03986467
-0.03746754
-0.04702538
-0.04468827
-0.04337485
0.02369989
0.03494176
0.01246710
-0.02324507
-0.01368607
-0.04198768
0.02750110
0.01802366
0.01510953
0.01165199
0.03430763
-0.03396204
-0.01263653
0.02396648
0.04332931
-0.01878206
0.05354951
0.04389916
0.02410641
0.04430968
0.08661567
-0.02773910
0.02534288
-0.00508431
-0.04416745
-0.02542334
0.05922660
0.03068229
-0.01088639
-0.04823737
-0.04818228
-0.03036461
0.00293975
-0.02015976
-0.02151598
-0.02224230
0.02157136
-0.01419301
-0.07755025
0.04754036
0.00868105
0.02263737
-0.04381747
0.00732251
0.02370656
-0.04427965
-0.01440279
-0.04304149
0.02571762
-0.05122132
-0.02980212
-0.00381484
-0.05408945
0.00927239
-0.01931331
-0.02606000
-0.00464509
-0.02885808
0.03554371
0.03941275
0.02132685
0.00428030
-0.04792654
0.07385099
-0.01558614
0.01039462
-0.05099083
-0.01394895
-0.01633613
0.00095605
-0.00309191
-0.04117418
0.04000874
-0.01330554
-0.01335555
0.03153237
-0.02002908
0.02863369
-0.00369559
-0.04161962
0.02938858
0.01102959
-0.02715324
0.01016586
0.00240161
-0.00690749
0.04426876
0.04123402
0.00098047
-0.04891120
0.02285996
-0.02457947
0.00692328
-0.02791997
-0.03665236
0.03759981
0.01649859
0.04369177
0.03991809
0.03884597
-0.01919155
-0.02222515
-0.02015363
-0.01425825
0.02280791
-0.02211141
0.00053798
-0.06353652
-0.05541622
0.02123368
-0.01673880
0.02870466
0.02856742
-0.08781742
0.00830906
-0.00495282
-0.03749394
0.00212475
0.00500336
-0.00760086
0.04290693
-0.04590590
0.02746545
-0.04144477
0.02877326
0.04204272
-0.05464536
-0.00151671
-0.02591787
0.00288496
0.01754021
0.04251929
0.04096235
0.05401508
0.01329254
0.00660965
0.04591008
-0.01697065
0.00077533
-0.03208723
0.04557470
0.01769811
-0.02749207
0.01121974
0.03412616
0.03804665
-0.04483828
0.02020897
-0.02910593
-0.00506305
0.06086722
-0.00506796
0.00758339
-0.00132081
0.01605952
-0.00995146
-0.02074070
0.04384100
0.01695802
-0.02596132
-0.03546423
0.02416530
0.01265260
-0.04162835
0.03315697
-0.06096821
0.00810349
0.01512867
0.05283517
-0.04855143
-0.01443902
-0.02755733
-0.01639815
-0.07917351
-0.01160552
0.06374000
-0.03827336
-0.03236991
-0.00915428
0.00750354
-0.02826690
-0.03255996
-0.03801968
-0.01215926
0.03726264
0.03758926
0.02555846
-0.02152161
0.02420546
-0.03931645
-0.03733404
-0.04596576
0.05695685
0.04354362
0.01319359
-0.02956105
0.01863208
-0.01897440
0.00344240
0.01567305
-0.01083241
-0.00332379
-0.01575452
-0.00535092
-0.00718431
-0.00162771
0.03942334
-0.00113848
0.02863272
-0.03357084
-0.03939665
-0.01454455
0.01613901
-0.03639669
0.00145674
-0.06580954
0.02385060
-0.00360525
0.04110703
-0.04089692
0.02412950
0.05729028
-0.03308491
0.02245611
0.02761610
-0.00210675
0.01826986
-0.01274974
-0.03377233
-0.04801421
-0.00183786
0.01577097
0.03094471
-0.01840690
0.05928864
-0.04058053
0.02933425
-0.01178648
0.02724178
0.02108105
-0.02184341
0.01055528
-0.00862366
0.00825472
-0.04096760
-0.00273018
0.00334041
-0.03383487
-0.03376682
-0.01447939
0.02933389
0.00555611
0.01032504
-0.02992087
-0.01931946
-0.02860083
0.03744597
-0.01639112
0.06139087
0.01497391
0.03619463
-0.01931312
-0.02550588
0.02463065
-0.03800449
0.04678314
0.03464170
-0.01854082
-0.05213217
0.02073189
0.00887853
-0.04685546
0.03841935
-0.04935025
-0.01329997
-0.06689597
-0.01740720
-0.05246434
-0.02916317
-0.04444608
0.03592623
0.02838708
0.02666986
0.04002251
0.01740413
-0.06255182
-0.01578155
-0.02810037
-0.00432606
-0.03296553
-0.02429522
0.02611412
-0.07562238
0.03536296
-0.00077108
-0.00053490
0.06929843
0.03701649
-0.03499155
0.02432554
0.02526145
-0.01610808
-0.00365122
-0.05532577
-0.02819623
-0.01225916
-0.01889502
-0.03268945
-0.03109917
-0.01871461
0.01166882
-0.01616088
0.04000007
0.01721305
0.02845330
-0.02687078
-0.01203636
0.01840629
-0.01503436
0.11912450
0.01557675
0.04633607
0.01360672
-0.05064289
-0.04114957
0.02755861
-0.04279309
-0.00153653
0.00568199
0.01522431
0.00712996
0.01740551
0.03088457
-0.03127714
0.06198974
-0.00032045
-0.03884548
-0.00957473
-0.04232063
-0.01628475
0.04300706
-0.02755191
0.00778888
-0.03356828
-0.02062621
0.01805470
0.02433998
0.00612825
0.03249345
-0.05044554
-0.02723261
0.00281292
0.06554995
0.02355589
-0.03165163
-0.03484465
-0.01417973
0.00906563
0.03958298
0.00197953
0.04184777
-0.01059551
0.01466963
-0.02101142
-0.03130385
-0.03728661
0.00091392
0.04199452
-0.04535156
-0.02184813
-0.03433256
-0.00448092
-0.01841186
0.00742262
-0.03548682
-0.02339482
-0.03627194
0.00110146
-0.03660625
-0.06510056
0.02388947
-0.03719482
0.04594902
0.05614507
-0.01047914
-0.03317476
0.03362727
-0.02872178
-0.04662317
-0.01412915
0.06291515
0.01863148
-0.02792342
-0.02173777
-0.03934864
-0.05463252
0.02603233
-0.02615632
-0.04776769
0.03099026
0.02513703
0.00653693
0.03453647
0.02218744
-0.01916098
-0.01698267
0.02665719
0.02664016
0.02052856
-0.00479317
0.04994695
0.01572825
-0.05492324
0.05165564
-0.00446040
0.02256584
0.02575293
0.03194506
-0.02626262
-0.07013831
0.08698387
0.00955569
0.04870558
-0.02641195
0.03745669
-0.07808570
-0.02334770
0.00632547
-0.03518492
-0.03132612
-0.04133236
0.04806258
-0.00804614
-0.01865313
0.02208211
0.01696459
-0.03032828
0.00182205
0.01491004
0.03473449
-0.00628521
0.02362866
0.01953545
0.04743255
0.05393992
-0.03539228
-0.00759522
0.01707816
0.02423825
-0.00210776
0.06693523
-0.03506721
0.00315695
0.02329781
0.01869947
0.02754230
-0.00923823
0.01208220
-0.02835683
-0.03128547
-0.01812813
-0.04687611
0.02883951
-0.00154348
0.02878891
-0.01997806
-0.01354500
0.01291513
-0.02864186
0.01993184
-0.03401001
-0.00169218
0.02122634
-0.02454641
-0.01374817
0.01318785
-0.04962749
-0.00937733
-0.03418298
-0.04454834
-0.00328587
0.01082926
0.01392614
-0.03595890
-0.01336888
0.06424557
0.05251311
0.05416517
0.00794407
0.02298610
0.05895196
-0.04289527
0.04582774
0.01384646
-0.02939593
0.03037480
-0.03748042
-0.00008159
0.03609553
0.02202393
-0.05762359
-0.03087853
-0.04382217
-0.01034905
0.01530336
-0.03618675
0.01854102
0.03633009
-0.03189431
-0.01059086
-0.02472462
-0.04201171
0.03620853
0.03046381
0.02124307
0.05670938
-0.04254966
-0.06793561
0.04101840
0.01722815
-0.00589246
0.01031852
0.01355676
-0.04733459
0.00779975
-0.00015491
-0.04889980
0.03517536
0.01237927
-0.02626002
0.06743351
0.02791050
0.04210569
-0.00848651
-0.04640774
-0.04492832
0.03555556
-0.02748335
0.00062840
0.01083287
0.02389241
0.03487816
0.02641331
0.01716889
0.02987790
0.02340698
-0.01957107
-0.00977565
0.02112983
-0.04945861
-0.06097204
0.03024976
-0.02145969
-0.02388377
0.02701419
-0.01425579
0.01940323
0.00477945
0.03831631
0.01924443
0.03456782
-0.00924122
0.04342262
0.00827165
-0.00791461
-0.03306480
0.04414536
-0.03805882
-0.03365865
0.01493745
-0.02423396
-0.03614144
-0.04617705
-0.00285558
-0.00567663
0.05512590
-0.01880455
0.02246251
-0.01190978
0.04596848
-0.04067020
-0.02690454
-0.04669641
0.04564388
-0.02661724
-0.00252417
0.01207776
-0.01783900
0.03159211
0.02196642
-0.03140763
-0.00110894
0.03976343
-0.03319652
-0.07457105
0.04146713
-0.00667519
-0.03083856
0.03038897
-0.00317516
0.04039692
-0.03578779
0.01459803
-0.03450981
-0.03516968
-0.02830864
-0.03288760
-0.07067665
0.00562260
0.02417901
-0.01560454
-0.00296088
-0.02524006
-0.03782001
-0.03817917
0.02752283
0.03897581
-0.02498021
0.04347517
0.00058530
-0.05477751
0.02128472
-0.06375274
-0.00746682
0.02094480
-0.00654730
-0.04043052
-0.01842083
-0.04603897
0.00852811
0.00594664
0.02431807
-0.03133560
-0.01672930
-0.00267588
-0.00677934
-0.04344244
-0.02945826
0.04099656
0.03760401
0.01774036
-0.00777674
-0.01619336
-0.00763710
-0.02657084
0.05668947
-0.01800618
0.02866517
-0.01687832
-0.03024279
-0.02966404
-0.00976208
0.01172939
0.03091499
-0.00031813
0.04772273
-0.05883923
-0.00882006
0.00375475
-0.04194400
0.02903328
0.04549326
0.03379675
-0.00220290
0.02266157
-0.04055731
0.00470662
-0.03645356
-0.05929019
-0.04327078
0.00391131
0.03416742
-0.03582908
0.00500500
-0.04435496
-0.05506461
0.00111162
-0.03220830
-0.02868711
0.02193086
0.00897626
-0.02501906
0.02658726
0.02890770
0.04335122
-0.03310276
-0.02628882
0.02669065
0.04202903
0.02428965
0.03196897
-0.01726989
0.03765238
-0.01626489
0.00294883
0.04045030
0.02280387
0.02526039
0.00585037
0.00733038
0.01421869
-0.02141583
0.03984477
-0.01502163
0.04581806
-0.04272149
-0.01388835
-0.01250877
-0.01371945
0.00872176
-0.02770198
0.01682284
0.03692482
0.02815157
0.01117964
-0.01058167
0.01595932
0.03120660
0.01382836
-0.05589274
-0.00145169
-0.06242636
0.01869057
0.00997658
-0.00568041
0.00557691
0.03844760
-0.03481746
0.02161784
0.01798913
-0.02561978
-0.00209672
0.00230026
-0.03925468
0.04871556
-0.01989408
-0.00353585
0.03401944
-0.06384272
0.02923059
0.04045562
0.05189937
0.02447246
-0.02204664
-0.00013261
0.01359396
-0.04527291
-0.02429819
-0.03467599
0.03958744
0.02032756
-0.04964753
0.01686894
0.03859791
0.04527859
0.00054158
-0.00018259
0.00986476
0.05055134
0.00714254
-0.01474685
-0.02544092
-0.01108086
0.01009409
0.01872750
-0.00227547
-0.05258314
-0.04071883
