shape=[32, 400]
0.02816954
-0.04295166
-0.05646003
0.03063133
-0.00823457
0.04189685
-0.01599870
-0.00624587
0.02970955
0.04670089
-0.02640632
-0.00883969
-0.00193899
-0.00364713
-0.04862191
0.01256178
-0.04353152
0.03307071
0.05566571
0.04230215
-0.02882537
-0.01605068
0.02781793
-0.01085783
-0.02728690
0.02881176
-0.00473110
0.01382377
-0.04920879
-0.00014752
-0.01971757
0.01108122
0.00647906
-0.02344835
0.00894541
0.00156650
0.03087083
-0.02627960
-0.03638792
0.00685412
-0.00824298
0.01621097
0.01569939
-0.04281618
0.01836823
0.00099678
0.01860855
0.05272591
-0.00815750
0.01017511
0.05908640
0.00738580
0.03886503
-0.04742007
-0.00438975
0.03958138
0.06952339
0.02381862
-0.01131093
-0.04495919
-0.04849159
0.01871691
-0.01808420
0.01926020
0.05769679
0.05098513
0.06641047
0.03771301
-0.04935138
0.03267140
-0.02790541
-0.02380808
0.09495793
-0.00880973
0.04551620
0.01950310
-0.04478468
-0.01506457
0.06896638
0.00943015
-0.00239993
-0.04659651
0.00185958
-0.03417563
0.00737192
-0.03869450
0.00370888
-0.03543239
-0.03083809
0.02954249
0.04030031
-0.02880488
0.02571528
-0.01752693
0.02941835
-0.01022504
-0.03623926
-0.02464647
0.04863465
-0.01662828
0.03360205
0.01553029
0.01086712
-0.00811000
0.01082381
-0.03978970
-0.00607350
-0.02112409
0.00303320
-0.00721722
0.06082356
0.01545375
0.02029452
-0.00814850
-0.02160444
0.00142187
-0.02026206
0.02754822
-0.04912983
-0.00366858
0.02000002
-0.03610798
-0.01618668
-0.03155968
0.00266066
-0.04763720
0.01877279
0.03648356
0.02843135
0.00545024
-0.01869374
-0.03548351
0.02951977
-0.04247370
-0.02640071
0.04292160
-0.03743879
0.04980664
-0.03982973
0.01844909
0.03153248
-0.04996023
-0.01132260
0.02009586
-0.01860075
0.02257237
-0.00074299
0.03208708
0.02736105
-0.04196392
0.03810054
-0.04878013
0.03129348
-0.00671992
0.00079239
-0.03986643
-0.03127700
-0.04030521
0.05041147
-0.01928209
-0.00471652
0.02301758
-0.05460912
0.00922631
0.01147100
0.01398326
-0.02746758
0.01166830
-0.04287581
-0.04659705
0.03340452
0.03627259
-0.03243113
0.01594014
-0.01800629
0.04838434
-0.01339476
0.04153476
0.01679637
-0.02421300
-0.03407812
0.01756278
0.01327201
-0.03494661
-0.01221814
0.03830906
-0.02281009
-0.00151152
0.03803185
0.03042695
0.00171093
-0.04540649
-0.05212232
-0.00131321
-0.06939866
-0.02827575
0.03764627
0.00502348
0.04260818
-0.02861154
-0.08132052
0.00566666
-0.01224181
-0.02343663
0.04178483
0.02708090
-0.04202594
0.02897530
0.01608514
-0.03197471
-0.09870174
-0.05319414
-0.04129703
0.02627669
-0.03332470
0.02927842
-0.07565186
0.01792854
-0.00297235
-0.03634023
0.01126505
-0.00735805
-0.08724386
-0.02071532
0.04415841
0.01825974
0.02458601
0.02214218
-0.04023149
-0.03227563
-0.01894217
0.02630173
-0.03269589
0.00180385
0.04880464
-0.04420801
0.02325311
-0.02147066
-0.05346640
-0.02282468
0.01666981
-0.02480946
0.06377089
-0.01463924
-0.00402547
-0.01442793
0.00362098
-0.01112235
-0.02590015
0.01477549
-0.04460779
-0.02764730
0.02834705
0.00636667
0.03440228
0.03411001
0.03135307
-0.02472707
-0.00308070
-0.01536143
-0.00489360
-0.04707887
-0.00764386
0.01287296
-0.00860445
0.03887477
0.02005493
-0.00804643
0.04694940
-0.03466040
-0.00383695
0.03300633
-0.00516826
0.03558666
-0.06249252
0.01023271
0.01566010
-0.03499227
0.04056567
-0.02826687
-0.07332756
-0.01074105
0.00128207
0.04168294
0.03704980
-0.01169204
-0.06719330
-0.03541254
0.00977876
0.00470535
-0.03970813
-0.04678681
-0.03711474
-0.00605078
0.01711274
-0.04374376
-0.02773499
0.02369422
0.04654732
-0.00957938
-0.00234662
-0.02065738
-0.08690501
0.03381588
-0.01119766
0.01199833
-0.03297967
0.03324244
-0.02219277
0.04415755
0.01054084
0.04495744
0.03098241
0.02111407
0.04483509
-0.03695165
-0.02092679
-0.02983758
-0.02009036
0.02403712
0.05621425
0.03308557
0.04313757
0.01815823
-0.05065404
0.02640887
0.05214949
0.04901958
0.05773216
0.00649666
0.04720527
0.01496175
-0.01011907
0.04435175
0.07428169
-0.03785753
-0.04791296
-0.01952833
-0.03605147
-0.03485523
0.04710812
0.02860395
-0.00339185
0.03144925
-0.00619241
-0.01024728
-0.03635877
0.02447850
-0.04476792
-0.03713104
0.00380153
0.03946600
-0.00493850
-0.03598347
-0.06536383
-0.00831203
-0.02747838
0.02228162
-0.04961776
-0.04205481
-0.03275293
0.04308917
0.01894028
0.04106178
-0.00132376
0.00939415
-0.03874528
-0.03236388
0.03616833
-0.04512678
0.00221041
-0.01478636
0.00399968
-0.01575024
0.03392312
-0.02006447
-0.03002389
0.01434875
0.04420827
-0.03338258
-0.01651313
0.01706330
0.01952942
-0.01555193
-0.04781666
-0.02362885
0.05663379
0.05122587
-0.03663611
0.01316830
-0.00948524
0.05083665
0.07681095
0.01703400
-0.03326416
-0.02590706
-0.03867129
-0.02250840
0.04789101
-0.02044062
-0.05319688
0.03903802
0.00345317
-0.04473981
0.02156084
-0.00470200
-0.02840364
-0.00636559
0.01654116
0.02076515
0.00859051
0.01476946
-0.02486186
-0.02259196
-0.03712635
-0.01221955
-0.00840628
0.01268263
-0.04091091
0.04305232
-0.04824699
-0.00440847
0.00910957
-0.01060580
0.03668980
-0.00150747
0.00691605
-0.03158109
-0.00551948
0.00890174
-0.03850897
0.00343236
-0.04720800
0.00708812
0.03216208
-0.04521155
0.01665232
0.00629713
0.02921891
-0.00629149
0.03784918
-0.04396810
-0.01119080
0.04222033
-0.02219545
0.03705484
-0.02753252
-0.02634826
-0.05326619
0.02471174
-0.07575635
-0.00477673
-0.03411262
0.04976150
-0.01863064
-0.00635144
-0.14470519
-0.01542703
-0.01530795
0.03998026
0.00007467
0.03358392
-0.10844260
-0.01940174
-0.02681839
-0.02033699
-0.06173930
0.04774720
0.03267934
0.01019475
0.00953046
0.03795070
-0.07147133
-0.01747084
-0.02340921
0.02876773
0.02208350
0.00848640
-0.10785283
-0.01094414
-0.01094685
-0.04510219
-0.01875573
-0.03741253
0.03961836
0.02264909
-0.04611432
-0.03913961
-0.03796052
-0.01697736
0.00418478
-0.01084380
0.04173467
0.02356122
-0.00586408
-0.03481824
-0.04067864
-0.00246053
0.06153094
0.05278991
-0.05013604
-0.01599568
0.05525110
0.05448145
0.07793368
0.04039518
-0.02345495
0.04625697
0.00091367
0.04036075
0.00749548
-0.04311400
-0.02209210
0.04363109
0.12396402
0.04309618
-0.03911748
-0.00547614
0.03077363
-0.03585200
0.13713534
0.02492399
0.05391971
-0.01438437
0.04555338
0.04398664
0.09090634
-0.01397150
0.01211016
0.01495005
0.10775691
-0.01238436
0.00830280
-0.03044277
-0.02075174
0.02983731
0.05712192
-0.05042810
0.01282419
-0.02274526
-0.00062252
-0.01223117
-0.00120661
-0.02216170
0.01168965
0.03413890
0.03675103
-0.00824469
-0.00668473
-0.01101413
-0.04468749
0.02307467
0.03504891
0.03160540
0.01935643
0.04916948
0.02371093
0.01355700
-0.02909829
-0.03176937
-0.00974086
0.01261880
-0.00581435
0.04763762
0.04449357
-0.03930690
-0.01871446
0.01022613
-0.01602105
-0.00582978
0.02823928
-0.01350515
0.01965343
-0.04743974
0.04117686
0.01714577
0.04985335
-0.03234325
0.03965317
-0.00246405
-0.03767512
-0.03446857
0.01743849
-0.03902606
0.05420863
0.01111998
-0.00796348
-0.01740671
0.02069181
0.03409614
-0.00884392
0.06412758
0.06689866
0.02825077
0.10661360
-0.04160257
-0.01804217
-0.02277826
-0.02893400
-0.02395822
0.08560376
0.02393816
0.00081944
-0.04935633
-0.02287797
0.02696649
0.08509783
0.02235304
0.00880664
0.04522940
0.11260855
0.02025644
0.02123960
0.00169130
-0.00616761
0.03165677
0.10451504
-0.04535133
0.02021978
-0.00990092
0.05560303
0.04269271
0.07334314
-0.02598593
-0.01732083
-0.00887150
0.13129434
0.01941427
0.01007500
-0.02245946
0.04731335
0.02424746
0.13215689
-0.04207549
-0.00441955
0.00371349
-0.02919458
-0.03197059
0.02908232
0.03745595
-0.01658337
-0.05300301
-0.06134770
-0.04585563
0.01024504
-0.05122544
-0.06320351
-0.03498231
-0.05356044
0.04602178
0.02020331
-0.04459744
-0.00277872
-0.05071023
-0.00243772
-0.03715488
0.02438254
-0.05412861
-0.14337379
-0.04758206
-0.03698469
-0.04307416
-0.02306477
-0.02606240
-0.11817049
0.02961200
-0.04658096
-0.01833271
0.03555452
0.02397517
-0.07739778
0.03871443
-0.01639091
-0.07044291
-0.15451802
0.00030032
0.03899844
-0.03471208
-0.01561362
-0.03489919
-0.14683174
0.04340503
-0.03906690
-0.05615031
0.03680320
-0.03348133
-0.11523703
-0.04030997
0.02508075
-0.02275182
-0.07283341
0.00733945
0.02108294
-0.03890363
-0.01658566
0.01056661
-0.08904658
-0.01133351
0.02246346
0.00433435
-0.01376900
-0.00858239
-0.00582192
0.05660546
0.00433331
0.02119201
0.05723838
0.00209476
0.00947282
0.03820300
0.04069994
-0.03561755
0.07535619
0.00758601
-0.00119951
0.04169711
-0.02836669
0.04608585
0.05134476
0.04985777
-0.03214974
0.02409116
-0.01584184
-0.00864661
-0.04519407
-0.04470748
0.00049293
0.02409081
-0.08381821
0.00475286
0.00142326
-0.04167534
0.00089076
0.01295107
-0.08120585
-0.00060513
-0.01877952
0.03149259
-0.00132001
-0.01769495
-0.01570911
0.02812055
0.04543979
-0.00172181
0.00593090
-0.04499398
0.04868620
-0.03500152
-0.02218265
0.01050764
-0.02956700
-0.02748476
-0.06766579
-0.01720638
-0.08672887
-0.00995938
-0.03695939
-0.01582731
0.00404810
-0.01467130
-0.06646758
0.03992926
0.04242586
-0.04145142
0.01932866
0.00404288
-0.03324008
-0.03412747
-0.02996558
-0.00645106
-0.05645422
-0.03958071
-0.03893955
-0.02980300
0.00872580
-0.02041123
-0.04076638
0.02061119
0.04015400
-0.01132691
-0.02583949
-0.03578546
-0.07415180
0.02211818
0.01829319
-0.03596241
-0.02693706
0.00494060
0.02339746
-0.00812371
0.01567484
0.03859060
0.00703496
-0.05007232
0.00345069
0.00024014
-0.01749860
0.03686601
-0.02862808
-0.00745977
-0.02548692
-0.04066001
0.06956524
0.04837298
-0.04601080
0.01530131
0.05261156
-0.03794225
0.06131759
-0.04737183
-0.03911335
0.00122035
-0.00782535
-0.02260605
0.04890735
-0.03804025
0.00418341
-0.04139677
0.02638293
0.02074093
-0.04835842
-0.00476757
0.00282169
-0.04369462
0.00670459
-0.01815060
0.03179942
0.05338527
-0.04582469
0.01195666
0.03531398
0.02759048
0.01915300
0.00962501
0.00212081
-0.01532955
-0.00947932
0.02477969
-0.03792119
0.00608367
-0.03614273
0.01042464
0.01887552
-0.02855301
0.02250560
0.03267216
-0.02739373
0.03501381
0.00666465
0.00313982
-0.00599227
0.02047266
-0.01635700
-0.04958055
-0.01224198
-0.04517990
-0.03449315
-0.04380570
0.02386228
-0.01534679
-0.01160284
0.04070817
-0.01055370
-0.04514480
-0.02167407
-0.00707565
-0.01886457
-0.00790782
-0.04112447
0.02089917
0.05115020
0.00447231
0.03868612
0.03164870
-0.02187292
-0.03155017
-0.03150643
0.00935689
0.04388914
-0.03958265
0.01720385
-0.04182372
0.05779479
-0.04515616
-0.01040400
-0.01966298
-0.00100622
0.00777695
0.02119290
0.00273685
-0.02403129
0.04978340
-0.03418991
-0.04531099
0.03141226
-0.02862943
0.04713264
0.00631120
-0.03440129
-0.03627822
0.04159972
0.02017942
0.00308313
-0.00250389
0.00772663
0.02351334
0.04222173
-0.03583882
-0.01940679
-0.03029229
0.03836767
-0.03813816
-0.01965810
0.01043258
0.02572485
0.03292245
-0.01603509
-0.01137995
-0.01252152
-0.00411740
0.05724192
-0.03233142
0.03166531
-0.04206162
-0.03096632
-0.04819614
0.04598972
-0.04856863
0.02007978
0.03879178
0.06227237
0.00091522
-0.04489199
-0.04591848
0.02991024
0.04497767
0.01614335
-0.01443576
0.03552548
0.03474227
0.01817535
-0.02964294
-0.01285746
0.01594695
0.03071883
-0.04139753
0.02926111
-0.01044444
0.01281088
0.01452660
0.04724692
-0.02777787
-0.02094218
-0.01941401
0.04362778
0.04308296
0.00630958
-0.00268036
-0.00515406
0.01212661
-0.03899896
0.02652905
-0.06112728
-0.03597240
-0.01738243
0.05070433
-0.04580597
0.02317463
-0.06940278
0.02374677
0.04234811
-0.04766347
-0.04147426
-0.02259689
-0.06382091
-0.04713777
0.04537594
0.03000284
-0.06044405
-0.01378456
0.02688833
0.03770949
-0.01128957
0.02548401
0.00055005
0.03812739
-0.02884565
-0.00936269
-0.00354281
0.04400708
-0.01734274
0.02650014
-0.00841590
0.00396237
-0.06508654
-0.03281291
0.02039942
-0.02182005
0.01874595
-0.04684154
0.02848863
-0.01701657
0.03524785
-0.01322973
-0.02022390
-0.01479440
-0.04814980
0.02122232
0.02730835
0.04012049
0.00085106
-0.01549922
0.02439528
0.00039116
-0.00855483
-0.03587697
-0.00436010
0.03199282
-0.04507957
-0.05193641
0.04792091
-0.01891883
-0.01060039
-0.00601879
-0.02557385
-0.04177278
0.02316990
-0.02543086
0.00997750
-0.04715236
-0.00900039
-0.00218059
-0.05269053
0.02494379
-0.04336496
-0.00132747
0.00751140
-0.05124738
-0.00051623
0.03403001
0.01047428
-0.01313392
-0.08334844
0.00808979
0.02374130
0.02586409
-0.02809499
-0.04394431
-0.00975302
-0.03392623
-0.02074188
0.03986352
-0.00067077
0.04894399
0.00043918
0.01917488
-0.02032946
0.01340003
-0.06164727
-0.05148389
0.03343021
-0.00677680
-0.02218446
-0.02618768
-0.02810041
0.00606398
0.01340261
-0.01926278
-0.03212055
0.04063865
-0.02525255
0.02198832
-0.03331427
0.02767954
-0.00979516
0.03076633
0.04683173
-0.00913683
-0.01014344
-0.00578014
-0.04667579
0.03687814
-0.03070370
-0.00066237
0.00068514
0.03425869
-0.03601508
0.03820053
0.03775242
0.04099032
-0.04192818
0.01572364
-0.00768404
-0.03964584
-0.00735885
-0.02243861
0.01346228
-0.00386832
0.01715015
0.01479002
-0.01822147
-0.03901680
-0.00406304
0.02952709
0.00491246
0.01577229
-0.03038435
-0.03071220
0.04000140
-0.01530433
-0.02494189
0.02785603
-0.04443947
-0.01162242
-0.02080442
-0.04368373
0.01583195
-0.04552694
-0.03407198
-0.02457487
-0.03064611
-0.01411651
-0.06637170
0.00469505
0.02530325
0.01948092
-0.02049886
0.00349930
-0.07233157
-0.03726533
-0.00957877
0.01062976
0.03487435
-0.00220402
-0.04778727
0.00001783
-0.02188443
-0.02905944
0.01555854
-0.03625930
-0.04619960
-0.04793100
0.02654675
-0.04527733
0.02430082
0.00014914
-0.03091822
-0.00823864
-0.00967705
-0.03137156
-0.01468727
0.02101940
-0.00014555
0.04220730
-0.05477388
0.01748496
-0.01708605
-0.03878664
0.00036605
-0.02259986
-0.06250211
-0.00738942
0.02023203
-0.03448226
-0.01020400
0.01511395
-0.00641377
-0.01730198
0.02532657
0.00629936
-0.04114883
0.00733753
0.01091034
-0.02401649
0.04020528
-0.01171455
-0.05040010
-0.04303855
-0.00573151
-0.00429141
0.02570760
-0.01363355
-0.01446762
-0.01084356
0.03229773
0.03303107
0.00142550
0.03753288
0.00012675
-0.01971271
0.02394405
-0.01485456
0.04101368
-0.04141002
0.04332056
-0.01208855
0.03191436
0.00030484
0.05792224
-0.03478669
-0.02077514
-0.03500198
-0.08211509
-0.03088508
-0.04866363
-0.00682799
-0.04570348
-0.00594595
-0.00364886
0.00123676
0.04502538
0.00980893
-0.02846424
-0.04779918
-0.06576719
-0.01816256
-0.02439128
0.00401080
-0.10828991
-0.05571709
0.03448577
-0.02122673
0.03220459
0.02217921
-0.10918351
0.04179778
-0.04451126
-0.04245000
0.01276067
-0.01568895
-0.08667418
-0.01470991
-0.00460799
0.01656350
-0.12299749
0.04107735
0.02175407
-0.04866812
-0.05470010
0.03587645
-0.09722964
0.03033612
0.03561521
0.00594181
-0.03686361
0.03870318
-0.09490433
-0.01319526
-0.02526022
-0.04859799
-0.08391498
-0.02769199
-0.01572371
-0.05465767
-0.01310087
-0.05080530
-0.07976700
-0.00275743
-0.02716892
-0.04563778
0.02520962
0.01575885
-0.07724009
0.00363582
-0.00813221
-0.02105498
-0.11272447
-0.02797509
0.03756667
-0.04289569
-0.01416639
0.01548630
-0.04816756
0.03682679
-0.03444849
0.04363887
-0.01450854
-0.00654759
-0.10986494
-0.03956265
-0.01765372
0.01347369
0.02028326
-0.00616813
0.03079886
0.04649762
0.04049635
-0.03641894
-0.05301902
0.04325439
-0.01428535
0.04621890
0.02953482
0.02982277
0.02031768
0.02644514
-0.04709628
0.05470759
0.04576607
-0.03828163
-0.01147776
-0.04667846
0.04083504
0.01082155
0.03403607
-0.00958246
0.02435009
-0.00085649
0.03317225
0.03413768
0.02987128
-0.01012734
0.03905698
-0.02444628
0.03129257
0.04424708
0.03051516
-0.05188237
0.01118834
-0.00360864
0.07431403
-0.02576448
-0.03823597
-0.00912537
0.03952598
0.03367544
0.01718512
0.04453861
-0.03296251
0.02925923
0.08666182
0.02960068
0.01619357
-0.00175421
0.04913810
-0.03558685
0.06190994
0.01872647
0.02056752
0.04521539
-0.01441470
-0.02952841
0.01081467
0.02423462
0.00695693
-0.00120633
0.06611536
0.03587112
0.03681273
-0.04481557
0.05030530
0.00793361
-0.03558828
0.00790480
0.03344345
0.00986947
0.00805614
-0.05168336
0.01312192
0.01456759
0.05844922
0.02535084
0.05926634
-0.00587648
0.03295754
-0.04169046
0.01984598
-0.00953582
0.08762906
-0.01861029
-0.01549316
0.05215522
-0.04285290
0.02880156
0.04318450
-0.01021923
-0.01211299
0.04337626
0.16648531
-0.03910498
-0.04021429
0.00057765
-0.00844076
-0.00012126
0.12633260
-0.04554084
0.01964151
-0.01792911
0.00989562
0.04215428
0.08131387
0.02909056
-0.01013123
-0.00725244
0.11996704
0.01608489
0.03342197
0.02165393
0.01953940
0.02105154
0.09118628
0.04237173
0.03655883
0.02034860
0.02916220
0.04351013
0.09988401
0.04455008
0.03772182
0.00393662
0.04873813
-0.02350445
-0.02968840
0.02910126
0.03322347
0.01669926
0.07196227
-0.03506764
0.04692744
0.01786168
-0.00084720
-0.00109920
0.07361245
0.01882123
0.04843651
0.01324184
0.02613306
0.03582553
0.01596419
0.04127648
0.00422278
-0.04655784
0.05106447
0.00095636
-0.03587975
-0.00405992
-0.03288016
0.04316818
0.06540106
0.03089615
0.01062517
0.02878085
0.05470061
0.01677813
0.01728601
-0.03604520
0.00483951
-0.01170547
0.02996216
0.00551258
0.03340544
0.01099394
-0.02584612
-0.01620079
-0.00975189
0.02298748
0.04139822
-0.04200795
-0.06318011
0.02287028
0.04134579
0.04835429
0.02961820
0.02772710
-0.03379612
-0.04006370
0.03810521
0.00285764
-0.03989343
-0.01693873
0.05968232
0.01520890
0.02702108
0.01817387
-0.12298851
-0.02287284
-0.04626234
0.01248376
0.01832116
-0.02482350
-0.03122433
0.04775590
0.02199526
-0.00279792
0.01702003
0.00945308
-0.01300024
-0.01275800
-0.02440593
-0.06602323
-0.09536739
-0.02309934
-0.00493830
-0.03448615
-0.04743088
-0.04363828
-0.07938246
-0.02882366
-0.03816022
-0.04254624
0.04700349
0.03595113
-0.09964850
-0.01385320
0.04534280
-0.01082978
0.03296542
0.05436415
-0.03231385
0.03824567
-0.04424049
0.03973262
-0.02609496
-0.04973722
-0.04600547
-0.04300702
0.02903438
-0.02418380
-0.03144980
0.03219398
-0.01714288
0.00443130
0.00106032
0.03728434
-0.04795278
-0.03840424
-0.02743794
-0.01283632
-0.08836199
0.01092125
-0.03488703
-0.02996270
0.02969068
0.00316996
0.00344773
0.03958877
0.02143720
-0.04125302
-0.08821866
0.03752704
0.03370136
0.04273499
-0.00178661
0.04069271
-0.12287699
-0.04516949
-0.04066654
-0.02155963
-0.00024130
-0.01965711
-0.09789357
0.01206629
-0.05693813
0.04105594
-0.08763706
-0.05256939
-0.00835850
-0.00658992
0.02588736
0.02685015
-0.07793490
0.00967035
-0.02381585
-0.00974078
0.03497021
-0.01133214
-0.06682855
0.01642498
0.02059493
-0.00164469
-0.04265290
-0.04778704
-0.01529993
-0.00140724
0.01478748
-0.02684578
-0.00239782
0.02001491
0.03905940
0.03876094
0.02811905
-0.02477795
-0.04043387
-0.00423844
0.00969335
-0.04062513
0.06706902
-0.00894937
-0.00041636
-0.01000890
-0.00832888
0.00538753
0.02024917
-0.03466789
0.02331038
-0.00994461
0.03461380
0.02768755
0.02714787
0.00781581
0.01933267
-0.00333438
-0.09938057
-0.01084755
-0.04469017
0.04425993
-0.05258054
0.03964806
-0.06595420
0.03212773
0.01852934
0.01599804
-0.00764883
0.04221702
-0.08136056
0.00498990
-0.02410518
-0.05000888
-0.08404608
-0.03729269
0.00074376
-0.00010162
0.00925782
-0.03748225
-0.12102117
0.05156948
-0.01417684
-0.01564415
0.04813958
-0.02323468
-0.05812147
-0.04784879
0.03223009
-0.04836828
-0.06501608
0.01664577
-0.03914416
0.04055030
0.02075843
0.03045733
-0.11275923
-0.01160639
0.03860886
-0.05823790
-0.01229302
-0.03333683
-0.10445937
-0.04425487
-0.03448674
0.00942173
-0.06937975
0.00650919
-0.01528645
-0.02217094
0.01160924
-0.00871057
-0.01937617
-0.02219098
0.04386637
-0.05492366
0.03123972
0.01893441
-0.00643785
0.00313895
0.00167580
-0.01953488
-0.07201166
0.01068182
0.02458777
-0.02434230
-0.00084360
-0.03506834
-0.01572036
-0.01660552
0.00158759
0.00116675
-0.04742276
-0.01097894
-0.02357008
-0.00105747
-0.02325428
0.02216269
-0.03796558
0.01778986
-0.02034584
0.01757099
0.00817054
0.04527566
-0.00223594
-0.01443687
0.01079704
-0.01256971
-0.03763577
-0.00425128
-0.01435321
0.00478906
0.00378846
0.00615337
-0.06913237
-0.04567100
-0.03871270
0.04237742
0.03264463
0.04544506
-0.14006977
-0.03230665
-0.04658699
-0.02061432
-0.04265865
-0.01635070
-0.02407470
-0.00320480
-0.06888673
0.03643574
-0.04200868
-0.04478889
-0.03938221
-0.02042312
0.01354761
0.00693487
-0.06506158
-0.00818380
-0.02926619
0.02456865
0.04729710
0.00855162
-0.09823275
-0.00064545
-0.04115626
-0.00718047
0.01699040
0.02958662
0.03131797
0.00823507
-0.03322614
-0.01158819
-0.04830692
0.03446686
0.01891072
0.00387652
0.02621527
0.00494336
-0.06344137
0.02927472
0.03218153
0.02195022
-0.03293830
0.02084220
-0.00141074
-0.04504843
-0.01519593
-0.01103736
-0.07359758
-0.02944293
-0.01132222
0.04284203
0.00387873
0.03467191
-0.03209786
-0.04502852
0.04801230
-0.00776528
0.09097033
0.03396252
-0.01616938
0.04361990
0.01571503
-0.01463257
0.13916647
-0.00675052
-0.00436208
0.00122388
0.02852595
0.02744405
0.10380305
-0.02081164
0.05443367
0.07314938
0.13891524
-0.04134602
-0.04045713
0.02279715
0.05791449
0.02161246
0.11142547
-0.03410818
0.05082147
0.05904398
0.01355347
0.01004721
0.02071849
0.00967278
-0.02459137
-0.00910884
0.12613469
-0.04293830
-0.04513164
-0.04981575
0.04816317
0.00472464
0.08854635
0.02384081
0.02887652
0.01110755
-0.01811051
0.02540455
0.04787115
-0.02751415
-0.02248787
0.00124192
0.05818954
0.03064382
0.02980397
-0.00738046
0.04272445
-0.00880743
0.11720596
-0.03628767
0.05036818
-0.00923825
-0.03195425
-0.02285267
-0.00275464
-0.00475252
-0.02514052
0.05380626
0.08183165
-0.02352273
-0.02417271
0.04276272
0.03839781
0.02287276
-0.01275905
0.03197876
0.00072505
0.01576093
0.04161939
0.02472728
0.01967688
0.03043708
0.07395297
0.03318283
0.04533122
-0.03251660
0.02142039
-0.01991328
-0.00712770
-0.04757805
0.03325491
0.03340065
-0.02327164
-0.01993528
0.02183222
-0.01857665
0.03125252
0.05450470
0.01479689
0.03371609
0.06154505
0.00868130
-0.03737906
0.03714516
0.02361808
0.01432428
0.05378738
0.04135981
-0.04897070
-0.05261230
0.02457415
0.04456945
0.05157029
0.05530994
0.05608336
0.00446729
0.00659770
0.01247009
-0.05301496
-0.01857993
0.01216484
-0.01388095
0.07946555
-0.03471193
0.00907707
-0.00370360
0.03978183
0.01760191
0.07205381
0.03955697
0.01912374
-0.00578024
-0.00870861
-0.00896387
0.03784946
0.01421616
0.03889038
0.03300976
0.08090000
-0.03812120
-0.00350842
-0.01358885
-0.02860095
0.03046984
0.03652993
0.02803755
-0.03084900
-0.00978204
0.02269304
0.01702291
0.01294831
-0.01666720
-0.01055975
-0.03463973
-0.00830420
0.00372135
0.03014868
-0.02293242
-0.02046908
-0.01622412
-0.01190334
-0.03796608
-0.02031593
-0.06180909
-0.12098883
0.00490815
-0.03200963
0.04180004
-0.06725786
-0.01057888
-0.16551587
0.03861934
0.02272561
-0.05687656
-0.02968680
0.04747659
-0.07305698
0.04591740
0.03156273
-0.01564596
-0.11256348
0.00120217
0.02566257
-0.04151225
-0.04807466
0.02643674
-0.07417789
-0.00973098
0.01933687
0.00805835
-0.00667510
-0.04235895
-0.02174186
-0.02907703
-0.05196390
-0.03044618
-0.13228464
-0.03764868
-0.03125492
0.00730294
-0.03536158
-0.03891946
-0.08350334
-0.01166501
0.02610316
0.03633443
0.01000922
-0.01676007
-0.08687852
0.03463775
0.02628157
-0.04065254
-0.08549604
0.00711658
-0.03586524
0.02297960
-0.04861477
0.03357023
-0.09154544
0.00054492
0.02467011
-0.02762388
0.03377419
0.02295473
-0.09378330
-0.00177180
-0.01229203
0.03115688
-0.11742055
0.03748412
0.01540822
-0.03005088
0.01574791
0.02144572
-0.07512201
0.00236521
-0.00123914
-0.03692037
0.04240410
0.03058693
-0.02696548
0.00658754
-0.03745697
-0.03591930
-0.05665490
-0.00832955
0.02279017
-0.00629718
0.03475879
-0.00318930
-0.01751339
0.04234800
-0.00445751
0.00580605
0.04081910
0.01955591
0.03438663
0.04352859
0.04130495
-0.03588054
-0.08773563
0.03613887
-0.05253928
-0.02606205
-0.01897662
0.03293440
-0.05434525
0.02755571
0.02657937
0.00885141
0.03858087
0.02649402
0.01067485
0.00658846
-0.00384388
-0.01531770
0.03109532
0.00182517
0.00260734
-0.02154274
0.04386900
0.03702778
0.01332192
0.04006205
-0.02715351
-0.04959061
-0.05063877
-0.00890830
0.01913973
-0.01628643
0.03347818
0.02491311
0.05441450
0.01799208
-0.03293496
0.03602596
-0.01904261
0.02743503
0.04188657
0.04052501
-0.03074761
0.01479596
-0.03291608
0.02005394
0.00217230
0.03499202
-0.02440778
-0.04693194
-0.01150016
0.00300813
0.02430953
-0.03776133
-0.02849033
-0.01368141
-0.02763931
0.00860146
0.01008194
0.01395565
0.02753698
0.01801552
0.03673163
-0.03547362
-0.02789956
-0.06980840
-0.09219022
0.02803455
-0.03149646
-0.01038440
0.02355643
0.01406336
-0.04844388
-0.02820051
0.03931934
0.00197238
-0.00576941
0.03100519
-0.02724957
0.01165799
0.01466089
0.01030361
-0.11726633
-0.00731697
0.02668272
-0.00934677
0.01352002
-0.03471868
-0.09719873
-0.01878310
-0.01332726
-0.05541618
-0.02118011
-0.04569162
-0.09135524
0.02365118
-0.03375715
0.01525755
0.03483840
0.02302818
-0.03253049
0.02123953
-0.04137773
0.04753369
0.00928612
0.03785477
-0.01090709
-0.05303139
0.01226973
0.05059614
-0.02647711
-0.05211511
0.06454284
0.01341649
0.09614553
0.04025201
0.01916059
0.00123608
-0.01016804
-0.02089115
0.14466974
-0.00410066
0.03890140
-0.02683547
-0.03276436
-0.00341208
0.09546319
0.04525518
-0.00193751
-0.00942165
-0.07012397
0.01670061
0.04736843
0.02525260
-0.04036488
0.02034042
-0.00441260
-0.04701775
-0.03963780
0.05227204
0.04164995
0.03686789
-0.06212500
0.03449116
-0.00656946
-0.03037495
-0.15073116
-0.02436328
0.01846766
-0.02975073
-0.00283994
0.00190173
-0.14338006
-0.00641611
0.00357126
-0.02099842
0.04391878
0.00921236
-0.07645046
0.00920589
-0.03103320
-0.06291050
-0.06530312
-0.03456107
0.04316492
0.00783132
0.01068351
0.04394133
-0.17060582
-0.01131946
-0.00447585
0.01230017
0.00496444
-0.00701205
-0.09935185
-0.01755998
0.06059111
0.01723092
0.11550086
0.07141008
-0.02477125
0.02542887
0.00076251
0.00502513
0.11456580
0.00992311
0.01899803
0.03498990
-0.01380985
0.03616430
0.05918175
-0.01803629
-0.00385112
0.02632866
0.06469437
-0.00065969
-0.05121548
-0.01911402
-0.02527118
-0.03846523
0.06810439
0.03986353
0.02767780
0.05327475
-0.04599640
-0.03202737
0.09268762
-0.04216132
0.00902407
-0.02640257
-0.17979656
-0.00401892
-0.02623249
-0.02526615
-0.00766158
-0.01662251
-0.11844448
0.03641374
-0.04131887
0.04743379
0.02907218
-0.02920953
-0.14784794
-0.04464559
-0.04723775
-0.04495019
-0.10673970
-0.02170171
0.00656167
-0.02132869
-0.02290747
-0.03946005
-0.13487151
-0.03043960
-0.01176486
-0.00518393
0.03718001
-0.04894846
-0.03899410
0.03820333
-0.02777765
-0.03996994
-0.02535236
0.05114414
-0.00661411
0.03790361
-0.00613363
-0.01497129
-0.06900893
-0.04527184
-0.04428974
-0.04002349
-0.02978315
-0.00499132
-0.03044239
0.00426257
-0.01644855
0.04661857
0.12715581
0.06633720
0.00972808
0.02115263
0.01804992
-0.03863101
0.14774647
0.04191412
0.01013612
-0.00314679
-0.03251627
-0.00689453
0.10873376
0.00621471
0.01539369
0.01089310
0.03565083
0.03707099
0.01490290
0.04725501
0.00249216
-0.04163359
0.01164373
-0.03962057
0.02097128
-0.00531545
-0.02099110
-0.03501372
-0.00433556
0.03824805
-0.01247773
-0.03690282
-0.16935526
0.03516534
0.01470797
-0.03032525
0.01025707
-0.02028373
-0.17594521
-0.02570430
0.03364424
0.01779519
-0.00161016
0.00760984
-0.14627713
0.02362075
-0.01000534
-0.01904668
-0.03463107
0.03832923
0.02338051
0.01516941
-0.03666065
-0.01823500
-0.03480783
-0.01978029
0.00219489
-0.04246265
0.00532065
0.01822674
-0.09384550
0.00319931
-0.02727413
-0.02974662
0.03705908
-0.03437792
0.03123295
-0.00807416
0.01424043
-0.00933251
0.03613533
0.01405342
-0.04783465
-0.05124402
-0.04090842
0.02437474
-0.02370191
0.01163849
-0.01528826
0.03944844
0.10007536
-0.01759091
0.00888272
-0.01546018
-0.02727445
0.04677237
0.11294483
-0.03767410
-0.01213207
-0.03144351
-0.03687148
0.00324615
0.08006198
-0.02051387
-0.03801151
0.03276451
0.00187725
-0.05347059
-0.05325744
-0.01039420
-0.00672383
-0.03135563
0.01348835
0.03228606
0.01675359
0.04264976
-0.02439640
0.01792466
-0.00755914
0.01780698
0.00088574
-0.05898387
-0.10066672
-0.04778904
-0.03860805
-0.02659917
-0.03397593
-0.01727419
-0.08977392
-0.01795877
0.02884009
-0.04528631
0.02841335
-0.04413878
-0.06661829
0.00457326
0.01804135
-0.00406509
-0.01284199
-0.00487655
0.01116410
-0.04620433
0.04489236
0.03293340
-0.02646671
0.05024905
0.01372471
0.03274885
-0.02040870
0.02530915
-0.05840194
0.01075232
0.01178308
0.03616638
-0.06976555
0.03944416
0.01431553
-0.00749536
-0.00978424
0.01134503
-0.07197963
0.02930252
0.02137472
0.00113387
0.03557125
-0.02201596
-0.03522161
-0.02635405
0.03023254
-0.00505697
-0.04752920
0.01227619
-0.04090462
-0.03340369
-0.03324642
-0.00583053
-0.03403739
0.01516836
0.01503341
0.01403760
0.03037054
-0.03679470
-0.05036801
-0.00015671
-0.02535921
0.03878939
-0.04425681
0.03948867
0.00994686
0.04615422
-0.00333275
0.00073847
-0.00331004
0.01022918
0.04284161
-0.03450774
0.01478094
0.03351290
0.02809520
-0.02562056
0.02989427
0.04088231
0.00602068
-0.03984281
-0.02314250
-0.01340905
-0.03028064
-0.01022217
0.02199817
-0.03658007
0.04756492
0.00297807
0.01842375
0.03742558
0.00004950
-0.03891462
0.01515185
-0.05656705
0.00224062
0.04183483
0.00730270
-0.00020070
-0.04201657
-0.01961640
-0.00998027
-0.00341487
-0.00534016
0.00760208
-0.01649574
0.00718275
-0.06168847
-0.00553512
0.01108723
0.00818359
-0.02152945
0.03368890
0.00729332
-0.02698921
-0.05468645
-0.01953083
-0.08366624
-0.02589300
-0.04648154
0.00166676
0.00989479
-0.04915629
-0.07654028
-0.03105345
-0.03997364
-0.03474263
0.00483660
-0.03415332
0.01903640
0.01990997
-0.02031452
-0.00352718
-0.01881009
-0.00169547
-0.03521735
0.00789909
0.01470036
-0.02515364
-0.05086674
-0.01585896
-0.02853447
0.00375733
0.00806828
-0.01015971
-0.04807191
0.01802284
0.00608711
-0.02029481
-0.03939340
-0.02631710
0.04217419
-0.04861947
0.02631677
0.02957578
0.03692553
-0.02601869
-0.01862182
-0.03802045
0.05614417
-0.02731322
-0.03656666
-0.01308942
-0.02521871
0.02464901
-0.00952162
-0.01594496
-0.01714458
-0.00165932
0.04246469
0.03531618
0.04988790
0.01725172
-0.00156459
0.01991928
-0.00163222
0.01060628
0.02116857
0.00361661
0.00502194
-0.01025397
0.04988704
-0.01577887
-0.04789982
0.04201711
-0.02999396
0.01257365
0.04877141
-0.01066146
0.02340925
0.03312797
-0.02178750
-0.04892142
-0.04770234
-0.03682664
-0.01859728
-0.02135278
-0.00306963
0.01476463
-0.00761678
0.02730272
-0.00425610
0.00352058
0.01809338
0.01371511
-0.01386950
-0.03997960
-0.06555375
-0.02177814
-0.04395398
0.01377647
0.00258725
0.02933284
-0.07195222
-0.02634466
-0.04685992
-0.03183828
-0.00556881
-0.02852779
-0.00647304
0.04196234
-0.05023525
0.00590843
-0.08488558
0.00595472
0.02914369
0.04791543
-0.04985397
0.00259541
-0.04798776
0.01202672
-0.03931301
-0.01668184
-0.03748489
-0.04368068
0.02691705
-0.01951437
-0.01005010
-0.05400227
-0.03148401
0.02171484
-0.04437739
0.03135316
0.00004415
0.02201181
-0.05641718
0.01327629
0.04276338
-0.04023112
-0.01987398
-0.02669123
-0.01889202
0.02727063
-0.01858277
-0.02471178
0.01623746
0.04311099
-0.04255178
-0.03090798
0.00228431
0.00788877
-0.03072940
-0.04417789
-0.02275059
0.04179192
-0.03211063
0.03336260
-0.02783752
0.01768612
0.01776462
0.01167779
0.02002931
-0.03794644
0.03583475
-0.03858711
0.03031735
0.02450212
0.05832941
0.03322507
0.01479108
0.03394701
0.00972853
-0.04460857
0.05039444
-0.02428387
-0.05065404
0.04303000
0.01845326
-0.02813047
0.00630680
-0.02726996
-0.04419975
-0.01199699
0.00469608
0.00504706
-0.00909084
-0.04588076
0.03752321
0.03288985
0.02045264
0.02016869
-0.01394564
-0.05743030
-0.07772939
-0.03345189
-0.02286783
0.00722850
0.00016103
-0.03319188
-0.02425844
-0.04149840
-0.03817175
0.00520553
-0.01720121
-0.02746215
-0.03220424
-0.02416141
-0.04553832
-0.04332801
-0.07720707
-0.02743961
0.00471890
-0.01882301
-0.02375034
0.02225624
-0.03523548
0.00276500
0.00017220
-0.03260898
0.04664255
0.03960328
-0.00254929
-0.01232095
-0.02103415
0.01081461
0.03423933
0.04796002
-0.04526673
-0.00028985
0.04857698
0.03158315
0.06935167
0.01692826
-0.01330597
-0.02621897
0.02388107
-0.00466013
-0.00820210
-0.01426553
-0.02774615
0.04784416
0.04793425
0.03299638
-0.04367191
0.02132575
0.05492595
0.04243676
0.08383327
-0.03702197
0.00549626
0.01411854
-0.03740525
-0.00602482
0.00580731
0.03573906
0.03426996
-0.01049973
0.00722216
0.04261634
-0.00764323
-0.03453186
-0.04350276
-0.00781087
0.02086293
0.02011084
0.04527305
0.00090497
0.01384300
-0.03631626
-0.00688072
0.02641516
0.03832186
-0.04896763
0.03240787
-0.01063037
0.03980673
-0.04985943
-0.01650118
0.00747975
-0.03037650
-0.01857206
0.00917019
-0.02955770
-0.04004502
-0.03359811
-0.01709783
-0.03494824
-0.03412545
0.04644742
-0.01996296
0.00950035
-0.01794122
-0.04328711
-0.00886092
0.02620892
0.01521865
-0.01678663
-0.04092590
0.01463898
0.02796822
-0.01779789
-0.01095101
-0.01195959
-0.03918277
0.01335560
-0.05980839
-0.02002603
0.04814253
0.02422799
-0.02832227
-0.03882640
-0.06853025
0.01161919
-0.00281808
-0.01306362
-0.04198001
0.03913192
0.01952430
-0.00933680
-0.02263239
-0.00258110
0.01670386
0.02739294
0.02058512
-0.04639339
-0.00192920
0.03474069
-0.04138808
-0.03929245
-0.02373892
0.02763978
-0.04210921
0.02426657
-0.04625957
-0.02549062
0.02461625
0.02089122
0.05874234
0.00252593
-0.03382682
-0.00397902
-0.04046887
-0.01038830
0.09348273
0.04647614
0.04380530
-0.04440557
-0.02743064
0.02202307
0.00103615
-0.03240515
-0.00799387
0.01343346
0.11384144
0.01520737
0.01241357
0.00641275
-0.02890125
-0.00794954
0.07338604
-0.02797907
-0.04569175
0.01954372
-0.00675294
0.02165030
0.03776247
-0.01608946
0.04912674
-0.01104281
0.09734888
0.03798746
0.04525562
-0.00208748
0.00362599
-0.01980018
0.08258674
0.02440483
-0.00127330
0.02648878
0.03024128
-0.03174974
0.01545654
-0.00264248
-0.03837305
0.01838968
0.02993504
-0.03642005
0.01985716
-0.02328339
-0.01568859
-0.04114125
0.04352833
0.01822129
-0.01995114
-0.02093765
0.03210520
0.02309412
-0.02816080
-0.02966166
-0.00196972
-0.00148285
-0.01833294
-0.02765783
-0.00140945
0.03010565
-0.00425708
-0.00311647
-0.04790292
-0.01386862
0.04248861
-0.01646700
0.03427772
0.04962891
0.04253565
0.02289397
-0.02425795
0.01323888
-0.01776028
0.01266383
0.03347118
0.01131668
0.02437771
-0.02803611
-0.00371652
-0.02507041
-0.01684267
-0.02528783
0.02263856
0.04251787
0.01273918
0.04014480
0.02923157
-0.03465290
0.00926374
0.03790178
-0.00911685
0.03616408
-0.00458282
-0.02371181
0.04309874
-0.02677955
-0.04611616
0.03557868
0.03789563
0.00839567
0.03598890
-0.03827684
0.02603888
-0.02490843
-0.09714580
-0.03831498
-0.03056800
0.04352551
0.04118759
-0.00771672
-0.07321579
0.01992103
-0.02767937
0.00253140
-0.02877365
-0.02450439
-0.03551654
0.03012783
-0.04302181
0.04189162
-0.02106572
-0.02235300
-0.00733618
-0.03947707
0.04484550
0.02699175
0.05672776
0.04965596
-0.04482068
0.05144412
0.01662161
0.03354950
0.02167603
0.02721334
0.02919407
-0.01118553
-0.06337690
-0.04407301
0.02305082
0.03727790
-0.00910910
-0.04257376
-0.06870224
0.04891206
-0.04023793
0.00175938
-0.03194881
0.04244397
0.00765495
-0.03937289
-0.02664704
-0.01183735
-0.01879793
-0.02628878
-0.00048834
0.04204421
0.00222290
-0.04660247
-0.04702713
0.01234817
-0.02085004
0.01593659
-0.03232440
-0.01960291
-0.04427881
0.05080434
-0.03658888
-0.02013021
-0.12787031
0.01983622
0.02427179
0.02910670
0.02716669
0.02010289
-0.11038537
0.04422208
0.04105423
-0.04909965
0.02713236
0.01303161
-0.10633282
-0.03930810
-0.01228315
0.01755356
-0.06262359
-0.02810352
0.02373264
0.02953020
-0.05707042
-0.00002242
-0.12309905
-0.02513277
0.03753491
-0.03202909
0.02480192
-0.04772852
-0.04896315
-0.02536674
0.03969175
0.03458360
0.03994077
0.03688320
0.03083145
-0.01594214
-0.00381629
-0.02778704
0.05283669
-0.03594156
0.01618828
-0.02370451
-0.01237843
0.03139528
0.01744802
-0.01898510
0.03891889
0.02533667
-0.06072564
0.01525350
-0.02329136
-0.01712391
0.00127313
-0.01869489
-0.04217695
-0.02865208
-0.00438990
0.03911960
-0.03949516
-0.00701695
-0.02891893
-0.02761865
0.00716158
-0.04689097
-0.10612105
0.01564297
-0.00682817
-0.02178111
-0.03679315
0.00897747
-0.01130000
0.03122777
0.02408133
0.04096056
-0.02606084
0.03767869
-0.08272930
0.01682886
-0.02178275
0.03515415
-0.07965840
-0.00983383
0.00766363
-0.04413744
0.03066949
0.00888907
-0.06802338
0.03865282
0.04730146
-0.05307696
0.01269323
-0.02413729
-0.08493017
-0.03852589
0.03256636
-0.02931279
-0.00252165
0.04104998
-0.00745562
0.01046565
0.03731889
0.01619180
0.03106652
0.03841111
0.01462715
-0.02323554
-0.01738808
-0.03633941
0.01715632
-0.00244592
-0.01694735
0.04268717
-0.01531325
-0.00081596
-0.04926757
0.02355755
-0.00152764
-0.02019910
0.03727961
0.00156690
0.03776833
0.01737806
-0.00659399
0.02482519
-0.04119584
-0.01801608
-0.04903451
-0.00367839
-0.02503238
-0.00535356
-0.04326832
-0.01292473
0.03902595
0.04265918
-0.03847804
-0.03399298
0.04113587
0.01134475
0.04135412
-0.01040141
-0.00158609
-0.03082707
0.03330996
0.05021602
0.02497671
-0.02049053
0.02793681
-0.02748162
0.01440631
-0.00994878
0.02144603
0.02372861
-0.04588499
-0.00885642
0.00140475
-0.03351691
0.04101833
0.02529781
0.00495301
-0.01666559
0.04589678
-0.03456219
0.00421970
0.02065637
0.01926955
0.05098985
0.03140423
0.03974638
-0.04075126
-0.00950828
-0.01158609
-0.02916991
0.00855227
-0.02455982
0.00578579
-0.02730461
0.02889956
0.04589061
-0.04112807
0.02584061
-0.00229543
-0.03101381
0.05049826
0.01845719
0.03786281
-0.04458417
-0.02538219
0.00331905
0.04659091
0.01497543
-0.02364569
-0.03037142
-0.03426947
-0.03742573
-0.03978312
0.04191463
0.01998850
0.03852239
-0.02126053
-0.01568675
-0.03407795
-0.01809835
0.04488806
0.04132335
-0.04422484
0.04742762
-0.00688348
0.02927776
-0.03441022
0.02700054
0.02198472
-0.00188961
0.01891671
0.00425130
0.02000774
0.04013013
0.00314262
0.01834913
0.04943502
0.04522515
0.03616830
-0.03493922
0.01860894
-0.04528412
-0.06742124
-0.03018976
0.03185829
-0.04944311
0.01836292
0.00394372
-0.02713745
-0.00185514
-0.00024834
0.02915098
-0.03469833
-0.01192323
-0.00598773
0.03153509
-0.04229113
0.00034736
-0.04500161
-0.00046119
0.04704211
-0.03602730
-0.01914595
-0.05079299
0.00158662
0.02728906
0.00731040
-0.02126449
0.01183304
-0.04474761
-0.02924766
0.01492251
0.01861967
-0.02703881
-0.07867038
-0.01790514
-0.03760166
-0.02268287
0.04207204
-0.02601743
-0.07488584
-0.01890735
-0.01958648
0.01389516
0.02839297
-0.04245997
-0.03538795
-0.03779434
-0.02858754
-0.00039405
-0.01329787
0.03494010
-0.01566276
-0.04737320
0.04730033
-0.03161114
0.02236611
-0.03967729
0.04583138
0.02746588
-0.02757993
0.04444726
-0.01288990
-0.04925136
-0.01567663
-0.03936920
-0.06891900
0.00659860
0.04364070
0.04138272
-0.00841713
-0.00540371
0.02043765
0.02777367
-0.04171048
0.01333030
-0.02389821
-0.02101744
-0.00587086
-0.01443858
-0.01982094
-0.03996104
-0.01295999
0.00443293
0.00897207
0.01315883
-0.03272065
0.01422142
-0.05568938
0.03122153
-0.04473017
0.02383417
-0.05074011
0.01297903
-0.06042659
0.02757613
0.01504728
0.05157522
-0.03479265
0.01415892
0.01986064
-0.04949861
-0.02892097
0.01350874
0.00182178
0.00330576
-0.02840913
-0.04981403
-0.04146071
0.03211531
-0.03550244
0.00976895
0.03216425
0.05218242
0.05453841
0.04387573
0.04408514
-0.05091233
0.00977806
0.04142263
0.02934792
-0.02801766
0.02564134
-0.03586448
0.04254976
-0.02728786
0.00943471
-0.02799648
0.02084731
0.03608273
-0.02243740
0.02629662
0.01110089
0.01407557
-0.02914147
0.02735425
-0.02043755
0.01927035
0.02048169
0.03614052
0.01449331
0.02680025
-0.03999545
-0.03056597
-0.03678839
-0.05373648
-0.06038688
0.02530942
-0.01096805
0.03416713
-0.02438363
-0.03925748
-0.05890930
0.03365031
-0.01841442
-0.02138196
0.04600118
0.01641900
-0.06284194
-0.01586301
-0.02264952
-0.04491526
0.01935320
-0.02655194
0.00293082
-0.02390785
0.00700607
0.03316834
0.02047454
0.02832875
0.01866329
0.02193937
-0.04325451
-0.02156218
0.02280269
-0.02544101
0.04328628
0.01189229
0.07544012
-0.00664024
-0.02643316
-0.03053270
-0.02727819
0.00114765
0.02844041
0.03883434
-0.02319099
-0.02476210
-0.04762535
-0.02607740
0.07980797
0.00066409
-0.00356674
-0.04782983
0.03801345
-0.00330407
0.02924550
-0.00422913
-0.04306558
-0.04778395
-0.00972204
-0.03060172
-0.04605953
0.03504653
0.02687305
0.02666190
-0.01696543
-0.02538167
0.00272480
-0.02269847
-0.05420154
-0.01710484
0.00056028
0.04140601
-0.01870384
-0.00264048
0.02632951
0.00094425
0.01754433
-0.04062642
-0.00906669
0.02473356
-0.03857011
-0.01943517
-0.05405442
-0.01177387
0.03343996
-0.00492265
-0.03043983
-0.05000103
-0.03777422
-0.03148489
-0.00185494
0.00123464
-0.04908635
-0.02178195
0.02151865
-0.00432089
-0.04872129
-0.00253173
0.05243542
0.03866693
-0.00953184
0.03933575
0.00426611
-0.00648532
0.03582294
0.02347246
0.00151526
0.04430009
0.00468760
-0.03441152
0.02240255
0.01820631
0.02393819
0.02373898
0.02026743
-0.02336505
0.03242549
0.02419240
-0.03317961
-0.01848619
0.01760582
0.01029661
0.02574212
0.00361345
0.00220259
0.02234401
-0.04180994
-0.01087500
0.03629364
-0.03984105
-0.00583454
-0.03434275
-0.02774265
-0.01646543
0.02345340
-0.00588691
0.00091459
0.02345828
-0.05393301
0.02934997
-0.05274894
0.00885941
0.00848699
-0.03626264
-0.04815989
0.02652388
0.00329153
-0.03000367
-0.02112567
-0.04765318
0.01272833
0.04194745
0.03054641
-0.02590155
-0.00023543
0.03352837
-0.04686249
0.02979268
0.01040872
-0.04172375
-0.03195219
0.04467454
-0.01755299
0.04532398
-0.02250346
0.01327211
0.02575441
0.00993963
0.00510961
-0.02374762
-0.00118172
0.00096397
-0.03515745
0.03165298
-0.01543447
0.01795135
-0.00916794
-0.00985888
0.00603232
0.02938332
0.09411677
-0.03057856
0.00524674
-0.04413203
0.04961368
-0.02245575
0.00936746
-0.01443126
0.01044402
0.03464963
0.02133036
0.03779486
0.05859789
-0.03906962
0.03338490
-0.01649265
0.03904781
0.00943438
0.00195589
-0.02912375
0.04431528
-0.03226634
-0.00549578
-0.03616311
-0.03846656
0.00261505
0.03726790
-0.03229210
-0.02884281
0.00224910
0.00758875
0.02809914
-0.00234104
0.03599564
-0.02461815
0.00524298
-0.01804776
0.00697875
-0.00936117
-0.03341193
0.00176734
-0.02365348
-0.02655066
0.00973161
-0.04797035
0.00353279
0.02908241
-0.04352773
0.02014413
-0.03630777
-0.04082219
-0.04268738
-0.01099885
-0.04010534
0.04795617
-0.03617695
0.02681844
0.02596404
-0.01936908
-0.02786609
0.04518910
0.00448081
0.05238082
-0.02075247
0.07199594
-0.01057710
-0.02630436
0.03882916
0.02356089
-0.02205570
0.00979528
-0.02447440
-0.03921250
0.00975952
0.04266907
0.04554454
0.02493311
-0.02458834
-0.04355021
0.04330394
0.05721691
-0.03075852
-0.04464074
0.03907334
0.01819172
0.00868923
0.01229121
0.03210559
0.00581671
-0.04219265
0.01535039
0.03847996
0.04655527
0.00113469
0.03630150
0.03003637
0.00039065
-0.04938380
0.04636703
0.02228129
-0.01501184
-0.03866812
-0.05153194
0.04652569
0.00329416
0.04341796
-0.03663443
0.02913839
-0.01322355
0.04808189
-0.00176976
-0.04301245
-0.02021191
0.00666889
0.03094103
-0.03493655
-0.04505609
-0.02643247
-0.03920030
-0.00699696
0.02133474
-0.01444799
-0.02679660
0.00300303
-0.03304279
-0.04595146
-0.03599622
0.02133470
0.02440392
-0.02440596
0.04114152
0.04175359
0.00048859
-0.03013370
0.00753726
-0.02627559
-0.00765677
0.03365601
-0.02737318
-0.05021963
0.07245345
-0.04653224
0.05352695
-0.01997524
0.05032234
-0.00515442
-0.03582434
0.01313159
0.02125371
-0.01656345
0.00140023
-0.03806694
-0.03778359
-0.00415268
-0.04519238
-0.00796356
0.00186031
0.04132351
-0.03966232
0.04128681
0.00643066
-0.01110527
-0.02999627
-0.01400169
-0.02429618
-0.03612155
-0.01476654
-0.00969096
0.04056418
-0.02153804
0.01947712
0.04314365
-0.00408593
-0.00778042
-0.03625312
-0.03771314
-0.03485478
0.02636179
-0.03789446
-0.04480805
-0.05047357
0.04509331
-0.04813229
-0.04874295
-0.00747465
-0.02044020
-0.04133061
-0.03768473
-0.04336457
-0.01755809
-0.02982718
0.02336767
-0.00252404
0.00966312
-0.01413863
0.04442893
0.01159525
-0.04977509
0.01299085
0.03696574
-0.01955447
-0.01840446
-0.01854657
0.01761037
-0.05015593
-0.00908669
-0.02299832
0.02372014
-0.04340842
-0.03669451
-0.02295943
-0.03604839
0.04122844
-0.02144496
0.01293702
-0.03817000
0.03487939
-0.03280106
-0.02370441
0.02512501
0.02326011
0.04863089
-0.04123405
-0.03502330
-0.05627311
0.03458508
-0.00081182
-0.04665546
0.01509786
-0.02190538
-0.02471462
0.03435899
0.03009656
0.04870078
-0.04146721
-0.02843593
-0.02516986
0.04491208
-0.02355246
0.00241229
-0.05429340
0.00629699
-0.04293220
-0.01977880
-0.03333890
0.00318768
-0.04473263
-0.01293889
-0.02924357
0.04697130
-0.00237081
-0.01399711
-0.04677705
-0.04345039
0.00647420
0.04370526
0.02045004
0.00549580
0.04838388
0.01370580
-0.00371921
-0.01295089
-0.05325560
0.03736963
0.02351836
0.02153339
0.00849174
-0.03750184
-0.00385030
-0.03012938
-0.03842045
-0.04516484
-0.00686231
-0.01856964
-0.02542822
-0.04219271
-0.01619279
-0.01017002
-0.04039078
0.01495948
-0.02977488
-0.04532204
-0.02488594
-0.03856796
0.04166425
-0.03071009
-0.03091734
0.00663223
0.00576800
0.00391642
-0.00629649
-0.03396588
-0.02757435
-0.01634462
-0.00083532
-0.01267850
0.01307418
0.00282006
-0.04959314
0.03274988
0.02945906
-0.00652443
-0.05313214
-0.03214715
-0.03287103
0.01410662
-0.02236300
-0.02793746
0.01261080
0.01023818
-0.03026314
0.04789946
0.02356583
0.01018968
-0.04240549
-0.00452044
-0.00811618
0.04325698
-0.01077461
0.01624428
-0.05629975
-0.03785248
-0.00333540
-0.00606870
0.03214952
0.02099527
-0.03636724
-0.04921195
0.01695992
0.00833157
0.04726284
0.01074672
0.01649369
-0.02998368
0.01451784
0.01979326
0.02056865
-0.03405361
-0.03763518
0.00473571
0.04361405
-0.01678368
0.03085794
0.00551725
0.01193462
-0.01067066
-0.03424418
-0.01420607
-0.04407157
0.04776262
0.04506520
-0.03665993
-0.05012890
-0.02419535
0.04546026
0.04679117
0.04245273
-0.04841323
-0.03269117
0.01377104
0.00455916
-0.02820242
0.01522174
0.03968060
-0.00466184
-0.04111792
-0.00617171
-0.00865707
0.00801061
0.01518749
-0.04753031
-0.04069218
-0.00161914
0.02286599
0.04830563
-0.02319516
0.02926717
0.00558473
0.03107239
0.01074319
-0.01385427
0.00749666
0.02271738
0.01344762
0.00179759
-0.03637190
0.00492886
0.03901381
-0.00629636
0.03603713
-0.01493380
-0.01428695
-0.02852153
-0.02784264
0.04426091
-0.02727326
0.01017784
-0.00892087
-0.02194982
0.01905313
-0.04183788
0.02516399
-0.01281992
-0.03730091
-0.04083612
-0.01531758
-0.04309887
0.02012220
-0.03466500
-0.04751233
0.02397817
-0.03545819
-0.02370248
0.01978197
-0.02900288
0.03114177
-0.00876239
0.04325346
0.04314215
0.00658838
-0.01416307
-0.04447423
-0.00768398
-0.01394465
-0.02971054
0.04513968
0.01691368
-0.02643205
0.00125062
0.01427429
0.04463480
-0.00393979
-0.02659504
-0.00418802
0.00993441
0.04913048
0.03234971
-0.04148052
0.00354690
0.04008207
0.02233741
-0.01239195
0.02812124
0.01964035
-0.01835119
0.04756853
0.00149037
0.04073077
0.01610532
0.00765815
0.00141807
-0.00106100
-0.02615621
0.02892529
-0.03898346
0.00776873
-0.00512302
0.02253282
0.01789944
0.04024624
-0.05391788
0.01343087
-0.03899929
0.02264658
0.04772117
0.01130859
-0.01567610
0.00976938
-0.03509955
-0.04513983
0.06008270
0.03193052
0.02589930
-0.02419142
0.03263770
-0.03863083
0.06061935
0.04296211
0.03571829
-0.00163634
-0.02568008
-0.03092624
0.04715493
0.01995195
0.04741218
-0.04619433
-0.03742859
-0.01672458
-0.04093260
-0.01549656
-0.01420475
-0.04585544
-0.01861244
0.03796317
-0.00262924
-0.04685819
-0.03891367
-0.04816922
-0.04831829
-0.04353351
-0.00780098
-0.03966852
-0.02268086
0.00892098
0.00159118
0.03553851
0.03527863
0.04680096
-0.05050157
0.03890595
0.03886257
0.04199420
-0.05300838
-0.03777373
-0.02964455
-0.00625863
0.02387196
-0.02181407
-0.00187326
0.01516573
-0.00789530
-0.02132651
-0.03448785
-0.02450235
-0.05439721
-0.01510970
-0.04257746
0.04878882
0.04420708
0.03644298
0.04699146
0.04538735
-0.00248611
0.04757681
-0.01928434
0.02918388
0.04314343
0.05119886
-0.02321109
-0.03350908
0.06542644
0.05174876
-0.01831311
-0.03286520
-0.02714719
-0.04386780
-0.02571568
0.02659749
-0.01925425
0.03148813
0.03906317
0.00663587
0.01602861
0.04368353
-0.04234110
-0.02350464
0.03450906
0.01370021
-0.01661418
-0.00650265
0.02348229
-0.00149050
0.03003424
0.01958505
0.02206467
0.02424831
0.00851238
-0.00458575
-0.01883754
-0.01579674
-0.03293078
-0.01128075
-0.01183011
-0.00138453
0.03399466
0.00278917
-0.02611173
-0.03311953
0.04695748
0.04101103
0.02592808
-0.03836169
-0.03511324
0.04016158
-0.02737126
-0.00539025
-0.01981989
0.00536223
-0.03777096
0.04261811
-0.03522088
-0.00144383
-0.06988619
0.04379585
-0.02283625
-0.03760971
-0.03242317
0.02982310
0.00589502
0.01876005
0.02952620
0.03382608
-0.04762776
0.00807356
-0.01327017
-0.01165433
0.01463350
0.04645148
0.04195904
-0.01575853
-0.00777013
-0.03840061
0.05334610
-0.00549192
0.03141269
0.04800783
-0.02535477
-0.03926918
0.04913113
0.01856780
0.05827520
0.02502196
-0.04836890
0.00868788
-0.03314849
-0.00312477
-0.03408388
0.04847845
-0.03441451
-0.04765053
-0.06360074
-0.03569856
-0.04538151
0.00368334
0.03142090
-0.02096610
-0.04579993
-0.04987584
-0.04539239
-0.02498241
-0.00107106
-0.00897210
0.02229523
-0.01803419
-0.03141303
-0.02884012
-0.03555485
-0.01292741
-0.05050846
0.04691556
0.01684952
0.02323921
-0.01582598
-0.01255465
-0.04872965
0.02189231
-0.00899878
0.00931989
0.01591807
0.03596976
0.01069965
0.00256600
-0.03039801
0.03624045
-0.03821307
0.03031953
-0.04317935
0.01812880
0.02926995
-0.04691267
0.00997667
0.01030828
-0.04248597
0.01934038
0.03969790
0.01276801
0.02875960
-0.04725483
-0.03918552
0.04584169
-0.02022526
0.04645307
0.04115317
-0.00973423
-0.04049020
0.00050360
-0.02636325
0.03873755
-0.05155245
0.03548265
-0.01720674
0.02980271
-0.02819169
0.01311056
-0.00426098
-0.03658443
-0.03953860
-0.02830447
0.00093717
-0.00338000
-0.02201532
0.04440429
0.02734334
-0.04860970
-0.06124000
-0.03025161
-0.00169012
-0.00451427
0.01033526
0.03536297
-0.04698852
-0.00402733
0.01177808
-0.01114105
-0.02946678
-0.03326970
0.03798827
0.03379832
-0.02104361
0.02377345
-0.03713890
-0.04110669
0.04128453
0.01217495
0.01893285
-0.00620744
-0.05330922
0.00007995
-0.00522988
0.02259596
0.03879572
-0.02358331
-0.03636970
0.01479051
-0.05020512
-0.04865090
-0.00015539
0.02097849
-0.00196810
-0.01480200
0.00452442
0.04405896
-0.04332296
-0.02910022
0.03364159
0.00109462
-0.03237221
0.01666519
0.01911788
-0.02364771
0.00321692
-0.04179775
-0.02958319
-0.04135381
-0.00854725
0.03026522
-0.00541711
0.01492475
-0.01615653
-0.00041417
0.04229015
0.02028950
0.00277104
0.01398300
-0.01504529
0.04218221
-0.02533871
0.03643223
-0.02037173
0.03704496
-0.00366686
0.02255699
0.04378237
0.01942281
-0.04264976
-0.00729123
-0.04279029
-0.00590514
0.02413065
0.04909665
-0.02396231
-0.04098524
0.02657834
-0.04185075
-0.04049034
-0.04532744
-0.01446191
0.03342406
0.02451344
0.04004933
0.00546956
0.00206596
0.01065215
-0.01117409
0.00211520
0.04477216
0.04164806
-0.03139164
-0.03706133
0.03776572
0.01677951
-0.03242667
-0.04493631
-0.01116089
-0.04891561
0.01961442
-0.04226552
-0.02113052
0.03702641
0.04380537
-0.00172030
-0.04506571
-0.04715041
0.02235113
-0.02879803
0.00763296
-0.00170049
0.03007479
-0.03298510
-0.04687345
0.02257682
0.04784745
0.02676316
0.01133713
0.04711682
-0.00699750
-0.02354763
0.02336627
-0.03774079
0.01266297
-0.03107863
-0.00777416
0.00544041
0.00307970
0.00476459
0.00657966
-0.00547165
0.01466664
0.04568551
-0.01409047
0.04326597
-0.00447873
-0.04506765
0.01668137
0.00329854
-0.02025793
-0.02874305
0.02552309
-0.04232737
0.04764358
-0.03891358
0.00560135
0.04320940
0.04240384
0.00627719
-0.00449169
0.01450652
-0.00568284
0.00844213
0.02488163
0.02838970
0.04211719
0.02108817
0.01668806
0.00717772
-0.03507032
0.02526669
0.00786410
-0.00258480
0.00987829
0.00258612
-0.02271069
-0.02364679
-0.05218487
-0.03401989
-0.00299758
-0.00509142
0.04898094
-0.00683641
0.02247240
-0.06784914
0.02769672
-0.02601635
0.01137270
0.03475274
-0.02661308
-0.05818040
0.03600609
0.03822780
0.02043899
-0.02305968
-0.00242290
-0.03347087
-0.04563452
0.00623987
-0.02436718
0.01037953
-0.03584087
-0.01580499
-0.04850873
-0.04146735
-0.01527468
-0.06092940
-0.00924519
0.02295314
0.02535195
0.01702300
0.02412926
-0.03998432
-0.03879616
0.03450998
-0.01387963
-0.01968610
-0.01141217
-0.03701375
0.01545231
-0.01269783
-0.02500647
-0.01187505
-0.00052524
-0.01072855
-0.03862833
0.00012377
0.02428451
-0.01090491
-0.04635596
-0.00716398
-0.05360605
-0.01216193
0.00911749
-0.00234699
0.00017008
-0.00522996
0.01495691
-0.07899971
-0.04180413
0.02528263
0.02606481
0.00122410
0.02725096
-0.04144963
-0.01206012
0.01161007
-0.05017358
-0.08179916
0.01227432
-0.03024404
0.00329170
0.00822597
0.04661600
-0.03632011
0.00218388
0.00536731
-0.00677666
0.00229058
-0.02662498
-0.02027851
0.01206317
-0.00489479
-0.04553222
-0.04827203
-0.03768960
-0.03087818
-0.02450249
0.01500618
-0.01820371
-0.03187671
0.02271970
0.03644136
-0.02665044
0.03547257
0.01691766
-0.00280260
-0.00182380
-0.03973255
0.00477572
-0.05095619
0.00997795
-0.03106681
-0.04646447
0.00117718
-0.04057948
-0.01739345
-0.04519929
-0.03774232
-0.01294813
-0.03222596
0.01234022
-0.03093768
0.03483108
0.02840676
0.00750577
-0.09457663
-0.01298819
0.02238760
-0.01460719
0.00050986
-0.03367811
-0.10865063
-0.03351600
0.01785752
0.01802667
0.04579769
-0.02816730
-0.01773837
-0.04599121
0.03768329
0.02254436
0.07403670
-0.02041811
0.00782319
0.02200113
-0.01506121
-0.01529291
0.08826441
-0.02484672
0.00879260
-0.00093250
-0.02616621
-0.05314125
0.05014196
-0.04823573
-0.04391173
-0.00732665
-0.08652409
0.00941431
0.01504490
0.02950414
0.03436925
-0.02936719
-0.05332663
0.00243841
-0.04900886
-0.04695541
-0.01050198
0.04030797
-0.03114872
-0.00381893
-0.02074245
0.02752822
-0.10455396
-0.04674439
-0.03964778
0.01962552
-0.05273625
-0.03655257
-0.09782562
-0.01999252
-0.03530858
-0.03645619
0.02634377
0.04421467
-0.05863284
-0.03156482
0.04044932
0.02132550
-0.07929429
0.02019813
-0.02527915
-0.05016928
-0.02401773
0.04821389
-0.08454676
0.01353020
-0.00647631
0.01847574
0.04163743
0.03366969
-0.02612099
-0.01738816
-0.03562360
-0.04278310
-0.06296653
0.01723019
-0.02875705
-0.01249360
-0.04247346
0.00425175
-0.04529619
-0.04780916
-0.00771893
0.03634143
0.02614911
-0.03179972
-0.05935503
-0.02791047
0.02724289
0.02074497
0.01655662
-0.00916025
-0.01664402
0.04991202
-0.00202723
-0.02629768
0.03220056
0.00958179
0.02123573
-0.00656280
-0.04847657
0.00491386
0.04078051
-0.03032748
-0.04608179
-0.00119537
0.04197780
-0.02057525
-0.03737788
0.01875652
0.04563792
0.02478261
-0.00106925
0.00562424
-0.04226440
-0.01105606
0.04196491
-0.01129348
0.04691851
-0.03052420
-0.04823020
-0.00399856
0.04778696
-0.03086192
-0.04216108
-0.03612846
0.01552368
0.00981095
0.07187728
-0.00806746
-0.03075793
0.05253915
-0.00474622
-0.01866173
-0.00479723
-0.05515955
0.01786142
0.06478439
0.08874669
0.03732675
0.02223232
-0.02820950
0.05120682
-0.02205416
0.01331499
0.02052424
0.03608205
0.00861582
0.04577756
-0.00703396
0.00825011
-0.01011881
-0.04690423
-0.01788554
0.05101737
0.01824928
0.01074946
-0.04689569
-0.02529759
-0.04773566
-0.00067870
-0.04128980
-0.00924809
0.04572967
0.02986570
-0.00319807
0.03624777
-0.02071230
0.04919877
-0.01331337
0.07174394
0.01946199
-0.05437246
0.01301611
-0.03065740
-0.03208112
0.04095333
0.03811380
0.00119917
0.01879102
0.00549700
0.03606632
0.05409434
-0.03548493
0.00722139
0.07804179
0.21360445
-0.00814987
0.03653546
0.00252144
0.02567316
0.05044332
0.20290539
0.01809809
0.03747611
0.04007382
0.04468157
-0.01465831
0.12787719
-0.01870410
0.05183043
0.00482278
0.13391890
0.04825767
-0.05781615
0.05892070
-0.00935578
-0.05472050
0.10091428
0.03633552
-0.04271865
-0.03683370
0.00888144
-0.03511070
0.12114895
-0.02324193
0.05117491
-0.00274740
0.03652813
0.03907584
0.02592730
0.02826188
0.03648063
0.02468272
0.08628489
-0.00185119
0.00125008
-0.04683109
0.02280661
0.03279232
0.00786944
-0.01240483
0.03536772
-0.00140968
0.03816193
-0.01185797
0.03741907
-0.03037031
0.04535055
-0.01200377
0.01044302
0.02351834
0.01128757
-0.03766939
0.04416910
0.02600820
0.03795290
-0.01025190
-0.01712713
-0.01703250
0.02822186
0.04725173
0.01479597
0.03184009
0.04461790
0.02023231
0.00872829
-0.04274028
-0.00908036
0.04862332
-0.00652851
0.00949186
-0.00804809
0.02563895
-0.00118819
0.04320029
0.05226778
0.03560228
0.03437303
-0.00072606
0.04131927
0.04213914
0.04623625
0.03980039
-0.00397015
-0.02573798
-0.00960260
-0.00663304
-0.01615089
-0.01000680
0.04721290
0.03108033
0.00766131
-0.02235480
-0.00021106
-0.03221530
-0.01163503
0.01627072
-0.02348618
-0.01225685
0.04290552
0.03622346
-0.02218970
-0.03105904
-0.03863671
-0.01616446
-0.02603337
-0.04393411
-0.02799325
-0.03351651
0.04308903
0.03073177
0.04333859
-0.04523600
-0.04598575
0.03859147
0.04671432
-0.00027729
0.03049545
-0.00226677
0.01988600
-0.03295947
-0.03858551
-0.00573248
0.05026122
-0.00965782
-0.04208500
-0.00558644
-0.02236493
0.03100600
0.02894186
-0.04141961
-0.00133239
0.00443337
0.04159787
0.00657032
-0.04035075
-0.04886218
0.00043462
-0.03891000
-0.04609986
-0.00495021
0.02742659
0.04844784
0.02626262
0.01304195
-0.04616231
0.01111618
-0.01525735
0.04695944
0.01557556
-0.04176451
0.00326290
0.00250305
0.01310455
0.00113653
-0.00730514
0.01010035
0.00407666
0.02746204
0.03405571
0.02328185
-0.02794059
0.00592428
-0.02168198
-0.03377695
0.02295090
-0.03165485
-0.07065202
-0.03674394
-0.00342317
0.00966706
-0.11447211
0.02214396
0.04250126
-0.00115454
-0.02862066
-0.02463441
-0.11156459
-0.02772292
-0.00110899
0.01322146
-0.00825070
0.03400115
-0.08171950
-0.05387020
-0.03922599
0.01785249
0.00342420
-0.01286892
0.01136278
-0.02448157
-0.05021528
0.02193784
0.00049217
0.00346116
0.02322216
-0.00001555
-0.00073127
-0.01286019
-0.04953554
0.03239913
0.00074696
0.04403904
0.10681907
0.02606845
-0.01140697
-0.00093333
0.02752114
0.00551410
0.12468231
-0.00480938
-0.03909307
-0.02068582
0.01364440
0.01013153
0.03418508
-0.04510699
0.04700201
-0.00997370
-0.04325491
-0.01966687
0.03328514
-0.02625348
0.02823937
-0.03061990
-0.02046283
0.01670883
-0.04801613
-0.01656751
0.02008361
-0.04869978
0.00533017
0.04585185
-0.04141024
0.02230467
-0.03256194
-0.01514171
-0.01009025
-0.02271932
-0.00240280
0.00921547
-0.07969598
-0.00064407
-0.03440964
-0.00968230
0.04261545
-0.04248143
-0.08551248
-0.02033776
-0.03223946
-0.01454733
-0.12454644
0.01451620
-0.01681144
0.04098209
0.02575440
0.00961189
-0.04243243
0.00684233
-0.01668236
0.02641356
0.00990196
0.02007000
-0.06071841
-0.02862867
0.01022402
0.05298083
0.04032961
-0.02839624
0.02746230
0.01402796
-0.01932157
-0.03362313
0.01328232
-0.03205569
0.02952895
-0.04460840
-0.02194099
0.04852040
-0.00787026
-0.04403147
0.02022061
-0.00140213
0.10050537
0.01466913
-0.01923043
0.03711887
0.03769729
-0.02118923
0.04893151
-0.04094435
-0.03917991
-0.02581689
0.03073158
0.03521307
0.04097367
0.03271307
0.02743884
-0.02765471
-0.06119236
0.03403124
-0.04797247
-0.03178208
0.04090703
-0.03231014
0.02425666
-0.01148684
-0.03014825
-0.03417968
-0.04847078
0.00056005
-0.04073079
0.00505499
-0.05188800
-0.06465264
-0.04444005
-0.02480904
0.02742912
-0.03754887
-0.00842668
0.00924526
-0.10353766
-0.00152399
0.03149164
-0.01129277
0.04296624
-0.01654780
-0.06895062
0.03933887
-0.01173389
0.00359648
-0.05820053
-0.03205195
-0.02972930
-0.05668879
-0.00715562
-0.01777070
-0.06720103
-0.03213479
0.04454984
-0.05429644
-0.00137142
0.04725067
-0.06710331
-0.05683670
-0.01846291
-0.03840897
0.09382347
-0.00976409
-0.03991057
0.03113883
0.00750187
0.00359645
0.07310927
-0.00357123
0.00262406
-0.00305920
0.01137170
0.04857940
0.08711137
0.00230603
-0.04199491
0.00531390
0.00830073
0.02718744
-0.02664436
-0.01371994
0.04316699
0.02539457
0.03700189
-0.03689880
-0.01140032
0.01139397
-0.01904405
-0.03257966
-0.01976996
-0.00121275
0.02616954
0.04544576
-0.04104955
-0.00608010
0.02422796
0.02339934
0.03276321
0.01859472
-0.01112312
0.00904555
-0.01877133
-0.02664206
-0.00565775
-0.03989270
-0.06265070
0.03680985
0.02361236
-0.02544943
-0.09901376
-0.03669655
-0.01013200
-0.00241594
-0.04712060
0.01795556
-0.13504899
0.01016776
-0.01072555
-0.00109742
0.03300974
-0.04577764
-0.06784482
-0.05314290
0.01038035
0.01298048
0.02131048
-0.02879930
-0.02691819
0.03078444
-0.02681132
0.02882180
-0.01107311
0.00952055
-0.04588896
-0.05046691
0.03875222
-0.03702739
-0.01661747
0.03093824
-0.03947527
-0.01041448
0.10388533
-0.04136051
-0.01343019
0.03499904
0.04725169
-0.00152889
0.01369186
-0.00429031
0.01267738
0.02290883
-0.04576068
-0.04279676
0.08386760
0.04224867
0.00983649
0.01437190
-0.08822855
0.01599246
0.01056695
-0.01957588
-0.01925570
-0.04581762
-0.03578878
0.01558667
-0.02110302
-0.02625848
-0.00930912
-0.04642961
-0.02811496
-0.02231031
0.04634942
0.01192608
0.04272968
0.05030163
-0.01596749
-0.05088543
-0.00963215
-0.00330211
0.02510786
-0.04334542
-0.03866091
-0.01202422
0.02826722
-0.04215015
0.01257361
-0.03951310
-0.04127639
-0.00031632
-0.00259851
-0.01415053
-0.00770051
-0.00454256
-0.01313997
-0.03878547
-0.04923228
-0.04113273
0.03273669
-0.00649802
0.02922814
0.02970336
0.01908592
0.03117396
-0.00791155
-0.02536068
0.00664587
-0.01287037
0.01070286
-0.04557554
-0.01045625
0.00482359
0.02395906
0.03400321
0.00377074
-0.05043820
-0.00929523
-0.02221381
-0.01552439
0.03738305
0.05635758
-0.00729674
0.08089291
0.01257080
0.02667184
0.02913090
-0.03338226
0.04776129
0.05683082
-0.03401851
-0.02713021
0.02916217
0.02160724
0.00935984
0.06988277
0.01238198
0.00420935
0.01196084
0.08839184
-0.01684237
-0.05372263
0.01954513
0.04601130
-0.01658540
0.08324990
-0.00848381
0.01010013
-0.01251475
0.00470694
0.00898323
0.08169734
0.03024384
-0.00499345
-0.04437845
0.04684570
0.01890611
-0.03380222
0.01402028
0.04557459
0.00341542
-0.01780399
-0.04762065
0.03426499
0.00170083
-0.00521654
-0.01759882
0.01559314
0.04861050
-0.00601691
-0.01716671
-0.03048512
0.02297079
-0.04108489
0.03863181
0.02938500
0.00823682
-0.03506425
-0.00932958
-0.01883309
-0.01152026
0.01540766
0.04266905
0.00712021
0.02272060
-0.02222101
-0.06033179
-0.05496072
-0.04127014
0.00975502
0.02737022
-0.05314891
-0.01601982
-0.04997126
0.01940368
-0.03511481
-0.05188706
0.04052843
-0.02524284
-0.06634869
0.01989663
0.00356472
0.01694891
0.03943821
0.00960088
0.03880383
-0.05000952
-0.03727890
0.05247569
-0.02372793
-0.05202723
0.01507338
0.02124403
-0.04540690
-0.01342752
0.02896959
-0.04098212
0.01958064
-0.03676036
0.02475519
0.04358424
-0.02928616
-0.02101920
0.00885600
-0.02770509
0.08764255
-0.01544711
0.00106555
0.04423445
-0.03325948
0.01693806
0.09217411
0.01416688
-0.03535802
0.01202180
-0.05351985
0.01393139
0.02939729
0.03651036
-0.00007704
-0.01784559
0.02590122
0.02339020
0.04734123
0.03808071
-0.04345017
-0.02414802
-0.01139366
-0.01212622
-0.04892600
-0.05916451
-0.10785212
-0.01603768
-0.04781375
-0.05062540
0.02441724
0.00151705
-0.03784385
-0.04507272
0.00092224
-0.01327200
0.04899399
-0.01371788
-0.09519464
0.03891641
-0.06250519
-0.00650410
-0.11641788
0.01048112
0.01180728
0.02235164
0.02595079
-0.02817944
-0.06638753
-0.02717352
-0.00892306
0.02576997
0.03984478
0.00831393
-0.02406572
-0.03632075
0.04722269
0.04015816
0.08380770
0.01657410
-0.02617780
-0.00206230
0.03760627
-0.00324486
0.08399525
0.04490382
-0.01969752
-0.04132732
-0.03827712
-0.01904328
0.03802719
-0.03720695
-0.04171662
0.01821866
0.00884414
-0.05145192
-0.03398717
-0.02066545
0.01356096
-0.02971915
0.02982213
-0.01892319
0.03245165
-0.01551817
0.03871070
-0.02079996
0.05249722
0.04623487
-0.04482667
-0.02397887
-0.10324667
-0.03556593
-0.03464361
-0.00263380
-0.03631208
0.01234894
-0.06132913
0.04152568
0.03708719
-0.05055817
-0.00367276
0.00955485
-0.08569516
-0.04157247
-0.00387609
-0.03972116
-0.06538565
-0.05007884
-0.01304233
-0.04490707
-0.00173407
0.04901823
-0.04913867
0.01764219
-0.04236624
-0.04571918
-0.03879849
0.00072620
-0.03972689
-0.05130686
-0.00118455
0.03207697
0.01808685
0.05053914
0.00361714
0.02535601
0.01309251
0.01852893
-0.05223032
0.02623255
0.00621957
-0.03716583
-0.01331386
-0.03141680
0.01099798
0.00224603
0.01329693
0.05399689
0.06370801
-0.04378229
0.00926173
-0.03335081
-0.02418096
-0.01003627
0.01808076
0.01657354
0.00579667
-0.02535805
0.00113734
0.02849614
0.07222413
0.02894032
0.00480091
-0.03770892
-0.03580868
-0.01889510
-0.03351679
0.05446739
0.01856640
-0.04613880
-0.08174031
-0.00955948
0.03165922
0.00269272
0.04117753
-0.00327041
-0.03507859
-0.00176789
-0.02501151
-0.05244173
-0.00244189
-0.01949204
0.02567475
0.01415856
0.00021753
-0.02458491
-0.01729439
0.02096416
0.02820615
0.03801617
-0.04329645
-0.00566880
-0.08390813
-0.02453467
-0.00692311
-0.03998216
-0.03288363
-0.03608134
-0.00293364
0.00919677
0.01160641
-0.01755787
-0.06317662
0.00279582
-0.00380782
-0.03383012
0.03650111
-0.03577217
-0.06002383
0.03930132
-0.04345287
0.03480566
0.01399788
0.02492209
-0.04169494
0.02038452
-0.01633472
0.03835509
-0.01071038
-0.01415856
0.01834054
0.03708078
0.00928312
-0.00056748
0.00206162
0.04863727
0.04271639
-0.03421437
-0.02320004
0.02147031
-0.00082238
0.00470899
-0.01441539
-0.05406325
0.05903774
-0.03313481
0.04506491
-0.02846859
-0.00940514
-0.03787716
0.01775252
0.00213735
-0.00572188
-0.01334715
-0.06519628
-0.04393147
-0.02713271
-0.04443843
-0.02346172
0.04172994
-0.06158848
-0.01843563
-0.03460266
0.02220050
0.00128608
-0.03238055
-0.05813562
-0.03134844
-0.02014011
0.01650790
-0.01667816
-0.00225772
0.03438308
-0.04621399
-0.04801832
0.03447195
-0.02499877
0.00461738
0.03201257
0.03045903
-0.02002847
0.01839397
0.01115546
-0.05401123
0.00568928
0.01411790
0.05402049
-0.00071667
-0.00429317
0.01944749
-0.02594010
0.01018761
0.03588322
0.01411516
0.02306808
-0.04112083
0.01641973
-0.03607478
0.03071846
0.02998685
-0.00077581
0.01479627
-0.05859105
-0.01558662
0.03426457
-0.00675613
-0.03720630
-0.04609593
-0.04105830
-0.04488226
-0.04791126
-0.02995357
-0.01041154
0.04241088
0.03396409
-0.00701790
-0.00483721
0.02710477
-0.02276117
-0.03675088
0.04135356
-0.00245666
-0.04438898
0.00909048
-0.03727179
0.00946665
0.04084981
0.01052141
-0.00082881
0.00027672
-0.01286101
0.03223100
-0.02925633
-0.05539473
-0.08645505
0.02522519
-0.02427929
0.00871964
-0.02874548
-0.03783489
-0.09230962
0.02984113
-0.00004679
0.00364085
0.04076559
-0.02124762
-0.06635691
0.01770697
0.01994735
0.02734844
0.02045445
-0.03923772
-0.03124797
-0.03341873
-0.04840231
0.00416786
0.00845116
-0.01231046
0.03240108
0.03399135
-0.01443111
-0.00415225
-0.00503856
0.01453236
-0.01847284
0.02656803
0.05355779
-0.00609642
0.04101476
-0.00596938
0.05291190
0.03460826
0.01698695
-0.04037054
-0.02891581
-0.03258893
0.03814853
-0.02848903
0.04526003
0.00041233
0.01629899
0.03731814
0.04768288
0.02194902
-0.02599123
0.01731838
0.03787921
-0.03187767
0.02878408
0.04449898
-0.03007206
-0.03337665
-0.00649724
0.04622798
0.00283105
-0.04881961
0.04319864
0.00165723
-0.00233471
-0.03768056
-0.04717352
0.03499973
0.00818432
0.03720178
-0.05226921
-0.01029722
0.01132131
-0.02973184
-0.04507016
-0.04036576
-0.05868024
0.03775811
0.02977165
-0.04875518
-0.01134073
-0.04003355
-0.03699547
-0.00256975
0.04594331
0.03612316
-0.00104162
-0.00247592
-0.00544753
0.03967242
0.03764632
-0.02117796
-0.06537224
-0.00967407
0.03318574
-0.02778631
-0.07070586
-0.01969694
0.01466248
0.01276606
-0.02544668
-0.00146254
-0.06351323
0.01800476
0.01312040
0.03312597
0.03539540
0.02429674
-0.00689594
0.02032914
0.01444029
0.02691686
0.02164917
0.02355314
-0.02978981
0.02497304
-0.02444376
-0.02371596
0.06023788
0.01483448
-0.00073036
-0.00745235
0.00738742
0.00067413
0.06296036
-0.00306638
0.04799568
0.02073595
0.07078006
-0.00922310
-0.04881591
0.05378736
0.03106107
-0.02184192
0.08379279
0.02466320
0.04494952
-0.02679715
0.03176110
-0.04569943
0.06258746
0.00640162
0.03612613
0.00707703
0.06044284
-0.00185651
-0.04618390
-0.00969189
-0.02133370
0.01412127
-0.01607299
0.04197638
-0.04509100
-0.01950773
0.02864752
-0.03686048
0.04032957
-0.02251502
0.02957215
0.02971429
0.03921547
-0.01787778
0.01029732
0.03089520
-0.04748350
0.03592462
0.04903448
0.03057980
-0.00962492
-0.05210081
0.04972603
-0.03552954
0.04148577
0.01155450
-0.04271124
-0.02424773
-0.08095476
0.04249924
-0.05007743
-0.02279104
-0.05913670
-0.02197154
-0.09807006
0.00905707
0.01776502
0.01778509
0.02754378
-0.00667308
-0.07189683
-0.01976293
0.02980211
-0.02167177
-0.05450242
0.01535669
-0.04699155
0.02531069
-0.05087407
-0.00845594
0.01264604
-0.00175785
-0.02662752
0.02698944
-0.03447896
-0.04322139
-0.00964023
-0.04638866
-0.03929072
0.00950874
0.02529303
-0.02714965
0.02166206
-0.01084877
-0.00992008
-0.00496811
0.05999024
0.01270796
-0.02128501
0.00999446
0.03455329
0.00035406
-0.00843888
0.02179309
-0.02480333
0.00777795
0.03896571
-0.04209234
-0.03088940
-0.01223780
0.02918321
0.03196017
-0.00558217
-0.03987965
0.01025907
0.01098558
-0.04045988
-0.02571857
-0.01200282
-0.04833502
-0.02632256
0.04181069
-0.01363905
-0.00034858
-0.02094899
0.00720211
0.02057253
-0.00747541
-0.03299315
-0.00684353
-0.03003622
0.02703587
-0.04085351
-0.03010113
-0.00492604
0.02420611
0.01445340
-0.03136823
-0.04759697
-0.02596186
-0.01786104
0.01862425
0.01653908
0.01096681
-0.00556247
-0.04982746
-0.04524008
-0.02942680
-0.03968622
-0.02392091
-0.08682365
0.02258421
0.01430709
-0.06052399
-0.10001367
-0.00899684
-0.03458578
0.00329650
0.03869283
-0.01412883
-0.08367240
0.00739581
0.02401135
-0.04038781
0.04498558
-0.03684346
-0.07142287
0.00576920
0.03473270
-0.03159306
-0.06840099
0.00979047
-0.00371899
0.01548104
-0.00005092
-0.00158716
-0.04120562
-0.00242342
-0.04920295
-0.04001543
0.01642563
-0.00519062
0.00820719
0.04727641
-0.00958792
-0.01600419
-0.02419410
-0.00858366
-0.00222327
-0.01228361
-0.03365225
-0.04439990
0.04263504
0.03396689
0.01162647
0.04468777
0.04932827
0.02533527
0.00566592
-0.02847034
0.00477567
-0.04532650
-0.07664692
-0.02374667
0.04069746
0.01793111
0.00967686
-0.01553120
0.00133198
-0.03899534
-0.05031431
-0.01742603
0.00934187
-0.04713321
-0.04718504
0.04293444
0.00924059
0.01420040
0.02541209
0.04873865
0.03709412
0.04199231
0.03287972
-0.02534828
0.04332215
0.02273557
0.03567186
-0.04315465
-0.04486475
-0.03947834
0.02738374
-0.01887727
-0.00075803
0.05133034
0.10156425
-0.00266361
-0.04428412
0.01289183
-0.01743324
-0.02854498
0.00829474
0.01344108
-0.00403000
-0.00660704
-0.02728743
-0.00914393
0.01459431
0.02696926
0.04318593
-0.01875467
-0.02940674
0.03895658
-0.02224763
0.00839888
0.04309498
-0.00835907
0.00837755
-0.02589028
0.01693695
0.02099107
-0.00582594
0.01879248
0.02112665
-0.03253861
0.00176793
-0.01087200
-0.04891735
-0.02556715
0.04268076
0.02290298
0.02740927
0.04163677
-0.01063414
0.04763360
0.03845245
0.00365398
0.01697216
0.01246877
-0.03480490
0.02778757
0.04229014
-0.03645763
0.01177039
0.00563441
0.04661473
-0.00878895
0.03982292
-0.01881296
0.03488560
-0.04150570
0.02596980
-0.02003706
-0.03572118
0.02705785
-0.01450550
0.02276764
0.03437167
0.04559850
0.00666816
0.04686016
-0.02466486
0.01145760
0.01587564
0.00573293
0.03443243
-0.01371956
0.02401654
-0.02262289
0.04712602
-0.00039786
0.00525023
-0.01156421
-0.03178403
-0.03601368
-0.03973157
-0.02825290
-0.04468925
-0.01959702
0.04975313
-0.04287696
-0.03330677
0.03306769
0.04103564
0.01162640
-0.01270294
-0.04583885
0.04875864
-0.00306691
0.00051813
-0.01449711
-0.01496501
-0.00911750
0.00293320
0.01710967
-0.03290288
0.01952857
-0.01990127
-0.04250843
-0.05253927
0.00589053
0.01128231
0.02172614
-0.00708813
-0.01048596
-0.02368148
0.00078653
-0.08131083
-0.02793561
-0.01785052
0.04501648
0.01344763
-0.02576437
-0.06528541
0.03054833
-0.00298587
0.00423083
-0.00361581
0.01426741
-0.05628378
0.04646297
0.02759012
0.00120401
-0.07435042
-0.01253909
0.01173193
-0.00731247
-0.00753522
0.02168126
-0.02535746
-0.00649587
-0.02521667
0.00694607
0.01835759
0.01703566
-0.03520357
0.01683105
-0.02040732
-0.05873414
-0.09521137
0.00324783
-0.03969168
-0.04839157
-0.05133919
0.02152490
-0.06267244
-0.00178107
0.00828578
0.04030610
0.01469496
-0.03964246
-0.03277384
0.00408503
-0.00656089
0.01136682
-0.07739626
-0.01288748
0.00947477
0.00325979
0.01712892
-0.02124212
-0.07234666
0.04616419
-0.01115095
0.00499900
-0.01914802
-0.02914631
-0.06357076
0.03366827
-0.00245522
-0.01053733
-0.00876374
0.00872492
0.01608679
-0.03410903
-0.04181153
-0.04491739
-0.10135709
-0.01354217
-0.00386742
0.03136723
0.02020433
-0.00456480
-0.02625601
0.02033520
0.00227430
0.01703696
-0.07573409
0.02880241
0.02271456
0.00104842
-0.02734634
0.03025710
-0.07530730
-0.00224187
-0.03230594
0.02389996
-0.04902188
-0.03043878
-0.01290547
0.01023084
-0.04841059
0.03140108
-0.04890434
-0.03652322
0.00724359
-0.04682186
-0.04815784
-0.02499145
-0.06508541
-0.03558649
0.04711989
0.04799541
-0.02346864
-0.01655230
-0.06353586
0.01203991
-0.01953517
0.01548302
-0.07268178
0.01179220
0.04854096
-0.03594089
-0.05440531
0.01851759
-0.02639229
0.00948364
-0.00258631
0.01933395
0.03385447
0.04083772
-0.00549493
-0.05236868
-0.03223141
-0.00759047
0.03535123
0.03428985
-0.02578126
-0.02155350
-0.04603513
0.05370342
-0.00090071
0.03707827
-0.01167332
0.04045100
0.04611531
-0.02964190
0.02868077
0.01566138
-0.01588240
-0.02286336
0.05944381
0.02496092
-0.00211644
0.00352948
-0.02681259
-0.01094252
-0.01864305
0.00298399
0.00331649
-0.03915150
0.00697146
-0.03143056
-0.01772197
-0.02624279
0.01657848
-0.00745998
0.06916877
0.00928103
0.03658172
-0.02192025
-0.03823299
0.04270549
0.03171517
0.01741255
-0.02092166
0.03031387
0.02742703
-0.04131079
0.05391991
0.01909509
0.04754159
0.02352444
0.04896349
-0.04279644
0.00884392
-0.03388558
-0.04288282
-0.01808793
0.05762013
-0.03995078
-0.02311502
0.02887413
-0.02901621
-0.03190527
0.00668580
-0.02096126
0.03021978
-0.03955230
0.08807829
-0.03665856
0.04345343
0.01285901
0.04609876
0.00377775
0.07200144
-0.03100204
0.04487681
0.03328402
-0.02565762
0.05073980
0.01881644
-0.02199839
-0.00600839
-0.02268846
0.01635871
-0.01243552
0.01024349
0.03661460
0.00201635
-0.00307497
-0.00382155
-0.01659444
0.02206226
0.02573102
0.00079809
-0.00062617
-0.00661342
0.01042920
-0.03346564
-0.03540411
0.01000561
-0.04103672
0.01994649
-0.01775054
0.03659045
-0.02491063
0.06620883
0.02289747
0.00677534
-0.01325870
0.04805658
-0.04812158
0.05555911
-0.03836341
-0.03043730
0.04317435
0.00903872
0.00998658
-0.02143778
-0.01427246
-0.00251859
0.02641825
0.05021953
-0.00642626
0.03622983
-0.02251944
0.04080052
-0.04852261
-0.00197877
-0.02794523
-0.02016130
-0.04539134
0.01676892
0.01386986
-0.00025225
0.04823855
-0.03561519
-0.02393189
-0.00309137
-0.00362986
0.00179139
-0.03862779
-0.01359216
0.01311370
0.00401079
0.01883757
0.00708924
0.02523043
0.00766171
-0.01718355
-0.05017862
-0.03390002
-0.03007010
-0.03732690
-0.04702492
0.02443431
-0.03164319
0.03614627
-0.04316793
0.03784109
0.01024645
-0.03416986
-0.03453062
0.01318252
0.01521666
-0.01030358
0.01276916
0.02188030
0.01884002
0.02471719
-0.04798868
0.02954857
0.00816933
-0.01378065
0.03440750
-0.03757505
0.01425855
-0.00772811
0.01391671
-0.04597972
-0.08397966
-0.01396612
-0.00473859
-0.02567354
0.04266873
-0.02127156
-0.05657908
0.04552674
-0.03329297
0.04134736
-0.03128234
-0.03282792
-0.05789605
-0.04935345
-0.01111942
-0.00284899
-0.02851720
0.03820349
0.02266726
0.01918601
-0.04919638
0.01320348
-0.02511297
0.00700973
0.01995669
-0.00011081
-0.01228962
-0.00065044
-0.03229744
-0.05162324
0.02108890
-0.02992500
-0.05633618
0.03214104
0.04583112
-0.00484208
0.02519844
-0.03346417
-0.11483340
-0.03299793
0.00369518
-0.01219019
0.02667342
0.04592430
-0.02524226
0.00916683
-0.02368123
0.03480440
-0.04843792
0.01193928
-0.01930960
-0.02607820
0.00358157
0.00082563
-0.03198217
0.04612463
0.02365158
-0.03040083
0.00067741
-0.03533991
0.00883307
-0.01176156
-0.05468164
-0.05387422
-0.06829508
-0.00010792
0.03237031
-0.03728772
-0.01966286
0.00308815
-0.03092015
0.04047127
-0.03651710
0.02730540
-0.02815323
-0.00454604
-0.00160421
0.01603808
-0.02518830
-0.00190145
0.01082675
-0.01817150
-0.04925106
-0.04614009
0.02481965
0.01111121
-0.01932317
0.03795041
0.03168109
0.04958297
0.03573558
-0.04791330
0.01180112
-0.00343337
0.00629662
-0.03295337
-0.00156663
-0.05170788
0.01003693
0.03399393
-0.05365391
0.00352488
-0.02738891
-0.02553295
0.03044265
0.02756773
0.01262932
0.02414232
-0.02948581
0.03549137
0.02782672
0.02272779
-0.01419920
-0.01993247
0.03660581
0.03240528
-0.04541890
0.00720984
-0.03041844
0.02718360
0.02194514
-0.05222445
0.00397278
-0.00059921
-0.09158905
0.01584155
-0.01505127
-0.00438734
0.00975926
0.02280877
0.00957920
-0.04226309
0.02291258
0.01377465
0.02798975
-0.00912886
-0.01935870
-0.04469967
0.04508228
-0.02335565
0.03461431
-0.02252476
-0.04718741
0.02076786
0.01958376
-0.02750135
-0.01460952
-0.01106319
0.01498720
0.03835128
-0.00167557
0.03981936
-0.01089448
-0.03282477
0.02544087
-0.03963058
0.00571567
-0.03575093
-0.03556732
0.05854091
-0.00631830
0.00211875
-0.04729617
-0.01187615
-0.04214589
0.01317660
0.07000685
-0.02441212
0.02906072
0.01254905
-0.00043330
-0.01091951
-0.02106379
0.02812828
-0.05759465
0.04823800
0.01465946
-0.03788977
-0.04995751
-0.02494755
-0.00401707
-0.01785313
0.01283136
-0.05002668
-0.02076753
-0.03711503
0.02732472
0.02362963
-0.04171902
-0.01694814
0.01452438
-0.01350357
-0.00855752
-0.03258257
-0.01097194
-0.01098034
0.03911571
0.04915614
-0.02053333
0.00611008
-0.04653557
-0.02982837
0.00604296
0.04687132
-0.03472622
0.01647233
-0.03206886
0.04707123
0.03635500
0.01375736
0.00124187
-0.00379442
0.04759967
0.03198679
0.01760327
0.01008589
0.04057150
0.04743732
0.04046980
-0.04191049
0.01890372
0.02305815
0.02346854
0.01896971
0.02397659
0.00544209
0.04470149
-0.00427609
-0.04358217
-0.02388192
-0.00003391
0.03394192
0.01750598
0.02122452
-0.02488398
-0.01098979
0.05137061
0.01602516
0.03438130
-0.00977885
0.07847752
-0.01940573
-0.00588431
-0.02835083
0.03406445
0.03778198
0.07831620
0.02939621
-0.03722274
-0.00214149
-0.00552732
0.00742262
0.04419518
-0.01015936
-0.00008471
-0.00744550
0.04907375
-0.02211913
0.00418685
-0.03235509
-0.03349937
0.04163761
0.08121144
-0.04933811
0.03369480
0.03131117
-0.01489192
-0.04080834
0.07625728
-0.03357078
0.05237018
0.03406765
0.08191118
0.00063079
0.02627538
-0.00065047
-0.01672950
0.00670783
0.01773578
0.01146935
-0.03647426
-0.00686637
0.02004975
-0.04030998
0.07185000
0.05063400
-0.01190867
-0.01825879
0.01449304
-0.00074686
0.01486419
-0.03749456
0.03145851
0.02043547
0.02992496
0.01638443
-0.04363720
-0.02169154
-0.02081333
-0.02191998
0.00542492
0.01441246
-0.04099993
-0.00516193
-0.04304531
-0.04536903
-0.03276861
0.03652042
0.02966383
-0.01658153
-0.00292850
-0.04111146
-0.00693445
0.02388568
-0.00632133
0.00150634
-0.00593831
0.03065091
-0.03460791
-0.05090458
-0.01351865
-0.00316879
-0.04971656
-0.04753303
0.01729754
-0.04386070
-0.01443903
-0.02491494
0.00153943
-0.05091111
-0.01691808
-0.02972064
-0.01771880
-0.03147620
0.05123389
-0.02595942
-0.08689506
-0.04130144
-0.03957447
-0.01604453
-0.01799148
-0.03264876
-0.07703218
-0.04329140
0.01114735
0.02141628
0.03394264
-0.00919677
-0.02689547
0.04024000
-0.04858918
-0.02783959
-0.03651134
-0.03957337
-0.03344534
0.03991549
0.03598988
0.01921787
-0.02438734
-0.03824429
0.00498150
-0.03871291
0.03691101
0.03320769
-0.00510836
0.02664858
0.04190525
0.02099818
0.00259313
-0.00093742
-0.01235881
0.01656295
-0.01422505
-0.03599568
-0.02190110
-0.04664918
-0.03467311
-0.00881335
-0.04773121
0.00237418
-0.00241834
0.03141402
0.02406873
0.01256329
-0.06297496
-0.01846224
-0.03275061
0.01619088
-0.02250600
-0.04843786
-0.00637920
0.02226618
-0.01342896
-0.04066339
-0.02229173
0.03199290
0.03562227
-0.03794863
-0.03628276
-0.02182168
-0.08041459
0.01220406
0.00864212
-0.01833557
-0.05593124
-0.00936023
-0.02398432
0.01159017
-0.01007327
0.00644603
0.02736983
-0.00069412
-0.02804954
0.00580294
-0.06091029
-0.04200550
-0.05752414
-0.01266316
0.02606161
0.00815217
-0.00519442
-0.03908605
-0.11723050
0.01271103
0.03681814
-0.02574698
0.00658351
-0.01155277
-0.09857799
-0.01461061
-0.04380386
-0.02091302
-0.05746925
0.04258080
0.04254984
-0.05378501
-0.00332760
-0.01572933
-0.05716520
0.02709824
0.01843286
-0.00972272
-0.02289048
0.04864455
-0.03303745
0.00484131
0.00026698
-0.02758509
-0.05030252
-0.04821426
0.00176621
0.04480400
-0.02989911
-0.00046476
-0.06478839
0.01718383
-0.00053945
-0.04618729
-0.03024003
-0.01673804
-0.00956234
0.03683629
-0.05061571
-0.03249004
0.02693608
0.04562511
-0.03330792
0.04938890
0.02493429
0.00242508
0.01187615
-0.02912283
-0.02376352
0.04901169
-0.01092784
0.00033694
0.03989900
0.02400342
0.00047763
-0.02589855
0.09497602
-0.01291089
-0.02030581
-0.01855511
0.04507858
-0.02214550
0.01480554
0.03356552
0.04278350
0.04229247
-0.04811093
0.03631198
0.03101053
0.04541137
-0.05573527
-0.00214968
0.04785129
0.02453271
0.00975875
0.01945283
-0.03495938
0.00099722
0.05813812
0.00127931
0.04385018
0.04397091
0.04600753
0.03947694
0.04160770
-0.05071285
0.03729011
0.05496813
0.05690596
-0.05237993
-0.00412855
0.01707883
0.05388879
0.01752996
0.05030923
-0.02323034
0.01670915
-0.02532827
-0.02137263
0.04203946
-0.04226543
-0.00451529
0.04368823
-0.00962821
0.02875378
-0.02669844
-0.05072646
-0.01487177
0.01307971
0.00622651
0.00792856
0.00983243
-0.02259191
0.03215085
-0.02750266
0.02322673
0.00222284
-0.00698052
0.02468868
0.01372919
0.11975160
0.02542057
-0.02023103
0.03461798
0.00120749
0.01984860
0.08121987
-0.03876680
-0.03377065
0.04934264
-0.01401032
0.02255589
0.05389576
0.02785763
0.03666366
0.06702015
0.10376796
-0.02074738
-0.05781319
0.03814168
0.03984976
0.01669050
0.13050561
-0.05015136
0.03445820
0.03045148
-0.00648229
-0.03822867
0.05859449
0.05541055
0.02400877
-0.02160523
0.04052818
0.05487061
-0.01347861
-0.03550068
-0.01407438
0.01422370
0.11527071
-0.03665320
0.00617916
0.03207190
-0.02992397
-0.00928459
0.09153949
0.01363150
-0.00103942
0.05498049
0.10801555
0.00005723
0.03957619
0.03871820
0.01657969
-0.04917626
0.08355545
-0.01003463
0.02286946
0.04238295
0.01690814
0.02201019
0.07965910
-0.02555465
-0.00698473
-0.04679329
-0.02604745
-0.02820943
-0.00637575
-0.00685334
0.00715731
-0.00552159
0.02906569
-0.01012409
-0.02542475
0.01086859
0.01222117
0.01214051
0.01214050
0.05038874
0.03736440
-0.05478263
-0.02269255
0.03755609
-0.04888165
-0.03121150
0.04546624
-0.03191347
0.03744875
0.03902693
-0.01201733
-0.00338940
0.02431199
-0.04931421
0.02709563
0.00436461
-0.04096269
-0.05530365
-0.07788660
-0.04018028
-0.04326418
0.03476036
-0.04303313
0.01798786
-0.07598097
0.00855269
-0.01826867
0.02753684
0.00783885
0.04599580
-0.05744259
0.02716422
0.01815859
0.00167269
-0.08763344
0.01938635
0.04192716
0.03280330
-0.05310526
0.04681647
-0.07285882
0.01553466
-0.00966857
-0.01893897
-0.00610889
0.04367671
0.01084859
0.00930793
-0.01849236
0.02082936
0.10789831
-0.02524492
-0.01632994
0.03370069
0.01218231
-0.03167613
0.09508574
0.03079624
0.03637330
-0.01033921
-0.00242855
-0.03078813
0.02219477
-0.03928496
-0.02184678
-0.01132847
-0.00858846
0.00621095
-0.00689715
-0.01296442
-0.01858335
0.02181428
-0.06457014
-0.01865963
-0.04974989
0.02589861
0.03015317
0.01178435
-0.03394404
-0.00530794
-0.06129967
-0.04257706
-0.13717295
0.03836668
0.03063309
-0.04747145
-0.05734960
-0.04903570
-0.08950984
-0.00885033
0.01957311
0.00156020
-0.01378896
0.01634450
-0.09415140
0.00800433
-0.07779636
0.02615054
-0.07511678
0.03594529
-0.01183332
-0.04186019
-0.04926790
-0.00450073
-0.13388410
-0.02840367
0.00219894
0.03862854
-0.04971323
-0.03785954
-0.12791000
0.01563181
-0.04087606
-0.04918277
-0.08118365
0.03460580
0.02647885
0.02044213
0.01735123
-0.00257729
-0.09291604
0.04388312
0.03990493
-0.05070489
0.04486782
-0.00387907
-0.00057877
-0.04138244
-0.01292062
-0.03557552
0.06673998
-0.00716181
0.03908413
-0.02601862
0.03673969
0.01017913
0.07099141
0.00790014
0.02561631
0.03015930
-0.00024056
-0.01769581
0.00226568
-0.01716609
-0.05976113
0.02737494
-0.10795122
-0.03430862
-0.01600325
-0.04375951
-0.01947162
0.01739131
-0.12486647
-0.04568014
0.02522301
-0.01217092
0.04507650
-0.00856050
-0.02348439
0.02195695
-0.05580400
-0.01414364
-0.14336602
-0.00013956
-0.00434556
0.02413851
0.03163428
-0.00123372
-0.09886257
0.01264053
0.04139108
0.03813701
-0.03401963
0.02604534
-0.09741723
0.02297250
-0.00834443
-0.04000465
-0.06902839
-0.00713404
0.01255232
0.01670081
-0.06198748
0.03678044
-0.06680764
-0.00929079
0.01020131
0.04248724
-0.02842131
-0.03688158
-0.07283936
0.03494607
-0.05507280
-0.03454667
-0.02415022
0.04093274
-0.02339516
-0.02770890
-0.05451388
0.04624052
-0.01746451
0.04172453
0.02108072
0.02290639
0.01659275
-0.05001869
0.00164295
-0.00620243
-0.04672438
-0.01205919
0.02984564
-0.04119723
-0.03392487
-0.01609767
0.05116688
-0.00548682
-0.02687657
0.00207875
0.04917643
0.03759689
-0.04082028
-0.04931803
0.03742142
0.00413381
0.01676238
0.03138366
-0.00668613
0.01748002
-0.03238822
-0.04208988
-0.02134275
-0.01404374
-0.02923655
0.03027914
0.00871238
-0.00093724
-0.01439407
0.02148781
-0.03130550
0.03676248
-0.04735184
-0.01112037
-0.04448285
-0.05219696
-0.02880399
-0.04481984
-0.02071286
-0.03851894
-0.01503678
-0.05155199
-0.04800207
0.03444080
-0.02964391
0.04679882
-0.06143187
-0.05268025
0.01128149
0.05269561
0.01657912
0.03874943
0.01344450
-0.02708160
0.01669214
0.01000891
0.02997600
0.00419392
0.00469478
0.01335322
-0.04034501
-0.02092606
0.02950311
-0.00938006
0.04073077
0.02635723
0.01034165
0.04305325
-0.04128259
-0.02359718
0.03950291
0.01599568
-0.04248761
-0.01841434
0.00828837
-0.04934418
-0.04832016
-0.05135097
0.00609957
0.01846077
-0.02270956
-0.05752059
-0.00270133
0.02773968
-0.00794360
-0.00651867
0.02046021
0.03999167
-0.02488655
0.03681264
-0.01763532
0.04007084
0.03935388
-0.00716225
-0.03057588
0.04221612
0.03262689
-0.01900596
0.11185391
0.01332461
0.00823580
0.00981727
0.03802121
-0.02194403
0.03328135
-0.04461024
-0.00580014
0.02966491
0.04179807
0.04447266
0.05168542
-0.03830076
0.02748753
0.02872404
0.08297983
-0.02626051
0.00311384
0.00504706
0.02029945
-0.01639690
0.06101939
0.01210630
-0.03800751
-0.04379605
-0.03960432
0.01578310
0.02301659
-0.00610083
0.00710405
0.04919108
0.07786239
0.03849681
-0.05840817
0.04262098
0.00100338
-0.04545327
0.02209072
0.00513621
0.02568250
0.03681444
-0.04303757
-0.01430134
0.02547475
-0.00925845
-0.03965345
0.03794101
-0.03241973
-0.01627126
-0.02827867
0.01198460
0.02129705
0.04642859
-0.02695701
0.01131414
-0.03594078
-0.02192289
-0.04273158
-0.04381392
0.00356615
0.00937462
-0.03554949
-0.05015391
-0.08534325
-0.01115025
-0.01730430
0.00537577
-0.03547268
0.00004187
-0.10778110
0.01449994
0.02661345
0.01616747
-0.04837512
-0.05511651
-0.05199835
0.00142218
0.04250529
0.02555231
-0.04193057
0.00541958
-0.03315453
-0.01921767
0.04225691
-0.03892421
0.04577982
0.01430557
-0.02290377
-0.04712786
0.04141318
0.03615936
0.05741723
0.01443124
0.06461520
0.03131421
0.03541346
0.02434332
0.03423987
-0.00033254
-0.00090167
-0.02249991
-0.00670182
-0.03711732
0.04686837
-0.04718498
-0.01890674
-0.01740822
0.02154104
0.00754529
-0.01500284
0.05397923
0.09350251
-0.02695297
-0.05061977
-0.03380359
0.03381519
-0.01948427
0.08310805
-0.05364256
-0.02916159
-0.02943674
-0.00210873
0.04901888
0.03109713
-0.02125979
0.06127035
0.04104603
0.11195850
0.05102090
-0.05149771
0.03073889
-0.01504263
-0.01578028
0.05833662
-0.02676340
0.00999792
-0.04066813
0.03252011
-0.01297414
0.03453679
-0.01688481
-0.02969743
0.01161002
-0.00162017
-0.05812900
-0.05363360
0.01829922
-0.02594505
0.01533403
0.01259575
-0.03783829
-0.04248212
0.04443849
-0.04912230
-0.04764496
0.00586745
-0.03553317
-0.00487599
0.00912571
-0.15819423
-0.01355889
-0.00775672
0.03285496
-0.06555960
0.01537232
-0.13769314
-0.01023660
-0.04779496
-0.01853665
0.02950490
-0.03853573
-0.07660682
-0.04139703
0.01862781
0.01300306
-0.11728670
0.04526293
0.02538362
-0.00237643
0.00958691
-0.04334572
-0.06140461
0.03525165
-0.03555588
0.01226929
0.01889563
-0.04654231
-0.05996017
0.03373996
-0.03062326
-0.05288925
0.00001555
0.01082622
0.02050391
0.03504193
0.01235156
0.01856579
-0.06879226
-0.03650532
0.00078711
0.00318665
0.01708035
0.00914492
0.02894467
0.01287608
0.02043529
-0.00686128
0.07600208
0.05686784
-0.03613541
0.01375118
-0.03980979
0.03555421
0.08339027
0.03188679
-0.00462209
-0.05156098
0.03474999
-0.03127726
0.05642743
0.03127608
0.00759916
0.03505521
0.01769857
-0.03271186
0.03575815
-0.02737338
-0.01054181
-0.02907074
0.06017718
0.03967081
0.01784156
0.04782916
-0.04416446
-0.02887782
0.04909163
0.04105218
-0.00779172
-0.03424888
0.01392846
-0.04739838
-0.02561097
-0.05054446
0.01710183
-0.03706622
0.00857238
-0.01201938
-0.02065577
0.03779577
0.01505690
-0.01481482
0.03246626
-0.05036658
-0.05318924
0.03999257
0.01900035
0.01171613
0.03302382
0.03950729
-0.02356574
-0.00781620
-0.00302645
-0.03268232
0.03068287
0.02916213
-0.00927045
0.00349111
-0.01720485
-0.00824722
0.01853950
-0.00474080
0.03407343
0.02653072
-0.01650305
0.03916848
-0.02276832
0.02979485
-0.04083623
-0.01271693
-0.03046872
-0.00116600
0.02786524
-0.01140049
-0.03944427
-0.00369293
0.03172424
-0.05779195
-0.02802109
0.02682639
0.01790159
0.01775840
0.03601654
-0.05381059
-0.01468611
0.03231138
-0.00905357
0.03437722
0.01943125
-0.05685184
-0.07283055
-0.04523318
-0.05679939
-0.04679440
-0.11610261
-0.04384656
0.00965618
-0.04261444
-0.02676131
0.01023135
-0.14726064
0.04082523
-0.02508316
0.02858381
-0.00688857
0.02188092
-0.05989618
0.01671827
0.03454338
0.01214399
-0.01300458
0.02149751
0.00365308
-0.03198469
-0.00379057
-0.04017493
-0.01933008
0.02871663
0.03842578
-0.02799570
0.01256319
0.01094030
-0.02466966
0.00384800
0.04076225
-0.03564370
0.02194034
-0.02007966
-0.02015605
0.04544415
0.04435194
-0.04402032
-0.02170541
-0.01594775
0.04817306
0.05292516
-0.01063635
-0.04454364
-0.00437131
-0.01386013
-0.02860173
-0.03442797
0.02495366
-0.01853682
0.03844434
-0.01248075
-0.03210384
-0.03170751
0.00648472
-0.03938011
0.03044300
-0.04033861
-0.02552933
-0.00958559
-0.04015105
-0.02708767
0.03204286
-0.01871673
0.01492704
0.01324425
0.00164016
-0.02218109
0.02552934
0.01770446
0.01729287
-0.04490263
-0.00262592
0.00803212
0.04606305
0.00537192
-0.02524269
-0.04840577
-0.04666846
0.04913884
0.07235359
-0.04693897
0.00266159
0.00139420
0.03746689
0.04582908
0.04632643
0.00832319
-0.00518824
0.04743968
-0.04281553
0.03230605
0.02793552
-0.02055353
-0.04794703
-0.04466002
0.01481610
0.02949765
-0.00847945
-0.03861881
0.00499779
0.03868972
0.02989623
-0.02890090
-0.01020663
0.02385808
0.04486212
0.03034597
0.01478347
0.00937449
-0.00598810
0.06665555
0.07542565
-0.03165356
-0.05107033
0.04190975
0.05858504
0.01982789
0.00699622
0.03083925
0.01786627
-0.03810122
-0.01846526
-0.04276233
-0.00972114
-0.01972912
0.03567538
0.04624841
0.09698527
0.05438957
-0.00649704
-0.03851111
0.04411379
-0.02364910
0.06684684
-0.02423678
0.01717502
-0.02435391
-0.03339701
0.02948448
0.04755706
-0.03336224
0.06743002
0.02415463
0.06047307
0.03607671
-0.01481664
-0.00822476
0.02311534
0.05043525
0.12079358
0.00520744
0.02127818
-0.00933178
-0.02414227
-0.04960098
0.03138535
0.01617373
0.05109812
0.05112273
0.15364772
0.05186503
-0.03472986
-0.03657995
-0.02057477
0.01036800
0.15328969
-0.02843993
-0.02611369
-0.04900171
0.02372291
-0.02291169
0.12417288
0.02931178
-0.00284646
0.02999879
-0.01847325
-0.00787081
-0.00684542
-0.00839589
0.02199192
-0.00719377
-0.03589458
-0.00843164
-0.00420566
-0.02972298
0.03951836
0.04444966
-0.02029197
0.05610196
-0.00063371
-0.00827505
-0.01224721
-0.03053030
-0.02296379
-0.02847632
0.04790421
0.01726665
0.03261892
-0.03747896
0.02987469
-0.01073109
0.01598942
0.04288007
0.03619185
-0.01010766
-0.00282627
-0.00961694
-0.08911896
-0.03384975
0.02790459
0.01998827
0.00533970
0.02732990
-0.02253525
-0.00139688
-0.01653587
-0.02344588
0.02611826
0.02839524
-0.02169678
0.04589371
0.00644977
-0.03478773
-0.10317022
-0.04727564
0.00335846
-0.03585919
0.01704335
-0.03847492
-0.07951444
0.00850898
-0.00713192
-0.02225362
0.03075057
0.02625277
-0.02664140
0.02777139
-0.03120936
0.00707262
-0.04577425
-0.01545181
0.03733099
-0.01422227
0.02408966
0.01674734
-0.04555399
-0.04490887
0.00414337
-0.05635324
0.00264561
0.00139118
-0.00308117
0.03072838
-0.04421140
-0.00586251
-0.04295248
0.00788735
0.04382820
-0.02497473
0.00731001
-0.00158469
-0.00391712
0.00450820
0.01562295
0.01068463
-0.00053604
-0.03421400
-0.06670267
0.00363422
-0.06630076
-0.07108655
-0.14910820
-0.04719118
-0.04652223
-0.03487567
-0.04407710
-0.03437980
-0.11765727
-0.03453835
-0.03589168
0.00868879
-0.03879086
0.00013348
-0.09408774
0.01441439
-0.04838137
0.01356370
-0.14544816
0.03652320
0.02315879
-0.01982679
0.00380322
-0.02617010
-0.13484450
0.02414469
-0.03101986
0.02552665
0.03930611
0.01621767
-0.05853250
0.02454697
-0.01465438
-0.05946864
-0.07121757
0.02199503
-0.02592223
-0.00066190
-0.01168883
0.00300897
-0.12922326
0.01889942
0.00452274
0.04056365
-0.02056693
-0.02099416
-0.07697131
0.03091197
-0.05770761
0.00866824
-0.03444887
0.02965137
-0.04827081
-0.04691695
0.01205585
0.04650325
-0.02500024
-0.02160263
0.01307758
-0.01560205
-0.05022005
0.01003280
-0.02474969
-0.01976330
0.00631947
-0.04882671
-0.03586298
-0.03369391
-0.02855399
-0.01336006
0.04617022
0.04398304
-0.06666768
0.00047679
-0.03480653
-0.02398655
0.01571295
-0.03673168
-0.02422304
-0.03812812
-0.03161347
0.00716140
0.03165197
-0.04292311
-0.03966281
-0.00723631
-0.04136276
-0.04020801
0.06848061
0.00066821
0.01130414
-0.04662596
0.02256859
0.02283580
0.02096884
0.01784161
-0.03373344
0.03436838
0.07973877
-0.04460793
-0.03268297
0.04679067
-0.02442496
0.03306881
-0.00209756
-0.01093674
-0.04282570
0.00291689
0.00209158
-0.04145017
0.00814476
-0.00978419
0.01524241
-0.03294790
0.00681665
0.02820193
0.01331585
0.02681577
0.03929162
0.02798100
0.04277242
-0.04926412
-0.04518007
0.01150367
-0.03177071
0.00097747
-0.03988439
-0.00324171
-0.00272561
-0.03473904
-0.05190261
0.03153437
-0.01442545
-0.01827592
-0.01406085
-0.04267273
-0.04338912
0.04415967
-0.03324456
0.01099786
0.03375088
0.01348009
-0.01706881
0.03852772
-0.04558710
0.03079364
-0.03143416
-0.04073323
0.00577533
-0.02265907
0.01710779
-0.02932785
-0.01608627
-0.03565042
-0.03214826
0.02188063
0.04090692
-0.02066112
-0.01770917
0.03907488
0.01326903
0.02325520
0.00357017
0.01931491
-0.01555279
0.03305851
-0.05093351
0.00612573
0.04172138
-0.02421581
0.00382044
0.02474851
0.03033312
-0.03661319
-0.02196964
-0.04549069
0.03415823
0.05295275
0.05817581
-0.03873657
-0.05429619
0.01166620
0.01859482
-0.00043245
0.05515907
-0.02023014
-0.03429817
0.01056609
-0.03485110
0.00917845
0.09159404
0.00039583
-0.01997432
-0.00088441
-0.05004061
-0.00034971
-0.01192301
0.04270092
0.01245826
0.03665145
0.03923637
0.00453012
-0.02415612
0.02695929
-0.04090287
-0.04486958
-0.04196528
0.03429725
0.03405086
0.00136070
-0.06929482
-0.04774595
-0.04941687
0.02269609
-0.03144742
-0.00781649
-0.06994028
-0.00597577
0.03964372
0.01333088
0.02202024
-0.03384623
-0.06519346
-0.02387915
-0.02700005
0.00745252
-0.09895768
0.01572259
-0.00239427
-0.03886085
-0.02135081
0.01232873
-0.14569464
-0.01832278
0.01436229
-0.04626568
-0.04734704
0.01628481
-0.10675602
0.03079913
0.04588642
0.04616658
0.05044060
-0.03002873
0.02193689
-0.03270016
0.03972476
-0.02022106
0.00722381
0.03527018
-0.00656310
-0.01019492
-0.01409534
0.04266574
0.01864888
0.00062382
-0.03357045
-0.02916884
0.11486631
0.04998197
0.03707010
0.01846957
0.00498926
0.03862932
0.11170363
0.04308795
-0.00417526
-0.02574155
0.01352028
0.03334268
0.05142246
0.03293321
0.00373149
-0.05472215
-0.04977813
0.04450183
-0.01090642
-0.00491122
-0.01730479
-0.00594536
-0.00207002
0.04533201
-0.04630683
-0.02505021
-0.01204363
-0.01365219
0.01569824
-0.00418129
-0.02012957
0.00140017
-0.05970869
-0.02758080
-0.02564082
-0.04763092
0.00558972
0.00087735
-0.11267913
-0.03689196
-0.02498613
-0.01485397
0.02817514
-0.02487546
-0.07510632
0.02142323
-0.04621387
0.00608295
-0.06747869
0.00335221
-0.02278412
-0.00277112
-0.02504695
0.03945014
-0.01684816
0.04023941
-0.01960048
0.02800686
0.02158736
0.02879879
0.01697481
-0.01323339
-0.00537693
-0.02458018
0.01822505
0.05942381
-0.03717437
0.00443990
0.04365520
-0.02881803
0.05019392
0.03403009
0.01992752
0.00816375
0.04033506
-0.03306471
0.03958311
-0.03250770
0.00702979
-0.02815083
0.06543484
-0.00774278
-0.00458076
0.02382729
0.05477320
-0.00398184
0.05299889
-0.04243385
0.04127802
0.02497726
0.01385746
0.01474251
0.05719906
0.01173106
-0.00651741
0.00307294
-0.07579083
0.02989377
0.03394875
-0.00640257
0.00465310
-0.00880259
-0.06387245
0.03065819
-0.01761395
0.02073546
0.02258061
-0.00431259
-0.01422223
-0.03538517
-0.04675157
-0.05116717
-0.01081806
0.02374066
0.00291985
-0.02854250
0.01412689
-0.01171198
-0.05029018
0.02177871
0.03631545
0.02478606
0.01294807
0.01641097
-0.02244776
0.00780219
0.04578327
0.02747036
0.00521874
-0.00306322
0.02057804
0.02118663
-0.05157961
0.00818183
-0.04070474
-0.01505881
-0.03961069
0.03845238
-0.00256749
0.03421460
-0.01976275
0.02192901
0.01843691
-0.00564598
-0.04448207
-0.02691580
0.03679644
0.00879838
-0.01331580
-0.04406358
-0.00494552
-0.02592570
-0.01510126
-0.04523992
0.02018691
-0.02058870
0.04787260
0.03686305
-0.01171387
-0.05255067
0.00469322
0.04621227
0.00528923
0.01404835
-0.03023196
0.03288771
0.01959523
-0.00932666
0.03675300
0.03348289
-0.04117395
0.05067618
-0.02287154
-0.00567874
0.00398784
0.00462205
-0.00552613
0.02601565
0.01589015
-0.00197591
0.03280860
0.02513925
0.00799864
0.04402766
0.00190312
0.03873185
0.00680281
-0.01555403
-0.03223659
0.02020731
-0.03944146
-0.02756661
-0.04963402
0.00837262
-0.02903439
-0.01980031
0.04016057
-0.00788346
0.02144796
-0.03416997
0.01650420
-0.00680188
0.00024162
0.04463665
-0.03403775
-0.02815074
0.01098968
-0.02109322
0.02381570
-0.01475213
-0.03978692
-0.02803191
0.00164050
-0.02038487
0.04122799
0.03261420
-0.03275604
0.01648909
-0.04246325
-0.00817235
-0.00140376
-0.04264533
-0.01998495
0.02960127
0.00789952
-0.01118158
-0.01711117
-0.03424425
-0.02309362
-0.00361116
-0.04453533
-0.02207220
-0.02012653
-0.04364002
-0.02470088
-0.03190979
0.01493378
-0.03447250
0.03548595
0.03330677
0.04912851
0.04919134
-0.04817427
-0.01000310
-0.00955731
0.04245062
0.06217699
0.02390853
0.03860778
0.03410585
-0.04038930
0.01881009
0.07841364
0.01226997
0.01440226
0.04894562
0.03519193
0.01549129
0.02128190
0.05230390
0.00423728
-0.03131368
0.02643900
-0.04664946
0.03775187
-0.00576106
-0.02912835
-0.02057821
0.06419580
0.00076246
-0.03207975
0.02999697
-0.00989788
0.00006044
-0.00826177
0.02273226
-0.04988762
0.00750422
-0.07913818
0.04869550
-0.00483290
-0.01771044
-0.00494949
-0.04028407
-0.02806417
0.00806022
-0.00574241
0.03326092
-0.06317971
0.01997149
0.02771244
-0.01074389
0.02225297
0.02392523
-0.10044249
-0.02693354
-0.00579515
0.00216013
0.01765816
0.03233459
-0.01545796
-0.03527343
0.03725219
0.00860564
-0.06468320
-0.01091834
0.03090468
-0.02548254
0.00144400
-0.01421889
-0.02127532
-0.04535483
0.02798800
-0.04348094
-0.03209037
-0.02737228
-0.06505685
-0.04659958
0.00847088
-0.00781712
0.04595587
-0.01589977
-0.03678300
0.03094590
-0.02062828
0.02402191
0.07225867
-0.02559850
-0.01003421
-0.00437693
0.01222319
0.04757739
0.05727622
0.01420133
-0.02890857
-0.02844128
0.08400106
-0.01491522
0.00355754
0.05347385
-0.02453877
-0.00633341
0.06967057
-0.03856942
-0.03344880
0.02262014
0.01597189
-0.00411238
0.01451660
-0.01840188
-0.01420665
0.02467738
-0.07296506
-0.03949929
0.03702877
-0.03874560
0.01985386
0.04284904
-0.04454656
-0.03794111
-0.03858069
0.01462939
0.03600823
0.02209925
-0.06653031
0.03371241
-0.06359862
-0.05107388
-0.11924007
0.02389605
0.03751458
-0.03300425
0.01565584
0.05134911
-0.11160897
-0.04073501
-0.03891996
0.01570743
0.00223245
-0.02722165
-0.10056016
0.01787960
-0.01753090
-0.04519640
0.05407029
0.04711847
0.04129803
0.01772593
-0.04498606
0.05891726
-0.02321188
-0.02117340
0.00196259
0.01293262
-0.02203029
-0.00021855
-0.01127070
-0.05196246
0.01639440
-0.00990978
0.02944612
0.03687144
-0.00017447
-0.03335137
-0.00656252
0.04060020
0.03706730
-0.04495125
-0.02968341
0.03850173
-0.04045821
0.00067038
0.03818509
0.01279355
-0.00728778
-0.05034225
0.02895771
0.03570046
-0.00116277
0.03097535
0.00404284
-0.02263306
0.00583920
-0.03056838
0.02884839
0.00318312
0.00858200
0.02280773
0.04198660
-0.01055885
-0.06736089
-0.01198023
-0.06418544
-0.00577728
0.04315389
-0.04050758
-0.02452891
0.02866716
-0.12719287
0.00026504
-0.02464150
-0.05023191
0.00712097
-0.02145405
-0.09842332
0.00826500
-0.00994079
0.03170598
0.07128035
-0.02494780
0.03239102
0.00476513
-0.02225282
0.00782023
0.06159000
0.03206515
0.01716633
0.00355226
-0.01648162
-0.03133154
0.02273224
-0.01385495
-0.02561898
-0.00668767
0.07660647
0.00086494
-0.04383169
-0.03885163
-0.02266308
-0.01939734
0.03271904
-0.00469668
0.03892238
0.00726958
0.04669639
0.02751048
0.04731582
0.03272932
0.00509883
0.04300993
0.03343212
-0.05101606
-0.00446684
0.04447418
-0.03389566
-0.03298711
0.04807875
0.04148612
-0.04582567
-0.00267990
0.01364327
0.04374231
0.05152807
0.00509317
-0.05304869
-0.00411493
-0.09039015
0.00977038
-0.03251589
-0.03849947
0.01680501
0.01807760
-0.09384376
0.02976975
-0.05135375
0.00669141
-0.01211617
-0.00409376
-0.07231509
-0.02963930
-0.01947486
-0.01126688
-0.09301539
0.02344274
0.03999551
-0.00399644
0.02075003
-0.04546679
-0.02405448
0.00320823
0.02952152
0.01223396
-0.03927375
-0.01996581
-0.04658035
0.02524091
0.03102470
-0.00515324
0.06704527
-0.00489538
0.00874045
0.03313795
0.01649981
-0.02459363
0.00462091
-0.02575551
-0.04783726
-0.01077220
0.00995610
-0.02815452
0.07111042
0.00572650
0.02724968
-0.01572626
-0.07472236
0.01637581
-0.04505670
-0.02402830
-0.01482133
0.02698535
0.02150466
-0.02425019
-0.01718899
0.00524439
-0.04645651
-0.04578070
-0.04993735
-0.03716387
-0.00408474
0.02211945
-0.10117294
0.02727129
-0.01256709
0.00860146
-0.01203409
-0.03875815
-0.04729249
0.01456045
-0.02247158
-0.00415387
0.01350148
0.01654630
-0.01718880
0.03599207
0.00267457
-0.00537977
-0.06445417
0.01623202
-0.01681815
-0.00213931
-0.04413488
0.03131459
-0.05290988
-0.03319601
-0.04886980
-0.01678275
0.01044104
-0.00803477
-0.01321406
0.04453628
-0.00400573
-0.02364279
-0.05089141
0.01702821
0.03739074
-0.01646003
-0.03940237
0.00228203
-0.02695638
-0.04860377
0.02288632
-0.04782034
-0.04468592
-0.00570255
0.00066479
-0.03853061
-0.00572857
0.03333346
-0.03919922
0.03009053
-0.05021409
-0.05066498
0.03261716
-0.00252901
-0.04641897
0.04618890
0.01156620
0.02232356
0.03010182
-0.03915462
-0.00993335
0.02121063
0.02117587
-0.04392894
0.00622862
-0.00638573
0.02570299
0.03860864
0.03897926
-0.03762205
0.07143804
-0.03485593
-0.01426367
0.00006982
0.02484390
0.03536021
-0.01713515
0.04383718
0.00485921
0.01336014
-0.03840430
0.03769064
-0.03532714
0.01210706
0.01695311
-0.02410449
0.04769754
-0.04636626
-0.02009556
0.02514920
-0.03326943
-0.02232161
0.01429007
0.03220406
-0.02229516
-0.05877409
-0.03609432
0.01525937
-0.01717715
0.01981422
0.00451188
0.01784810
-0.06144200
-0.04069943
0.03056270
-0.00552057
0.03354261
-0.00651701
-0.07322889
0.01939831
-0.03972011
0.03510761
-0.04341616
-0.04527123
0.02899922
-0.02725519
-0.03429205
0.02694929
-0.05528987
0.01078078
0.00495984
-0.02459361
-0.00382098
-0.01833941
-0.01638426
-0.05048605
0.03271423
0.00252564
0.06399414
0.04947577
0.00382090
0.03201878
0.05225508
0.02295247
0.09146474
-0.01969338
0.04109706
0.01903090
0.00688766
-0.02072997
0.07750116
-0.04664148
0.04489461
-0.03774695
0.01822058
-0.03142787
-0.00271460
-0.00031387
-0.00254480
0.04721813
0.06088056
-0.01507922
0.00789961
-0.02174987
0.03093818
0.03864994
0.05325040
0.01706074
-0.00093326
0.00774596
-0.09344254
0.03700909
-0.00740806
0.00988387
0.01215492
0.01458718
-0.04929071
0.00803574
0.00204878
0.01859169
0.01228899
-0.00182477
-0.05604597
-0.01561772
-0.03675620
-0.05763491
-0.08174588
0.02904819
0.03670444
0.01682177
0.02578723
-0.03470059
-0.10512862
0.02925330
-0.04971662
-0.04256634
-0.04291407
-0.03454344
-0.05987772
-0.04306751
0.00607472
0.03080567
-0.01347636
0.00820719
-0.00752225
0.01117353
0.01026377
0.01872600
-0.02399942
-0.01286363
0.03906063
-0.01357073
0.00812315
0.03041527
-0.03639971
-0.00445647
0.05904872
-0.00927577
0.13047007
-0.03682432
0.03889230
-0.03389574
0.01901443
0.01120929
0.11877482
-0.03022610
-0.01891957
0.03079701
0.00262653
-0.01677705
0.06463061
0.01213252
0.00574634
0.02879563
-0.01115950
0.03271955
-0.03998729
-0.03402295
-0.03757831
-0.03114922
-0.04779308
0.02099940
-0.02877359
0.03881977
0.03203529
0.02622495
-0.03130779
-0.01756985
0.02509160
-0.01403221
-0.08028091
0.02397584
-0.04396477
0.02533044
-0.06030272
-0.02961712
-0.08662555
-0.00208397
0.01388731
-0.00958711
0.02791020
-0.03826660
-0.08400080
-0.01603501
-0.05005091
0.03044056
-0.06408589
-0.03873980
0.00746246
0.00458169
0.03855956
0.03100001
-0.07348779
-0.03720864
-0.03229224
0.00511423
0.00626833
0.02040188
-0.05308109
0.02585563
0.03425244
-0.01757452
0.01110963
0.03468536
-0.01073233
-0.00717859
0.00599355
-0.01046441
0.00973246
0.00927552
0.02173473
0.01691496
0.03343383
-0.00919598
-0.00083743
-0.00207569
0.00984256
-0.01327585
0.10227227
0.03277958
-0.02732528
-0.01796559
-0.00120007
0.02420078
0.03210410
0.02459589
0.04247191
-0.04431726
0.00545042
-0.03548775
0.04628422
0.05045267
0.03188780
0.02016801
0.00149434
-0.01045295
0.00186190
0.00896899
0.01717967
-0.03415139
-0.04530637
-0.03406037
-0.03324638
-0.04240144
0.03767034
-0.03174466
-0.03731249
-0.05029998
-0.04457970
0.01130446
-0.05339995
-0.00452131
-0.02649768
-0.00104978
0.02298120
0.01031318
-0.08351342
0.00740354
0.03890967
-0.03012478
-0.00244641
-0.03263177
-0.04044875
0.04086319
-0.03555688
-0.03024164
-0.00129728
0.02154779
0.00385468
0.02204436
-0.01504217
-0.03424743
0.00471165
-0.03511127
-0.00768753
0.03817290
0.00827098
-0.03499787
-0.02513636
-0.03581656
-0.04280752
-0.04860317
-0.02451160
-0.01511145
-0.04923437
0.04156615
0.01089900
0.04151474
-0.04906334
-0.02888396
-0.00314130
0.04476750
-0.00246263
-0.04281614
0.02636533
0.04469849
0.01231036
0.03205104
0.00166380
0.00619040
-0.03004660
0.02986183
0.00664768
0.00270951
0.04987545
-0.03272466
-0.01032524
0.01298715
-0.02298482
0.03623662
0.00598553
0.01596239
0.03956938
0.02883443
-0.04144377
0.04580910
-0.03699384
-0.02983443
-0.00712071
-0.03400669
0.02555466
-0.03060864
-0.04157535
0.00482954
0.04742581
-0.01377585
-0.04309219
0.00887040
-0.03412092
0.02060163
-0.03113080
-0.01714481
-0.04376520
-0.03655242
0.01966837
-0.03940682
-0.04392352
-0.00412311
0.04163758
-0.04722727
-0.01651091
-0.02456429
-0.04129613
-0.00480601
0.03441225
-0.03859485
0.03801728
0.01486671
0.03990976
0.03532319
0.04189332
0.01521398
0.04289028
0.01377417
-0.04778486
-0.02018287
0.04012792
-0.01413175
-0.03048122
0.04512657
-0.02242312
0.01587082
0.01364909
0.01974896
-0.00533791
0.02789684
0.02549187
-0.00851343
0.04501900
0.01518835
0.03226561
0.02341343
-0.03676511
-0.04439037
0.02289876
0.01835709
-0.03207817
-0.00325165
-0.01578783
0.03399371
-0.03027286
-0.04133921
-0.03720603
0.03021310
-0.01599526
0.03090621
0.01604728
0.05043134
0.00625369
0.02919934
0.02089918
-0.04939798
0.02261517
0.03169193
-0.02891956
-0.01684623
-0.01366529
-0.03176036
0.01102637
0.00514571
-0.03937257
0.02817782
-0.02540405
-0.01300213
-0.04941707
-0.00448802
-0.00361496
-0.03565453
0.00612454
-0.04199729
0.04585858
-0.01577849
0.00696343
-0.02837717
0.04225658
-0.01182193
0.01304630
0.00177576
0.04924123
-0.00810336
0.03959349
-0.02308140
0.02137664
-0.01664944
-0.00889838
0.03575220
0.01255314
-0.03371301
0.00812807
0.01666817
0.01801441
-0.02113571
-0.02415095
-0.01314668
-0.01379167
-0.01172690
-0.00032427
-0.04025838
-0.02495075
-0.03135882
-0.01932556
-0.00138726
-0.03534737
-0.03567261
-0.04698057
0.01471702
-0.02684468
-0.02379746
-0.09643204
-0.00855769
0.01395770
0.04032915
-0.03618845
-0.02032749
-0.02792613
0.04159572
0.00491789
-0.02069806
0.03471076
0.01335507
-0.02213904
0.01540301
-0.01551235
0.04344133
0.01161978
-0.02812495
0.03629624
-0.04805334
0.04281031
-0.04221494
0.03680466
0.04783787
0.02026883
0.02362365
0.02816885
-0.01897088
-0.04768297
0.03264640
-0.01369608
-0.01293707
0.02925440
-0.00612297
0.05431298
-0.02009632
0.04418942
0.02474305
0.03486488
0.04637554
0.00474557
0.03608415
0.06944670
-0.02545861
-0.01939957
0.02077611
0.02443457
0.01925522
0.10712194
-0.00468266
0.01730706
-0.02166967
-0.02583855
0.02370135
0.09217200
-0.03867736
-0.04234807
-0.00887711
0.08072269
0.03817486
0.02294476
-0.01064705
-0.00285460
0.01882855
-0.01304116
-0.02825486
0.04979559
0.04213959
0.02700255
-0.03552247
0.05540121
-0.03801976
0.01666813
-0.02544837
0.01185451
0.00883371
-0.04583670
0.01788826
-0.02827659
0.00784741
-0.00483329
0.02029467
-0.01516266
0.03713245
-0.01684487
0.01380989
-0.03500286
-0.02117981
0.03064301
-0.00447771
-0.03150262
0.01446927
0.01377499
-0.01831069
-0.00256247
-0.05515865
-0.01448844
0.01478552
-0.04939850
-0.04881694
-0.02560408
-0.02537781
0.01723098
0.05127169
0.01775933
0.01923397
0.00279242
0.02013693
-0.00632821
0.01800285
-0.04664379
0.00596216
0.00435488
0.01440791
-0.02670432
0.03691487
0.01229820
0.02585769
0.02806478
0.02456227
0.05082057
0.00637062
-0.00725972
0.01510362
0.00038896
0.04715167
0.04234461
0.01657261
0.05135204
0.00222510
0.02496385
-0.01732181
-0.00622659
0.03769992
0.00526845
0.05721231
-0.02517684
0.02363738
0.05282335
-0.04078305
0.03238216
0.03353684
0.03353569
-0.05122318
0.08408355
0.01490001
-0.00940885
-0.01367176
0.02002448
-0.01833197
0.06788456
-0.03864167
0.05851214
0.00917003
0.07400792
-0.01490026
-0.01145978
0.04912149
0.01896015
-0.03338869
0.08829681
0.00180360
-0.01352280
0.03762203
-0.00028285
0.02138706
0.01743443
-0.00626595
-0.03686113
-0.05652419
-0.13718352
0.03543455
-0.03708159
-0.03142686
-0.03997976
-0.00313815
-0.08432010
0.02998707
-0.00942361
-0.04003513
-0.02225959
-0.03078560
-0.01462780
0.03001496
-0.03546715
-0.00976049
-0.12682660
-0.04719403
0.04862538
-0.02449838
-0.04419826
0.00234168
-0.13078943
0.05012915
-0.05108574
0.02754650
-0.02793074
0.02422807
-0.05269663
0.04472373
-0.00602587
0.00550856
-0.08212265
-0.00474041
-0.04923714
-0.02182488
-0.04603262
0.01141022
-0.05619708
-0.02933424
-0.01141154
0.03735650
0.04581619
0.02750748
-0.05972114
0.01251320
0.00876905
-0.02928868
-0.02129153
-0.04125898
-0.02515220
-0.03360184
-0.00785811
0.04817282
-0.01154523
-0.00544311
-0.04163201
0.01351791
0.03926688
0.00638997
-0.03007139
0.01674549
-0.01054355
-0.04289578
-0.05285487
0.03976799
0.02504545
0.01026084
0.02590634
0.01591212
0.03856421
0.01817472
-0.00238417
0.00307635
0.03015909
-0.03940167
-0.04404660
0.05009309
-0.03023116
-0.01617440
-0.09743794
0.02495717
-0.01937946
0.02938403
0.02553929
-0.04811876
-0.07993652
-0.04251898
0.03789054
0.03274368
-0.01147157
0.00515705
-0.03084839
0.03088243
-0.05898344
-0.05096715
-0.04369068
0.04119385
0.03510304
-0.03140951
-0.05452313
-0.00934996
-0.05259311
0.04866429
0.01450912
-0.02556283
0.01864928
0.02168227
-0.02813375
-0.01874481
0.01495456
0.01205466
-0.06043300
0.01207810
0.01652150
-0.01956122
-0.01979806
-0.01893758
-0.01538335
0.00845589
-0.04945490
-0.00833077
-0.04142564
-0.01475672
-0.02725660
0.01426674
0.00777183
-0.01840952
0.02590515
0.04651697
0.04088413
-0.00624756
0.02093284
0.03866594
-0.02829722
0.04364903
0.00889143
-0.01256950
-0.01162481
-0.04686445
0.00204534
0.02515014
-0.00607638
0.02386996
-0.08134948
0.02624727
0.01548799
0.04351156
-0.05145944
0.01618315
-0.02072159
-0.00385606
-0.04705118
-0.03966811
-0.03384149
0.04644930
-0.02414588
0.02902510
0.03200373
-0.00673579
-0.12124462
-0.04436534
0.04980451
0.01045581
-0.04056109
0.03680031
-0.03210995
0.02162364
-0.04588096
0.00614942
0.04931594
-0.03656135
-0.01215080
0.02261442
-0.04308422
-0.03776711
-0.16047637
-0.03197631
0.01225969
0.04091555
-0.06416610
0.03531161
-0.07553891
0.04413297
-0.02959020
-0.03289978
-0.05127622
0.04280568
-0.04974307
-0.04013582
-0.06915424
-0.00170753
-0.07523832
0.04224127
-0.04530757
-0.05485969
-0.06472698
0.02902321
-0.12653518
0.02446034
-0.03125844
0.03877490
-0.01744998
0.03832769
-0.02692864
-0.04443887
-0.04732218
0.04333401
0.00114401
-0.02636555
-0.04645811
-0.00261454
0.01247669
-0.02071083
-0.00792537
0.01751585
0.00471851
-0.01517014
-0.00022621
0.00699771
-0.06864053
-0.01177195
0.01248854
0.01965995
0.06674645
0.04616277
-0.00252056
0.03537469
0.01577703
0.03626471
0.03158867
-0.03004819
0.00351730
-0.03525247
-0.00743884
-0.01709971
0.01580239
-0.01434811
-0.03930859
0.00279667
0.08244581
-0.04069231
-0.02484783
-0.02973471
0.01452851
-0.03253254
0.04961975
0.00230298
0.02520264
0.00439961
-0.03653756
0.02506587
0.02588486
0.02918064
-0.01162189
0.00054014
0.00778128
-0.04251162
0.01776669
-0.01031979
0.00992849
0.06140837
0.04414487
-0.02896705
0.04168790
0.03274407
0.00897972
-0.01487039
0.00020025
0.03739585
0.03831271
-0.03303233
0.09015244
-0.03777039
0.01098713
0.02207032
0.05696359
0.03177897
0.02406801
0.02186267
0.03687306
-0.03766442
-0.04983989
0.02483900
0.07182533
0.02525593
0.02674149
-0.01498012
0.08875001
0.04343347
0.03565386
0.00336101
0.04410560
-0.02015202
0.05688381
-0.00824923
0.01460698
-0.01617558
0.02016933
0.00687277
0.05916328
0.00478161
0.02446027
-0.03124938
0.06916863
-0.02404246
-0.01971644
0.01999631
0.00610159
0.01599029
0.02162036
-0.02848051
0.01092333
0.04168013
0.04913285
0.01941110
0.02576084
0.01802610
-0.02176242
0.04978010
0.10884248
0.04068501
0.01300824
0.03143201
0.04437403
0.02491015
0.08940523
-0.05041791
0.04126381
0.00934966
0.01234130
0.01484162
0.08677268
0.05629159
0.06913871
0.04044669
0.09273255
-0.00440836
-0.04065247
0.04109276
-0.01213039
0.02235953
0.06526531
-0.02652688
-0.03486343
0.03505485
-0.03538200
0.01510273
0.03107969
-0.00956651
0.04058673
0.03002757
0.07214692
-0.00608630
0.04478430
-0.00722280
0.02555230
-0.05142953
0.08737616
0.02926380
-0.03778856
-0.04918611
-0.02067850
-0.03283438
0.01445357
-0.00964204
0.02686652
0.02706792
0.00505068
0.01373811
-0.03516240
-0.00623597
0.00118740
0.04112414
-0.05073904
-0.02133600
0.03097354
0.00641963
0.02033892
-0.04609713
-0.04300379
0.00028082
-0.04422573
0.03030135
-0.05826041
-0.05267479
-0.03685240
-0.03294037
-0.05172839
0.00974966
-0.08891367
0.03946142
0.03620395
0.01151347
-0.01232425
-0.03415317
-0.03531447
-0.02428511
0.02801112
0.00925889
-0.04010259
-0.03989145
0.00276477
-0.00732423
-0.04356991
-0.02352144
0.00475331
0.01860334
0.03469532
0.00409551
0.04559012
-0.00844456
-0.07209311
-0.00936549
0.02961498
0.00301939
-0.08822420
-0.00665695
0.01710635
0.03359206
0.00537025
0.01891080
-0.09048928
0.01752741
0.03397795
-0.04660904
0.02527306
0.00487473
-0.08388375
0.01878773
-0.01368600
-0.00165497
-0.03483396
-0.04806725
-0.00620742
0.03185153
-0.02879674
0.00531435
-0.01307572
-0.02693837
-0.03333794
0.00903663
0.03853008
0.04736208
-0.08398550
-0.01774750
-0.02642292
-0.03790151
-0.04420357
0.02877212
-0.00730896
0.02028688
-0.03885504
-0.05028560
-0.01757870
-0.04722656
-0.00019497
-0.04349934
0.02804410
0.00392359
0.00858909
-0.00759005
0.02346821
-0.05949243
-0.05896503
-0.04182536
0.04069032
-0.00293860
0.01917567
-0.04248954
-0.06482002
-0.04694945
0.00228976
0.01209967
0.04270617
0.00984744
-0.04261031
0.01912681
-0.03668953
0.00243026
-0.05291159
-0.04918282
0.03534688
0.03248857
-0.05460875
-0.02874367
-0.06000380
-0.02475598
-0.03150639
-0.00014267
-0.02371422
-0.03893097
-0.07336465
0.03969268
-0.06824657
0.02042235
-0.03590559
-0.00939689
-0.04816220
-0.02843109
-0.00717061
0.04354433
-0.03940416
-0.03416536
0.02529483
0.03991531
0.02630133
0.03208106
-0.06677856
-0.02062194
0.02562671
-0.02765428
-0.05943128
0.03018696
-0.00950223
0.02525064
0.02505837
0.04072268
-0.10480079
0.01692149
0.04630624
0.01812534
-0.01878081
-0.02300372
-0.07426138
-0.01719528
0.03680015
0.00645696
-0.01551438
-0.00092033
-0.00168054
-0.04526697
-0.02703528
0.02253397
-0.07810637
-0.03907448
0.02624479
0.03155060
0.00042376
0.01466917
-0.02662594
-0.04506698
-0.04841617
-0.05065760
-0.07889587
-0.01917977
0.02481631
0.00314533
-0.05660079
-0.02286649
-0.03447483
0.01858322
0.02835427
0.03234422
-0.03513864
0.00624089
-0.06755606
0.00627723
0.00013957
-0.02607690
-0.00452721
0.02175280
0.00014178
0.02943878
-0.01824988
0.03735158
0.02991157
0.01900117
0.04208235
-0.02128100
-0.02792350
-0.00119414
-0.00647143
-0.02841545
0.01374311
-0.02123964
0.12227119
-0.01337720
0.00660854
0.01381039
0.00183664
0.04860394
0.05201863
0.01188490
0.02089236
-0.04587734
-0.00573268
-0.00598851
-0.01079855
-0.00486815
0.03083361
0.02606393
0.08527885
0.01530412
-0.05313350
-0.01472573
-0.03211859
-0.00066386
0.06231008
0.03647760
-0.02468910
-0.00767968
0.00971686
0.02175049
0.09033214
-0.00251513
0.02922926
-0.02728687
0.05791223
0.02934800
-0.03458809
0.01908644
-0.02791991
0.00998686
0.02647995
0.02433606
-0.00542569
-0.04051436
0.03744243
-0.00397191
0.03578208
0.00897490
-0.03373197
0.05223056
0.06953312
0.04128109
0.03450523
-0.01450707
-0.02650309
0.02984588
0.00309189
0.02733649
0.02720181
0.00887072
0.04246191
0.02879874
0.05908898
-0.00446343
0.05984710
0.00048795
-0.01681155
0.04986744
-0.04029829
0.00774278
-0.00913984
0.02780512
0.04049104
-0.02810792
0.03717687
-0.01622830
0.02846516
-0.01142202
0.02506313
0.02778097
0.05788201
0.05407219
-0.01471201
-0.00007872
0.00731483
-0.02543956
-0.02129660
0.04609563
0.04670586
-0.03261907
0.04101788
-0.03987866
-0.00217029
-0.02695994
0.05962278
-0.01141483
0.03758499
-0.00425838
0.00745280
-0.03941301
-0.03151499
0.00425908
0.02254963
-0.00290277
0.09893940
-0.01767195
-0.01311579
-0.01654768
-0.00763999
-0.04222952
0.05082615
-0.02656524
-0.03552105
0.04393354
0.00713561
-0.01286728
-0.02450592
-0.02873188
0.00898087
-0.04633044
0.06659969
0.00573286
-0.01643454
-0.03587855
-0.02653125
-0.00604019
0.03010906
0.02417441
0.03894943
-0.00316756
0.00954354
0.05559208
0.02357388
0.00886235
0.02695556
0.03719191
0.07423405
0.00385496
-0.01164762
0.01905422
-0.02814627
-0.03531313
0.08227036
-0.03936604
-0.02046920
-0.00806680
-0.12111789
0.00913604
-0.02045977
0.02570896
-0.05031617
0.01458058
-0.06427956
0.04921280
-0.05191270
0.02942822
0.00312038
0.04955016
-0.00489287
-0.03104773
-0.03764098
0.01296367
-0.05070896
-0.02236205
-0.04248304
0.00285543
0.01936441
-0.03441107
-0.03196423
0.04129668
-0.01126514
-0.02876373
-0.00963767
0.03313536
-0.08322784
-0.02093389
-0.01625611
-0.00414807
-0.07730547
0.01024084
0.00115003
-0.02254472
-0.04839151
0.02914647
-0.00528936
0.01570176
-0.00238578
-0.03928970
0.03690981
0.02892436
-0.07032407
0.00658874
-0.00426541
-0.01006409
-0.08796834
-0.04068644
-0.04003828
-0.02792024
0.00996452
0.00918386
-0.03607774
0.04197993
0.03654997
0.01279162
-0.02271590
-0.04122004
-0.00131131
0.00408723
0.02160778
-0.03382289
0.02924702
-0.01645025
-0.03287601
-0.01989516
-0.02708293
-0.04655848
-0.04408851
0.03443040
0.00665438
0.02161603
-0.01887009
-0.04016708
0.02504529
-0.04307119
-0.01817132
0.01843186
-0.09760105
-0.03525811
0.04460087
0.04031029
0.02876828
0.03786991
-0.04925623
0.05015518
0.02391069
-0.04148470
-0.04748910
-0.00282138
-0.00917647
-0.04476175
0.00037183
-0.05023969
-0.07028275
0.03072617
0.04588115
0.02534701
0.03162832
-0.02903825
-0.07953123
-0.02525997
-0.00677864
0.03666368
-0.00654249
0.04335355
-0.03648678
-0.04478377
0.00327294
0.01229538
-0.11600034
-0.02658215
0.04972987
-0.01805669
-0.02699749
0.03799063
-0.10444447
-0.02047282
-0.04287434
-0.00745181
-0.00283628
-0.04241009
-0.02566342
-0.00464833
-0.01583470
0.03269048
-0.03415256
0.01359874
-0.04602201
-0.00194237
0.00555874
-0.03322712
-0.10904589
-0.04296058
0.00059310
-0.02422347
-0.01308259
-0.00653389
-0.07238068
0.03871984
-0.03239138
-0.02098900
-0.08209170
0.01446085
-0.01545884
-0.04214477
0.03125335
0.03217189
-0.03526980
0.01026128
0.01113478
-0.02475666
0.00386754
-0.01736352
0.00495670
0.01798810
-0.04026337
-0.03304350
-0.03285051
-0.01202791
0.02257869
0.01823571
0.01095825
-0.02723195
-0.03984400
-0.00626674
0.04299703
-0.01576138
0.04638922
-0.00965482
0.00612595
-0.00434931
-0.01523924
-0.04487600
-0.00359144
-0.05065694
0.04100123
-0.02640588
-0.04216291
0.02544574
-0.03868135
-0.04590563
0.02935831
-0.00463702
0.04475710
0.02154643
0.02884980
0.04159395
-0.02867697
0.01821058
-0.04145814
-0.01822688
0.02720040
-0.01202051
-0.04195654
-0.01731328
-0.06252997
0.02885258
-0.03489712
-0.03440527
-0.04469793
-0.03680285
0.02454105
-0.00998219
-0.01258923
-0.02978282
0.00148094
-0.01325437
0.00415885
-0.04073133
0.00503139
-0.00708421
0.01203431
0.01758567
-0.04744148
0.01249380
-0.05245787
-0.03839337
0.00345241
-0.05289600
0.01366371
0.00050257
-0.06240515
-0.00136195
-0.04591834
0.04537913
-0.01047077
-0.04854555
0.00451194
-0.04226016
-0.04939530
-0.00485401
-0.03826964
-0.04993256
0.01590155
0.03592282
0.00402283
-0.02079555
-0.00300867
0.03253351
0.01938620
0.03052082
-0.01389226
-0.04230624
-0.06356896
0.04632660
-0.03270762
0.02211075
0.03030033
-0.00266772
-0.06174770
0.03724401
-0.02494148
-0.01085950
-0.13135703
-0.03657933
-0.04180310
0.02223744
0.03116955
0.01533627
-0.11122125
-0.00962465
-0.01443795
0.01880216
0.02419927
-0.02920404
-0.10913343
-0.00113410
0.01968594
-0.00717435
-0.15062152
-0.02652265
0.02916030
-0.01273172
0.00294046
-0.01483550
-0.13858455
-0.03979240
-0.02203563
0.03784042
0.02193250
0.03130901
-0.12928508
0.03249699
0.01892307
0.00518381
-0.09373765
0.01216635
-0.00089479
-0.04137798
-0.01283654
-0.01886577
-0.04916078
0.02903517
0.01872486
-0.04589648
-0.03617496
-0.02187224
-0.06165122
0.00233139
-0.03057691
0.03561281
-0.00733388
-0.00805681
-0.00532477
-0.03661666
0.03026648
0.03712903
0.04106141
0.00694754
-0.00746879
0.01327354
0.01429929
-0.03207559
-0.04767499
0.00814333
-0.02759005
-0.02732552
-0.08410989
0.01629668
0.03831153
-0.01062771
-0.01328983
-0.00977861
-0.07469779
-0.00004083
-0.03735180
-0.01949477
-0.01988140
-0.03824172
-0.05468589
-0.00625319
-0.02734093
0.02276198
-0.08378533
-0.05447741
0.01548478
-0.02742835
-0.05983419
0.01547081
-0.11016114
-0.03103494
0.02828243
-0.03398219
0.04014224
-0.00483500
-0.05633804
-0.04811717
0.02281546
0.03619699
-0.02837088
0.03916759
-0.01310963
-0.03489259
0.02858101
0.00640862
-0.03467720
0.00882571
-0.01273404
0.04416390
-0.03365356
-0.01986154
-0.00918808
-0.01891919
-0.01793336
0.03970064
0.04991023
0.03203840
-0.03355726
-0.05114638
0.01676075
-0.04175945
0.02930966
0.02231723
0.00308312
0.01545087
0.01608901
-0.03494966
0.03925760
-0.02511071
0.05127680
0.02800899
0.01177191
-0.02315591
-0.02659054
-0.03746759
0.04608198
0.03156619
0.00627626
0.02779862
0.02385996
0.03674272
0.02493287
0.01991131
0.06488620
0.04998337
-0.05511840
-0.00806291
0.01009086
-0.04109549
-0.00541349
0.00236587
0.02617638
0.01240453
-0.04825900
-0.03808692
0.02912817
0.01968726
-0.01240145
-0.03910687
-0.00680295
0.03938934
-0.02515040
0.03541531
0.07074299
0.01474086
0.03285561
-0.01561947
0.03043584
0.04664615
-0.01027097
0.02227062
-0.01781795
0.02968805
0.03927891
-0.00633329
-0.03420500
-0.03549713
0.04694624
0.04607242
0.05266029
0.04184907
-0.02186754
-0.03208059
0.00019169
0.03014708
0.07762118
0.00835249
0.05440398
-0.01399018
-0.03290312
0.00528391
0.00973164
0.03263639
0.02298304
0.03231496
0.04951421
-0.00246428
0.00873521
0.05038797
0.04446905
-0.05517992
-0.01347882
0.00603943
0.03423178
-0.03955426
-0.03164908
-0.05516099
0.00375927
0.03630069
-0.02084600
0.01530160
-0.04367344
-0.03513781
-0.01165499
-0.02009136
0.03714458
-0.00322339
-0.05342458
-0.00592938
0.00255483
0.00865782
0.02036198
-0.03393816
0.02059729
0.04255840
0.02165810
0.01582499
0.08108427
0.03058626
-0.02235920
0.00322467
0.02287104
-0.03144387
0.00999302
0.01519846
0.01399292
0.00015092
0.00912367
-0.02255820
0.00646485
0.04344984
-0.01022321
0.05419140
0.02692175
-0.03033035
-0.04195841
0.03605934
0.00430565
-0.01679476
0.06566862
-0.02228646
-0.03367812
-0.00014136
0.00327827
0.04626046
-0.01288965
-0.02024403
0.03265869
0.05503219
0.01188402
0.04606679
-0.01969317
-0.02945785
-0.00134275
-0.02324577
0.05602636
0.04204067
-0.01744413
-0.00348337
-0.02411769
-0.03779664
0.07004502
0.01218925
0.01113835
-0.01755970
-0.08033132
-0.02263379
0.01193084
0.01396164
-0.02034732
0.03809902
-0.04921242
0.01489866
0.00997055
-0.03723450
0.04990786
-0.04104087
0.00133796
-0.00788334
0.00984163
0.03399417
-0.06741367
-0.00940135
-0.01035377
0.02809400
-0.04851258
0.01088823
-0.08820596
0.01282319
-0.04793095
-0.01316362
0.02986439
-0.00275333
-0.09206957
-0.01161386
0.00378371
-0.04321907
0.06400572
-0.02112960
0.02897624
0.03958410
-0.02442626
0.03327289
0.05374918
0.00833472
-0.04245404
0.00848555
0.04480983
-0.02567488
0.05010046
-0.03347524
0.05188069
0.00209728
-0.00778485
0.01582537
-0.02323332
-0.03074965
0.05146426
0.01054877
0.01057682
-0.04757385
-0.03813670
-0.03651700
-0.01265881
0.00850892
0.04713831
0.02519663
-0.03851355
0.04446754
0.02329791
0.01180830
-0.03715918
-0.01760759
0.01271977
-0.01303685
0.01160013
-0.03245767
0.02567055
-0.01774450
0.02219494
-0.00489860
-0.03663715
0.04643137
-0.02975595
0.04271363
-0.01447856
0.01891434
0.00142786
0.01196728
-0.02149649
-0.01569184
-0.01418170
-0.03554393
0.04074896
-0.00986726
-0.01683357
0.02557151
-0.00205361
0.02042572
-0.04077776
-0.03927265
-0.01243688
-0.01483202
-0.01164063
-0.03628179
0.01169045
-0.04585934
-0.05534048
-0.01354570
0.03142145
-0.01399548
-0.04882374
-0.02306276
-0.05553387
-0.01747124
0.02873572
-0.00874643
0.02861908
0.01357563
0.02924859
0.04883144
0.02527952
-0.03004442
-0.00824216
-0.01860658
-0.04436329
0.03780048
0.01830817
-0.05084157
0.02765031
-0.00594159
-0.00838775
0.02772680
-0.05094483
0.00302343
0.03361159
-0.03497085
0.00097504
-0.01948394
-0.01404023
0.00845652
-0.01400646
0.03499636
0.02407105
-0.00950057
-0.04760389
0.02436005
0.02080843
-0.00297632
-0.06337124
0.01999423
0.00162152
0.03180605
0.02192654
-0.04321713
-0.08879607
-0.00600239
0.02298129
0.00684702
-0.04460912
-0.01974990
-0.01680306
-0.03435590
0.04937055
0.02778799
0.03722306
0.03727275
-0.04961313
-0.00101706
-0.04522766
0.04258541
0.06113132
-0.03169791
-0.01374243
0.00642763
0.00044622
-0.01656375
0.01294803
-0.01771293
0.04613529
0.01079611
-0.02997017
-0.04421728
-0.02428965
0.00354824
0.01889642
-0.01369002
0.04342510
0.02009539
0.03587253
-0.01132600
-0.04701269
-0.02704162
0.05418621
0.02610732
-0.01329079
-0.02094945
-0.07165565
-0.04146120
-0.04828082
0.01127194
-0.00308529
-0.04010364
-0.02453237
0.00577370
-0.04763588
0.03903799
0.04733567
-0.04548450
-0.02004091
-0.04045728
-0.00583944
-0.05035933
-0.09705741
0.00295337
-0.03321984
0.00835821
-0.01708014
0.03388325
-0.02319039
-0.03197107
-0.00634099
-0.01288238
-0.01182737
-0.02582943
-0.00203996
0.03528197
0.00910141
-0.00528557
0.00346940
-0.00822428
-0.04307946
-0.05196370
0.02025146
0.00040627
-0.04825069
0.02943101
-0.02376936
-0.01185712
0.04152365
0.03562599
0.02326211
0.01943923
0.01919748
-0.02364654
-0.02657855
0.04171646
-0.02430912
-0.01514658
0.00396224
0.00638347
0.05415396
-0.04791420
0.04341817
-0.04722976
-0.03606340
-0.04116290
0.05673564
0.02428895
0.04506649
0.01723683
0.02530235
-0.02228908
-0.02380982
0.00734913
0.02950076
-0.01074188
0.05716516
0.00430986
-0.00408417
0.00558598
-0.03713693
-0.03490092
0.05620703
0.04558761
-0.04487010
0.02845326
-0.00693470
-0.00173262
-0.03781581
-0.00727346
-0.02598562
-0.03403883
-0.06144130
-0.02225603
-0.04029145
0.02020328
-0.03369242
-0.01448395
-0.07005571
0.00505168
-0.04783033
-0.02588173
0.00364552
-0.02043774
0.01744678
-0.03350712
-0.03320553
0.04248917
-0.05360435
-0.00890602
0.00094455
-0.04529813
-0.01779086
-0.03511024
-0.01084453
-0.04627947
0.04338644
-0.00938174
-0.02937961
0.00056329
0.00990709
-0.03056259
-0.00504632
0.02069278
0.05230160
0.01364651
0.00722581
0.03039709
0.00701896
0.03074566
0.01413962
-0.01108331
0.03582408
0.00407507
0.02691714
0.00253605
0.00114422
-0.00706775
-0.01156893
0.00051148
-0.01137081
-0.01175731
0.02732360
-0.01355275
-0.01974196
-0.01025248
0.02059269
0.00554179
0.00447052
0.01784716
-0.10769463
-0.02262514
0.02680125
0.01494575
-0.00659515
-0.02444459
-0.09285736
0.02594970
0.00061866
-0.01802234
0.00548618
0.03327416
-0.02579537
-0.03065778
-0.02740533
-0.03578311
0.07390415
0.03355697
-0.01063403
-0.02987308
0.05083243
-0.02068938
-0.02358165
0.01132759
-0.00708230
-0.02113189
-0.03448581
0.01787204
-0.02770009
-0.05360962
0.03673256
0.00569517
0.02270683
0.00238899
0.04745001
0.02646726
-0.01958999
-0.00504691
-0.01069729
-0.04478882
-0.00462901
0.01687366
-0.04837181
0.01476019
-0.00524553
-0.03258437
0.01587834
0.00658271
0.00316419
0.03550178
-0.04094720
0.02284982
-0.01321077
0.00813994
0.04410113
0.02783967
-0.01285902
-0.04259499
-0.00130548
-0.03214052
0.02856784
-0.02623290
-0.00476384
0.00133123
-0.04486524
0.03639591
0.00820157
0.04539803
-0.02746492
0.02220863
0.02692298
-0.02575797
0.04601243
0.02405214
0.02752251
0.01066836
0.02760049
0.03065396
-0.02213595
-0.05851665
-0.07007384
-0.00678264
-0.03310402
0.04169614
-0.01341545
-0.01463419
-0.03117922
0.02665460
-0.04724782
0.02635044
0.03318378
-0.03413339
-0.02607726
0.01637920
-0.03723237
0.02311396
0.06095887
-0.00414135
0.00773883
0.04696926
0.00621219
0.01468600
0.02260959
0.00443047
-0.00209781
0.01393943
-0.02717052
-0.04617842
-0.01361082
-0.03117682
-0.02466686
-0.02802292
-0.01381031
-0.04088243
-0.04397149
0.02764787
-0.01208255
-0.00926194
0.02382115
-0.04192776
-0.03058909
-0.02770526
0.02014282
-0.02190848
0.04948446
-0.02491559
0.00167090
-0.02950877
-0.08928563
-0.03590588
0.00488875
0.01855464
-0.04201543
-0.00547669
-0.07164960
-0.01094146
-0.00187274
0.00182216
-0.03907246
0.02461582
-0.04332099
0.04690241
-0.05877661
0.00455255
-0.07565244
-0.03088837
0.04599528
0.01363983
0.02937666
0.00039448
-0.12068801
0.01321160
-0.01795310
0.02572382
-0.04559260
0.03887375
-0.07472803
0.04734116
0.01191399
-0.06583338
-0.12915368
-0.05531265
-0.02412866
-0.00287616
-0.01027146
-0.03848118
-0.05563098
0.03177285
-0.03216392
-0.03694457
-0.00066519
0.00722261
-0.11134309
0.00629873
0.02557735
0.03246102
-0.09233068
-0.02099778
0.02077311
0.03902138
-0.04222316
0.04143135
-0.06230417
0.00347630
-0.03940422
0.01622484
0.00429105
-0.04751777
-0.02413420
-0.03525193
0.01181041
0.02284027
-0.05545262
0.01203536
0.03182543
0.04189735
-0.00129906
0.02162202
0.02724963
-0.04238308
0.02249341
0.01449578
-0.00713102
-0.00730932
-0.04716869
-0.00193279
-0.04308934
0.04549544
0.09067294
-0.04349196
0.04182354
0.04786118
0.01923337
-0.03546444
0.07127326
-0.03086996
-0.03351678
0.04474352
-0.03521309
0.04890622
0.06766571
0.04525321
0.02239883
0.03829707
0.01729381
-0.02580395
-0.04210585
-0.01318275
0.01403100
0.02626481
-0.00443984
0.00074655
-0.03860113
-0.03251401
-0.01957305
-0.01026655
0.01101200
-0.03803637
0.01605657
0.03981631
-0.08472211
0.03847568
0.01817660
-0.03514295
-0.01812563
-0.03692091
-0.08104411
0.04583440
-0.04360166
-0.01099200
0.04962369
0.03804749
-0.01979630
0.02663106
0.01862152
-0.05707742
-0.05201174
0.02610662
0.02359392
0.02741974
-0.02964947
0.03912431
-0.05884698
0.00077825
0.01504509
-0.02612774
0.01530734
0.03491161
-0.06525833
0.03390083
-0.01316984
-0.02203318
0.00883433
-0.03002012
-0.01847367
-0.02470263
-0.02046224
-0.00448006
0.03805556
0.00343628
0.02514442
-0.04723594
0.01693712
0.04351376
0.00423071
-0.00814075
-0.03227809
-0.03053535
0.08785408
-0.02505901
0.01204935
-0.01987885
-0.01252564
0.03945341
0.06376429
0.01504045
0.04246509
0.02481333
0.02698348
-0.03523486
0.03945547
0.03942515
-0.03947355
0.04599693
-0.00434186
0.01129018
-0.04899720
-0.03363888
-0.00346218
0.00829977
0.05040754
-0.03843569
0.03709818
0.03090050
0.00142988
-0.00213235
-0.00694173
0.02366614
-0.03323345
0.04509024
0.01107244
0.01397595
0.04614465
-0.03500398
-0.02949434
-0.00892515
-0.06752070
-0.04014291
0.02447593
-0.02895117
0.01668281
0.03567925
-0.03294960
-0.01215983
0.02306893
-0.00981914
-0.02471989
0.03215611
-0.02581713
-0.05365168
-0.01862424
-0.03854967
-0.06061784
-0.01230148
-0.00816604
-0.00057217
-0.01404529
-0.04010426
-0.06237171
-0.00430394
-0.01355942
-0.01848436
0.06863352
-0.01162082
0.02667795
0.02903128
-0.00038686
0.03524076
0.05486918
-0.01061429
0.04782947
-0.01868574
-0.01899307
-0.04003010
0.07991412
-0.03130601
-0.02870662
0.03235118
0.03788131
0.00860378
0.00537446
-0.00312703
-0.02691927
-0.02666933
0.00443331
0.01801157
-0.01953862
0.03071335
-0.00968648
0.00288735
-0.02666066
0.00801299
-0.01099817
-0.02629272
-0.04050897
-0.00981808
0.04730262
0.02085350
-0.03838676
0.01392258
-0.03648141
0.00135357
-0.04190864
0.01806349
-0.04522114
-0.02502773
0.00412568
0.00253213
0.04443385
0.01536132
0.03258064
-0.01359353
-0.04912160
0.02670408
-0.04192764
-0.03756401
-0.03400232
-0.04866488
-0.01828881
-0.00323611
0.04690278
-0.03049998
-0.05285859
-0.03126172
0.01441954
-0.03227622
-0.00894160
-0.03391384
-0.03790902
-0.04412647
0.02523394
0.00931716
-0.05098559
0.00461036
0.04588667
-0.03595346
0.03107763
-0.00702343
-0.05428810
0.03923981
0.04965836
-0.04701339
0.06140663
-0.03086605
-0.01938871
-0.00262575
-0.01855063
0.00614676
0.05532051
0.03144807
0.03389347
0.03560856
0.00531089
0.00713760
-0.00517934
-0.04824360
0.01891766
0.00666352
-0.01702518
-0.01387426
-0.04127996
0.05150906
-0.01712167
-0.04726104
-0.03347022
-0.03356521
-0.00582617
-0.00289019
-0.00465650
0.01889533
-0.00130116
0.04660793
-0.03130302
0.02402032
-0.07312298
0.02032906
0.04698610
-0.02780552
0.02278800
0.03639134
-0.01290973
0.02078043
0.02967696
0.04438619
-0.02015069
-0.01411781
-0.04349494
0.01330061
-0.03993494
-0.05184351
-0.05732081
0.04333552
0.00548432
-0.01191705
-0.04719701
0.00324701
-0.06418362
0.00518903
-0.02075987
-0.02296102
0.03977551
0.03726801
-0.05810528
-0.02661710
-0.03963602
0.02412190
-0.03234252
0.03914218
0.04819977
0.04174290
0.02021364
-0.00382356
0.03740932
0.04911121
-0.02042218
-0.01407960
-0.04435046
-0.00644808
-0.00698962
-0.05062132
-0.01918617
0.00926107
0.03360869
-0.03436797
-0.01460153
-0.01900934
0.02345369
0.03096784
-0.04655542
-0.02672407
-0.04509300
0.02057667
-0.00861206
-0.02002975
-0.02815799
-0.04817624
0.01549165
0.00970263
-0.02006124
0.01430694
0.03569157
0.00217597
0.02804487
-0.04862668
-0.06843352
0.02025596
0.03733388
-0.03843717
-0.02239028
-0.00394755
0.00415943
0.04821873
0.00248644
0.04020580
0.00389824
0.02962010
0.01181330
0.01278049
0.01864859
0.03233483
0.01729810
0.02778416
0.04139908
-0.01449863
-0.01099136
0.02729745
0.01669364
-0.00764472
-0.04347892
0.02803527
-0.05976902
-0.03749610
-0.02089004
-0.00340918
0.01535013
-0.03798528
-0.00623629
-0.00515346
-0.00803240
-0.03886046
-0.02120739
0.04456763
0.01428204
-0.00576085
-0.01138200
0.05227371
0.07038191
0.01873386
0.00992307
0.01064688
-0.03279560
-0.01193132
0.04002501
-0.03243616
0.01685311
0.05188022
0.02344731
0.01029208
0.09086033
0.00557008
0.04224132
-0.03244142
0.02607734
-0.02180949
-0.02294582
0.02581337
-0.03475261
0.03716807
-0.00983135
0.03100451
0.02037850
0.02719004
0.02897339
-0.01320794
0.01261810
0.03273327
0.00993140
-0.03023410
-0.06290763
-0.03424405
0.00653692
0.04414847
-0.00941900
-0.04760845
-0.04552744
0.03605953
0.03483231
-0.01542845
-0.00732288
0.00250445
-0.01934518
-0.04808294
-0.03359278
-0.02567966
-0.05243959
0.03409836
-0.01028953
-0.04090451
-0.03522788
0.03892923
-0.05028561
-0.01330698
-0.04621137
-0.04208104
-0.01481592
0.02288714
-0.04358633
0.03128982
-0.00053536
0.02815288
0.10015937
-0.01469955
-0.03951086
0.01164768
0.00365913
-0.04545432
0.07391070
-0.01957928
-0.01000653
-0.02901226
-0.00101274
0.03422018
0.08293718
0.01135593
0.05033436
-0.02274662
-0.02965263
-0.04559573
0.03566127
0.00856509
0.03288830
-0.04456903
0.04145874
-0.00306815
-0.03027457
-0.01042322
0.00832982
-0.02782991
-0.01692463
0.02520192
-0.02149512
-0.02493727
-0.09430705
-0.05743404
-0.03227230
0.04013539
0.02838910
-0.02283300
-0.08898525
0.02679796
-0.02482871
-0.01503674
-0.02582070
0.04590895
-0.02223626
0.03101011
-0.02003823
-0.05676534
-0.15887778
-0.05395732
-0.04000102
-0.00335458
-0.01156039
-0.04727782
-0.12917466
-0.01154479
0.02574086
-0.05115709
-0.00013946
-0.00898229
-0.07554372
-0.03513609
0.01783306
-0.04355054
-0.03591954
0.03309574
0.02703991
-0.02912431
0.00291479
0.00912304
0.00647560
0.03434071
-0.00328289
-0.04761945
-0.05040410
0.05251896
-0.00447981
-0.05149595
0.02534729
0.00626450
0.13847061
0.01774585
0.03955533
0.03305618
0.00138018
0.03403850
0.15978590
0.00414302
-0.01268773
0.02504265
0.00597342
0.02870503
0.06989446
0.04665673
0.02399411
0.02731240
0.00158106
0.00373512
-0.03221676
0.04320882
0.00652001
-0.02369507
-0.04194595
-0.03123316
0.00818125
-0.03516981
-0.01029451
-0.00040325
0.04122423
0.00069516
-0.04948843
-0.04593292
-0.11881480
0.00709835
0.01954322
0.02216757
-0.00632427
-0.00499850
-0.10991043
-0.04404345
-0.01647376
-0.00381782
0.03846882
0.01859173
-0.08359539
0.02865558
0.01741115
-0.00049411
-0.05705605
-0.02410674
0.00042899
-0.00005959
0.02763029
-0.02064472
-0.07962019
-0.05068601
-0.00308615
-0.03818027
-0.02911217
0.00549981
-0.03696390
-0.02768535
-0.01534321
-0.03428236
0.10663047
-0.02821243
0.03767477
-0.03600708
-0.03757291
0.00090454
0.11159764
0.01690276
0.00679609
0.01054865
0.02631687
0.01531413
0.07657847
0.00885971
0.04257467
0.01865523
0.02530209
-0.04732079
-0.05033538
-0.01076646
0.04077211
-0.01703244
0.09817269
0.01291671
0.02021592
0.05618240
-0.01234007
0.00459349
0.09466732
0.04799291
0.03094665
0.04244498
-0.05883324
0.00892102
0.01517831
-0.02850243
0.04797672
0.02630201
0.01062611
0.02652586
-0.04948070
0.04174815
0.04478717
-0.01841143
-0.02629297
0.04852660
0.01610712
0.00196665
-0.04648454
-0.01626261
0.02165302
-0.04916989
-0.02999049
0.01817800
-0.12363394
-0.03634997
0.02832660
0.00054309
0.00907038
-0.04160660
-0.02282536
0.01480446
0.03727679
0.04459497
0.00262418
0.05835852
0.02461470
-0.03595435
-0.01202994
0.04972439
0.05148442
-0.02765765
0.01431200
0.03705053
-0.02411849
-0.01666470
-0.02866791
0.01510170
0.04547234
0.02690826
0.09496739
-0.02179819
-0.02581491
0.04124558
-0.00448341
0.00361996
0.06871733
-0.02944172
0.03754700
-0.01812333
-0.04818614
0.04556959
0.06501618
-0.04678677
-0.03706524
-0.01024066
-0.01059686
-0.02133508
-0.05037735
-0.01657639
0.00281779
-0.04056526
-0.08545644
-0.04513245
0.02801602
0.03874442
-0.04439562
0.00243182
-0.00829583
-0.02780893
-0.02278154
0.00328934
0.00908730
0.02401942
-0.01752444
-0.01892705
0.00488277
-0.02702380
-0.04514874
-0.02381342
-0.00042945
0.01643618
-0.00987325
0.01579329
0.00547938
-0.04599295
0.00051752
0.04537783
-0.04374582
-0.03153934
-0.01604494
-0.03086341
0.00806303
-0.02663657
-0.04581064
-0.01533320
-0.01299927
0.04823315
0.00019973
0.01984928
0.00070032
0.01842756
-0.04312863
0.01288695
0.09549408
0.01261943
-0.01423128
-0.00478812
-0.00728384
0.03273128
0.04545675
-0.00495525
-0.02854386
0.00574668
-0.00116325
0.00650976
0.00031375
0.02449124
0.00919432
0.04396554
0.03422692
0.03140504
0.03112679
-0.04306228
0.02327499
-0.04730814
0.04436795
0.00687695
0.01503878
0.00082931
0.00671755
-0.00978984
0.03559075
0.01091560
0.00334019
-0.02352004
-0.16454415
0.01084779
0.03383318
0.00322647
-0.03630126
-0.02101013
-0.11855194
0.00617611
-0.02882039
-0.01272538
-0.04409793
-0.04263358
-0.08143480
0.00306952
-0.01693979
-0.00550464
0.03364456
0.01670051
-0.04535893
0.03067146
-0.03955014
0.03915112
-0.04998076
-0.03937650
0.00182909
-0.01682024
-0.04350942
-0.00474703
-0.02807181
0.02195587
0.00903458
-0.01749699
0.00029350
0.01880852
-0.04655834
-0.04555132
-0.00558376
-0.01968565
-0.03861457
0.04521718
-0.02344729
-0.02016998
-0.02881357
-0.02285088
0.02800085
0.03530341
-0.03258303
0.03201944
0.00257654
-0.03167386
0.01195195
-0.00399409
-0.04291262
0.02771410
0.02709273
-0.01502803
-0.03533600
-0.01163084
-0.04501868
-0.00053360
-0.02477462
-0.01439304
-0.02521820
-0.00029089
-0.01274728
0.02682522
-0.02904216
0.04845176
-0.03659282
-0.00553215
-0.04595898
0.03091573
0.04385610
-0.01199779
0.00161376
0.02709889
0.01350368
0.01064438
0.00636174
-0.02689938
0.00919716
0.04345389
0.01681298
0.01208409
0.02491779
-0.04202803
-0.00355382
0.02997580
-0.01778769
-0.02570534
-0.00978664
0.01391021
-0.02718137
0.01385580
-0.03653997
0.03797190
0.02171496
-0.00037639
0.02197187
0.00161248
0.00521207
-0.02420658
0.04815191
-0.02192012
-0.04148979
-0.04250814
0.00851626
-0.03918811
-0.03939709
-0.02499558
-0.02500347
-0.02257281
-0.03747313
0.04622267
-0.05008971
-0.01108834
0.01728212
-0.02408837
0.02383579
-0.04951431
-0.02858486
0.00883755
-0.01683140
-0.03871647
0.02495432
0.03927663
0.02799467
0.00652986
0.03971742
-0.02871071
0.04851877
0.00378147
-0.02359552
-0.01769639
0.01376090
-0.03542454
-0.00017344
0.04772188
-0.00096691
-0.03412179
-0.00670684
0.03674407
0.00850141
0.02143991
0.01914512
0.01182230
0.02130421
0.04438768
0.02181813
0.03514406
0.01542120
0.04217321
-0.03285985
-0.01472415
0.01159654
-0.03798308
-0.04971547
-0.01452188
0.03676832
0.04431351
0.03422655
0.00612006
0.01044444
0.01762548
0.01073603
0.01199684
-0.05196022
0.04631636
0.03516822
0.02317861
0.02369484
0.01796544
0.00114446
-0.01199650
-0.00754323
-0.02828634
-0.03950071
-0.00492677
0.02015558
-0.01271711
0.00961906
-0.00217364
-0.03010141
0.04016768
-0.04456607
0.01912887
0.01636827
-0.03767449
0.03263133
0.03873807
-0.04776267
-0.03631227
0.01464700
-0.03559625
-0.01451127
0.03823786
-0.04869601
0.00754270
-0.01415403
-0.03251503
0.00125292
-0.03572491
-0.04790305
-0.03448410
0.00994359
-0.02888619
0.04848383
-0.00661054
-0.02296100
0.01627909
-0.04891285
0.02988091
-0.03677510
-0.03215364
-0.02168433
0.00758406
0.03980785
0.03435070
-0.00004533
-0.03817742
0.02387182
0.04522356
-0.03458795
-0.03310064
-0.01187090
-0.00822401
0.03579074
0.01816196
-0.04921405
0.03342263
-0.02569401
-0.03634208
0.00787208
0.02313575
0.00101799
-0.04721751
0.02792801
0.02099552
-0.04846923
0.04040788
-0.03740474
0.04964650
0.01431304
0.04891104
-0.04487102
0.02445643
-0.01213456
0.01467899
-0.02099943
-0.03968757
0.01517972
-0.02472444
-0.03835810
0.01290584
0.00040412
0.02108960
0.02529538
-0.03393237
-0.00768858
-0.01477657
-0.04951566
-0.04902796
-0.00480376
-0.00102490
-0.00710460
-0.05001181
-0.00896112
0.02335315
0.01271517
-0.02203835
-0.03193566
0.00774943
0.04514711
0.01743392
0.02083932
-0.03190741
-0.01789909
0.03665981
-0.00493137
-0.01443183
-0.00188307
-0.04922663
-0.00299749
-0.00220578
-0.02184011
0.03844788
-0.01475836
-0.02642572
-0.01600205
0.01393991
0.00656225
0.04261472
0.04421086
-0.00462325
-0.00712054
-0.03785205
0.02319613
0.01210390
-0.00728132
-0.04669495
-0.01326624
-0.01253573
-0.04684385
0.00860885
0.02060089
-0.04075401
-0.05007454
-0.03602114
0.02449249
-0.04268636
0.03507793
0.00340384
-0.04174880
-0.00850494
-0.02436031
-0.03597211
0.00026391
-0.00794576
0.02014781
0.00251221
-0.00765710
-0.02668262
0.02798991
-0.03295416
0.00603364
-0.00272342
0.01938600
-0.04637196
0.00336579
0.04900672
0.04237562
-0.04150994
0.00844142
0.00234833
0.03358619
0.02906124
-0.01756219
0.04215345
0.00929682
-0.02361147
-0.01117210
-0.02294655
-0.03274189
-0.02858423
0.03688005
0.00592170
-0.03890995
0.03045103
0.03380204
-0.02909614
0.02979308
-0.03378380
-0.04144971
-0.01041923
0.03795595
0.01808918
-0.02228197
-0.01574017
-0.01246819
-0.00441026
0.02428178
0.02059311
0.02500808
0.01806527
0.03050711
0.03791113
-0.00811849
0.02994215
-0.02149338
-0.01109225
-0.03068084
0.01956508
0.01148389
-0.03445845
-0.00964860
-0.02689543
0.00419758
0.04359645
-0.04605831
0.04530095
0.00734885
0.01645999
0.04641953
-0.03166309
-0.03121009
0.04561825
-0.03307984
0.04717870
0.03908563
0.03290688
0.01293591
-0.03943463
-0.04669971
-0.02060398
0.04357617
-0.00991391
0.00819656
-0.02356417
0.01729467
-0.03833625
0.00842263
-0.03843601
-0.02224226
0.01900597
-0.01075109
-0.00537897
-0.01947241
0.01785670
-0.03460600
-0.00565762
-0.00665623
0.04130337
-0.02838816
0.02949220
0.00356717
-0.01661336
-0.12164181
-0.04677616
0.00079698
0.02878423
-0.04929734
-0.00250991
-0.09197921
-0.01666957
0.00529841
-0.01650190
-0.00658483
-0.03041177
-0.08473881
-0.03081595
-0.05001440
0.02251249
-0.10648334
-0.02146835
-0.01997969
-0.04277981
-0.05051370
0.03713351
-0.03772358
-0.04326363
-0.01352589
-0.02998688
0.04320551
-0.04396988
-0.04947139
0.03757693
-0.02926750
0.04498613
0.03589759
0.01897178
-0.01888136
0.01777652
-0.01120750
-0.04181566
-0.01191311
-0.02058320
0.02042866
0.02384228
0.03871653
0.03353316
0.03875285
-0.02911885
0.02929792
-0.03266588
0.05993249
0.00165749
0.01615298
0.01266706
0.04576992
0.04125442
0.06418822
0.00723125
-0.02937805
-0.00245534
0.01186271
0.00409905
0.05190172
-0.02807425
0.02624292
0.02213161
0.02162166
-0.02276745
0.00005774
0.01905585
0.03023964
-0.03323653
0.04822517
-0.02449534
-0.02795857
-0.03438462
0.01968474
0.00017209
-0.00062448
0.01007124
-0.00819383
0.03666893
-0.01536547
-0.01714102
-0.00400163
-0.04206114
-0.02725212
-0.02914010
-0.04499873
0.02871534
0.04745030
-0.03360128
-0.01843718
0.00728912
-0.09415834
0.03065048
-0.01771669
0.04129401
0.01481508
-0.04492909
0.00863685
-0.02231339
-0.04835859
0.00804168
0.01870754
-0.02831548
-0.01163803
-0.02059080
0.01522872
-0.01841660
0.05159951
-0.02029224
0.00555413
-0.03201502
0.02779330
-0.00032328
-0.02923475
-0.01424706
0.01197013
0.00087867
0.06547216
0.02465058
-0.02656346
-0.00759239
0.03359322
-0.04676589
-0.00501674
0.02055005
-0.04291211
0.02038693
0.04494438
-0.00737416
-0.01219897
0.01990288
0.02223793
-0.04788234
0.01174455
0.00024193
-0.00372111
-0.04504822
0.01849098
-0.04158115
-0.01209165
-0.01596343
-0.02121668
-0.03344223
-0.04841212
-0.04846878
0.02896750
-0.02935756
-0.00932225
0.00539535
-0.03388581
-0.01285121
0.00939581
0.01903338
-0.02927405
0.01074824
-0.04886286
-0.02383353
-0.01712196
0.03999375
0.02622282
-0.01035411
0.00253046
0.00906394
-0.00961373
-0.01037093
-0.02369534
0.04732617
-0.01975967
-0.01925155
0.02672187
-0.04044354
0.03181442
0.01615796
0.04376619
0.03740355
0.00153080
0.04346218
0.00243407
-0.02724736
-0.01389873
-0.01578600
0.04414628
-0.02944494
0.01109423
-0.00426787
-0.02012637
-0.02567625
-0.01832202
-0.01758908
-0.01583896
0.05419149
0.02683113
0.00804055
-0.03885296
0.02420526
-0.01178514
-0.02610817
-0.00130188
-0.02348670
-0.04182204
0.04604802
0.00714152
-0.00417969
0.07143166
0.05108727
-0.02180853
-0.05030547
-0.04890528
0.02305117
-0.04264995
0.00624520
0.03967270
0.02564964
-0.06383015
0.03973665
0.01484337
0.01376731
-0.03396779
0.02517678
-0.03932539
-0.03036804
0.00770390
-0.02636485
-0.04358786
0.01885285
0.02329094
0.03671509
-0.01920882
-0.01910197
-0.08621131
-0.03385134
0.00031234
-0.00346270
0.02484770
-0.03159685
-0.08645547
-0.00822869
-0.04661867
-0.00597058
-0.00281895
0.00042105
0.01095079
-0.01136034
0.04373157
0.01444343
0.00203256
0.00042285
-0.02717395
0.00407936
-0.01696709
-0.01739560
-0.04525747
-0.03015225
0.01985177
0.04850134
0.01627602
0.01155931
-0.03758394
0.03863065
0.00636517
0.03752063
0.03409566
0.00442557
0.02866953
0.02312054
0.00995921
0.02112654
0.00306295
-0.03813842
0.04371082
-0.00523603
-0.03161608
0.00039648
-0.03701123
0.03824674
-0.02141550
0.03089103
-0.03680356
0.02899290
-0.01985721
0.04530258
0.04132537
0.03767848
0.04077470
-0.04475032
-0.03289694
-0.04315278
-0.01833142
0.00203842
0.00242833
0.04511341
0.02362693
-0.01539989
-0.00934414
0.00728666
-0.02150811
-0.00567462
-0.04612499
-0.00128555
-0.08500536
-0.03451280
0.02044418
-0.03906602
-0.03171799
-0.02998869
-0.04764654
0.03615186
0.03583957
0.00002249
-0.04406983
0.01460771
-0.00586665
0.03240537
0.04278511
-0.00012092
-0.00487281
-0.01466169
-0.04205781
0.00093647
-0.05984684
-0.02379626
-0.00892588
-0.02078315
-0.02794767
-0.02228665
-0.00879228
-0.02686971
-0.01005614
-0.03321024
0.00631144
0.01403447
0.00487283
0.03576093
0.01111316
0.03184900
0.01939512
0.04686441
0.01551852
-0.04041472
0.03656100
0.04771833
0.01085816
-0.03236214
0.03429870
0.01853490
0.00762778
-0.04243209
-0.03310743
0.00027282
0.03759918
0.00606436
0.01591775
-0.04314782
0.02271727
0.02226965
0.01381580
-0.04690762
-0.01212046
-0.03592606
0.01742685
0.00556141
0.00086353
0.02108128
-0.01420710
-0.04726623
-0.03791780
-0.04974496
-0.02969485
-0.03973380
0.01822680
-0.03115734
-0.00039760
-0.02309372
-0.05310815
-0.04127090
-0.04097603
0.01069027
0.03120810
-0.04986511
-0.02357772
0.02071339
0.01131823
0.01117895
0.00957468
-0.02268230
0.01027255
-0.00032203
0.02801418
-0.01354502
-0.02895376
0.00181917
0.04384041
-0.00824836
0.04184790
-0.01088669
-0.04623704
0.02623336
