shape=[128, 256]
-0.02386602
-0.01435776
-0.02241331
0.00827180
-0.01356519
0.00698196
0.04096555
-0.01848626
-0.03064439
0.01926194
0.00748300
-0.02182971
-0.03285665
-0.03815230
-0.03030930
0.02387123
-0.01680295
-0.04900426
-0.02576335
-0.00263282
0.02829302
0.03108529
0.03412111
-0.04141288
-0.02876658
0.02898198
0.00733039
0.01648029
-0.01175724
-0.00992503
0.02002798
0.03003175
-0.00591195
0.00624069
-0.00986990
0.02090471
-0.02585667
-0.00379096
0.02940427
0.04835980
0.04142691
0.02755047
-0.03406528
0.00458168
-0.00473419
0.02646978
0.03734272
-0.03776883
0.02973067
-0.05867042
0.01377140
0.03903535
-0.01228683
0.01107759
-0.05235228
-0.02001235
0.00013710
-0.01203458
0.02561221
0.02764323
-0.00962715
0.04175775
0.03323859
0.00495154
-0.02076841
-0.04075626
0.03193752
-0.02425105
0.01916976
0.00967545
-0.01292166
0.04653989
-0.04765629
-0.00670836
-0.02107187
0.01188897
-0.02216030
0.02620431
0.03033236
0.01553764
-0.03472388
0.02265342
-0.02177308
-0.01423197
0.02354513
0.03645455
-0.01413938
0.03878428
0.00493660
0.03280464
0.01902123
-0.03696324
-0.01600786
0.01752414
-0.01208979
-0.01968685
0.03990394
0.02759166
-0.02597942
0.00074291
0.00289943
-0.03590683
-0.04041169
-0.03855328
0.04570634
-0.01763433
0.02540863
0.04039230
-0.00273494
-0.01374778
-0.01817699
-0.03904522
-0.02424734
-0.01581698
-0.01711948
-0.03008137
-0.01692057
-0.00019678
-0.03626074
0.03073858
0.04161974
0.00985444
0.01914899
0.01998350
0.03449424
0.03578203
0.03188243
0.02099391
-0.01876356
0.04353627
0.01853510
0.02973129
-0.04203173
-0.04415836
-0.00277176
0.00769079
0.01918591
-0.00812291
-0.04046931
0.00228096
0.02258221
0.00572238
-0.01426819
0.03089398
-0.00220268
0.04309388
0.01283610
0.00269116
0.02081967
-0.03672615
-0.02107614
0.01284929
0.00764582
0.05512797
0.01076318
0.03976341
0.02509253
-0.04391250
-0.04686487
-0.00496815
0.02012130
-0.00088257
-0.04798451
0.00005321
0.01149639
-0.03531879
-0.03176821
-0.04332235
-0.02448147
-0.02838151
-0.00862900
0.00645755
0.04911879
-0.00461183
0.04017532
0.00500186
-0.00793297
-0.02534084
-0.00267367
-0.04266546
-0.04479144
0.00973068
-0.00951091
-0.01340513
-0.01455157
-0.00946075
-0.02341471
-0.01127269
-0.04394934
0.00839206
-0.05375640
0.03679296
0.01828662
-0.03957599
-0.00343479
-0.01086565
-0.03783347
0.01313943
0.04787557
-0.04726922
-0.03050266
-0.04136598
0.00022386
-0.02118270
0.00534193
0.01418731
0.00503822
-0.04515019
-0.01497127
-0.05104361
-0.02265928
-0.00855833
0.04441893
-0.02284796
0.03796307
-0.01286982
0.04540509
0.00416336
0.00549579
-0.01224981
-0.04368894
0.03776199
0.05310546
0.02162245
0.03649278
-0.02988851
-0.03451201
-0.01698351
0.01201084
-0.01427322
0.02593386
-0.03897008
0.00247715
-0.00298828
0.00238766
0.04319289
-0.04097158
0.03786407
-0.00812399
0.02521799
-0.03118504
-0.01835169
-0.00470316
0.00788109
-0.04467150
0.00699066
-0.04812681
0.01614611
0.02903315
0.03940569
0.04527765
0.02714868
0.01446531
-0.02891830
0.01624654
-0.02272161
-0.02793038
0.04123081
0.04024709
-0.03168157
-0.00994484
-0.03635838
0.03864922
-0.02797609
0.00138504
-0.01783825
-0.00547059
-0.01763860
0.00317119
-0.02713014
0.00063235
-0.01960231
0.01772333
0.05499772
-0.01766131
0.00466136
0.04355962
-0.04430598
-0.01902244
-0.01080849
0.02669865
-0.00504737
-0.03290480
-0.00062805
-0.04061743
-0.01256169
-0.01533226
0.02895546
0.01560949
0.00647539
-0.04370259
-0.01694511
-0.02101435
0.00455462
-0.02065496
-0.04454032
-0.02695798
-0.03214913
-0.02761987
0.04198019
0.00118269
0.05167621
0.00244639
0.02123633
-0.04506976
0.03759047
-0.01632865
0.04083969
0.04284782
0.02152011
0.00398420
-0.02444399
-0.03139667
0.02994812
-0.04083550
-0.01871555
-0.02750786
0.00086947
-0.04022050
-0.02059206
0.01526552
-0.05249570
-0.00197010
-0.04094677
-0.02186767
0.03843062
0.02206836
-0.02923335
-0.01972284
-0.00441931
-0.01923425
0.05434463
-0.04396070
-0.02690810
-0.02700471
0.03370943
-0.00718667
0.04820246
-0.02542192
0.02921405
0.01237044
0.01138088
-0.00334986
0.01200159
-0.04501036
-0.03395138
-0.04884238
-0.01021297
0.01800813
-0.02180226
0.00982051
-0.04507851
-0.01059778
0.04868833
-0.03368778
-0.03593679
-0.02703090
0.02793783
-0.02360323
0.01876408
0.02804510
0.03275818
0.00889330
0.01731226
0.04947444
-0.03385726
-0.01062882
-0.01445237
0.03679350
0.00042281
-0.00985656
-0.02456119
0.02604936
0.03435487
-0.02315715
0.02134299
-0.04189666
0.04771177
-0.01246796
-0.00103533
0.03752671
0.04759207
-0.04209152
-0.01397940
-0.04666246
-0.04282051
-0.03098816
0.02071607
-0.00805549
-0.00461884
-0.03154451
0.04597569
0.03564943
-0.03687889
0.03906428
-0.03771458
0.03632512
0.03600342
0.03608558
0.01481483
-0.00919738
-0.03279879
-0.00050086
-0.02687176
-0.02955793
-0.02912818
-0.02126774
0.03719001
-0.03081366
-0.01113803
-0.00832392
-0.02589154
0.00556212
0.04009400
-0.03487689
0.00150893
-0.03535558
0.02046176
-0.00855247
-0.03785944
0.01412916
-0.00061222
-0.04186943
0.00496081
0.01633109
-0.01967143
-0.02243133
-0.00485318
-0.03824449
0.00161333
-0.02641023
0.03734761
-0.04883708
0.02453665
-0.01629845
0.01904996
-0.03677689
0.04131115
-0.03243976
-0.04674026
-0.00607306
-0.03036810
0.00624224
0.02344265
0.01031152
-0.01334761
0.00031278
-0.01268535
0.02951577
-0.00019466
0.01553249
-0.00385747
0.02767639
-0.04005482
0.02105806
0.02725242
-0.02313309
-0.02127960
-0.01063563
-0.04224799
0.04843681
0.03449912
-0.02523903
0.03584594
-0.03086677
0.01056235
0.01078197
-0.03484534
0.02544638
0.01084417
-0.02433342
-0.04781445
-0.02781174
0.02421375
0.03173431
-0.02146369
-0.04202182
-0.01652721
0.02011567
0.03811417
0.00541130
0.00920661
0.05577087
0.04961123
0.00176926
-0.01367757
0.04734458
-0.02346712
-0.04172731
0.00190263
-0.00374909
-0.04620489
-0.03773212
-0.01297544
-0.04024920
-0.02054063
-0.01833180
0.01303694
0.01858704
-0.04295340
-0.02241550
0.02379754
-0.02187933
0.03423067
-0.01480200
-0.02263321
-0.04225302
0.03305837
0.03400881
-0.00308761
-0.00255006
0.01156003
-0.03118870
-0.04532731
0.04643032
0.02746920
-0.01248063
-0.03301893
-0.01190043
0.05046225
-0.00592834
-0.03603977
-0.01626751
0.02817264
0.04015855
0.03484973
-0.00500113
0.02600424
-0.00402264
-0.02914472
-0.00990539
0.03702314
0.00615946
-0.01525331
0.01870963
-0.03948038
0.03617084
0.02207196
-0.00084001
-0.01063187
-0.02180563
-0.01380210
-0.03435572
-0.01160050
0.03492721
-0.02604850
-0.02230202
0.03173341
0.00559698
0.04480194
-0.00300096
-0.02154826
0.04899406
0.00959253
0.00276537
0.03117397
-0.03553762
0.03920046
-0.04768692
-0.03225761
-0.04335502
-0.03786127
-0.02233836
-0.04170395
0.01230009
0.03663485
-0.01294513
0.03210019
-0.04243597
0.03713783
-0.03064766
0.01550439
-0.02094846
-0.04329723
0.01551452
-0.03401007
-0.03148934
-0.04966626
-0.02337381
-0.03373328
0.02939904
0.02529640
-0.02195732
-0.00033805
0.02097330
0.03903113
-0.02000882
0.02348099
0.05403535
0.01826316
0.00608927
0.04524977
-0.03434189
-0.03121463
-0.00505481
0.04598530
-0.01912070
-0.03006204
-0.03738511
0.02075990
-0.02510387
-0.00296065
0.02109524
-0.01782501
0.02478803
0.04552888
0.02468215
-0.00994676
0.04252178
0.01448512
-0.04892326
-0.04561599
0.04146270
0.01674252
0.04481233
-0.01863749
-0.03604540
0.01036119
0.01144602
0.02938012
0.04594227
-0.01290394
0.00630981
-0.01675878
-0.03307471
-0.01330663
0.01966383
-0.01811758
-0.03066671
-0.00238889
-0.02038704
0.02170664
-0.01564197
-0.01008389
-0.05916264
0.03221900
-0.03581540
0.00174687
0.04443768
-0.02533963
0.00075146
0.04008088
-0.04890190
-0.02999899
-0.04226111
-0.05611066
0.02305442
-0.02745827
0.03089398
-0.04443450
-0.03294511
-0.04762360
-0.00091258
-0.00999549
-0.04905457
0.03306400
-0.02281906
-0.03704977
-0.03183407
0.04619608
0.02108553
-0.01960589
-0.02646546
0.03997728
0.00286073
-0.00292745
0.03130586
0.03322865
0.01453099
-0.04783274
0.04761621
0.00560271
-0.04303588
0.02253626
-0.02057418
-0.03065956
0.04684216
0.02983130
0.05429003
0.04252823
0.04308203
0.03144571
-0.01765262
-0.00864571
-0.04596694
0.02312946
-0.03711535
-0.00204713
-0.02302394
0.04015249
0.02957362
0.02258766
0.01036815
0.04940544
-0.01201102
-0.00317584
0.04990653
-0.03194730
0.03662714
-0.03472419
-0.00028297
-0.04590534
0.00293344
-0.02674257
-0.04994881
0.01750313
-0.00104659
0.05102361
0.01102256
0.03436285
0.00512738
0.02859274
0.00804572
0.04563510
0.05422841
0.02526934
0.02370372
0.02666756
-0.03567829
0.03845122
-0.04692089
-0.03952450
0.03199213
-0.02126910
0.01854358
0.02202271
0.01550452
-0.01405675
0.00204492
-0.02935495
-0.05064732
-0.02925276
0.02149186
-0.02110432
0.05671203
0.00680310
0.00436054
0.03379593
0.02987406
-0.02409318
0.02057189
0.04125676
-0.00039445
0.03917516
0.00668184
0.03886390
0.00376198
-0.01196496
-0.01466056
-0.00767712
-0.00477543
0.01610448
0.01484825
-0.01529928
0.02851546
0.01656923
0.03059891
-0.04408771
-0.02235280
0.00799777
-0.01038574
-0.04340446
-0.01888050
0.04221586
0.01585150
-0.02315667
-0.01674550
0.02115131
0.02297725
0.04627324
-0.01611135
-0.02715762
-0.03294273
-0.01084182
-0.00781728
0.07372790
0.07337403
-0.01506235
-0.00966468
-0.04232595
-0.01179354
-0.01426717
-0.03169506
0.00643419
-0.01897493
0.03572018
0.03868224
-0.00861679
0.02621219
-0.02916944
-0.04306577
0.03595679
0.03419339
-0.02026425
0.03471762
0.01686854
-0.04531937
0.05703910
-0.03212548
0.04421284
-0.05090790
0.00258779
-0.03533294
-0.00058750
-0.00861712
0.03082982
0.03724565
0.02424428
-0.04707700
0.01770142
-0.02896299
-0.01983130
0.05447614
-0.04111876
0.05241396
-0.02920119
0.02849228
-0.02152940
0.01721981
0.00250938
-0.02633134
-0.03011157
0.03996343
-0.03683563
0.00525088
0.02176025
0.00678109
-0.07367478
-0.00514569
0.00312849
-0.02131088
-0.04131246
-0.01094471
0.02060087
0.04658390
0.04404510
0.04959349
-0.01825326
-0.01080054
-0.03700843
0.00062276
-0.04260345
0.02773510
0.04054520
0.00606419
0.02672834
0.03239305
0.01776822
0.04129859
0.04564056
-0.05073818
0.05071323
0.00162952
0.04734890
-0.03609336
0.00295215
0.02379906
0.06244259
0.00025651
0.04050120
-0.01835614
-0.02563982
-0.01239350
-0.02319559
-0.00246053
-0.00631024
-0.00836274
0.02619278
0.03131430
-0.04268053
-0.02889736
-0.04005952
-0.04496975
-0.00809000
0.01479806
-0.03067185
-0.00971826
0.00877753
0.04385299
0.03683891
0.04967051
0.01217503
-0.00509796
-0.02251447
-0.04030643
0.01953853
-0.02682444
0.02923505
0.04297615
0.03310145
-0.03467886
0.04698198
0.03155192
-0.00802347
0.02862277
0.02857845
-0.04506898
-0.07076266
0.05106011
-0.05717071
0.05094410
0.01303947
0.04059474
0.06067637
0.04845287
0.01240916
-0.03033511
-0.01845916
-0.04690809
0.01199275
-0.01964308
-0.00860281
0.01589842
-0.02612105
0.02221256
0.04219901
-0.00922226
0.00377960
-0.03312743
0.00748661
0.04144532
0.00572643
0.03230150
-0.01462214
-0.02615606
-0.03346961
0.01608006
-0.04581064
0.01120954
-0.02418665
-0.02329767
-0.02944641
-0.02338588
0.04356290
-0.01114409
-0.04266339
0.00755540
-0.05558154
-0.02384010
0.04700413
-0.02915961
0.04313178
-0.02369088
-0.04331530
-0.01800517
-0.00810327
-0.01659211
0.01276548
-0.03380622
-0.01534777
-0.06131892
-0.02279584
-0.04369002
-0.00801659
-0.02835928
-0.05039449
0.04461128
-0.04203631
-0.05176838
-0.02453934
0.00099327
-0.03848606
-0.01788736
-0.01053600
-0.02796368
0.03102029
0.01941341
0.00045865
-0.02088013
-0.02517061
-0.04451304
0.04124130
0.01977648
0.00922448
0.02393848
-0.00275432
-0.00549343
-0.02504770
-0.03889399
-0.03393110
-0.03394480
0.01540047
0.02099399
-0.02747513
-0.01543852
-0.05018859
-0.00570908
-0.03106820
-0.03134001
0.03759495
-0.00548376
-0.01337441
0.04210623
-0.06078043
-0.01269148
0.00950824
-0.02012752
0.03432327
0.00422349
0.00006446
-0.02044314
-0.03987360
-0.00946309
-0.05878259
-0.04225306
0.03746182
0.07159904
-0.04112337
0.01468290
0.03246500
-0.01918497
-0.04294723
0.02279420
-0.00919397
-0.02671644
0.05676986
-0.04206184
-0.00110860
0.00176411
-0.02803287
-0.00397002
0.03921461
0.02581479
-0.01623891
0.03804028
-0.00016967
0.00079722
-0.04762131
0.00307438
-0.03388442
-0.02901340
0.02231613
-0.03786530
-0.05713332
-0.00302209
0.03356301
-0.02622483
0.00749091
-0.02040114
0.00083767
-0.04912529
0.04153173
-0.00924943
-0.01381709
-0.04680784
-0.04547293
0.02870732
-0.00099142
0.01080548
-0.04120921
0.01416822
-0.02660518
-0.04004169
0.04078876
-0.01208162
0.02234100
0.05306091
-0.05261685
-0.03767919
-0.01890130
-0.00704517
0.04571214
-0.04429302
-0.03691596
-0.00543490
0.04942628
-0.02201823
-0.00726629
-0.03858439
0.04598141
-0.03001895
-0.02941260
-0.02601279
0.00667358
-0.00894043
-0.04498338
0.00596556
-0.03236618
-0.03464010
0.03353491
-0.02954929
-0.03760365
0.03431831
0.01711698
0.04223235
-0.00918888
0.01796031
-0.03754814
-0.02451125
-0.00490190
-0.01366115
0.03672282
0.04542360
-0.03650196
0.00683973
-0.01492554
-0.01478577
0.01331913
-0.00256912
0.02759903
-0.01455141
0.00907948
-0.02019979
-0.03680636
-0.04392416
0.03114112
0.03914312
-0.01249394
-0.02514586
0.03088994
-0.00511264
0.01510909
-0.03523444
0.03230979
-0.02027609
0.02594445
-0.02201718
0.01281021
0.04090943
-0.01876476
-0.01565043
-0.01815137
-0.00629564
0.04885510
-0.04333842
-0.01139029
0.04860044
-0.03876876
-0.04348786
0.03771771
-0.02904867
-0.00519774
-0.02791797
0.03127433
0.02287251
-0.00951780
0.03100229
-0.05106972
0.03852414
0.03155584
-0.04961072
-0.03061098
0.02878199
-0.03864527
0.00017311
-0.03377059
0.01918779
-0.03298867
-0.01919430
-0.00164780
-0.03600369
-0.00482193
0.02468021
0.00102676
-0.05297917
-0.03877641
0.00596858
0.01166358
-0.02367415
0.04589097
-0.00904836
-0.03030237
-0.01495696
-0.03513342
-0.03715733
-0.01561332
-0.00659383
0.04577271
0.01833805
0.01702908
-0.04044042
0.00676197
-0.05165961
0.03007350
-0.00216499
-0.02299515
0.01076455
0.04279812
0.01864559
0.01693789
-0.02170092
0.01511163
-0.00119194
-0.02507741
0.03089961
0.01950224
0.05699930
-0.01339307
0.00030226
0.00197424
-0.00332010
0.03800813
-0.02911423
0.04237880
-0.01583003
-0.04901070
0.00132921
0.03692397
0.00597867
-0.04724969
0.01261843
-0.00103278
0.02670050
0.01008725
0.01117282
-0.02298714
-0.00767555
0.02764703
0.05503735
-0.03992333
0.03201327
-0.00424496
0.00010539
-0.01045999
0.03439048
0.03370735
0.03058012
-0.04496824
-0.04092272
0.04238102
0.01789843
-0.01349703
0.02274289
-0.03296110
-0.04034510
0.03996790
0.02203351
0.03216630
0.02793371
-0.04020089
-0.01948843
-0.02498118
0.00155904
-0.03854898
-0.01476831
0.00845082
0.03742059
0.04540581
-0.03364856
-0.03027501
0.01062176
-0.00675299
0.01199450
0.02495320
0.01983654
0.02226098
0.01801252
-0.00130243
-0.02748717
0.00968018
0.04213533
0.03369793
-0.02135742
-0.00311983
0.04566893
0.01334321
-0.03380873
0.00015205
0.01378500
0.03550137
0.01296705
-0.00880842
-0.01320968
0.01533076
0.01301334
-0.03878354
0.04039102
-0.03773135
0.02211923
0.02121264
-0.00697580
0.00066988
0.01513700
-0.02064757
-0.00867360
0.02637573
-0.03483742
-0.03295572
0.01421149
-0.05003341
-0.03236166
-0.04518652
-0.03167657
-0.01444408
0.02473697
-0.00615697
-0.02679231
-0.08788662
-0.02003598
0.04249816
-0.01467205
-0.04944288
0.00978562
0.02781083
0.04989744
0.00366705
0.04416468
0.04140625
0.02464846
-0.02022348
-0.02050247
-0.02836801
-0.03428464
0.00726493
-0.00121672
-0.01612115
-0.03975241
-0.04167394
0.04192074
-0.01894332
0.06508254
-0.05216882
0.00657518
-0.00208352
0.06030942
-0.04488998
0.04766148
0.03049198
-0.01956777
-0.00020531
-0.00628395
0.02938937
0.00680422
-0.00148075
0.00818356
-0.00700404
-0.05487269
-0.01715955
0.03611328
-0.01277748
0.00315869
0.02283587
0.01063479
0.01744798
-0.04745325
-0.03339757
-0.03387252
-0.03903063
-0.01980733
0.03738645
0.03387013
0.03078326
-0.04474305
0.00558946
0.01637492
0.04115595
-0.03508947
0.04852508
-0.03413868
-0.02094664
-0.00857726
-0.01999137
-0.00892193
0.00244264
-0.00718169
-0.01331546
-0.01083703
0.04219538
0.04488104
-0.06166880
-0.03925904
-0.03082458
0.05928969
0.02831806
-0.02108385
-0.00086054
0.03341901
-0.08878328
0.00694002
-0.00258363
0.04890348
-0.01247088
-0.04443491
-0.01656065
-0.04667264
-0.00541233
0.00996418
-0.00427855
0.03180234
-0.04097457
-0.01247652
-0.00890732
0.00241559
-0.00306838
0.00299451
-0.04998665
-0.05484807
0.01652437
-0.01158321
0.00734680
0.03399509
-0.01613823
-0.00108193
0.02514117
0.02039006
0.00895134
-0.01735760
-0.02020225
-0.00327744
0.03436356
-0.00869218
0.04043353
-0.00194156
-0.02450677
-0.00917918
-0.04210608
0.03309587
-0.04105236
-0.05904949
0.07907324
-0.01617391
0.01358308
-0.00688150
-0.05282090
-0.00067563
-0.07704451
-0.02258341
-0.04027273
-0.02046968
-0.03401161
-0.00227631
-0.00549128
0.02381335
0.03681450
-0.02544057
-0.00959360
-0.05174681
0.03853825
-0.01687614
-0.00786609
-0.03298297
0.05417215
-0.04171060
0.02986704
-0.02668806
0.00408872
0.00392017
0.02083552
-0.00266456
0.02630396
-0.02048102
-0.06496374
-0.03975884
-0.04209020
-0.01827265
0.05158622
0.04364379
-0.00707261
-0.04198932
-0.02381024
-0.05508145
0.03940620
-0.04279192
-0.01761655
-0.03762099
-0.01519086
-0.02684912
0.01208329
-0.02156734
-0.03245030
0.01620123
0.04393449
0.03381347
-0.02321602
0.03563266
0.01028498
0.02088501
-0.02773703
-0.04161511
-0.06583621
0.02916915
-0.02219365
-0.05747583
-0.01474632
0.03360371
-0.02513823
0.05698451
0.00382222
-0.00889422
-0.00475897
-0.00863342
0.02193802
0.05190591
-0.04745324
-0.00430989
0.02607738
0.03004400
0.01321118
0.01049674
-0.01910738
-0.01883256
0.02334031
0.00262474
-0.01861838
0.04442443
0.04957368
0.03314575
-0.00363941
-0.04671950
-0.03778711
-0.03904085
-0.01680230
0.05890390
0.03281964
0.01843805
0.07734755
0.06951708
0.01435142
-0.02169206
-0.01137197
-0.03304813
-0.01426478
-0.00202039
0.01099561
-0.04015190
-0.02385706
0.00236768
-0.06584232
0.00075541
-0.00919139
0.03956440
0.01225727
-0.04929642
-0.04831129
-0.02539189
0.02642628
-0.03033363
-0.04241417
0.00718426
0.03289975
-0.03387715
-0.00186894
-0.00180197
0.02537474
-0.00230568
0.02151627
-0.04803708
-0.01398527
-0.02036008
-0.00063106
-0.05926402
-0.02191363
0.04377452
-0.05815377
0.03853070
0.04627905
0.03861965
0.01846749
0.06928370
0.01996816
-0.06301188
0.02301995
-0.02299736
-0.03123217
0.05056621
-0.00350762
0.03859035
0.06079422
-0.00965535
0.02490563
0.02936449
0.01114074
-0.06346257
0.03074194
0.01025268
0.01410948
0.03641016
-0.00286392
-0.07863241
-0.02828676
0.03124369
0.01773340
0.03092447
0.00499464
-0.03178004
-0.04507764
0.00851153
-0.02881585
0.06337108
0.00271047
0.03439189
-0.04398642
-0.00773453
-0.06985071
0.04697269
-0.04396638
-0.01094296
-0.04194647
0.05081461
-0.00538724
0.02062234
0.01986228
0.02318258
-0.03603080
0.02338148
0.05792992
-0.02006278
0.02558859
0.02443487
-0.00818972
-0.08900138
-0.05744457
0.01846515
0.00121998
-0.02803687
0.00595013
-0.01810388
-0.00849182
-0.01869841
-0.00775772
-0.00112430
0.02292871
0.02597621
-0.04436612
0.10430374
-0.02639514
0.00559344
-0.00744938
-0.00216472
0.01660708
0.00776477
0.02568001
0.03091241
0.00487694
0.00417625
-0.02104654
0.03950603
0.04781756
0.07897803
0.05054297
-0.00869302
0.03595661
-0.01008418
0.02198285
0.04147438
0.01435347
-0.03084375
-0.04936936
0.04258887
0.02562525
-0.01818460
0.01057513
0.02440379
0.00887235
-0.00018087
0.01729067
0.04051197
-0.03844036
-0.00644816
-0.06021045
-0.02980746
0.01424906
-0.04345889
0.01468305
-0.03020879
-0.03589867
-0.00798702
-0.03051093
0.03242751
-0.01376114
-0.02408925
0.02543058
0.01049389
0.01225717
-0.02277392
0.01415681
0.06102474
-0.03466529
0.03407397
-0.04329982
0.01950049
0.00278865
-0.01002646
0.02961767
0.01620256
-0.10082810
-0.02698009
-0.06559549
-0.04173297
-0.02278117
0.02892694
0.01747163
0.01874007
-0.02297152
0.04714561
0.02536001
-0.03181068
0.00318784
0.03538718
-0.03196032
-0.02849728
-0.04012556
0.00467774
-0.05133281
0.07570275
0.05283002
-0.00049926
0.05391642
-0.01396357
-0.03042414
0.03144847
-0.06855650
0.04944733
-0.00211504
0.02303176
0.02352615
0.01865924
-0.04285285
-0.03030799
0.00795453
0.03251820
0.03036473
-0.00514019
0.01173345
0.03004610
0.01531647
-0.00106570
-0.03697373
-0.07028603
-0.06005403
-0.04319422
-0.03569352
-0.02772648
-0.03790730
0.01450663
-0.03153660
0.01653745
0.02347370
0.02281998
0.03323743
0.00163701
0.02728229
0.01963105
0.00082592
-0.03560277
0.03724038
0.02946471
0.08942579
-0.01557738
0.05115264
0.04617881
0.01697010
0.04760496
0.01480525
-0.07148920
-0.02609619
0.00104527
-0.00405449
0.03797025
-0.03129976
-0.00984745
-0.04119349
0.02750347
-0.00147057
0.04830245
-0.01438839
-0.01454958
0.01004657
-0.03749288
0.03438538
0.03602182
0.07408223
0.04240947
0.00641627
-0.03387778
0.06033093
0.04616227
0.01109539
-0.00571349
0.03227214
-0.01311401
-0.02768722
0.01589548
0.03116199
0.02445752
0.05116800
-0.00924417
0.03544135
0.00148461
0.00655671
0.06287547
-0.02023537
-0.02436810
0.04642235
-0.03701873
0.01135376
-0.02642471
0.01578074
-0.02197293
-0.00693234
0.02332011
0.04517064
0.04152150
-0.02470998
-0.01953474
-0.02826263
-0.04553023
-0.03595124
-0.01335946
-0.03052600
0.02350363
-0.04183916
-0.04939307
0.02483322
-0.02019432
0.01202619
0.03555507
-0.04712787
0.00019412
0.03409778
0.03775547
0.02333401
-0.01575548
0.01634329
-0.05003756
-0.00040617
-0.01011270
-0.04790033
0.01963314
0.01684968
-0.03881220
0.00796993
-0.04695379
0.02595574
-0.01894944
0.00443545
-0.00766484
0.03632691
-0.02741824
0.01854776
0.04407717
0.04274848
0.01586290
-0.04685960
0.04613573
0.05095679
0.04586699
0.04769341
0.02755939
0.04697074
-0.03673597
-0.00621970
0.02160778
-0.03205638
-0.00463526
-0.03491973
0.01992762
-0.03393723
0.01692538
0.00923142
0.00637714
-0.00587306
-0.00258722
0.04752349
0.01655042
-0.03289537
-0.00559498
-0.01549047
-0.00300981
0.01532080
0.04647674
-0.00511903
-0.04883498
-0.02152883
-0.02050853
0.03546032
0.04230377
0.04967692
0.03513631
0.04572119
0.01130360
0.03505536
-0.02935641
0.05054095
-0.05096607
-0.01124358
0.01599524
-0.01557103
-0.03956496
0.04274106
-0.01806909
0.00141743
-0.01188546
-0.00522921
0.03626280
-0.03925018
0.00189035
-0.00615869
-0.01877933
-0.02910402
-0.02355852
0.03704766
-0.01813780
-0.03331288
-0.04838197
0.01760076
-0.03537365
-0.02444760
-0.03908006
-0.01480427
0.02025878
0.03968284
-0.01402452
0.03551039
-0.01031802
-0.03774549
-0.00172609
0.03941794
0.01595956
0.00575177
0.03225987
-0.01937645
-0.04736267
-0.03964369
-0.04170214
-0.02262565
0.01837002
0.02702770
-0.01536311
-0.01446330
0.04352907
0.01791006
-0.01043087
0.02007308
-0.04825501
0.00500937
-0.04706088
-0.00326404
0.03406660
-0.00996092
-0.02952015
-0.04304387
-0.04346787
0.01061885
0.02808255
0.03567579
-0.04005662
-0.02462349
-0.01508412
0.00678320
-0.01681337
0.02381661
-0.04770313
-0.03102804
0.01569007
-0.00640653
0.03219945
0.04507643
-0.02323963
-0.01169897
-0.03962720
-0.03775460
-0.01643683
-0.03866004
-0.01268677
0.00559350
0.02116814
0.00030055
-0.02842051
0.04868317
0.03521349
-0.04442582
0.02683215
0.04803218
-0.00508331
-0.02539042
-0.04648136
-0.04473135
0.00987271
0.02728390
-0.04567964
0.00104239
-0.01015711
0.00922728
0.00935546
0.01773052
-0.04588543
-0.04127088
-0.00662802
0.05165989
0.00439651
0.02775729
0.01381001
-0.02991527
0.00755650
-0.01694619
-0.01324249
0.03805102
-0.01495144
0.00869042
-0.01973618
0.03285405
0.00160989
0.02614377
-0.00662925
0.02982570
0.04601807
-0.03505924
0.02680224
-0.00271131
-0.00335705
-0.02094097
0.04533071
-0.01632083
0.04349326
-0.03619017
-0.01848683
-0.00600171
-0.03993676
-0.04474286
0.04925326
-0.02481911
-0.04351076
0.05031984
0.03490910
0.01588277
0.02384312
-0.03091862
0.03334352
0.00846162
-0.03328352
-0.04958118
0.03507357
0.05120139
-0.04951185
-0.02081064
0.05045742
0.04342847
-0.04848932
0.04462503
0.02502466
-0.02049473
-0.01926612
-0.01026606
-0.00184355
0.03331561
-0.00726283
-0.00086179
0.01126455
0.03765310
0.02714581
-0.04798119
-0.04161660
-0.00862732
0.01061343
-0.01086784
-0.01869932
0.01481891
0.02798053
-0.02086964
0.04018734
0.02792728
0.01206276
0.01104580
0.01443255
0.01988792
-0.00575679
0.02849109
-0.01053602
-0.03733925
0.04969761
-0.02083535
-0.00684341
-0.00044078
0.02963482
0.00902315
-0.06942136
-0.01058083
0.00112263
0.02590422
0.02475931
0.03923501
0.05549429
0.03472195
0.03568817
-0.00326710
0.02205561
0.05852566
0.01801915
-0.04609812
-0.05061579
-0.02912126
0.01749129
-0.02909417
-0.00074280
0.00746372
-0.02395005
0.04241162
-0.00821150
-0.03068460
0.00952863
-0.01443609
0.01295179
-0.02826904
-0.04275149
-0.01128150
0.03875761
-0.05452031
0.01113655
0.03083804
-0.02993106
-0.04215808
0.06316172
-0.04334153
0.02744933
0.00289891
0.04449131
-0.03717158
0.03298618
0.07586800
-0.00801570
0.03477085
-0.04653390
0.05438171
0.01229092
0.04559592
-0.00450773
-0.01897528
0.02875158
0.03632259
-0.04561078
-0.00821923
-0.01978545
0.03789475
0.00592503
0.02369901
0.00818717
-0.02810702
-0.02119404
0.01198990
0.00958573
0.02245602
-0.03946993
0.00531192
-0.00928356
-0.01654068
-0.03515999
0.00044826
-0.03151527
-0.04273367
0.03591369
-0.03399580
-0.03045604
-0.03497627
0.01959816
0.00409188
0.05237008
0.01845916
-0.00627060
-0.03946292
0.00607717
0.00148860
0.05183513
-0.01117772
0.06339254
-0.04446304
-0.00543165
0.03342912
0.03802904
0.00119874
0.06092187
-0.00884892
-0.05323043
-0.03954801
0.00476983
-0.00378132
0.02523992
-0.00626014
0.04203551
0.00424600
-0.06258789
0.02863812
-0.01113453
0.04522076
0.03311583
-0.03528173
0.01533050
0.07510120
0.01943194
0.01867567
-0.03095408
-0.00071955
-0.03638455
0.03733110
-0.03940545
0.01006193
0.02533222
-0.05939260
-0.02488344
0.00771490
0.01451232
0.03449782
0.05259902
-0.01827853
-0.04686242
-0.03458836
0.00061327
0.02054476
-0.02174335
0.05584135
-0.02077501
0.04495341
0.04742756
0.03250554
-0.01127653
-0.02001666
0.00944030
0.01282362
0.03350864
-0.01941860
0.03932455
0.04203730
0.04808100
0.03116611
0.03946508
-0.04210727
-0.00327644
0.00966893
0.00274692
0.01889863
0.06123225
-0.02617063
0.03551180
-0.02394827
-0.04735180
0.01133523
0.04041038
0.00456730
-0.03788195
0.02241611
-0.03141045
0.02175182
0.02036661
0.03504760
0.04413506
-0.01334976
0.01634319
0.03520259
-0.02454225
0.04374268
0.00814218
-0.04042992
0.03528699
0.05108162
-0.04268375
-0.02151188
-0.02295296
-0.00924631
0.00728898
0.05856604
-0.02045546
-0.00723019
0.02073405
0.04857269
-0.04796740
0.00718741
0.04534909
-0.02330001
-0.02011294
-0.01241727
-0.01243489
0.04121348
0.02669572
0.06065014
-0.01098764
0.03354279
-0.02612936
-0.05221479
-0.05167518
0.03715169
0.02353839
-0.00666033
0.01812791
0.02960663
0.01869174
0.03693273
-0.03520643
-0.00409823
-0.04874776
0.03311215
0.04778188
-0.05007113
0.00531375
0.00058334
0.00023827
-0.04793558
0.02902945
0.00093315
0.02808544
-0.06268474
0.03329703
-0.02623673
-0.04412390
-0.03619176
-0.04172764
0.00483730
0.04957793
-0.00428107
0.04844648
-0.02321186
0.03748748
-0.03708511
0.02812409
0.02968470
-0.02493195
-0.11244475
-0.04175396
-0.00203140
-0.00036420
0.03889879
-0.02456530
0.00938307
-0.08190775
-0.01292041
0.03014889
0.01534508
-0.00791305
0.02157495
0.00824782
-0.03424089
0.02043764
-0.04902044
-0.01609075
-0.03640088
-0.02753547
-0.00047775
0.04786757
0.00322475
-0.04935094
0.01926218
0.03424139
-0.09661926
0.02020512
0.00279810
-0.01402925
-0.01963407
0.05415276
-0.00398890
-0.04875837
0.02450747
0.02169796
0.05243892
-0.04726629
-0.01512669
-0.02931957
0.07899618
-0.06435578
-0.01468208
-0.02137396
-0.04268086
-0.00162689
-0.01804393
0.00734538
0.10674840
0.13391024
0.02682799
-0.02151107
0.05556915
0.03815711
-0.04364416
-0.02978848
0.00589805
-0.03370272
0.11097969
0.03147768
0.01172701
0.07873868
-0.00674201
0.05758445
0.00314921
-0.03756086
-0.01710961
-0.02573834
0.00419561
-0.00136409
0.01156719
-0.02467492
0.03576220
0.02279331
0.00318040
0.05277357
0.00659003
0.00594319
0.03474842
0.01370141
-0.01699854
0.00965640
-0.00559214
0.00265427
-0.05281456
0.00009173
0.02592318
0.04141779
0.00694247
-0.00196548
0.01278954
-0.01937092
-0.04905320
0.03647919
-0.03293753
0.02277961
0.03653737
-0.03413263
-0.00102141
-0.03832042
0.05669934
-0.04656119
0.01528348
0.01657561
-0.02144225
-0.10952722
0.02753745
0.00166604
0.02771831
0.00609600
-0.02292315
-0.04625935
-0.00782072
0.02202770
0.01651084
-0.00613396
0.04519612
-0.04782410
-0.06779049
-0.09993438
-0.02276836
0.06092380
-0.02433437
0.04236078
0.01369072
0.03151892
-0.01382744
0.05778047
0.00293788
-0.03761083
0.07448855
0.06472173
0.01814087
0.02362016
-0.07685493
0.02724427
-0.04860007
-0.01063013
0.02164838
0.04406163
-0.07768969
0.01223469
-0.01802678
-0.03884890
0.04390538
0.04208575
-0.02140036
0.03973814
-0.01184729
-0.03185647
-0.05065500
0.01960086
-0.06446825
0.03496901
0.03933029
-0.02335177
0.02796686
0.06452927
0.08715281
-0.00355254
-0.00470023
-0.00147585
0.02066308
-0.04508225
0.04489717
0.06400896
0.04006302
-0.00538867
0.00675240
-0.01604917
0.02603290
0.02620744
-0.04620641
-0.01734790
0.07405620
-0.05844940
0.04199422
-0.02116998
0.00276535
0.01227781
0.02611984
0.05069811
0.04947786
-0.01642743
0.01673316
0.01190303
0.05082925
0.02396005
-0.02106059
0.02714159
0.02449727
-0.07638866
0.02889863
0.01632337
0.06805264
-0.01922642
0.00199974
-0.05248273
0.04139970
0.04975481
-0.01133504
-0.05706583
0.01805076
-0.02535483
-0.05854013
0.04763759
0.01802042
0.01361461
0.13230443
0.01947021
0.02766915
-0.03408761
0.01455510
-0.08632956
0.01468777
-0.00683520
-0.08190863
-0.06305531
-0.00666544
0.04022046
-0.02092696
0.05111624
0.05557265
0.05347364
0.01524548
-0.02784355
-0.04892892
0.04246424
0.02519587
0.04672312
-0.00604598
0.04013121
-0.03563009
0.00357839
-0.02443635
-0.01573947
0.00415003
-0.03809002
-0.01350459
-0.00572058
-0.06848207
-0.03080212
0.00684383
-0.00855426
0.00987420
0.07889990
-0.05259494
-0.02211010
-0.04182297
-0.04418522
0.06227218
-0.00725575
0.00161732
0.01197811
0.02632577
0.02892237
0.03888687
-0.03497146
0.01588606
-0.02261331
0.01583187
0.03488439
0.04447153
-0.03035996
0.05202521
-0.01597964
-0.02056181
0.04396511
0.04254036
0.00208778
-0.02845705
0.01647117
-0.03350983
-0.03130217
0.04865033
-0.02935611
0.03008948
0.00341583
-0.01276611
0.02201936
-0.03070835
-0.01599403
-0.02936243
-0.01174596
-0.04830223
0.01664787
0.01193608
-0.00199667
0.00249134
-0.04208819
0.00546758
0.00698496
0.02957245
0.00840139
-0.03797238
-0.04125566
0.03336454
0.01100573
0.01741415
0.01480662
-0.04590329
-0.01420024
0.01672895
-0.05494568
-0.02218506
0.03342114
-0.02541856
-0.03507064
0.00966836
0.00811094
-0.03514580
0.03505645
0.04518823
0.00989475
-0.00783498
-0.03547665
-0.02601016
-0.00644475
0.03226372
0.03908788
-0.06492975
0.00098456
-0.01678035
-0.00480977
-0.03309646
-0.04286976
0.01700371
-0.02505727
-0.01392608
-0.02035728
0.03016834
-0.04740492
-0.01052072
0.04633089
0.00633406
0.03827885
0.00389982
0.01498711
-0.00717838
-0.02872927
-0.02000858
-0.02409922
0.01233815
-0.00835167
0.03353960
0.01747033
0.03454693
0.01702043
0.03426893
0.03283614
-0.04360565
-0.01033281
-0.05853111
-0.04364948
-0.02449859
-0.00333476
0.03008447
-0.00825335
0.00403165
0.04828809
-0.02618809
-0.01900621
0.04799726
0.01777215
0.02763706
-0.05679595
0.02662574
-0.01710964
0.01889746
0.00157898
0.03072686
-0.00497989
0.04770659
-0.01561566
0.00170674
-0.02806168
0.00169041
0.01028015
-0.04414453
0.03544241
0.00746180
-0.01931062
-0.00490918
-0.03172309
0.02953476
0.02568798
-0.00536131
-0.00302438
0.02566139
-0.00392083
-0.00954757
-0.04332359
0.01141154
0.00721351
-0.03971721
0.03358016
-0.00411947
-0.01346909
0.01400364
-0.04849768
-0.04376752
0.03882620
0.01764310
-0.00421679
-0.01918782
0.02095280
0.03280108
-0.01603300
-0.00369112
0.01407236
-0.00112251
0.02580161
-0.02322949
0.02562480
0.01613949
0.01633628
0.02762044
-0.05889226
0.00724492
-0.00511392
-0.00508507
0.00981066
0.03818818
-0.02128211
-0.03223159
0.03823366
-0.03317510
-0.00286936
0.04205197
0.01486480
0.03325303
0.04068259
0.01087473
-0.05339276
-0.00224713
0.02320610
-0.01502675
0.01344577
0.01981860
-0.02916207
0.02038635
-0.01665162
0.04196386
-0.02426797
0.03236234
0.04596914
0.00393567
-0.02052645
0.01945456
0.01789723
0.01165652
0.04160130
0.03859263
-0.04806332
-0.03938412
0.01970823
-0.01073907
0.01684632
0.04738062
0.02162633
-0.02874864
0.04667922
0.03533053
0.00201642
0.02726195
0.03556727
-0.04442008
0.02496703
-0.04270423
-0.02616082
0.01069682
0.02007278
-0.04023459
0.02682626
0.01001654
0.03700685
0.02031399
-0.04200092
0.03616325
0.00077850
0.01770019
-0.04590428
-0.04971384
0.00960464
-0.00552747
-0.03452691
0.03831535
-0.02129198
0.00277958
-0.03535794
0.01740887
0.03708901
-0.00243309
-0.00013128
0.03872741
0.01561500
-0.03896220
-0.02378526
-0.02656707
0.01005671
0.04513128
0.03943129
-0.04760746
-0.04897278
0.02155546
0.03641254
0.03379834
-0.03007947
-0.02322529
-0.01647862
0.01388547
0.00698978
-0.03290715
-0.04839288
0.01552104
0.03845577
0.04436284
0.03608081
0.01959509
0.03826265
-0.00895180
0.00578812
-0.03185916
0.06234702
0.00804819
-0.04346530
-0.04300646
0.00451157
-0.02026162
0.03507067
0.03397680
-0.00807812
0.03979839
0.03759808
-0.00023269
0.04593780
0.04140722
0.00323092
0.01866265
-0.03590435
0.03027100
0.00451835
0.03168086
0.00187555
0.00662846
-0.06308607
-0.04287713
-0.04646302
-0.04986044
0.00904207
-0.01785152
-0.00100605
-0.05116338
-0.03514314
0.05539381
0.01128157
0.03224608
0.00763800
-0.03102295
0.04878077
-0.04139090
0.03949710
0.05039831
0.00843628
0.05253800
-0.01344597
0.01883579
-0.05274935
-0.04501469
-0.00707949
-0.02366985
0.02482454
-0.03509988
-0.04803953
-0.01584231
-0.03972868
-0.03546152
0.02183873
0.05031658
0.04118979
0.02268354
0.06267845
0.02474035
0.04283786
-0.04638772
-0.03750993
0.06945854
0.05018258
-0.01865552
0.07189265
-0.00681655
-0.00904264
0.00149302
0.03185022
-0.04512626
-0.00771844
-0.00605232
-0.01700464
-0.01754853
0.00744066
0.01961776
0.01239393
0.04285467
0.06310249
0.03521493
-0.00044316
-0.03375429
-0.03435876
0.00770791
-0.01203903
-0.01965462
-0.03315818
-0.01090744
-0.04652355
-0.03218552
0.00321075
0.02371798
0.00528249
0.05184805
-0.01258572
0.01584694
0.02486316
-0.01603025
0.03844954
0.04448923
0.00812090
0.01226551
-0.01980438
-0.00988918
-0.01083400
-0.02594502
0.04756018
0.02655707
-0.03837949
0.04831451
-0.01469882
-0.05510434
-0.04958477
0.00345493
-0.04105640
0.02528805
-0.03318004
0.01951820
-0.02080990
0.00480725
-0.02492820
-0.03271116
0.02323791
0.04201918
-0.01229447
-0.07255823
0.00393622
-0.05774997
0.03936901
0.02947530
-0.05957448
-0.01460993
-0.05063429
0.04720869
0.00805375
-0.02012965
0.00203299
-0.00102668
0.06979319
-0.02150867
0.02796113
-0.05863605
-0.01201209
0.01616765
0.04524817
0.02717949
-0.00521231
0.06514491
0.04304961
0.03458379
-0.00269458
-0.04889644
0.03949485
0.04761038
0.00847413
-0.04505261
-0.01629211
-0.04653124
-0.00313676
0.01095782
0.00070136
0.00133988
-0.03190266
-0.04091127
-0.00257273
0.04149724
-0.00994788
-0.01765021
-0.02660517
0.02591848
0.01110456
-0.02297280
0.02515810
0.00824612
-0.02703439
0.01687998
-0.06667021
0.00281864
0.04232166
0.02507519
0.03115003
0.01177883
-0.03004772
-0.00618122
0.05970925
-0.00589566
0.01028044
0.02427491
0.03024929
0.02341145
0.05403611
0.02642284
-0.00437980
-0.04941060
0.03317298
-0.00389249
-0.02283696
-0.03346579
-0.01436623
0.03503919
-0.01320369
0.01484721
0.01890484
0.04237508
0.02824236
-0.00096556
0.03490547
-0.02146287
0.00494420
0.01609003
0.04818600
0.00369562
0.01151492
0.04708293
0.03524267
-0.01839321
-0.01628591
-0.01178898
0.01912614
-0.01385099
-0.04075230
0.04614272
0.03935276
-0.04627128
0.05817382
-0.03348038
0.01806692
0.07570142
-0.05119311
-0.00786109
0.00975823
-0.00186292
-0.06591459
-0.01428437
0.02734432
-0.04152491
0.04274359
-0.04127345
-0.03527637
0.02069575
-0.03213497
0.02722697
0.00292668
-0.02762507
-0.01127555
0.04926980
-0.01163515
0.04114374
-0.00694638
-0.04784155
-0.01436738
0.01227552
-0.01243362
-0.02183216
-0.00582620
-0.02486600
0.00185145
0.03148220
0.03273971
0.03482486
0.00751668
-0.04533044
-0.04840983
0.03559412
0.03754675
-0.00639582
-0.01426295
-0.04177772
-0.02778323
0.02537061
-0.00139223
-0.01225562
0.03388455
-0.03141194
-0.02233726
-0.04467020
-0.01719008
-0.01258466
0.00857626
-0.03073321
-0.02359281
-0.04608862
-0.01312944
-0.01541610
-0.03284534
0.01907109
-0.03807246
0.02802901
0.02131906
0.02925228
-0.01278057
0.00030942
0.00320783
-0.03691958
-0.03447959
0.02113997
0.00727963
-0.01810308
0.02945291
-0.00282691
0.02932365
-0.02517399
-0.02944407
0.01543526
0.02532763
0.04008815
-0.04926979
0.03528486
0.04512592
0.02588160
0.04398533
-0.04889194
-0.02731333
-0.01986577
0.01226640
-0.02922915
-0.03908354
0.00676438
0.01128030
-0.03499339
0.03479856
0.01017063
-0.04820088
0.04203624
-0.01438576
0.03576180
-0.01888930
0.01767870
0.03790476
-0.02621076
-0.05674975
-0.01429047
0.04392033
0.02147425
0.03234414
0.03345434
0.01158909
0.02776015
0.02690828
-0.01816753
0.02417779
0.01499035
0.01806845
-0.00558237
0.03959910
0.02938557
0.03252862
0.00223086
-0.03028150
-0.00991111
0.02340192
-0.04861815
0.02236244
0.01692454
-0.02492912
0.04214390
-0.04037408
-0.03480715
0.04153526
-0.01260239
0.00638015
0.00094833
-0.05949545
0.02263117
-0.01928164
0.00781378
0.00775787
0.02887146
-0.02043589
-0.00262020
0.04541662
0.00057619
-0.01283867
0.03588849
0.00382844
-0.04478390
0.03781286
0.00201682
-0.02299221
-0.00432190
-0.00461224
-0.03691439
0.01308525
0.03960020
-0.01450058
-0.03600652
-0.01891975
0.03831989
-0.00255686
-0.01655018
0.03446637
-0.00921798
0.03026053
-0.04927875
0.06406125
0.03603212
0.01217345
0.02215806
-0.03035596
-0.04829063
0.03716474
0.03450031
0.00297706
0.01802655
-0.00207341
0.03163680
-0.03896495
-0.02615062
0.01112426
-0.01225049
-0.02806980
-0.02455527
-0.02999643
0.02656184
-0.04409791
-0.01522834
-0.02545393
-0.03136005
-0.03646423
0.04449333
-0.01051667
-0.02022153
-0.00410105
0.01512344
-0.04455328
0.00785629
-0.04731594
-0.00862926
0.02588870
-0.00728935
-0.03974288
-0.01870855
0.00493301
-0.05175396
-0.00338512
0.00491770
-0.04916832
0.01632883
0.00300286
0.00782647
-0.02954491
-0.03691448
-0.02694711
-0.01341965
0.00401383
0.04351918
-0.01409867
-0.03755813
-0.03875737
0.01602785
0.00343241
0.06460474
-0.03151184
0.03035528
0.04014739
-0.03091277
0.02135070
0.03960078
-0.03707757
-0.01672777
-0.02436581
-0.00243273
0.03121532
0.03710494
-0.01898881
0.06610857
0.04726149
0.02096308
-0.04408640
0.03300966
-0.02849484
-0.05036622
0.04156865
0.02645024
0.04383804
-0.04731490
-0.02199676
0.03256796
0.00342198
0.04114665
0.03424943
-0.03048600
0.04311059
-0.03445728
0.00298092
0.00932285
0.03199268
-0.05715799
-0.00684241
-0.00573254
-0.03521071
0.04896989
-0.00165326
-0.00673656
-0.01566414
-0.00974693
-0.02730886
0.02570775
-0.03766348
-0.01511234
0.01730877
-0.02473329
0.03594059
0.04118849
-0.02759413
-0.05320547
-0.04319568
0.00961791
0.00645860
0.05017645
0.00621794
-0.02703662
-0.04326825
0.03894601
0.03858540
0.04626717
-0.00109500
0.03623187
0.00039225
-0.04346515
0.00919756
-0.04295490
-0.00713419
-0.01387761
-0.02578115
-0.02934425
-0.02266228
-0.02275956
0.03780716
-0.02884263
-0.03798210
0.03158716
0.02717903
-0.02282564
0.02635232
-0.02292315
0.04618250
-0.00138234
-0.01612670
-0.02397380
-0.00218158
0.03160888
-0.02546349
-0.04326409
-0.04196089
0.02755103
0.00723332
0.00388433
-0.02953652
0.05787689
0.03337223
-0.00691695
0.01321165
0.02964081
-0.00448920
0.00487202
0.03178771
-0.01045795
0.04817521
-0.00706640
-0.03417384
-0.04380952
0.04730252
-0.01103139
0.00574848
-0.00637663
-0.04144736
0.03843096
0.03436944
-0.02958938
-0.01684939
-0.00515867
-0.04984785
0.04655404
-0.03067964
-0.02042427
-0.03497186
-0.05224496
-0.02435502
0.00034558
0.03499493
0.04057563
0.05022965
-0.04116384
0.03668006
-0.00169096
-0.00153213
-0.04416096
-0.02654770
-0.03715324
0.00974052
-0.00442477
0.00295001
-0.04304068
0.04758516
0.00328936
-0.04428134
-0.04882231
0.02064349
0.02688180
-0.02375654
-0.04790646
-0.02504479
-0.02078787
-0.03852806
-0.02683650
-0.03653138
-0.00588626
-0.00069355
-0.01621199
0.03080666
-0.04149352
0.05482050
0.05327396
0.00116543
0.03149400
0.00852213
0.06148511
-0.03894037
0.03600993
-0.04685123
0.01196266
-0.02211680
0.00799786
-0.02374756
-0.00092305
0.02713077
0.05888442
0.00285843
0.01885300
0.04945562
0.03438221
-0.01347139
0.00797688
0.04570388
0.04308664
-0.03220074
-0.03685316
0.03488658
-0.01937459
-0.02310312
0.05128149
-0.03889063
0.03206733
0.05460577
0.01509729
0.01466203
-0.00960519
0.01199204
0.01887221
0.01785537
-0.04086447
0.03901049
0.04092660
0.02706622
0.01401580
-0.00720045
0.01298722
-0.01035482
-0.01189419
0.03849785
0.04204662
0.02310661
-0.03215445
-0.04548427
-0.03703485
-0.01521897
-0.02705855
0.01848751
-0.03311221
-0.02793895
0.03478540
-0.00243292
0.04434386
0.01813501
-0.03010584
-0.04138816
0.02629820
-0.04121149
0.07551424
-0.05115612
-0.03837987
-0.03698121
-0.02501280
-0.03900167
-0.00033933
0.04235275
-0.04750941
0.03270363
0.06137754
-0.02064111
-0.03253878
0.00654717
-0.01644196
0.00740564
0.03508518
-0.03749866
-0.02430375
0.00082080
0.01289347
0.00966537
0.02892388
0.03879038
0.03896587
0.02852431
0.01974692
0.00057794
0.02584861
0.01775994
-0.00095273
0.04022616
-0.02480054
0.03181978
-0.04559274
0.04558623
-0.03367887
-0.00253648
0.01920373
0.04448331
0.04480309
-0.02402890
-0.01031558
-0.00372646
0.04131727
0.03958879
-0.01986538
-0.04645940
-0.00923674
-0.01700782
0.03909646
-0.02489783
-0.02952147
-0.05557464
-0.01712252
-0.01826725
0.04023204
0.01000414
-0.00194044
0.06171297
-0.01994506
-0.01651666
0.01330280
-0.03034151
-0.01322225
-0.06785265
0.00359452
-0.01404680
-0.00174629
0.01213198
-0.01089705
-0.04360059
-0.02735014
0.00324061
0.01383433
0.00054931
-0.04533356
-0.03845331
0.02518339
0.05046825
-0.00736598
0.01409495
-0.03037923
-0.03458149
0.05997119
-0.04274239
0.00028930
0.03684962
-0.00315632
-0.02495875
-0.00090518
0.02035707
-0.00118087
-0.02846543
0.03268612
-0.02527474
-0.04522200
-0.00282972
0.02529274
-0.00771740
-0.04531822
-0.05105922
-0.03867850
-0.04242826
-0.03668003
-0.01482041
0.02168228
0.03151463
-0.03109510
-0.02068563
0.02403581
-0.01643257
0.04550757
0.04246883
-0.00905458
0.03458765
-0.03571789
0.00500839
0.04466899
-0.01967953
0.03956604
0.03253190
-0.02682613
0.02136907
-0.06445619
-0.03060446
-0.03550454
0.01466526
0.01195963
-0.00943659
0.01528469
-0.03227536
-0.04350429
-0.00236225
-0.02595515
0.02555780
0.04043677
0.05083656
0.02933580
0.03729205
-0.00032510
-0.02509924
-0.02632431
0.02160599
0.03329950
0.01278622
0.01379859
-0.03308216
0.04094348
-0.00940357
0.03295825
0.02501570
-0.01976286
0.01388298
-0.01305585
0.00654467
0.04533191
0.02389199
0.00568666
0.02546858
0.04910841
0.02643522
-0.00053707
-0.03971829
-0.05650244
0.01027553
-0.03086724
-0.02573145
0.02381407
0.00400874
-0.04794871
0.03243798
-0.00269824
0.02357208
0.03609584
0.03142404
0.03002334
-0.02341333
0.00265606
0.03993322
0.01184117
-0.02700523
-0.02706641
-0.03184432
-0.00782378
-0.01666189
-0.03218107
0.02566875
-0.01334022
0.03722116
-0.00701727
-0.02001521
-0.00550559
0.00400407
-0.00303953
-0.01341340
0.04690968
-0.01826362
0.04627981
0.04013677
0.01532707
-0.00586529
-0.03088937
-0.01302233
-0.02679357
0.01953418
-0.01738040
0.05322327
0.03140757
0.02011563
-0.00909549
-0.01317981
0.03118777
0.02581063
0.02788185
-0.02090116
0.02874054
0.01942671
0.02008782
0.03787006
0.03552429
-0.00347967
-0.04025439
0.02463837
-0.02362211
-0.01720398
0.04348295
0.04776257
-0.00896501
0.00769379
-0.01853436
-0.00744436
-0.03120711
0.03461799
0.05209879
-0.03978423
0.01686544
-0.00948869
-0.03853072
0.00692090
0.00315623
0.04805419
-0.01076395
-0.01095361
0.00076665
0.04012964
0.01078536
-0.02705346
-0.01759318
0.03893393
-0.03846009
0.00128575
-0.01763528
0.03181798
-0.04803197
0.02608509
0.03694783
0.00271044
0.04062289
-0.01466232
-0.04984464
-0.01162440
-0.05189358
0.02444058
-0.02725773
0.01347400
-0.02019498
-0.01759244
-0.02900533
-0.04020139
-0.04175717
0.00831862
-0.00605492
-0.04573676
-0.01459534
-0.00164591
0.04801340
0.03758554
0.03017052
0.02250235
-0.00332091
-0.02220292
-0.05834813
0.00279056
0.02834177
0.04099898
0.02061032
0.04023879
0.00908000
0.00367497
-0.01803747
0.02456864
-0.01702831
0.02132991
-0.01824426
-0.01912532
0.03986222
-0.03447257
0.04689369
0.02794256
-0.00246966
-0.04252573
-0.01357707
-0.04857063
-0.00666751
-0.01870621
-0.02723552
-0.02325477
0.03814465
-0.01896369
0.01353723
-0.04014461
-0.02702789
0.00423246
0.00513525
0.02352463
0.03538420
-0.04465983
-0.01804764
-0.02512913
0.01933504
-0.00651109
0.00175677
0.03206969
-0.00162025
0.02046818
-0.02544976
0.02731286
0.02541004
0.02027348
-0.03358681
0.00933523
0.07674551
-0.02020252
-0.00556371
0.01108593
-0.03943321
-0.00210057
-0.02571299
0.08867941
0.00640233
-0.04210825
0.01006339
-0.00254298
-0.01993791
-0.05860446
-0.01895164
-0.06805091
0.02072138
-0.02847981
0.02346418
0.00187553
-0.03165032
-0.00525968
0.02464639
0.02738748
-0.00785785
-0.02366547
0.04582744
-0.04665898
0.00626746
-0.02939460
-0.02303330
0.01975011
0.06866887
-0.03047882
0.02782153
-0.02724922
-0.02237456
-0.03317300
-0.04493015
-0.00573897
-0.05798011
-0.01417728
-0.02996293
0.04986146
-0.04123516
0.00286741
0.04170334
0.00614760
-0.04041385
-0.04651956
-0.03961179
-0.03291107
-0.03179599
-0.03716742
0.03430695
0.03230038
-0.02965895
0.04555925
0.01285460
-0.02603745
0.05025441
-0.05216432
0.01268311
-0.03887815
0.01543402
-0.01330651
-0.02128294
0.01139071
-0.02261778
0.04993922
-0.05023526
-0.04267066
-0.03596936
0.00935945
0.00142493
0.01084035
-0.03894072
-0.02544443
0.01033948
-0.00019805
0.01185530
0.02280523
0.02728776
-0.01611342
-0.03616305
0.01080815
0.03229810
0.00373106
0.04097136
-0.04903227
0.00926984
-0.01522007
-0.02292083
-0.00799090
0.02182789
-0.04716778
-0.03165899
0.01221860
0.02394385
-0.00039132
-0.00174504
0.01122652
-0.02531344
0.02626871
0.04464437
0.03339010
0.02989440
-0.04105864
-0.05018428
0.00991802
-0.00098301
0.03450676
0.02913451
0.02909349
-0.03545329
0.03898286
-0.01381886
0.01387444
0.04290643
0.04740212
0.04016394
-0.00604292
-0.01339714
0.03991253
0.02465298
-0.01938430
0.01178070
0.00797275
-0.01441662
0.04299456
0.02233267
-0.04580071
-0.05610590
-0.05776073
0.05194999
0.04879062
0.02799277
0.01411153
-0.00162838
0.03802210
-0.00880118
-0.03656904
0.01503932
0.02813366
-0.01828771
-0.04090013
0.00629451
0.03100741
0.00025785
-0.02967080
0.02780821
-0.03513759
-0.00873160
0.00312550
0.03334157
-0.01616862
0.00810808
0.01358176
-0.00002574
-0.04681619
0.04235123
0.02882405
0.00275911
0.01830932
-0.06071141
0.04396866
0.01796318
-0.03305329
0.01388660
0.00118706
0.03243170
0.00292403
0.00807209
-0.01995893
0.03221426
-0.03756342
-0.02968379
-0.01641261
-0.02682795
0.02602737
-0.05355840
-0.05855283
-0.00720194
0.03396155
0.02795680
-0.04518311
-0.05264095
-0.01692151
0.01633238
0.01828250
0.01404962
0.01010722
0.02970029
0.01206904
-0.03413607
-0.00381027
-0.03645942
0.03554767
0.04423045
-0.06025847
-0.03038233
-0.04187249
-0.02113045
-0.02726783
-0.00126796
-0.00728423
0.01122613
0.03319503
-0.07276266
0.03727649
-0.04094788
0.00773756
-0.03437414
0.04586856
0.02937103
0.00967833
0.05098327
-0.02508871
-0.01128316
-0.02098029
-0.00675972
0.03233079
0.03067468
0.01393412
-0.02186743
-0.05754989
0.03236948
0.02322537
0.02102400
0.01610240
0.02603892
-0.01640706
-0.01188707
0.03462676
0.01042858
0.00033255
0.00408049
0.08194329
-0.02442143
0.03328155
-0.02167151
0.03599874
-0.00752915
-0.00473423
0.05482167
0.00527717
0.04846782
0.04793746
0.03677893
0.05187628
-0.02032063
-0.00398498
0.05207964
-0.04332688
-0.00746147
0.02373790
-0.00850506
0.01794157
-0.01834619
0.02093829
-0.02337146
0.01159252
-0.05214565
-0.00693016
0.01353927
0.02185822
-0.04010143
0.01983321
0.00636191
-0.02597633
0.01233922
0.03023989
0.02506934
0.03669839
-0.02391119
0.04034968
0.05545830
0.03130141
0.00140233
-0.02525717
-0.00279376
0.00085303
0.03952011
0.03863929
-0.05934175
-0.04099116
0.00934502
0.05322248
0.00934839
0.00162144
-0.04287525
0.03298819
0.01031810
-0.02146017
-0.00762771
-0.03371049
-0.01485447
0.02544890
-0.02862724
-0.02551094
-0.03619376
0.01482739
-0.02774070
-0.00115666
0.04417185
0.03835962
-0.04558584
0.03193124
0.03934865
0.05335375
-0.02883159
-0.02278514
-0.04025706
0.00366146
0.07197478
0.00868538
-0.02589604
0.04085711
0.05000096
0.00478146
-0.04914147
-0.02596181
-0.04395186
0.02106676
-0.03421272
-0.06396775
-0.00098413
0.04485976
-0.04023230
0.03879839
0.03126299
-0.01376278
-0.00714795
-0.02645990
0.04455045
-0.01799197
-0.03150848
-0.05531913
0.00481230
-0.02857456
-0.03053750
0.00789275
-0.01963935
-0.01140429
-0.01222148
0.03685373
-0.00798547
-0.01097888
0.02437164
0.03540810
-0.02842924
-0.03393260
0.04951972
0.00901178
-0.03596672
0.03601756
0.01668009
0.03631872
-0.01793977
0.01373371
0.02626140
-0.02301756
-0.04379702
-0.02291570
-0.00207637
-0.00578450
-0.02613156
0.00018996
-0.00856390
0.00139639
-0.01469830
-0.01216243
0.03874379
-0.01338523
0.02363460
-0.03963869
-0.02728367
0.06222593
-0.00668641
0.04698224
-0.03818076
0.06102089
0.04807798
0.02673721
-0.01121665
-0.00609193
0.06894136
0.03009625
0.06628580
0.05261441
0.00390573
0.02620457
-0.01779071
-0.04649686
0.03597089
-0.00252225
-0.04705000
0.03510514
-0.02067873
0.02190235
-0.01688252
0.05707501
-0.04497359
-0.00085583
-0.00001621
-0.02275073
-0.00378490
-0.04685077
-0.01232063
-0.02881795
0.02909403
-0.04508038
0.02345181
0.03242420
-0.01502699
-0.00651945
-0.04798865
0.02333484
-0.04701423
-0.01472184
0.01661120
-0.00652722
-0.04155292
-0.05291030
0.04702711
-0.02367493
-0.01526967
-0.01962208
0.03384495
-0.02887296
0.03906281
0.00929137
-0.00662520
0.00945234
0.04461823
0.00546606
0.00170956
0.01865236
0.00352236
-0.04614689
-0.03967226
-0.02767980
0.03146458
-0.02681227
0.00738019
-0.02951601
0.03711611
0.00634944
0.00469155
0.03684025
0.07370599
0.00959238
0.03936676
0.01896387
0.02906623
0.02038232
-0.03818188
-0.01695306
-0.02818030
-0.02696685
-0.00640851
0.01809384
0.05616415
-0.05654094
0.02839307
0.03447478
0.01363943
0.06236307
-0.00886136
-0.03124293
0.00636825
-0.04107253
0.01689702
0.03352649
0.01232667
0.05258875
-0.00495363
-0.00622836
-0.01900575
-0.04156910
-0.03234802
-0.03630777
-0.03646135
-0.01972379
0.04607065
0.04928292
-0.00443861
0.00520638
0.03464822
0.05757044
0.03197846
0.00888555
-0.03504074
-0.07354121
0.04524634
0.02830078
-0.01250472
0.04173463
-0.01299185
-0.04191979
-0.00948259
0.09250613
0.02656976
-0.03929836
-0.06540521
-0.01243422
0.05853915
-0.03645752
-0.04065371
-0.03782298
0.01348467
0.02539407
-0.05846232
0.00695680
-0.06470190
-0.02552638
0.04718427
0.00535084
0.02289984
0.07048206
0.02385197
0.06000546
0.03846126
-0.05603079
0.00044067
-0.00049954
0.00908490
-0.03613942
0.06560898
-0.01330343
0.04099890
-0.01182821
-0.02034437
-0.00728673
0.00826511
0.03165419
-0.01695320
0.02612995
0.01538813
-0.01423606
0.06510419
-0.00027267
0.02316101
-0.02024162
0.05051735
0.02406518
0.03350125
-0.01802005
-0.03204417
-0.03196232
-0.00780249
-0.02654331
0.01678441
-0.00436432
-0.04957641
-0.02671353
-0.03026904
0.05763583
-0.01029034
-0.02562286
-0.02489705
-0.02849419
0.03010524
-0.02185089
-0.04271112
0.00330719
0.00246140
0.04675109
-0.02570886
0.00065643
-0.03108887
0.03507845
0.03321026
-0.02695492
-0.05086433
0.01354173
-0.03457132
0.01866077
-0.04534294
0.04108710
0.03939756
-0.00579720
-0.02557151
-0.00185114
-0.02813437
0.02572270
0.00153682
0.04316135
-0.03176488
0.04221898
-0.00106649
-0.01879808
0.03223263
0.01000385
-0.01339768
0.04551016
0.00123539
0.02392962
-0.06134870
0.02590362
-0.02368436
-0.04610994
-0.01266026
0.05108663
0.02574549
-0.01007043
0.02722124
-0.02858707
0.01258590
0.01494574
-0.00925108
0.03668579
-0.01073225
-0.03826033
0.01432478
-0.02321455
0.03496980
-0.00071518
-0.01691633
-0.01560837
0.03662218
0.05142536
0.02759109
0.01461806
0.05028006
0.03717243
-0.03941982
-0.02104314
-0.01946768
0.00902031
0.01954775
0.02852098
0.03980140
-0.02658590
-0.02793541
0.02568071
-0.00660132
0.00323509
0.03099957
-0.01286461
-0.00527741
0.02593110
-0.03848311
0.00800778
-0.02254794
-0.02991656
0.00294875
0.03888830
0.04696588
0.02339089
0.01843117
-0.01906824
0.03690949
-0.03627939
-0.02706660
0.01109986
-0.00995057
0.00742874
-0.00220907
-0.04503655
0.01690426
0.01009809
0.02137941
-0.01366993
0.04789094
0.04470338
-0.00851841
0.03964976
0.02306329
-0.04703483
0.03407825
0.01706898
0.05886362
0.06262407
0.01821038
0.02809010
-0.03052888
-0.02457130
0.02294154
-0.03707504
-0.03703092
-0.03192503
0.01507004
-0.01818419
-0.02552535
-0.04989891
-0.06115767
-0.00886124
-0.01997900
-0.04778532
0.01333451
-0.00794315
0.05447102
-0.04387376
-0.03758687
0.08517502
-0.00130108
0.03509444
0.04255265
0.01609928
-0.02249830
-0.01999689
0.02732554
-0.02550328
-0.03536347
0.04006191
-0.04572800
0.02427662
-0.01936462
0.02965462
-0.03478339
0.02389906
0.00969715
0.02268467
-0.00659933
-0.03430605
0.06632438
0.01385773
0.03475071
-0.01645922
-0.06704256
-0.01126560
-0.01497086
-0.02936767
-0.01230335
0.04103225
0.02364632
0.02728167
-0.03419703
-0.03794913
-0.01837940
-0.00319600
0.02997954
-0.00925480
-0.02886617
-0.00400871
0.04612384
0.07818833
-0.01324245
-0.03051456
-0.03900123
-0.04273206
-0.04456683
0.02428426
-0.03667883
-0.01875547
0.02907950
-0.03513115
0.02280535
-0.01404369
0.01365599
0.03169007
0.07236319
0.03707363
-0.04201329
-0.00913540
0.03508267
-0.09543507
-0.02526719
0.06582510
0.04670038
-0.03314723
-0.04139019
0.03317025
0.05515741
0.03284899
0.03908493
-0.03202983
0.03404387
-0.03031496
0.01602257
0.03378497
0.03904303
-0.03095978
0.00169917
-0.02367645
0.02656424
0.01839553
0.03684226
0.01900047
-0.01262217
-0.05883741
-0.03566165
0.06235567
0.02795488
-0.02948697
-0.03838160
0.00550272
-0.05173841
-0.01398052
-0.04172110
-0.03078401
0.03446192
0.04378103
0.02711105
0.03347124
0.01441228
0.06278244
0.00588329
-0.02945300
0.06620772
-0.00104915
0.02169595
0.03915435
0.04622430
0.00263203
0.01597233
0.01826192
-0.01586680
-0.00602045
0.01432292
-0.00142705
0.05448166
-0.00570440
-0.03360349
-0.02776575
-0.06675240
-0.03156716
-0.04116058
-0.04510792
0.00479070
0.05146562
-0.03975694
-0.04636866
-0.02272450
0.04736733
0.04410487
0.04370029
0.05809634
0.02727293
-0.00434766
0.00933396
0.06518687
0.03428705
-0.00896894
-0.01220508
-0.00085758
0.04104865
-0.02673103
-0.03168828
-0.01611996
-0.02317686
0.03177183
0.04673988
-0.00954039
0.03056562
0.02857718
-0.03183520
-0.01903954
0.02298623
-0.00534323
0.00294918
0.02377051
-0.02480066
-0.00195413
0.02702595
0.04738517
-0.04365049
-0.01464158
-0.01188368
0.00749011
-0.04927784
-0.01561692
-0.02073684
-0.02784481
0.02305977
0.03851893
0.03162211
-0.07870794
-0.00333237
-0.01796761
-0.03869327
-0.02839972
0.04650229
-0.03645201
-0.00064341
0.00094194
-0.00120191
-0.04046959
0.02946026
-0.00240310
-0.01103893
0.01458396
0.01267782
-0.03777396
-0.03926835
0.06263801
0.04590277
-0.01976639
-0.04388987
-0.01402131
-0.03715142
-0.04454611
0.02579479
0.04232514
0.01197605
0.02850221
0.06143243
-0.03233777
-0.04692871
-0.00261060
0.00440098
0.05045800
-0.06215040
0.01951680
0.00907345
-0.03759684
-0.04243432
0.01943531
-0.03871194
0.02312026
0.04420978
0.03587377
-0.03071869
-0.05150860
-0.06001979
-0.01430975
0.02654492
0.01720023
0.03252276
0.05792767
-0.05279917
0.01488926
0.00178812
0.02110454
-0.01063017
0.01378271
-0.01912018
0.01024222
-0.05501274
0.02169561
0.03186743
0.04357946
-0.01508442
-0.03060692
0.04850843
0.02807974
-0.02457078
-0.03619397
-0.04505677
-0.04155796
0.02516096
-0.06075070
-0.02545293
-0.00729708
0.01910059
-0.04036572
-0.02920255
-0.01853625
0.02940246
0.00601094
0.06666321
-0.00146761
-0.01154315
-0.00765661
0.04492805
0.01761402
-0.02508510
-0.00100065
-0.02727283
-0.02115178
0.07425209
-0.06006558
-0.05627710
0.03051441
-0.01926282
-0.06016688
-0.04360988
-0.02052203
0.02062884
-0.01504393
-0.00941112
0.02400847
-0.00210179
-0.01261696
0.01842112
-0.02850364
-0.00209742
-0.07042772
-0.01747715
0.00024551
0.07116280
0.05559158
-0.03202493
0.04886878
-0.02842504
-0.00546843
-0.00492020
0.00397366
-0.00330973
-0.00835057
0.00574783
0.01000060
0.03002275
-0.01135959
0.01553373
0.06557748
-0.03328492
0.02302259
0.01854221
-0.03541411
-0.03564353
-0.00577539
-0.01201701
-0.05977837
0.01811584
-0.03020206
-0.03002815
-0.00486432
0.01754561
-0.01419101
-0.03271402
0.00178424
-0.04977109
-0.02039609
0.00382034
0.02218841
-0.03561668
0.00886131
-0.01155961
0.00847871
0.00275564
0.01018518
-0.04108256
-0.01901515
0.01863342
-0.00592054
-0.04818650
-0.04103293
-0.00624499
-0.02756992
-0.03025748
0.01122472
0.00278551
0.02092456
0.05390950
0.03306635
-0.01111094
-0.03893254
-0.03619080
0.06278449
0.03070301
0.04751048
-0.05636625
-0.04543113
-0.02111841
-0.04785203
0.05370302
0.04131966
-0.03171038
-0.03052838
0.04552155
0.01601055
0.04885146
-0.03525682
0.02237422
0.00545381
-0.04162533
-0.02212499
-0.04759797
0.06271349
-0.04081659
0.01795109
0.00686597
0.06129216
-0.03893625
0.05460299
0.02293180
-0.00778271
0.00193370
0.00434835
0.00586438
0.03853874
0.02900245
-0.03288270
-0.01330951
-0.00053841
0.07070067
0.02358443
0.03099198
-0.04248074
-0.04062745
0.04735794
0.00878481
0.06331918
0.00789296
0.01210602
-0.04384971
0.02285541
0.02415856
0.06381907
-0.02983929
-0.01900720
-0.00408225
-0.03367430
0.04402580
-0.01373166
0.00615778
-0.04385253
-0.02472452
-0.01168742
-0.00671531
-0.01730263
-0.00330131
0.02042297
0.02822415
0.03244056
0.02362746
0.03444334
0.01775798
-0.04689962
0.03668898
-0.02332869
0.01024888
-0.03150012
-0.00173633
-0.03727188
-0.02094690
-0.01960275
0.02755058
-0.02517579
0.01410188
0.02141892
0.00981954
-0.03906037
-0.04114683
0.06662776
0.05463606
-0.05858421
0.01146358
0.02703371
-0.00224938
0.04158083
-0.04664036
0.03555376
-0.04303515
-0.01999648
0.02096982
0.03577365
-0.04283800
-0.01548467
-0.00725496
-0.05303475
-0.02305837
-0.04499955
0.00307133
0.04522439
0.04602953
-0.02753384
0.05202907
0.03688784
-0.04934594
-0.00284436
-0.05226751
-0.02333484
-0.02088821
0.04550958
0.01848825
0.00506023
-0.04828256
-0.00955566
0.00744205
-0.02574437
0.03176090
-0.02978935
0.04022113
0.05153737
-0.02236032
0.04447417
0.01625615
-0.03396444
0.00548913
-0.00179211
-0.00094601
0.05232635
-0.02706105
0.02451102
0.02077182
0.01360551
-0.02686879
-0.05152125
0.02732697
-0.01327375
-0.02117118
-0.02002547
0.01715313
-0.02307430
-0.00716290
-0.01676265
0.03172233
-0.01348274
-0.04419197
-0.03384998
-0.03262256
-0.01381839
0.02024987
-0.02733207
-0.01484146
-0.05208925
-0.01215793
0.01366763
0.00214828
-0.04631989
-0.04027207
-0.01808580
0.01839563
-0.02516034
-0.00449281
-0.01183906
-0.01312504
-0.00793163
-0.01089753
0.07979573
0.04951762
-0.05616450
0.00759817
-0.01638137
0.00672351
0.05993485
-0.00480094
0.01479419
-0.01428061
0.01248147
-0.00682886
-0.00506389
0.03234783
0.04714528
0.03306991
0.04283856
-0.03823182
0.00551384
-0.04156070
-0.02011972
0.00393716
0.04525245
-0.00051292
0.01830724
-0.05893298
0.00355659
0.00110520
-0.01943506
0.03543513
-0.01817379
0.04764016
-0.02362881
-0.02271844
0.01306453
-0.01531478
0.08814080
0.02445129
0.03923529
-0.02290305
0.06133715
0.04037238
-0.00484982
0.02004308
0.02527608
0.05345367
-0.02734326
-0.04869914
-0.07207189
-0.06277655
-0.01738479
0.00629027
0.02023530
0.02329548
-0.03975923
-0.02274139
0.01194658
0.01566331
-0.05172146
-0.01977429
-0.01399414
0.02308239
0.01468321
-0.01629055
-0.02379651
0.03343615
-0.03231296
-0.02904450
0.01167707
0.01676467
0.05376152
-0.04337359
-0.01336168
-0.00556398
-0.02884306
0.01493290
-0.00661226
-0.03943504
-0.01705455
-0.00791843
-0.04075033
-0.03550806
-0.03421204
0.02634482
0.01626229
0.01195007
-0.05444000
0.03701331
0.02679573
0.00121890
0.00005168
-0.01647238
0.02569792
0.00158739
-0.04282147
0.01456250
-0.00121192
-0.04831083
0.04252088
-0.01995250
-0.06636286
0.00227332
0.01025070
-0.04302670
0.07269187
0.04007794
-0.01813322
0.02500362
0.00536601
0.03409062
0.01568733
0.02275369
0.00334868
0.07952680
-0.03066784
0.03047011
0.04492025
-0.00579572
-0.04176018
-0.03415385
0.01734994
0.06524271
0.04744582
0.00755856
-0.03348488
0.06402479
-0.05076113
-0.01490992
-0.01608839
0.03971127
0.06032051
-0.03844005
-0.00234285
0.04476699
0.10718572
0.01500631
0.03638727
-0.03355337
-0.04420098
-0.02990546
-0.03535641
-0.03296353
0.04995189
0.00729888
0.00271051
0.06916878
0.01720895
-0.01591139
0.05730431
-0.06257051
-0.02323375
-0.00153757
0.03648902
0.06675135
0.01809450
-0.01797697
-0.01109558
-0.01612619
0.09661037
0.04645336
0.04738778
-0.03301058
-0.00774533
-0.01506052
0.00718220
-0.04402305
-0.01857827
-0.04553290
0.00087068
0.00659612
-0.05680574
-0.02669914
-0.02251012
-0.00412358
-0.01110424
-0.04900643
-0.01133603
-0.00353243
0.02036181
-0.03208286
-0.06503892
-0.02712221
0.01875027
0.00275930
-0.03658782
0.04650100
-0.00616302
0.00494702
-0.01237973
-0.00702968
0.01116772
0.00364862
-0.01192037
-0.01460715
-0.00128006
-0.01470622
-0.06135409
0.02236290
-0.05323364
0.04830996
0.08113652
0.01024231
0.04285483
0.00132260
0.00423766
-0.02734439
0.02305394
-0.04157969
0.01566935
-0.01377244
-0.01064156
-0.00848269
-0.01317090
-0.00252979
-0.02287963
0.07059994
-0.00746119
-0.03069855
-0.03766415
0.07083806
-0.01400451
0.05503824
-0.05026582
0.00884617
0.02890899
0.05951385
-0.01993644
-0.01415702
0.04137395
0.00535002
0.00501458
0.02116552
-0.02794259
0.05103620
0.03052811
-0.00410968
-0.00518668
-0.03426931
-0.02890738
-0.01069136
0.01254333
0.00399676
0.11133197
-0.03353017
-0.03343708
0.02843662
0.04449558
0.04133544
-0.05076408
0.04821425
0.00402089
-0.11911114
0.00188516
-0.04535384
0.04974998
-0.04932322
-0.02873135
0.01962424
0.06352488
-0.00647384
0.12002538
0.02617889
0.03495043
-0.02821999
0.03269232
-0.03132009
0.04153991
-0.00767183
0.04314414
-0.02865411
0.03217120
0.04303772
-0.02794512
-0.01149606
0.00928902
-0.07745819
0.00599921
-0.04522348
0.05607833
-0.01189071
0.01821290
-0.02273563
-0.01975495
-0.04445364
0.03512446
-0.04412233
-0.00841172
0.03112235
0.02266214
-0.07276666
0.02199993
0.06701555
-0.04297403
0.02951255
-0.06736133
0.03923993
-0.04050575
0.00061031
-0.02603158
0.02123939
0.03970983
0.02310273
-0.00340820
-0.03869807
0.04956460
-0.01465819
0.06789263
0.05422691
0.06529342
0.01471621
0.00234443
-0.00441152
0.00157206
-0.04156066
-0.02351298
-0.04905992
-0.04015611
-0.04472650
-0.00923730
-0.01921442
0.02877329
0.04173922
0.04568843
-0.02565160
-0.00849898
-0.02065981
-0.04522649
0.01221260
-0.01922305
-0.04083019
0.00338682
0.05135221
-0.05809991
-0.00572122
0.01294494
-0.07320052
0.03821442
-0.02632564
-0.04125731
0.07287562
-0.00515173
-0.04449966
-0.02541127
0.00705859
-0.03698014
-0.04553328
-0.03101533
-0.02107615
0.03368801
0.02742191
0.01949492
-0.00696307
0.01064196
0.00495774
-0.03780699
0.04321068
-0.01469584
0.01059438
0.01932919
0.02958670
0.05263974
-0.02155683
0.04111885
0.03278257
0.06591851
0.02129433
-0.06418828
0.02882793
-0.00332727
0.00533164
0.01571626
-0.02223625
0.04949999
0.03145183
-0.04855917
0.02740152
-0.02764675
-0.00171993
0.02605874
0.05775753
0.04538068
0.00066234
-0.02591337
-0.04364292
-0.01722234
0.02468991
0.07006428
0.01394348
0.00493766
-0.00573469
-0.00580481
-0.03018288
0.05443921
0.01658028
-0.00896056
-0.02574105
-0.02511862
-0.00402487
-0.01759177
0.01007302
0.03214775
0.02128072
-0.03614439
-0.02528942
0.00006572
-0.01399018
0.04335741
0.00889068
-0.02390758
-0.02743700
-0.00173742
-0.05407016
-0.04299948
0.01157651
-0.00925604
-0.05249766
0.02883819
0.02915893
0.01322401
-0.04007645
0.03588248
-0.04708161
-0.02991013
0.00086552
-0.01690114
-0.01694586
0.02807778
-0.06149935
-0.01927921
-0.03388769
0.03771568
0.03636205
0.05354879
-0.03000148
-0.01574533
-0.02692050
-0.03907304
-0.01879797
0.03164918
0.00904928
0.03355935
-0.03357740
-0.02611664
0.03437285
-0.05238327
-0.03637566
-0.01340950
-0.04371595
0.05004977
-0.04652910
-0.02021061
-0.00602965
0.03721391
-0.00421143
-0.05500351
0.02473344
0.03285215
-0.01803500
-0.00519107
0.01172189
0.03892466
0.04769428
0.04726164
-0.05141102
0.07712246
0.04422699
0.02459669
-0.02619719
0.01667999
0.00388450
-0.01020783
-0.02422323
0.04664425
0.04207543
0.04070752
-0.01733454
-0.02818205
0.00840957
-0.05057953
0.00995196
-0.01090449
-0.04278252
0.05064395
0.02848903
0.02549309
-0.03979126
-0.01877550
0.03537163
0.03810386
-0.02723755
-0.04830175
0.05729276
-0.02861432
0.01820825
0.00306236
0.00986745
-0.02535702
0.00789546
-0.04867693
0.01811969
-0.00098173
0.05791117
-0.02606962
0.00668158
-0.04351654
0.05009743
0.03689259
0.05539966
-0.00499241
-0.00750852
0.02168485
-0.02031031
0.03926728
0.02791562
-0.00460723
0.02892980
0.06200032
0.01493021
-0.00269795
-0.01491651
-0.01471192
0.00578692
-0.01454676
0.00431834
-0.01802233
-0.01358936
0.02764787
0.00644448
0.02045835
0.00962241
0.05646971
0.03475760
0.03292568
-0.04849041
-0.01114877
-0.02684354
0.04418410
0.02981688
0.02840176
-0.03134903
-0.03096598
0.01318280
0.04743603
-0.01103488
0.03882215
0.04670690
0.02955493
0.00446580
-0.01500606
0.02281296
-0.02839274
0.01304984
0.01878295
-0.00453561
0.01865792
0.04947661
0.04705178
0.05760622
-0.01763199
-0.04585636
0.04620685
0.01954419
-0.03325204
-0.02280202
-0.02642537
0.03713528
0.04736171
0.04167953
-0.00763846
0.01602054
0.00872399
-0.01559894
0.05107743
0.02263348
-0.02147490
-0.03271201
-0.02506425
0.00937418
0.02003913
0.00256516
-0.03401906
-0.03262788
0.03209373
-0.02665936
-0.01340493
-0.03777532
0.01196085
0.03651572
0.01896559
0.02100137
-0.01846412
0.01381134
0.01018381
-0.00374763
0.04311601
0.04766513
-0.06580039
-0.02967580
-0.03613260
-0.00650491
-0.04287493
-0.00024241
0.03777471
-0.03664701
-0.01964798
0.00077214
-0.05099593
-0.00114315
-0.02915983
0.00794210
0.03438665
0.04960141
0.05737524
-0.00858837
-0.02608550
0.03557423
-0.04560116
-0.04389021
0.04178717
0.02642256
-0.04697229
-0.04314044
-0.02732641
0.04351375
-0.00439650
-0.05148597
0.00956956
0.01760327
-0.00670783
-0.05419262
0.00906313
-0.03831563
-0.02794342
-0.00031267
-0.02675021
0.02946949
0.03567475
0.00311563
-0.01872483
-0.02677797
-0.00907648
-0.02083431
0.02710577
-0.05319859
0.06512487
-0.00645198
-0.03755686
0.04602369
-0.04052496
-0.03501851
-0.04931117
-0.04644118
-0.03050935
0.03108945
0.00428531
-0.01743518
-0.00580309
0.01160279
-0.03060824
0.00080803
-0.05589113
0.02183517
-0.00221934
0.00847836
-0.03101316
0.02616861
-0.00120149
0.05477164
0.07377808
-0.00912943
-0.03854871
0.00983984
0.01881515
-0.04364407
0.03474235
0.03426408
-0.05050410
0.00641213
0.03903110
0.00186843
-0.01445801
-0.02265764
-0.01211893
-0.07677804
-0.04900798
-0.01443197
-0.07954668
0.02667915
-0.01242086
-0.01636568
-0.00152175
-0.03836172
0.04046437
-0.05949933
-0.00649796
0.02142391
0.00002440
-0.01280018
0.03040927
-0.00827975
0.03038166
-0.05072824
0.00920042
0.01010063
0.04336653
0.03394176
0.03390656
-0.02734461
0.03951382
-0.02911718
-0.04704339
-0.06571882
-0.04542607
-0.03135909
0.01115737
-0.03707466
0.00179279
-0.02592189
-0.04212317
0.02722784
-0.00353219
0.00517149
-0.00560269
0.01652579
0.01246425
-0.00361054
-0.00845252
-0.02979065
-0.01842814
0.00827522
-0.00818696
-0.00167834
0.01525975
0.02919176
-0.02874245
0.00366007
0.03347995
0.02029696
-0.05370287
-0.03852513
0.03360690
-0.02702413
0.02580538
-0.03768223
-0.01715206
-0.05839919
0.02512079
0.03586877
-0.02879589
-0.03367647
-0.04265842
-0.01926039
-0.01260620
0.03796057
-0.00548086
-0.01632090
0.04449196
-0.02714974
-0.04352892
-0.05046812
0.00367992
0.01917079
-0.04008733
0.00990993
-0.04292905
0.03656245
-0.03051851
-0.00765684
-0.05762333
-0.01733562
-0.00166426
-0.06138765
-0.04520894
0.05107085
0.02357260
-0.06141019
-0.01916211
0.03757597
0.00314457
-0.02121428
0.00283203
0.03011219
-0.03783987
-0.03865089
-0.02813776
-0.02459440
0.03046981
0.07474916
0.01462395
0.04634095
-0.00336786
-0.05035462
0.03887702
0.02201246
0.04330685
-0.03568147
0.00151476
0.00377154
-0.03948527
-0.02631930
0.00912597
0.01557265
0.00840219
-0.07091112
0.00682441
0.02394064
-0.00193606
-0.04115366
-0.00468885
0.03851195
-0.01590148
-0.02324743
-0.00099951
-0.04427443
0.01165183
-0.04218214
-0.02831348
0.01992974
-0.02837850
-0.00807546
-0.01607789
-0.04565201
0.04336874
-0.00152656
0.01916395
-0.06150919
-0.00680241
0.05398069
-0.01724017
-0.04203575
-0.05424990
-0.05367070
0.03115418
-0.02555789
-0.06602253
-0.02081900
0.03975409
0.03958613
-0.02080340
0.05149882
0.02744671
-0.02687990
0.00980110
-0.01549994
0.03993358
0.02597252
-0.02334070
0.00194745
0.02242683
-0.00587260
0.00679617
-0.04421998
-0.00923122
-0.00433865
-0.00889175
0.01046167
-0.04889936
0.01450663
0.01710020
0.03890043
0.01046671
0.02127397
-0.00909621
0.01343842
0.03740169
0.06052776
-0.00115424
0.03109925
0.00686030
0.01297561
-0.03068950
-0.01825388
-0.02556083
-0.04612628
0.00501947
0.00592053
-0.01943477
-0.03807717
-0.00193009
-0.04069350
0.01609164
0.04784197
-0.01184896
-0.02466488
-0.06428210
-0.03439138
-0.03472388
-0.05114979
0.00714220
-0.03710733
-0.05362530
-0.03752214
0.01241796
0.02451498
0.00148211
-0.01063275
-0.06010947
0.03141448
-0.00992069
0.05178778
0.00133238
0.04835030
-0.01441301
0.00125641
-0.04428364
-0.04180354
-0.04559373
-0.02304566
0.00377666
-0.01116744
0.06468173
0.00860367
0.00643203
0.01095823
0.03907732
-0.04194168
0.04002406
0.04581696
-0.05054560
0.02031377
-0.01840905
0.03410075
-0.00879396
0.05178331
0.06833017
0.00399651
0.00622397
0.02313482
-0.00289481
0.03266696
-0.00259875
0.01003053
-0.00334156
0.04273031
-0.03744262
0.06174222
-0.05768457
0.00899724
0.01291732
-0.02110190
-0.03657236
0.07350975
0.02846964
-0.00539701
-0.04856516
-0.04134734
0.00416407
0.00542585
0.05058230
-0.05010804
-0.02184880
-0.04050654
0.02944245
-0.01828799
0.06108216
0.02791968
-0.02223084
-0.06901664
-0.02876123
-0.01427595
0.02137579
-0.00495239
-0.03198040
-0.00974930
-0.01126769
0.04204843
0.02352081
-0.03481606
-0.03306988
0.00439233
0.00730747
-0.04194392
-0.03371999
-0.01162588
-0.01934039
-0.02394670
0.03826641
-0.01332161
0.01007182
-0.03220291
0.00353780
0.02822901
0.00837741
-0.01509583
0.00805522
-0.01960930
-0.03630838
-0.03350800
-0.01523348
0.02101373
-0.04035267
-0.01037629
0.00746667
0.02184646
-0.00942321
0.04626106
0.00865597
0.00971475
0.02756299
0.04876301
0.03690726
-0.05105475
-0.01983655
0.04229174
-0.03372782
0.04086142
-0.02031295
-0.00847233
0.01968974
-0.03245718
-0.04995067
0.03782889
-0.02282587
0.02197849
0.03218074
-0.01344194
-0.02736773
-0.04989858
-0.03603637
0.02417799
0.03687200
-0.02655989
-0.02567159
-0.00824297
0.02293989
-0.04747269
-0.03867994
0.00392362
0.00819085
0.07206196
-0.03311976
-0.00250511
-0.04336899
-0.01763978
0.02231377
-0.05686200
-0.02828175
-0.03402139
0.03962809
0.03261219
0.00008369
0.01738390
0.03699686
0.01209475
-0.00332785
-0.03077508
-0.00882559
0.02164453
-0.02603011
0.01785905
0.03025787
-0.00366309
0.01060357
-0.02847645
0.02286784
-0.04027395
-0.00619081
0.03591335
0.00083250
0.03326732
0.00281859
-0.03438625
0.04727454
0.01471662
0.00013133
0.01626863
-0.01182054
0.02629914
0.03406294
-0.05724707
0.04068077
-0.04327092
-0.01218673
0.00577798
-0.02640744
-0.02130249
-0.01526266
0.01132742
-0.00066382
0.02865937
-0.04049030
0.01276248
0.03474947
0.01780037
-0.01300803
0.02871737
0.02664746
-0.03664983
0.01723776
-0.01176031
-0.03129485
-0.01258031
-0.02432231
-0.03944889
-0.00035102
0.03739746
-0.02869655
-0.01351018
-0.03687644
-0.01453931
-0.02261753
-0.02967493
-0.02970692
-0.02971345
0.02106673
-0.04490659
0.04529944
0.03549986
0.04972738
0.00743319
0.01997096
0.02251929
-0.05424224
-0.04782602
0.02969723
0.02171365
-0.01464613
0.03433402
0.01016725
-0.00428584
0.01610465
-0.00199349
-0.01808660
-0.00750073
0.01394384
0.01511751
0.02989011
0.01738542
0.05542720
-0.03266707
0.01331702
-0.00919406
0.05190755
-0.02395229
-0.02882409
-0.04408750
-0.03609879
0.00771816
-0.01746547
0.01961345
-0.02475482
-0.05361281
-0.00993521
-0.03188927
0.00454691
-0.03936473
-0.01191357
-0.04566564
0.04295672
-0.05151749
-0.02378925
-0.03314893
0.03287782
0.03801858
-0.03237697
0.02118644
0.01708900
-0.01906954
-0.00850336
-0.03539161
0.01342046
0.01939880
-0.03750508
0.04078438
-0.03842574
0.05111691
0.01617371
0.05472347
-0.02270600
0.00011394
-0.02164275
-0.02496928
-0.05548035
-0.01085224
-0.00810378
-0.04341467
0.03714602
-0.00229534
-0.03571710
-0.00111821
0.02165870
-0.02094884
-0.04680349
-0.03748405
0.01538795
-0.04520916
-0.02912080
-0.01081994
0.06121679
-0.00608372
0.04033211
0.02795236
-0.03332482
0.04677422
0.06507526
0.02311968
-0.05433615
0.00001934
-0.05832960
-0.00509330
-0.01938095
-0.00741959
0.03646856
-0.02478530
0.04666892
0.04004275
-0.01269307
0.01231081
-0.02856189
0.02889036
-0.02936875
-0.00946022
0.02053732
-0.00465884
0.02354041
-0.00093585
0.03346025
0.01257648
-0.00388941
-0.03162431
0.02603341
-0.03159534
0.04677501
0.02189139
-0.04067824
0.00385659
0.01818872
-0.05136001
0.04346016
0.02680191
0.03694813
-0.05157541
-0.00207939
0.05196721
0.01462871
0.04567838
-0.02072891
-0.02391431
0.02288438
0.00659089
-0.00024637
-0.02787953
0.02084895
-0.03606986
0.01768252
-0.04446929
0.00135097
-0.00795459
-0.03861091
-0.03358345
0.00792845
-0.03425523
-0.04954378
-0.04339920
0.00459904
-0.02857427
-0.04658036
-0.02252613
-0.04939223
0.01764399
0.03220838
-0.02933345
-0.04569897
0.04761649
-0.04474607
0.03707486
-0.04146692
-0.00784641
-0.04039559
-0.02475316
-0.03575837
-0.01419742
0.05196931
-0.05000832
0.01017222
0.00219982
0.02087670
0.00380035
-0.01328119
0.04281573
0.00874300
0.03932285
-0.00947520
0.01323646
-0.00749695
0.03917426
0.00171114
0.03903938
-0.01558380
0.03774495
0.02635451
-0.01427580
-0.01622871
-0.00614124
0.04906046
0.04937746
0.02492759
-0.00361458
0.04686848
0.04826280
-0.04204305
0.03787821
0.01728706
0.00825862
-0.02476125
0.03020972
0.04423434
-0.00773323
-0.01874405
0.00271342
0.03716708
0.04840618
-0.03330976
0.02052577
-0.03175156
-0.04392436
0.04044889
0.01099102
-0.02313172
-0.00490124
0.03612379
0.03711467
0.00192560
-0.04780407
-0.00568057
-0.00051822
0.03201348
0.02545900
-0.01312297
-0.02277365
0.02882277
0.01826925
-0.06292175
-0.01088773
0.02841031
0.00507696
-0.02169994
-0.00726917
0.00862596
-0.01105648
-0.00571904
-0.04142099
-0.00474230
-0.01548638
0.02081903
-0.00676596
0.02604303
0.02206828
-0.00663427
-0.04410828
-0.07795992
0.08219209
-0.03640326
-0.01380580
0.07903235
-0.02692632
-0.03309405
0.05478214
0.00162398
0.02038548
0.03856966
0.05476193
-0.04980005
0.06391041
-0.06004960
0.03551927
-0.05067705
0.03335182
-0.05450807
0.00178940
-0.00021661
-0.02603251
-0.03186207
-0.03903523
0.01681377
0.01173878
0.01524557
-0.02386320
-0.03299619
-0.00559745
0.06049695
-0.01074235
-0.00127501
0.01541968
-0.05958648
-0.04766320
0.03958059
0.04247197
-0.04516505
0.03801564
0.01597270
0.00869312
-0.00330593
-0.02394922
0.09570244
-0.02251920
0.06973638
0.02407355
-0.02228403
0.02441399
0.02548171
-0.00989379
-0.01467567
0.00819643
-0.02598219
0.01121189
0.04256236
0.00634664
-0.00813530
0.03174496
0.03354950
0.01942948
0.00252177
0.00962930
-0.05948952
0.03728773
0.04794691
-0.02076746
-0.01678259
0.00813025
0.01300041
-0.01023051
0.02471880
-0.01409683
0.03158005
-0.03233448
0.02227917
0.06352713
-0.00787059
0.05852675
0.04371008
0.02799141
-0.00553968
-0.00443063
0.00008629
0.06973161
0.04814488
0.02915371
-0.02166760
-0.06369301
-0.00585426
0.04715459
0.01723543
-0.00463585
-0.03756697
0.05317178
0.04781954
-0.00708988
-0.00569951
-0.03480320
-0.00895768
0.04098386
0.05318788
-0.03597134
-0.02141080
0.01507454
-0.01158375
-0.03114933
0.00874765
0.04165392
0.06884938
0.00207843
-0.02169316
-0.00326309
0.04584647
0.02491117
0.02512314
-0.03600015
-0.02304239
-0.07093610
-0.04636807
0.02933050
0.06046284
0.03739902
-0.02185981
0.00497376
0.03422950
-0.03878098
0.05580796
-0.00717583
-0.04261665
-0.01680389
-0.02492924
-0.01550891
-0.00197842
-0.01410382
-0.02095574
0.04423549
0.00669044
-0.05206006
-0.01485886
-0.00230516
-0.04364348
0.04134364
-0.02215117
-0.01412012
-0.04539669
-0.00266597
-0.00721144
0.03488288
-0.04589663
-0.01800147
0.07290221
0.02851477
0.00791932
0.01857415
-0.04378290
-0.01964995
-0.04159018
-0.01669932
0.00568646
0.03844308
0.08326811
0.01243117
-0.03476267
0.01527480
0.03223547
0.02286219
0.02631358
0.02159346
-0.03071046
-0.01706909
0.01421549
0.01112386
0.05206729
-0.04828540
-0.01942846
-0.02371195
0.02287737
0.01578916
-0.02392569
0.05867712
0.03011647
0.00101283
0.02607684
-0.04186323
-0.02394990
0.03027714
-0.02574107
-0.07110123
-0.05698530
0.01970162
0.01053807
0.05610290
-0.03818482
0.04521275
0.01718461
-0.05860590
0.03301662
-0.05914014
-0.03455684
-0.04441392
-0.01817599
-0.04569170
-0.01579917
0.08281375
0.03882745
-0.01056440
0.02044623
0.00166131
0.00639139
0.00713472
-0.01538156
-0.02628368
-0.01985495
-0.00024638
0.02155415
0.05332784
-0.02938867
-0.03008173
-0.03884354
-0.02414652
-0.01390970
0.02743379
-0.03910541
0.01947369
0.00682966
-0.02220169
0.00690977
0.02066434
-0.03203919
-0.04017311
-0.00265622
-0.02666082
-0.03960552
-0.04489651
0.04088502
0.04207595
-0.00426488
-0.04676113
0.00792633
0.00393594
-0.00672760
0.02493844
0.04915962
-0.02242620
-0.02185328
-0.01903197
-0.00236556
0.02942340
-0.03833506
0.01544999
0.00126035
0.02885901
0.06657118
-0.03720525
-0.04654327
-0.05894776
-0.00247006
-0.01357743
0.00790594
-0.02707855
0.03929097
-0.00241945
0.00886003
-0.01992630
0.01566923
0.00429338
-0.01144811
-0.01602852
0.03598227
0.03687141
0.00269856
-0.02359055
-0.00982162
-0.02757590
0.02591623
-0.01457345
-0.00119298
-0.00369982
-0.01336415
-0.05512065
-0.02683522
-0.02479768
0.01430318
0.00932438
-0.01840600
0.01619993
0.01109818
-0.00448786
0.01442051
0.04699384
-0.00097539
0.00487026
-0.04310707
-0.04173499
-0.03245157
-0.03243113
0.01692198
0.01873176
0.03418573
0.02233607
-0.06306393
-0.04387177
-0.04029911
0.00148643
0.04742032
-0.02585386
-0.01398085
-0.02020991
0.03283016
0.04294196
0.05216816
0.01673161
0.00351440
-0.05164739
-0.00901970
0.05135006
0.04770954
0.03612987
0.01116284
0.03766199
-0.00450611
-0.02234904
-0.04785179
0.03972441
-0.02756378
0.00749328
0.02123412
-0.01650406
0.00507562
-0.00809462
-0.01527470
-0.04155880
0.02965542
-0.04389669
-0.01774156
-0.03328835
0.01797234
-0.01525747
0.03717167
-0.01547274
-0.05024159
0.03708714
-0.02910275
0.03528019
0.04196404
-0.05729241
0.03347416
-0.02952889
0.01741513
-0.01722653
-0.02520391
0.03685712
-0.04814226
-0.02027401
-0.00244986
0.01999192
0.00086282
0.03142191
0.01682729
0.06125024
0.05198251
-0.04384089
0.04287188
0.04500746
0.02199289
-0.01647722
-0.02957273
-0.03614942
0.03743658
-0.02294382
-0.00669828
0.00883491
0.01017866
-0.00651612
-0.03902001
-0.04748707
0.03160469
0.03145681
-0.02318439
-0.04340707
-0.01499332
0.04319764
-0.01026488
-0.02991851
-0.04559147
-0.02040032
0.05795375
-0.00983304
-0.00046213
0.02878200
0.01872831
-0.01119048
0.00547741
0.00994526
0.01017956
0.01961657
-0.02552096
0.03412999
-0.04067177
0.01001294
-0.00326631
0.02016136
-0.04179928
-0.05676511
-0.03226154
0.02286457
0.01069863
0.01877377
0.00082413
0.00561629
-0.00143986
0.01641447
0.03285857
0.01170704
0.02900059
-0.02109664
-0.00395042
-0.04367598
-0.02268902
0.02540376
0.05492796
0.01919357
-0.01462625
-0.04353203
-0.00571965
-0.01467640
-0.04386637
0.04957400
0.01313039
0.02667743
0.00447587
0.05425856
-0.02424963
0.00413841
-0.03850173
-0.02494342
-0.01629931
-0.01071316
0.04751282
0.01957774
-0.04656578
0.04858082
-0.01190505
0.04313948
-0.03220982
0.02750632
0.01597647
0.02345581
0.04444985
-0.01545362
-0.01065963
0.01519859
-0.00562143
0.01349305
-0.03411452
-0.01847247
0.02820694
0.02242284
0.04170340
-0.03548918
-0.05353487
-0.00936995
-0.03430420
-0.04606769
0.03957697
-0.02501933
0.02644768
0.03144540
0.05621629
0.01335217
0.03710214
0.06447752
-0.02558399
-0.02810185
0.01521978
0.03162620
-0.01442663
0.05652651
0.03422265
-0.03861662
0.04977146
0.04480903
0.02941641
0.04160284
-0.05005013
-0.03588494
0.04308993
0.02769754
-0.04689278
-0.01008437
0.04236884
-0.01621141
-0.02490483
0.01902073
0.02964410
-0.04994209
-0.01931113
-0.03074047
-0.04638924
-0.00815232
0.03804471
0.03734375
-0.05535510
-0.00003271
0.04228580
-0.02037374
0.00004425
0.01886917
0.06913423
0.03537761
0.01816749
-0.00714598
0.01392413
-0.01707118
0.05630360
-0.04142190
0.04071471
0.01598796
-0.04957745
0.07049114
0.04006780
0.03708594
-0.02413223
0.02570152
0.00050231
0.02454238
0.01596833
-0.01295851
0.04216899
0.00053536
0.00558993
0.03558237
0.04476023
0.04370843
-0.01461181
0.01548671
0.00093782
0.00616786
0.01813513
0.01907552
-0.02607028
-0.00040855
-0.00556064
0.01678805
-0.02415110
-0.00507224
-0.04603582
-0.01258082
-0.03685864
-0.04051105
0.06908881
-0.00329090
0.02792698
0.04523447
0.00333799
-0.03026363
-0.06626331
0.00247001
-0.03273159
0.00584094
0.00645629
0.01411610
0.02421515
0.05837140
-0.03354897
0.07497040
0.04353621
-0.00846258
-0.05244117
0.02953177
0.04344426
-0.03321890
-0.03284393
-0.04092013
-0.04423699
0.00307365
0.02930911
-0.01318338
-0.00552489
0.00818078
0.02259794
-0.05730321
-0.00144405
-0.01907180
0.03700683
0.00491837
-0.00161836
0.01030116
0.03787457
0.03551724
-0.00747803
-0.02107848
-0.01798633
-0.00751260
0.06189604
0.00018820
-0.03154903
-0.01101338
-0.01987788
0.01980740
0.04291486
0.01677562
-0.00036504
0.01978387
-0.03060905
-0.06135222
0.00607625
0.04615522
0.02305262
0.01420266
-0.00006006
0.00713354
-0.02627972
0.03046913
0.04689634
0.00364624
-0.02510246
0.02053611
-0.03179586
0.00951290
0.03240851
-0.00944141
-0.04348679
0.04436837
0.03176474
-0.03651563
0.02070069
-0.03554401
-0.04663979
-0.03337860
0.01056238
0.01907400
0.03909510
-0.00824215
-0.00662689
-0.00871114
0.02979956
-0.01353927
0.04870353
0.03371085
-0.00533157
-0.03351131
0.02004976
-0.02251839
0.02305542
-0.03479386
0.04210537
-0.04226620
0.06567486
-0.04931249
-0.01148439
-0.02688680
-0.04111154
0.01919136
-0.02227796
0.01508299
-0.02678875
0.03226627
-0.05377899
-0.05104924
-0.02523139
-0.02172386
-0.00119927
0.00370686
-0.04131862
-0.05456999
0.00186783
-0.03222891
-0.02217507
-0.06405441
0.04989318
-0.03384263
-0.04746468
0.01966584
0.02028326
-0.00371757
0.05552718
0.01625160
-0.02701156
-0.02120813
-0.05219340
0.01813594
0.02221456
-0.01320383
-0.04369897
0.04542866
0.00837767
0.05010644
0.02107042
0.01487779
-0.01971856
-0.04149539
-0.02424097
-0.02292247
0.04374629
0.04876272
-0.00973119
0.05527355
0.03469501
-0.02373411
-0.02421307
-0.05265148
-0.06494264
-0.04981013
-0.00540872
-0.00272207
-0.01407795
0.02424082
0.00186634
0.00245851
-0.00200265
-0.03721159
-0.01733305
0.01532032
0.06075114
-0.07651511
0.00494356
0.04294438
0.01853199
0.02498817
0.03315095
-0.01924714
-0.04047043
0.02112234
0.00831700
0.00279944
-0.05570729
-0.00222405
0.00020454
-0.03907353
0.01591651
0.07294374
-0.00956374
-0.03152007
-0.00166646
0.02780695
0.00551218
0.01783689
0.05259654
-0.02906780
0.00892959
-0.01997352
0.05998388
-0.02185636
0.02995034
0.03447158
0.02816053
-0.00244360
-0.04818320
0.02354270
0.01978769
0.03920510
-0.03912251
0.02879968
0.00557825
-0.04379841
0.02248661
0.00182032
-0.04271961
0.04747826
0.01169690
-0.01673636
-0.03564171
-0.03447124
0.02833478
-0.04736780
-0.03932969
-0.02956277
0.00433593
-0.04329544
0.05629770
0.08020213
0.01613210
0.04820998
0.03781617
-0.03389473
-0.00450156
-0.00613467
-0.00417506
-0.03929688
0.04599820
-0.02544132
0.03501868
-0.00277152
-0.00270240
0.04758319
0.03821968
0.01833699
-0.00404300
0.05200335
0.05356598
0.01633504
0.06000161
-0.01848865
-0.02027528
0.03955144
0.03746017
-0.04034465
-0.04938461
-0.03530278
-0.01660810
-0.02669760
0.02486752
0.05161308
-0.03821550
-0.03744224
-0.00878256
0.03649624
-0.02167823
-0.00745208
0.05168469
0.01622838
-0.01605213
-0.03415370
0.00217471
-0.01654471
0.00877181
0.02637812
0.04826932
0.02657951
0.01460531
0.01836363
-0.03076565
0.03470573
0.05284231
0.02553841
-0.00380666
-0.06203774
0.04438392
-0.04330621
0.03719791
0.04460189
0.04349366
0.04093007
-0.00909457
0.02889095
0.00620349
-0.02815237
0.02487605
0.01558834
0.00156495
0.00780665
0.00721986
0.01393416
-0.01468924
-0.01527377
0.03957697
-0.00623569
0.02944313
-0.04869217
-0.03251372
-0.02011683
0.05846208
0.03420258
0.03027577
-0.04896960
0.04164930
-0.03210058
0.03421785
0.01754419
-0.00662545
0.04566685
0.03165601
-0.01761826
-0.03328342
-0.00630258
0.01604558
-0.00570076
0.00028513
0.03706156
-0.03085038
0.01940928
-0.01330712
-0.02941134
0.03042082
0.02230214
0.00382466
-0.04495358
-0.04545455
0.03888873
-0.04423268
-0.01449630
0.02598923
0.05156423
0.02672979
-0.02798533
-0.02776099
0.00457695
0.01650243
0.02981606
0.01147635
0.04182877
-0.00949690
0.06573975
-0.06394453
0.01808852
0.03801740
0.00234221
0.07331481
-0.00821838
-0.01667623
-0.00442953
-0.03504971
-0.03474673
-0.01265271
-0.03203110
-0.00791337
-0.01469418
-0.02652704
-0.05283526
-0.04897961
0.00269938
0.03691834
-0.04108250
0.04487231
0.03256026
-0.02598217
-0.04753326
-0.00253309
-0.01800928
-0.00232264
-0.02715115
-0.05131220
0.04900694
-0.02600519
-0.03853838
-0.03858101
0.00142360
0.00167432
0.05080009
0.00341596
0.00318902
-0.02039240
-0.03334198
-0.02419882
0.03564060
0.03816085
-0.01701345
-0.05007202
-0.02773368
-0.04828649
-0.02216514
-0.04805382
0.00550908
-0.04303644
0.02302261
0.02028739
-0.00775253
-0.02071309
0.03696897
0.01948805
-0.00269794
0.01795587
0.01779139
-0.03895288
-0.02111513
0.01797040
0.04851763
-0.05825746
-0.04815126
0.03335706
-0.04154649
0.02072734
-0.04375695
0.03873099
-0.02880428
-0.04557163
0.04758111
0.03390956
-0.04698494
0.00554166
-0.02591890
-0.05503133
0.00362329
-0.04549617
-0.03163641
-0.02972863
0.02809228
0.04894632
0.02928390
-0.04222074
-0.05011761
-0.00802280
0.02196117
-0.04202064
0.02400844
-0.00122850
0.02803746
0.00932315
-0.02573521
0.03655716
-0.02631227
-0.02823575
-0.01849523
0.02431116
0.04175611
-0.02538222
-0.01132459
0.00093736
0.02165888
0.01514308
0.02730526
0.01745745
0.00087195
-0.02799563
-0.03777727
0.03067064
-0.02793320
-0.04473146
-0.05090495
0.04899526
-0.02225548
0.00812915
0.03986269
-0.02638093
-0.02892297
-0.01055473
-0.04231905
-0.02241486
-0.04987512
0.01708947
-0.04789855
0.01987954
0.00553709
-0.04973119
0.00172398
0.03102369
-0.04630366
0.01238761
-0.03585138
0.02564079
-0.00938850
-0.04915857
0.00768564
0.02814195
-0.03764529
0.03594622
0.03174489
0.01477077
0.00630692
-0.00537540
0.02475485
0.01970281
0.03916445
-0.04327141
-0.02294771
0.00318741
0.02387548
-0.02938389
0.02324641
-0.02734932
0.03965112
0.01298225
0.04792556
-0.01561379
-0.01934497
0.04226660
0.03120796
0.01505744
-0.00656553
-0.03397717
-0.03766613
0.00901630
-0.03772412
0.04136080
0.01123923
0.01887150
0.02287758
0.01522889
-0.00895700
0.03403936
-0.00790808
-0.05829592
-0.00977480
-0.01041130
-0.01531683
0.04494388
0.01103981
-0.04678579
-0.02626061
0.04366053
0.02350807
-0.04179050
-0.00414586
-0.02429120
0.02513692
0.03026068
-0.04112346
0.01270308
0.02801378
0.02995645
0.03934572
-0.01045215
-0.04276653
-0.03336975
-0.02780698
-0.01342226
-0.04166790
0.01420112
-0.02587373
-0.02078043
0.03168985
-0.05416631
0.00891281
-0.01105956
-0.04580994
-0.02084595
-0.00884128
0.02276181
-0.04574084
0.00810897
0.00538316
0.04513544
-0.05734352
0.02850017
0.02048689
0.01051449
-0.00471509
0.02084474
-0.00136572
0.02983498
-0.01296927
-0.03514084
0.02391025
0.04340524
-0.05098289
0.01140818
-0.02337942
0.00421933
0.05235114
-0.04768118
0.01021792
-0.00617075
0.04460352
0.01782680
-0.04502403
0.00233516
0.01168954
-0.02967025
0.04261010
-0.03830622
0.04556698
0.04014800
0.02843118
0.02728895
0.02836274
0.03174326
0.01757441
-0.04362404
-0.03364828
-0.05158230
0.04684101
0.03714272
0.04518496
-0.03354014
0.05992395
0.01510146
0.04526642
-0.01586186
-0.01047979
0.03750114
0.03409652
-0.00682019
0.01498946
0.00738148
-0.02294853
-0.00069704
-0.04151809
0.00664682
0.05374493
0.01727077
0.02943646
0.00626548
0.04407332
-0.00832761
-0.02274191
0.02472056
0.03087454
0.04971552
-0.05153793
-0.01333376
0.01998219
0.02832641
-0.03048704
-0.06091177
0.01881807
-0.00643558
-0.03535422
-0.00530443
0.02332332
-0.04612757
0.02544873
-0.03043037
0.00629490
0.02095712
-0.04231724
0.00094243
-0.00717223
-0.01785490
-0.02975387
0.02916192
0.03994553
-0.03671836
0.03287070
0.04188596
0.00916637
-0.02253258
-0.03542124
0.02957297
-0.01608194
0.00935865
-0.00544679
-0.03167762
0.00934772
0.01693671
0.06664738
0.02885963
0.03871498
0.03667571
0.05613269
0.01854194
0.00158023
-0.03441963
-0.00824936
-0.00209188
-0.01020636
0.01592913
-0.05809404
0.02640896
-0.02169288
-0.00588682
0.04598243
0.00184523
0.04302951
-0.02141168
-0.03506071
-0.03605993
-0.01594305
-0.00291547
0.06072950
-0.01119687
-0.04088834
-0.01079713
-0.02063838
-0.05249393
0.03704507
0.02052075
-0.03086175
0.02099756
0.02599596
0.02701523
0.03031795
0.02981323
0.02025562
-0.01639130
0.01061642
-0.04317949
0.01420606
0.03655862
-0.02788747
0.02063033
0.05184394
-0.03909701
0.03922108
0.04104384
-0.03516553
0.03936573
-0.01440048
-0.01664700
0.00371637
0.02097306
0.04980604
-0.01482314
0.02214883
-0.04460698
-0.02775810
-0.00515000
-0.03194867
-0.01522541
-0.00145428
0.03328593
-0.02514509
-0.04690190
-0.03954029
-0.02667990
-0.03759762
0.01941572
0.04171969
-0.03219744
0.02170399
-0.00719893
0.05204457
-0.02280183
-0.03294436
-0.01548150
0.03111123
0.01872553
0.03663174
0.02148195
0.02488752
-0.04385175
-0.02433017
0.03192623
0.00222228
0.00392026
-0.03220594
0.02374287
-0.03632306
0.05865847
0.00311501
0.02330557
-0.03214940
0.04113005
-0.03454516
0.00415558
-0.02262642
-0.02108186
0.01394999
0.00460025
-0.02899454
0.02129085
-0.00941714
-0.04594862
0.05033227
0.03500869
0.00784622
-0.02889971
-0.02295628
0.00490210
-0.02925854
0.04427011
-0.01952041
-0.02372548
-0.02472926
0.06271798
0.04061498
0.00710457
0.03067728
-0.01380135
0.03316924
0.04365060
-0.02549361
-0.00972669
0.00406176
-0.03070239
0.04718644
-0.00196659
-0.01350049
0.04166128
0.02356519
0.02963390
-0.01495153
0.05278745
0.02473771
-0.03350436
-0.02917580
0.04486756
-0.00312215
-0.02780743
-0.03773642
0.01072450
-0.02896303
0.02899153
-0.03357637
-0.00690866
0.02735011
-0.01562025
0.05264260
0.01106609
-0.01235662
0.04851572
-0.02397621
-0.03740002
0.01321258
0.01977644
0.02322008
-0.01738453
0.00835198
-0.04157609
0.02550869
0.03862315
0.03010283
-0.01092311
0.04785892
0.00164713
0.01028736
0.02831897
-0.00966069
-0.02403437
-0.01865252
0.05536119
0.02281545
0.04353692
-0.04319797
-0.03197308
0.00863467
-0.03887140
-0.03805869
0.03440054
-0.00621680
-0.01759873
0.01437164
0.04243041
-0.01277450
-0.01079735
-0.04540263
0.03740955
0.00731625
0.01497680
0.00598712
-0.02084948
-0.04489403
-0.03346970
-0.03213725
-0.01039176
0.00931499
0.02764385
-0.02021887
0.01002690
-0.01872707
0.00251564
0.03887037
-0.04078964
-0.00965664
-0.03866528
-0.01213242
-0.02257849
-0.03551334
-0.00905733
0.02942404
0.01575598
0.02363114
0.04342061
-0.03766249
0.04554930
-0.00705174
-0.02025989
-0.02886442
0.03910744
0.02534813
0.05489979
-0.03838854
-0.03441906
-0.03746321
-0.03746089
0.00592752
-0.00972004
-0.02335562
0.04979756
-0.01052399
0.01074931
0.03881741
0.00003021
-0.02093736
0.01225757
-0.00102036
-0.01996155
0.01758596
-0.00502623
-0.02902682
-0.00254215
-0.00264409
0.04717166
-0.03220216
-0.03160616
-0.02294566
0.01943065
-0.00390291
-0.04768948
-0.00255532
0.00389597
-0.00212260
0.02160881
0.02942289
-0.04004550
0.02702701
-0.03275054
0.05747426
-0.03341037
0.01472324
-0.03017307
0.04241750
0.04537821
-0.03801081
0.01588280
-0.04425832
0.02520050
0.02091457
-0.01593376
-0.03707914
-0.00219984
0.01917112
-0.00175980
-0.02143797
-0.04044206
-0.02495042
0.03806613
0.04963064
0.01181165
0.03730365
0.05333104
-0.01979943
0.00664273
-0.03581412
0.01025794
-0.03765763
-0.03793227
0.02751041
0.03932699
-0.03562574
0.00899710
-0.03621292
-0.03868806
-0.04657115
-0.02845973
-0.00482398
0.00618479
-0.02145806
-0.00275849
0.05082097
-0.03174687
0.05824285
0.02591307
0.01508364
-0.03725740
-0.04178327
0.02344713
0.00934867
0.04301165
-0.02471026
-0.02649535
0.01680725
0.03472482
-0.01621909
0.01649706
-0.00720768
-0.01609249
0.03871945
-0.04071555
-0.02794423
0.03544474
-0.00046934
-0.00200510
-0.05225743
-0.02209425
-0.02535391
0.04709073
0.03980993
-0.00904777
-0.03484392
0.03049825
0.02775204
-0.04478328
0.00696315
-0.03441567
0.01864862
-0.01180783
-0.01025076
-0.01080146
-0.04901329
0.02247951
0.00490703
0.04163855
0.01868458
0.02912300
-0.02194776
-0.02069653
0.00187397
-0.04224876
0.01238066
0.00699758
-0.02897164
-0.01191032
0.02142024
-0.02129608
0.01291744
0.00266554
-0.00464804
0.01842294
-0.02447684
0.01146798
0.01835643
0.03704958
0.02700480
-0.04083421
-0.02316330
0.03671665
0.01557540
-0.03326742
-0.02397456
0.02560121
-0.03625393
-0.01835251
-0.01244498
-0.03048307
-0.02551994
-0.04141077
0.02744214
-0.04602208
-0.01477693
-0.04628045
0.01070301
0.02540370
0.00420517
0.02758067
-0.04300863
0.02767168
0.02343278
0.02179723
0.03233510
0.04270478
0.02321532
-0.03641568
0.02067460
-0.02001779
0.04722958
0.03370691
0.03693239
-0.01714935
0.00755449
-0.01624081
0.03615188
0.03901879
-0.03774008
0.02351636
0.03431029
0.03124179
-0.02405345
-0.04751209
-0.02911224
0.00008627
-0.04750823
-0.02989215
0.00397720
0.03873574
-0.00330244
0.00620356
-0.01707976
-0.00671199
0.03883464
-0.02171295
0.01070245
-0.01551457
-0.04492440
0.02461733
0.01522274
-0.04489226
0.02311011
0.02917375
-0.02545279
0.03810191
0.03495584
0.03541138
0.02841358
0.04902554
-0.02381731
0.01008797
-0.00769035
0.02782260
-0.03145326
-0.01050298
0.03362137
-0.01255446
0.04029801
0.00186681
0.02186876
-0.04284056
0.03445257
0.04563305
0.03971558
0.01669288
0.01835991
-0.01131496
-0.03700869
-0.01062996
0.02917738
0.03760298
-0.02421214
0.02919370
0.04049096
0.02165254
0.01337008
-0.00622742
-0.04801631
-0.02618298
-0.04129035
-0.04529404
0.04931829
0.02538465
0.00494463
0.00335412
0.02464704
-0.01611672
0.04169916
-0.04998633
-0.01928869
-0.01597906
0.03993846
0.03093156
-0.04530322
-0.00638749
-0.03912935
0.01418021
0.04460629
-0.01933523
0.03814595
-0.05105053
0.03651808
-0.02495502
0.01458922
0.01453662
-0.00738725
-0.00121111
0.02802472
0.03425720
0.01304049
0.02096559
-0.02564391
0.03403565
0.03124696
-0.00326924
-0.02985848
0.01938921
0.02964533
0.00781762
-0.02740514
-0.05398300
-0.01364779
-0.04414511
-0.00621003
0.04350163
-0.01140162
0.00764585
-0.05695818
-0.04072676
-0.00432459
-0.02623354
-0.01573778
-0.04281317
-0.02613180
0.04243487
-0.03278962
0.00383315
0.04118796
-0.02210051
-0.02172367
-0.01922890
0.02107825
-0.01181737
-0.01219616
-0.01311392
-0.02620585
-0.03285503
-0.00313211
0.03779300
0.01158003
0.00627201
-0.01022801
-0.00456005
-0.01007478
-0.02622872
0.03300093
0.03222585
0.02108112
-0.01035955
-0.03336744
0.02505240
0.03995219
0.00874070
-0.02958974
-0.02939079
-0.00965287
-0.05300017
0.04462926
-0.03368751
-0.04363110
-0.04887455
-0.02006093
-0.00212851
-0.03180814
-0.02788311
0.01998948
-0.03214582
0.03602361
-0.03305371
0.03915347
-0.02231537
0.02745430
-0.00234791
0.03521171
0.03032307
-0.06561287
0.04700832
0.00823166
-0.02767824
-0.08666672
0.08569924
-0.03477771
-0.02710020
0.05232225
-0.01397475
-0.02110082
-0.04399995
0.03287655
-0.03739247
-0.06634396
-0.01866880
0.00530457
0.03696189
-0.03851439
-0.00972795
-0.02968787
-0.00474837
-0.07219423
-0.08350815
-0.04384030
-0.07952909
0.02810634
0.01634017
0.00750841
0.02234827
0.04730194
-0.03103029
0.02512813
0.00925248
0.02237509
0.03449190
0.01253754
-0.07440063
-0.01395282
0.07199841
-0.03425879
0.04351375
-0.09406575
0.03099183
-0.03302854
0.00031875
-0.05085855
0.02034478
0.02432224
-0.00849072
0.02830577
-0.04940149
-0.03671188
-0.05664971
0.00494461
0.03843911
-0.02626566
-0.04654466
-0.02423991
-0.02163668
0.06185835
0.00313639
-0.00857273
0.02818773
0.03968421
-0.02221705
-0.03141540
-0.04154783
-0.04643619
-0.02852942
-0.02140007
-0.02260820
0.01412101
0.04354043
0.00134078
-0.05459999
-0.05760215
0.01297873
0.01948737
-0.04642130
-0.01144071
0.04587987
-0.01141909
0.03396728
-0.01976663
-0.02469833
-0.00242220
-0.01215636
0.08201185
0.04491234
-0.03704290
-0.02973498
-0.00157558
-0.00832224
-0.03265736
0.01217088
0.06151660
-0.04176205
-0.01796713
-0.03377667
0.08373307
-0.01268467
0.06673776
0.03513073
-0.00715535
-0.01492696
0.00713598
-0.00231875
-0.02323839
0.10263707
-0.06772432
-0.00915307
-0.02393545
0.03495910
0.00136892
-0.03842618
0.01203293
-0.01920572
0.00761439
-0.03310204
0.02450315
-0.00562860
-0.01369490
0.03986403
-0.03249836
0.04991487
0.01546530
-0.00751395
-0.02144313
-0.02648873
-0.00638555
0.00634117
-0.03903942
-0.05136401
-0.02432384
-0.06121315
-0.01793042
0.00475063
-0.03613583
-0.03216023
-0.04540573
-0.03971648
-0.00862611
-0.02463860
-0.06214422
0.00674833
0.01457126
-0.02873488
0.03963275
0.01800283
-0.03992017
-0.07220996
-0.01507054
-0.02219271
0.05152976
0.00629150
0.02571818
0.01482031
-0.06479747
-0.00139193
0.00356336
-0.05890839
-0.06970512
-0.05277844
-0.05471840
0.02560521
0.06247894
-0.04959118
-0.03957905
0.01957570
-0.00505769
-0.04280508
-0.00459074
-0.03274417
-0.00797475
0.03566758
0.01450292
-0.01380414
-0.03929668
0.03185832
0.01071573
-0.04523983
0.01886892
-0.00400525
0.02517352
0.02587637
-0.02945144
-0.02073862
0.03648305
-0.02670608
-0.00692732
0.00689532
-0.02353029
-0.01181310
0.04099450
-0.06212846
-0.03005789
0.00992403
0.05557061
-0.01896817
-0.05501499
-0.05083390
0.00022589
-0.00137378
-0.00380465
0.03281751
0.01525049
-0.04764597
-0.01553042
0.04287835
-0.04107509
0.00421770
0.04938669
0.05789247
0.05744807
-0.02911086
0.04012903
-0.01065380
0.04920425
0.01004006
0.05499870
0.09800424
0.05387139
-0.04740143
-0.00329964
-0.00497859
-0.04908951
0.01984296
-0.02955774
0.01210300
-0.03893459
0.07815484
0.01438865
-0.04828062
0.00111901
-0.03563524
0.01897961
-0.06464711
-0.03531778
0.00016966
-0.04457384
-0.02640545
0.00328885
-0.02262150
0.04556814
0.05514203
0.04686132
-0.00717598
0.02884335
-0.00060098
-0.03468913
0.01878827
-0.03521113
-0.05947589
0.00364942
0.03485852
0.00769238
0.03947201
0.00285834
-0.05654948
0.00787375
0.04975434
0.03422944
-0.03932932
-0.00495057
0.02604605
-0.05331627
-0.02360080
-0.05353042
0.01603572
-0.00469075
-0.00682720
0.03758723
0.02539649
0.01802796
0.00339924
0.02168749
0.04811886
0.02992466
0.04014315
-0.03044526
0.02350449
-0.04460306
-0.01967545
-0.05470270
0.00877587
0.02234733
0.01985451
0.01924501
0.08683966
-0.02445540
-0.02218428
-0.02468468
-0.03950323
0.04447743
-0.01329467
-0.03908091
-0.01967266
0.01823019
-0.03187295
-0.00660167
0.00721372
-0.00645509
0.00439639
0.04897268
0.02554575
0.03931746
0.02655401
0.00138111
0.03066229
-0.02074965
0.01571353
0.04904542
-0.03251166
0.04226599
-0.01530931
-0.02469982
-0.03067178
0.02073138
0.06614683
-0.03910415
-0.01173915
0.06129206
0.03349192
-0.01102879
0.04408806
0.02943316
0.04167072
0.02105676
0.02570722
0.07404254
0.00624763
-0.03395057
0.03670301
0.00196659
-0.04436012
-0.00351606
-0.02558131
0.05744569
-0.06064906
-0.03038306
-0.02481216
-0.02314464
-0.02024565
0.02646666
-0.04714020
0.01117331
0.03881091
-0.04399329
-0.03825685
0.02812921
-0.03146334
0.04333995
-0.03619281
0.01443612
-0.05882507
-0.02940140
0.02868475
-0.01324091
-0.04170928
0.00863011
-0.02362354
0.04747117
0.04706578
-0.02009423
-0.05466638
-0.03234527
0.03334457
-0.03237392
-0.04145324
0.04637178
-0.05867099
-0.01686845
0.04136290
-0.00431292
-0.03512718
0.00132527
0.03260015
0.02895093
0.01081661
-0.01191978
0.00364326
0.06602186
-0.02153435
0.02623367
0.03052090
-0.03341684
-0.04335997
0.03666623
-0.02386797
0.04869654
-0.02137360
-0.02665059
0.00862788
0.00764783
0.01225896
0.00895268
0.03908702
0.02620051
0.03952643
0.04060491
-0.02364743
0.03058551
-0.01236137
0.07321476
0.00079943
-0.00406632
-0.02572821
0.05210921
-0.01699740
0.05698970
0.07176027
-0.00364643
-0.02607202
0.01785251
0.05118714
0.02676824
-0.02103027
0.06161557
-0.03627557
-0.03298705
-0.06935275
0.05687393
0.01210442
0.03101973
0.04667022
-0.01845136
0.07970875
-0.02441553
-0.00508169
0.01726613
-0.03533391
-0.05875700
0.02797643
0.02382458
-0.05043032
-0.06679967
-0.00708772
0.02847541
0.02903546
0.01572702
-0.03187481
-0.05584288
0.05496290
0.00706961
0.04905032
-0.03698553
0.01179908
-0.04230579
-0.03063229
0.01140263
0.01862550
-0.02884290
-0.02241973
0.02312130
-0.01153113
-0.01465167
-0.00136472
-0.01383577
-0.05814723
-0.04604893
0.04677409
-0.03113949
-0.03502515
-0.00236518
-0.04238578
-0.00255001
0.00004948
0.01247795
0.03484977
-0.03185407
0.01777060
0.00170439
-0.00844103
-0.00862818
0.03543322
0.04727789
0.02496670
-0.01512627
-0.03974222
0.04992016
-0.01893809
-0.03779013
-0.05488402
0.03961476
-0.04559334
-0.05097210
-0.05840781
-0.00938233
-0.04117252
0.05044121
-0.00946467
0.00961195
0.03918864
-0.00648193
-0.03501214
-0.00820085
0.05485036
0.01724568
-0.02485197
0.00293499
-0.02698273
-0.00856368
-0.02523415
-0.03754273
0.04026341
-0.02493771
0.01915309
0.04897468
0.02418553
0.04722716
0.00362104
0.02174187
0.00679730
0.03531604
0.01276094
-0.00691377
-0.05185033
0.04021778
0.03732996
0.02674187
0.00553730
-0.04732760
0.02787701
-0.07327439
0.04092094
0.04910700
-0.03861050
0.03244760
0.03427325
0.02972509
-0.01302442
-0.00155039
-0.01830951
0.02546612
0.02970645
-0.02540508
0.02736322
-0.05524700
0.01545366
0.00710735
-0.01065616
0.00924593
0.00314233
-0.03431414
0.03280473
0.03395668
-0.01841158
-0.00943638
0.03597675
0.01138003
-0.05320388
-0.03872368
-0.02696345
-0.02265698
-0.05354887
-0.03217829
-0.00917647
-0.03493315
-0.04115608
0.00959902
-0.03240990
-0.01025254
0.04081387
-0.00027766
0.02785266
-0.02391928
0.02387530
-0.02450964
-0.03667151
-0.01350462
-0.04980246
0.03556260
0.02477274
0.00116294
-0.04110259
0.00709585
-0.02331837
0.01003329
0.01937551
0.01396397
-0.04436148
-0.00837930
-0.03361284
-0.02840775
0.02738242
0.01730090
0.02580235
-0.03939066
0.02943818
-0.01644127
0.02782523
-0.01328655
-0.05067956
0.04214443
0.01369955
-0.04410744
-0.00727254
0.02078695
-0.01046305
-0.02643741
0.00021637
0.03391867
0.02209856
-0.00749231
0.00935716
0.03980035
0.01349034
0.01221573
-0.03589402
-0.02368843
0.04568156
-0.02035678
-0.04353236
-0.00779314
0.00378393
-0.02329324
-0.02957911
0.04519605
-0.00442228
-0.03742864
-0.03482623
-0.02611116
-0.00938607
0.01023720
0.02270884
-0.03112819
0.02570136
0.04146795
-0.02655022
0.01702538
0.03272215
-0.04112776
0.04605570
-0.00203057
0.02838110
0.00283247
-0.05862588
0.01540128
-0.02772265
-0.00176259
-0.00035166
-0.01060004
0.00281179
-0.02146136
-0.02375992
-0.02737588
-0.02746400
0.00601847
0.04019731
0.02856347
-0.00324237
-0.03992519
-0.04749209
-0.02520976
0.02518358
-0.03596896
0.01580679
-0.02548588
-0.00565903
-0.02140951
0.02620959
0.00000943
0.01183622
-0.02405770
0.04086461
0.00041876
-0.05086838
-0.00191448
-0.02738908
-0.02265634
0.00445774
0.03364596
-0.02662831
-0.01778373
-0.03924405
-0.03836526
-0.03490288
0.05607715
-0.00367817
-0.00244120
-0.01894154
0.03241978
0.04255621
0.03179520
0.03494066
0.03201039
-0.01467753
-0.03155415
0.00104337
0.01093614
0.03337860
0.00816760
-0.03648411
0.03816392
-0.01904020
0.00573999
0.04678964
-0.05412628
0.06381686
0.03666482
0.05567138
0.02794374
-0.01736573
-0.04157864
-0.02718727
-0.01759307
-0.02855681
-0.01254821
-0.01065339
-0.01307686
0.04848770
-0.00588938
0.03782176
0.00405805
0.01914641
-0.05710294
0.00695492
0.00775140
0.04548344
0.06543172
-0.01226272
0.01135780
-0.03302281
0.02380043
0.05031569
0.01765517
0.01356591
0.05296439
0.00613562
0.01470201
-0.06155344
0.01792367
-0.00542424
0.00629807
-0.01311403
-0.00001121
-0.03128441
0.04705399
-0.04444086
0.00475988
-0.00584812
0.04609989
-0.01540071
0.00962242
-0.05490595
-0.00610178
-0.01025825
-0.01141385
-0.01801150
0.04485877
-0.03585722
-0.05188243
0.04586610
0.02181551
0.00837779
0.03619179
-0.00613584
-0.00766287
-0.04746754
-0.00869870
-0.01985806
-0.03771364
0.01185736
-0.03838505
-0.04579501
0.00837299
-0.03559108
-0.04039148
-0.01671807
0.01826197
0.03661491
-0.01362518
-0.01351640
0.01292650
-0.01977790
-0.04952471
-0.01997934
-0.02494493
-0.01826690
0.02144904
-0.04504826
-0.03930245
0.01453084
-0.01694935
-0.03603541
0.01223410
0.02217223
0.02157819
-0.02129138
0.03125425
-0.02069109
0.01830734
-0.00873059
-0.01915727
-0.02887026
0.03749165
-0.02384503
-0.01992663
0.00296712
-0.02108043
-0.03925042
-0.02681714
0.02238653
-0.02792056
0.00772837
-0.00077171
-0.00416911
0.02912041
-0.00276975
-0.02115866
-0.03782298
-0.00964786
0.04606672
0.04115325
0.03070237
-0.00429599
0.01212351
-0.03192743
0.04698561
-0.03780802
-0.01880851
-0.02679997
0.01579756
-0.01980299
-0.01249191
0.04172284
-0.03292268
-0.00228264
0.01317661
-0.02636970
0.02768124
0.00940691
-0.01741153
-0.01320886
0.01900493
-0.03644322
-0.00813505
0.02289560
-0.03309434
-0.04672189
-0.02285732
-0.03206735
0.01696387
0.02163621
-0.04003692
-0.02023579
0.01368465
0.01783151
-0.00782724
-0.03799651
-0.00133259
0.02179869
-0.04908986
0.00743587
0.01691151
0.04404144
0.00564780
-0.00274810
-0.00599770
0.04252100
-0.01079818
-0.04573794
0.04281129
0.02508885
0.03845911
-0.03181518
0.03584246
-0.03431268
-0.05212694
-0.04822918
0.02158135
0.04193120
-0.00702204
-0.04901322
0.01053414
0.01437561
-0.04029060
0.02434656
-0.00129623
-0.00450842
-0.04227381
0.04122486
0.02201249
0.00481371
0.00647393
-0.03462979
-0.02643843
-0.02966646
-0.02471594
0.00305913
0.02286819
-0.01953539
0.02069543
-0.01917667
0.04225023
0.02381772
-0.03783693
-0.01691920
-0.00053436
-0.00469510
0.02906569
-0.01869401
0.03299188
0.01236092
-0.01794105
-0.03268334
0.03466443
-0.00145981
0.00285222
-0.04243628
0.04310079
-0.03168786
0.01402659
-0.00620852
-0.03100604
0.03107017
0.01425192
-0.02884880
-0.03151204
-0.03454403
-0.04738538
-0.04075200
-0.01048776
0.01469787
0.03476555
0.00801976
-0.01082447
0.01614088
0.00962895
0.01269932
0.02554983
0.02079127
0.03919772
-0.03514780
0.00919996
0.00414272
0.01150554
-0.00277728
0.01282815
0.01002640
0.04038427
0.04325178
0.00126916
-0.00327362
-0.03767890
-0.00185230
0.04210012
-0.05511125
0.01346021
-0.03432196
0.03753502
-0.03124285
-0.01615253
-0.02012476
-0.02409168
0.04776825
0.01006723
0.01031046
-0.00160988
0.03371807
0.02582236
0.00413759
-0.04221563
-0.01191862
-0.02143906
0.02852827
0.02342783
0.04598944
-0.01065925
-0.00776690
0.02625017
-0.04352065
0.05452498
0.02120243
0.01842483
-0.01650434
-0.03731269
0.00305429
-0.04419489
-0.01716593
-0.00122099
0.01301050
-0.01040702
-0.02269894
0.00512581
-0.04060623
-0.04308538
0.03642619
0.00556575
-0.04066236
0.00527013
0.04743391
-0.04651387
0.01742037
-0.04826821
-0.01586998
-0.03052816
-0.00525968
-0.01384941
-0.00531532
-0.01862394
0.04359393
-0.01617053
-0.02223560
0.01054677
0.03440757
-0.01772975
-0.01526777
0.01156800
0.00790464
-0.00879884
0.03222756
-0.01532402
0.03105252
0.03913075
0.00734567
0.02865427
-0.04228897
-0.01946248
-0.01844149
-0.03253521
0.02317532
-0.00133870
0.03718228
0.03758619
0.00520449
-0.01777893
0.00954793
-0.01688438
-0.03503833
-0.03030762
0.04788249
0.04244183
-0.02156519
-0.04087074
0.00050523
0.02994135
0.02008675
0.01386721
-0.02444813
0.00561488
-0.01521339
0.04645390
-0.01758688
-0.01392002
-0.04293484
0.01307344
-0.00682249
0.05565549
0.04672603
0.00020181
-0.02979921
-0.01443760
-0.02645540
-0.02398029
-0.05101436
-0.01588715
0.03897206
0.05228264
-0.02143723
-0.00282260
0.03096372
0.02536840
0.03646534
-0.02344764
0.02484897
-0.02303778
0.06952412
-0.01460545
-0.05263172
-0.03281460
0.00168929
-0.01845991
-0.04032974
-0.03247113
0.02044914
-0.02571282
0.05112778
-0.02246891
-0.04682226
0.06765863
0.00105133
-0.00808544
0.00417492
0.03640773
0.04632431
0.05332981
-0.04380326
0.01623513
0.00852539
-0.00663620
-0.01524751
-0.03131682
0.00702916
0.02926912
-0.01117052
-0.04297066
0.03621408
-0.01810530
0.04048043
0.05407214
-0.03495464
0.03588134
-0.03050455
-0.04671986
-0.03943037
-0.02835034
-0.02131779
0.06559203
-0.03027695
0.01065996
0.01060171
0.02915758
-0.03688301
-0.00667650
0.04706242
-0.03496721
-0.00862024
-0.04571481
0.01545725
-0.02583749
0.00577308
-0.02390722
-0.00883920
-0.02175213
0.06502030
0.02396517
0.04279071
0.03196622
0.01384726
-0.02673423
0.01205941
-0.02369449
-0.01511161
0.04560914
-0.01487062
0.01723380
-0.00039364
0.06315918
0.02677128
-0.03989216
0.02285027
0.03667936
-0.01155311
-0.03465172
-0.00758980
-0.02410902
-0.04045652
0.03142673
0.03988537
0.04132215
0.01196359
-0.02373939
0.00121715
0.08251911
-0.00339861
-0.02217229
0.03549459
-0.01598249
-0.02056958
-0.04543944
-0.02824187
-0.03359427
0.05392173
0.00542106
0.03917520
-0.00209333
0.02916517
0.00120375
0.02672712
-0.00192078
0.00119950
0.04019636
-0.02111887
0.01684610
-0.01949320
0.01450697
-0.01643018
0.04240514
0.03972560
-0.01157004
0.02146191
0.05262286
0.01658200
0.02346498
0.06191578
0.01847376
-0.03333752
0.04048306
0.00058823
-0.02851927
0.00837836
0.01119646
0.00917143
0.00412300
-0.02843249
0.04217692
-0.01841149
-0.04201919
0.02318183
-0.04771852
-0.04302795
0.01495831
0.00072059
0.00393912
0.00877295
0.00541464
-0.03028052
0.04191773
0.04288257
0.01603947
0.00089375
0.01676435
0.02192484
0.01907978
-0.02306533
-0.00114372
-0.01263935
0.03363714
0.03361835
0.02924931
-0.02026121
0.01205385
0.01910743
0.04939068
0.03557896
-0.00931015
0.02825030
-0.03401497
0.03793372
0.02043852
0.01146325
-0.00449648
0.02869255
0.03879166
-0.02029972
0.00912250
-0.01206781
-0.02749596
0.01335006
0.02880873
-0.02895554
-0.03745204
-0.01138169
-0.04349088
0.00282480
0.01670913
-0.05106865
0.00570304
0.02134417
-0.03774083
-0.02080204
-0.03385353
-0.00885805
-0.04446160
-0.02504869
-0.04789008
0.03289087
-0.03316035
0.05230414
-0.02882657
0.04506730
0.01206139
-0.04538227
-0.00107666
-0.02194973
0.04464588
0.04387452
0.00717389
0.04790700
0.01273436
-0.01786900
0.04890369
-0.00146909
0.01514142
0.04714351
-0.03696769
-0.01790827
0.04976115
-0.01727070
0.02239502
-0.03554606
-0.02375960
-0.02428855
-0.03244660
-0.05112315
-0.04617532
0.00567775
0.00833314
0.03043782
0.01436819
0.05203710
-0.04538001
-0.04626084
-0.04018347
-0.02503655
0.00265211
0.03482541
0.04060298
0.06153210
0.00426038
0.03903678
0.00199696
0.02709896
-0.01964802
0.00295997
-0.03802186
-0.01434652
-0.03433805
-0.01676484
0.04689646
0.02429563
-0.01732121
-0.05282705
-0.00789952
0.03299825
0.06172103
0.03498784
0.00235489
-0.01088192
-0.01288562
-0.02075267
-0.03561364
-0.02624035
0.01611161
0.02921133
0.02084432
-0.00470960
0.02095491
-0.04421750
-0.03889051
0.01867217
0.01947095
0.02259106
-0.03886352
0.00351253
0.02355467
0.03956716
-0.03521011
0.01573817
-0.04711974
-0.04728454
0.03033450
0.00837790
-0.01644332
-0.01335886
-0.03502041
-0.04393108
-0.02003342
-0.00885952
-0.02663444
0.02259029
-0.03990277
0.04956389
-0.03441993
0.01552879
-0.03778330
-0.05075356
-0.03363583
-0.04204690
0.02475711
-0.07229906
0.04374654
0.02317408
0.00271885
-0.00469519
0.02812374
-0.01214914
-0.00610332
-0.00831797
-0.02616799
-0.02511925
-0.00254773
0.01062063
0.05982945
-0.01606656
-0.00752939
0.02087517
0.02662881
-0.02579178
-0.06521165
0.00808751
0.06365264
0.04552695
-0.02085130
0.02490327
-0.04470778
0.01260144
-0.03023578
0.00661381
-0.02848183
-0.02987268
0.04827435
-0.00847876
-0.00944175
-0.04930994
0.02275149
-0.02019250
0.02618650
0.04528164
0.02538714
-0.00484639
0.01534550
-0.03160316
0.05345827
0.00934389
-0.01391654
0.03033079
0.02820175
0.04262789
0.04421068
-0.00939895
0.04439321
0.06422766
0.02374417
0.02928703
0.04731398
-0.04422512
0.00734799
0.03861248
0.01930412
-0.02693742
-0.02185054
0.01806163
-0.00036392
-0.04067660
0.05593496
-0.02531205
0.02351175
0.04174929
-0.00401231
-0.00343890
-0.04088192
0.03513956
0.03347963
0.04763884
0.02592888
-0.03054371
-0.00460491
0.03795127
-0.02542043
-0.03771807
-0.02728443
-0.01701229
0.04106900
0.02438821
-0.04236757
0.06429323
0.01205910
-0.00610956
0.02418405
0.05576454
-0.04458630
0.04692530
-0.02977386
-0.01074727
0.01180543
-0.05227872
0.03547540
0.04770339
-0.00917799
-0.00415359
-0.01691550
0.01058147
0.02450806
0.03606411
-0.02528913
0.00163992
-0.05928328
0.02179192
0.01644846
-0.02001268
0.04294714
-0.01348669
-0.02034353
-0.02941287
-0.00185257
0.06625953
-0.01540449
-0.05112372
-0.01606937
0.01694931
0.03880882
0.01865768
0.04395336
-0.04362068
0.04193309
0.01705150
0.02194123
-0.07053191
0.01924532
0.02538692
0.03540592
0.00590507
-0.00702879
-0.00500649
-0.03128109
-0.04879596
0.01108612
0.02992535
-0.02183602
0.04313893
-0.00168275
0.00882281
0.07591696
0.00400447
0.04106417
0.01768135
0.04679190
0.04282347
-0.02736007
0.01729354
0.01048211
0.02620955
-0.02819847
-0.00917439
-0.00619707
-0.03685625
0.05460019
0.00996484
-0.01762561
-0.00450957
-0.05263728
0.01786339
0.03421983
-0.03413453
-0.04797797
-0.00633434
0.01624960
-0.01499925
-0.01347352
-0.00593454
-0.00049229
0.03019842
0.02206508
-0.03809720
0.00752086
0.02858358
-0.04201078
-0.04385265
-0.02612251
0.02495753
0.04744989
-0.06812482
0.01992948
0.03667678
0.00130496
0.03493156
0.01438507
-0.00139268
0.02119510
0.03760678
-0.04441546
0.00791247
0.03814807
0.05674220
0.01359212
0.00296368
0.04819786
0.03392169
0.02377088
0.03877656
-0.01991991
0.00488380
0.00414394
0.06487991
-0.05078034
-0.02029735
0.01888826
-0.01538137
0.05042004
-0.01392651
0.07445689
0.05106725
-0.03428050
0.02381377
0.02482213
-0.01244652
-0.05479744
0.04291809
-0.05550054
0.00143164
-0.04657555
0.05052477
-0.01890391
-0.02108661
0.05344934
-0.04341776
-0.02209085
0.00451515
0.03221564
-0.01550864
0.08256645
-0.04573052
-0.02201083
-0.06457843
-0.00852718
-0.01007406
0.02811166
-0.01649087
-0.02170115
0.03853354
-0.03224273
-0.00077945
0.00962226
-0.05302529
-0.00652680
-0.02931949
0.00783477
-0.01250810
0.00171797
-0.04012325
0.02220334
-0.05351307
-0.04060176
0.01280272
0.01342335
0.01680897
0.01340263
0.02570362
-0.01092375
0.02128993
-0.03930530
-0.01798031
-0.02188317
0.00769795
-0.01016316
-0.01294382
0.00648818
-0.01447284
-0.01563130
0.01615208
-0.01756688
0.03348136
-0.00624244
-0.05010597
-0.00082528
-0.05949055
0.00931371
0.04318875
-0.01445433
0.02937476
-0.04392590
0.03718468
-0.04764146
-0.00818421
-0.03415925
0.00862188
-0.04385464
0.01883177
-0.04559315
0.04673186
0.03029606
0.01057148
0.01615320
0.03507535
0.01782637
0.00773863
-0.00847095
-0.03146641
-0.03952557
0.03136399
-0.03614304
0.03948215
-0.03934460
-0.02693573
-0.00559384
-0.05644586
-0.03523642
0.03744346
-0.00506952
0.00956678
0.03923730
0.02202073
-0.01065348
-0.01545415
-0.01147274
-0.03000706
-0.01243737
-0.05756472
-0.02547872
0.02737392
-0.00537712
-0.02576620
0.05507787
-0.00351657
-0.00281552
0.01589656
-0.05030597
-0.00650115
-0.01313328
0.00140446
0.03545411
0.02060918
0.03854311
-0.01162751
-0.04307229
0.01364474
0.01102564
-0.04147192
-0.03594624
0.02135177
0.05147218
0.02587373
0.00670879
-0.01089488
0.01321429
0.05666700
-0.01991396
-0.00796492
0.01232281
-0.04991673
0.00931531
0.01385181
0.02883974
0.03789644
0.02826196
0.00058222
-0.00492101
-0.01190497
0.04369311
0.00361244
0.01760021
0.01027539
-0.04199532
0.01536945
0.00713542
-0.01284584
-0.00416595
0.04533209
0.05250189
0.01839323
-0.05561162
0.05054566
0.04854465
0.03798410
0.01638782
-0.02657888
0.03332788
0.02174196
-0.01356410
-0.03188979
-0.00012645
-0.00625994
-0.02081497
-0.01260409
0.00676662
0.00418266
-0.03597979
-0.01033105
-0.00682006
0.00902722
-0.03718575
-0.02816502
-0.06461012
-0.02807709
0.01733705
0.06121923
0.03994096
0.00319520
-0.02357827
-0.00721645
-0.00266084
-0.02827298
-0.05068651
-0.02456478
0.02150278
-0.01228301
-0.01499729
-0.02016674
-0.02939589
-0.06694336
-0.00164092
0.05852620
0.06036462
-0.02289530
0.01024018
0.01203854
0.02008687
0.03459858
-0.03263634
0.00798056
0.00159822
0.02831168
0.00282682
-0.01423307
-0.03210019
0.04112127
0.03181056
-0.00947888
0.05638699
-0.02865250
0.04155715
-0.04768136
0.04310859
-0.05325842
-0.04884449
-0.04168750
0.04354443
-0.02575121
-0.01688148
0.05482189
0.04240207
0.04002537
0.02951283
-0.02390443
0.01829104
-0.01498016
-0.01927462
0.01572203
-0.01490287
-0.03036510
0.04065501
0.03379405
-0.00115885
0.04376687
0.02267147
-0.01039456
-0.04289422
0.05957127
-0.03346333
0.03140764
0.01230935
0.00204122
0.02927188
0.02603079
-0.03429470
0.02289982
0.00550856
0.02296724
-0.00868203
-0.02526688
0.00621432
-0.06322885
0.02682075
-0.00845206
0.07811559
0.02928454
0.02838163
-0.03471078
0.04117252
0.02673327
-0.01000056
0.02150401
-0.02192413
-0.05571021
0.03744299
-0.02252905
-0.02310432
0.02758237
-0.01012739
0.06385349
-0.00617923
0.02742002
-0.05140002
0.03220906
-0.02445121
-0.06350336
0.03166036
0.04333537
-0.03806506
0.03358262
0.00054512
0.02433259
0.05624076
-0.02636484
-0.05384545
0.01597049
-0.04898595
0.04017841
0.00671520
-0.01497896
-0.02710375
0.04416329
-0.01879223
-0.01847311
0.01689018
-0.02652482
0.00474807
-0.01647683
0.04271865
0.01301871
0.01946760
0.03708503
-0.01493415
-0.05050211
0.03910581
0.01598573
-0.02380680
0.00784211
0.03670370
0.03784689
0.02810667
-0.04647834
-0.02205687
0.04200386
-0.00227739
-0.00647651
-0.01752731
-0.06178333
-0.02336391
0.02036233
0.01959944
-0.02623471
-0.04166962
-0.05428843
-0.00183429
-0.07371727
0.02326323
-0.00559684
0.01968144
0.04112698
0.04309791
0.01031162
-0.04537025
-0.01825510
-0.00675599
-0.05747347
0.05083186
0.01585386
0.04526763
-0.02837268
-0.00907283
0.02990943
0.00410614
0.00868492
-0.04210656
0.00758469
-0.03868142
0.00550088
-0.03927524
0.00516549
0.04861613
0.04004722
-0.00754016
-0.05428375
-0.02975752
0.01266596
-0.03076664
0.00820881
0.00663073
-0.01596631
-0.00675873
0.00399959
0.01942645
-0.03086115
0.03819729
-0.03198299
-0.00243446
-0.00472434
-0.03221843
-0.01361669
0.05013743
0.02308739
0.00166758
-0.03348936
-0.00680287
-0.01420642
0.02494391
-0.03906737
-0.00635069
-0.01780568
-0.03822822
0.01646740
-0.02641241
-0.06391362
0.01943014
-0.02092753
0.03603562
-0.01970503
0.02698005
0.00431534
-0.00742166
-0.02252552
0.00977992
0.00707795
0.04109045
0.04961061
-0.05356181
0.00012097
0.00489110
-0.02800928
0.00366190
0.01256866
-0.03488424
0.03955955
0.03917586
-0.01801414
0.00004733
0.03708932
0.01928306
-0.03128619
0.00784109
0.01117191
0.02713491
-0.04138993
0.03430123
0.01662561
0.00694967
0.03872769
0.02536548
0.03695244
0.05429304
-0.03692867
-0.00571396
-0.03387694
-0.04407381
0.01333588
-0.06508210
0.00767062
-0.02531608
0.00270027
0.07185777
0.05401123
-0.00913223
-0.00159248
0.01192704
-0.03682719
0.02642817
-0.03489293
-0.00068013
-0.00124367
0.00099390
0.02849038
-0.02514479
-0.08434729
0.01195925
0.01408602
-0.00481773
-0.02244750
-0.02242211
-0.02192069
-0.02496267
0.07063230
-0.03389246
-0.05701759
-0.02218357
-0.00624390
0.00305249
-0.00353519
-0.04365906
0.04217410
-0.03157580
-0.01391588
0.03301613
0.03781144
0.03047802
0.03727051
0.01396587
0.04408008
-0.01485580
0.02802755
-0.04325786
-0.04115799
-0.01374513
0.01002678
0.01052393
-0.00258132
0.04780223
0.07696025
-0.02731806
-0.00023698
0.03148002
-0.00951081
-0.00535384
-0.02180864
0.04841237
0.01970947
0.00285986
0.03056956
-0.06143931
0.03054613
-0.03503063
-0.05867622
-0.00374208
0.03085782
0.01141495
0.02224212
0.04323679
-0.02733820
-0.03052624
0.01541377
0.01696640
0.01515114
0.01735060
0.03916076
-0.04685254
-0.05189475
0.02899723
0.00853582
0.00638360
-0.03841074
0.02355233
0.04462327
0.05200608
0.00993151
0.03585662
0.05701304
-0.02203579
-0.01045802
-0.03291262
0.06008343
-0.03461396
0.00288632
0.01525462
0.02768383
-0.00371387
0.02642381
0.04059145
-0.00352229
-0.01170706
0.03707713
0.01235696
-0.06767745
-0.04665471
-0.00871490
0.00527626
0.01791605
0.00474399
0.03362639
-0.00683085
0.03850100
-0.05064961
-0.01440161
0.02741536
-0.00713562
0.03753554
-0.04356807
-0.01275073
0.02311203
0.05423669
-0.04312267
-0.04471817
-0.02075525
-0.00087929
-0.03359928
0.03472056
0.01908300
0.02853297
-0.01819642
0.04443974
0.01101541
0.01271051
0.01354980
0.06223540
-0.02166983
0.02025403
-0.01329193
0.02739528
0.00356021
-0.01853118
0.00307324
-0.02348551
-0.03214461
-0.03903931
0.04509817
-0.03254280
0.04784801
-0.03675615
-0.03106816
0.01338025
0.02703917
-0.02118062
0.02142718
-0.02322073
0.00442993
-0.02509848
0.01673878
-0.00889112
-0.00978384
-0.01643769
0.07247535
-0.05298670
-0.04427898
0.03099303
-0.03194700
0.01748292
-0.02423241
-0.03106888
-0.02358657
0.01267911
-0.00579687
0.06676211
0.01760206
0.04044391
-0.01850999
-0.04516935
-0.05236960
0.01734497
0.05290738
-0.03784693
-0.01161246
-0.03163373
-0.02402359
-0.01296271
0.00022785
-0.06095160
-0.01707428
-0.05302506
-0.00885287
0.00859466
0.00715950
-0.03396804
0.00919224
-0.02555711
-0.02041177
-0.01677023
-0.00166907
0.00673040
0.03931665
-0.02470073
0.01444776
0.03541237
-0.00608127
0.01778266
0.02237262
0.00675664
-0.01413214
0.01029589
-0.01577947
-0.02283129
0.00126048
-0.01647280
0.01824724
0.05599025
0.03261479
0.02668128
-0.03766083
-0.05096940
-0.00064034
-0.02012383
-0.03609341
-0.05226240
-0.03559572
0.00427288
-0.02489325
-0.00434865
0.01015598
-0.02038794
-0.02349771
0.00994665
-0.05191290
0.00704334
0.01838401
-0.05878912
-0.03895184
-0.03555019
0.01654957
-0.07117320
0.02299190
0.03117258
-0.01015064
0.09299207
0.03877299
-0.02650000
-0.05966198
0.02203691
-0.06027583
-0.04112572
-0.00465808
-0.02277365
-0.05393541
0.00943540
-0.00612948
0.07461206
0.02790620
-0.02356109
0.03845099
-0.01300072
-0.06373932
0.03635448
-0.01392317
-0.01115385
0.02377949
0.01595959
0.02237082
0.04219073
-0.02444120
0.03549094
0.03147075
0.08342616
-0.03675708
-0.02578082
0.05363076
0.00148759
-0.07183668
-0.03162114
0.00123957
-0.06076945
0.03666196
0.02868725
0.01756357
0.00253499
-0.02028479
0.03403850
0.01715171
-0.02716254
-0.02950562
0.02028773
0.02961029
-0.01897061
-0.02155524
0.03905057
-0.00687058
0.00165105
-0.00544779
-0.00936015
0.04593875
0.01952906
0.03572836
0.00574957
-0.04397570
0.01261212
0.00223020
-0.02592416
-0.00992728
0.04929338
0.00038552
-0.02485705
-0.04646209
-0.04233836
0.04675965
0.01140768
0.00187115
-0.00830633
-0.03977094
0.03815045
0.01650515
0.03946989
0.02063120
0.01400736
0.03157757
-0.03188469
-0.03392918
-0.00017263
0.02705242
-0.01852879
-0.01714436
-0.01226924
0.04469687
-0.03136468
0.01800878
-0.02399213
-0.04248490
-0.04532222
0.02698685
0.03140626
0.04811627
0.03010814
0.01038527
-0.03084327
-0.04327113
-0.03762905
0.00654330
-0.04432368
-0.00398836
0.03662819
0.00660705
0.02731321
-0.04710058
-0.01098763
-0.03066002
-0.01290155
-0.00165349
0.02240242
0.03729913
0.02099786
-0.04292080
0.00562240
0.03467972
-0.00181947
0.03693437
0.02030615
-0.01176032
0.02288862
0.02932063
-0.01978872
-0.04654047
0.02059288
-0.01137856
0.00266037
-0.00654328
-0.01129745
0.02418664
0.02332392
0.02860768
-0.03766230
-0.01667855
-0.00294478
0.01835948
-0.01736764
-0.02096470
0.04794054
-0.00075942
0.02108002
0.02793149
-0.04307599
-0.00403764
0.01580667
0.00473343
0.00561567
-0.04001839
0.01160353
-0.01143904
-0.00485253
-0.04696741
-0.04416276
0.02993250
-0.00886089
-0.01547886
-0.01578120
-0.02592950
-0.04903906
-0.01481359
-0.03421913
0.04361252
-0.00408154
0.04156751
-0.02248419
0.01650581
0.02441888
-0.00326100
-0.00797268
-0.02630433
-0.01038959
0.02477013
-0.00036312
-0.04973140
-0.01394096
-0.04122977
-0.02048513
-0.02651520
-0.02371427
-0.02316304
-0.02235426
0.03762911
0.01132866
0.02678453
-0.03072835
-0.01392158
0.01279497
-0.03940520
-0.02392021
0.03390372
-0.01919887
0.04500822
-0.04222525
0.02377518
0.02719891
-0.01835853
-0.02253737
-0.01893631
-0.01667758
-0.01581339
-0.00020989
-0.01517427
-0.02260392
-0.03248910
-0.01360112
0.03479292
-0.04489889
0.04651072
-0.02907384
-0.03348100
-0.04140824
-0.00989990
0.03681560
-0.01100024
-0.00710070
-0.03278478
-0.00457067
0.03818823
-0.01159397
-0.03983459
-0.02313130
0.01094563
-0.02145896
0.00374689
0.00699620
-0.04211162
-0.04664227
0.04962874
-0.00433561
0.00265401
0.03658955
0.04551550
-0.03810240
-0.00346218
-0.03915935
-0.02142951
0.03135903
0.01947056
-0.03405757
0.04342184
-0.03810671
0.02855225
0.04771525
-0.04277579
-0.00496735
0.02464455
-0.03548247
-0.00361963
0.00279220
0.03587769
-0.03455130
0.04073628
-0.01081172
0.02157250
-0.04395963
-0.01663979
-0.03032816
-0.02868419
0.01390816
-0.03361836
-0.00204466
0.04565359
0.03137252
0.01582839
-0.02234462
-0.03890470
-0.02222787
-0.03645865
-0.00158697
0.00314672
-0.04952419
-0.02389531
0.04561198
0.04649666
0.01522494
-0.00790928
-0.04412875
0.04403193
-0.02888720
0.00128344
-0.01861221
-0.02391515
0.03108395
-0.01809935
-0.02561823
-0.02875860
-0.00941439
0.02647760
-0.01165434
-0.01700954
0.04277010
-0.02720199
-0.03950619
-0.02638811
0.01625497
-0.01403611
-0.02996538
0.02383127
0.03510687
0.01372788
0.00363838
-0.04243903
0.05503044
0.03612382
0.02570638
-0.02716360
-0.03661164
-0.01157590
-0.01334464
-0.04971966
-0.02179204
-0.02020296
0.03489054
-0.06063166
-0.02119542
0.02609478
0.01621906
-0.06750985
0.01609872
0.04269326
-0.03149004
0.02675347
0.01919286
0.00651355
0.01905235
-0.01150533
0.01385257
0.02877754
0.02345756
0.01056971
-0.01930676
-0.04294689
-0.04472008
-0.04314919
-0.01459657
0.03373677
-0.01781644
-0.02902170
0.03472516
-0.02555778
0.02408535
-0.02035159
0.00068168
-0.00651249
-0.01679478
-0.00124258
0.04279863
-0.00817990
-0.04722634
-0.00583514
-0.02297822
-0.04502398
0.05215244
0.02257682
-0.02216220
0.02513491
0.05602261
0.01856166
0.00840086
0.00949069
0.01105243
0.04744964
0.06734665
-0.06335358
-0.04648493
0.01753421
-0.03095223
0.03633218
-0.00702600
-0.04070795
-0.02248315
-0.04120991
0.04115219
-0.00268967
0.04055336
0.00380340
-0.01221341
-0.00670615
-0.01909550
0.02331287
0.03597861
-0.01516663
-0.03910438
0.02598090
0.02234028
0.03442746
-0.02527493
0.00321915
0.06677446
0.00925838
0.02750677
0.04578973
-0.04238952
0.06781998
0.03693962
-0.04034063
0.02484123
0.01228720
0.05579820
-0.05267062
-0.03581956
0.02059183
-0.00184647
0.00015792
0.04530161
0.02303483
0.01162563
-0.00548596
0.02132578
0.04783545
-0.00321208
-0.03465793
0.03380540
0.01839634
0.04194885
-0.03340004
-0.00230672
-0.02412330
0.00474278
-0.04032110
-0.01212668
0.04283436
-0.01470097
0.00164797
-0.00284405
0.03421356
-0.00855382
0.00938762
-0.00555903
-0.01156871
0.04241457
0.02127721
0.02420769
0.02064079
0.03441305
0.01735435
0.08083729
0.00502197
0.03746871
0.05781345
-0.02979677
-0.00643185
-0.01201076
-0.03008289
0.02681880
0.07218175
0.04626714
0.01528915
0.02622214
-0.01387098
-0.02904434
-0.03512005
-0.01878641
-0.00509459
-0.01096352
0.05338459
0.00520712
-0.03403552
0.01346157
0.03879478
-0.05941345
0.02187705
0.04801480
0.08094455
0.01360685
0.01797538
-0.00289436
-0.01801503
0.00657358
0.00125862
-0.00909123
0.03760121
0.01425457
0.05208883
-0.03274727
0.01353226
-0.01293496
0.01171623
0.04812564
0.03874483
-0.04409656
-0.00755156
-0.02774157
-0.04898437
-0.01006826
0.05735934
-0.00397928
-0.00694440
0.04834675
0.04605654
0.06567738
0.01326472
0.01838410
0.05164946
-0.01773927
-0.01495521
-0.00827470
0.04524456
0.02000238
0.03099783
-0.03835271
0.00127054
-0.03327773
0.05239696
-0.01293029
0.02033793
0.06959194
0.04450930
0.03210895
-0.00291288
-0.07222591
0.01515760
0.00456578
0.04307586
0.02119379
0.03738016
0.05368717
-0.00963860
0.01092036
-0.02277989
0.05178268
0.06521920
-0.02312236
-0.00711608
-0.01939233
0.01756945
-0.02165720
0.07813846
-0.00206261
0.00807243
-0.03974146
0.04281032
0.05393667
0.01312451
-0.02052305
0.00125744
-0.00031065
0.02567254
0.01550806
0.00782190
-0.00757504
-0.07892413
0.05432247
0.06777428
0.00211061
0.04816473
0.02412959
-0.02011475
0.02329252
0.02398032
-0.03304905
-0.01012288
-0.00887254
-0.01165454
0.02992032
0.01917696
-0.01588673
0.00909502
0.00193655
-0.00770083
0.01428817
-0.04446062
-0.02975683
0.03148158
-0.01089520
-0.01019088
-0.00321519
0.02007255
0.00240522
0.03915431
0.02253162
-0.01871422
0.02120067
0.04581714
0.00601462
0.01224061
0.01222221
0.02947591
-0.04571817
-0.01147300
0.03397337
0.00622765
0.01498544
0.02093175
-0.06511967
-0.01644067
-0.02292296
-0.04293484
0.05697051
0.04207491
-0.06732877
-0.00004780
0.03514855
-0.04207376
-0.01150031
0.01865958
0.00735325
-0.00014611
-0.01874521
0.01357110
0.04019089
-0.04608937
-0.03923808
0.02313606
0.05652846
-0.07441118
0.07578828
-0.01918199
0.00090597
0.00337930
-0.04675363
0.05349218
0.03291557
0.05657317
0.01657174
0.02141738
-0.05540538
-0.02260573
-0.02400654
0.03641900
0.06122537
0.04204419
-0.03272309
0.00256875
0.01740774
-0.00100700
-0.01748757
-0.02422680
0.02221341
-0.00984812
0.05123221
0.05921077
-0.04506051
0.04088491
-0.00815398
-0.00126616
-0.05450478
0.02359660
-0.03434763
0.02916877
-0.00668576
-0.00398714
0.00371284
-0.02675738
0.03658801
-0.02357723
-0.03242227
-0.04281053
0.02159092
-0.00588434
-0.00110947
0.05433258
0.01259643
0.03905893
0.01896832
-0.02279848
0.03831016
0.04113051
0.04144123
0.01416314
0.00600902
0.03250718
-0.01289398
0.01406969
0.03666899
0.02949230
-0.04194201
-0.01813505
-0.03133886
-0.03287188
-0.05975158
-0.03568132
-0.01929552
0.04802833
-0.00765460
-0.03979791
-0.04984776
-0.03340639
-0.04643347
0.00449436
-0.03751599
-0.02291250
-0.02203653
-0.04318662
-0.04251515
0.01982068
-0.01552147
-0.04104805
-0.03430625
0.04888812
-0.01398804
0.01496876
-0.00512194
-0.03772993
-0.03563641
-0.02447272
0.01612389
-0.03760500
0.02278591
0.04855526
0.00909592
-0.00739592
0.00258237
0.00797959
0.03792048
0.06977738
0.04453602
-0.04039911
-0.04264348
0.04087933
0.00053664
-0.04820223
0.03937456
-0.02040130
-0.01567881
0.00382336
0.03664543
0.00674476
-0.01473575
-0.01494199
-0.02688703
-0.00759987
0.02173802
0.00605102
0.02471883
0.03015767
-0.05150076
0.00187963
-0.03752333
-0.04724489
-0.01639217
0.04218861
-0.00237600
-0.03192056
0.00404860
0.04090839
-0.03571193
-0.01693017
0.02814965
0.05622551
0.03683860
-0.03982856
-0.02818944
0.00520479
0.06684028
-0.00932881
-0.01469174
0.00763389
-0.03317607
-0.04741426
0.09779697
-0.02272794
-0.01374187
-0.01281496
0.04119491
-0.02176378
0.04794721
0.03577838
-0.03515139
-0.02059919
-0.00350519
-0.02639561
-0.01240446
0.00651650
-0.00343614
0.03361000
0.02123947
-0.04201863
0.03866532
-0.01053595
-0.04907695
-0.05024355
0.01923159
-0.01562158
0.00444305
-0.05798362
-0.01117610
-0.03754599
0.06978116
-0.05099359
0.01966875
0.00415201
-0.00806379
-0.02175043
-0.04957685
-0.01640791
-0.00687985
-0.01808351
-0.06467255
0.02417504
-0.04077370
-0.01552825
0.02243940
-0.01543150
0.06632087
-0.00975917
0.00991764
-0.02266212
-0.00752498
-0.01145326
0.03985850
-0.02170582
-0.03709828
0.07179788
0.00662310
-0.07038447
-0.01655530
-0.01488041
0.01350611
-0.02814194
0.03500297
0.01589505
0.05734655
-0.04863516
0.01613676
-0.04200763
-0.00463877
-0.02573894
0.00563025
0.03823832
-0.00550968
0.00488225
0.02641297
-0.02251734
-0.03722366
-0.03494354
0.03369259
0.02979818
-0.03070835
-0.02999948
-0.01315294
0.00965780
-0.02930319
-0.02666179
0.01967367
0.01066012
0.04314181
0.04908488
0.04221773
0.02210397
-0.01842549
-0.02883907
-0.00047150
0.02958645
0.01051926
0.02698924
-0.02823040
-0.01977405
-0.05371452
-0.04006298
-0.03393403
-0.04326356
-0.04506658
-0.00873402
0.03456296
-0.04212127
-0.00698784
0.04405763
-0.00806885
-0.04237213
-0.05265868
0.01040094
-0.05164941
0.01729178
0.02034760
-0.03871021
-0.01810103
-0.00031763
-0.01466150
-0.00758784
-0.01274605
0.03949390
0.03463453
0.02722111
-0.04310844
-0.02837065
0.01077398
-0.00904549
-0.01166187
-0.00776954
0.05153118
-0.04412883
0.02479835
0.03724775
-0.01686997
-0.01799444
0.03092024
-0.00878096
0.02217732
0.02329456
0.01638629
0.04112941
-0.03896929
0.03423950
0.02314353
-0.02602741
0.03006421
0.01169935
0.02606926
0.01307711
-0.03221121
-0.00049098
-0.00469049
0.04119971
-0.02565832
0.00227082
-0.03504408
-0.01718847
-0.03519687
0.03238293
0.01990558
-0.03041044
0.02967630
0.05430407
-0.05325738
-0.04726563
-0.00489336
0.01545789
0.00439549
-0.03702006
0.00419388
0.00388033
0.05248691
0.00376836
-0.04004425
-0.02457896
0.01325141
-0.04693385
-0.00268211
-0.03541996
0.04041445
0.01566287
-0.00411771
0.03877053
-0.01081158
0.03452105
0.01049296
-0.03646769
-0.04181956
-0.01012776
0.03654999
0.02382522
0.01346852
0.05276267
-0.03967763
0.04898963
0.00130379
-0.01336969
0.05615785
-0.02332541
-0.04116293
-0.01075880
0.03199945
-0.01133692
0.01347840
0.01819984
0.04242102
0.01891095
-0.00857972
0.00811439
-0.03673121
-0.00669465
0.02983919
-0.01248708
0.03902169
0.05181591
0.05582318
0.04141310
-0.00173654
0.01993186
0.03025729
-0.00073443
-0.01083249
-0.03755179
-0.03565777
-0.01899246
-0.02857691
-0.02954816
-0.03392640
0.04272393
-0.01174017
-0.02899768
0.04351691
0.04085036
0.05155168
0.03675840
-0.02875935
0.02779195
0.02483068
0.02362043
0.03632848
0.02255502
0.02359946
0.00299180
-0.00506619
-0.04788465
0.01133992
0.02761683
0.04528255
-0.02795120
-0.01340681
0.04657490
0.01979366
0.01809631
0.00179036
0.02522727
-0.06538973
0.04054261
-0.03408862
-0.01840116
-0.03456456
0.01248274
-0.04636815
0.01796640
0.03124220
-0.03658627
-0.01065445
0.00718301
-0.00483430
-0.02508552
0.04424223
-0.04571782
0.00101062
0.00849425
-0.00303825
-0.04374386
0.03449981
-0.02835088
0.02701677
0.04621293
-0.04101091
0.04353285
-0.04688305
0.01578661
0.00968272
-0.00775023
-0.00208758
0.00173273
0.00978343
-0.02728027
0.02720443
0.01747762
0.01727273
0.00889964
0.05863325
0.02838390
0.02408538
-0.04845611
-0.01387180
0.01979352
0.00378881
0.05923169
-0.04747964
0.03073391
-0.01969464
0.02415615
0.01914656
0.02656518
0.03415271
-0.02965202
-0.01847577
-0.04431395
-0.02120956
0.04857191
-0.05203741
0.04210229
0.02234355
-0.04855705
0.03773778
0.01335341
-0.05935081
-0.02360380
0.04075782
-0.06356025
-0.01697881
-0.03202048
-0.05826940
0.03687093
0.00449109
0.00300088
0.02695169
-0.02704607
-0.02058692
0.03342065
-0.00025744
-0.06235998
-0.00052380
0.05213053
0.01341574
-0.06311903
0.02291339
-0.00543259
0.01251845
0.00004601
0.02883744
-0.05054047
0.03457614
0.00614797
-0.05108970
-0.04190855
-0.05740109
0.02924533
0.01157756
-0.02531626
0.01116069
-0.00150483
0.03688918
-0.01943615
0.00683876
-0.05129907
-0.03454605
0.04683447
-0.02895735
-0.01822100
0.03895215
0.02095424
0.00720964
-0.07033823
0.07822917
-0.03171453
0.01100451
0.00864309
-0.02256630
0.05362304
0.04536609
0.03994131
-0.02897538
-0.05776800
0.01251418
0.04858361
-0.03009901
0.03989217
0.01920304
0.02106281
-0.01617910
-0.03180382
0.04208281
-0.03970585
0.03962228
-0.05529292
-0.01118588
0.03450410
-0.00937582
0.06782629
-0.02249265
-0.01580031
0.03988330
-0.02110738
-0.04326322
-0.01958873
0.03124608
-0.05737537
0.01046688
0.05501582
0.00424523
0.07937520
-0.04751730
-0.03843652
0.02753819
-0.03155031
-0.02480965
-0.04287822
-0.00304854
0.01058617
-0.00711646
0.02570913
-0.03921625
0.02350315
0.00562906
0.01315697
0.01196892
0.00498434
-0.04319117
-0.03298740
-0.05835606
-0.04872957
-0.08392242
-0.00050243
-0.00863931
0.00008980
-0.00416398
-0.04531128
-0.02803897
-0.01404477
0.03099429
-0.04905486
-0.04305274
-0.02133422
-0.06656472
-0.06410373
0.03940764
0.09597421
-0.00168620
0.04342753
-0.00823493
-0.01119031
0.02670148
0.00845878
-0.03637796
0.04496276
0.00278502
0.03356763
0.03627711
0.04466897
0.03270334
0.05420769
0.01426804
0.06490719
-0.03276953
-0.01589547
-0.02568283
0.04628731
-0.01543455
0.03625277
-0.02578151
0.04093775
0.00338365
-0.05735127
0.02160015
0.02377116
-0.01318845
0.00237117
-0.00157775
-0.01454583
-0.03979108
-0.02441187
-0.00363424
-0.04577650
0.03708736
0.00411457
-0.03366465
-0.00587414
-0.05069672
0.04748651
-0.03059518
-0.00319225
-0.01725895
0.00456902
-0.03095881
0.02502414
-0.02941540
-0.01102933
0.00391885
-0.03077420
0.03129791
0.01101258
0.02941626
-0.03899788
0.00135061
-0.03230510
-0.00144691
0.07667711
0.01093395
-0.05198476
0.03512014
-0.02961440
0.02068740
-0.02543829
0.07606031
0.03835519
0.03836474
0.04494606
0.10641266
-0.02789546
0.06175210
0.01582289
0.02618165
0.00539233
0.06009665
0.00113484
-0.06364185
-0.02878202
0.02198003
-0.00616246
0.00798290
0.04223666
0.02256507
-0.03455491
-0.03042474
0.02196925
0.04643722
0.01843631
-0.04222650
-0.02113171
0.04276884
0.01985206
0.06073007
0.03073735
0.06225850
0.04771664
-0.00983955
-0.01263105
0.00136366
-0.02316639
-0.01274520
-0.03333047
-0.02964828
0.02885013
-0.05961754
-0.03538627
-0.04538852
0.04259845
0.02266701
0.06848010
0.02729893
-0.01596287
-0.02327341
-0.07555418
0.00303510
-0.02198047
0.05105184
-0.00302560
0.01786145
0.02285785
0.02880420
0.06134379
-0.00616112
0.00682060
-0.04918429
0.02370534
0.00297634
0.02113742
0.01215695
-0.00464128
-0.04217160
0.03275612
-0.02799756
-0.02998438
-0.02566728
-0.02524572
0.04366811
0.01092827
-0.02878135
0.02313955
-0.01257703
0.03373177
0.03044856
-0.02585955
-0.02182387
0.03250420
0.04136827
0.03484586
0.00449800
-0.01431524
0.02653295
-0.02887485
0.01693097
0.00782376
-0.01100971
-0.02351673
0.02396833
-0.02051616
-0.00262854
-0.03440564
0.02230240
0.01161799
-0.00267499
0.04154326
-0.04383589
0.00424859
-0.00931660
0.00113626
-0.02934570
-0.04943913
0.04494945
-0.01916873
-0.03089966
0.01370778
-0.01863901
-0.04132012
0.01920574
-0.01026112
-0.01752387
-0.03494250
-0.01222739
-0.00004888
-0.01480136
0.00515987
-0.01343618
-0.00423863
-0.00393586
-0.02214181
0.04134081
-0.00885972
0.00523670
-0.03866360
-0.02575804
0.04854958
-0.00771691
0.04147473
-0.00859946
-0.03822462
-0.02104389
0.04551383
-0.02089017
0.03856003
-0.04290142
-0.00209598
-0.02408031
0.01145744
0.04921074
-0.04913963
-0.00008596
0.03559599
0.04240745
0.03315704
-0.01311871
-0.04335025
0.01081300
0.01274414
-0.03574833
-0.01841460
0.03355654
-0.04296387
0.01477251
0.04445073
-0.04669787
0.03356790
-0.00450923
-0.01245821
0.03412632
0.03215451
-0.03810610
0.01883323
0.01615535
-0.02999751
-0.03504627
-0.01716133
0.03068772
-0.00408920
0.01477209
-0.05547294
0.01048178
-0.00022478
-0.04697454
0.00686669
0.01975643
-0.02575598
-0.03782507
-0.02258370
-0.00867325
0.02701325
0.04220195
-0.01087106
0.04398162
0.04064207
-0.00136123
-0.00111922
0.04483592
-0.00532125
0.02957442
0.03268475
-0.00060840
0.02121784
0.01964682
-0.02997278
0.00463705
0.04300635
-0.04418564
-0.02160268
-0.03694135
0.04065256
-0.00571808
-0.01223728
0.03805775
0.02708824
0.04261074
0.00116695
-0.02872029
0.01789184
-0.02589190
0.02423758
-0.01645193
0.03361296
0.02775972
0.02260417
0.00223760
-0.02647913
-0.00592733
-0.04649403
0.02108315
-0.04039486
0.01934741
0.00870556
0.04242216
0.04839264
-0.00545468
-0.05006636
-0.03984658
0.04596937
-0.02506343
-0.04419193
-0.01086182
-0.04832213
0.03560478
-0.02722573
0.04166897
0.01704866
-0.02723798
-0.03015258
-0.02661480
-0.04225255
0.01231280
0.02452943
0.03490959
0.03293807
-0.03027057
-0.01519777
-0.00195000
-0.03533204
-0.02510254
0.04961403
0.03386842
-0.04060405
-0.04047123
-0.01224288
-0.03412392
0.04786124
0.03193082
0.03812513
-0.04697836
-0.02568366
-0.00798831
0.00979990
-0.04620406
0.00399944
-0.01066361
0.02619677
0.01786351
-0.03844116
-0.00760412
0.00150666
0.01605647
0.04321470
-0.02167249
-0.04955742
-0.01929034
0.01353516
-0.00602947
-0.02211052
-0.01100628
0.04293196
0.03118702
0.03425850
-0.04077794
-0.04040590
-0.02392162
0.01234496
-0.02129421
0.02531683
0.00827411
-0.03123445
-0.00565047
0.04359650
-0.01468829
0.03131004
-0.03992922
-0.02254574
-0.02791083
-0.04088777
-0.03823070
-0.01760785
-0.03876809
-0.00955800
-0.04405713
0.02877771
0.01421712
0.03081815
-0.03041135
-0.03003056
-0.03746844
-0.00737571
-0.04737458
-0.01868158
-0.03247301
0.04859705
-0.01151638
-0.00506747
-0.00730874
0.01577609
0.00993927
0.00320893
-0.04134150
-0.03942655
0.05482263
-0.04674528
-0.04578364
0.00562976
-0.04232491
-0.00628605
0.04843768
0.02250815
-0.01462184
-0.01159462
0.00087386
0.10494246
-0.04437928
-0.00426782
0.03499853
0.05390412
0.00172332
-0.04441329
-0.02197605
0.00066142
-0.00022007
0.02343479
-0.00059283
0.01088378
0.00778562
-0.00530101
-0.04765292
0.00639581
-0.01560932
0.08837477
0.03752245
0.00397374
0.03325694
0.02107249
-0.02978942
-0.02151354
-0.04946466
-0.03183149
0.03848289
-0.05669334
0.03649246
0.01139892
-0.02416917
-0.04404842
-0.01462699
-0.00473998
0.16531029
0.02855662
0.04781308
0.01598991
0.01379528
0.05438178
0.02546616
-0.02955336
-0.06246426
-0.08777355
0.07604463
-0.04078228
-0.00574933
0.05589212
0.02101147
0.08120358
-0.05209364
0.02387895
0.02895579
-0.05303723
0.01275578
-0.00476234
0.01862629
0.00084625
0.04282570
0.07879414
-0.05407085
0.00763350
0.07134371
0.04109091
0.01338685
0.01680807
-0.06850334
0.03056733
-0.00272047
-0.00526790
-0.04986480
0.04221620
-0.03488645
0.03415355
-0.01032351
-0.03015742
-0.06520858
0.01498616
-0.04584181
-0.00466862
-0.03196108
-0.02314360
-0.03083348
0.04863849
-0.01781587
-0.01134867
0.04856430
0.00698552
-0.02904230
0.00273579
-0.04528433
-0.06277574
-0.00921289
0.01215208
-0.04888299
0.01143064
-0.02739390
-0.04682827
-0.02144356
-0.03623599
0.01426542
0.01295903
-0.01836944
-0.06542882
0.02623813
-0.05124970
-0.03541180
0.03541513
0.04629646
0.03330381
-0.00162684
-0.02318568
0.01317468
-0.02432054
-0.02209905
-0.04304334
-0.00618369
-0.02536866
0.07046860
0.01962104
-0.07771444
-0.02378381
-0.03669947
0.05216464
0.04320170
-0.02487435
-0.05249602
0.06661657
-0.03926606
0.02122366
0.03071856
-0.03880608
0.02984232
0.02919516
0.04012206
-0.05983291
0.02438125
0.02241618
-0.05322502
-0.00222892
0.02087198
-0.02924071
0.04425811
-0.01134176
0.03768547
-0.01475427
-0.07075991
-0.00735529
-0.03573080
0.03951341
0.07086730
-0.02944721
0.03530308
-0.00306453
0.02455906
0.03801682
0.01263064
-0.01958792
-0.04693445
0.01310094
-0.01036179
-0.03037070
-0.00100111
-0.00597234
0.02224602
-0.05998013
0.00919410
0.08756903
-0.02763203
-0.04942706
-0.02109042
0.01018252
0.03811648
0.03966472
0.03734620
0.01718724
-0.03093918
-0.02054452
0.05768245
-0.00377496
0.08766185
0.02084466
0.03091197
-0.00034254
-0.00134794
0.00267373
-0.05418430
-0.02950869
0.00851836
-0.00874981
-0.00515134
0.03601330
0.03195570
0.01530724
0.06975278
-0.01738374
0.05520569
0.02345280
-0.00444270
-0.05251312
0.01246345
-0.01090045
-0.01003572
-0.05161611
0.02912239
0.06966510
0.03649667
0.07104301
0.01382063
-0.05464469
-0.00767894
0.00357526
-0.02274871
0.04094019
0.00608834
-0.02383821
-0.05250110
-0.04558898
0.05368428
-0.01205792
-0.03611729
0.04366990
0.02781743
-0.10723635
0.00495229
0.01716579
-0.03888579
-0.04697650
-0.00167226
-0.05744651
-0.01898056
0.09400904
0.00668474
-0.02744534
0.03583166
-0.03104529
0.07071687
0.02062575
-0.05934696
-0.01075798
0.03100994
-0.00088966
0.08034995
0.04740224
0.03508947
0.05229270
-0.04317621
-0.03275733
0.06975278
0.04657700
-0.01590546
0.02107111
-0.00851270
0.03151002
0.02425849
0.00568618
-0.03107765
0.08726227
-0.04561989
-0.07111482
-0.03402606
0.04367789
0.01311304
0.03273929
0.04965707
-0.00561508
-0.00953053
0.01797703
0.02732198
0.03591940
0.04114358
0.03136868
0.04036305
-0.00787082
0.09094161
-0.04876505
-0.02910622
-0.01514008
-0.04216706
-0.03186794
0.00685663
0.03160222
-0.05033264
-0.04321061
0.02707334
0.00858100
0.01322410
0.06214119
0.08549935
0.00044580
-0.02264898
-0.04325778
0.04730328
0.01037649
0.05436371
0.00858429
-0.03190155
0.07373516
0.05369446
0.07086659
-0.01236244
0.01726379
0.02473607
-0.00573455
0.08911438
0.02321597
0.01389076
0.04448284
0.00362655
0.04383241
0.05661859
0.05636015
0.01531621
-0.01021824
-0.02238537
0.01332540
-0.04279808
0.03491825
0.03959947
-0.02998586
0.01818879
0.04866048
-0.04150401
-0.03364787
-0.01061487
0.00345636
0.04055832
-0.03737397
0.06566665
-0.02150546
0.07082410
-0.01909442
0.03921484
-0.05458204
-0.05140238
0.06270596
-0.04574977
0.01235493
0.00955607
-0.02118536
0.01819547
0.02399392
-0.00055240
-0.00920030
-0.01655230
-0.04287479
-0.05008506
0.06696508
0.00771367
-0.05085038
0.02957610
0.02917917
0.04318302
0.08863008
0.05105006
0.04104043
-0.01630855
-0.03310191
0.01904122
-0.01375381
-0.01652406
0.02630339
-0.03187357
-0.03152081
-0.02176053
0.01302394
0.00575707
0.00600744
-0.03800235
0.07469688
-0.04374275
0.02511015
0.01024298
0.00778610
0.03401947
-0.01603828
-0.01531981
-0.04210389
0.00542314
-0.00135120
0.08392690
-0.01734274
0.00037355
0.03152550
-0.02313450
-0.00985664
-0.03860486
-0.01684568
-0.02301347
0.03708066
-0.01597916
0.00823546
0.05680175
-0.02122713
-0.02116779
-0.06230128
-0.00619303
0.00643124
-0.03917388
0.01755410
-0.06107734
-0.03230849
-0.01017799
-0.10140663
-0.02676347
0.01131052
0.05332332
0.01484235
-0.01116721
-0.03320860
-0.00972688
-0.05311769
-0.04067603
-0.03242698
0.00162296
-0.04173205
0.00777054
0.03256893
-0.00463138
-0.00115493
-0.03158078
-0.03874522
-0.00510250
0.00989143
-0.02840105
0.03127870
-0.01512382
0.00078215
-0.04850545
-0.02509135
-0.06589069
-0.02807175
-0.00193406
-0.05876160
-0.02253411
0.05201357
-0.07812414
-0.03797398
0.03689306
0.00860097
-0.05172016
-0.04421608
0.02145474
-0.03187388
-0.04911150
-0.05690381
-0.01752169
0.02568723
0.05691557
0.04016649
-0.00795612
-0.05832257
-0.00211351
-0.02866355
0.02432453
0.05451058
-0.00118835
-0.01031709
0.01048491
-0.05968175
-0.07572894
-0.03699900
0.06609594
0.06938027
-0.03290194
0.01384270
-0.00278232
-0.09197783
-0.04120811
0.00108910
0.04548747
0.02290984
-0.02094029
-0.04445195
-0.03490955
0.00921137
-0.03474642
0.04337736
0.03232214
-0.02622214
0.02743696
0.03733870
-0.05015934
-0.03323828
0.00619707
0.00670864
-0.04908730
0.05708162
0.06238498
0.04764651
0.06529512
0.04037588
-0.01496112
-0.04890467
0.00138972
-0.03161225
-0.00393903
0.02973341
-0.07663071
0.01220014
0.07203051
-0.00625745
0.04357037
0.00167990
-0.06593572
-0.03081827
0.01213971
-0.04664413
0.00595006
-0.00403691
0.02517103
0.03361747
0.00217077
0.01064866
0.04252216
0.00848871
-0.00429319
-0.05629154
-0.06592093
0.00698463
0.02291364
0.06412701
-0.01663074
0.02758109
-0.04721665
0.04245347
0.04460841
0.11497594
0.04242196
0.06642377
0.00248011
-0.01089348
-0.02345503
0.02870552
0.07851487
-0.04462747
0.00897245
-0.02786223
0.08332878
0.02610331
0.01367347
-0.02207223
0.01746322
-0.01295878
-0.00163010
0.03814264
0.04829479
-0.01345378
-0.03556838
-0.04703686
-0.02437626
0.10108515
0.03877167
-0.04647072
-0.02622388
-0.09347899
0.05111617
0.00767097
0.06817105
-0.00624693
0.04078321
-0.03805517
-0.00539081
-0.00796963
0.10368651
-0.02782882
0.02773063
-0.03951224
0.02638800
0.03197202
-0.02020742
0.00482447
-0.04829342
0.02818939
0.03268643
0.02754520
-0.05217655
-0.03545430
-0.05075112
0.04110524
0.00425482
-0.00880647
-0.02376926
0.07404364
-0.13077073
0.04356832
-0.02764283
0.01256957
-0.05792683
0.07031703
-0.02596756
-0.00810304
0.03030916
0.01066396
-0.00368508
0.01307052
0.03459052
-0.04393714
-0.00089432
0.01607002
0.02704371
-0.03531038
-0.03238476
-0.05007359
-0.05975124
0.08971088
-0.00398717
-0.01225544
-0.02046396
-0.05910297
0.00249047
-0.00815590
0.04953675
-0.00767693
-0.02067312
-0.03966781
0.02525347
-0.05697672
-0.02125777
0.05843436
0.01482838
-0.03723003
0.07794990
-0.02205010
-0.03227795
0.00239017
0.04754628
-0.06254262
-0.01223692
-0.03506159
0.00517380
0.05088206
-0.05166008
0.04291737
0.01796343
0.07880098
-0.05206642
-0.03631102
-0.01523094
0.04373351
-0.01189297
0.06050628
-0.04403079
0.01148985
0.01524722
-0.03897032
0.00264885
-0.03203371
0.03957422
0.04856207
-0.01018232
-0.00586079
0.03156523
-0.00835350
-0.03120795
0.00093438
0.06656180
0.00659218
0.02471891
0.08764857
-0.05263484
-0.01134649
-0.05632307
-0.00727205
-0.02662500
0.01153571
-0.00447748
-0.05525331
0.03213746
-0.03548833
-0.02230370
-0.00604476
0.00969241
0.06596807
0.02145936
0.00808118
-0.03100875
-0.00193647
0.02338124
-0.00760196
0.04118061
0.03968338
0.00424757
0.04250635
0.04398651
-0.00884416
0.08087970
0.03842950
-0.03938380
-0.02922468
-0.01414432
0.00461156
0.08890989
0.04213464
0.00238966
-0.03700462
0.01566861
-0.02395779
0.01151176
0.06838264
-0.02007081
0.03435346
-0.00785778
-0.04310286
-0.05098519
0.01305703
-0.01531576
0.02552852
-0.03645778
0.01152275
-0.04916278
-0.03246290
0.04241832
0.02783697
-0.01862328
-0.04842257
0.03541590
0.04861271
0.00205789
0.03880038
0.03277205
0.00566608
0.07207848
0.09155851
0.04959508
0.00979838
0.01746950
0.04421930
-0.04363120
-0.04112418
0.01376555
-0.00154698
-0.04775672
0.02356967
-0.03248128
-0.09051369
0.05706935
-0.04003938
-0.01116134
-0.00465736
-0.02708204
0.03643636
-0.00860031
-0.03820539
-0.07150918
0.00750918
0.04379322
-0.01186726
-0.04317335
-0.04684282
-0.00360682
-0.00201845
-0.03919703
0.02234762
0.00782504
-0.01964773
-0.03164418
-0.04651831
0.00133223
0.02793737
-0.04212596
-0.01601285
0.02387089
0.04368112
-0.04912325
0.03443867
-0.02843416
0.00571685
-0.03851569
-0.00460115
-0.04779809
-0.04506359
-0.03241890
0.00969769
-0.00493431
-0.04556925
-0.02114955
-0.01076729
0.02779630
-0.04944707
-0.05320963
-0.00282297
0.00825873
0.01706699
0.04879386
-0.05055531
0.02254846
-0.00857978
0.03035515
0.03967892
0.03265243
0.00092160
0.00459718
0.01900670
-0.03969379
-0.04774572
-0.01217028
0.02268103
0.00609076
-0.04575246
0.03290870
0.01827820
0.04575701
0.04544763
-0.00574849
0.04732605
-0.05337067
0.03961851
-0.02418271
-0.04286641
0.04544077
0.02787544
-0.05096192
-0.00774235
0.02284272
0.00310060
-0.02082331
-0.05529728
-0.00998493
-0.04985665
-0.01359128
0.01897638
0.01663897
0.03993264
0.00760940
-0.01633139
-0.01837310
-0.03172135
0.03624630
0.01711550
-0.03824753
0.02349686
0.02048915
0.00357686
0.03305151
0.03471298
-0.00689752
0.02545628
0.00587715
-0.04002567
0.00882574
0.01650001
0.02954931
0.03878598
0.02143020
-0.02441914
-0.00594858
0.00315428
-0.04619328
0.01478874
-0.04688739
-0.02058038
-0.02904568
0.00111022
-0.03714560
-0.04573872
-0.01785052
-0.04202464
0.01337646
-0.00043106
-0.01419521
-0.01355465
0.02968855
-0.04493020
-0.02433936
0.03222115
-0.04554445
0.01026532
-0.04032267
-0.02225174
-0.02180676
-0.03405879
-0.01572434
0.02362070
-0.02151089
-0.04950979
-0.01004263
-0.03640816
0.04663221
0.04250008
-0.04050794
0.02506062
-0.03465135
0.00918769
0.03288565
0.00368558
-0.00270852
-0.01158033
-0.01752931
-0.03241747
-0.02515609
0.04743320
-0.03631193
-0.00769350
-0.03022728
-0.02721390
-0.04730827
0.00374079
-0.02593518
0.00576695
0.03194566
0.03183269
-0.00659139
0.00235835
0.00828784
-0.01754628
0.02190358
-0.04533411
0.01406214
0.00863001
0.03536853
-0.01175536
0.01973027
0.03383432
0.02642089
0.02247609
-0.01478626
-0.01392639
0.01488182
0.01275857
0.00885458
0.02283909
-0.03139952
0.03452802
0.01942517
0.02089164
0.00291320
0.03248205
-0.02376258
0.04485674
0.00876888
0.00277150
-0.02963174
0.04270780
0.01340078
-0.02303068
-0.03230871
-0.01727477
-0.01997693
-0.01135740
-0.04637742
0.00029253
0.04284874
0.01791835
-0.01971506
0.03432811
0.01633487
-0.03458180
0.01862909
0.00812330
0.04730212
-0.02246367
0.02142293
-0.02073550
0.03367912
-0.03149429
-0.02487084
0.01762430
0.03490599
0.03791383
0.02920783
-0.01919387
0.04313637
0.01660834
-0.04759988
-0.04168594
-0.01506309
0.00393794
0.02684052
-0.00914372
-0.04658958
0.00192060
0.04598608
-0.03516678
-0.01921781
0.03124491
-0.00647272
0.03514421
-0.06008273
0.00069887
0.00838403
-0.00879319
-0.05432907
-0.01647058
-0.00584613
-0.03232805
-0.01146317
0.00975002
0.01394579
-0.02482292
-0.05005373
-0.04263067
-0.00138899
0.03600156
-0.01372055
-0.02063895
0.03865865
-0.01041933
0.00052635
-0.02984148
0.02390102
-0.03445245
0.02091919
-0.01157859
0.00492122
0.02645139
-0.03765020
-0.02610784
-0.03749094
0.04402094
-0.04120558
-0.04803155
-0.02177558
0.03665221
-0.00098228
-0.00217571
-0.03904822
-0.04486179
-0.00150198
0.01133189
-0.04948202
0.00372414
0.04440111
0.01253206
-0.01889708
-0.05270065
0.03742155
0.01384767
0.02767531
-0.04046471
-0.01304182
-0.04013290
-0.04304317
-0.00469903
-0.01035634
-0.01779911
-0.06895342
0.00759686
0.00452040
0.02637505
0.04221658
0.00642074
-0.01652745
-0.04188841
-0.05080013
-0.01115092
0.04035123
0.03740947
0.03983227
0.03601287
0.02854193
0.00642831
0.05890841
-0.00315674
-0.05161031
-0.04974341
0.04009847
0.00786930
-0.00714386
0.03034162
0.04108706
0.03868071
0.05957008
-0.00321035
-0.04658052
-0.04530056
0.01441289
0.00527657
0.06702605
0.01823753
-0.03677516
0.05106362
-0.05373569
0.01060393
-0.03623806
0.03417157
0.03178453
0.02131263
0.01091326
0.01909698
-0.02036976
0.02459431
0.04679687
-0.04692776
-0.03036124
-0.03932118
0.00149090
0.07657260
-0.03106983
-0.03548215
-0.03851189
-0.00586802
-0.02293357
0.02697116
-0.01903853
-0.00887791
-0.03366125
-0.04076879
0.02762000
-0.04583804
0.00314594
0.04733737
0.00580050
-0.01999549
0.00412422
-0.02045196
-0.02445262
0.03005973
-0.05532333
0.03680383
-0.02025942
0.02640245
0.03187419
-0.03279403
0.02815505
-0.05926098
-0.00380102
-0.02234958
0.01713083
-0.01409680
-0.05141673
0.04744201
0.01532933
-0.04324425
-0.00490706
-0.01461311
-0.03184200
-0.00341790
0.01831371
-0.05925017
-0.04669993
-0.04098729
0.03124570
0.03584733
-0.01336930
0.02221531
0.02454383
0.03556011
0.05499233
-0.05025881
-0.00535519
0.00226550
-0.03023969
0.01640653
0.00224804
0.03497702
0.01656963
0.00227493
0.00332438
0.05613180
-0.06044311
0.02658011
0.02920280
-0.01877572
-0.03418938
0.03047910
0.02871037
0.05785184
-0.03751680
-0.00300892
-0.02253606
0.06400131
-0.04653300
0.02850256
0.02626064
0.01051014
-0.00047485
-0.01838553
0.01387488
0.02193778
0.02084004
-0.03892246
-0.02061266
-0.01314849
-0.01649479
0.05376726
0.03935637
-0.02828738
-0.01296556
-0.04106944
0.04744153
-0.00189136
0.01808522
-0.04757518
-0.00642405
-0.02323508
0.04557455
0.02757453
0.01379482
0.02275567
-0.01382646
0.03182537
0.04283199
-0.03650405
0.02640438
0.03075406
-0.02518963
-0.00957839
-0.02884566
0.00800358
-0.04077413
-0.01796317
0.00361571
-0.01307462
-0.00519072
0.03485395
-0.05324907
-0.01538322
-0.01037533
0.02033803
-0.01245553
0.03740695
0.03165385
-0.00730381
-0.04252160
-0.02832448
-0.04564489
0.00356525
0.01847554
0.01299577
0.02554806
0.01713055
0.04773348
-0.00171939
0.02525661
-0.00237387
0.03222188
-0.02753821
-0.05334403
-0.04636607
-0.01324342
-0.02246513
0.02202562
0.00172597
0.03992820
-0.01947999
0.03653970
0.02101954
-0.00086046
0.04855804
-0.05221025
-0.02226699
-0.00261003
0.01472728
-0.03694729
-0.01711879
-0.01071390
-0.00851604
0.02352152
0.02554443
0.03499026
-0.00754316
0.02777421
0.02224530
-0.00036143
-0.01207097
-0.05072328
0.02174699
0.04146361
-0.03661910
0.01783659
0.00189394
-0.00947314
-0.03473208
-0.00924973
-0.00998500
-0.00358174
0.01004243
0.00360706
-0.02137826
0.03575731
0.03094450
0.02881370
-0.00583679
0.01273934
-0.03683965
0.04094895
0.03517843
-0.01499809
-0.00562114
0.03917653
-0.04482041
0.01293799
-0.04574411
-0.01482803
0.01263981
0.00938967
-0.03684038
0.03557229
0.02729475
0.00257376
-0.02643273
0.03917465
-0.02676733
0.01046145
0.05092956
-0.03000217
0.04815382
-0.01064698
-0.03713369
-0.03346288
0.00471883
-0.02851446
-0.02926140
0.00313626
-0.04600411
-0.00254506
-0.01610981
-0.00109625
0.03126542
-0.00942107
0.03622210
0.03463485
0.05105511
-0.00755857
0.03466145
0.00275932
0.02539515
0.02018391
0.00973555
0.01328573
0.02300276
0.01824842
0.04690073
0.03527199
-0.01282221
0.00776761
-0.04637667
0.01899138
-0.00104080
-0.04112199
-0.03377107
0.02390598
0.04047975
-0.00609262
-0.01613417
-0.03118747
0.01081806
-0.02300868
0.02211692
0.03030213
0.01024828
-0.03625973
-0.02635200
0.02945580
-0.01994057
-0.04241239
0.00619225
0.00458711
-0.01529945
-0.02786711
-0.02156634
-0.04970684
-0.04595457
-0.02380037
-0.00240431
0.01122746
-0.04179804
-0.04166840
0.02145335
0.04227848
-0.01303098
-0.00039022
0.04085963
-0.03649378
-0.01879405
-0.01088697
-0.02776035
-0.02518368
0.05146350
0.00107202
-0.04070612
-0.03608101
-0.04816759
-0.01786331
-0.00590778
-0.01692642
-0.00968892
-0.04579423
0.03128980
0.03994670
-0.02135157
0.04223153
-0.00206481
-0.02145264
0.04846705
0.05072349
-0.03314347
-0.00902422
0.03722294
-0.04543182
-0.01959357
-0.01359357
0.00147289
-0.02464541
0.01570309
0.04100522
0.03908951
0.00487542
-0.03937099
0.01046447
-0.01841107
-0.00795015
0.04727017
-0.03616205
-0.02023949
0.00903855
-0.02492949
-0.01187617
0.02885371
-0.04384201
0.03480311
-0.02919340
0.01879999
-0.00894223
0.01311860
-0.02226731
-0.03279958
0.00194006
-0.01374333
-0.00140029
0.04852358
-0.02892684
-0.02617784
-0.03156380
-0.00618865
-0.03340647
-0.04310447
0.01054092
-0.01343266
0.05359886
0.02317510
-0.00490816
-0.01538951
-0.01119049
-0.04310461
0.05253084
0.00787250
-0.04182992
-0.01596194
0.04027452
-0.03050154
-0.03826609
-0.03870773
-0.02112452
0.04447626
-0.03258765
-0.01260648
0.04154100
-0.02721007
0.04983357
-0.04033516
-0.04460736
-0.02510815
-0.04813946
-0.04174071
0.04865064
0.05103062
0.03426666
0.01853703
-0.00810391
0.04093894
-0.03234741
0.04462158
0.01506229
0.04361433
-0.02919814
0.00905945
-0.03117835
0.02526099
-0.01750346
0.03006583
-0.03617723
0.04949931
-0.02647818
-0.01050831
-0.01652139
-0.03908756
-0.00146677
-0.03103006
-0.02963079
-0.04244421
0.00180226
-0.00216262
0.02451462
0.03656462
0.02256564
0.00547064
0.00138496
-0.01494087
0.05334820
0.04132866
-0.03515768
-0.01250623
-0.03792441
-0.02109893
0.01416732
0.04795574
-0.03951548
-0.02388424
0.00245254
0.02731990
-0.02831876
0.03461447
0.00844502
0.00268211
0.03395284
-0.02742961
0.01156985
-0.01457085
0.05485731
-0.03687986
0.00622948
-0.00572182
-0.03473600
-0.01736540
0.05173612
0.02629058
-0.04360970
-0.04630883
0.00378503
0.04034667
-0.04991041
-0.00657213
-0.01525919
-0.00446575
-0.02914331
-0.01180729
-0.01773671
-0.03042676
0.02562550
-0.03909611
0.03454655
-0.01040208
-0.00309121
-0.02618535
-0.03821320
-0.03183925
-0.04334321
-0.00804586
-0.03547211
-0.01271184
0.03290590
-0.02345594
-0.04163587
0.00340543
0.01922282
0.04200330
0.03374644
-0.00760152
0.02638788
-0.04143358
-0.00268139
-0.03738786
0.00942305
0.04249733
-0.02120329
0.03833240
-0.02457159
0.02871200
0.00788282
0.02099413
0.02549420
0.02178653
-0.02460331
0.03100644
-0.00131215
-0.02212576
-0.03792326
-0.01557363
0.03943023
0.02162748
0.02707011
0.01790324
0.03378978
0.00790368
-0.02702299
-0.03582803
0.00922191
-0.03648163
-0.00577973
0.03082893
0.03277323
0.03419376
0.00086712
-0.01288186
-0.04378588
0.03250752
-0.00445154
0.04615042
0.00305075
0.00969182
-0.04150648
-0.03118564
0.00500088
0.01959689
-0.00851164
-0.04396418
-0.04347222
0.01355568
0.02695071
-0.04104640
0.04352956
-0.01447955
0.00304687
-0.01402986
0.03843145
-0.00220124
-0.03184530
-0.00079769
0.02029084
-0.02997951
-0.03702164
-0.01701036
-0.01402521
0.02329837
0.01713007
-0.02908272
-0.03080900
-0.00843815
0.01316954
0.03269906
-0.01800176
-0.02890750
0.03738968
0.00008447
0.03440281
-0.00189951
0.01201913
-0.03016189
-0.01192568
-0.00857034
-0.01987812
0.03611442
-0.04417043
0.03307103
-0.03508705
0.02815073
-0.00169122
-0.00773842
0.04255910
0.02282829
-0.03479119
0.03082210
-0.02629804
0.01455975
-0.04691659
-0.04537468
-0.01635337
0.03917130
-0.01830626
-0.04306194
0.04082160
0.01244096
-0.01058800
-0.04007902
-0.03614521
-0.04568747
0.04738534
-0.02711480
-0.00996862
-0.03196136
-0.04009485
-0.01925552
0.01025744
0.01350953
0.04628015
0.01323835
0.00404279
-0.00012318
-0.04917073
-0.02291665
-0.05234400
-0.02522025
-0.05204326
-0.03609253
-0.03323646
0.00082229
-0.02344503
0.01317309
0.04227016
-0.02771865
-0.01070912
-0.01492159
0.00947193
-0.01191691
-0.04150133
0.01317672
-0.02471335
0.04673360
0.02280516
-0.04586898
-0.02760478
0.04278468
-0.02278081
0.00592545
-0.02048849
-0.03919666
0.01156066
0.02490592
-0.00100208
0.00023310
-0.01182690
-0.00851040
0.04504942
0.00744570
-0.01615553
0.03496484
-0.02748939
-0.04266269
-0.01747676
0.00064010
0.00984141
0.01229595
-0.03139044
-0.04420030
0.02826233
-0.03672802
-0.04072970
-0.02531903
-0.04400244
-0.04087186
0.03684696
0.03529957
0.00839506
0.03857073
-0.00253089
-0.00799241
-0.02083328
0.02304278
-0.04145006
-0.04822655
0.00288218
0.01626344
0.02970849
-0.02422184
-0.01188297
0.00518263
-0.03971339
0.04259824
0.00406827
0.01587788
-0.04713721
0.03513285
-0.01331374
-0.02021382
0.03977146
-0.04550035
0.01959349
-0.03190644
-0.00893251
-0.04338295
-0.03714730
0.03236220
0.02900978
-0.02929881
-0.03756037
0.03735641
-0.01169714
0.04002265
0.02001174
-0.01203693
-0.01615875
-0.02164279
0.03698557
0.04338529
0.03603415
-0.00596490
0.03908497
-0.03460770
0.01640961
0.03254867
-0.00698272
0.00427977
0.00199443
-0.01684917
-0.03641513
-0.00841415
-0.04186679
-0.04855489
-0.01653542
-0.03307234
0.02461006
-0.04551861
-0.01260350
-0.03719277
-0.04311615
0.03289044
-0.00571175
-0.01716727
-0.03174738
-0.03558996
-0.02574845
0.01441190
-0.04215703
0.04893245
-0.00982465
-0.01026292
-0.03655321
-0.04903329
-0.02498193
0.01195557
-0.01937091
0.01505742
0.01475881
0.01822304
0.00004949
-0.04253698
0.02656357
0.03964551
-0.02678200
-0.00186949
-0.01389241
0.04570996
0.04680898
-0.01721879
-0.02520180
-0.02516467
0.01497448
0.00552682
-0.01594574
0.00716606
0.00233601
-0.02906787
-0.01399354
0.04892316
-0.01758335
0.00871580
0.03157789
0.02034315
-0.01890294
0.00579753
0.02824942
-0.02972682
0.05115703
-0.01155764
0.00376307
-0.04864750
0.00109471
0.01618190
-0.02014883
-0.04946094
0.04404279
-0.02389865
0.01307057
0.04725146
-0.03120782
0.04999367
-0.00245241
-0.03322717
-0.01259595
0.03549420
-0.02649372
-0.01899162
-0.02173739
-0.01218646
-0.04198022
-0.02284753
0.04342776
0.02529660
0.02135357
-0.01867503
-0.01582720
-0.03892927
0.02724387
-0.00539201
-0.00665664
0.05020226
-0.03063475
0.03688515
-0.01905082
-0.01150552
0.02846653
0.05063768
-0.04413972
0.02234828
-0.01706006
0.02253204
-0.02814885
-0.00193116
-0.03540760
0.02256751
0.04591091
-0.01945000
0.02594503
-0.00304498
-0.01333602
-0.02563239
-0.04042262
-0.00907269
-0.00602616
0.00669440
0.03727173
-0.03740883
0.00728081
0.01686193
-0.01553646
-0.02123599
-0.00933701
-0.04231076
0.00087040
0.01620396
0.00869423
0.03017985
-0.04472996
-0.01394119
0.01428273
-0.03917536
0.02909250
-0.04988906
-0.01218296
0.00250018
0.01615719
-0.00852560
0.00728603
-0.02211010
-0.03987417
0.00838480
0.00037853
-0.04453478
0.03248427
0.03208419
-0.00441519
-0.03429549
0.03428352
-0.04254796
0.02422484
0.04696608
0.03746291
-0.02009721
0.04133240
-0.00968784
0.02297840
0.03175411
0.02768630
-0.02653259
0.04578485
0.04220740
-0.03005192
0.00800685
0.02592159
-0.01651783
0.04660447
0.02217243
-0.03462169
-0.01498931
0.00567450
-0.03807432
0.02715424
-0.01347869
-0.04726693
0.01698666
-0.02994048
0.03530936
-0.00832751
-0.04780520
0.01763393
0.03890520
-0.01135018
-0.03612249
0.03443116
-0.01044959
-0.03010537
0.04320355
-0.04530471
-0.02428530
0.03668395
-0.02468629
0.02997823
0.05196314
-0.01777356
0.00144398
-0.01300377
0.00480640
0.00295828
-0.03674877
0.02118089
-0.03236225
0.03983897
0.05430466
0.03575983
0.02157850
0.00985849
-0.04263528
-0.03999983
0.04189678
0.01302897
-0.01717448
0.01719494
-0.04814870
-0.02693762
-0.04255645
-0.00422974
0.04805980
-0.00559892
0.03906303
0.03721356
0.03399373
0.03837030
-0.03887278
-0.02580313
-0.04330342
0.05348561
-0.03792406
-0.03523764
-0.00675771
-0.04449407
-0.02953189
0.00182059
0.04339271
0.01854523
-0.01129506
0.04601307
0.02431333
0.03459234
-0.04738427
0.01010182
-0.05039412
-0.04149054
-0.03096622
-0.03575635
0.04673781
-0.00666043
-0.02994394
0.04498981
0.00031172
-0.01075885
0.02250467
0.03020720
0.04314460
-0.00524124
-0.01450023
-0.04837469
-0.02425921
0.02079796
-0.03544590
-0.04234035
0.04782163
0.04775411
0.01083254
0.02777885
-0.02243080
-0.04202120
-0.03679383
-0.01956397
-0.05286358
-0.02447091
-0.03253177
-0.02966853
-0.00493389
-0.00848647
0.06489209
-0.05065416
0.03455101
0.03038895
0.01517425
0.01159366
-0.01860353
0.03468507
0.01887621
0.00331425
-0.01758775
0.03043337
-0.01697029
-0.01520339
0.01415259
0.02210243
-0.01138311
0.01623758
0.04374046
-0.04558544
0.04962871
-0.01858168
-0.00337123
-0.01176557
0.02114208
-0.03351384
0.04678703
-0.05048902
0.03317353
0.04965865
0.00739464
-0.00643551
0.04862658
0.03978730
-0.01358018
-0.02020583
-0.01828565
0.02418745
0.02694336
-0.03818719
0.08202972
-0.06137171
-0.01326833
0.02602607
0.02198421
0.06200250
-0.00686159
0.01261995
0.01774624
0.00943184
-0.00520020
-0.01735171
0.01372147
-0.04522912
0.02128922
-0.02492764
0.04216933
0.03091981
0.03645356
0.00303215
0.00084075
-0.01142697
-0.02626222
0.02702582
0.02648127
0.03637272
0.01576017
-0.01560720
-0.02950410
0.06114209
-0.05878264
-0.03550440
-0.02538318
0.05556759
-0.03044946
-0.01218659
0.02578031
0.00308955
-0.02014569
-0.00614081
0.00679298
-0.01530154
-0.00058777
0.06032262
-0.00252477
-0.01436742
-0.04514686
0.00955939
-0.01346381
0.07091457
0.02352396
-0.04932845
-0.02406947
-0.01707867
-0.02186112
-0.03049603
0.05177603
-0.05720343
0.01858595
-0.03691465
0.04951144
0.00059647
-0.00668956
-0.01311323
-0.04801727
-0.01373578
0.01341709
-0.03853824
0.01697538
-0.04612058
0.06404556
-0.01387195
-0.04033124
-0.00397646
-0.00053379
0.04086399
0.04669921
0.03050488
0.05153023
-0.04257749
0.04588448
0.02397998
-0.05050588
0.08331502
0.01570017
-0.02199383
0.01066780
-0.03882189
0.01168457
0.02291417
0.01663767
-0.02769763
-0.02846688
-0.04009910
0.00135349
-0.01136567
-0.02578294
-0.01648209
-0.04601617
0.01018007
0.01945782
0.01890992
-0.01773161
-0.01431806
0.00281303
0.00755871
0.00889806
-0.05373910
0.00927627
0.01472231
-0.04110906
0.00944309
-0.00373650
-0.02953280
0.00875725
-0.03920874
0.03926247
-0.00264555
-0.04413150
-0.02438806
0.04629833
-0.01924112
0.00387825
-0.01524258
0.03023366
-0.02945625
-0.03045383
-0.01657574
-0.00846147
-0.03612621
0.03676353
0.00817934
-0.00186646
-0.01090166
0.04363554
0.02774196
-0.04490481
-0.03559587
-0.03192329
0.00562660
-0.05966980
-0.00884911
0.05082173
-0.00712253
-0.01729466
-0.01950991
0.02765945
-0.00409990
-0.03185714
-0.00609999
0.00734871
-0.01017781
-0.01740414
0.06666334
0.01394687
0.02971835
-0.06519050
-0.02563629
-0.02661332
0.02913046
-0.05433531
0.01660177
-0.03429672
-0.00967362
-0.03197211
0.02702259
0.03642236
-0.02626728
-0.05544046
-0.04195726
-0.00982201
-0.04462846
0.01799083
0.01717282
-0.03731972
-0.03637729
0.00885826
0.04614758
0.01719147
0.05856579
0.03044788
0.04513137
0.06187025
0.04814452
-0.04499914
0.02199562
-0.03621424
-0.02758877
-0.06395725
-0.00082636
0.02051643
-0.00802005
0.02667452
0.01524825
0.03151515
0.02953083
-0.00042835
0.00670017
-0.04504412
0.04004813
0.04055611
-0.01557250
-0.02266769
0.03993466
-0.00112400
0.00461861
0.00174861
-0.03200868
0.01256442
-0.02373923
-0.01765971
-0.02076762
-0.01744119
0.03233953
-0.02506598
-0.03654647
-0.04123212
0.03310802
-0.04178026
0.04279223
-0.03518129
-0.01866428
0.04234047
0.03255839
0.04184407
-0.01063793
-0.02050113
-0.03971381
-0.02281962
0.01632941
0.04199780
-0.01529687
0.01302393
0.02356644
0.03201724
-0.03381333
-0.02262320
0.00795670
0.04225360
-0.00021269
-0.04558094
-0.01131422
0.03597934
0.01388162
0.03273442
-0.01905574
0.04382311
-0.01146544
-0.01944089
-0.00284017
0.01915207
0.02108598
-0.03475523
-0.02348058
-0.04655213
-0.03196158
-0.02631939
-0.00444242
0.01093173
0.01559708
0.04671490
0.04738805
-0.02190625
0.04887957
0.04304706
-0.00398720
-0.01792662
0.04669942
-0.03501460
-0.03131908
-0.04285264
0.01891999
-0.03962219
-0.02162553
0.02505974
-0.03292881
-0.02914881
-0.02283716
-0.01297616
-0.02100841
-0.04081447
-0.03441413
-0.04001080
0.03734894
-0.00684387
0.03838475
-0.03417452
0.00349000
-0.00367083
0.04638698
-0.03683814
0.01354369
-0.00354274
0.03832924
0.01349153
0.00431071
0.02490910
0.03534871
0.04316824
0.01422471
-0.01094384
-0.00632932
-0.02274557
-0.03072271
0.00381965
-0.03790813
0.03638975
-0.03539275
-0.00061072
-0.04645749
-0.04265464
0.00821059
0.01731894
0.00301569
0.02445542
-0.02379471
0.02962655
-0.02104041
-0.02919641
0.03624251
-0.00450222
0.00036713
-0.03233485
0.02859015
-0.04506059
0.04967866
-0.02816044
0.02321405
0.03379144
0.02959811
-0.01796675
0.00199483
0.02452438
-0.02354694
0.01968868
0.05008316
0.01727751
0.01901174
-0.04105618
-0.03612207
0.02492599
-0.03034971
-0.03639959
0.01730729
0.01727091
0.00141241
0.03379845
-0.02362540
-0.04017866
-0.04055591
-0.00540000
0.00740497
0.00170598
-0.04917153
0.02105068
-0.03693988
-0.04784260
-0.04821813
0.03255555
-0.01011962
0.01055117
-0.01957374
0.01876169
-0.02991805
0.00632368
-0.02026198
-0.01100567
-0.01730829
-0.02350318
0.01797460
0.03076248
0.01140701
-0.01380158
-0.01881341
0.01422172
0.02518512
-0.04250251
0.04884410
-0.02452645
-0.00674111
-0.01921175
0.01437713
-0.01567612
-0.03476430
0.03418856
0.04855407
-0.04540104
0.00422686
0.02521216
-0.04653828
-0.04640158
-0.04575640
0.04114087
0.02450729
-0.00802712
-0.00155230
-0.05169179
-0.00419456
-0.04261509
-0.01170975
0.02506112
0.02435834
0.00070017
-0.00574639
-0.00827749
0.00623561
-0.00681466
-0.02008258
0.02809497
-0.03466383
-0.01796221
0.02660523
0.00753816
0.04742868
-0.00596778
0.03858676
-0.00882219
-0.04830764
0.01499016
0.01517063
-0.02480266
-0.03525309
0.00193133
-0.01259668
-0.03358211
0.00719086
0.02350933
-0.03441676
-0.02087788
0.04465026
0.00014227
0.01690703
-0.01815962
-0.04763555
-0.02948875
0.03050477
0.03874816
0.03466302
0.04679222
-0.04023299
0.02083100
-0.02481524
0.04762169
-0.03191400
0.00465991
0.03407582
-0.00147077
-0.01468910
-0.02990426
-0.02832797
-0.03127482
-0.02647678
-0.00383615
-0.03405437
-0.00910923
0.03115396
-0.02966155
-0.04529649
0.03747271
0.00978729
0.00464642
0.00521725
0.02144439
0.02383830
0.01874080
0.04576203
-0.03738902
0.04123499
-0.00992634
0.04720965
-0.02697426
-0.02294588
-0.03496346
-0.02598138
0.02326788
0.01644076
-0.03115666
-0.00394593
-0.02658040
0.02389587
-0.04946278
-0.00448265
-0.03426084
-0.03991989
-0.01846025
0.03479844
-0.02925309
-0.04092470
-0.02769182
0.03232877
-0.04799928
-0.03513414
-0.01132611
0.00621214
0.01669981
-0.01998606
-0.01329091
-0.02614013
-0.05035476
-0.04771857
-0.01238056
0.01946336
0.00141562
-0.03210668
0.02044754
0.03786574
0.03827779
-0.02205777
0.04086486
-0.05220270
0.03651896
0.00361374
-0.02041833
0.00978062
0.04429275
-0.03000782
-0.01985950
0.03789140
0.01466183
-0.00706807
0.02029106
0.04171827
0.03200299
-0.02047594
0.02230195
0.00742403
0.02173539
-0.04770768
0.01333234
0.03126372
0.00139053
0.00706626
-0.01612831
0.01488491
0.03137854
0.03660442
-0.04731251
-0.02759116
0.01233522
-0.04692615
0.02298198
-0.05228377
-0.01862406
-0.02262389
-0.02827718
-0.01418833
-0.00872636
0.04045713
-0.00933138
-0.03977634
0.01585171
0.01147921
0.04148928
-0.02969935
0.03335546
-0.01370632
-0.00668442
-0.01932910
-0.04909977
0.03040388
-0.02544976
-0.01664141
-0.04008111
-0.01688084
-0.01135724
0.02355965
0.02493273
-0.00338572
-0.01001109
-0.02717226
0.01074648
-0.01261779
-0.00314954
0.01581722
0.01452445
-0.04138986
0.00129954
-0.01157087
0.03212766
0.04351056
-0.03677107
0.01946281
0.00700685
-0.02613221
-0.01741749
-0.05200224
0.04495593
-0.02842884
-0.04410642
0.02609856
-0.00814038
-0.03601925
-0.00370426
-0.05142029
0.01445925
-0.03679078
0.00978619
-0.03457774
-0.04885194
-0.03699184
-0.02467684
0.01644535
-0.04755171
0.01937759
-0.00182181
-0.02876588
0.04019804
0.00715464
-0.01866121
0.01420685
0.04253567
-0.02142980
-0.04908554
-0.01685268
-0.04170747
0.00059047
-0.01960119
-0.04448305
0.03011324
-0.04552200
0.02716442
-0.00035731
-0.03484494
-0.02624830
-0.02572041
-0.04499461
0.02330248
-0.02337668
0.01177562
-0.03223252
0.03559835
-0.00451456
0.01239833
-0.04797093
0.02672959
-0.02674862
-0.04606635
-0.02905952
0.02935193
-0.00936918
0.01973235
-0.03468724
0.03049964
-0.02102948
-0.02876312
0.01170475
-0.04313009
-0.03927272
-0.04195329
0.02800336
0.02296067
0.01000983
-0.01442699
0.02514043
-0.01733862
0.00101954
0.03969533
0.01997684
-0.01293041
-0.00759382
-0.04750094
0.00222210
0.02057292
0.01712106
-0.01538278
0.02714819
0.03392318
-0.04266073
-0.02669514
0.04798354
0.01502747
-0.01418089
-0.00979451
0.01442710
0.03226455
0.03250459
-0.02135429
-0.01464711
0.02422106
-0.00313571
0.01140078
0.01942783
-0.02584390
0.02554394
0.02148456
-0.02762078
0.03813491
-0.00191831
-0.04717884
-0.03739113
0.01554817
-0.00285753
-0.02471554
0.00939494
-0.00920190
-0.03327478
-0.03584971
-0.03586525
-0.00099705
-0.01154357
0.02150954
-0.00725829
-0.00140622
0.00885124
0.03820300
-0.04517512
0.04680214
0.01217996
0.01769359
0.03788786
0.03302506
0.01390614
0.05012468
-0.07968260
0.01932945
0.02747851
-0.04456510
-0.05330235
-0.03826078
0.03201152
0.03663636
-0.04209083
-0.00226018
0.02232258
0.00267596
-0.00217879
0.02288942
0.05339577
-0.02693721
-0.04532029
-0.03284279
0.01527834
-0.01240875
-0.04627982
-0.04378276
0.01410730
0.01900091
-0.03418308
-0.03085750
0.05222388
0.01137599
-0.00601445
0.03427237
-0.03109967
0.05772918
-0.05873173
0.01222163
-0.03617713
-0.02726075
0.04113062
-0.03297592
-0.02145760
0.01351891
0.02351247
-0.01989465
0.03532558
0.00613247
0.04106159
-0.01146884
0.02432808
-0.02654438
-0.01688569
0.03638532
-0.05479253
-0.00737606
-0.03513525
0.02386372
-0.05371084
0.00064675
-0.04747026
0.01118909
-0.04286005
-0.00032903
-0.05395714
0.02687353
0.05146124
-0.00139711
0.04126205
0.03357983
-0.00958105
0.03960050
0.01387138
0.03639855
0.03490337
0.04909195
0.05523659
0.06367447
0.00835229
-0.06409931
-0.02174631
-0.00070055
0.00787720
0.05659690
0.02473908
0.02805993
0.01585647
0.04185550
-0.11880545
0.00566916
0.05124487
-0.02053202
-0.02703932
-0.04988898
0.04765343
-0.02546162
0.03929683
-0.03795912
0.00896007
0.01306769
-0.00925218
0.01915225
0.02761054
-0.00323137
-0.05934615
-0.05589981
0.01774055
0.02464524
-0.03138721
0.02279872
-0.02884302
0.04824675
0.01432791
0.02196591
0.05262942
-0.02735863
-0.02884190
-0.00229191
-0.04748998
-0.00009214
0.05176589
-0.04241635
-0.01071738
-0.04134185
-0.00800038
-0.01788455
0.02418054
-0.05338062
0.03396145
-0.08180459
0.02991542
0.00883215
-0.01543453
-0.05699776
-0.00197043
-0.03926583
-0.05802592
0.01762795
-0.01843147
-0.02787947
-0.03576760
0.02475927
-0.06860003
0.01281195
0.02170976
0.03133011
0.02222254
-0.02711798
0.00845165
-0.04875908
0.03311411
-0.01735982
0.01415019
-0.01298361
-0.05465984
0.05776525
0.01900039
0.02209531
0.01384878
-0.02592322
-0.01708153
-0.03810920
-0.02091317
0.02635657
0.04111467
0.02815988
0.02276980
-0.03049036
0.01390987
-0.03086836
-0.03501077
-0.02598050
-0.00500880
0.02416089
-0.02769915
-0.04284373
0.00070955
0.05882534
-0.03479194
-0.01576249
-0.03408577
0.02376034
0.08658487
0.03642005
-0.02353567
0.10065426
0.01853679
-0.01115502
0.01864701
-0.02338174
0.04805351
-0.03238129
-0.05644207
0.01628605
-0.01774944
0.04761390
0.00021729
0.07659319
0.03844854
0.05742282
0.04389578
-0.01545528
0.00916033
0.05215672
0.03224331
0.04068161
0.00244501
-0.01587673
0.01810127
0.08111236
-0.02639489
-0.01436989
-0.04099930
0.02733206
0.01918010
0.05678303
-0.01685466
-0.05340273
-0.01009068
-0.04615594
-0.00934162
0.03969090
0.02191231
0.08680191
-0.03697743
-0.07766488
0.01177390
0.05715653
0.03402695
0.02538603
-0.05287291
0.02368578
-0.04030124
0.03018785
0.03229519
-0.05336470
-0.05537178
0.00966900
-0.03105769
0.00556936
0.05425680
-0.03813582
0.06316873
-0.06322734
0.01407542
-0.02038808
-0.02819152
-0.07611860
0.05681295
0.05956064
-0.03712900
0.04699972
-0.00124465
-0.02687117
0.03679468
0.00123180
0.00301121
0.03099153
0.01972031
-0.03545020
-0.01280864
0.00956710
-0.00700377
0.02423796
-0.00102558
-0.03654686
-0.02341410
0.03998257
-0.00915747
-0.01819944
0.04012613
0.04168139
0.04841182
-0.01561660
0.05907206
-0.01788481
0.03898886
-0.03632587
0.04746389
-0.00707493
-0.01843592
0.04562236
-0.03014166
-0.03137761
0.01335216
-0.04438049
-0.02011663
0.01869540
-0.00512092
0.04639405
-0.00735581
-0.01446904
0.02563479
0.00783788
0.04340887
0.00438055
0.01018331
0.03994194
-0.00107047
-0.02097243
0.01054192
0.02861166
0.01168776
-0.02784888
0.00385237
-0.00180568
0.04437592
0.02041349
0.04743516
-0.04593285
0.05100472
-0.00532175
0.01040632
-0.00221560
-0.00316091
0.02587173
-0.02885487
-0.01377512
0.03998277
-0.04459009
0.02434316
-0.04017831
-0.03090791
-0.00741684
-0.04403704
0.03410899
0.00698448
0.02223076
0.01185034
0.03976675
0.03866563
-0.03148042
-0.03511472
0.01922973
0.04699662
-0.03880553
0.05753152
0.01306650
-0.02701923
0.01975796
-0.03218526
-0.02874052
0.01768089
-0.05161629
-0.01366160
0.03688677
-0.01630225
0.01505011
-0.01630742
-0.00194660
-0.03911184
-0.04372493
0.01320780
-0.00967162
-0.00324144
-0.04690196
-0.01243111
-0.01872382
-0.01552127
0.01909275
0.02249939
0.05662136
0.04836225
0.01635706
0.02924185
0.00133670
0.01255058
-0.02685602
0.03676068
-0.02498673
-0.03050277
-0.01862251
0.01880949
-0.00638389
0.01051792
-0.03191003
-0.04268649
0.00173760
-0.03164044
-0.00244938
0.02128207
0.01389689
-0.00884972
-0.00355593
-0.03031811
0.02466305
-0.01552875
0.00763448
-0.02602504
0.01653579
-0.03294566
0.00956291
0.03713187
0.02640663
-0.01083122
-0.02442599
-0.02930003
-0.03875439
-0.03252012
-0.00547978
-0.01429293
-0.02621403
0.02501305
0.06019516
-0.00061010
-0.03523859
0.04979368
0.02107839
-0.03212518
-0.01141193
0.00451913
-0.01278454
0.04231458
-0.04757300
0.05108834
0.00051348
-0.01998647
0.04740672
-0.01494588
0.03634901
0.00249512
0.02161209
0.02138039
-0.04641485
-0.00778150
-0.01709492
-0.02033374
0.03463616
0.04378363
-0.04343667
-0.02932999
-0.04251703
0.02778977
0.03252480
-0.01322678
-0.01781891
0.03783997
0.04922190
0.04362924
-0.03014222
0.03533453
0.05018789
0.00064263
-0.03702632
0.01053186
0.01479728
0.03312676
0.04094449
0.00549457
0.00262614
0.00883832
0.04282521
0.03565406
-0.03331772
0.04890852
0.02510183
-0.02582275
-0.00206374
0.03324231
-0.00240040
0.04452858
0.00707436
-0.01900178
-0.04195832
-0.02763724
0.03165811
-0.05228743
0.01610364
0.05063975
0.02100714
-0.03067067
-0.01828432
0.04077114
0.04359772
0.01177070
0.05155915
0.04994556
0.04790649
-0.03850332
-0.00667649
0.03947401
-0.04106021
0.01341771
0.04182800
0.05106887
0.01024177
-0.00988234
-0.04871882
-0.00682035
0.00884505
-0.05147855
0.01188261
0.01253334
0.01139645
-0.02431173
-0.01945722
-0.01394539
-0.04597847
0.04244211
-0.01377303
-0.03711144
0.01708199
-0.00859421
0.04435333
0.01093501
-0.00723931
0.03020385
-0.03834910
0.04418816
0.04877310
0.02288976
0.04620838
-0.04536173
-0.00975174
-0.02120641
-0.01133092
0.00465170
-0.03063864
-0.02658963
0.01197867
-0.03338464
-0.00241546
0.01013401
-0.02460011
-0.03614344
0.01056560
0.02245283
0.04904162
-0.04532769
0.01295114
0.00585244
-0.02328112
0.05920467
0.03490677
0.03900963
0.03926366
0.03171250
-0.01666214
-0.02282301
-0.02341620
-0.00367939
0.00684288
0.01088034
0.02895024
0.03868722
-0.01888864
0.02309491
0.06191763
-0.00325409
-0.03350925
-0.03617365
0.02649942
0.03805827
0.03193199
0.02620788
-0.02516112
0.00722625
0.01288904
-0.01931064
-0.02388909
0.03820322
0.01167373
0.01322431
0.00879753
-0.04522017
0.02448792
-0.01534371
-0.01538901
-0.01770216
-0.04600289
-0.04592150
0.03170447
0.05570743
0.01559984
0.03490637
-0.02672478
-0.05472366
0.06321708
0.00548715
0.03548096
-0.00254557
-0.00037114
-0.05019159
-0.04380078
-0.03978764
-0.01594475
-0.01661691
0.03601123
0.00327932
0.05405167
-0.01468426
0.01735352
-0.03707521
-0.00314592
-0.02909689
-0.01864829
0.03765901
0.04237032
-0.03395793
-0.04910504
0.00530214
0.03825687
0.00476279
-0.00804424
-0.02014108
-0.01798392
-0.00361702
-0.02769584
0.02926322
0.03568478
0.00388544
0.04262761
0.03862175
0.02830156
-0.00740737
-0.02734236
0.04163457
0.01132325
0.02917578
-0.03417386
0.00230060
-0.01120979
0.01736103
-0.02970247
0.01564894
-0.05874099
-0.00423351
-0.00611724
-0.01509125
0.02688946
0.04400541
-0.01861166
0.02116519
-0.00999159
-0.02331812
-0.01206929
-0.00247920
-0.04603772
-0.00976174
0.02058302
0.00142487
0.04473048
0.05248801
0.00571056
0.04186676
-0.02803327
-0.02470213
-0.01875387
0.02968871
-0.04552847
-0.00593457
0.04884406
-0.03100485
-0.01124536
0.03111771
0.00497230
0.01658820
-0.03434811
0.00178601
-0.00501321
-0.01218646
-0.05807007
-0.02239858
0.00254930
0.03097862
-0.03639821
0.03678051
0.03361301
0.03155149
-0.03631001
0.02709988
0.04382736
-0.04960859
0.03844434
0.01352302
0.02357801
-0.04681797
0.00976939
0.04068286
-0.03189884
-0.02561847
0.02977301
0.01521756
-0.03771264
-0.02146155
-0.01254551
0.01766739
0.04012471
-0.04823432
-0.01655263
0.01786440
-0.04856073
-0.00023341
0.01209904
-0.02451972
-0.00561210
0.01385153
0.03469940
-0.00244740
-0.03237372
0.04247124
-0.02496614
-0.02187780
0.04188770
0.01583650
-0.03802572
-0.02715296
-0.03463829
0.04422598
0.05040874
-0.01499791
0.01116235
-0.04819041
0.04161632
-0.02391417
0.01736695
-0.01943583
0.02279792
0.02128984
0.01296964
-0.01830276
-0.03494594
-0.03855599
0.02918720
-0.01059447
0.00165421
-0.04038260
0.00703740
-0.01535976
0.04339332
-0.03760216
-0.00920474
0.02954031
-0.00124074
0.00321622
0.00342564
0.02678818
0.01067842
0.04541054
0.03064935
0.01082504
-0.00358555
0.02697624
0.04917961
0.02273835
0.05026749
0.02896628
0.02320307
0.03483668
0.01194014
0.03849900
-0.04098803
-0.01865868
0.00570813
0.04127286
-0.01046336
-0.00747418
0.00770411
0.04438106
0.01422943
-0.02768691
-0.04526526
0.02851178
0.04871031
-0.01720065
0.02246080
-0.01271523
0.00573366
0.03669517
0.00985080
-0.01684971
0.04306860
-0.01545641
0.01544535
-0.03376018
-0.03378334
0.03866049
-0.04311675
-0.03321891
-0.00153003
-0.00990404
-0.04454523
0.01919020
0.04632872
-0.00130023
-0.03988906
-0.00650752
0.00149610
0.01918332
-0.05104820
-0.02537117
-0.01357697
-0.02933238
-0.02457405
-0.02021518
0.02601473
-0.00397369
0.02794000
-0.03930508
-0.05205264
0.00301736
-0.00602677
0.02559221
-0.03809183
-0.05054142
-0.00102068
-0.02413398
-0.02004762
0.03438783
0.02051832
-0.04477823
0.02033076
-0.02372679
0.02172218
0.00057655
0.01322827
-0.01054779
0.00171949
0.05145501
-0.02141835
0.03943769
0.02492866
0.04288875
0.02211964
0.03637008
0.04071658
0.01735363
0.02236428
0.04013781
-0.02827477
-0.02053824
-0.00468118
-0.05392276
0.03787946
0.02249366
0.05009952
0.00286670
-0.01948430
0.02362562
-0.02713916
-0.03362549
-0.02541587
-0.00421912
0.03487330
0.02299438
0.01407518
-0.04369411
0.00215453
-0.02205397
0.02552140
0.03633456
-0.03012438
-0.01621604
-0.01818755
0.04443401
0.04723762
-0.01675274
-0.05368821
-0.00490471
0.01810591
0.02473295
0.02374897
-0.01292183
-0.03856443
0.00686511
0.02639717
-0.03603958
-0.00245010
0.01868155
0.02387838
0.03502612
-0.04780469
-0.05372228
-0.03471725
0.03578942
0.04281096
-0.02144041
-0.02082670
-0.02438827
0.04638628
-0.02580356
-0.02814381
-0.01671955
0.02408050
-0.01828392
0.02580078
0.00736624
-0.04668594
0.01761799
0.02603379
-0.01457820
0.03093209
-0.03753500
-0.01679535
0.02595936
-0.01202442
0.00203940
0.02375166
0.00436313
-0.03582637
-0.06149935
-0.05194847
0.04309200
0.02457131
0.01079543
-0.01988529
0.00634523
-0.02965100
0.04018096
-0.00768339
-0.04036482
0.04049002
0.03834856
-0.01497366
-0.04161394
-0.04396842
-0.00644370
0.04900745
0.02807464
0.03913866
0.00512773
-0.03625196
0.03657040
0.04364461
-0.00411101
0.00510322
0.00386247
-0.04162960
0.04861968
0.03416869
0.04019664
0.04312883
0.05150918
-0.04875993
-0.02900106
-0.03638495
0.01215631
0.03550220
-0.00803265
0.04436843
0.03420042
-0.01377611
0.01790422
0.04429973
0.03147415
-0.02773433
0.01896654
-0.00154075
0.01968968
-0.03033322
-0.02413998
0.03239002
-0.01259885
-0.03060446
-0.01234575
0.02088304
-0.03760331
0.02933014
0.02926669
-0.00314080
-0.01065295
0.03747868
-0.02092466
0.01747931
0.00173959
-0.03541902
0.04427441
0.01173885
0.03627294
0.01092544
0.03809911
-0.00408266
-0.04644265
-0.00693156
-0.00562780
-0.03240258
-0.01138722
0.04603177
0.02023227
0.00378830
-0.04770020
0.03796920
0.00797995
-0.04209110
0.04335791
0.00341504
-0.04825098
-0.03338882
0.03505894
-0.03492958
-0.01544551
-0.01586005
0.04810755
0.03736370
-0.04932749
0.01732874
0.02879015
0.02933508
0.02771629
-0.04757466
-0.03238950
-0.04966671
0.00242320
0.02460138
-0.00214362
-0.00741368
-0.01663485
0.01201076
-0.01138473
-0.02109250
-0.02388559
0.01633098
-0.03859314
0.04387780
-0.00699455
-0.01560457
0.03539623
0.01431550
-0.04031792
0.05400058
-0.01407526
-0.03416128
-0.02613124
0.00398797
-0.04451291
0.02806536
-0.04751854
0.00174449
0.01552608
-0.02574426
0.01680283
0.01653799
0.02838706
-0.02873048
-0.04081316
-0.01050285
0.04374092
-0.02450101
0.02284487
0.01321697
0.01544724
0.03013417
-0.01259019
-0.00608538
-0.04656107
0.00499697
-0.02582814
0.02586884
-0.01272113
-0.00749395
-0.00080013
0.02805057
0.03735466
0.02394172
-0.01969132
0.02773493
-0.03275847
0.00712348
-0.00317043
0.02583859
-0.04459083
-0.02778626
-0.01925800
-0.02123567
-0.01163016
-0.00488186
-0.04213149
-0.02137047
-0.00055240
0.03267036
-0.03397788
-0.01587960
-0.00318758
0.01076151
-0.02087153
0.02177371
-0.03233823
-0.03373240
0.02124792
-0.00911201
-0.00743858
0.00125564
0.00132512
0.00360239
-0.04813802
-0.03013423
0.02671812
-0.01302971
0.01831526
-0.00426690
0.03790432
0.03881499
-0.04137744
0.02760877
0.04210937
0.01649523
-0.03649255
0.03825799
0.01959901
-0.04643545
0.01434823
0.03411331
-0.03537706
0.02118554
-0.00675279
-0.01146993
-0.02345305
0.01765055
0.03111241
0.04439716
-0.00960877
0.04370549
-0.03846221
0.00879805
0.01603938
-0.04134049
0.02839505
-0.00912250
-0.04961971
0.02445905
0.01151894
0.01407466
0.00577137
-0.03478515
-0.00794812
-0.02560779
0.01293497
0.03231212
-0.01519237
-0.00992815
-0.00284368
-0.02526660
-0.03993338
0.01704910
-0.02908753
0.00874116
0.00489273
0.01538004
0.00107329
0.02581907
-0.02041671
-0.04540959
-0.02872533
0.02808759
-0.03848969
-0.04686938
0.03636917
-0.03028496
-0.01525791
-0.03790893
-0.00999281
0.03894816
0.04043650
0.00383823
-0.00178451
-0.01396751
0.02103371
0.00475953
0.03767207
0.04730206
-0.03624599
0.04344651
0.00434266
0.02719508
0.03043207
0.00888580
-0.04617350
-0.04523619
0.03428775
-0.00876555
0.02614369
-0.01069052
-0.00858626
-0.03113730
0.01315070
-0.01370528
-0.03038730
0.02354002
-0.02232664
0.04354442
0.01417741
-0.04756340
-0.01389544
0.01345190
-0.01870232
0.02115639
-0.01221086
0.02136011
0.03982038
-0.00444632
-0.01123687
-0.01017466
0.00692468
0.04033725
-0.00016332
0.00270370
0.04951642
-0.01825542
-0.01331341
-0.03524507
-0.01872147
-0.01908296
0.02598656
0.00086771
-0.01606462
-0.02381298
0.02915549
-0.04084059
-0.03886782
0.02639415
-0.04228378
-0.02301341
0.03851493
-0.00295227
-0.05058258
-0.02921513
0.00830704
-0.03624504
-0.01052596
-0.03051005
-0.04046672
-0.04200171
-0.01118577
-0.00582500
-0.01128396
0.02409868
0.01638265
-0.04105112
0.01887796
0.00521008
-0.04396106
0.00372074
-0.02645297
-0.00804645
-0.00494602
-0.01826899
0.02989223
0.01742310
0.00045437
0.01494367
-0.00097964
-0.04065499
0.00727800
-0.00663260
0.02819937
-0.04166488
0.02508458
0.04432081
0.04686994
-0.00562633
-0.02858937
0.01906152
0.00145268
-0.04403209
-0.01681175
0.02425798
-0.01516671
0.04712208
-0.01721535
-0.03983617
0.04684870
0.04684778
0.04575314
0.01776149
0.00997052
-0.03087218
-0.03931244
-0.00541038
-0.04056907
-0.03403332
-0.00571096
-0.00472384
-0.00675858
-0.04083138
-0.02215792
-0.00363327
-0.00639957
0.01486644
-0.04720394
0.01881046
-0.01141026
0.01108496
0.01197459
-0.03477362
-0.00125895
-0.00466582
0.02819100
0.00852505
-0.03284573
-0.04045035
0.04310584
0.02203531
-0.00606375
0.01124600
0.04573870
-0.01472319
0.04097954
0.02578754
-0.05374980
-0.02851655
-0.04875405
0.01135170
-0.02696134
0.03607668
0.01262250
-0.01217911
-0.02653052
-0.01148264
-0.02216879
-0.04144987
-0.04556703
0.04541380
0.04107517
-0.04634997
0.03879837
-0.02208351
-0.03963603
-0.01434067
-0.03705899
0.02767173
-0.03353745
-0.01633921
-0.01724163
-0.03480314
0.00208890
0.02272012
-0.04431944
-0.02776759
0.01143108
-0.03551450
-0.01093497
-0.02022024
0.01651567
0.04112070
0.03001006
0.01096436
0.00325390
0.00091396
0.01190080
-0.02248090
0.02765006
-0.00036103
-0.00928581
-0.00481977
-0.00802168
0.01784902
-0.04731189
-0.01562852
0.05252621
0.00924812
-0.04256917
-0.03678850
0.01395420
-0.02669122
-0.01635231
0.04399346
0.01151640
0.01516495
-0.04800536
0.00669892
-0.04262833
-0.01824359
0.01061329
-0.00570409
0.01312699
0.03238052
-0.02554346
-0.02497857
0.02704997
0.04077863
-0.04066068
-0.04662395
-0.00126123
-0.02932569
0.01692156
-0.00590351
0.03434809
0.00676614
0.01476106
0.03582850
-0.02977836
0.03115144
-0.01200252
0.00792411
-0.00964608
-0.03998746
-0.01294566
-0.03339022
0.00218865
0.02062528
0.02628097
0.03377184
0.01525677
0.04314708
-0.04228313
0.01457115
-0.04900623
0.04580349
-0.02362233
0.02630521
-0.03873799
0.00145395
-0.02460116
-0.03269400
0.03184481
-0.03112765
-0.02901311
0.01721349
0.04813505
-0.02830213
0.00469288
-0.04667394
-0.04415318
0.03044884
0.02333286
-0.04769839
-0.01604715
-0.02038800
0.03777958
0.01474369
0.00014177
-0.04846020
0.00229119
0.03035184
0.01200457
0.02564391
-0.02598662
-0.03476109
0.02007744
0.04861018
-0.01903815
-0.03951517
0.03686614
0.01424810
0.02397884
-0.03368867
0.03693691
0.03095361
-0.02823108
0.03511896
-0.03756001
0.00231016
-0.03556057
-0.00149440
-0.02264141
0.03755363
-0.03675117
-0.01625516
0.03156327
-0.00749638
0.03002460
-0.05132521
-0.04971027
-0.01902961
-0.02213669
0.01576831
-0.00308160
0.01994293
-0.01640369
0.02252479
-0.00836152
0.00656751
-0.02518898
-0.02768897
0.03251411
0.04472864
-0.03747992
0.04250673
0.02262516
0.01861810
-0.00853810
0.04440593
0.00832734
0.03120970
-0.03564575
0.01589108
0.03090096
0.01341918
-0.05277127
0.00487048
-0.04157084
-0.00053886
0.02124140
-0.00419000
0.00164877
0.00362237
0.01010378
0.00293667
-0.04963101
0.01592190
0.05664257
0.04267565
0.03008994
0.02674251
-0.00768542
0.01150709
0.03333425
0.03583908
0.00652869
0.01776462
-0.01934525
0.03941143
-0.02841366
0.02848966
-0.04111457
0.02418668
0.00543224
-0.04409013
0.00413335
-0.00607783
-0.00815290
0.04089183
-0.03042734
-0.01614989
-0.04112093
0.03797882
-0.00837305
0.00064884
-0.02394323
0.02738440
0.03970470
0.03079905
0.03167141
-0.00436016
0.03835184
0.01699396
0.01242451
0.00967992
-0.00943678
-0.00722682
0.00560960
0.00835851
0.00463288
0.03516086
0.03645200
-0.03139205
0.03936836
0.00670712
-0.09217673
0.00325673
-0.03736249
0.01733984
0.01945624
-0.01393131
-0.06447209
-0.00231816
-0.02275955
-0.02510848
-0.00737588
-0.08745883
0.03284560
0.00375284
0.01726083
-0.08661000
0.09152370
0.06450902
0.01421806
-0.00038326
0.05545894
-0.01533577
0.02419998
0.04586747
0.01370229
0.02056406
0.02418986
0.00870031
0.04134631
0.02102784
0.00857082
0.03441915
-0.04872340
0.05772536
-0.03492903
-0.03735422
0.02482588
0.00167751
0.05959181
0.03700190
-0.03181049
0.05218476
-0.00008734
-0.04247111
0.03788119
-0.02045015
-0.04216169
-0.01543860
0.02337121
0.02107603
0.02617354
0.02132115
-0.03742787
-0.02873092
0.02722393
0.02887036
-0.02087119
0.00719507
-0.02125468
0.04060277
-0.00555506
-0.07684407
-0.01200737
-0.03893701
0.00103338
-0.04277682
0.00449381
0.01715340
-0.05173481
0.00044634
-0.02857904
0.00123391
-0.03268828
-0.03909940
-0.00335179
-0.04818438
-0.04466433
-0.05366349
0.04107931
0.05657532
0.01482063
0.03242746
-0.06047358
-0.03147343
-0.04576158
0.04450380
-0.07507555
-0.04603571
0.03627444
0.04660644
-0.05452228
0.05105930
-0.03559165
-0.09263412
0.03161648
-0.00906100
0.07122217
0.02989233
0.00570859
-0.02570360
0.05496594
-0.00820346
-0.01913054
-0.06247816
-0.01068093
-0.04900628
0.06539741
0.01711685
-0.00356833
0.02565223
0.06852736
-0.09805593
-0.00216863
0.06022870
0.06368328
-0.02839512
0.02300356
-0.01250846
0.05640393
0.03286776
-0.01843098
0.00756945
0.01870376
0.03654412
0.04320419
-0.00234566
-0.00337217
-0.03512705
-0.03574643
-0.02570885
0.02213134
0.04028321
0.00288707
0.05366036
-0.02547976
0.08923285
0.00972646
0.06476370
0.00162170
0.02373934
-0.00161466
0.02160548
0.00774846
-0.00776636
0.00474265
0.02085233
-0.00930671
-0.06756678
-0.01008355
0.02636531
-0.02078461
0.01830580
0.01812933
-0.01102483
-0.00250373
0.02380746
0.01720735
0.03914777
-0.03481324
-0.00115342
0.02989125
0.11485609
0.02457030
-0.01131964
-0.04043978
0.01972230
0.03454285
-0.02993760
0.02756440
0.07117323
0.03510886
0.00603738
-0.02862328
0.03746156
-0.00782835
-0.04626953
-0.00197000
0.05887800
0.01635536
0.01538836
0.04976220
-0.02176851
-0.06475385
0.05331718
0.02907520
0.02464729
0.07563588
0.04994464
0.02849222
-0.02366814
0.05071740
0.04741092
0.06529214
-0.02795538
-0.02903495
0.09195070
0.00901205
0.03010748
0.02895476
0.00630886
0.03845993
0.05062452
-0.02068876
0.04392977
0.04158503
-0.00049230
0.02792798
-0.00733447
-0.09932662
0.02373238
0.05794423
0.03584441
0.01590467
0.05630023
-0.02652654
-0.03714131
0.03373251
-0.00671468
0.05002876
0.03800744
-0.00907721
-0.01419604
-0.03257709
-0.02707716
-0.05508094
0.10576160
-0.00323548
-0.00187873
-0.06310797
-0.04789286
0.03282673
0.00145862
-0.04612222
0.03601336
-0.02439027
0.04606913
-0.02000794
-0.00004734
0.05934648
-0.05982102
0.07881139
0.02839322
0.03605497
0.02951133
0.02694768
-0.09209646
0.00444219
-0.03893149
-0.01900005
0.00744411
-0.00374627
-0.03593535
-0.03220962
0.01737461
-0.06099953
-0.04127497
-0.03874688
-0.01085036
-0.02851138
0.00680203
0.01417998
0.00523593
0.02622432
0.01138522
-0.07001395
-0.04321253
-0.04670522
-0.04432346
0.03466319
0.07829463
0.01633230
0.02041769
0.09698974
0.00863914
0.01956141
-0.00715376
0.00953573
-0.00458666
0.04506588
-0.01544345
-0.04557879
0.01673343
0.01032954
0.01966591
-0.00581646
-0.00783313
0.00901237
0.05707670
-0.04750244
-0.03276383
0.01895959
-0.00907871
-0.04590707
0.04578644
0.00889338
-0.03579719
-0.01603011
0.01870713
-0.04453930
0.01800135
0.01149469
0.03698872
0.02859765
-0.08128247
0.05818532
0.02211375
0.03200758
0.01938757
-0.06124105
0.05978630
-0.04398451
0.03275423
0.00312148
-0.06368202
-0.06161558
0.04972046
-0.01505991
-0.01182404
0.03654187
0.05835128
-0.03249599
0.04340662
-0.00430568
-0.00185721
-0.03897158
0.00617357
0.03192020
0.04962157
0.04450555
0.01812234
0.05166003
0.05680286
0.00805733
-0.01872323
0.04292942
0.04889889
0.01984539
-0.01148336
0.02390533
-0.01214406
0.01135813
0.06444265
-0.12144653
-0.03219151
-0.04927971
0.01909709
0.00584232
0.00037610
-0.03471338
0.01831474
0.03591106
0.03551081
-0.01534054
-0.02202298
-0.02487860
-0.02884961
0.07512040
0.02417585
-0.05492597
-0.02157441
0.08619586
0.02239044
-0.01840590
0.01628173
-0.02471949
0.07049631
0.02542025
-0.01945899
0.03934526
0.00680329
0.00270362
-0.02543433
0.01405007
-0.04265715
0.07213221
0.02844675
-0.03499201
-0.00312616
-0.04060277
-0.04428507
0.06528402
-0.04087896
0.03435521
-0.06609752
-0.02236307
-0.02940040
-0.00310821
-0.01712314
0.00339997
0.01659380
-0.05310991
0.04474002
-0.02023684
-0.00474039
-0.03525933
-0.04011167
-0.06378370
0.06671827
-0.01974471
-0.05404551
-0.03229693
0.01647955
0.06094249
-0.02499250
-0.04034242
0.03409689
0.02233805
-0.03496898
-0.05676770
0.03321420
0.00176490
-0.04788197
-0.02765154
-0.01714701
0.04519756
-0.04805448
0.04459854
0.01521710
0.01547126
0.03645848
-0.03216806
-0.01592772
0.01682275
0.05496178
-0.01649897
-0.00768554
0.01170746
-0.00229794
-0.00253773
-0.00675696
-0.01797531
-0.03960418
-0.01766481
-0.00029562
-0.01155489
-0.00566777
0.07741027
0.01433269
-0.04353224
0.02756672
-0.03479398
-0.00902251
0.05026992
-0.02916528
0.00577674
-0.01910450
0.01187521
-0.06743394
0.04332471
0.00357699
-0.00648699
0.11477196
-0.02441964
0.01369837
0.01261146
0.02556797
-0.05507032
0.05988254
-0.01031342
-0.00595719
0.00964569
-0.00750959
0.00419907
0.05423342
-0.06848783
0.06502645
0.03459401
0.04400153
-0.00361269
0.00955840
0.01764025
-0.01251992
-0.04876855
-0.02434693
-0.00561365
0.01966733
-0.01073360
0.00299603
0.00434018
-0.08338708
0.03207805
0.13089374
0.05617817
0.06730049
-0.04422757
-0.03849166
-0.03751396
-0.02902970
0.01455672
-0.06565186
0.00045254
0.03692700
0.04379975
-0.03968790
0.03343661
0.04406943
0.10871078
0.00726614
-0.04387807
0.02792820
0.02000672
-0.00935951
-0.01084926
-0.00742407
-0.00746591
0.00900174
0.01020354
-0.00251481
0.03623969
-0.02159538
0.02272600
-0.03911531
0.04670843
0.01042375
-0.02683394
0.02191569
-0.02478389
-0.03233867
0.02355429
-0.00157615
-0.02445551
-0.02284623
0.00153285
-0.02570667
0.00712381
-0.01572698
-0.03311693
0.04294436
-0.04233087
-0.00293437
0.00126735
-0.05053679
0.01005912
-0.01468200
0.04403090
0.04394084
0.00960351
0.01196781
0.01470317
-0.01085904
0.01387246
-0.04676120
0.02413894
-0.01911101
0.00458154
0.05031374
-0.04049205
-0.00724215
0.00385941
0.02257534
0.00521679
0.01317711
0.05465911
-0.02321305
-0.03638206
0.04732518
0.01697068
-0.04947504
0.00042143
-0.04618646
-0.02403116
0.03356068
-0.02052762
-0.03227225
-0.02113367
0.04610788
-0.02130437
-0.04728254
0.00039992
-0.02611966
0.05586064
0.03008229
0.02579114
-0.04633763
0.03276618
0.04089272
-0.00028000
0.02556034
0.01789328
0.01711466
0.01512572
0.01120381
-0.02060372
-0.00362681
0.01707815
0.03294612
0.02383014
-0.04295632
-0.02453192
0.03361226
-0.02241626
-0.03714620
0.01676963
0.04071275
-0.00296388
0.00687090
-0.01961795
0.00495519
0.01736846
-0.02561859
-0.03474648
-0.00277775
-0.00447502
-0.02744601
0.01375199
0.02178416
0.02859973
0.04393785
0.01768359
-0.02441418
0.04302142
0.04834246
-0.04138692
0.00874527
0.05740258
-0.01427833
0.03956703
-0.05657979
-0.02370287
-0.00437683
0.00319330
-0.04282378
-0.04746063
0.01792235
-0.01890227
-0.01593535
0.04857015
-0.01055700
0.00196682
0.03751292
0.01352122
-0.01750424
-0.04909746
-0.00080838
0.01484277
0.04954371
-0.01560335
0.04675670
-0.04235176
0.05030886
0.05636840
-0.03807672
0.00902927
0.03817452
0.01542211
0.04427652
0.02898572
0.01542834
0.02966829
-0.00523031
0.00412819
0.02607964
-0.01299169
-0.00108106
-0.01677012
0.02210836
-0.04450689
-0.03267683
-0.00079988
-0.02580809
-0.03253887
-0.02869332
-0.02374710
0.01886869
0.02436704
-0.02897287
0.00150364
-0.03397919
-0.00968208
0.00784380
0.01805027
0.02018705
-0.04131319
-0.03743655
-0.03851773
-0.04513428
0.04818043
-0.04503098
0.00793698
-0.03750956
0.05014130
-0.02599926
-0.02604389
0.01780169
-0.03580572
-0.04892875
0.02303396
0.03598161
-0.02584921
0.02277951
-0.04272949
0.00579675
-0.00980351
-0.04391950
0.00312908
-0.03172846
0.04794143
-0.01017755
-0.00333680
-0.02759189
-0.03090820
0.01814980
-0.02544105
-0.01781322
-0.00844179
-0.01855164
0.00543420
0.02015818
-0.03891729
-0.04610036
0.04909202
0.01619802
0.02372623
-0.03474080
-0.04418499
-0.00932655
-0.01282219
0.03999741
0.00906327
-0.00882578
-0.00790621
0.04778897
0.01447210
-0.00419841
0.02887189
0.01230115
-0.01454271
0.02940619
-0.03156724
-0.02808139
-0.01008509
0.00049754
0.00723458
0.03569854
0.00376144
-0.05612020
0.00069985
-0.00227570
0.00694792
-0.01998048
-0.00058801
-0.03472437
0.04931573
0.02237692
-0.01676175
0.05302548
0.02474723
0.03274518
0.00569721
-0.00962633
-0.05420423
-0.02826644
0.01433414
0.03208537
0.04341581
0.02669894
-0.02048719
0.06825179
-0.02071275
-0.00666355
0.04755725
-0.02723448
0.04786049
-0.00979413
0.01904628
-0.04319420
-0.05356900
0.03949638
0.01856377
0.01168787
0.00393423
-0.00967667
-0.00579941
0.04438148
-0.02788777
-0.04827384
-0.00039762
0.01946344
0.00309058
-0.00409132
0.04249471
0.04259977
-0.01437370
-0.04995425
-0.01525164
-0.00432908
-0.04649476
-0.04612851
-0.03994841
-0.01924156
-0.01673673
-0.02641387
-0.01519729
0.04955429
0.02817992
-0.03494462
-0.03477120
-0.01248414
0.04868954
0.01577415
0.03876261
-0.00882030
0.03402853
0.00769375
-0.04616986
0.00280457
0.04552108
0.00368383
0.02571786
-0.03931584
0.04517388
-0.00491526
0.02210714
-0.02451222
-0.00808444
0.01498244
0.02425767
0.02706924
-0.00397079
-0.02056794
-0.04172991
-0.01767359
-0.00378996
-0.04359068
0.00820656
0.03176856
-0.00794108
0.04238553
-0.04317117
0.03918176
0.02201390
0.03110436
0.01941554
-0.04608433
0.04867542
-0.04059486
-0.03145948
0.02186282
-0.03313241
0.03411599
0.03559490
-0.04257893
-0.01494489
0.03927938
0.00546489
0.00467336
0.04391591
-0.03744958
-0.00716520
0.02850506
-0.02008614
-0.04321054
-0.02956435
-0.02279905
-0.02106343
-0.02301417
-0.00488850
0.03375098
-0.01129151
0.00860787
0.04357634
-0.04763478
0.04961133
0.01349053
-0.02878437
0.02368274
0.03183449
0.04070766
-0.01252418
0.04478526
-0.02907017
-0.03042919
0.02142446
0.02587716
-0.04502009
0.02270358
0.01299099
-0.00569006
0.04397769
0.02602590
0.01964687
0.03251020
-0.00724698
-0.04458568
-0.03512073
-0.01717646
-0.00964262
0.03032553
-0.03837459
-0.04100998
-0.00597468
0.01280248
-0.00302326
-0.04630005
0.03903447
-0.01738255
-0.02723184
0.00722763
0.01109550
-0.00085978
-0.04869623
0.03870437
0.00391692
-0.04286335
0.02639431
-0.04095140
0.03509520
0.03077265
-0.02533385
-0.01303698
0.02304208
0.01232515
0.01705866
0.04340397
-0.01782291
-0.01988539
-0.02570682
0.03035592
0.02851257
-0.04424775
-0.01776452
-0.03566144
0.00919059
0.02505022
0.00660207
0.01245797
-0.04294000
0.04837260
-0.02002322
-0.03994565
0.04404267
-0.00624935
-0.04981884
-0.04399937
0.03154648
-0.04750859
0.02030782
-0.02909433
-0.04347672
-0.01449172
-0.03079144
-0.03848976
0.04961001
0.04588415
0.01788880
-0.01392418
0.03753632
-0.02981438
0.01885961
-0.00805797
-0.00444880
-0.05127996
-0.01518279
0.03560824
-0.03427129
0.00318230
0.02006878
-0.02369441
0.01910932
0.04288194
0.01243776
-0.03239316
-0.02441945
0.00459361
0.03024985
-0.04329469
0.02114995
0.02921836
-0.03139324
-0.01108843
0.04287359
-0.02723280
0.01059196
-0.04400479
0.04032159
0.01600756
0.03431471
0.04210079
-0.01097472
0.00145903
-0.03234240
-0.01042369
0.04118086
-0.03466466
-0.01784540
-0.03888134
-0.04916928
0.01282668
-0.03877440
0.04028916
0.00318134
0.00684520
0.01902992
-0.01593910
0.04851000
0.04977352
-0.04618914
-0.03456087
-0.00527208
-0.04392567
0.00012669
0.01863749
-0.04899267
0.00579250
-0.03244995
-0.02360280
-0.03216533
0.04458133
0.01684335
0.04320441
-0.00312975
-0.01327325
-0.01275935
-0.02912212
0.00271457
-0.04582847
0.00646587
-0.01348330
-0.00327699
0.01844698
0.01530818
0.00692038
-0.04133105
-0.04442396
-0.03987424
0.03330712
0.04955082
-0.00815067
-0.00947246
-0.03540505
0.00138811
-0.01330076
-0.03996579
0.04575774
-0.03579351
0.02543428
0.01460162
-0.02927516
-0.04342848
0.00997054
0.05272151
0.01301700
0.04275306
-0.04753225
0.03944629
-0.02017125
0.02690704
0.00225341
-0.02480610
0.03699769
0.01189868
-0.00794314
0.05682888
0.04667957
0.00911158
-0.02308615
0.01311841
0.05260117
-0.05110735
-0.00533663
0.08821982
-0.02480353
0.00451984
0.02608074
0.04421822
-0.02172812
-0.02295130
-0.02486633
-0.03712276
-0.00299352
-0.05918816
0.07529590
-0.02906953
-0.04323365
-0.04753529
0.02475564
0.03608624
-0.04367577
-0.04691942
0.02655187
-0.02154364
-0.04193534
0.01643576
0.04301472
0.09741272
0.01462162
0.02158758
-0.10956755
-0.04082143
0.04125663
0.01952358
0.04657711
-0.03192844
0.04066195
0.04589225
-0.04133465
0.02836737
-0.04013326
-0.02070499
-0.00987853
0.03587808
0.07019661
-0.01557110
0.01868726
-0.00576051
0.01113868
-0.01358252
0.04813296
-0.02011955
0.00676530
-0.02044675
0.01065689
-0.03361910
0.03422305
-0.03943341
0.06867504
-0.00215153
0.03393189
-0.04234831
-0.04382010
0.05016907
-0.02032978
-0.02960969
-0.05437633
-0.00720518
0.02676867
0.06271707
-0.01968228
-0.00838979
-0.06171951
0.04816266
0.05080426
0.00837655
0.02508684
-0.04451939
0.00969529
0.00214230
0.05531792
0.05066526
-0.02454757
0.05373192
0.00317543
-0.01869866
-0.04482812
0.02094732
-0.04465887
-0.03933154
0.01346456
-0.02401508
0.03707085
0.04614282
-0.00421949
-0.03570560
0.03747756
-0.04161694
-0.00772855
-0.03789327
-0.02277085
0.05372014
-0.01858486
-0.01012640
-0.00125291
-0.08320806
-0.00075385
-0.02611692
0.01746619
-0.00996466
0.07276151
0.03053619
-0.00884531
-0.02504398
-0.00162000
-0.02960279
0.05177012
0.01310295
0.01979940
0.02895200
0.02869303
0.01226081
-0.03552750
0.00237489
0.00308674
0.03101132
0.00994164
0.05057566
0.01022346
0.02122253
0.02223979
-0.05558361
0.03648701
-0.00339103
-0.04908302
-0.05169643
0.01008254
0.05124407
-0.01815707
-0.04165031
0.01724274
-0.03222587
-0.01159105
-0.02007402
0.03140891
-0.04656376
0.00594898
-0.03395034
-0.06078847
-0.03466175
-0.02942251
0.01350363
0.03998918
-0.02910242
0.04535955
0.01402764
0.07043813
0.04426615
0.04971766
-0.02224278
-0.05294592
0.03618227
-0.03003328
0.04785852
0.01191131
0.00747098
0.02843366
0.03278529
0.03363824
0.00951269
0.00124361
0.04498311
-0.02625687
0.01874220
-0.00690767
-0.00180065
0.03276052
0.03305754
-0.00623430
-0.01370128
-0.04577261
0.03681801
0.03447921
0.01695405
0.00708323
-0.01485775
-0.04855852
0.01549662
-0.05037504
0.01054943
0.05933325
0.02992851
0.01681253
-0.03276043
-0.03887847
0.02548742
0.03040871
0.06133534
-0.04679541
0.02861058
-0.02355444
0.00381290
-0.01920316
-0.02265259
-0.02057451
0.03583245
-0.03995420
-0.04290662
0.05715043
0.03778079
0.04319540
0.02583600
-0.03720036
0.03926707
-0.04755111
0.03877649
-0.04722488
0.01861715
-0.04527401
0.02940033
-0.04279345
-0.02653966
0.00764860
-0.04880742
0.01070451
-0.03021809
-0.00523380
0.04749953
0.03343667
0.02327691
-0.01198953
0.02238756
0.03493772
0.02056593
0.04508515
0.02221291
-0.00680643
0.03695512
-0.01072914
-0.04321214
-0.00826367
-0.01040078
0.04803097
-0.03415813
-0.03120802
0.02677014
0.04761559
0.02706864
-0.03937979
-0.03544955
-0.03036336
0.01047119
0.01887614
0.03149115
-0.04691659
-0.00150871
-0.03141848
0.00295510
0.04097508
-0.01253812
-0.00114625
0.04510203
0.04349569
-0.02522219
0.02285383
0.00384119
0.00618313
-0.00781546
0.02056160
0.04470363
-0.00530229
-0.05220135
-0.00323813
-0.02724591
-0.04001061
-0.00790150
-0.03855833
-0.03879770
-0.03348242
0.02576118
-0.02778298
-0.00445974
-0.02211605
-0.01955659
-0.00745174
0.00465119
-0.03510546
0.02866866
-0.02792425
-0.04762017
-0.03804190
0.00602349
0.02551763
-0.00167960
-0.02822468
-0.03756529
0.02887468
0.04322094
0.02489704
0.01787813
0.02747688
-0.02625841
-0.00814675
-0.01354751
-0.03638864
0.00509386
0.02851637
-0.00428324
0.02269449
-0.03415421
0.03254626
-0.04402045
0.01621052
-0.02396956
0.02297666
-0.01575737
-0.03280338
-0.03576530
0.00221355
-0.04813900
-0.04367094
-0.02036341
0.02452769
-0.04564094
-0.04779191
0.02234081
0.00705540
0.04770571
0.00153001
0.04127225
0.00855470
-0.02663074
-0.02477992
-0.03986125
-0.03127792
0.03864143
-0.04732301
-0.00779528
0.04194285
-0.05074741
0.01497418
0.02799706
-0.02191294
-0.04944391
-0.02747203
-0.04814159
-0.01709100
-0.00435100
0.01928859
-0.03646810
-0.04836220
-0.00116995
0.00792866
-0.05101521
-0.00543178
0.01581395
-0.00919393
-0.02916454
0.00058961
0.04903993
0.00775775
-0.03708943
-0.02567973
0.02145999
0.01635204
-0.04035823
-0.00112316
-0.04133610
0.04587630
-0.01441169
-0.04068352
0.03472006
-0.00885856
0.04167411
0.00918381
-0.01510352
-0.01907820
0.03346569
0.04793521
-0.03702097
-0.04141734
-0.00249604
0.01798321
-0.01474980
-0.02856349
0.03525880
0.01509569
0.00038848
0.03653894
-0.02274195
-0.02178482
-0.04987499
-0.00453130
0.01387615
0.00157056
0.04863580
-0.03128640
0.02020070
-0.03115070
0.00999233
0.02501939
0.01967365
-0.00329774
0.00702981
-0.01956464
0.03028847
0.02974354
-0.01093657
-0.02118590
0.04325198
-0.00316360
-0.03564690
0.00840836
0.05009282
-0.01654364
-0.00716790
-0.03870220
0.04210557
0.03961705
0.01218039
-0.04967897
-0.02007182
0.04729411
0.00117582
-0.03863042
-0.02558329
-0.02251502
0.00240472
0.03947794
0.03332482
0.02726781
-0.01569355
0.02933996
-0.00605164
0.03427986
0.02029604
-0.02188412
-0.03613953
0.02769674
-0.03251290
-0.04247735
-0.01182032
0.01975581
0.03419329
-0.02926212
-0.03815616
-0.04585105
-0.05171315
-0.04699516
0.04759622
-0.01480663
-0.00063905
0.01779698
0.04444217
-0.04362502
0.01253239
0.00638526
0.03376409
-0.01869278
0.00979391
-0.03463869
-0.01205521
0.02733807
0.00623564
-0.04921510
-0.03657100
-0.01624993
0.03352828
0.00630242
-0.03300858
-0.00300454
0.00008269
-0.04501791
0.02566750
0.03225061
0.04734865
-0.04333229
-0.01629661
-0.00104540
-0.04290152
0.02986296
-0.01213521
0.00787962
-0.01143316
-0.00653264
0.03737646
-0.02876562
-0.03138949
-0.03608375
-0.04722844
-0.00404394
0.01238783
-0.01295291
-0.01912768
-0.04335473
0.02622031
0.00540527
-0.01551090
0.00024711
0.04031065
0.01361645
-0.03951509
0.03884040
0.00081558
-0.02006152
-0.04965126
0.00148578
0.04294932
-0.01032113
0.03583090
0.00618818
0.02205892
-0.05035921
-0.01132848
-0.03359068
0.03013970
-0.04234028
-0.04557695
-0.03766521
-0.02785205
-0.03634828
-0.04242186
-0.04117902
-0.02599957
0.01613690
-0.04648824
-0.04157353
-0.01892768
0.04541045
-0.03547957
0.00073197
0.04656130
0.01182636
-0.02054770
0.02281978
0.03968169
0.04349664
-0.01410450
0.01344704
-0.03542951
-0.01457151
-0.04153415
0.00485522
0.03587766
-0.01500474
-0.01089246
0.03441660
-0.02602152
0.02981059
0.00854308
0.04157724
-0.01203419
-0.04969806
0.00200622
0.00390297
-0.01500071
0.02765930
-0.00448999
0.01211326
-0.00879674
-0.00701549
0.00066597
-0.04155672
-0.03361329
-0.04991442
0.02532785
0.00180970
-0.03051475
-0.04641815
0.03173956
0.03442588
0.03036923
-0.01794729
0.00705557
0.04580453
-0.02067266
-0.02845586
0.03048215
0.04150947
-0.01208791
-0.00249987
0.00676826
-0.01060158
0.00147696
-0.04040238
0.02619434
0.03785474
-0.00120540
-0.04348888
0.04270100
0.02826572
-0.03476179
0.03003762
0.03283844
0.03471077
-0.03373236
-0.03242592
-0.04828284
0.03443883
-0.00406456
-0.03515010
-0.03444936
-0.01560172
0.00304069
0.00428303
0.00339156
-0.02404253
-0.03748885
0.04476288
-0.03107374
-0.04823652
0.00995943
0.04315032
-0.02631728
0.01436636
0.00635298
0.00438964
0.02292022
-0.00082209
-0.00506364
-0.02736280
-0.01223555
0.03844825
0.01372265
0.04128947
-0.00936382
0.02980663
0.02254664
0.04546534
0.02173050
-0.00407843
0.03328888
0.01595774
0.01398199
-0.01689653
0.01649373
0.02064222
-0.04605294
0.02215441
0.03344971
-0.00323378
-0.01301131
0.01501993
-0.02929902
-0.04687559
-0.04921920
-0.04275493
0.02046451
0.01946140
-0.04421050
0.01826254
0.03122004
0.00109021
-0.04907966
-0.01326028
-0.01039645
-0.00118757
-0.04902694
0.01084820
-0.03346872
-0.00666326
0.04780370
-0.03097102
-0.03866863
0.02417088
-0.04439601
-0.03012346
0.01994760
-0.03760482
-0.01000769
-0.00628689
-0.04753654
-0.03424762
-0.00373845
-0.03826259
0.02242943
0.00792031
0.00638213
0.02069566
-0.01826727
-0.00409746
-0.03381141
-0.03045502
0.01203795
-0.04908932
0.01367789
0.02620330
0.01636305
-0.03837100
0.00020061
0.00641904
-0.00887363
0.04411906
0.01581412
0.04357025
0.03810111
-0.00193452
0.02134950
-0.02012897
0.00070270
-0.02892555
-0.02975707
-0.01261035
0.01558265
0.04588218
-0.01343446
-0.02647709
0.01739473
-0.03194469
0.01184309
-0.03539010
-0.03465150
0.01729602
-0.03800889
0.01937886
-0.01871071
-0.02070175
0.03259328
-0.02868757
0.04116651
-0.04451624
-0.02817504
0.02540878
-0.03206214
-0.03476235
-0.01020984
0.01729774
0.01521198
-0.03342592
0.04371551
0.04421968
-0.00962403
0.00247193
-0.00530728
-0.02035236
-0.05578966
0.04641001
0.00798930
-0.00577893
-0.01813499
0.04240840
-0.00244605
-0.02711656
0.01916761
0.04314167
-0.03913751
-0.00846866
-0.01081831
0.04170760
0.01274004
-0.01886269
0.03205296
-0.04316146
0.04788604
-0.04760682
0.00469885
-0.01769119
-0.03513775
-0.01056232
0.01036125
-0.01207016
-0.00946961
0.04037448
-0.01589337
0.04257436
0.02460186
-0.04777088
0.04350534
-0.01267438
0.01379843
0.04018720
-0.01773506
-0.03269102
-0.01475100
-0.02412596
-0.03012084
0.04359401
-0.00012386
0.05005336
-0.05038081
0.02512378
0.03689225
0.04393046
-0.02520899
-0.01549110
-0.00744706
-0.01535246
0.00695675
-0.01896362
0.01913510
0.04350986
-0.03139592
-0.04857081
0.00903935
0.02080275
0.02798782
-0.00871701
-0.03506299
-0.05474349
0.00102073
-0.01510670
-0.01791163
0.00424706
0.03975048
0.00287213
0.03523174
-0.00325311
0.03417826
-0.04783922
0.03093284
0.02203594
-0.03787936
-0.00945651
-0.01165909
-0.03638157
0.03405838
0.01462338
0.00417361
-0.01319092
0.04259824
0.01982831
-0.03547254
0.04059919
-0.03201190
-0.01349622
-0.05432133
0.03522762
0.00244106
-0.01103022
-0.03414963
-0.02369647
-0.01014862
0.03540859
0.01300748
0.02153497
0.01431423
0.00398988
-0.03510591
-0.00574703
0.04085097
-0.04417250
-0.03102193
0.02411009
0.00759653
0.03547946
0.01367174
0.01085055
-0.03762117
-0.04062502
-0.00349628
-0.05117641
0.04565703
-0.01878941
-0.04816850
-0.03213487
-0.02376188
0.00952594
-0.00147998
-0.02603967
-0.02500494
0.02115213
-0.01118201
-0.02186135
-0.04020385
0.03070461
-0.01593089
0.04804974
-0.04836957
-0.03664078
0.01205955
0.00179338
-0.00552863
-0.01459383
0.04532167
0.03304744
-0.01114665
-0.03915730
-0.03429767
-0.02824089
0.02470175
-0.00549560
-0.01675226
0.03205023
-0.04498536
-0.03761882
-0.00829168
0.00039662
0.04199611
-0.01942308
0.04104782
0.00484572
-0.04335212
-0.01930073
-0.00478028
0.01434014
-0.03684430
-0.02348351
0.04859503
-0.04535769
-0.02845747
-0.03470231
0.04699892
0.02119058
-0.00888642
-0.04469511
0.02697830
-0.02995288
-0.04560222
0.02924518
-0.05019418
0.03806863
-0.00702016
-0.00769232
0.02575814
0.02560613
-0.02324056
-0.00288702
-0.02545749
-0.00006796
-0.03958607
-0.02122460
-0.03002306
-0.03858770
-0.03615131
-0.00447731
-0.00474782
0.04134557
-0.03499496
-0.04433453
0.04226353
0.00045054
0.03941212
0.02034327
0.02683560
-0.00428189
0.04901740
0.01346897
0.03950502
0.03237732
0.05053343
-0.03054060
0.02014610
-0.03071672
-0.00636411
0.01260868
-0.01103559
-0.02921991
0.05063986
0.01747004
0.03872060
0.04403481
-0.02005696
0.04511055
0.00035461
-0.00278104
0.03486362
0.02259226
0.04263147
0.02375924
0.03588766
0.00548024
0.03070024
-0.00035536
0.02471900
0.01432515
-0.00215100
-0.03357960
-0.02306562
-0.02870075
-0.04752193
-0.04006017
-0.04423817
0.02749943
0.02956518
-0.04649113
0.02412613
0.02592418
0.03797921
0.03595583
-0.00076895
-0.02474104
0.04371199
-0.04499270
0.04649160
-0.02950026
0.00087790
0.00596574
-0.00039055
0.01800286
0.02747433
0.00742944
-0.05442997
-0.03628368
0.05697027
-0.03572874
0.00533753
0.01652093
0.01080039
-0.03565471
-0.03148745
0.02212029
0.02441355
0.01232454
0.00233879
-0.04322188
0.02909533
-0.00337136
-0.00732010
0.01181663
-0.00652034
0.02052763
-0.01652952
0.03635008
-0.05090457
0.01146811
-0.02158721
-0.00520801
-0.02364962
0.03698499
0.03661931
0.06211302
0.04684199
0.01561324
0.04157121
0.04031849
-0.04181508
0.00807180
0.03733871
-0.03116259
-0.01593509
-0.01271470
0.08171251
0.05873235
-0.05060319
-0.00322844
0.01217595
0.00687469
-0.03427675
0.06842415
0.02894214
-0.05218195
-0.05692687
-0.04308192
-0.02063482
-0.02129169
-0.04662727
0.03993701
0.01362613
-0.01424002
-0.00961606
0.02261865
0.09156543
0.01709852
-0.00334028
0.02288210
0.00548380
-0.00574608
0.01557501
0.03670437
0.03450332
0.04237799
-0.02859958
0.01223896
-0.04190870
-0.02777739
-0.06403124
0.04333653
-0.00209687
-0.03202324
-0.01399447
0.03763652
-0.05678868
0.00363779
-0.02934628
-0.05249730
-0.02572777
-0.03236099
-0.03227222
0.02727662
0.03190512
0.03447782
-0.06658207
-0.04049430
-0.04888516
-0.02733046
0.04843628
-0.02129751
0.08661138
-0.00407652
0.06482492
0.02295239
-0.00233905
-0.03328855
0.05590025
-0.04539548
-0.04582162
0.03284738
-0.04276050
0.06976137
0.02813078
-0.03278091
-0.01283630
-0.02720527
0.02476227
-0.00409716
0.00640800
-0.02571559
-0.01870610
-0.02761294
-0.03818880
-0.01670066
-0.02306205
-0.00430684
-0.02892209
0.04418764
0.07243472
0.00957168
0.04402774
0.03067866
-0.05805863
-0.01164305
-0.02698213
-0.02362163
0.03233621
-0.01147849
0.05398002
-0.03897720
-0.04280762
0.05889633
-0.02461097
-0.00800792
0.03184894
0.00529173
-0.02733767
0.07539756
0.04231508
-0.05631697
0.00145517
-0.05237583
-0.01129456
0.01641847
0.08361126
-0.03474016
0.03177834
-0.01801114
0.05384402
-0.02399713
-0.01269015
0.01750491
0.03787849
0.02991564
0.04663784
-0.03741835
-0.06151180
-0.00737322
0.00490721
0.03347678
0.02333536
-0.04412827
0.00225937
0.02320228
-0.02853827
0.00494068
0.03827840
-0.05262827
-0.06049573
0.00383213
0.03581953
0.05706820
-0.01707762
-0.00262839
-0.01832340
-0.04657466
-0.01016564
0.02599141
0.06133872
-0.04202169
0.00961039
-0.00238313
0.05079857
0.02929097
-0.03805642
-0.02876144
0.01962035
-0.01020024
-0.02994302
0.03489523
0.00669799
0.00027169
0.04522879
-0.02521593
-0.01693686
0.02928576
0.00149560
0.04065080
0.00792958
0.01478480
0.04951017
0.03607229
-0.00801966
-0.04759220
-0.00806948
-0.01558157
0.04617834
0.02924859
0.02705164
-0.04642686
0.03314204
-0.01217526
-0.04406897
-0.02550064
-0.03893555
0.02767549
-0.03110533
-0.08881696
0.01772446
-0.03328774
0.03089049
-0.05523684
0.00464663
-0.04923189
0.04058956
-0.00931710
-0.00874457
-0.05181102
-0.04581761
0.02965521
-0.01022600
-0.01354111
-0.02152205
-0.01346482
-0.06131871
0.04001790
0.03894035
0.00071538
-0.05073867
-0.04582331
-0.01320995
-0.01353194
0.02992965
-0.02300565
-0.01755787
-0.04387421
-0.01611444
-0.01318663
0.00182801
-0.00373787
0.05571284
0.02243560
-0.01500237
0.03607121
-0.00593349
-0.00391272
0.03988921
-0.06718487
0.06741468
0.03658497
-0.03178119
0.05324688
-0.03278383
0.02354756
-0.03583148
0.00159250
-0.04803998
-0.03153617
0.05336362
-0.00746349
-0.00280566
-0.01615014
-0.00292407
0.03724621
-0.02541974
-0.04455550
-0.05800867
-0.01687769
0.01535032
-0.01667709
-0.05464635
0.02888992
-0.02765749
0.01643468
-0.03994844
-0.00060930
0.04277719
0.03424633
-0.02133052
-0.02181829
-0.04080190
0.01230523
0.00407820
-0.00466561
-0.04536029
-0.07633137
0.01174786
0.02742412
0.03104812
-0.00514311
-0.01187150
-0.02541272
0.02280291
0.01731209
0.00120741
-0.04294046
-0.00998652
-0.05696882
0.09378739
-0.03962395
-0.06363859
-0.02199050
-0.00681019
0.06370306
0.00754498
-0.03991258
-0.05504915
0.03534552
-0.05389051
-0.07203894
-0.00224316
-0.03133973
-0.03785359
-0.02959143
0.01269742
-0.03729867
-0.00145945
0.00800956
0.03341653
-0.03564394
0.02960579
-0.00588074
-0.04800235
-0.00144104
0.02582597
-0.01709945
-0.00627943
0.04553986
-0.00935740
0.03560520
0.01613738
0.05074980
-0.02044038
-0.02443556
0.00935409
-0.04482497
-0.08050342
-0.04012184
-0.03310628
0.03576596
-0.05806236
0.00611285
-0.03685699
0.07500567
-0.03257307
0.05195703
-0.02245842
-0.04389798
-0.02636999
0.00338013
-0.01855085
-0.03322360
0.05880638
-0.05435441
0.01823988
-0.03187512
0.03817055
-0.03022151
0.01216782
0.03226061
0.03763288
-0.05592290
0.02450322
-0.00494584
-0.01230423
0.02629665
0.04375284
0.03354991
0.01790026
0.02079741
0.05892018
-0.04184010
0.00096391
0.02105817
0.02537971
-0.00313693
0.02874487
-0.04467009
-0.03790537
-0.03834839
-0.02781789
-0.00147221
0.00023975
-0.03893079
-0.01929063
0.02744336
-0.00414982
-0.03869174
0.01941240
-0.03577155
0.02346424
0.01016905
0.01727848
-0.03994059
-0.02208847
-0.04376939
-0.00919667
0.04472081
-0.03134746
-0.01273966
-0.00590463
-0.02749912
-0.00915733
0.01243466
0.04473559
0.02478715
0.04576215
-0.03439903
-0.01919287
0.00173048
-0.01978794
-0.05236529
-0.02469078
0.04378864
0.02424108
0.02153805
0.00418338
0.01101429
-0.01941189
0.03075727
0.02976165
0.02890036
0.04813561
-0.03768812
-0.02783586
-0.05010493
0.04131633
0.04865566
-0.03353577
-0.00164406
0.03650824
0.02396119
-0.01988866
-0.03163127
0.05325163
0.04722598
-0.02633034
-0.01276091
-0.02283240
0.00330200
0.04736799
0.07215786
0.00523118
0.02790416
-0.00971071
-0.02354529
-0.00148100
0.02650227
0.03271697
-0.01702812
0.03904330
-0.00127852
0.03689965
-0.01934274
-0.01606504
0.05313347
-0.02391184
0.04217033
-0.05224694
-0.02963630
-0.03844370
0.00896447
0.00863669
0.03410561
0.08854679
0.03114064
0.00568917
-0.03581429
0.05221016
0.01301382
-0.03048218
0.01382911
0.03488820
-0.02108310
0.06991420
0.01632861
-0.04127963
-0.04695719
-0.01632332
-0.01868419
-0.01341615
-0.01665730
-0.02150589
0.03328655
-0.01250102
0.01934515
0.00172545
0.00994112
0.02658200
-0.00495586
0.01920269
-0.00605792
-0.01868110
-0.03874025
-0.03649678
-0.03405041
-0.00950566
-0.04022945
-0.01953790
0.03150654
0.04092317
-0.01812586
0.04166896
-0.04671103
0.05381040
-0.00173933
-0.05314632
0.04171424
0.03221263
0.01793012
0.00215563
0.00320402
0.01811446
0.04278742
0.00027035
-0.01776671
-0.03316379
0.00044430
0.04339410
-0.04205348
-0.01611312
0.04357355
-0.03092847
0.03463506
-0.02042819
0.02738661
-0.02014851
0.02884463
-0.02316810
-0.01288700
0.03566198
0.01553749
0.08725903
-0.03988900
-0.00487603
0.01233451
-0.00223729
0.00339926
-0.04715588
-0.04568326
0.01300227
0.01204752
0.04074161
0.05192435
-0.05381595
0.02696929
0.02693783
-0.00347845
0.02717336
0.06679085
-0.02037854
0.05667097
-0.00994574
-0.01930329
-0.05425543
-0.02507406
-0.04184826
0.08998032
0.00592794
-0.01456281
-0.04976751
0.00597773
0.09336327
0.03873638
-0.01343897
0.00946244
0.03911441
0.02250208
0.01205155
-0.00454263
-0.01327150
0.02472188
-0.01629997
0.06278740
-0.03320909
-0.00548301
-0.03724801
0.03571949
-0.00273609
-0.00995380
-0.03098399
-0.04992059
-0.02666313
-0.05215417
-0.04941450
0.02875433
0.05221073
0.07863365
0.00292676
0.05662429
0.01584361
-0.01396395
0.01532851
-0.00563226
-0.05686331
-0.03643245
-0.03476714
0.00763527
0.01359586
-0.01455703
-0.02452296
-0.04669885
0.02467367
0.04316531
0.00861416
0.03590217
-0.02355674
0.05552477
-0.00737261
-0.01411608
0.02363861
0.02445875
-0.01325760
0.00065591
0.00010528
0.02593537
0.00179030
-0.02587217
-0.02624099
-0.00167716
-0.02493242
0.01748965
-0.00585843
0.02236104
-0.02416750
-0.05865934
0.01127403
0.03135267
0.05023063
-0.05121170
-0.04932234
-0.05074865
-0.02662154
-0.00392714
0.06140801
-0.01136709
0.04057423
0.01439226
-0.04457137
-0.03292236
0.01176631
-0.02066297
-0.00602188
0.07302331
-0.02000361
-0.02348051
-0.02384624
0.07104046
0.01047339
-0.02160095
-0.05171520
-0.04275120
0.02928224
0.04674317
0.05755790
-0.00183665
-0.01504276
0.03299147
-0.02207847
0.03034628
-0.00640336
-0.02104900
-0.02851978
0.04803337
-0.05624513
0.02300602
-0.01039978
0.03142965
0.04980452
-0.01150892
0.01462173
-0.03897155
-0.02025809
-0.03005914
-0.04218547
0.03857011
0.01181283
-0.00882630
0.03720264
-0.03990564
0.02843052
-0.02746335
0.03413070
0.00934121
-0.02474912
0.00577670
0.03407576
-0.07367174
-0.03127702
0.00036194
-0.05499489
-0.03591903
-0.04431737
0.00735671
-0.00875495
0.01636553
0.03090348
0.05185479
-0.01272342
-0.01436040
-0.05291041
0.03807873
-0.04136456
-0.04464623
0.04793334
-0.00858908
-0.01675835
0.00023929
-0.02828194
0.00072611
0.01330721
0.02443679
-0.06082649
-0.04834308
0.00397051
-0.00298393
-0.00768200
0.04068627
0.06050898
0.06681627
0.03790688
0.00481273
0.03342896
-0.00134406
0.03813485
-0.00893078
-0.00954736
0.00269441
0.04708274
-0.00706410
0.00895769
-0.02111710
0.05031425
-0.01954757
0.00281670
0.04074819
-0.00281567
-0.05078958
0.00177047
0.00208840
-0.05751740
-0.05806929
-0.03807104
0.01623081
0.01951618
-0.00707433
-0.00473134
0.03814711
-0.02330860
-0.01563545
0.00529632
-0.03318999
0.03522690
-0.02004339
-0.04949829
0.02561319
0.02677256
0.01665750
-0.01615371
0.00213376
-0.02569068
-0.00491026
0.00032152
0.01863668
0.03239816
-0.00263918
0.03525038
-0.03028599
0.00867341
0.00942101
0.03702019
0.02999309
0.04013307
0.04503628
0.00924112
0.03116317
-0.00643890
0.02563905
0.02554141
0.02987035
0.03278112
0.00311007
0.03561669
0.02666025
0.02091181
-0.05041396
-0.02927541
0.04663457
-0.03785588
0.01124102
-0.03069185
0.02201408
0.04583653
0.02094897
0.03293592
-0.01887969
-0.05345730
-0.02402837
0.04106520
-0.03514813
-0.04870044
-0.00625560
0.03196117
0.04702471
0.04524828
-0.01532556
0.03251474
-0.00016277
0.02153101
0.00898856
0.00236565
0.04061867
-0.03951933
-0.03198962
0.01363980
0.00422143
-0.03028947
-0.04237343
0.01252301
0.00325754
0.03341275
0.02978855
0.01555900
-0.00410003
-0.03464947
-0.05754953
0.05207514
-0.01483066
-0.00867746
-0.04145882
-0.01783046
-0.01749963
0.02408108
-0.05832290
0.00582195
-0.00927138
-0.02555888
0.03414138
0.01876405
-0.03649484
-0.03953099
-0.04980648
0.03519494
-0.05017164
0.03716875
0.03712173
-0.05125023
-0.01445284
-0.02921225
0.00729508
-0.04131427
0.05261482
-0.03025290
-0.02868016
0.03610980
0.03236812
0.01991846
0.06273682
0.03124096
-0.04687175
-0.00880982
0.02444555
-0.02591424
-0.03540634
0.04152900
0.03669526
-0.04676381
0.04277932
0.02666288
0.04508836
0.00874796
-0.02114736
0.05349313
-0.01110699
0.03091707
0.01653814
-0.01316144
-0.01827518
-0.02140047
-0.02807185
-0.06183014
0.03987902
-0.01625711
0.03070982
0.01199364
-0.00679324
0.08021934
0.05453357
-0.00166297
0.00285933
-0.00306500
0.01972811
0.06525759
-0.04888806
-0.00910202
-0.00074286
-0.00225505
-0.01903232
-0.01236055
0.01206459
0.01434226
-0.04099033
-0.02233710
0.02226079
0.04941946
-0.01056619
0.00247053
-0.02343083
-0.01536874
-0.02170934
-0.03064003
-0.03515681
-0.02776673
0.00347286
0.03714160
0.01252944
0.01493045
0.03911091
0.01814376
-0.05022029
0.04805696
0.06557133
0.02241922
0.02905867
-0.02430465
-0.01677044
0.03149480
-0.03944096
-0.03331584
0.02485105
0.00147296
-0.03636463
-0.01576076
-0.03887837
0.03916337
-0.06837573
-0.02475726
0.04220625
0.01259434
0.01601681
-0.04276485
-0.05238309
0.03682934
0.07338419
0.01256591
0.02237576
-0.02869944
-0.03229522
-0.02737215
0.01550406
0.01409212
-0.00969458
-0.02679180
0.00033647
0.02731422
0.00706563
-0.00915583
0.00394778
-0.01554444
-0.02285944
-0.06032630
-0.01525813
0.04813355
0.00689291
0.02903134
-0.02155920
0.00381309
-0.03367593
-0.01599111
0.02501636
0.01790139
0.02078835
-0.03374747
-0.03645840
-0.01739913
0.05559932
0.00689284
0.01923852
-0.02800923
0.04291525
-0.00152109
-0.04587913
0.00039757
0.03961777
0.02811459
-0.00452140
0.03705098
0.04205998
0.02467343
0.01718277
-0.02992964
-0.03459156
-0.01618643
0.00370714
0.04572286
-0.03166866
0.06286462
-0.03398354
-0.01926566
-0.00566949
-0.00783603
0.05251654
0.00052021
-0.01937884
0.02164447
0.02917442
-0.03757711
0.03860111
0.00346491
-0.05124034
0.01010189
0.02340714
0.02409297
0.00995804
0.01237661
-0.04358636
-0.03636978
0.03502334
0.00835189
-0.02263818
0.01640585
0.07842626
0.04750396
-0.00280299
0.03742680
-0.00574664
-0.06660663
0.00005883
-0.04072602
0.02336247
-0.02293727
0.04913931
-0.00853074
-0.01291698
-0.03707958
-0.01919777
-0.00447712
0.03451928
0.02477790
0.06343714
-0.06618470
0.03346362
0.01185398
0.01028451
-0.00640882
0.01132177
-0.02949219
-0.01285063
-0.00070254
-0.01350979
-0.06040780
0.02661957
0.02304064
0.05212374
-0.01526387
-0.02699853
0.04263305
0.05002954
0.00184449
0.01553657
-0.02761859
0.03110508
0.01850367
0.04054080
0.01840766
-0.04145410
0.01250307
-0.01715337
0.01621575
0.01099846
0.04842974
-0.00775048
-0.02524232
-0.04868092
0.04565057
0.00511139
0.00418186
-0.05163160
-0.02297989
-0.02823261
0.01075630
0.03051782
-0.02134410
-0.00925815
0.04304962
0.03573071
0.02484422
-0.00056261
-0.01856091
0.01870994
-0.00404946
0.01280651
0.00893440
0.03662698
-0.08272129
-0.05470004
0.00897721
-0.03703085
-0.03513076
0.04528231
0.01731976
-0.01503612
-0.04650620
-0.04098595
0.00411061
-0.00345417
-0.02352367
-0.03977211
0.04581621
-0.01542744
-0.00695102
-0.06460252
0.01381239
-0.07820366
0.04851186
-0.00909487
-0.01800625
0.05788422
0.03629541
-0.02669548
-0.02757783
-0.00794481
0.01039654
0.04514711
0.03256389
-0.05889970
0.01597909
-0.01596799
0.03132750
0.03240827
0.02505440
-0.01895752
0.06618302
-0.04101295
0.01982834
-0.01592105
-0.02449752
-0.05148254
-0.02883703
-0.03981152
0.01233284
-0.00911708
-0.07548408
0.01641037
-0.03216492
0.02239221
0.03699134
0.01614060
0.00324506
0.05209232
0.04343266
0.04048821
0.01499740
0.05591913
-0.02930009
0.02210113
0.01418860
-0.01258823
-0.02915621
0.04310584
-0.03247449
-0.00686359
-0.02752012
0.01213678
0.02237035
-0.04144841
0.00760831
0.00662353
0.05070513
0.09950773
0.04677235
-0.03892705
-0.03741185
-0.03980745
0.02842084
0.07423741
0.00334684
0.03124659
-0.01886543
-0.04141546
-0.04176511
0.00666038
0.04203987
0.01083785
0.00025672
0.01610807
-0.04603399
-0.01121419
-0.03893472
0.07819048
0.03189705
-0.03022337
-0.01864610
-0.00068257
-0.00742007
-0.04120776
0.07072374
-0.00286118
-0.05893417
-0.04528783
0.04083984
-0.05365784
0.03666478
0.03168400
0.04597167
0.04119382
0.01591151
0.02745699
0.02823766
0.01928436
0.00077491
-0.01323440
0.02993423
0.01476680
-0.00356205
0.03792927
-0.00849781
0.01295605
0.01285041
0.01648770
0.02657413
0.04397695
0.02665025
-0.03225069
-0.03990803
0.02408546
0.06208033
0.05035870
-0.00176176
-0.02344602
-0.05652332
0.00106022
-0.00522768
0.07217757
0.04334296
0.05409762
-0.10604287
-0.00643003
-0.05700004
-0.03474975
0.03169331
0.06074330
0.01289830
-0.00710349
-0.02024124
-0.06465003
-0.02903125
-0.01382366
0.02445696
-0.02179820
-0.04408417
0.04028293
-0.00859297
0.04700710
-0.03992993
0.02155848
-0.02698722
-0.04226469
0.01628206
0.02860410
-0.03038079
0.02336258
0.00150062
0.00006379
-0.06601117
0.03876796
0.04495803
0.00042851
-0.03727699
0.01434280
-0.00885209
-0.02280008
-0.01910607
-0.06052424
0.00704424
0.01190519
0.03689379
0.00522464
-0.00074109
-0.04159674
0.06929644
0.00846938
-0.03929087
0.01789272
0.05211054
0.04562966
0.00010738
0.02288671
-0.00222192
-0.01991062
-0.01872230
-0.02383141
0.00553733
0.02303524
-0.05073478
-0.02791899
-0.04123339
0.02098345
0.06325804
-0.01264219
0.01292864
-0.02703216
-0.03605067
-0.02090402
0.01722602
-0.02031926
0.04996400
-0.03505133
-0.00014881
0.00553500
-0.06135651
0.05362337
0.04031195
0.05092450
-0.04630073
0.00053025
0.00504388
0.01222153
0.01552516
-0.00440246
0.02720916
-0.01583652
-0.06033974
-0.03824856
0.04310419
0.01831039
0.06108283
-0.09818576
0.00274240
0.03034199
0.08445012
0.02410263
-0.02397878
-0.01274106
-0.00815132
-0.02230439
-0.03821801
0.01234578
-0.02655623
0.02447565
-0.00578226
0.04863307
-0.04430297
0.03429535
0.02261949
-0.02662852
0.04029107
0.03252662
-0.03594176
0.08270917
-0.05080491
-0.06152977
-0.07228249
-0.04627418
0.00531240
0.05062375
-0.03620434
-0.02971799
-0.03235791
0.04545667
0.06039875
0.03546287
0.00813075
0.00166204
-0.00937125
-0.03758826
-0.01998144
0.00779476
-0.00627508
0.02244920
0.01589578
0.02044668
0.02379826
0.01708496
-0.03795130
-0.01102974
-0.07868153
-0.01275077
-0.03216264
0.02594907
-0.01279982
0.01210310
-0.08181373
-0.02013240
0.06189679
0.09836457
-0.00765418
0.01517252
-0.03585021
0.00443580
0.03991403
-0.00071150
-0.06433567
0.06188095
-0.03982913
0.01493927
0.04701534
0.05318573
0.00259416
0.04253110
0.02923618
0.01772217
0.00526034
0.02409711
-0.02465338
0.06473748
-0.04005777
0.02960258
-0.02577304
0.06099645
-0.05656259
0.04793474
-0.04513124
-0.03683713
-0.00478373
-0.02165821
0.02312434
0.02798134
-0.01698888
-0.02259042
-0.02069804
-0.03004675
0.04824020
-0.04267512
-0.02878186
0.05684921
0.00855999
0.00146151
-0.07008020
-0.02104393
-0.03981457
0.03786880
-0.05605851
0.01315106
0.00300210
0.02154841
0.04625152
0.00930346
0.08613785
-0.01372031
-0.00229717
0.05981790
0.02888135
0.02505325
-0.04457846
0.06056006
-0.03818909
-0.09784173
0.01568341
-0.02924033
-0.01271905
-0.02214239
0.06798181
-0.00431877
0.02401769
0.06811468
0.13131326
0.00015135
0.07382503
-0.02361398
0.01759472
0.00308290
0.09129162
0.01649752
-0.03890824
-0.07003785
-0.00233419
0.03638263
0.03205569
-0.01169651
-0.07880920
-0.06613157
0.02257402
-0.01554167
0.04193598
0.00921159
-0.04940319
-0.05229279
0.04421671
-0.02494085
0.06172287
0.00904804
0.00738320
0.03113654
0.03164168
-0.04198647
-0.04448564
0.01710344
-0.00631295
0.03071782
-0.04357943
0.03734596
-0.00588424
0.03102784
-0.02508412
-0.02187522
-0.04904395
0.03394889
-0.01205142
-0.03511691
0.05733799
-0.02601708
0.04984495
0.01153552
-0.03295396
0.04041785
-0.01077201
-0.03891094
0.03324249
-0.03532217
0.03076404
-0.03797605
0.00450646
0.02044927
-0.04106891
0.04092129
-0.04494777
0.03966891
-0.01470082
0.00052754
0.05868794
0.01536202
0.01803110
-0.01374893
-0.02244735
-0.00161408
-0.05903920
0.01940929
0.03170938
-0.03292725
0.04042305
0.03292868
0.01078625
-0.03393597
0.03095531
-0.00936974
-0.04496105
0.00636233
-0.01090725
-0.01385640
0.02315738
-0.00657577
0.04733862
0.05362697
-0.04276370
-0.04853816
0.03749057
0.00997897
-0.03026096
0.04049480
0.03598237
-0.00203496
0.02831148
0.03838230
0.02533619
-0.01852924
-0.04603118
-0.04828090
-0.04489714
-0.03723431
-0.07198589
0.01263817
0.05378332
-0.04178667
-0.04085095
-0.04765632
-0.04485371
-0.03378399
0.03994052
-0.07699332
-0.01029960
-0.03073975
0.00900055
0.01224068
0.00250235
-0.02922237
-0.05052568
-0.03127354
0.06425011
-0.03788602
-0.02986817
-0.01964293
-0.06148010
0.06562343
0.03404434
-0.04282262
-0.02026631
0.01636279
0.01649365
-0.06658562
0.00257653
-0.00052718
-0.02343816
0.03029802
0.00511255
0.01638782
0.06243211
0.00822908
0.02091281
-0.03163234
-0.01065776
-0.01374093
-0.01523074
0.02847688
0.04470933
0.01222227
0.04655661
0.06459071
-0.00448671
-0.04948075
0.00354572
-0.00092874
-0.00121372
-0.03232101
0.03117420
-0.00809986
-0.05458587
0.02896974
-0.02905286
-0.02511766
-0.00627926
-0.04050920
0.00302150
0.02698014
0.01697219
0.00213586
0.00566897
0.04309140
-0.03338218
-0.05991984
-0.02153137
-0.00300530
0.07863399
-0.05222361
0.03101203
-0.03381735
0.02744016
-0.03702797
0.05276262
-0.04046451
-0.04981392
0.02688961
0.04527288
0.04161488
0.05042308
0.02512801
0.01106782
0.00352294
0.05331321
0.02756280
0.05999992
0.03282241
0.02706995
-0.00534988
0.04981411
0.00215160
-0.00970357
0.02093620
0.02208207
0.00323356
-0.04966258
-0.02117309
-0.00217452
0.02556250
-0.02838947
-0.02518597
0.03885067
0.01281831
-0.02866788
-0.02450705
-0.05120617
-0.05354115
-0.01480609
-0.04092146
0.00708961
0.04054784
-0.03706344
-0.05500005
-0.01051417
-0.02035085
0.03735942
-0.05408101
-0.02055931
0.04207516
0.00155801
-0.01912200
-0.01853888
-0.01498906
0.05155831
-0.01488902
0.03459172
-0.03818157
-0.01899940
-0.04129686
-0.04121637
-0.03795068
-0.03356803
-0.00974544
0.02666454
-0.01781944
-0.03360682
-0.01753883
0.00626889
0.01935141
-0.04399411
0.03082378
0.00506400
0.03886563
0.02434094
-0.04394032
-0.01238098
0.05483994
-0.03481295
0.04361569
-0.03288578
0.03591000
-0.01716593
-0.00006021
0.00756406
-0.01194317
0.01824450
-0.01439182
-0.02474809
-0.00794118
-0.05190872
0.01950135
-0.00653824
-0.04834944
-0.00089254
-0.01417133
0.00238052
-0.05033310
-0.02720540
-0.02552821
-0.01870414
-0.00974697
0.05617354
0.05182215
-0.04760654
0.05198702
0.03096748
-0.02502919
0.02290381
0.01821472
0.05007404
0.05715463
0.05019043
-0.03140932
0.00236779
-0.02069949
0.01027616
-0.01340417
-0.04503854
0.01510813
0.04408017
-0.04837304
0.02800979
-0.01124941
-0.04138164
0.03747858
-0.04627640
-0.00378541
0.03831095
-0.01380830
0.01103957
-0.02261198
-0.04718838
-0.03054807
0.02339327
0.02811796
-0.00854610
0.03515472
-0.03675899
-0.01491909
0.03285088
-0.02312906
-0.01659985
-0.02270481
0.01314333
0.01112008
0.03446000
-0.00394063
0.03566366
-0.02804363
0.01476069
0.04734832
0.02093750
0.04213436
-0.04861392
0.01208617
-0.01542052
-0.00282230
0.03344711
-0.00681985
0.01720752
0.04582416
-0.02115003
0.00590073
0.02274243
0.06875326
-0.00190981
-0.00456792
0.03872614
-0.04693045
-0.02258769
-0.01868112
-0.03914493
-0.03716199
-0.02542689
-0.03239536
0.00228054
0.03394944
0.07620441
-0.02817671
-0.01940604
0.01861667
0.03793054
-0.04409749
0.01307759
0.02066778
-0.00805880
-0.07276048
-0.07370364
0.02422130
-0.03579648
0.00792558
-0.01528835
-0.01762236
-0.00289755
0.00839534
-0.03534760
-0.05634145
-0.03702778
-0.00701024
0.06660552
0.03060459
-0.03095572
0.04008876
-0.07225866
-0.03528734
0.02373271
-0.04820782
0.03910681
-0.01275436
0.01896455
-0.06682537
0.00935189
0.00288726
-0.00784108
0.01110423
-0.01129656
0.01338657
0.00282844
0.07459257
0.00765169
0.02783356
0.01209585
-0.01171824
-0.00668503
-0.00150630
0.04343498
-0.00015894
0.01966611
-0.03620862
0.02181583
0.00136547
0.02733020
0.06919966
-0.00998660
-0.03386250
0.03217284
-0.04455389
-0.01456112
0.02016449
-0.03603216
-0.02744575
-0.03813337
0.03130088
-0.00729332
-0.00854409
-0.04189384
-0.02432821
-0.00565270
0.02989670
-0.04594643
-0.04733730
0.01882301
0.01944076
0.02665865
0.01465752
0.03695313
-0.00722879
0.00787771
0.02688815
-0.01960217
-0.03370057
-0.00794325
-0.04706855
0.04392468
0.01027877
0.02285215
0.03599026
0.03688156
0.05694646
0.08409022
-0.05744208
0.00747031
0.00335144
0.01284842
0.04248863
-0.01085419
-0.02294226
0.04200281
0.04792660
-0.03185195
0.02609113
0.00059690
-0.02575058
0.03186379
-0.04389213
0.03199763
-0.03869781
0.01588277
-0.01024712
-0.02170064
0.00737737
-0.00270082
-0.03124714
0.01680117
-0.01591363
-0.00388821
-0.01146225
-0.00310654
-0.01076207
0.06110436
-0.02891927
0.02616666
-0.01346114
0.05605435
0.04221978
0.00346920
-0.01307541
-0.00595640
-0.05479617
0.01934938
0.06169801
-0.02697010
-0.01227594
0.02097617
-0.03307089
-0.02450470
0.00463172
0.02878384
-0.01917673
0.03035369
0.03949333
0.03969783
-0.00556751
0.01563423
-0.03579017
0.00075350
0.02739604
0.03099119
-0.03179326
0.01600130
0.04445252
0.00119445
0.04266972
-0.07191815
-0.01582407
-0.00943311
0.04367668
-0.04614004
0.00807602
-0.01469407
-0.00620520
0.00772215
0.05638007
0.01450274
0.01058534
-0.00275232
-0.04388918
0.01049959
-0.06753038
0.01155480
0.04788610
-0.01494803
-0.05512546
-0.01059550
-0.04306765
-0.00570050
0.00698845
0.04637358
0.04283368
-0.00890972
0.01500672
-0.00530983
-0.00465169
0.06842165
-0.00326744
0.03730068
0.03324662
-0.01698136
-0.01419184
0.06321695
-0.02507023
0.00682176
0.00945627
-0.02509346
-0.02357376
-0.03590503
-0.00810561
-0.02869393
-0.03373729
0.02767076
-0.06687660
-0.04771194
0.05395170
-0.01526713
0.01231556
0.05221645
0.03337458
0.00827175
-0.00543350
0.03511084
-0.00024953
0.03179323
0.04037463
0.02139266
-0.00370493
-0.00614355
0.00058910
-0.00831291
0.03162025
0.00043043
-0.00105119
-0.02627199
-0.02164155
0.00157876
-0.01918007
-0.03949029
0.03376723
0.02880173
-0.04350717
-0.02662998
-0.03262720
0.00492897
0.00250588
0.00569865
-0.06233360
-0.04665389
-0.00872514
-0.02540061
-0.04747974
-0.03767203
0.04336971
-0.02367112
0.04672568
-0.04129952
-0.03409879
-0.01171102
0.05937906
-0.00410951
-0.02101804
-0.02660454
0.03420171
0.00453170
-0.03977124
0.02902504
-0.05312177
0.01847795
0.00256470
0.07120344
0.05281794
-0.04382980
0.00824286
-0.04859916
-0.04830603
-0.03370873
0.04279894
0.01977972
0.04112128
-0.02208676
0.03915232
-0.03625305
0.04514705
0.01639258
0.03206263
-0.00832861
0.02581217
-0.02207240
0.04831781
0.08162110
-0.03959606
-0.00648257
-0.06063398
0.03099784
-0.03680463
0.06194331
-0.00061112
-0.02728922
0.01300023
0.02080821
-0.04366706
0.04297162
0.03145681
-0.04619522
-0.01282579
-0.01930372
0.06928945
-0.02316928
0.01402382
-0.00506336
0.00783354
-0.03939793
-0.05297666
-0.04709649
-0.01851166
-0.00141195
-0.00372709
0.05114587
0.00721630
-0.06625791
-0.01462613
-0.01639230
0.05242015
-0.02159855
-0.01480563
-0.00925968
-0.00324298
-0.00625181
-0.00819510
-0.04877620
0.00090242
0.05988980
0.00937444
0.01143294
0.04958099
0.02874439
-0.00806233
0.04453995
0.03063633
-0.05203026
-0.01041241
-0.03977867
-0.00609679
-0.05508105
-0.05568495
-0.04713424
0.02360999
-0.00047794
-0.06887636
0.03571066
0.02895846
0.01200707
0.03140289
-0.02381265
0.00705868
0.03991645
0.03033822
0.05176837
0.02928355
0.03606045
0.01300078
0.00711759
-0.02058726
-0.01745677
-0.04560442
-0.04658689
0.04325587
-0.00879701
0.00274907
0.02055987
-0.04708450
0.02742404
0.04480501
-0.01341437
-0.06597632
-0.02458791
0.03402786
-0.00864690
-0.03424588
0.08880577
-0.01198410
-0.00945491
-0.04840573
0.00797358
0.02066499
-0.03941781
-0.01734405
0.06218633
-0.01941435
-0.02047878
-0.02028486
-0.04567809
0.02420920
-0.02471625
-0.00399447
0.01669128
0.04091423
0.02647953
0.00323383
-0.04688823
0.05633520
-0.00776960
0.03027606
0.02267575
0.04636107
-0.01335164
0.01732511
-0.02617265
-0.05715853
-0.01067263
-0.02341759
0.02837590
0.04702182
0.04213857
-0.01068113
-0.04643511
-0.02187740
0.00674348
0.04324246
0.01479554
0.02217767
-0.03172399
0.04845537
-0.01434081
-0.05996566
-0.02145172
-0.05501404
-0.00663561
0.02743832
0.00669198
0.04122684
0.01461836
0.02137241
-0.03026941
-0.04319430
-0.04630480
0.03947766
0.05261726
-0.00640133
-0.02428727
-0.06593250
-0.00822753
0.03111489
-0.00788679
0.02347468
-0.06451995
-0.02907052
-0.04215570
-0.03354611
-0.00537789
0.02528219
0.02696073
0.00093013
0.02492507
-0.00188274
-0.04573761
0.00456693
0.05205623
-0.01737051
-0.03209662
0.01144285
-0.00410325
-0.02305675
0.00378466
-0.02573818
-0.04781242
0.02706345
-0.04184422
-0.04594867
-0.03646431
0.05099513
-0.00324138
0.05064180
-0.02277287
-0.03326767
-0.02863813
0.04330393
-0.01177488
-0.02760763
-0.02733757
0.04024165
-0.02783424
-0.00419196
-0.02709433
-0.00687203
-0.00447299
0.01486114
0.05601977
-0.03229076
0.03080765
0.05239458
0.01840515
0.00500174
0.00590045
0.03888796
-0.03401815
0.02988115
-0.00681616
-0.07286438
0.01195459
-0.05930372
-0.05096793
-0.05425139
0.04628426
-0.00254342
0.06371909
0.01989217
0.04811461
0.02601657
0.02786628
-0.01009647
0.02727153
0.03658144
-0.05825874
-0.05108394
0.04178910
0.01679175
-0.01266018
0.02614792
-0.01938473
0.01977457
0.04627131
0.05405008
0.01210819
-0.04943113
-0.00704497
-0.01595206
0.07722022
0.02343536
0.03458362
-0.06575190
-0.00856681
-0.02297058
0.01590603
-0.01027068
-0.00358158
0.02028418
0.07314160
-0.00217511
-0.05166574
-0.01573814
-0.04802999
-0.04776274
0.08397548
-0.01252296
0.00779113
-0.03785464
-0.07659817
0.01843473
-0.02267979
0.01449611
-0.01438108
-0.01738723
-0.02447433
0.00099595
-0.04833312
-0.02607505
0.03893902
-0.02832186
0.02741231
-0.03118253
-0.03939673
-0.00954243
-0.05144479
-0.04454454
0.06415681
0.03160966
0.03168374
-0.01936765
0.00714609
-0.01500736
0.09797305
0.02387329
0.02031013
0.02302292
-0.03618289
0.06330567
-0.00194033
-0.01610610
0.05207450
-0.02989121
-0.03588680
0.00846188
0.02327125
0.03777853
-0.03669618
-0.02830636
-0.01020210
0.06682031
0.03573557
0.04046260
0.02565893
0.03697653
0.01901885
0.01366986
-0.02484604
0.00575191
-0.01198804
-0.01663253
0.03900044
-0.00131145
0.03419012
0.02679991
-0.05679086
0.04846295
-0.00845316
-0.02681321
0.03500592
-0.02458338
-0.00808648
0.03580037
-0.00189051
0.03847079
0.08093140
0.03058138
0.04519990
0.01756647
-0.05268739
0.00101010
0.06350957
0.00711988
-0.03161775
-0.06312413
-0.04875942
-0.00413015
-0.03483029
0.01143005
0.03897204
0.02394662
-0.01725634
0.04696291
0.04156321
0.03321078
0.02871484
0.00961055
-0.01426387
0.05100092
0.02656537
-0.02509916
0.04165002
-0.01317286
0.03733759
-0.01461069
0.05249557
0.02329145
0.03867924
-0.01303984
0.04880983
-0.01138230
-0.02935698
0.00143253
0.01379067
-0.05957595
0.05230578
0.06433380
0.03334841
0.03243006
0.01123345
0.05153698
-0.02953689
-0.03763738
0.01339750
0.01220830
-0.00577211
-0.00273371
0.00582070
-0.07294504
0.00780949
-0.01898798
-0.05686058
0.01031102
-0.01094369
-0.00464964
-0.06465730
0.05937588
-0.04408686
0.05781034
-0.10030807
-0.03560994
-0.03170758
0.02810942
0.01979764
-0.03930544
-0.05313188
-0.04137122
0.07333029
0.06193452
0.05250403
0.01619415
-0.03344277
0.03259065
-0.02338349
-0.00971447
0.02742236
0.03754537
-0.06148159
0.02702276
0.02413194
-0.06541318
0.00963351
0.05528910
0.04954000
0.06815154
-0.00199903
0.00333623
-0.06089740
-0.01859510
0.06229370
0.04919735
0.06126636
-0.03527972
-0.02920106
-0.04065534
0.00521112
0.01580643
0.06741266
0.04041778
-0.01559121
-0.04683331
0.07402235
0.00535371
-0.04985280
0.00957757
-0.04460194
-0.01649652
0.00745418
0.01785471
0.02001578
-0.04007538
0.01513258
-0.01152792
0.01076816
-0.04694387
0.01780335
0.00731436
0.00155641
0.04062507
0.04238132
-0.01319834
0.02489641
-0.02745783
0.01760641
-0.02067423
-0.00660680
0.02567727
0.04886511
0.02842355
-0.03470998
0.05511813
0.01994387
-0.03581778
0.02732791
0.05672063
0.03127831
-0.01422734
-0.04178646
-0.05555154
0.00505133
-0.01601408
-0.01414895
0.01868939
0.00690703
0.03980025
0.02938436
-0.04533624
0.04331332
-0.00974659
-0.00032748
-0.02502282
-0.01552794
0.00707366
0.03407449
-0.04860873
-0.01383869
-0.04799037
0.03335630
-0.02719099
0.01634861
0.05471458
0.03561224
-0.03494121
0.00445777
-0.04223349
-0.03471310
0.01037293
-0.05003142
0.00337644
-0.03503120
0.02736583
-0.03615808
0.01867853
0.02575274
0.01032830
0.01774034
0.00356750
-0.03701687
-0.03907343
0.04149956
-0.01303857
-0.03532756
0.01969843
0.01448166
0.02445965
-0.00407880
-0.05545994
0.02704624
-0.00067136
0.00433331
-0.01322151
0.01177839
0.05283282
0.00598640
-0.04956952
0.04142914
-0.01414055
0.01777316
0.00210470
-0.01977421
0.05007003
-0.00148778
-0.00781647
-0.00668531
0.03558701
-0.03234547
0.00094762
-0.04490639
0.02897942
0.01974187
0.00691738
0.03631679
0.03026479
0.01776759
-0.03233090
-0.04555141
0.02791588
-0.04727221
0.00566008
0.05269910
-0.00909656
0.00055192
0.01506571
-0.02002701
0.02861193
0.03062923
0.04260020
0.02110422
0.02445381
-0.01254516
0.02265313
0.03558902
-0.03014061
-0.00620775
0.00681950
-0.00727511
0.00456059
-0.03428330
0.04825856
-0.04946452
-0.03739516
-0.01558506
0.01140459
-0.04198895
0.00024401
0.01477503
-0.03214905
-0.03270851
-0.02398841
-0.05014664
-0.02436000
-0.03245500
0.01469639
0.04109780
-0.00783293
-0.04795791
0.04393604
0.01490540
0.04928913
-0.03437033
-0.04821604
-0.05532537
-0.04366868
0.00143416
0.02152971
-0.03631235
-0.03561698
-0.01935707
-0.03650016
-0.04669261
0.00112062
-0.02764218
0.02384488
0.03783385
-0.03168420
-0.01360198
0.00476264
0.01253209
-0.02661777
-0.04877006
0.02649282
-0.00464486
0.02531558
0.02984710
-0.03734346
0.02324431
0.00301345
0.03731913
0.04694718
-0.02969412
-0.00580307
-0.03020563
-0.02857564
-0.03474716
0.01276680
-0.00094203
0.02623417
0.02634227
0.04229007
0.03808671
0.04838107
0.02423473
0.02520542
0.03095721
-0.02973322
0.02792355
-0.03575781
-0.02538545
-0.04647194
-0.03973084
-0.00458237
-0.04912142
0.01835155
0.00782669
0.00753348
0.01441452
0.00812149
-0.00923524
-0.03463961
-0.02243788
-0.02668086
0.05462010
0.03127202
0.01372351
-0.02883920
0.04496287
0.00208266
-0.02977281
-0.04078350
-0.06649871
0.01701564
0.02540733
-0.02956196
-0.04632554
0.03497526
0.00376272
0.03870360
0.03788285
0.03822932
-0.01682079
0.00402827
-0.03427703
0.01324135
0.04138037
-0.02642728
0.01388180
0.05233189
0.01938793
0.04001227
0.00385959
0.04400170
-0.03501156
-0.03377205
-0.02153842
-0.04170344
-0.02446066
-0.02693672
-0.01718294
0.04212960
0.00235512
0.01917974
-0.00215909
0.06642339
0.00225482
0.01819379
0.01824943
0.00536747
0.01811920
-0.05897815
-0.02052965
0.00532635
-0.04246525
-0.04676308
0.01606846
0.01382816
0.02103110
-0.02365197
-0.00503978
-0.03475629
-0.07053825
-0.00657173
-0.03816420
-0.03541838
0.01256992
0.00148943
-0.07825605
0.04059887
-0.04082774
0.03027072
0.04314075
-0.03127442
-0.03017775
-0.05333603
0.01993482
-0.03115601
0.02092353
-0.01231521
-0.02097307
0.00271482
-0.03669735
-0.04969407
0.00053244
-0.00469285
-0.05160041
-0.03988514
-0.00573472
0.01235986
-0.01185731
0.00682892
-0.02922726
0.01844462
0.03992865
0.04531483
-0.02927222
-0.02728032
0.07575497
0.01479477
-0.03838521
-0.05288938
-0.01172199
-0.02699090
0.04454217
0.05281914
0.00577031
0.05958520
-0.04924839
0.11051641
-0.01098651
0.00283352
0.03651660
-0.01947138
-0.03596757
0.00828884
0.02724477
-0.05280028
0.04719242
0.01272546
0.00102848
-0.01018721
0.09517393
-0.03404224
0.02359249
-0.01390011
0.02407635
-0.00965022
0.09397994
-0.01153810
0.01562165
0.09401732
-0.04699621
-0.04539420
0.05115000
-0.00907130
0.05140446
0.00449799
0.02436139
0.03781676
0.03163722
0.01838065
0.00375535
0.00170799
0.00788184
0.02490721
-0.00173305
0.05718556
-0.12088918
-0.03161056
-0.01478954
-0.02458350
0.03871663
-0.00697679
-0.04482923
-0.00328017
-0.00625398
-0.03560232
0.06092021
0.05543942
-0.03170640
-0.01473890
-0.07998993
0.04115884
-0.03913781
-0.06372974
-0.03599650
0.04311491
0.03425791
-0.03643197
0.00485308
0.00615124
-0.01877481
-0.02257342
0.01169335
-0.00133905
0.00291889
0.03586401
-0.04361412
-0.01610189
-0.02820268
-0.01430438
0.05993774
-0.00764246
0.05232722
0.02998241
-0.04877605
-0.02137802
0.03255658
-0.01064611
0.00189405
0.05226649
-0.00905210
0.00775992
-0.01371633
0.02352500
0.06533602
0.00157304
0.00367024
0.07302424
-0.08806273
0.02655518
-0.05818157
0.04429715
-0.01529676
0.03846533
-0.00977889
-0.06455094
-0.00004154
0.00111645
-0.01429338
0.04192109
0.02742774
0.01741749
0.02459816
-0.02528773
-0.03908506
0.03232036
-0.04194337
0.07309191
0.02911098
0.01021855
0.06193106
-0.02185066
-0.02172401
-0.03913327
0.01801134
0.06831943
-0.01643246
-0.00933057
-0.06202265
-0.06236152
0.02207482
-0.02049716
0.05715318
0.02884476
0.05211060
-0.03851141
-0.04804445
0.06385858
-0.01017298
0.01912708
-0.02642795
-0.04311055
0.02825798
-0.05896087
0.06892330
-0.01479082
-0.05653706
0.00864682
-0.00213465
-0.00217238
0.06406870
0.05725466
-0.01022539
0.03532018
0.05411073
-0.01128712
-0.04197312
-0.01767449
0.03389599
-0.02983252
0.01248238
-0.00708473
-0.00953227
0.00560624
0.00168233
0.03305141
-0.07737407
0.04300855
0.01826442
-0.02917886
-0.00785316
-0.02717268
-0.01755682
-0.02498495
-0.00939037
-0.01447019
-0.03279176
0.01294556
-0.00267994
-0.00379227
-0.05433883
0.03502821
0.02638740
0.07986054
0.01606951
0.01649219
-0.01585188
0.01215439
0.07792573
0.01903510
-0.00551915
0.04087968
-0.04204126
-0.06010912
-0.04823197
-0.04804840
-0.05434011
0.06092025
-0.00899943
0.04371358
-0.04868714
0.05261632
0.03141222
0.06503438
-0.01379217
-0.03244520
0.01354111
-0.01087571
0.00254839
0.03750816
-0.08416036
0.01158622
0.02775411
-0.01611112
0.03405684
0.01970389
-0.01561267
0.03080445
0.02221723
0.05030246
0.01002444
-0.02567816
0.03941229
0.00392802
0.02276408
0.03770209
0.01132810
-0.03623663
0.03471201
-0.03708370
0.04869707
0.01867085
0.04383051
0.06788678
-0.04402733
-0.02139959
0.05536287
-0.00914846
0.00699748
-0.05724951
-0.00420616
0.01929272
0.01030535
0.03547414
0.00018188
-0.07731998
-0.01975962
-0.01064530
-0.00546735
-0.02566555
-0.02429867
0.03326455
-0.03813544
-0.02551737
0.04600613
0.03885413
-0.00246282
0.04598104
0.00570184
-0.02757622
0.00297753
0.03732485
-0.00217060
0.03891100
0.00401970
-0.04142471
0.04575653
0.04837521
-0.04981007
-0.01789388
-0.01935808
0.05366125
-0.01271750
-0.02297912
-0.05475538
-0.03405419
0.01644890
-0.01185943
0.02845967
-0.08352014
0.04838980
0.04220748
0.01998818
0.00861095
0.02159651
0.05960270
0.01378341
0.03892474
-0.04147994
0.00548415
-0.00354442
-0.00655641
-0.03475334
-0.01541424
0.05136218
-0.02601510
0.05016225
-0.04261210
0.02238540
0.02422955
0.01436261
0.04619668
0.03470310
-0.03008094
-0.03717113
0.02293455
0.06370461
0.02236819
-0.00545616
0.00696291
0.00757133
-0.01491502
0.01289424
0.02446843
-0.00735308
-0.00848967
-0.01862444
0.03494407
-0.00011885
-0.02777969
0.04290329
-0.05274688
0.02018652
-0.06533659
-0.03590267
0.03054588
-0.00790818
0.03024913
-0.01620173
0.01877334
0.02517692
0.01318318
0.03049505
0.06452197
-0.01681597
-0.00037043
0.02388442
0.04944157
0.03341616
0.03516835
-0.05539923
-0.02574328
0.04612897
-0.00175730
-0.00939795
0.06934787
-0.02615849
0.05672764
0.03037467
0.05206597
-0.00004685
0.05178735
-0.03041095
0.00603961
-0.02224796
-0.02529115
0.04296458
-0.04036915
-0.04320993
0.03621459
-0.03706185
-0.00488842
0.05954359
0.05520327
0.01973632
0.00385643
0.00317547
0.05000054
-0.01627822
0.02910920
0.00076893
0.02017808
0.00208799
0.02233499
-0.01175320
0.04369270
-0.03313273
-0.03637273
-0.03656636
0.04654482
0.03087117
0.03468016
-0.01848692
-0.00055785
-0.05329781
0.05124575
-0.04344225
-0.04099846
-0.03004804
0.02961601
-0.01302834
0.04551648
0.02116250
0.05879100
0.00786354
0.05254254
-0.00200662
-0.07111222
-0.01245293
-0.01207859
0.05425224
0.04752258
0.03169324
-0.01984318
0.03395775
-0.03837785
0.07390336
-0.03805318
-0.01210309
-0.05248952
-0.04576878
-0.01667239
-0.04253874
-0.01045776
0.06090334
-0.00541855
-0.02128571
-0.00588227
-0.03679588
0.06621355
-0.02184735
-0.00471201
-0.00521471
0.00100233
0.00355407
0.03113436
-0.00394339
0.05900130
-0.02212488
0.00036407
0.00592373
-0.03053782
-0.02747888
-0.01479634
0.04281370
-0.04357110
-0.01477880
-0.02449892
0.00767678
0.03746782
-0.06951831
-0.02071729
-0.05242668
0.01141248
-0.00402256
0.03060394
0.03037057
-0.03566246
0.01314511
-0.00938118
-0.00090369
0.01401148
-0.02885226
0.04430897
0.00119696
0.03638847
0.06660618
0.01808449
-0.04158603
0.01265237
0.03127621
-0.07285372
-0.02332078
-0.00145431
-0.01676294
-0.01416219
0.01325505
-0.04701897
0.00523567
-0.03953817
-0.03448736
0.01963997
-0.02185298
-0.02031983
0.01902206
0.06888698
0.03592004
0.03818374
0.07080531
0.01293385
0.01979478
0.01644662
0.02616768
0.00830483
0.01244542
0.04044010
-0.01375802
0.04076377
-0.00103757
-0.00566533
-0.00110700
-0.01632944
-0.01630262
0.00336819
-0.02565889
0.03859713
-0.04351068
0.07202920
-0.03476389
-0.00199974
0.05323574
-0.03155668
-0.02708799
-0.02377149
0.05626301
0.00024594
-0.00420268
-0.01369524
-0.00553590
-0.00569789
-0.03089335
0.02352085
0.05501083
-0.04886494
-0.04927197
0.02809724
-0.04733111
0.07805923
0.03012616
0.02308130
-0.00979464
0.04196212
0.04343876
-0.00854022
0.02319914
-0.01042952
-0.01955277
0.06884494
0.03370888
-0.00656467
-0.09047335
-0.04130560
-0.00781486
0.05820278
-0.00890939
0.02226579
0.01712262
0.04948432
0.00412116
-0.01464290
0.00047277
0.01608605
-0.00867785
-0.01633082
0.05186784
0.04865113
-0.04009488
0.01156525
-0.05695643
-0.00812251
-0.00452806
0.03634479
0.02920303
-0.01824039
0.05809921
0.04617498
-0.03371634
-0.03893933
0.02702404
-0.03662870
-0.02440341
0.00806267
0.07711851
-0.02642984
0.02356914
0.06490246
-0.00258968
0.01748366
0.06964168
0.03801988
-0.03200199
0.04847489
0.02925381
-0.02487720
-0.04777665
-0.02588134
-0.02570280
-0.01005694
-0.01625931
-0.03163612
-0.03587288
-0.00513109
0.02197169
-0.03039607
-0.01018232
0.02401851
-0.03494749
0.01086912
0.02642364
0.00204945
0.01545672
0.01533669
-0.02107323
0.03549795
0.01702995
-0.02737081
0.02632553
0.02337441
0.04010219
0.04769334
-0.03060971
0.03102536
0.02794699
-0.03488792
0.02051304
-0.03972510
0.00617838
0.01529252
0.01477010
-0.01357289
0.04767627
-0.02870004
0.08048271
0.04505199
-0.04847629
0.04895470
0.04372804
0.03319914
0.02013852
0.00936950
0.04609834
0.02697918
0.02167839
0.04717654
-0.03225320
0.00557401
0.00001749
0.03973894
0.02964076
-0.03084502
-0.00630156
-0.00293767
-0.01216931
0.01340814
-0.06321420
-0.00944654
-0.03524542
0.01974681
0.00708471
0.02684639
-0.04870474
-0.02854497
0.00037702
0.00796930
-0.00211646
-0.03267344
-0.02022919
-0.03423240
-0.04064144
0.05125161
-0.00360716
0.00429323
-0.02316539
0.01677720
0.04143835
-0.05110689
-0.02664882
-0.03680221
0.00699337
-0.00389552
-0.05157334
0.03964645
0.04233027
0.02804728
0.05674088
-0.03694464
-0.02702190
-0.03116618
-0.03150013
-0.03906073
0.05206918
0.00915227
-0.01967466
-0.03784775
0.04914737
-0.02329993
-0.00158083
0.03690686
0.02396611
0.01388481
0.03111913
-0.02426508
0.03941933
0.01757040
-0.00742758
0.00775673
0.00461419
0.00704500
0.00061249
-0.06401982
-0.05090236
-0.04728787
0.05412913
-0.03406344
-0.03689325
0.05102367
-0.07006036
-0.01119107
0.03152146
0.03021523
-0.05395487
0.04766321
0.00730104
0.00120873
0.04858529
-0.02486812
-0.00985145
0.03557318
-0.01273666
0.03519012
-0.01815249
0.03355223
0.00531537
-0.01621308
0.00947144
-0.04797190
-0.00983905
-0.04185507
-0.02535007
-0.02452865
-0.02159643
0.01082412
-0.00196640
-0.01336375
0.05906259
0.04458343
0.04867769
-0.01028220
0.02781909
-0.03623753
-0.01820188
0.00685939
-0.04640854
-0.04576803
-0.04786117
0.01880040
0.00242837
-0.00782440
-0.00680088
0.02012048
0.02158430
0.00537737
0.03925472
0.04370760
-0.03116408
0.03343768
0.00983310
0.02643834
0.01861474
0.04457613
0.01484248
-0.03632374
0.02346280
0.05492331
0.01968996
0.01432941
-0.02018134
0.02187531
-0.02448131
0.03807739
0.05557271
0.00319255
-0.02006634
-0.04250672
-0.01037449
0.00486684
0.01160218
0.02553315
-0.03454045
0.05371169
-0.01947969
-0.04056185
-0.01871999
0.01746890
-0.01671460
-0.02392298
-0.04893214
-0.02171358
0.04222379
0.04883013
-0.01088985
0.02661050
-0.02727844
-0.04887907
-0.03008296
-0.02978503
-0.00885943
-0.00968077
0.00317800
-0.03090948
-0.03150823
-0.02920977
0.02706163
0.02381592
-0.04244316
-0.00754706
0.00870040
-0.00055291
0.04461485
-0.01939779
0.04341973
0.04093775
-0.04857827
0.04899896
0.00293862
-0.00388972
-0.04217711
-0.00882630
-0.04258969
-0.00600711
0.04460574
-0.02334402
0.03710402
0.02577333
-0.00375701
-0.04153446
0.03388550
0.00544576
-0.00765871
-0.01547148
-0.02913099
0.01043593
-0.02057455
0.01948064
-0.00878098
-0.00915613
-0.00182998
-0.02729083
0.01497251
0.03877444
-0.04039601
-0.03373247
-0.01979540
0.05879660
-0.03968224
0.00096713
0.01009967
0.02949440
0.02881525
0.04382861
-0.01914772
-0.02285780
0.04490840
-0.03841608
-0.03976443
0.04504729
0.04257941
-0.02997053
0.02317283
0.01962595
-0.02018792
0.02045126
0.02547428
0.02822214
0.01408153
-0.00523525
0.05144278
0.02177234
-0.03614600
0.01465690
-0.03024891
-0.02856776
-0.00676639
-0.00993289
-0.01124093
0.01034754
0.04035152
-0.02637934
0.01054359
0.01696036
0.03313486
-0.02682460
-0.00621922
-0.02415456
0.00116134
-0.04395984
0.03206036
-0.01442350
0.00637952
0.02709739
0.00720368
-0.01852618
0.04396159
0.00553244
0.00128798
-0.01359995
0.04227132
-0.03490302
0.03888428
-0.01241033
-0.02530067
0.01776716
-0.00265719
-0.02195814
0.00010678
-0.02081071
0.01390705
0.03557123
-0.04851955
-0.03664733
0.04978924
-0.00846517
-0.03852823
0.01071686
0.03344092
0.01145359
0.04272101
0.00839922
0.05435253
-0.01877498
0.02830862
0.01554965
-0.01663767
0.00352240
-0.02454698
0.02579220
0.01777028
0.04474723
-0.02578625
-0.03938437
0.00057534
0.03379713
0.00828015
-0.01717411
-0.04321903
-0.01398352
-0.01870321
-0.03120003
-0.01215467
0.03249172
-0.00221097
0.01107686
0.03057034
0.02490314
0.05247288
-0.02767429
-0.02151588
0.00496113
0.01275379
0.02603678
-0.02510952
-0.02602459
0.02908984
-0.03564157
0.02467258
-0.00839254
-0.01036734
0.00545150
-0.03279886
-0.02960862
-0.04605026
-0.02801975
-0.01910313
-0.00263186
0.02189031
0.00354803
0.02554972
-0.01972466
0.02165875
0.02189574
0.00878151
-0.04280648
-0.03602263
-0.04163753
-0.05490907
0.00787344
-0.03478863
-0.00351403
-0.04569629
-0.02457479
0.04334372
0.02120008
-0.01409833
-0.03078802
-0.04638322
0.04772400
-0.00743663
0.04480494
0.02400254
-0.01746611
0.04805945
0.01318742
0.04152507
-0.04886212
-0.01224026
0.02883407
-0.04762667
0.01031149
-0.03365617
0.02734175
-0.00522089
0.04253973
-0.02596987
-0.03358134
0.04266289
-0.02281749
-0.04395756
0.02586167
-0.03206812
0.04210335
0.03525539
-0.00537710
0.02573731
-0.00519286
-0.04562623
0.03963923
0.00578634
-0.00948979
0.04339898
-0.00018236
0.00879335
0.02109743
0.01221100
0.03720543
0.04120814
-0.05108326
-0.04397748
-0.01262285
0.03599945
-0.01094272
0.01345670
-0.00984683
-0.01449499
0.01534960
0.00212584
0.01744878
-0.03633825
0.02843119
0.03545498
0.04217076
-0.00013774
0.03321569
0.00966336
-0.02560493
0.03169202
0.01767661
0.04461112
-0.02324567
-0.03370789
0.00008698
0.01814259
0.03410228
0.01475632
-0.02292892
-0.00575698
0.04662661
0.00655420
-0.03452998
0.02416850
0.00935907
-0.04369504
-0.04217243
-0.01774105
0.03263170
-0.02174649
0.03985070
0.00133219
-0.03120067
-0.00586491
0.00997522
0.00372394
0.00224486
-0.00319795
0.02225335
0.03497091
-0.04202266
0.01446207
0.04897009
0.00062640
0.02915620
-0.03130564
-0.00616541
-0.02080782
0.04577520
-0.01075891
-0.04927120
-0.02138251
0.03667327
-0.03236711
-0.00882528
-0.02461439
0.04355278
-0.03830275
0.00589637
-0.00950968
-0.04120417
-0.01580501
0.02553675
0.04103768
-0.02040530
-0.02459445
0.01643059
-0.02156975
0.03394222
-0.00893949
0.00434220
0.03188115
0.01691757
0.03694896
0.01157031
0.01497529
-0.03936284
-0.00072742
-0.03742666
0.03818876
0.02985041
-0.03699483
0.04817871
0.03310282
-0.01093057
-0.02147794
-0.04364226
-0.01595730
-0.00400880
-0.03593812
0.01675070
-0.01198163
-0.03834313
0.03936655
0.04437474
0.03115355
0.00715934
-0.00782119
0.01434040
-0.01578780
-0.02674259
0.00825268
0.01529218
0.00787117
0.04648820
-0.04752656
-0.03427242
0.02073219
0.00782440
-0.01658124
-0.02175560
-0.04411228
0.01074367
-0.04974741
0.03817996
-0.04311729
-0.02036081
-0.04047003
0.00185948
-0.01224105
-0.04067539
0.02439379
0.02290520
0.04214549
-0.04520201
-0.02688045
0.01401142
0.03522560
-0.00122715
0.02728408
-0.04143823
-0.04901513
0.03827041
-0.01569196
-0.01385324
0.00903807
0.00591697
-0.03520846
0.02133092
-0.03145181
0.00538741
0.01135441
-0.00299213
-0.00920131
0.02208873
-0.01168208
-0.00000940
0.02839252
0.00809577
-0.02697528
-0.03748137
0.02076468
-0.01012189
-0.03407768
-0.00535843
0.01891533
-0.01609873
-0.02856061
-0.04149184
0.02902159
-0.02807022
0.01333690
-0.03568503
-0.03312950
0.02798175
-0.00868615
-0.01082015
-0.02669204
0.02136888
-0.00577944
0.01744328
0.01847038
-0.05023907
-0.04256209
-0.00763419
-0.02843179
-0.00234846
0.05060611
-0.03673910
0.01490961
0.01095818
0.01630427
-0.02875352
-0.00828770
0.00429057
-0.01735284
0.01588692
0.01021870
-0.04755241
0.02345269
-0.04652777
0.02132817
-0.03692799
0.03281002
-0.02183721
0.04693530
0.03294977
0.01278520
-0.03581414
-0.03758060
0.03916713
0.01417880
-0.03892251
0.04476785
-0.02505647
-0.04493767
0.00803838
-0.01105948
0.04214249
-0.01852678
-0.03021310
0.02418372
-0.01387197
-0.01768388
0.02921221
-0.03365031
-0.00727385
-0.03896061
-0.02768586
-0.02967864
-0.02710308
-0.01492253
-0.05000653
0.02686782
0.00668058
-0.01194107
0.01922458
-0.02946931
0.02108147
0.03105616
0.04094857
0.04092145
-0.00390714
-0.02180937
-0.04803197
-0.02482050
-0.02418780
0.02164675
-0.04189881
-0.02552990
-0.04080681
-0.07390035
-0.02195064
-0.00877881
0.06419339
-0.01166849
-0.05203492
-0.01304229
0.00893207
-0.05962117
-0.03682197
-0.01413251
-0.03480696
0.00744264
0.00080970
-0.04383644
-0.02631285
0.02425281
-0.00693109
-0.03046571
-0.02998694
-0.02147009
0.00524478
0.02830372
0.01233317
0.05698131
0.01982564
0.00254465
0.00869100
0.03965146
-0.01333368
-0.01230791
-0.00887454
0.04964244
0.02869218
-0.04367491
0.00101922
-0.05551440
-0.03829829
-0.00839732
-0.04644284
0.03805275
-0.00688795
0.01722861
0.00746642
-0.03930078
0.04459459
0.02218283
-0.04278772
0.04046928
-0.01748153
0.04552878
-0.02238590
-0.01649022
-0.03639846
0.03104475
0.04055241
-0.01251366
0.01498395
-0.03719470
0.00849684
0.00242094
-0.00604946
-0.01762902
-0.01542009
-0.05907444
0.03476250
0.00609316
-0.00933028
0.04382232
-0.03537753
0.00693319
0.03574141
0.00223516
-0.02937332
-0.01241475
0.01311607
-0.05005649
-0.03478842
0.05264086
0.04649502
0.04405970
0.01494165
-0.02171975
0.05880007
0.03672823
-0.06307249
0.05968595
0.00589776
-0.02684986
-0.04470809
-0.02274271
-0.03016349
0.05999525
-0.00547195
-0.02273334
-0.05271377
-0.00930169
0.02891006
0.01620633
-0.05326375
0.03744490
-0.03797936
0.01126972
-0.03417347
-0.03338185
-0.05200331
-0.01923360
-0.01625952
-0.03782360
0.03472759
-0.00966744
0.00705558
-0.04292414
0.03707633
-0.01834777
0.02758741
-0.01964040
-0.00963304
-0.01904982
0.03790821
0.02276042
-0.01626539
0.01834214
0.04396489
0.03577774
0.05055108
-0.02219746
-0.02418439
-0.02507098
0.01188509
0.03067459
0.01681762
0.01843657
-0.01407087
-0.00323529
0.04288031
0.01269897
-0.01884902
-0.01148787
-0.06407177
0.04909590
-0.01851413
0.00086090
0.03067183
-0.03010835
-0.03268603
0.00121186
-0.00008858
-0.04407604
-0.02616571
0.02255817
-0.02852495
-0.02052939
0.01393685
0.07820772
0.02883055
-0.01611333
0.04999803
0.03623093
0.03015764
-0.03434236
0.03054436
0.00559335
0.03372180
-0.05711146
0.00864813
-0.00293671
0.01448519
0.00660603
0.07076485
-0.00714146
0.03909019
-0.05893737
0.03075124
0.05140997
0.05352499
0.01556609
-0.02670203
0.06964479
-0.00442596
-0.03113345
-0.01956265
-0.04763398
0.02068208
0.03117383
-0.04761158
-0.02017117
0.05211489
0.03006511
0.02512847
-0.03916202
-0.00892728
-0.00433290
0.05111176
0.01041576
0.04970231
0.06525698
-0.02121107
0.00721519
0.04133195
0.05938755
0.04202013
-0.02114801
-0.03283039
0.01790127
-0.03180347
-0.01468507
-0.03092909
-0.05240062
0.03711516
0.02212883
-0.03239898
0.03112047
-0.02225412
0.05984270
-0.03639282
-0.03733553
0.05795313
0.01599113
-0.05499114
-0.02861040
0.00304558
0.04339712
0.02585237
-0.05312774
0.04234629
-0.01329101
0.01806111
-0.02842175
0.00122280
-0.07453202
0.00220925
0.02647274
-0.05131866
-0.04142454
0.04539699
-0.03977156
0.00169760
-0.00632006
-0.00085043
0.02438069
-0.05450259
0.02876294
0.03337998
0.03443884
-0.01661794
0.02350333
0.01189588
-0.00059289
0.00968368
-0.01986301
0.02750424
-0.01264834
0.03561501
0.00638897
-0.03524876
-0.02850750
-0.01965854
-0.04573260
-0.01695822
0.00907470
-0.01136707
-0.04548444
-0.03212742
0.00969032
0.03191553
-0.04402602
0.04741165
0.02117021
-0.02320988
0.03632789
-0.00601109
0.00607665
0.01160158
0.03325816
-0.01399308
0.00230841
-0.03632886
0.01238093
0.04548166
0.00409367
0.01673111
-0.05126350
-0.04013105
0.02761637
-0.00421682
-0.02415311
-0.07941739
0.05196058
0.00945029
-0.04297955
-0.02372114
-0.00390096
0.01839123
-0.05662120
-0.02429748
-0.02760911
0.04374585
-0.03879439
-0.04666957
-0.03090093
0.00356121
-0.00243765
0.02260738
-0.04106235
0.00430685
-0.02853996
0.02671515
-0.03361754
-0.00965690
-0.03842312
0.01137585
0.01962565
0.02717991
0.04089785
0.03891869
0.00475088
0.01594933
-0.02956542
-0.00042478
-0.06498802
0.03737766
-0.04516379
0.00940684
-0.04182539
0.03647888
0.04333842
-0.00103722
0.00025428
-0.00144535
0.03032720
0.03480861
-0.01637131
0.03673373
0.03075078
-0.03578817
-0.06116740
-0.02357589
-0.02074115
0.03725979
0.01033694
-0.04541039
0.03327087
0.01611977
-0.03100504
-0.03080494
-0.02403094
0.01381066
0.05335849
0.00937128
0.00974625
0.01761310
-0.02245752
0.03051923
-0.00908052
0.04916709
0.00628654
-0.05343568
0.04998310
-0.01172693
-0.03381567
0.05153191
0.00497589
0.00673754
-0.06112607
-0.03356615
-0.03782173
0.04376046
-0.00280469
0.04464016
-0.02795511
0.05712370
0.05215415
-0.04203179
-0.03528102
-0.00573885
0.00009853
0.01535726
-0.03782807
0.03958733
-0.01948858
0.03587179
-0.01434776
0.01171490
0.00394135
-0.04878276
0.00995582
0.03624702
-0.03423531
-0.01242292
-0.02088465
0.01918320
-0.04406573
0.01178049
0.03554899
-0.01144110
0.01516091
-0.03583784
0.01593904
0.04308088
-0.04545930
-0.03199601
-0.02990903
-0.00138096
-0.00583771
-0.00786909
0.05009890
0.00698382
-0.04592188
0.04239605
-0.01421324
-0.00482596
0.03424768
0.03368852
-0.03079318
0.03994564
0.05673625
0.00458868
-0.03060389
-0.01311870
0.01031831
-0.01417190
0.00639791
0.03179499
0.07072870
0.06677868
0.04594652
0.02587306
-0.01319587
-0.00188966
0.01512541
0.03859914
0.03999851
0.04488328
0.03199677
-0.02035404
-0.05131761
-0.00491493
0.00824606
0.03976808
-0.00444483
0.00415494
0.02353645
0.02656330
0.02829341
-0.00320638
-0.02749521
-0.02254707
0.00251317
0.06374613
-0.05026997
0.04777756
0.03991305
-0.01271660
0.05263238
0.07599394
-0.02423882
0.03297535
-0.04070063
-0.03056827
0.01860301
-0.01458403
0.00453844
0.01596247
-0.03507638
0.02132995
0.02418173
-0.00915209
0.00645572
0.00548936
0.01270291
-0.03786434
-0.03560643
-0.00301040
0.02248128
0.04444150
-0.04745253
0.01537868
-0.02789042
0.01773934
0.02104649
-0.03517655
-0.02790174
0.03245045
0.02366007
0.03179811
-0.04673567
0.04517966
0.02151200
-0.01806060
-0.02756894
-0.02846475
-0.03797124
0.03188012
-0.01018211
-0.01483258
0.00012787
-0.01970606
0.00354419
-0.00676247
-0.00875414
-0.03587883
-0.02639407
-0.01499655
-0.04645452
0.02705284
-0.03489853
-0.01353961
-0.02348777
0.00757991
-0.00707361
-0.03824416
0.05101052
0.03021623
0.02540455
0.03498179
0.01769318
-0.00413252
-0.03530052
-0.02994817
0.00343233
0.00219645
0.04536383
-0.02553292
-0.00976247
0.00899483
0.04297638
-0.01105128
0.04627312
0.00829994
-0.00618183
-0.04232726
0.02552166
-0.03475771
-0.04359012
-0.01795255
-0.03506207
0.01992998
-0.02081085
-0.02117400
-0.02896944
0.02156307
-0.02079539
-0.04008389
0.02882984
0.01688376
0.04442048
-0.00520267
0.04706972
0.01900159
-0.03403490
-0.00175403
-0.01801008
-0.04105744
-0.03306646
0.00743579
0.02614051
-0.04941196
-0.01085398
-0.04130385
0.02260488
-0.04084744
-0.01440751
0.01954266
0.03637472
0.04334653
-0.00430755
0.03860939
-0.00137296
-0.04588445
-0.00618043
0.00207242
0.02539392
0.00278162
0.04161622
0.03748916
-0.04761576
-0.00982028
-0.03486983
0.03512400
-0.03327456
-0.01382715
-0.00466694
0.00306394
0.00397665
-0.00208818
0.00493988
0.04086576
0.00856402
0.02281372
-0.02023535
0.03040539
0.00839097
0.00566025
-0.02644176
-0.00284893
0.04303278
-0.00852949
-0.04200358
-0.01258212
-0.04043555
0.02973416
0.01071112
-0.04643345
-0.02812078
0.00781948
-0.01485961
-0.01150900
-0.03993671
0.04115327
-0.04131153
0.01356423
-0.01895260
0.03556434
-0.00645232
-0.02697144
-0.03068165
0.01361823
0.05103245
0.01554614
-0.00563086
-0.04050470
-0.01632209
0.03493845
-0.02870282
0.01234986
0.02683817
0.02079415
-0.01988714
0.00334731
0.02025817
-0.01215600
0.02654470
0.05117276
-0.04229674
0.04034428
0.03685327
-0.00050716
-0.04219582
-0.02481857
0.01791114
-0.00138016
0.03124082
-0.00699932
0.04606709
0.00084437
0.01274943
0.00958493
0.04272627
0.01187431
0.01491327
-0.01962795
0.04036033
-0.01651307
-0.02171279
-0.00212854
0.00217632
0.04251712
0.02962983
-0.02036677
0.02296046
-0.04809834
0.00381503
0.02269158
0.00552528
0.02416697
-0.02464413
0.04804217
0.01898028
0.04236571
-0.03515559
-0.02989599
-0.02080383
-0.01460914
0.00557726
0.03692404
-0.04514452
0.00285601
0.02711873
-0.01729077
0.03810405
-0.04088799
0.01821047
-0.00502816
-0.01291262
-0.00130606
0.00134290
-0.00707217
0.04703982
-0.01735598
-0.00357789
0.01492093
-0.01906851
-0.01363016
-0.04057862
0.00394504
0.03246694
-0.01757801
0.01396182
-0.02203726
0.02090299
-0.02834544
0.04786799
0.01975898
0.03001334
-0.03625315
-0.01600115
0.03321781
-0.03163028
0.00758503
-0.02243220
-0.02204532
-0.02690248
-0.03578269
-0.00727333
-0.01391501
0.01282115
-0.04239935
-0.03180229
-0.03574515
-0.01709043
-0.01676760
0.03202228
-0.03687493
0.04874387
-0.03783740
-0.01981008
-0.02276341
0.01277923
-0.03290363
0.01435338
-0.00153192
0.02552799
-0.01402754
-0.02520307
-0.00362012
0.02455561
0.01173317
-0.02432124
0.00308082
-0.04144407
-0.00633997
-0.00252842
0.03656450
-0.04864025
0.05449922
0.00541439
0.03601145
0.05320023
-0.03292433
0.02885864
-0.00108535
-0.01532955
0.01036934
0.00796297
-0.00574726
-0.04944256
-0.04095460
-0.07277064
0.02799640
-0.01640373
0.02770955
0.06610062
-0.02295724
0.02086428
-0.00157226
0.02561141
-0.01520585
-0.03915475
-0.03509274
-0.06830210
0.00857150
-0.03289409
0.02710134
0.04400970
-0.03984741
0.02854159
0.03977732
-0.05751679
0.04319872
-0.01783642
0.01242689
0.01803077
-0.00900838
0.02173034
0.00603887
0.00739342
-0.00279266
-0.00652325
-0.00955508
0.05793296
0.07025158
0.00491544
-0.03777729
-0.00395657
0.01064131
-0.02230655
0.00433432
0.02565601
0.00183395
0.03495573
0.04688820
-0.06171300
-0.00386541
-0.00070024
0.06183517
-0.05575506
0.04783637
-0.06591787
-0.02042086
0.00714041
0.01652462
0.00159943
-0.04057572
-0.03690853
-0.05669769
-0.02649860
-0.01674970
0.01442211
-0.00584432
-0.00028655
-0.01471831
-0.01444168
0.02078068
0.05859295
0.02621458
-0.03808466
0.01119445
0.08376701
0.07233983
-0.00637213
-0.04024829
0.00698257
-0.06311037
0.04171868
0.02257361
0.02302489
-0.03105523
0.00827346
-0.00772201
-0.03051459
-0.00945194
-0.00802832
0.01843483
0.03679128
0.06365149
-0.04805847
-0.03736104
0.05686097
-0.03996711
-0.04480788
-0.02158296
0.04196643
0.04380446
0.05098831
0.00930109
0.04576249
-0.01067279
-0.01232943
-0.03917893
-0.03075148
-0.00048537
0.03230061
0.02365186
0.02159651
-0.04765260
0.02146537
0.00281554
-0.04732754
0.07813324
0.07327320
0.00560821
0.03633067
0.04356312
0.00607132
-0.03353983
-0.00726517
-0.03243590
-0.03308768
-0.06312404
0.03415783
0.01591686
-0.03623641
-0.07185975
0.01509737
-0.01799482
-0.01510530
0.04018313
-0.01992186
-0.05540900
-0.02926833
-0.04325457
-0.04828233
0.02292880
-0.05331926
0.03131748
0.01632915
-0.03434157
0.02657636
-0.01644093
0.02507710
0.03204530
0.00036253
-0.05797524
-0.00834556
-0.02901760
0.05544197
-0.00476042
0.00739808
-0.05117482
0.01866510
-0.03192733
0.00981281
0.00212027
0.00570091
0.00622348
-0.02929392
0.05117458
-0.01634552
-0.05599331
0.03061216
0.03350104
0.04411507
-0.01921494
0.03122614
0.02116008
-0.02618604
-0.04452352
0.03848523
-0.01551599
-0.00794424
-0.02874699
0.01074076
-0.02975494
0.02373324
0.02941443
-0.01963969
-0.03632636
-0.04755823
-0.05387181
-0.05813511
0.03870448
-0.03417488
-0.02220250
0.02110855
-0.03571896
-0.07479674
-0.01275776
0.03437743
-0.00955150
0.06735761
-0.00296230
-0.00911273
-0.04970258
-0.03118202
-0.04313410
0.02420690
0.03575496
-0.01392983
0.01813690
-0.06309596
-0.01922766
-0.00326025
-0.01399396
-0.00281348
-0.00007652
0.00780314
0.00427478
0.00173256
-0.01278059
0.06001624
-0.02113978
0.02122662
0.00516251
0.05439747
0.06013895
0.05371770
0.01369002
0.02759583
0.02003299
-0.03717365
-0.04281659
-0.06780081
0.03606193
-0.01024234
-0.05961443
0.04049109
0.05319530
-0.00883334
0.02709223
-0.03024991
0.04578065
0.04837163
-0.04815386
-0.01063647
-0.04118074
0.01391561
-0.03641898
0.03560857
-0.00215780
0.01030107
-0.02067873
0.02206983
0.02184719
-0.01220567
0.06508504
-0.00249643
0.01216615
-0.04486069
0.05269020
-0.03843056
0.00835365
0.01481657
-0.04987092
-0.03874483
-0.03802771
0.00937967
-0.02234473
0.01097707
-0.04640152
0.02027398
0.00946352
0.00121765
-0.02321137
-0.00082501
-0.03655175
-0.01864786
0.05044889
-0.01559799
0.00641693
0.02897635
-0.03687241
-0.06468494
0.03085944
-0.04333313
-0.02195008
0.00017591
0.02694940
-0.02729288
0.04409465
0.05702972
-0.01478226
0.04670763
-0.01716370
-0.05665948
-0.00039153
-0.06740607
-0.02750051
-0.03753217
-0.01286499
0.03221040
0.03497152
-0.00304994
0.03691576
-0.03342245
-0.03920377
0.01422405
-0.01426266
-0.02529745
0.02665244
0.02160197
0.02979708
0.03295570
0.01102935
-0.03259915
0.03864800
0.03051822
-0.00162135
0.04100755
-0.01288044
-0.02322723
0.01272225
0.07027829
-0.05113877
0.01204732
0.01611366
-0.01210891
-0.05442014
-0.02507473
0.04338633
0.01015989
0.03164446
0.02582615
-0.04187864
0.00719570
0.01494885
-0.03664312
0.04016517
-0.04338234
0.04794645
-0.01180893
0.03137762
-0.01930202
0.01630877
-0.02610873
0.03713289
0.02437301
-0.02554697
-0.04917423
0.02037345
-0.02041709
0.01158924
0.03105866
0.01849134
0.03532815
-0.03697689
-0.01193004
-0.03685214
0.02243045
0.04477920
0.01184920
-0.03853374
-0.00292521
0.01788161
0.03747660
0.01521580
-0.02504491
-0.00008185
-0.03988503
-0.04188795
0.04804157
-0.00864314
-0.06006958
0.02065303
-0.01234814
0.03928097
0.05047647
0.02023092
-0.02793913
-0.01264763
-0.00125604
-0.03933912
0.06424922
0.01461866
-0.04971766
-0.01402534
-0.06990248
0.04232873
0.03087927
-0.00275551
-0.02691615
-0.04370798
0.03408245
0.01632695
0.03803018
0.02168521
0.00286966
-0.03940842
-0.01057573
-0.01881881
-0.00836054
-0.01665927
0.02084585
0.04120535
-0.03713774
-0.02501376
-0.02270183
0.02944690
-0.00273109
0.01359055
0.03936591
0.00807870
0.03451322
-0.05601235
-0.04114854
0.00511689
-0.01277820
0.05321635
-0.01214642
0.01493354
-0.00848944
0.00120968
0.03361561
-0.00838936
-0.01316468
0.03361793
0.01204733
-0.04687565
0.03607854
-0.03401876
-0.03863156
-0.02502244
-0.00951942
-0.00857456
-0.03692708
0.03599326
-0.03436089
-0.04079352
0.05577564
0.01351887
0.02433338
0.04213591
-0.04764266
0.01792468
0.02981934
-0.00755237
0.02953539
0.02963782
0.03540455
0.00706813
-0.02285860
-0.04871409
0.01467725
-0.02287519
-0.00623523
0.04898287
0.01643484
-0.03254805
-0.00615008
0.03055136
0.01882850
0.00696221
-0.04742535
0.01326608
0.05110035
-0.00584887
-0.04439605
-0.04099701
0.03567591
-0.01898607
0.05170244
0.01328271
0.02210342
0.00764333
0.02492699
0.00496457
-0.02337208
0.02224055
0.02713138
0.04422033
-0.03868503
-0.05540289
0.00444831
0.03141487
-0.04912109
-0.00946961
0.02337568
-0.03376475
0.00513996
0.03459224
0.02338207
0.04294074
-0.01755571
0.01698134
0.04764082
0.04397166
0.00553843
-0.03074824
-0.05011356
-0.03906555
0.02702486
0.04972526
0.02554944
-0.01992164
-0.02162673
-0.00512351
-0.04698830
0.02624393
0.03504802
-0.02144767
0.04117692
0.02790529
-0.04078733
0.03181678
0.03857275
-0.00003033
0.04872757
-0.02798786
-0.01166169
-0.04989218
0.02120405
-0.03206147
-0.04932551
-0.03161790
-0.04382606
0.00770467
0.02538228
-0.05446291
-0.00876656
0.01812394
0.06200941
0.03980537
0.02895999
-0.05497226
-0.01798148
-0.03294497
0.05299240
-0.04527772
0.01116119
-0.03887369
-0.05122987
-0.02930313
-0.02741728
-0.02827802
-0.01194712
-0.02065745
-0.04238757
0.02664654
0.02907568
0.06317095
0.01997704
0.01065875
-0.01213856
-0.05093419
0.02189307
0.04204219
0.01294125
-0.00774257
-0.03006679
-0.02432000
0.04953395
0.03221717
-0.00233188
0.03934544
-0.03766432
0.01147170
0.00947117
-0.04250228
0.02984501
0.01978179
-0.02282574
-0.01850449
0.01847092
0.04569130
0.00263440
-0.03524193
-0.02003973
-0.00459556
-0.01823851
-0.00182860
-0.03229117
0.03116309
0.02974701
0.04723736
0.00256373
-0.04021156
-0.00627214
-0.00913480
0.03416439
-0.01580956
-0.03109923
-0.05011721
0.06460650
0.04491198
0.03187376
-0.02498427
-0.00469237
0.04894846
-0.00433813
0.00885204
-0.01238655
-0.03615043
-0.01756034
0.05976693
0.04876453
0.04222913
0.00254075
0.03515785
-0.02666736
0.03844209
0.03999499
-0.03889186
-0.04524479
-0.00238234
-0.02295683
0.04020425
-0.00724321
0.02620847
-0.01036539
0.04020720
0.04250798
-0.02267032
0.04236706
-0.02653337
0.01380408
0.01593449
0.02457441
-0.00137978
0.01153073
-0.00590829
0.01257004
-0.00516654
0.00705280
0.06076000
-0.01553629
0.02961333
-0.00253722
0.01217878
0.05511342
0.03692486
-0.03340338
-0.02489114
0.03785295
-0.03567708
0.05313303
0.05663330
-0.03459223
-0.02771810
-0.02870644
-0.00361048
0.00558361
-0.03298649
0.02333716
-0.04006238
0.01626951
0.04067298
0.06626654
0.03489025
-0.00723967
0.01274655
-0.02089047
0.02497037
0.03066291
-0.00631520
0.05146179
0.01646709
0.03585621
0.01321096
-0.01531269
-0.02498448
0.01646114
-0.01926168
-0.04097755
-0.03499437
-0.01729091
0.00749786
-0.01228114
0.04799604
0.06167161
-0.02619621
-0.04390292
0.04672326
-0.01022359
0.01425993
0.02358968
0.03023842
0.01399751
0.04254720
0.02032988
0.03077050
0.05198561
-0.03616363
0.01426468
0.01139580
0.05889623
0.02442075
0.00707250
0.02132830
-0.00641497
-0.02246494
-0.02867321
-0.01085969
0.02455446
-0.01159620
-0.01100756
-0.04907389
0.00528274
0.06504847
0.01417113
-0.04785141
-0.02382074
0.02625033
-0.04670591
0.03494237
0.00245228
0.03061216
-0.02957097
0.07656419
-0.00019453
-0.00398772
-0.00642972
-0.02838153
-0.03014161
-0.04795185
0.01012321
-0.03822837
-0.02857325
-0.03798547
-0.00397028
-0.04714995
0.04355875
-0.05760173
0.04137545
0.01671613
-0.05530408
-0.03025936
0.02244471
-0.00723448
-0.02280612
-0.01880587
0.02906717
0.07304353
-0.03046241
-0.01533674
0.03863669
0.01144859
0.03566758
-0.03750085
0.00059458
-0.04457369
0.02137928
0.01629884
-0.03024399
0.04671092
0.01353176
0.04862828
-0.02247322
-0.02329783
0.00980659
0.04891652
-0.04244186
-0.04255556
-0.00055753
-0.00548284
-0.01269455
0.01215074
-0.06291010
-0.00017004
-0.00769062
0.04394205
0.01033047
-0.00927612
-0.03632659
0.05151589
0.00141603
0.04749539
0.03450641
0.03614769
-0.00533708
0.03776114
0.00771598
0.02907319
0.02270374
0.00436040
0.02562975
0.00988532
-0.00676064
-0.03623004
0.01732969
0.04601446
-0.02339107
-0.00851180
-0.04065001
0.02367914
0.01608214
-0.04455461
0.01066123
0.01755731
-0.04257238
0.01894980
0.02363477
0.04692824
-0.03037191
-0.03123059
0.02888757
-0.02568028
0.03535222
0.02298728
-0.02894539
-0.00134087
0.00672006
-0.05200908
-0.02440479
0.04175733
-0.02407458
-0.03349341
-0.04260289
0.04342597
0.02450607
-0.02731604
0.04224370
-0.04926230
-0.04816693
0.05941965
-0.00452646
0.00704253
-0.05809523
-0.04208310
-0.02017630
-0.00969510
0.02368364
-0.00724894
-0.03232103
-0.04009685
-0.04847106
-0.00758603
0.03863045
-0.00277245
-0.05392911
-0.02583347
0.02525590
0.01360901
-0.04574978
-0.00532986
0.01237387
-0.02580325
-0.00217010
-0.00357875
0.01170653
-0.03336642
-0.03606926
0.04118805
0.01572504
-0.03734865
0.01886708
-0.01866786
0.02494596
0.00124389
0.00105883
-0.01404027
0.04798233
0.03630396
0.03419403
0.03357802
0.00826227
0.00195669
0.03774014
0.00700613
-0.00778985
0.04827232
0.01400335
-0.01089872
0.02897521
-0.00314465
0.02835290
0.03394924
0.02152556
0.05443435
0.04646395
-0.04373016
0.00668337
-0.01238656
0.00172925
-0.03762063
-0.03882039
-0.02310074
0.03975978
-0.03540726
0.08840170
0.01555549
0.02440589
-0.00311342
-0.05342446
0.03170829
-0.01886481
-0.00152622
0.03166727
0.01417627
-0.01473694
0.03652127
0.01785665
-0.04152501
0.02663063
-0.04026900
0.02345441
0.01365896
0.00967541
0.01913173
-0.01349338
-0.02713924
0.02677813
0.02033060
-0.03984680
0.00125149
0.04172874
0.01609243
-0.04817555
0.00878898
0.02616555
-0.04934496
-0.03372464
-0.02346738
0.01750652
-0.00957275
0.03896482
-0.05057991
-0.04098168
0.02277496
-0.01249953
0.03823221
0.02462327
0.00536414
0.00978656
0.00429287
-0.05896108
0.05406172
0.03992179
0.02797367
-0.02152198
-0.01379294
0.08438418
-0.00835771
-0.04840144
-0.01857514
-0.02890250
-0.00524414
0.01811165
0.04731132
-0.02273271
0.00796631
0.01824956
-0.03970160
-0.02944458
0.02439015
-0.00025617
0.03784014
-0.01096763
-0.03555044
0.02734647
-0.01244259
-0.04706890
-0.03752182
-0.00524114
-0.05350751
-0.01712544
-0.03930877
0.04639776
0.06441980
0.00332254
-0.03337202
0.02099231
0.02568609
-0.00712529
0.03769438
-0.03273360
-0.05578604
-0.01838503
-0.01390309
-0.00730533
0.03496234
0.01919699
0.02611452
0.03105483
-0.02275194
0.03648556
0.06835882
-0.02252270
-0.02593381
0.05392249
0.04947555
-0.03253359
0.00178391
0.01974787
-0.00772412
-0.02875771
0.02167037
0.03006055
-0.05539830
-0.03893791
0.01051776
-0.02022003
-0.01976534
-0.04643492
0.04891378
0.00573001
-0.06351652
-0.06029075
0.06120194
0.00002364
0.02205752
-0.00714337
-0.04085489
0.03553520
-0.00402543
-0.05419854
0.03794928
0.01328239
-0.00473676
0.02292636
0.03853124
0.04404923
0.01801999
-0.01843533
0.03392851
0.02907964
0.01082667
-0.01425746
-0.04342904
-0.00803213
-0.01647328
0.04606431
0.02406769
-0.01698047
-0.04912600
-0.02766228
0.02070244
0.03998147
0.01937989
-0.00926854
-0.00150674
0.03420844
0.00714824
0.02283850
-0.02918464
0.01379923
0.04931920
-0.02281104
-0.03002967
-0.00235771
0.03592684
-0.03456918
-0.03606381
-0.01924713
0.01313733
0.03975703
0.01769119
0.01937247
-0.04276636
-0.01565376
0.04061681
-0.02857357
-0.03397563
-0.01159712
-0.05027897
-0.00104048
-0.01591308
0.04288708
0.04769191
-0.02272471
0.00450775
-0.00746358
0.01284118
-0.00721909
0.02656713
-0.02794366
0.03441381
-0.03342360
0.02260738
-0.03623662
-0.01808108
0.01095160
-0.01415949
0.04668989
0.00808227
-0.00883008
-0.03645857
-0.01573981
-0.04240705
0.04925824
0.02369585
-0.01407469
0.02591058
-0.04960288
0.00855296
-0.02647991
-0.00194108
0.04659362
-0.00646629
-0.04027025
0.04398170
-0.01312783
-0.01506784
-0.02573138
-0.04717471
0.03097858
-0.03435263
-0.01794991
0.04436538
-0.00705845
0.00304946
0.03215770
-0.04186143
-0.03547648
-0.04351814
0.02458817
0.02762222
-0.02112077
0.03484700
0.02537627
-0.01596880
0.04529401
-0.02169822
-0.02759170
0.04442345
-0.00890783
-0.04640730
-0.02429254
0.02819156
-0.04230715
0.00810079
-0.00062721
0.03323434
-0.00391715
0.02238224
0.03116489
-0.01234672
0.01869922
-0.00198025
-0.01256884
0.02466042
-0.01306804
-0.01725342
0.02461667
0.02022933
-0.03443692
-0.05610486
-0.00318660
-0.00301448
0.01909583
-0.00988530
-0.03115913
0.03995957
0.00999697
-0.03587799
-0.01772820
0.00045025
-0.04048247
0.01113687
-0.02291793
-0.02698097
-0.03835409
-0.03253431
0.00777854
0.03511980
0.03299776
0.00309555
-0.02555348
-0.04833996
0.02814218
0.01952891
0.03810941
-0.02599607
0.00007177
0.00680524
-0.04580721
0.00644991
-0.05084089
-0.05026381
-0.03990705
-0.03730682
-0.01105119
-0.00193545
-0.00175395
-0.00389557
-0.03709327
0.03835465
0.00390850
-0.00565984
0.03041982
-0.03087685
0.03958842
0.00024812
-0.03391041
0.04408656
-0.01619236
0.03466523
0.04477325
-0.00199065
-0.04137180
0.01836106
0.04429176
0.03688679
-0.01236889
-0.01643220
-0.02143517
0.04377176
0.02861597
0.00578007
0.01805380
-0.03159800
-0.00749627
-0.02327764
-0.00952028
0.00925081
-0.00965354
0.04226960
-0.00490440
-0.01883678
-0.02891703
-0.03347727
-0.01517895
-0.01556814
-0.02827047
-0.03199624
0.03637928
-0.04621200
0.03457693
0.01725221
0.01807399
-0.00215731
-0.01386965
0.02738036
0.00976171
-0.03682882
0.00649941
0.02550955
-0.03250806
0.03017402
0.03433999
-0.00340362
-0.02884072
0.03849441
-0.01442579
-0.04027836
-0.05090607
0.00291115
-0.04015747
0.00522904
0.00421549
-0.03617576
0.02992840
-0.02403873
0.02640571
0.03132743
-0.00809239
-0.01632208
-0.02574971
-0.03486561
0.03650807
-0.00751558
0.03573669
0.02652527
0.03660259
0.01641525
0.01250139
-0.03136146
-0.03996440
0.00351022
-0.01625917
-0.02854521
-0.03832208
-0.03515483
-0.00835444
0.01537510
-0.00689847
0.00168905
0.01965859
-0.00603949
-0.04780220
-0.02227789
-0.04402142
-0.01077948
0.01303906
-0.03247636
0.02524809
0.00852750
0.04608512
-0.01942499
-0.01805793
0.04280306
-0.01064960
0.01150082
0.06018927
-0.02193281
-0.02112270
-0.04867764
0.04240526
0.03647358
0.05741327
-0.02926502
-0.00236927
-0.01095528
-0.04082313
0.01656549
-0.01255433
-0.02907266
0.05500295
0.04836943
-0.05343689
-0.01507249
0.01351669
-0.00630905
0.04472813
0.05390587
-0.03224620
0.03540057
-0.00850111
-0.00279858
0.03925426
0.02940652
-0.04880517
0.03482640
-0.02217595
0.04752643
-0.04106021
-0.03880209
0.01504214
0.01308836
-0.04177464
0.08247178
-0.03084921
-0.00162636
0.01637145
0.00113993
0.00773739
-0.00670145
0.00894774
0.04419825
0.01476423
0.02072975
-0.03427556
-0.04262042
0.00049227
-0.00216096
-0.00928522
-0.02401784
0.01778076
-0.03936066
0.02627637
-0.02499202
-0.01747410
0.02209075
-0.00297160
-0.00344475
0.01418499
-0.00053700
-0.01373209
-0.04436083
0.06771553
0.02100606
0.02912596
0.04350142
-0.02551216
0.00173597
-0.00332512
0.02016521
-0.03055255
-0.04588245
0.07417155
-0.03994452
0.04488084
0.00559969
-0.02234040
-0.02456277
0.04195790
-0.05486629
-0.00096268
0.00306178
0.07035317
-0.03548860
0.00281228
0.01240136
0.01338909
0.03698503
-0.07184005
-0.00907732
0.00089891
-0.04523760
-0.03917990
-0.01700356
-0.06336109
0.02959819
0.02491910
0.02884050
0.00847457
0.01373495
0.05051105
0.02594846
-0.03608080
0.03106452
-0.03741220
0.06028693
-0.01646521
0.00073515
0.05676541
0.01731518
0.01715940
-0.02605274
-0.03996585
0.03908481
0.02428004
-0.01383439
0.04192774
-0.03684559
-0.03397273
0.01761146
-0.04749323
-0.01457863
0.04943804
-0.03030062
-0.00472939
-0.02159963
0.03274209
-0.04575931
-0.03059331
-0.02204679
-0.01986009
-0.01971187
0.00083045
0.01444293
-0.05743789
-0.00129871
-0.00154131
0.01999550
-0.04356585
0.04757390
-0.03809029
0.03389918
0.05049027
-0.06154354
0.02532017
0.03191756
-0.00748016
0.00185154
0.03338013
0.00961168
0.04038171
-0.04833773
0.04093141
0.05885031
0.04290644
0.00806663
-0.04547711
0.02876034
-0.00637614
0.00155017
0.05440659
-0.04810258
-0.00369305
-0.04459822
0.03325509
-0.00285259
-0.00110810
-0.03923085
0.05920900
-0.05685304
-0.03208338
-0.02273329
-0.02247276
-0.02867469
0.05300705
0.02456899
0.00131521
-0.01698983
0.02963849
0.05304550
-0.03216336
0.04752816
0.02849079
-0.01056857
-0.03624081
0.00935135
0.05668889
0.05428381
-0.04122999
-0.06366818
0.05524633
0.03536614
0.04712176
0.02846585
0.04077731
-0.04625988
-0.01993636
-0.07166513
0.01528182
-0.04662008
-0.02071368
0.02354135
-0.04757525
0.00612165
0.00844677
-0.03573468
0.03885214
-0.01874813
-0.02051592
0.02785605
0.03608223
-0.03668457
0.07626406
0.04522488
-0.03195901
0.04376594
0.03671992
-0.00654193
0.00798648
0.03003928
-0.02254054
-0.05010502
0.05067785
-0.01165729
0.02704744
-0.02509692
-0.03216908
0.01726858
0.05185546
-0.02355287
0.02421909
-0.00251026
-0.04451619
0.02277820
0.00565227
0.00011383
-0.01888932
-0.00792750
0.00958493
-0.02294854
-0.04122280
-0.02814487
0.03911990
-0.00481002
0.00039227
0.02211065
-0.03978049
-0.06459089
0.03541939
-0.01124344
0.04431591
0.00080316
-0.00724939
0.04928944
-0.00824843
-0.04337229
-0.04069450
-0.02032617
-0.02892720
0.02400813
0.00024310
-0.03129685
0.01920365
-0.05786874
-0.01814018
-0.01143406
-0.00382953
-0.01452198
-0.00232914
-0.02647263
0.02811647
0.01594163
-0.01542750
0.02028595
0.02498545
0.00944407
0.03720012
0.01796917
-0.00565068
-0.02105425
0.02521650
-0.04524805
0.01966424
0.02352513
-0.04473788
-0.04077788
0.00129936
0.04911245
0.03405495
0.05843604
-0.03733189
-0.01403145
-0.04961521
-0.04587836
-0.02120153
-0.00304601
0.02331072
-0.01327988
0.05671781
-0.01892398
0.01700575
-0.00092106
-0.03904072
0.03673725
0.04984051
-0.01580231
0.04566816
0.00235148
0.00505283
0.03023585
0.04112472
-0.00911272
0.04245624
0.03436263
0.00537506
-0.01147037
0.02764944
-0.01259873
-0.01079533
0.01715500
-0.01110306
-0.03097608
0.02706284
0.03555659
0.02184172
0.03213025
-0.04414722
-0.02078140
0.04795606
-0.05002541
-0.04447926
-0.03436313
-0.02064493
0.02387321
0.01294850
0.04414657
-0.01948229
-0.00800067
0.00687263
-0.00466596
0.03143796
-0.04351587
-0.04343039
0.01012675
-0.01604727
0.03200132
-0.00948234
0.04209126
-0.00336557
0.00119258
-0.04105350
-0.00877395
-0.02677732
0.01363399
-0.01205930
0.04092207
-0.00450949
-0.00035446
-0.02416731
0.04243973
-0.03506549
0.05934969
0.02180376
0.00789372
0.01598458
-0.00931194
0.05650476
-0.03851850
-0.04912254
0.00485559
-0.01306901
0.00747151
0.01379510
0.02944983
0.03838471
0.04068033
0.03982943
0.04836522
-0.02894431
0.02385122
0.03294862
0.03819238
-0.00667578
-0.01242154
0.01564755
0.04492984
-0.02976136
0.03454730
-0.02723197
-0.03969391
-0.04108325
0.00512621
-0.04984601
-0.05048258
0.02807019
0.01604494
-0.04446400
-0.03604847
0.03696227
0.02906640
-0.04723710
-0.00250366
-0.03519132
-0.03541884
0.03614780
-0.00378696
0.04192859
-0.04560168
0.01218238
0.05008954
-0.04646590
-0.00263058
-0.04830130
-0.04891318
-0.04504607
0.00188052
-0.01703460
-0.03818157
0.04330814
-0.01810457
0.01925032
-0.01008504
-0.00337750
-0.03629188
0.06047317
0.03789838
-0.05624678
-0.05641007
-0.03630774
0.03848508
-0.00979219
-0.00355700
-0.01005587
0.02712574
-0.01633111
0.04509871
-0.03863070
-0.02959593
-0.03743558
0.02074650
-0.03508899
0.04464234
0.02355352
-0.01364384
-0.02065300
-0.01851146
-0.03971006
0.03254139
0.02143341
-0.05215764
-0.00661344
-0.00682770
-0.03246116
0.02815879
-0.05213189
0.01932753
0.03040962
-0.06054037
0.03787433
-0.00024032
0.00740356
-0.01660251
-0.03964219
0.04248475
0.04302406
-0.01416161
-0.04084203
-0.02117244
0.01280163
0.02779283
-0.00530642
0.00033278
0.00632291
0.05166800
0.02239589
0.03794040
-0.03273704
-0.01185321
-0.04552088
-0.00217708
0.03071976
-0.00936284
0.04059069
0.04230283
-0.03128466
0.03417161
0.00460528
0.00898478
0.01020105
0.01908536
-0.03956764
0.01628606
-0.04698640
-0.00149367
0.01738931
-0.00302382
-0.01517799
0.00830679
0.01288551
-0.06031110
0.02490898
-0.03717793
-0.01215548
-0.01596043
-0.02936903
-0.02099582
0.01107412
-0.00802337
-0.03141365
0.00795418
-0.03359496
0.01947827
0.04055349
-0.03349315
0.03482051
0.03630334
0.04575065
0.02340190
0.04525671
0.00862538
0.01008525
0.04299816
0.02020343
-0.04637034
0.03579396
-0.02963649
-0.02765726
0.00772178
0.07248744
0.03995003
-0.04608937
0.03176783
0.01892190
0.03147829
-0.04984873
-0.00425248
-0.05054247
-0.04954702
0.03148250
0.04887398
-0.03733533
-0.00758805
-0.01722844
0.00615165
0.00447329
0.03278183
0.01481000
0.03197925
0.01925411
-0.02453329
0.02313475
-0.03491146
-0.00683265
0.02731525
0.02461411
0.01121757
-0.00365234
-0.04683073
-0.03334689
0.05063172
-0.04500091
-0.03609287
-0.05183589
-0.00963628
0.03238036
0.00873414
0.02733247
-0.01213333
-0.01079028
0.00072201
-0.02166991
0.00551065
-0.03208570
0.02009509
0.01474226
-0.01845784
-0.02390800
0.03706146
0.00362886
-0.01867652
-0.04888727
0.02990895
-0.02069443
0.00062727
0.01039762
0.04494677
0.04742676
-0.01256866
0.01042527
-0.02315145
0.00293203
-0.02833881
0.02402612
-0.03749875
0.02840219
0.04235717
0.03002337
0.04046401
0.03034158
-0.01324807
0.03289591
-0.01655790
0.00062800
-0.03706469
0.04555897
-0.03697194
-0.03781275
0.02167889
-0.02444280
-0.03887302
0.01294429
-0.01351948
-0.04041850
-0.04972118
0.02479458
-0.04850451
-0.03621442
-0.05041006
0.02891073
-0.03569905
0.02087950
0.00461393
-0.01332137
-0.03614594
-0.02947070
0.01349047
0.01611901
0.03764321
-0.02074828
0.01022619
0.02943811
0.01715323
0.02504550
0.03344718
0.00678295
0.01398417
-0.00114776
-0.04324207
0.04342038
-0.03762540
-0.01450759
0.01816972
0.04690367
-0.03070099
-0.00523285
0.00116589
-0.00384939
0.02524669
0.01869819
0.02878896
0.01851559
0.03152227
0.00145550
-0.00663008
-0.04149945
-0.02608558
-0.03509583
0.02600766
-0.01058567
0.04294498
0.04399021
0.04921323
-0.02320172
-0.03037409
0.02567439
0.03985708
0.00113753
-0.01646951
0.04227106
-0.03043284
-0.02566034
0.05329099
-0.00816237
0.01952779
-0.00720600
0.02717296
-0.04078694
-0.01046709
-0.01922797
-0.03818436
0.00272076
-0.04961528
-0.00818871
0.00577218
0.01902291
0.01413319
0.03532151
-0.01255804
-0.02122083
0.03110949
-0.00989717
0.03943623
-0.01521339
-0.04809884
-0.03972044
0.03646101
0.02636984
-0.01703308
-0.03259505
-0.03267580
-0.00061874
-0.04130740
0.01531566
0.00034592
-0.04355637
-0.01704523
-0.01083507
-0.01015656
0.02882791
-0.05226134
0.02681884
0.00758151
0.00202180
0.03303065
0.01945848
0.01267777
-0.02052541
-0.03911604
-0.01169490
0.01385980
-0.00230965
-0.01880870
-0.02049595
-0.02708947
-0.02783968
0.00215757
-0.03852502
-0.00571743
-0.05311313
0.05909085
0.03165158
-0.03144073
0.03901178
0.03588171
-0.03050063
-0.04306597
0.01730622
-0.00215333
-0.04808585
0.00516736
0.04943391
-0.01319055
-0.02914489
-0.02096921
0.04009433
0.03105018
0.01700295
-0.02398876
0.03353170
-0.01077503
-0.01018619
-0.01989130
0.03111502
0.05582703
-0.03768395
0.04835455
0.04090976
0.00292309
-0.01699145
0.03788773
0.02902378
0.02769251
-0.01142758
0.02084966
-0.00577094
0.00156316
-0.02789898
-0.03943666
0.03268291
0.01169522
0.01068919
-0.03849629
0.03339165
-0.00155988
-0.05045546
0.00891369
0.06187715
0.02337330
-0.04557010
0.01232820
-0.03526387
-0.00535760
-0.03684307
0.00677933
-0.01039002
-0.04655969
0.05264614
-0.01821237
-0.00535745
-0.05605898
0.01734452
-0.01348224
0.06229582
0.00335141
0.00653992
-0.02852270
0.01965386
0.02309404
0.04127358
-0.00830883
-0.03905169
0.00176237
0.06923037
-0.04281973
-0.04341214
-0.02813334
-0.02617859
0.00225981
-0.02056184
0.01417996
-0.03740228
0.00618904
0.04556428
-0.04236192
-0.04775411
-0.04269954
0.00232105
0.00605004
0.00846083
0.04033660
-0.00883362
-0.04646529
-0.05007922
0.06010098
-0.00687225
0.03965155
-0.03154255
0.02785799
0.03721115
0.00758372
0.02861389
0.03396582
0.04480956
0.00302172
0.01608218
-0.02496178
0.02685844
-0.02019494
0.05207822
-0.03279907
0.03475628
0.00103461
-0.03033515
-0.03939275
0.03058995
0.02997132
-0.00940490
0.03527341
0.04047625
-0.04434071
-0.05172440
0.03222480
-0.00471646
0.00978015
0.04150997
0.04031762
0.05587803
0.01734884
0.03205662
-0.03760925
0.01928961
-0.02645412
0.03376133
-0.02544095
-0.00312390
-0.00959450
-0.02461040
-0.03535400
0.05001810
0.05743130
0.04330489
0.04701122
0.02226564
-0.05229831
-0.02941455
0.04073537
-0.02926059
-0.04454951
-0.05064037
-0.00704794
0.03580628
-0.03181740
-0.03398667
-0.02052525
-0.01550720
0.03006048
-0.01881998
0.04049940
-0.01388881
-0.04371642
0.00925958
-0.00824479
0.00716533
-0.05336026
0.04698329
-0.05259376
0.01875839
-0.01187725
0.07176545
-0.03105762
0.03946441
-0.00844669
-0.00700848
-0.01509202
-0.03049395
-0.05615262
0.03597860
0.02070609
0.00741865
0.00383543
0.00600269
-0.01074462
0.01740852
-0.04061105
0.00354673
-0.00037542
0.01470696
0.01829052
0.03107904
0.03631705
-0.03475468
0.01163727
0.03327749
0.01196292
0.02313643
0.00249098
-0.01083326
-0.02495804
0.03369774
0.00442534
0.00964975
-0.01007501
0.04066717
-0.01702121
-0.01808507
0.01772320
-0.03460779
-0.00492948
0.02505161
0.04840506
-0.00688009
-0.04136766
0.01813387
-0.02456252
-0.05240176
-0.06222965
-0.00244856
-0.04226527
-0.03319405
-0.04686806
-0.03478061
0.00893976
-0.00094356
-0.03744542
-0.00604456
0.03760842
-0.04103589
-0.03533048
0.03103362
-0.05149533
-0.01725572
-0.00460730
0.00554168
0.01979084
-0.02796976
0.00207202
0.01512294
-0.03012905
0.00715851
-0.01255302
-0.01483947
0.00494760
0.06535944
0.02322442
-0.04920929
0.03424436
-0.01127038
-0.00296691
0.04071659
0.00755024
0.00086985
-0.01242737
0.00676527
0.00092388
-0.04264266
0.02148658
0.03787969
-0.02077236
0.00447668
0.06645223
-0.03435631
-0.03778895
-0.02858146
-0.03321264
0.06712408
0.03495333
-0.03217151
-0.04319999
-0.04410962
0.04261796
-0.01994795
0.04403540
0.03177106
-0.04351497
-0.00943092
0.02585932
0.01619427
-0.00450427
-0.04844430
-0.04924862
0.03739930
-0.02892597
0.00489261
0.00880131
-0.02693212
-0.00752139
-0.02032365
-0.00664635
-0.02131084
-0.04908165
0.03645804
0.03550231
0.00886202
-0.02999734
-0.00533708
-0.02368172
0.03201998
-0.01924521
0.01578823
-0.03539733
0.00711560
-0.01008180
-0.02652767
0.01946334
0.00377129
0.04240040
0.04453845
-0.00524536
0.00816847
0.03465500
0.01116092
0.01962758
0.01796623
-0.04745575
0.02348860
0.01629329
-0.05043280
0.01622170
-0.02057054
-0.01383328
0.00864854
0.00663350
-0.04277726
-0.01839209
0.02847987
-0.02592602
0.05136430
0.03129645
0.01461255
0.00833252
0.01589136
0.02376648
-0.04310965
-0.03336406
0.01074234
-0.04569954
0.02360332
-0.00690830
0.03758813
-0.02188497
-0.01826821
-0.02420699
-0.00440469
-0.04870385
0.03802417
0.03971881
0.01162796
0.04784251
-0.02202702
-0.00248264
-0.00335329
-0.03764902
-0.02603034
-0.04008872
-0.04787480
0.00290841
-0.01078908
0.02829132
0.03881269
-0.00436259
0.01327092
0.00349548
-0.00433408
-0.03002433
-0.04250819
-0.04970849
-0.00778660
-0.02812091
0.02103705
0.04751483
0.04058867
-0.04736706
0.03224566
-0.03979918
-0.03945060
0.01438813
0.01631559
-0.04343790
0.04375749
0.02700407
0.01644944
-0.00737963
0.02053974
-0.03975140
-0.03788810
-0.04137135
0.04366921
0.01386707
0.02509015
-0.01865734
0.04221255
-0.00165083
-0.03057504
0.00668000
0.04700217
-0.03730214
-0.02969123
0.04281284
-0.01767006
-0.04233782
-0.03469308
-0.00054548
-0.03730911
-0.03891693
0.01965502
-0.01496821
0.04676525
-0.04355412
0.00705646
-0.04011219
-0.03592451
0.02625413
0.00208357
0.01383624
-0.03751383
0.02859757
0.00232757
0.02203399
0.00737596
-0.01055772
0.03607994
-0.01700596
0.02912365
-0.00523109
0.01918578
-0.03528377
-0.03160705
-0.03890858
-0.00453588
-0.00573614
-0.04580080
0.01351877
0.01412562
0.03100846
0.04131640
-0.04266080
0.04127472
-0.04437829
0.02856031
0.00281461
-0.00634264
-0.00685907
-0.01422346
-0.01972184
-0.03322880
0.01941226
-0.01138915
-0.02130687
-0.02722372
0.00224747
-0.00398180
-0.03519525
-0.04738932
0.02859219
-0.03726969
-0.03837362
0.03785523
-0.03669463
-0.04750973
-0.00879144
0.02428238
0.04204157
0.04664742
-0.03413039
-0.00457973
0.02367960
-0.01531531
0.03036370
-0.04633000
-0.00948284
0.05186514
0.04166912
0.02930253
0.03686643
-0.00838016
0.03213727
-0.03751746
-0.02375402
-0.03046695
-0.00956868
-0.03283891
-0.03765280
-0.04912240
0.03598560
0.01244162
0.02545891
-0.02959300
-0.04407283
-0.04577204
-0.05002718
-0.04053621
0.03665258
-0.03923927
-0.03194306
-0.03648376
0.03781191
-0.02028462
-0.04829443
-0.02960647
0.02494567
-0.01492224
-0.01110461
0.04842709
-0.04811767
0.02614873
0.03935359
0.02565200
0.01421539
-0.04381612
0.01383800
-0.00091544
0.03423117
0.03457417
-0.01520644
0.01214082
-0.00064702
0.04712596
-0.04220691
0.02586460
0.03941262
-0.02944371
-0.02839514
-0.02965504
-0.00068772
-0.03689688
0.02448432
-0.06997683
0.01252184
0.07854848
-0.01718715
-0.02030758
-0.02000396
-0.01122591
-0.06855712
0.01517699
-0.03323639
-0.00412547
-0.00847283
-0.01032515
0.03174697
0.02727510
0.00731058
0.02357527
0.00768780
0.04877818
-0.02434789
0.00820674
0.00190420
0.03196819
-0.02755277
0.00811078
0.02146002
-0.00091783
0.00564545
0.01091179
0.02919539
-0.02357550
0.04748318
0.02102371
-0.01058452
-0.02400861
0.04347378
0.04756539
-0.04801187
0.02589549
0.01998266
0.04153111
0.00542144
0.03283451
0.02056326
0.03249432
-0.00522681
0.00951347
-0.04815271
0.09005839
0.02315885
0.02264478
0.03349756
0.03357955
0.01354550
0.01139723
-0.00129988
0.02670956
-0.05612895
0.03465882
0.04020089
-0.02782010
0.01756526
0.03222328
0.04865544
-0.05917660
-0.03454589
0.04611475
-0.01804598
0.02344248
-0.02475054
0.03102364
0.00514132
-0.02619749
0.08338090
-0.07778786
0.01741140
0.04725762
-0.03289449
0.00691966
0.03246226
0.03863071
-0.05062733
0.03578744
-0.02596894
0.02561641
0.00585287
0.00747903
0.02415249
-0.05839717
0.02750386
-0.00672940
-0.01230360
0.01050576
0.03287498
-0.03634222
-0.04239582
0.00086636
-0.04488758
0.00362978
-0.05497864
0.03202995
0.02012410
-0.01240089
0.06457383
0.00165184
-0.08436568
-0.06921998
-0.01571082
-0.01831554
-0.00858262
-0.04105104
-0.03177816
-0.02199396
0.01142921
0.03201375
0.02547859
0.04821102
-0.02988928
-0.03321239
-0.06538874
0.00150327
0.08360921
-0.03787719
-0.01927363
-0.05051995
0.00118266
0.04825556
0.06098156
0.06345659
-0.03137005
0.00468931
-0.01671833
0.01218260
-0.04174469
-0.08988155
0.00859830
-0.00207647
-0.01230186
0.02157985
0.04740644
-0.05082193
-0.01332704
0.00971440
-0.06887344
0.02860809
0.01464856
-0.03632377
-0.01095986
-0.01251782
-0.01665992
0.02055062
-0.01377537
-0.04798271
0.01338150
0.02698055
0.01669292
-0.00708227
0.02615670
0.02202261
-0.02178504
-0.06125572
0.01884745
-0.01870055
-0.02465158
0.07418853
0.01950950
-0.04839197
0.01593120
-0.04346370
0.04293763
0.02064320
0.01275147
0.01127683
-0.00765420
0.04858962
-0.00395964
-0.05734831
-0.02796785
-0.05292277
-0.06726462
-0.05910860
0.07050861
0.06542359
-0.02983545
-0.03627282
-0.03049504
-0.02615041
-0.03655700
0.03718486
-0.03674233
-0.01486464
-0.03877372
0.03140523
-0.01901596
0.06407847
-0.04252704
0.03030191
-0.03409359
0.02879332
0.05985738
-0.01107591
-0.00547518
-0.00139588
0.04330461
-0.04626956
-0.04855127
-0.00052249
-0.04007939
0.05249083
0.03601492
0.00254273
-0.00005735
-0.01238341
-0.06776901
-0.01312884
-0.03094910
-0.05189140
-0.06037243
-0.00868596
0.01007611
0.01231689
-0.01497719
0.05637723
0.05621589
0.02953191
-0.05589369
-0.03373068
0.07275678
0.05785422
-0.02920949
-0.06833771
-0.02291281
-0.02895061
0.03620343
-0.02543014
-0.04031634
-0.03325178
-0.07450032
-0.02783812
0.05473537
-0.00572265
0.02570467
0.02452915
0.00478152
0.02655463
0.12334919
-0.02258042
-0.08292505
-0.04854282
-0.03700720
-0.00973510
-0.04683862
0.02493945
0.01398497
0.07250411
-0.04755382
-0.01346859
0.04879989
-0.02823370
0.07453202
0.04297990
0.03803169
0.06060143
0.05164159
-0.02154336
0.02783806
-0.03206328
-0.05315926
0.03670245
0.09300636
-0.00807127
0.03046501
-0.02326683
0.01059704
-0.02382001
-0.01727484
-0.00620173
0.04766886
0.02483777
-0.02788771
0.03092482
0.02441843
0.03975129
0.01905323
0.05925602
0.03027553
0.01207358
0.02078656
0.04603326
-0.02081435
-0.03078375
-0.01277030
-0.05004616
-0.04634623
0.03217692
-0.02357846
-0.06155472
-0.04487099
-0.00128748
-0.00366630
0.00585413
0.05438267
0.05046934
-0.05101019
-0.03441737
0.05112788
0.03834962
0.03960036
-0.03528836
0.04169168
0.05071796
-0.02173589
0.01905698
-0.00443453
-0.06351534
0.00923567
0.03587854
-0.01633418
0.01935266
-0.00413549
-0.01143769
-0.01473428
0.01322753
0.01358070
-0.02210345
0.03190457
-0.02332190
0.02563778
0.04013018
0.02562097
0.03509199
0.00173078
-0.01074300
-0.05420672
0.05864699
0.04253372
-0.01963426
0.05987792
-0.02022230
-0.04616091
0.05117675
0.05435172
-0.05108900
-0.00316157
0.06731600
0.04265733
0.00107451
-0.01620172
0.03373096
-0.03270538
0.03411967
0.03110421
0.04573316
-0.01306158
-0.00845946
-0.04155756
-0.01933184
0.04436929
-0.05257109
-0.06093533
0.09144290
0.00129344
0.01737141
-0.03261131
0.01558374
0.00726343
0.06148388
-0.00518690
0.00177894
0.00259819
0.03524047
-0.03941194
-0.01883635
0.02436989
0.07563446
0.00164862
-0.00756049
0.00293039
-0.04395109
0.04104579
-0.00210910
0.03390410
-0.01110255
-0.00501085
-0.01794954
0.00815263
0.01035126
-0.02472968
0.01201744
0.02326491
0.00785602
-0.04281607
-0.03570942
-0.00075792
0.02139104
-0.01558151
-0.04131200
0.05013260
0.05084713
0.02199888
-0.01315459
0.03923694
0.04933461
0.03612525
-0.03058801
0.03060102
0.01366260
-0.02582966
-0.01093224
0.00869535
-0.02685009
0.03912190
-0.01634824
-0.05717826
0.01677136
-0.01106506
0.07523096
0.01023755
-0.02783229
-0.01957803
-0.01835180
-0.06719546
-0.02940305
-0.01850868
-0.02792479
-0.01329709
-0.02585174
-0.03735836
0.00092174
0.01436391
-0.07538903
-0.00214934
0.04569667
-0.04855740
-0.00692487
0.02939374
0.03667194
-0.02605870
-0.01119548
0.04381960
0.03196218
-0.02799775
0.05263857
0.00522423
0.06319391
-0.04280445
-0.04994245
-0.05032209
-0.04091674
0.00176393
-0.06081621
0.06486439
-0.02099025
0.07508256
0.04399320
-0.02005320
-0.01555055
0.01075969
0.03504013
-0.01972065
-0.02137568
-0.04538235
-0.01490375
0.08188354
-0.00092533
0.05050740
0.01522546
-0.02829866
0.00129879
0.08875415
0.00944371
0.01641299
-0.02226189
-0.04062469
-0.02778901
0.06955475
-0.03661673
0.02593025
-0.04285948
-0.07706942
0.02016664
0.04391665
0.00100979
0.01632025
-0.00812886
0.03417594
-0.06097201
-0.00621870
0.01938461
-0.00950906
0.01457344
0.02287100
-0.01023892
-0.05359884
0.02904864
-0.00148533
0.06359724
0.01911107
-0.05000737
-0.01914779
-0.05064609
-0.05295556
-0.02185776
0.03162472
0.04803092
0.01941008
-0.00263286
-0.01862423
-0.01580167
-0.01271099
-0.01722497
0.03675962
-0.02133105
-0.00853661
0.05345901
-0.00672119
-0.00082832
0.00241870
-0.05694726
0.03924454
-0.03693216
0.03265569
-0.00037010
0.00773996
-0.01047252
0.01095471
0.00987026
0.00610983
0.02626796
0.04931933
0.04009765
-0.01736284
-0.03057126
-0.00322043
0.03438300
-0.01509621
-0.02069067
0.03491388
-0.04503076
0.01449960
-0.00860260
-0.02829718
-0.04774390
-0.02919139
0.00310678
-0.01792587
0.00533936
0.03504705
-0.00094975
-0.03071821
-0.04988533
-0.01297627
-0.01188464
-0.03217543
0.02089526
0.03082857
0.00927544
0.01347977
0.03678912
0.03085087
-0.00182412
-0.00302983
-0.00407929
-0.01216109
-0.03630793
0.02186083
-0.00116847
-0.02696583
0.00612804
-0.02865470
-0.01616649
-0.01973254
-0.01537566
-0.02119910
-0.00541504
0.02473486
-0.00995378
-0.03889422
0.02709739
0.02354492
-0.05237370
0.04440891
0.01229018
0.03201534
-0.04570484
0.00762866
0.00018828
-0.01684112
-0.00911732
-0.02651895
0.01079704
-0.02821580
0.00846318
-0.03626731
-0.01267474
-0.03835415
0.02023529
-0.03690471
0.01479938
-0.00847574
-0.03292197
-0.03678141
0.03477280
-0.03204475
0.03956501
0.01982074
0.00945420
0.03984777
-0.04865764
0.03647823
-0.01451758
-0.03654557
0.01867510
0.02123198
-0.00632075
0.02154417
0.01381222
-0.04623065
0.01359356
0.03722781
-0.03477191
-0.05438674
-0.04283418
-0.01644669
0.04763391
-0.01087021
0.00214544
0.03472888
-0.03940125
-0.03916822
-0.01907511
-0.05086288
0.02648949
0.05182695
0.01561665
-0.04367374
-0.02543719
-0.02642316
-0.01412098
-0.04493812
0.03887114
0.02673138
0.00278342
-0.03255568
0.01462850
0.01745185
0.03215450
-0.01350429
0.01750125
-0.03986186
-0.00174159
0.00639943
0.03746310
-0.03445870
0.01650991
0.01520256
0.04380885
0.02994362
0.00282736
0.02477940
-0.02624246
-0.02123260
-0.03191866
-0.00740977
-0.00695026
-0.03977596
-0.05136987
0.02871384
0.01117179
0.01698969
0.03404520
-0.02972778
-0.02178113
0.05985974
0.00217711
-0.04512301
-0.04337343
0.04207399
0.02360866
0.01582162
-0.01785919
-0.00156265
0.04541263
-0.02184031
-0.02552174
-0.03302185
0.01277137
-0.04200959
0.01915923
-0.02985346
-0.03414624
0.02733546
0.02612480
-0.03596536
0.00098839
-0.03372440
-0.02641458
0.04152478
-0.02002007
0.04733776
-0.03645003
0.03506922
-0.04686589
-0.03675710
-0.02938902
-0.02226535
0.01289262
0.03397176
0.02692332
-0.01821495
0.01316657
0.02224611
0.01389626
0.05550924
0.03875533
-0.03861218
0.01404299
0.02253065
-0.00654793
-0.03810858
0.04122452
0.04666359
-0.03079463
0.01675463
0.03789227
-0.03581029
-0.04878099
0.01885299
-0.05469808
-0.03664847
-0.02006365
-0.00768250
-0.04114988
0.01667739
-0.00715188
-0.00201686
0.00811399
0.04588668
0.03328269
-0.02939565
0.04690265
-0.02452137
0.04394706
-0.01396008
0.00669169
-0.03059948
0.00674121
0.02371588
0.04147502
0.00097157
0.04255892
-0.05501453
0.01355887
0.02776989
-0.04319541
-0.03429746
-0.03551298
-0.05207696
0.00047253
0.02071997
0.04310982
0.01156715
0.02692609
0.01864585
-0.01027412
0.01259899
0.01524906
-0.04828262
0.00671604
0.01340452
0.03358651
0.01799007
-0.03147805
-0.00856357
-0.05640692
0.01429240
-0.05078929
0.02142230
0.02023552
-0.06262884
0.03346882
-0.01954509
-0.03138029
0.00733242
0.05348246
-0.01133090
-0.02807453
-0.01312417
0.02026964
-0.02382100
-0.04001454
0.03474010
-0.03291240
0.03981573
-0.01613764
0.03347296
0.03691578
0.00953988
0.00633306
-0.00110228
0.02482385
0.02044168
0.04020443
-0.00522995
0.03904441
0.03037458
0.04479109
-0.04836733
0.03200620
0.01137555
0.01617642
-0.00164946
0.01979600
0.04058153
-0.02632026
0.01628438
-0.01591398
-0.06591921
-0.02412414
-0.02741458
-0.05816415
0.02179002
0.06271730
-0.02109405
0.03729653
-0.02670097
0.00191196
0.01969024
0.02214255
-0.03435279
0.00194605
-0.03349550
0.00111445
-0.02066070
0.02803370
0.01692017
-0.04030878
0.03668324
-0.03258984
0.01061102
-0.00174569
-0.00237023
0.02774231
0.00687655
0.03759676
-0.03475135
0.01640036
-0.02680397
-0.03674226
-0.00554588
0.03118199
0.03450293
-0.00713017
-0.03171350
-0.03507289
-0.01099263
0.03278893
-0.01250514
0.01698291
0.03020154
0.02000299
-0.02966380
0.01856779
0.02331053
0.07765099
0.00435414
0.05969691
0.00166593
0.02038433
0.05056029
0.01067291
0.00295877
-0.03691400
-0.00130519
0.05204369
0.05969512
-0.02034342
-0.00344625
0.03593947
-0.01381187
-0.02646406
-0.00055849
0.03196400
-0.04387061
0.01903329
-0.00523751
-0.06159548
-0.01613677
-0.03667028
0.00898843
0.03664348
0.01099870
0.03673537
-0.02054317
0.03496599
-0.05359035
-0.01230352
0.07203534
0.03079134
0.00243810
0.03958296
-0.02550231
0.07067841
0.01351006
0.00375544
0.05797121
-0.01451548
-0.02234269
0.01062349
0.01822365
0.02641737
-0.00345402
-0.03691734
0.03400948
-0.02752329
-0.05927301
-0.04246415
0.02788925
-0.02321572
0.02612322
0.06520503
-0.04430050
0.00608430
0.00879641
-0.02546458
-0.04735080
-0.03511400
0.00440929
-0.02249632
-0.00958797
-0.00264069
-0.04697843
-0.01261392
0.00204542
0.02914605
-0.04579276
0.03973958
-0.02468313
-0.00325140
-0.02980000
0.03333114
0.02060904
-0.02870758
0.01279972
0.02248217
0.04664112
0.01517112
-0.02802143
-0.03589532
-0.02026755
-0.03871216
0.04895093
-0.00991454
-0.01866693
0.03039737
-0.02628622
-0.02137171
0.00664839
-0.01534443
-0.00750623
0.03750177
-0.03509884
0.01606134
0.00507187
0.06076646
0.04331854
0.05055107
-0.03770239
-0.00777466
0.04740595
0.02795202
0.05314536
0.03460820
-0.04546431
0.04054195
-0.02188551
-0.04777632
0.03968901
0.03640981
-0.01004270
-0.00581732
-0.02410901
-0.01277903
0.03362932
0.05397220
-0.00121037
-0.01711382
-0.04407361
-0.02540956
-0.05674598
-0.04768761
-0.05081090
-0.01105174
-0.01422729
-0.04689522
0.01506287
0.00468799
0.03568799
-0.00982769
-0.03600760
-0.04633788
0.04242507
-0.03432231
0.00429112
-0.00705457
0.03818225
-0.04037502
-0.06778517
-0.03717292
0.06597201
-0.01775497
0.00010269
-0.03331695
0.03467902
-0.00217334
0.03269349
-0.04666923
0.03771504
-0.01153878
-0.03855663
-0.03357145
0.00494102
0.00857068
-0.00696848
0.01881133
-0.02555748
0.00670523
0.05587093
-0.01728219
-0.01415409
0.01654231
0.03266886
-0.03016837
-0.03383145
-0.01058409
-0.00291088
-0.00049779
-0.03011011
0.00970029
0.04084069
0.02530291
0.04398872
-0.01788910
0.02246244
-0.03808610
0.01915460
-0.04280339
-0.00663742
-0.03233814
0.02664021
0.00981249
-0.02461660
0.00433138
-0.02139342
0.03294102
0.02248058
0.03955980
-0.04239907
0.02722641
0.04053383
0.04071083
-0.00679998
0.01260989
0.02104343
0.01233225
-0.02866659
0.00823675
-0.01598792
-0.01996835
0.04082895
0.03852440
-0.00004862
-0.00787293
-0.00114637
-0.01552122
0.03722190
0.04578682
0.02594814
-0.04877944
0.03061223
0.03399071
-0.01953540
0.00012203
-0.03898763
0.03636451
0.01428605
0.05958961
-0.05492066
-0.03333077
-0.00603974
0.05581141
0.05241172
0.02357375
-0.02528423
-0.01287169
-0.02908453
0.00098239
-0.05192456
0.01358403
0.02279210
-0.02707004
0.05654552
0.04916906
-0.00942167
0.01564701
0.00641325
0.02372666
0.01091365
-0.02990153
0.03427193
-0.00779990
-0.03945265
-0.05239548
0.04588241
0.02639941
0.03425098
-0.02592244
0.01259974
-0.04155053
0.03923059
0.06043104
-0.01315984
-0.04040113
-0.04027795
-0.05032020
-0.01876502
0.05133566
-0.01995049
0.01303123
-0.02389149
-0.01926194
-0.02581847
-0.02916881
0.01460081
-0.00083734
0.02878059
0.00583820
-0.02052798
0.02206031
0.04180105
0.02116486
0.01387881
-0.04542248
-0.02107457
0.03049842
0.00106578
0.00100186
-0.03449041
0.04013326
-0.03740449
0.01260453
0.03440995
-0.02645987
0.01701684
-0.01640404
-0.00614947
0.01480679
-0.01855041
-0.05117396
-0.05279151
-0.03284472
-0.02324335
0.05536800
-0.04147555
0.03044372
-0.01744390
-0.01648760
0.02761230
0.04405065
-0.00487610
0.04280626
-0.01501626
-0.01685142
-0.01522177
0.01705925
-0.01598224
-0.04901744
0.01575143
0.02707615
-0.02151677
0.01437004
0.05975043
0.06324548
-0.01919689
-0.05207457
-0.00818925
-0.03990952
0.01449575
-0.04820481
0.05360657
-0.04899744
-0.04111945
0.00374822
-0.01495336
0.03183261
-0.00274893
-0.00360999
-0.01281514
0.04897160
-0.04620093
0.00249623
0.02366156
-0.00298169
-0.01381781
-0.01214331
-0.04148095
0.04293195
-0.00934947
-0.00228523
0.02170005
0.01087723
-0.02337860
-0.04061177
0.05910740
0.03918266
-0.06057210
-0.01251171
-0.03053200
-0.01337344
-0.00287945
0.00498107
0.02913545
0.04653465
0.01630507
0.03094707
-0.01474967
0.00413322
0.00273175
-0.04288117
-0.01167599
0.01316415
0.02031221
-0.00817460
0.00818160
0.04950032
-0.04002929
0.02793026
0.00018496
-0.04283747
-0.04100011
0.01951992
0.00031024
0.02251325
-0.02158465
-0.00947163
-0.03939005
0.03038810
-0.00183525
-0.06384737
-0.04081438
0.01949390
0.01121769
0.00565167
-0.02379174
0.00298464
0.00773187
0.01405761
0.00346121
-0.03760313
-0.02442639
0.01135313
0.03599049
0.04049242
0.04252318
-0.03381367
-0.01258926
-0.02824290
-0.00330365
-0.05600600
-0.04405289
-0.02271609
-0.05525547
-0.01988823
-0.02291920
-0.05386844
-0.02768115
0.03041438
0.02563326
-0.01394826
0.03356390
0.06062027
0.04178745
-0.03820900
-0.03550620
-0.02181798
-0.01628983
0.06157577
-0.04534561
0.02983475
0.00503486
0.02803984
-0.02631135
0.04287098
0.03835669
-0.03627809
0.00845945
0.00774786
0.04984422
0.01176382
-0.01055038
0.01732220
0.02763111
0.00202581
0.02103948
0.02457365
0.00203660
0.03119384
-0.02888303
0.01842104
-0.03774615
0.01530774
-0.02689575
-0.05511211
-0.02768360
-0.03950286
-0.01178289
-0.06949121
-0.02443903
-0.01999534
0.03687209
0.02656491
0.02443035
-0.00488801
-0.02363292
-0.01619320
0.05401036
0.04565639
0.04298976
-0.01346317
0.02716410
0.02052929
-0.00204486
0.02210075
-0.06241006
0.00507663
-0.01156840
-0.04282938
0.06593512
-0.04003995
-0.04377552
0.03576834
0.02928227
-0.02069563
0.00102055
0.03158949
0.01213814
0.03671261
-0.03610312
0.03789119
-0.02658843
-0.04301142
-0.01084667
-0.02966713
0.00832162
0.05066264
-0.01991722
0.02705417
-0.01278054
-0.01346298
0.04694285
-0.00789631
-0.00798502
-0.02848071
0.04197111
-0.04080647
-0.00675657
0.04738649
0.01060820
-0.02337993
-0.00321103
0.04959988
-0.03059120
0.04044324
-0.02634743
-0.00826581
0.03501263
-0.00129231
-0.04882880
0.03773965
0.06711295
0.04843810
0.04461576
-0.00518452
0.02326269
0.00393298
0.00494573
0.07697005
-0.03941355
-0.04707300
0.00168056
0.01717842
0.03205655
0.01033861
0.02489368
0.03679989
0.03020727
0.03312213
-0.03193055
-0.00223301
0.03995514
0.04948322
-0.06051952
0.04521973
0.02097750
0.03184341
-0.01541149
-0.02432331
-0.04347801
0.03261228
0.03014549
-0.02218463
0.01818869
-0.04225172
0.02829109
0.02536057
-0.02223078
0.05132465
-0.04552789
0.05692909
-0.03274987
0.01829871
0.03760854
-0.04549072
0.03481844
-0.02110162
0.04569343
0.05374451
0.03969370
0.01607214
0.02589095
-0.03995188
0.05338326
0.03116694
-0.02296515
-0.05034315
-0.04391875
0.02974567
-0.03213749
-0.05713841
0.03326366
0.04453968
0.04556717
0.04126745
-0.01814386
-0.02093055
0.03865071
0.01566903
0.00154598
-0.02757655
0.03618624
0.02660530
0.02534702
-0.03738329
0.00585502
-0.01332311
-0.00153447
0.03554789
-0.00631559
-0.04700951
0.07345764
0.01478657
0.03050121
0.03374213
-0.03561737
-0.01187443
0.04036806
0.04769216
-0.01082314
-0.01406668
0.01307713
0.06808592
-0.00101343
0.02888582
-0.00544160
-0.05208474
-0.03803295
0.03777868
0.01464497
-0.00966346
0.01985099
-0.00045899
0.03856955
0.02695861
0.00853243
0.04317976
0.03887431
-0.04478741
0.01313878
-0.02116356
-0.00184814
0.02521717
-0.02045029
0.01913106
0.02564478
0.01954830
-0.04932719
0.03678266
0.01209655
0.03127810
-0.00469418
-0.00632669
-0.02346910
-0.03665422
-0.00309974
-0.07823608
0.02195002
0.04138073
0.02395406
-0.07770062
-0.01847280
0.01517789
0.03934224
-0.00035855
0.00642367
-0.02397546
-0.01247584
-0.01032264
-0.01415337
0.02099171
-0.01702837
0.06972594
0.03755787
0.04574754
-0.00200284
0.03535637
-0.06124325
-0.02792312
0.03575304
0.00353708
-0.03056331
0.02612724
0.02327015
0.05417947
-0.04310855
0.04351525
0.04150829
-0.01408876
-0.01959107
0.04112012
0.00518410
-0.04089770
0.03895750
-0.02615024
-0.01865622
0.04040749
-0.02662823
0.00936628
0.01933321
0.00746076
-0.01498234
-0.00987383
-0.01713154
-0.01375494
-0.03958694
0.00773117
-0.04314067
-0.01330817
0.00051023
0.01951793
-0.04224553
0.04648642
-0.02031161
-0.04316719
0.00043453
0.04355321
-0.01409188
-0.02528652
0.01209648
-0.00013651
0.00658724
-0.01749729
-0.04374630
-0.02669553
-0.02904718
-0.01977793
0.00918455
-0.01202762
0.01370250
0.01840774
-0.03698267
-0.03589484
-0.04432103
-0.01335522
0.02004578
0.01050686
0.04374220
0.03784131
0.01830818
-0.01044549
0.01848644
-0.04245210
-0.04877724
-0.04690693
-0.04832779
-0.00400656
0.04614598
0.00571537
0.03278348
-0.02075000
-0.05543463
-0.03444020
-0.01985844
-0.01019667
-0.00642959
0.03454329
0.01907184
0.04975029
-0.00694661
0.00925279
0.03295334
-0.04292541
0.03769492
-0.00503250
-0.00360837
0.01011748
-0.02126916
0.01493856
0.02242372
-0.01482694
-0.03885315
-0.04938499
0.03110795
-0.02299121
-0.00657802
-0.00362681
0.02007016
0.03525763
0.00088414
-0.01223776
-0.00102052
-0.03898501
-0.01778433
0.00349070
0.01215214
-0.00313290
0.02899669
-0.02005028
0.01949728
-0.01495454
0.03645652
0.02776687
-0.03207503
0.04065599
-0.02754087
-0.01440738
-0.02426504
0.04191950
-0.04901697
0.00882887
0.02484667
-0.02886978
0.03987832
0.02533591
0.02521993
-0.00471241
0.01761087
0.00810091
-0.00433569
0.02615300
0.02278748
-0.02590078
-0.04834032
0.01719687
-0.01351447
-0.00104891
-0.03224476
0.03824502
0.03325664
-0.03485097
-0.01568222
0.04190185
-0.00077358
0.00621253
0.03068377
0.00306395
0.04959553
-0.00922444
0.02255949
0.02446754
-0.01525107
-0.02808757
-0.04997510
-0.01548507
-0.04336720
0.01115234
-0.00976773
-0.00483161
-0.04775709
-0.04457122
-0.04487344
-0.00008644
0.03470583
-0.04645128
0.04392172
0.03796086
0.02676413
-0.03430165
-0.01605265
0.00804696
0.01945767
-0.03452173
-0.03916038
0.02743964
0.01497572
0.02998715
0.02554177
-0.03256203
0.03382165
-0.00656816
0.01169508
-0.03295937
-0.02345822
-0.02309483
0.01641829
-0.01670728
0.00579860
0.00993428
-0.01730140
0.00967203
0.00103628
-0.04769317
-0.03408440
0.01020945
0.00335003
-0.01710225
-0.03568769
-0.01081963
-0.00762972
0.04392991
0.03232039
-0.02216787
0.02182057
-0.01943455
-0.00404673
-0.02646124
-0.04152878
0.02920917
0.02017126
0.04444798
-0.00590521
-0.04072181
-0.02096003
0.03656503
0.01671709
-0.02421237
0.04416659
-0.04362899
-0.01944886
-0.01320867
-0.04681656
0.04616090
0.04592806
0.01512607
-0.01442402
-0.02500861
-0.03337090
-0.03783895
0.00075045
0.02272194
-0.03672598
-0.01516673
0.01755614
0.04739703
0.04190131
-0.04512077
0.00075279
0.02874009
0.03330437
-0.00799169
0.02182824
-0.01690229
0.03730187
-0.02154529
-0.00323171
0.02877817
-0.03206041
-0.04458690
0.01910958
0.01734180
-0.03880200
0.00680053
0.03775587
0.02616113
-0.03193624
-0.01089816
-0.04531443
0.02579990
-0.02446605
-0.02727141
-0.04256593
-0.00238757
-0.02066152
0.02028571
0.03089011
0.01468398
0.04689972
-0.05135640
-0.02174192
0.01387999
-0.01110006
0.00418975
0.01018839
-0.01845174
-0.02297346
0.02785840
0.04278168
-0.04846561
-0.01639511
-0.00420889
0.02493133
-0.04014999
-0.04825417
-0.04647688
-0.02879169
0.02479350
-0.03234833
-0.01452221
0.02177229
0.05364303
-0.02084268
0.00714864
-0.01668294
-0.04231974
-0.00129310
0.05371125
-0.02769673
-0.01912663
0.03111000
-0.00822343
0.04253784
0.01010508
-0.02647854
-0.02130984
-0.01087878
0.01845429
-0.01526086
-0.04609452
0.05684516
0.04819035
0.04534327
0.01129336
-0.00660295
-0.02726354
0.00118478
-0.01139541
-0.00983372
-0.05009438
0.00004692
0.03181797
0.03239512
-0.05108928
0.01519491
0.02432729
0.02357792
0.01128916
0.00565559
0.02660326
0.02150092
-0.01761326
-0.01075782
0.01104694
0.02276287
0.00895470
0.03590346
0.02898243
0.03266560
-0.03469586
0.05961252
-0.01561149
0.01152796
0.04284586
0.03418044
0.00497398
-0.02655824
0.02096650
0.00151732
-0.01236176
-0.03808204
-0.05149574
0.03142885
0.00403441
0.01487772
0.02435859
0.00433909
0.00052307
-0.03926238
-0.02951539
0.04505233
0.04457268
0.00976398
-0.00865693
-0.03900151
-0.01838458
-0.01924108
-0.04445653
-0.00556138
-0.02169018
0.04609519
0.02964490
-0.01410579
0.01670944
-0.04645911
-0.01413415
0.06295930
0.02490712
-0.03035050
0.02356424
-0.00549301
-0.03690503
-0.03450519
0.03460506
-0.02754356
0.04772983
0.03524234
0.03159067
-0.01594471
-0.02262989
0.02491620
-0.02879658
-0.03768046
0.00126749
-0.01571676
-0.04256439
-0.03034804
-0.03876382
-0.05117384
-0.03834491
0.02948047
-0.00881877
-0.05400440
-0.00485240
-0.01930383
-0.02202337
-0.00894233
0.03508141
-0.02252403
0.04090305
-0.01160773
0.01162693
0.01991925
0.00739119
0.02389741
0.02858080
-0.00850186
0.01986421
-0.01040827
0.02779672
0.03410788
-0.02590727
-0.01662059
-0.04023498
0.03634531
0.02444928
-0.00657068
-0.04810650
0.00993389
0.05313917
-0.03827943
0.02545248
0.01635305
0.02471782
-0.01654765
-0.02524420
0.01597619
0.01022316
0.04393454
0.00717456
-0.04641292
-0.03238007
-0.00925783
0.03605066
0.03249638
0.00643557
-0.02664412
0.01785372
0.00846092
0.01328430
0.03679700
-0.05772432
-0.03237125
-0.05129711
0.03409890
-0.04999255
0.01996006
-0.05199612
0.00908546
-0.03225109
-0.02446655
0.00386468
-0.02640576
-0.00500461
0.03105303
-0.00410591
-0.03646142
0.02039404
0.02358660
0.03594103
-0.03823981
-0.04327914
0.03118231
0.00052123
-0.04808645
-0.06511506
0.01713243
-0.02283854
0.05238768
-0.01813819
-0.00846200
-0.00438793
0.02473523
0.02177817
0.03263821
0.00480088
-0.01022776
-0.03699945
-0.04803874
0.00779776
-0.01764318
0.02115129
0.02576825
0.01932696
-0.00434910
-0.00419674
-0.01203013
0.04048657
-0.05156698
-0.02740477
-0.02353933
0.01271796
0.00915920
-0.00193634
0.02538585
-0.05429588
0.03532073
-0.01349852
0.03194074
-0.02447656
0.00694106
0.02792857
0.04970304
0.02112680
0.02039279
0.00090678
0.02912525
-0.00460672
-0.03719167
-0.01393931
0.02019890
0.01620325
-0.03353732
-0.02636545
0.00867543
0.04555572
0.04901715
-0.02101853
0.06471348
0.03858195
0.02631263
0.03384382
0.04194731
-0.02957519
-0.01695376
-0.04850927
0.05204121
0.01852611
-0.03071914
-0.04086528
-0.00212890
-0.04999731
0.03958914
-0.00891057
0.02636104
0.03065864
-0.00496802
-0.03996930
0.00907477
-0.00257903
0.09819436
-0.00293505
0.03310604
0.07661665
0.05709665
-0.01052589
0.03121085
-0.06512143
-0.04152685
0.00136231
-0.00047395
-0.08331451
-0.00131297
0.04730351
-0.04459615
0.02484814
0.03283322
-0.05097897
-0.00163935
0.01533017
-0.05733048
0.00107273
0.03690546
-0.01120624
-0.04119771
-0.04417229
0.04138082
0.02843456
0.00247869
0.05130208
0.01823383
-0.05026008
0.01067895
-0.03567635
0.05627020
0.04756914
-0.02686969
0.03258035
-0.03126338
-0.04567168
0.06430707
0.01814611
-0.01872295
-0.03048580
0.01110343
0.06603611
0.06011238
0.04288213
0.04235810
-0.01321607
-0.03513935
-0.01351301
-0.01653497
-0.02314599
0.01369228
-0.00743383
0.06129419
-0.04344934
0.07821095
0.04567694
-0.01020420
-0.01999171
-0.07095256
-0.00563290
-0.01345930
0.00905292
0.00887495
0.01038932
0.04165621
-0.03235114
-0.01870965
-0.07753298
-0.02928667
-0.05490835
0.02444931
-0.05119363
0.06639457
-0.02512727
0.00986434
-0.02411886
-0.01697869
-0.00550114
0.03026534
0.05807801
-0.06044678
0.02600309
-0.00345748
-0.03884386
-0.02020693
0.06561688
-0.04055075
-0.00853576
0.02913344
0.02597821
0.02475188
0.03332390
-0.05554655
0.02626357
-0.02549760
0.08727495
-0.00613226
0.04234488
0.00908168
-0.04865017
0.01078867
0.00878184
-0.04796464
-0.00350329
0.03067544
-0.06540807
-0.05264176
-0.01382888
-0.04320344
0.04329649
-0.00427233
-0.01054110
-0.04624811
0.03717131
-0.04941499
-0.01867884
-0.01513856
0.05680118
0.02495310
0.03542738
0.01853061
-0.00536195
0.04239528
0.00704373
-0.04029796
-0.02484659
-0.02588189
-0.01451199
-0.02031292
-0.02043015
0.01038973
0.01311263
-0.00947606
-0.03333913
-0.04269173
-0.00687665
-0.01797297
-0.01003103
-0.05510964
-0.00485132
0.04124854
0.01159407
0.02768829
-0.01661804
-0.01326658
0.03811958
-0.00785731
0.04190463
-0.00580870
-0.04309735
0.07817557
-0.01186219
-0.04178719
-0.05937638
0.02626412
-0.06641583
0.00076463
-0.03749073
-0.07008728
-0.05584495
0.03478775
-0.04955164
-0.03091487
-0.01964835
-0.03787062
0.00901047
-0.04485301
0.00470959
0.00634725
-0.05565717
-0.05997958
0.02415540
-0.04759946
-0.01538622
0.02618296
0.03206536
-0.00948551
0.00886517
-0.04278591
0.01103477
0.03014935
0.03583578
-0.04891183
-0.03766781
-0.05909997
-0.05772563
0.02240288
0.03101910
0.06300560
0.04663242
-0.00713758
0.08472136
0.01969028
0.03410643
-0.03563848
0.03784884
-0.03333561
-0.05518328
-0.00381742
-0.01708478
-0.02532098
-0.03667835
-0.01890654
-0.03692908
0.04413972
0.00607228
0.06024300
-0.07274539
0.02891681
-0.02854253
0.04330683
-0.00954466
-0.01916146
0.05664452
0.01865848
-0.01524020
0.02284389
0.03120473
-0.02019094
-0.04775989
-0.02727450
-0.03866361
0.04457230
-0.05045573
-0.00593044
0.05000936
-0.01977778
0.02698795
0.02410794
0.01781393
-0.04186944
-0.04529177
0.02466840
-0.00617624
0.01697801
-0.02255615
0.02812857
0.01312389
-0.01712469
0.01826280
0.03566353
0.00950793
0.01377233
-0.02246135
0.00327883
-0.00780894
-0.01557037
-0.03126495
-0.04210616
0.02237605
0.05040108
0.03850317
0.01216140
-0.01840515
0.04264196
0.04483621
0.02378058
-0.03991944
0.00235903
-0.00248621
0.04065593
-0.01588130
-0.04932573
0.03009091
-0.00898282
-0.03549137
-0.04263829
0.02327756
-0.01227837
0.04015219
-0.00188864
0.01039087
-0.00291874
0.01705368
0.00696743
0.01953904
0.05237784
0.03243374
-0.02537828
0.02030225
-0.06340986
-0.02639918
0.02193028
0.05295128
-0.00656786
0.03106665
0.02598182
-0.03176725
-0.01273764
0.02179911
0.02408539
0.02534760
-0.02263925
0.03062870
-0.03339104
0.03214115
-0.01336785
-0.01526090
0.03451030
0.00443851
-0.00441303
-0.03942444
0.06041960
-0.02827210
0.03768167
-0.04777462
-0.00502315
0.03510713
-0.00630756
-0.04995690
-0.04243122
-0.02169683
-0.02140735
0.02105949
-0.01454611
0.04635169
-0.05580331
0.02082657
0.02797505
0.04700083
-0.02416273
-0.00465062
-0.00315776
-0.01294788
0.03277999
-0.00607712
-0.00297066
0.01561381
0.01823603
-0.05434049
0.01007213
-0.04472677
0.00352242
-0.03063079
0.01091000
-0.00096410
-0.01703278
-0.01686999
0.04673116
-0.00124628
0.02648148
-0.03316937
-0.02194523
-0.05130340
-0.01086052
0.02040188
-0.03535075
0.02495415
-0.03751526
-0.03483849
-0.01917361
0.00443888
-0.03315001
0.00658981
0.04719025
0.01289725
0.04211278
0.00506335
-0.01576950
0.04882266
-0.00856493
0.04648675
-0.01057774
0.00473070
0.03144077
0.03673064
-0.01214505
0.04106307
0.00750990
0.02456690
-0.02431037
-0.02075149
0.02839564
-0.00117468
0.03657243
-0.00394600
0.05378624
-0.01699838
0.01719705
-0.03627954
-0.03762112
0.03575137
0.00041040
0.05642664
0.01333898
0.04062212
0.00424180
-0.01655752
-0.05167671
-0.03511120
0.02468874
-0.02054016
0.00479572
-0.00240164
0.00319609
0.00212243
0.04784434
0.01996389
-0.02875103
0.02707907
-0.03328700
0.00977406
-0.01836376
-0.02853023
-0.01360435
0.02293445
0.05685500
-0.02663281
0.04803545
0.00225250
-0.02478564
0.06359272
0.03333313
-0.05997534
-0.00144698
0.03024609
-0.01474548
0.06802867
0.06855269
0.04121159
0.05616737
-0.02494655
0.01349497
-0.01069918
0.05313861
0.02060483
0.04918595
0.02087589
-0.04466184
-0.01236259
0.02127778
-0.03246410
-0.01980901
0.02313234
0.02201838
0.03376134
-0.01258294
-0.02960633
-0.01759303
-0.04578978
0.02199739
0.00139449
-0.00558212
-0.00443634
-0.01507141
0.02885695
-0.01971757
-0.00560445
0.06435072
0.01187246
0.05486200
-0.05510205
-0.03427248
-0.02889122
0.02036159
0.03796255
-0.01649136
-0.03699805
0.02182922
-0.03748488
0.00353534
0.01491306
-0.04973300
-0.01945528
-0.02025696
0.01079839
0.04591776
-0.03920072
0.05720251
-0.05370756
0.00446542
-0.04907551
-0.02320676
-0.03496978
0.02345684
-0.01469050
-0.03573417
-0.03294933
0.04952948
0.01538449
0.00620644
0.01839363
0.02282432
-0.01750355
-0.01097603
-0.00638141
-0.00060804
-0.01296225
0.01897871
-0.00085864
0.00006054
-0.02171381
-0.01712922
0.04407413
0.01009511
0.02866765
-0.02256687
0.04321541
-0.02892501
-0.00054000
0.01849631
-0.03634914
-0.03008416
-0.02631780
0.01361028
0.00440855
0.04164514
0.03492464
0.01467654
-0.02362579
-0.02523819
0.04509522
-0.04416376
0.02823707
0.04687633
0.03532939
0.00234699
0.00110006
0.00600382
0.02841949
0.00454611
-0.04679539
0.03625010
0.02407068
-0.01438472
0.00461562
-0.01335066
0.02418369
0.04591423
-0.05098946
0.03405894
0.01154010
0.01419905
0.02362104
0.00934962
0.03021346
-0.03412209
0.00047824
0.04308961
0.02401224
0.03910135
-0.00277574
-0.02535586
0.01205659
0.03219057
0.01893024
-0.04235657
-0.05519386
-0.00263583
0.01247992
0.03432318
-0.03841479
-0.03230122
0.03144860
0.03272553
0.02383846
0.03226956
-0.05118011
-0.03209888
-0.02343040
0.00065886
-0.04534528
0.01751029
0.04214296
0.02026835
-0.02859746
0.04939155
-0.00642001
-0.02410396
-0.04162988
-0.01384731
0.00638510
0.02454316
0.04097152
-0.00036922
-0.03244320
-0.00805979
0.01262809
0.02112547
-0.04812713
-0.00331566
0.04360560
0.00489647
-0.03657740
-0.00695550
0.00841281
0.04858905
0.00933339
0.04320047
-0.00205429
-0.03746408
0.02071866
-0.01025224
0.00484439
-0.00941021
-0.00297130
-0.04275117
0.00202456
-0.04119101
-0.00031626
0.00083203
0.02346648
-0.02461543
0.03978254
0.04397450
0.00593179
0.01786290
0.00725798
0.00356689
0.02787948
-0.02146802
-0.01813566
-0.01134037
0.00823042
-0.00270043
-0.04120141
-0.01189251
-0.00552471
-0.01296894
0.01472313
0.04878029
-0.01754663
-0.02189137
-0.00417031
0.01443960
-0.02444983
0.04382797
-0.04641258
0.00008767
-0.03026883
0.02804036
-0.03744210
-0.02608087
-0.02748330
-0.04218033
0.02670057
0.01210519
-0.02048642
0.03301256
-0.02142177
-0.05120787
-0.04633749
0.00489202
0.01962520
-0.02417349
0.03631429
-0.00024923
-0.00691228
-0.02011851
0.02142847
0.02654652
-0.04325019
0.00447808
0.00297026
-0.04491707
-0.03073125
-0.02842051
0.03395957
-0.01919466
0.04006163
0.00166068
0.03408503
-0.04629737
0.01330041
0.03877767
-0.03385676
0.03578361
0.01388994
0.01313767
-0.00227740
-0.04264706
-0.01728235
-0.01926233
-0.00944440
-0.00892213
0.03522433
0.04371281
0.02338186
-0.02877838
0.00073069
0.00972121
-0.02512759
0.03896646
-0.05144690
0.03137365
-0.00353898
0.04961187
0.03871296
0.01663379
-0.01227907
-0.04798177
0.01591478
-0.02869083
-0.01820197
0.00765238
-0.01647609
-0.04030739
-0.00199274
-0.01745923
0.00985492
-0.02940833
0.00783900
-0.03388464
0.03788428
0.05828053
0.00879725
-0.03728000
-0.00445376
0.03207337
-0.04171768
0.00675439
0.02187939
-0.04669876
0.03417221
0.01290258
-0.00938650
0.00122511
-0.04165410
0.04393388
-0.00752524
0.01357070
-0.00592524
-0.04095400
0.02985906
-0.00509078
-0.00438423
0.00847705
0.01363004
0.03225119
0.02257863
-0.01127291
-0.01057761
0.00603930
-0.03911537
-0.01470959
-0.01871443
0.00185741
-0.00377253
-0.05307049
0.01466939
-0.03619174
0.02304983
0.03203577
0.01860188
-0.01692392
-0.04484817
0.04328724
-0.00393605
0.00831180
0.02558250
-0.00874844
-0.05670105
0.01231445
-0.00970625
0.01680789
0.05754116
-0.03850116
-0.02171342
-0.00221161
0.01060202
-0.02174811
0.05410977
0.00874446
0.01891355
0.01244765
0.01841277
-0.04466265
-0.01177044
-0.00352081
0.01154308
0.04731985
-0.05425820
0.01753125
0.00223234
0.00872292
0.04934749
0.01860274
-0.01366547
-0.00804812
-0.03385886
-0.01156172
0.00925175
0.00440164
0.03168537
0.02716057
-0.04205423
-0.04137247
-0.02668582
-0.04323132
-0.02169993
0.02282216
-0.03165138
-0.00438830
-0.00694521
0.04030885
-0.00829762
0.00958330
-0.00622558
-0.04001524
-0.03897181
-0.03720412
-0.02512495
0.04929778
0.01275421
0.00734776
0.00123929
0.02796410
0.04411925
-0.05321075
0.01889494
0.00562786
0.01782566
0.02882190
-0.00697232
-0.00380347
0.05050671
0.03023769
-0.03668420
0.03793063
-0.02344962
0.04548102
0.01193731
-0.04092784
-0.06027858
-0.00184822
0.01996307
-0.00218546
-0.00220786
0.03532390
-0.01003293
0.03132351
0.06197294
-0.03820303
0.01841908
0.04086351
-0.01424817
0.00927839
0.00249297
0.04367943
0.01017754
0.00555712
0.07932255
-0.04018823
0.03847726
-0.03655704
0.02731715
0.03706416
-0.05263540
0.00723551
0.02940817
0.00119609
0.04177639
-0.00430487
-0.04590812
0.04660370
0.01568404
0.02110360
0.01358758
-0.03099684
-0.02264929
0.02326760
0.03992691
0.03749901
-0.04735463
0.05713302
-0.03594897
0.01556943
0.04113520
0.04372083
0.04978911
0.01310063
0.00859544
-0.05351922
-0.03214141
0.00370542
-0.00874053
-0.02175438
0.01130098
0.02077902
-0.01789688
0.02541723
0.03668063
-0.00026759
0.01498781
0.02905581
-0.02665371
-0.01218177
0.04781233
0.03693490
-0.00221830
0.03638384
-0.03454467
-0.04416702
-0.04314359
0.02631969
-0.03708984
-0.01426136
0.03606131
-0.00292542
-0.03992446
0.03313778
0.02168145
-0.04885839
-0.03275970
-0.01933589
0.04268469
-0.03241191
0.01256596
0.03421155
-0.00765621
-0.00093077
-0.01635448
0.07317233
0.03768946
0.05125589
-0.01065145
-0.01999236
-0.05183446
-0.06914864
0.00199118
-0.03073484
-0.04067957
0.00358862
-0.03936927
-0.06980232
0.06182384
-0.01486960
0.08992194
0.02315938
-0.05672009
-0.00905774
-0.02804500
-0.06279942
-0.01069519
0.04704700
0.03540593
-0.05445507
-0.03284600
0.03037135
-0.05771448
-0.04552697
0.02755962
0.01143805
-0.00304450
0.01886084
0.02760095
0.05241353
-0.00340806
-0.01227982
-0.06246101
0.00285697
0.05133952
-0.04567715
-0.02622476
-0.03074705
0.06927884
-0.04899770
-0.04050845
0.08080678
-0.04255146
-0.02307243
0.00666685
-0.01226805
-0.04225945
-0.00148430
0.01664630
0.03680228
0.00009950
0.03882242
0.04717157
0.03649732
0.00884150
0.06018956
-0.03680356
0.01535273
-0.00044311
0.02848680
0.01000909
-0.03907987
0.00729636
-0.01505590
-0.01298132
-0.04557902
-0.05828040
0.02674231
0.02067048
-0.03826646
0.03676762
-0.02260795
0.04020490
-0.00622616
0.01471155
-0.00162646
0.01807047
-0.02610995
-0.00046643
-0.02485794
0.03419433
0.03799443
-0.03365400
0.01210479
0.00517144
0.02024686
-0.03628911
0.03689512
0.04830441
0.04380608
0.02488284
-0.04729604
0.04811458
0.02455116
-0.00798404
0.00310867
-0.01147632
0.03878894
0.01383419
-0.01505111
-0.02048643
0.02088112
-0.00972814
0.03003899
0.00893245
0.00487734
-0.02325433
-0.04527380
-0.00740826
0.02403792
0.01458143
-0.02841160
0.03583327
-0.03001314
0.04328330
0.04884761
0.03676993
0.04701827
-0.01546363
0.03068542
0.01702583
0.02293243
0.00933999
0.02262874
-0.02304427
0.00534665
0.01003561
0.02187382
-0.03009573
-0.02587062
-0.00508512
0.01044060
-0.03654611
-0.02561438
-0.02161910
-0.03414869
0.00589492
-0.01726645
-0.03242519
0.02033744
0.05328395
-0.01332649
-0.03261894
-0.04225735
-0.04376058
0.04746689
0.00135432
0.00457294
0.00602223
-0.02563216
0.00768255
-0.03136447
-0.03270154
-0.02735848
-0.03969282
-0.04045020
-0.00470675
-0.02409426
-0.01101238
0.00482945
0.00777040
-0.04908010
0.02529489
-0.03437586
-0.02554412
-0.03030626
0.03898693
-0.00389076
0.04710373
-0.00280299
0.01821567
0.02270490
-0.04288324
-0.02181633
-0.00236005
0.02501226
0.03145931
-0.00786103
-0.03978001
-0.00679591
-0.00200052
0.02954224
0.01900410
0.01116747
0.02009292
-0.03941299
-0.04335392
0.02884180
-0.01516628
0.02513454
0.01061486
0.02863104
-0.03931943
-0.00924794
-0.00690858
-0.00629251
0.02505348
-0.01117114
-0.01833107
0.03487201
-0.03298185
-0.00623782
0.05354830
-0.04747706
-0.02416411
0.00051133
-0.04199896
-0.02984563
0.02701633
-0.00970594
-0.03597716
0.00351934
-0.04313846
-0.00380945
-0.04617814
0.03032973
-0.03574637
-0.01239918
0.02878561
0.01193759
0.00994367
-0.00547385
0.03952670
0.02499727
-0.03628024
0.05119091
0.00397913
-0.03843656
0.02675174
-0.04832310
0.03402038
0.03748047
0.01461345
0.04267816
-0.03786878
-0.04707429
-0.01973426
-0.01822090
-0.02752975
0.05274422
0.01693627
-0.00735026
-0.03946488
0.01816893
0.02997289
0.02409266
-0.01338629
-0.00781440
0.01024507
0.04947393
-0.00073980
0.05533534
0.02774603
-0.04384200
-0.00638501
-0.04958953
-0.02822465
0.01014001
-0.03973197
-0.01606511
-0.00529910
0.03677897
-0.02098948
0.01160420
-0.00413401
-0.02008105
-0.03483741
0.02245924
-0.03619764
-0.01811826
0.00408650
0.00313676
0.02453432
0.00430102
0.05221526
0.04964504
0.04603797
-0.02697978
-0.00680921
0.01202205
-0.03409190
-0.01310281
-0.00034749
0.01339513
0.01489302
-0.02489918
0.02135933
0.00956796
0.01087713
-0.03551401
-0.05010960
-0.00336885
0.03345657
-0.01788583
-0.00688856
-0.03714207
0.05068288
-0.03019898
-0.01158429
-0.00154321
0.04404908
0.04550439
0.00731321
0.01473768
0.03816544
0.03687469
-0.00312825
0.02437146
0.01713825
0.00783731
-0.02217469
-0.04652314
-0.03410970
0.04800900
-0.00056584
0.00636541
-0.04299043
0.03532430
0.00051817
-0.01929121
-0.03838038
0.00872994
0.04903086
0.04570121
-0.04077726
0.00270583
-0.01403092
0.03746912
0.00264256
0.01046242
-0.02326506
-0.00879311
0.02589277
-0.03212664
-0.00686444
-0.01256326
-0.02980603
0.00345496
0.07982177
0.03147610
-0.00988357
0.07832538
-0.00276757
-0.02221536
0.03966855
-0.01906438
-0.04632624
-0.04635211
-0.01917653
0.00715428
0.07130820
0.00649317
0.04134826
-0.01410956
0.00715091
-0.06940906
-0.01138466
0.02242210
-0.03953530
0.04636194
-0.04615399
0.01994607
0.02060901
0.05693942
0.03225363
-0.03128384
0.03505773
-0.03473002
-0.04233117
-0.00338440
-0.03814712
-0.04491303
0.03637275
0.03488965
-0.02980825
-0.04354454
-0.06490222
0.00309393
0.00992831
-0.01456969
0.01764837
-0.06008485
0.05369006
-0.05234985
0.01657226
-0.04120843
-0.04079125
-0.04032803
0.06814016
0.00905470
-0.03471373
-0.05092493
-0.04134551
0.01446773
0.02234947
-0.02672838
0.04285142
0.03723045
-0.05106282
-0.02268882
-0.02563248
0.00096309
0.04010656
0.01606750
0.01179314
0.01690134
0.06365903
0.05459925
0.00045585
0.00271023
-0.03117136
0.03312857
0.01015321
0.03438957
0.01254049
-0.02685491
0.06079940
0.07042325
0.01277571
-0.00364508
0.01830895
0.02516376
-0.03047132
-0.01881251
-0.04061132
0.02998600
-0.07879204
-0.02094957
-0.03949535
0.02366527
-0.03793704
0.02806220
-0.04520423
0.02111541
0.01077575
0.07856587
-0.00037905
0.02094258
-0.04140650
-0.00770442
-0.06313684
-0.02101072
0.07578393
0.02181893
-0.04034451
0.03546559
-0.03784141
-0.04176150
0.04863623
0.01022448
-0.01761764
-0.00657328
-0.03086091
-0.04663674
-0.06853560
-0.00261025
0.00157387
0.00327336
0.09640725
-0.00209526
0.02591234
-0.02310855
-0.00849456
-0.01989030
-0.01003058
-0.04706145
0.01627984
-0.05274313
-0.06527010
0.02970540
-0.04911387
-0.00892790
0.05099918
-0.04648414
0.02771854
-0.02718755
0.04490513
-0.02091347
-0.02737406
0.00165863
-0.01736986
0.01563854
-0.06575844
0.03254472
0.00120856
0.02859141
0.03281040
-0.00712722
0.05560526
0.04893588
0.00057254
-0.04231498
0.00133524
0.03340587
-0.01352766
-0.03855127
0.04186761
-0.05597841
0.05186235
-0.03501268
0.01958494
0.02337241
-0.02203830
0.00345725
-0.01832748
-0.00320515
0.03261463
0.01654973
-0.04067371
-0.02282922
0.04154920
-0.03306701
0.01616869
-0.03375656
-0.00779739
0.03372930
-0.06541917
-0.01292285
-0.03919778
-0.05238437
0.02476217
0.03153921
-0.06512047
0.05815277
0.02798959
-0.03275149
-0.00360380
0.01668558
-0.03182900
-0.04258227
-0.00888812
0.01908057
-0.00773694
-0.00588992
-0.06445962
0.00652897
0.03658210
-0.05624390
0.01247815
-0.03356481
0.00532621
-0.03418117
0.04438625
-0.02527930
-0.03826933
-0.00162202
0.00865873
0.00530424
-0.05961179
0.02094516
0.00903111
0.06355213
0.08488004
0.03096760
0.03711676
0.03888467
-0.03348176
0.03002755
0.01950619
0.04477925
-0.00236478
0.02300840
-0.03497286
0.02608214
0.03564118
0.00624399
-0.04649991
0.02963211
0.03973769
0.05395909
-0.08035860
0.02899788
-0.00384555
0.04388624
0.06225626
0.01716494
-0.04708533
0.00940689
-0.01287817
0.05989287
0.01765026
-0.03267637
-0.03249799
-0.01284373
-0.04616174
0.01264966
0.06021143
-0.03871937
-0.04225968
0.04017093
-0.03409493
-0.01038633
-0.00286182
-0.04060872
0.00327193
-0.04806176
-0.00425830
0.02011203
-0.04337271
0.00747786
0.00235303
0.04411161
-0.01359580
-0.00294328
-0.04438284
0.03353440
-0.02731968
0.00159329
0.00501831
-0.00178455
-0.04175563
0.03410975
0.02657693
0.03391773
-0.00887372
-0.00634156
0.01832558
0.01390619
-0.04695789
0.04199218
0.02193515
0.03248419
-0.02173600
-0.02957659
-0.02927236
0.02030126
0.03535461
0.02630179
-0.03464069
0.03735361
-0.03409354
0.04422643
0.04431850
0.00625545
-0.00573770
-0.01034717
0.00625902
-0.00943860
-0.02803240
-0.02203791
-0.00214614
0.01227676
-0.02978900
0.05410996
0.00680487
0.01433284
-0.02981267
-0.03054730
-0.02140214
0.04621299
-0.03094764
-0.02418733
-0.04371041
-0.02402871
-0.04893350
-0.02508519
-0.01809032
-0.00074381
0.03932054
0.02998027
-0.01632709
-0.03074146
-0.04600358
-0.05527683
0.00267743
0.00195598
-0.00257255
-0.05087255
-0.02648466
-0.04035845
-0.03542088
-0.05491094
0.04715582
-0.00872140
-0.02681040
0.00216727
0.04501766
0.00181455
-0.01604489
-0.03708341
0.04840025
-0.01306124
-0.03232277
-0.02865976
0.03977799
-0.01437172
0.04034968
-0.02372232
-0.05218485
-0.02959787
-0.04933448
-0.02515372
0.04545987
-0.00570286
-0.04026511
0.00785942
-0.00419425
0.05306194
0.03544627
-0.00419083
-0.03395842
-0.02416184
-0.01396934
0.04496020
-0.03060043
-0.02872318
-0.02686023
0.01476920
-0.02468265
0.02296304
-0.00125925
0.02685619
0.00192705
0.03818931
0.00767917
0.00413418
-0.02935052
-0.00788277
0.04599348
0.02612567
0.02931864
-0.05483842
-0.01796760
-0.06031929
0.04747968
-0.00656613
0.06373429
0.02822181
-0.00024027
0.04038612
-0.00078833
-0.00789457
-0.02159228
-0.02985959
0.00266352
-0.02454783
-0.00566847
0.04066804
-0.02923900
-0.00868438
-0.03629985
-0.00853056
0.03476240
-0.01150529
-0.03507820
-0.01246138
-0.00729856
-0.02650950
0.04638757
-0.00969926
-0.02678968
0.03183930
0.02362568
0.02579434
0.00794251
0.04278395
0.02391658
-0.04194776
0.02885402
-0.02392250
-0.00184508
-0.03044134
-0.02380644
-0.03486758
-0.04304931
-0.00754842
-0.03526495
0.04265125
0.05127157
0.01834402
0.03446945
-0.03558732
-0.00935567
-0.03806520
-0.01129503
-0.00379897
-0.01065199
0.00532033
0.03179521
0.04184722
0.02034690
-0.00004047
-0.00763093
-0.03876487
-0.04467018
-0.04184372
0.00065320
-0.03593458
-0.01837877
-0.04437656
-0.01512118
-0.02753271
0.04890702
-0.05100163
-0.00561223
-0.03659529
-0.01478573
-0.02769810
-0.00187168
-0.03137338
-0.00036033
-0.04811890
-0.02301541
-0.05561546
0.00239474
0.00705859
0.01796383
0.03496530
0.05533698
0.07122862
-0.04546807
-0.05330228
-0.02402921
0.05176869
-0.03067194
0.01010803
0.03047849
0.03401775
0.03048151
0.05090155
0.01323538
-0.02933715
-0.00065127
0.05148390
-0.00835349
-0.02304180
-0.04687928
-0.04986370
0.02620393
0.02716424
0.03217097
0.04307687
-0.00859468
-0.04809434
-0.03319746
-0.02941251
0.03689035
-0.00114650
-0.02162852
-0.01209423
0.05448152
0.02442756
0.01248204
0.03035403
-0.00534591
-0.04944022
-0.04908316
0.04674762
-0.00666021
0.00031546
-0.04513822
-0.00393601
-0.01352938
-0.01437256
0.00068754
0.02374690
0.04608737
0.02795443
0.04738588
0.01510295
0.04742941
-0.00851472
0.01816452
0.00352598
-0.01094020
-0.04013793
0.00809665
-0.04929539
-0.00666773
-0.02774975
-0.04975021
0.02637668
0.00778679
-0.02339614
-0.04854892
-0.03737167
-0.04194718
-0.04498618
-0.04835120
0.02549246
0.01630221
0.03667288
0.01270243
0.02793994
0.01768209
-0.03514891
0.02796570
0.02111120
0.00969033
-0.01472034
-0.01659689
-0.02085892
0.00766635
-0.03145980
0.02661161
-0.04358687
0.03839747
-0.04976251
0.03915146
0.02524923
0.01532732
-0.03481238
0.01569732
0.03893744
0.00519363
-0.02549846
-0.02345545
-0.01442401
-0.01610199
0.00280796
-0.01436182
-0.03502406
-0.02069256
0.01731663
0.03684699
0.04049956
-0.02549283
-0.05230759
0.03213994
0.03897441
0.02495575
0.03270851
-0.04097121
0.04645316
0.04539982
-0.02315303
-0.01956025
0.03037165
-0.02998275
-0.04199594
-0.00421313
-0.01541887
0.01721527
-0.02039106
0.04598274
0.04201971
0.02083469
-0.01386931
0.00535392
-0.00085138
-0.00453963
-0.02077747
-0.03764543
-0.03411948
0.04214735
0.03855402
-0.02025879
0.00362507
-0.02054614
0.00223718
-0.02238643
-0.03734178
0.03023823
0.03019038
-0.02816516
-0.02230032
0.03165124
-0.02309591
0.02414500
0.01148952
0.04698404
-0.03790028
0.01779411
0.04009544
-0.00779545
0.00237721
0.01741685
0.02155778
-0.03139926
-0.03487575
0.00515005
-0.02426052
-0.02621194
0.00693013
-0.02304051
0.00365729
0.02268519
0.04480157
0.04089829
0.02511846
-0.02236950
0.03658435
0.00136355
0.04546136
0.03287744
-0.03602507
-0.00551094
-0.03281937
0.03481938
0.03234095
0.00759862
0.03294628
0.04247823
-0.03927705
-0.00199586
0.01560775
0.02607707
0.03547706
0.02269167
0.00115951
-0.01004473
0.04544042
-0.00704809
0.05827647
0.04570613
0.04745021
-0.03837934
-0.03422435
0.00656160
-0.04882813
-0.00793382
-0.01602773
-0.01429928
-0.00142894
-0.00450114
-0.00624565
-0.01785984
0.01929806
0.00834281
-0.04628273
0.03345557
0.01165302
0.00535408
-0.03722125
-0.04267824
0.03556274
-0.00996967
-0.03968542
0.02104510
-0.00416053
0.01157169
0.02380622
-0.02536339
0.01500127
0.01666400
-0.03379825
-0.01643299
0.00232735
-0.00703531
0.04287295
-0.04187648
-0.04328012
-0.04595192
-0.04623763
0.02698125
0.02329486
-0.04180200
-0.03325550
0.03311902
0.04182599
0.02445098
-0.03228129
-0.05087543
-0.05125352
-0.04957723
0.02317702
0.00337173
0.00487149
0.04785186
0.00848896
0.04349383
0.01229064
0.02337732
0.00193599
-0.03347781
0.00601647
-0.03242379
0.02772068
0.04971557
0.03163910
-0.01978392
0.04828309
-0.01360923
0.00357849
0.02045646
-0.03055480
0.01328451
0.00129883
0.00588944
0.03761985
0.01667922
-0.05353727
-0.03626233
0.03353546
-0.00840896
0.03714748
-0.03936457
-0.04618476
0.00462393
0.00962868
0.02167376
-0.04885148
-0.04976376
-0.04279153
0.03724106
-0.01394462
-0.02768911
0.03243909
0.05191397
-0.04276318
0.02865504
-0.03019656
-0.01839053
-0.02087855
0.06199235
0.00447089
-0.03879312
-0.04542984
0.00309607
-0.05592928
0.01707291
-0.00859110
-0.02821399
0.00543076
-0.00765603
-0.01164357
0.04433036
0.05839188
0.04859030
0.04516587
0.01938186
-0.03527745
0.03411988
0.02139570
0.04797994
0.00564046
0.04766435
0.03750014
0.05211186
-0.03324359
0.06706390
-0.00833075
-0.02722793
0.02401090
-0.00820149
0.02993381
0.03156514
-0.03811248
-0.00358406
0.03929200
-0.01504933
0.00054897
0.03779453
0.07155717
0.00500296
0.01446768
-0.01333772
-0.06362397
0.04428639
-0.00251714
0.01356790
-0.03705062
0.00269717
-0.01880474
0.00119774
0.04225614
-0.05185147
-0.03728696
0.01458332
-0.02845758
-0.03210865
0.01526158
0.00086980
0.03470090
-0.00427234
-0.00029437
0.05890767
-0.02659372
0.03824898
0.02149992
0.02416885
-0.00064560
0.01477485
-0.01872310
-0.05978805
-0.00431365
0.00260966
0.03029875
-0.01221163
-0.03181889
0.04654491
0.05146394
-0.04395566
-0.01807992
0.03247612
0.02241835
0.07467928
-0.00294063
0.04245479
0.04801883
-0.04621416
0.02569713
-0.03801673
-0.00384410
0.05910824
0.04023300
-0.01748984
-0.00511368
-0.01315371
0.01598867
-0.01333799
-0.00976619
0.04463034
0.05439634
-0.04513796
0.02475473
0.03705960
-0.01833405
0.00200714
0.08110499
-0.03188201
0.02148009
-0.04085618
0.01105985
-0.01250700
-0.00227965
0.01893915
0.06401858
-0.00269902
0.00434322
0.00683105
-0.03791073
-0.00634221
-0.04238269
-0.04142520
-0.01314077
-0.06777967
0.07785974
-0.02290430
0.00016230
-0.04568135
-0.01776202
0.05082827
-0.01733294
-0.00703837
-0.01613341
-0.05166979
-0.01008129
0.02161964
-0.03319403
-0.03943974
0.05730266
0.01155390
-0.00223497
-0.04113234
0.03917434
0.02399938
-0.00242335
0.02119339
-0.03979161
0.00459541
-0.03800598
-0.04214726
-0.02274374
0.02144854
0.00243024
-0.04464135
0.00057701
0.00818935
-0.04395197
0.04663325
0.00519233
0.02581545
0.06274836
0.04359793
-0.00822091
0.03778899
-0.02452673
0.03214436
-0.03255286
-0.01916492
-0.04853528
-0.03738219
-0.04651881
-0.01107239
0.02460109
0.03720868
0.02673793
-0.03421458
-0.05061457
0.00209453
0.05878847
0.05303993
0.03022615
0.03303676
-0.00286178
0.02017480
-0.00932819
0.03613434
-0.01551806
-0.01817241
0.00685585
-0.05336273
-0.02935414
-0.03030114
-0.01590876
-0.00907771
-0.04215720
-0.01009199
-0.01998887
-0.01496495
0.04545492
0.01967024
-0.01064466
-0.00326085
-0.01810322
-0.01716522
0.02990990
-0.05439626
-0.00864439
-0.03733046
0.02868031
-0.00182130
-0.04600102
0.06592692
-0.02125438
-0.02544412
-0.01695714
0.02450045
0.03504545
-0.01149926
0.00093759
0.00152128
-0.06268569
0.01700551
0.01760748
0.03211270
0.04931605
-0.00619148
0.02150332
0.01874577
-0.03296219
-0.03654090
0.01155265
0.03372096
0.02505984
-0.01526632
-0.01609821
-0.02254821
-0.02983696
0.03241673
0.01179843
-0.02536964
0.01690860
0.04868495
0.05216435
0.01322707
-0.03124210
-0.02838516
-0.00554206
0.03108108
0.02787520
0.00330790
-0.02726319
-0.04832697
-0.03451668
-0.00469913
0.03720630
-0.00693672
-0.02764534
-0.00737064
-0.00603628
-0.04525686
0.02471568
0.00814737
0.02974268
-0.04241182
-0.00695884
-0.01693096
-0.02122242
-0.02894934
-0.04227068
-0.01706345
-0.01371846
0.01070666
-0.03328938
-0.03659079
0.01049875
0.01727315
-0.02181032
-0.02342450
0.02339689
-0.04235835
-0.04431825
0.00981817
-0.02425746
-0.03720406
0.03835692
0.03228796
-0.00841243
-0.04751170
-0.03022053
-0.04926802
-0.02964209
-0.03890480
-0.02321396
0.00668466
-0.04350751
-0.01581014
0.03057363
-0.04101523
0.00591721
0.01662749
-0.00904655
0.00614025
0.02723214
-0.03779664
-0.00082241
0.03718867
-0.01633424
0.02309454
-0.04992131
-0.00316243
0.04974357
0.00753957
-0.01490448
0.02562084
-0.02204331
0.04685343
-0.03386588
0.01420302
0.01576483
-0.03866224
0.01321031
0.04601099
-0.01946390
0.01137683
0.01955264
0.00876091
-0.03835117
0.03441489
-0.02635990
0.02940331
-0.01964939
0.03802871
-0.02046970
-0.01322276
-0.00381117
-0.03698098
0.03795158
-0.02196938
0.00771147
0.04203496
0.00254514
0.03595814
0.01906827
-0.03813344
0.04340436
-0.00006327
0.04299188
0.04186448
-0.04101302
0.04529705
0.02860903
-0.01130673
-0.04566618
0.04426062
-0.01869683
0.03264423
0.02599320
-0.02031063
0.00714110
0.00056832
-0.02555106
-0.00527329
-0.04755860
-0.00321344
-0.04778116
-0.01671756
-0.00080825
-0.02158391
0.01082293
-0.01878859
-0.01315033
-0.00757306
-0.04452250
0.03550042
0.04393160
0.03622005
0.02342109
0.04488065
0.02427725
0.00611814
0.01373283
0.02635682
0.01775417
0.01169066
-0.04715939
0.04729887
-0.00373281
-0.02566824
-0.00999336
-0.01832875
0.03803186
0.00517123
0.04001503
0.04565627
0.02885863
-0.04784608
0.02813349
-0.03555994
-0.02473665
0.01371860
0.02499066
0.01838126
-0.01766091
0.00240577
0.00942476
0.02737886
-0.03098310
-0.02917231
-0.05007436
0.01991603
-0.04016142
-0.03682502
-0.04315036
-0.03895510
-0.00514324
-0.02484369
0.01076325
-0.03838563
-0.04025164
0.01617541
-0.03028094
-0.02232377
-0.03150906
-0.03203314
-0.02176941
0.03683789
-0.02597033
0.04942518
-0.04075611
-0.01513183
0.01688210
0.02565932
-0.04355593
0.02372289
-0.00772904
0.02432943
-0.04489208
0.04479219
0.04299928
-0.02130916
-0.00966725
-0.04945961
0.02035230
0.01679573
-0.02577155
-0.02156204
-0.00789653
-0.00830091
0.01113540
-0.03851224
0.04658223
0.01240085
-0.02252869
-0.02714371
-0.01342997
0.03429617
0.03141194
-0.03444387
-0.02755956
-0.04867305
0.01922364
-0.01295314
0.02965585
0.03934269
0.03901506
-0.04216230
-0.01967984
0.00272482
0.01819223
0.03796311
-0.04995443
-0.04699976
0.00375317
-0.03802512
0.03273515
-0.01833910
-0.00876432
-0.02253050
-0.00701162
-0.03188402
-0.00207797
-0.03372020
0.04197466
-0.01719512
-0.01895744
-0.02830958
-0.02325949
0.02767652
-0.03952993
-0.01814921
0.01724406
-0.01170977
-0.01879532
0.00815501
0.02804927
0.00494468
0.03643022
-0.00202983
-0.03688789
0.03373981
-0.04294341
-0.04952163
0.00809189
-0.02011588
0.02379614
0.01050613
0.00109023
-0.05346671
-0.03298970
0.00869734
0.00358571
0.01370672
0.01829228
0.02370368
-0.01370775
0.03102803
0.04773784
0.02062115
0.01408241
-0.04670077
-0.03509235
0.03689088
0.05949286
0.02836410
0.00888968
-0.00711287
-0.02400644
-0.04500588
-0.03536996
0.04363039
-0.04898098
-0.01090387
0.02128881
-0.04282612
0.01911952
-0.02036900
0.01708830
-0.03630130
-0.04076342
-0.02660960
0.01086144
-0.03829803
0.02742204
0.01069836
-0.02906824
-0.01786984
-0.01741382
-0.04058272
-0.02518380
0.02600735
0.00006339
0.03094047
0.00029763
0.04351447
-0.03287018
-0.03652003
-0.03341256
0.03458388
-0.00550500
-0.01533885
-0.01467144
0.03549274
-0.04808122
0.01626720
0.01149454
-0.03891102
-0.01747920
-0.01324602
0.02527147
-0.00159465
0.04800690
-0.04012673
-0.02697095
0.01566738
0.02358179
-0.00041297
-0.01033491
0.02451536
0.00682340
-0.03482284
-0.01162915
0.00360874
-0.02720141
-0.02585130
-0.00876135
0.03205338
0.00067827
-0.03427109
-0.04329870
-0.04999555
-0.01514148
0.03576429
-0.03578578
0.00120992
-0.01837818
0.03824320
-0.03303970
0.00855632
-0.02822389
-0.01811096
0.00775838
0.04514980
-0.01397617
-0.02584931
-0.00283845
0.04127599
-0.04039296
0.01933457
0.02068118
0.02874119
-0.01226937
0.05679271
0.01348929
-0.02740563
0.02653390
-0.02537034
-0.02738094
-0.03285499
-0.01004841
0.04726806
0.00542487
-0.03105414
0.04925409
-0.02343770
0.01422555
0.02820894
0.03372103
0.02338766
0.03935597
0.00939586
-0.00364685
-0.01533253
0.01786143
-0.04841977
-0.02843785
0.04021319
-0.03831021
-0.03562728
0.02429044
0.01842255
0.03961825
0.03516434
-0.02735781
0.00525844
-0.00847543
-0.05573586
-0.03929775
-0.03628242
0.00973292
-0.04495960
0.02767919
0.02117864
-0.05125551
-0.04134579
-0.02505016
-0.05236332
-0.03146254
-0.00273424
0.01023729
-0.05522299
-0.00379649
0.02009273
0.00970693
-0.02488709
0.02684263
0.03298853
0.01756705
0.03318003
-0.02755562
-0.00002079
-0.01747796
0.05324804
0.01240839
0.02852629
0.03304389
0.03206437
-0.05748597
-0.01351080
0.04368940
-0.04267957
-0.02476658
-0.00043192
0.02703419
-0.02277569
0.02745720
-0.01266974
0.04147857
0.02689086
-0.00405059
-0.03233749
-0.00910365
0.00690353
0.00670980
0.00357115
-0.02513404
0.04125211
0.00261543
-0.04791936
-0.06011420
-0.01943715
0.01838088
-0.04035324
0.03036370
0.00881008
0.03920268
-0.05321516
0.02834817
-0.01696434
-0.01985156
0.02962081
-0.00698395
0.01266973
-0.00662672
0.02275592
-0.01621713
-0.02538466
0.03250924
0.03447704
0.02087718
-0.01297402
-0.02606450
0.04482302
-0.04512277
0.02459014
-0.04642814
-0.01705513
-0.02948408
-0.00632791
-0.02708058
0.03182672
-0.02274298
0.03859681
0.01569013
-0.00297613
0.01049050
0.00404968
-0.00189250
-0.00537667
-0.02795465
0.02971064
-0.03715275
0.02427965
0.04815332
-0.04701144
-0.00395999
0.03984185
0.03073501
-0.01413146
0.02714185
-0.04309947
0.03648173
0.00275386
-0.06594186
0.01538007
0.03696563
0.04119834
0.02801134
0.03831382
0.01794803
0.01907490
-0.04907416
-0.00343138
-0.03413999
-0.00232680
0.03088984
0.04201358
-0.04865766
-0.03363780
-0.01721651
-0.00882042
0.02098020
-0.02130273
0.05569997
0.03925601
-0.00039759
0.01471662
-0.01011543
-0.03653099
-0.06949106
-0.00284918
-0.05288721
-0.01771638
-0.01186869
0.03239204
-0.01874923
0.00736983
-0.01925703
-0.03118351
0.01543936
-0.03753748
-0.01569020
-0.04121716
-0.05472821
-0.04166729
-0.01245054
0.04167295
-0.01019677
-0.05321506
0.02305718
0.03842849
-0.02093562
0.00087689
0.03745364
-0.04393132
-0.03916178
0.05917805
0.00683077
0.02695745
-0.05801058
0.01923937
-0.00512775
0.07528398
0.05380652
0.03322838
0.02693055
0.06570359
-0.00586951
0.03236248
-0.03601293
-0.01861786
-0.07098554
0.03875215
0.00908261
-0.00585146
0.03047793
-0.05247038
-0.00320109
-0.00607852
-0.00214391
0.03355629
0.02415700
0.01686417
0.00729612
0.02721721
-0.01797010
-0.01821371
0.02343783
-0.03309522
-0.01800746
-0.02668727
0.08305623
0.01758796
0.05684743
0.04124200
-0.02522825
-0.04275616
-0.03002450
-0.02547927
-0.03122965
0.02881829
0.04683084
-0.01961532
-0.02321896
-0.06616577
0.01523019
0.04760859
0.02179829
0.03713316
-0.00718910
-0.01707971
-0.02358144
-0.02807595
0.01112625
0.04467159
0.02908804
0.01639865
0.08185895
-0.01158666
-0.05896565
-0.03289271
0.04450381
-0.05176068
0.02337695
-0.04459766
-0.01460920
-0.00100343
0.01456277
0.07364637
0.01770706
-0.02983405
-0.04693446
0.01103578
-0.02993735
0.03421658
0.04109847
-0.01367803
-0.00380822
0.01292918
0.00960083
0.03731387
0.00578602
0.08265586
0.01202541
0.04656782
-0.01183173
-0.04221199
0.04487029
0.00589962
-0.03628816
0.01024798
0.03787113
-0.03017928
-0.02074721
-0.06802416
-0.04756847
0.00593185
0.00585230
-0.03890495
0.00867736
-0.04178645
0.02200386
0.01380601
0.04593955
-0.02455955
-0.00838078
-0.04575520
-0.02020318
0.07074516
-0.04804941
0.01828783
0.04779382
-0.01893308
-0.04631573
0.00805478
-0.00943162
0.05548450
-0.00812112
0.02210544
-0.02289046
0.04310178
0.00253449
0.00830682
-0.01420379
-0.01960153
-0.00457478
-0.02450713
0.00909273
0.02611237
0.01904120
0.03082186
-0.02268029
0.02672578
0.02285794
0.00520940
-0.02793779
-0.00436635
-0.03199261
-0.03228170
0.04006686
0.06304081
0.02449885
0.02549158
0.00429558
-0.00566445
-0.00551164
-0.04395501
-0.01902446
0.02293921
0.00778517
0.03143175
0.00270932
0.03211585
-0.01314044
0.05229681
0.00953214
0.01989478
-0.02323667
0.01306285
-0.00604810
0.02038932
0.01782158
0.00135941
0.02744549
-0.02852579
0.02293477
-0.01531420
-0.04084151
0.04584882
-0.00295541
0.02079629
-0.01351906
0.00135724
-0.01353734
-0.01558339
-0.03463522
-0.00391008
0.00205698
0.06052235
-0.01345900
0.04826580
0.01626600
0.07984512
-0.03863910
-0.03094256
0.03498643
0.03230252
0.03453147
-0.03226433
-0.05013014
-0.00258931
-0.05616557
-0.02678749
-0.02152981
-0.05568396
-0.01409929
0.03268711
-0.03282024
0.01186155
0.06538100
-0.01484674
0.01149877
-0.00839379
0.02760055
0.04896991
-0.02273859
-0.03352664
0.03711274
0.02783258
0.04245027
0.07251062
0.03099910
0.00294200
-0.00115784
0.01953244
-0.03403862
0.06664433
-0.04182205
0.03360352
-0.00776580
-0.03885876
-0.02591722
-0.01874857
0.00479273
-0.01811459
-0.02044401
0.02306833
0.02815158
0.04265152
-0.00387886
0.01620201
0.04103771
0.04224615
0.03243484
-0.04790539
-0.01897647
0.05762373
-0.04893525
-0.06391855
-0.06225876
0.01170253
-0.04208309
0.01075129
0.01447333
0.00650327
0.03681942
-0.00589230
0.01976000
-0.00036751
-0.03551339
0.00858488
0.01414700
0.03514616
-0.03395000
0.04093460
0.00645599
0.04918669
-0.02046644
-0.00154824
0.03991398
0.06158586
0.04603697
0.01177060
-0.06546850
0.01123467
-0.01559351
-0.00195995
-0.01983427
-0.05901521
-0.00970135
-0.03980600
-0.05329468
-0.02164520
0.00040651
0.04076102
-0.00474395
-0.05012153
-0.04009555
-0.00300363
0.03483400
-0.03856802
0.03827792
-0.00751023
0.00095649
-0.02606826
0.00353664
0.00288632
-0.04013096
0.05007883
0.02098528
-0.00665654
0.01078244
0.05232750
0.04603890
0.03793107
-0.04880204
0.04439330
-0.01096934
-0.01552514
-0.04029926
-0.01642201
0.03665172
0.03994595
0.03768904
-0.00445788
-0.03300056
0.02731023
0.02018668
0.03334624
0.03464970
0.01609048
-0.00427100
0.02965450
0.04658050
0.04852200
-0.03965335
0.04451839
-0.00902198
0.03884928
0.04765712
0.05562931
-0.04006220
-0.02709809
0.05798801
0.02868593
0.00663398
-0.03175377
0.03750421
0.01392572
-0.00929468
0.00822545
-0.05782376
-0.02413591
-0.01584677
-0.02775076
0.01045395
0.01694100
0.00753900
-0.01709243
-0.00562591
-0.01278360
0.00003046
0.00624331
0.00209153
0.03800156
0.05673788
-0.04286210
-0.00724670
-0.02190938
0.03501412
0.05115553
0.01719868
0.00556163
-0.03703266
-0.01052508
0.04467018
0.06537139
-0.00312156
-0.03606978
0.01492610
-0.03876773
-0.05431154
-0.03426413
0.00088157
0.04325716
0.03912054
-0.02530612
-0.01737030
0.00167786
-0.00483357
0.04712671
-0.01317265
0.03439780
0.01764693
-0.05563677
-0.05620468
0.04082899
0.02995078
-0.03030362
0.01699766
0.01960608
-0.00633431
0.01247398
-0.01342462
0.03868059
0.00020537
0.05631691
-0.01138591
0.04084983
0.06994209
0.03006172
0.01991233
0.01612755
0.02252511
-0.00873394
-0.01925426
0.06927273
-0.00914427
-0.05376468
0.01418261
0.05932359
-0.00235549
0.03259130
-0.01875016
-0.07340307
0.04339879
-0.00927206
0.03429005
-0.01302063
-0.00890563
-0.01734821
-0.01673291
0.04341254
0.04894050
0.03770022
0.02488262
0.01316516
0.00246137
0.00696787
-0.03503177
-0.01359168
-0.02783450
-0.03008615
0.04541455
-0.02175717
-0.01574127
0.04929969
-0.00121577
-0.02429203
-0.00024253
0.02711965
-0.00479962
-0.02804057
-0.02304137
-0.07315423
0.01950129
-0.02036113
-0.00811739
-0.01495722
0.04678551
-0.01963807
0.02987560
-0.00620808
-0.03269015
0.04030194
-0.03001960
0.05846625
-0.02070810
0.03517799
0.01169117
0.04186719
-0.04575007
0.00478374
-0.01150833
0.00238215
-0.03636023
0.05588735
0.02594204
0.03639241
0.00245125
0.03634152
0.00242081
0.01740150
0.02223875
-0.05363475
0.03463284
0.04551509
0.01410894
0.00933799
0.04122180
0.04834400
0.01738783
-0.00015977
-0.00778845
0.06336949
-0.01829754
0.04308552
0.04321872
-0.03273286
-0.03591484
0.03504661
0.04150055
-0.02981573
0.00411869
-0.01633485
0.03983577
0.03885296
-0.01285834
0.00042573
0.00706145
-0.00494414
0.00120880
0.03376525
0.04093270
-0.03892406
0.02455225
-0.05109592
0.01943600
0.02085594
0.02809485
-0.02000429
-0.03684182
-0.02510691
0.05258998
-0.02694939
-0.03963385
0.03448552
0.03224045
0.00325383
-0.03613439
0.03138682
-0.04019634
0.01778446
0.02407426
-0.04672012
0.01848489
-0.02047654
0.02291338
0.04941408
0.01068344
-0.05389806
0.04727396
-0.00871501
-0.01759266
-0.00097348
0.03789875
-0.03625757
-0.04363665
-0.00362998
0.01205794
0.00193470
-0.01397513
0.04127878
0.00028228
0.02240343
-0.01616296
-0.00806198
0.02324137
-0.02099948
-0.01360500
0.00377608
-0.02105748
-0.04407896
0.02697531
-0.04420058
-0.03900527
0.02139067
-0.01601668
-0.01151743
0.01091653
-0.03613626
0.00165892
0.04416475
0.05131254
-0.00639512
0.02097193
-0.04164064
-0.00407175
0.01579547
-0.03598167
0.04410426
0.01336586
0.02178150
0.02868547
-0.01673303
-0.04309405
0.02579107
-0.04764115
0.04887437
-0.02526853
-0.00227058
0.05036952
-0.03185743
-0.03434193
0.04577763
0.00475121
-0.02412934
0.00087068
-0.03241711
-0.04746708
0.01094214
-0.04737733
0.04539583
-0.01088223
0.01445475
0.00896674
-0.03546804
-0.01412570
-0.03442131
0.03732455
0.03442250
-0.01326944
-0.04469922
0.04617770
-0.01437449
-0.03599806
-0.01381185
0.03945495
-0.01627128
-0.04732293
-0.04259635
-0.03586870
0.01087081
-0.02249690
-0.05500117
-0.00333056
-0.04259079
0.00031019
-0.02214629
-0.05090484
-0.04138656
0.02549547
0.01537174
-0.02704212
-0.02299809
-0.01524217
0.00144613
-0.03718539
-0.02236093
-0.02269180
0.04556799
-0.03634297
-0.02895059
0.01481085
0.02220672
-0.02316506
0.02764929
-0.04972127
-0.02203152
0.02780313
0.03980419
0.03228750
-0.01356736
-0.02152555
-0.01831767
-0.04447835
0.03123927
0.00508996
-0.01211821
0.03645258
0.04634136
0.05163506
-0.04199972
-0.00308704
-0.02382307
0.02043189
0.05274342
0.00439930
0.05088488
0.03273146
-0.05187961
0.01770365
-0.00001171
-0.01915391
0.03614510
-0.01977170
0.02018136
0.00666283
-0.03506033
-0.01979462
-0.04164446
0.04126947
0.04314709
0.02195872
-0.00907508
-0.04622925
0.03478508
-0.01130820
-0.01702242
-0.05165717
-0.05496811
-0.01950272
0.01337837
0.02474295
-0.00890868
0.04609333
0.03952028
-0.02212290
0.03004154
-0.05324553
-0.02561662
0.04378378
-0.04488059
0.03867425
-0.05386738
-0.04297978
0.02212229
0.01344410
-0.04009267
-0.03398078
0.05211372
-0.01787212
0.03659485
0.01871687
0.03488750
0.04375184
0.05011567
0.00129996
0.04386362
0.05501467
0.05027233
0.02008089
-0.05071461
0.04515021
-0.04795417
0.02278267
0.00926025
-0.00827873
-0.03210068
-0.03644269
-0.03429923
-0.00776130
0.00955826
0.03282650
-0.00699202
0.02571651
0.02184904
0.04315063
0.03842687
-0.03002363
-0.00232245
-0.00903925
0.01495031
0.04235541
-0.02214623
0.05561494
0.01961176
-0.03333720
0.05858480
0.05316139
0.00636729
-0.03587573
0.01519856
-0.04428906
0.00503300
-0.03853214
-0.00845781
0.05639292
-0.04359356
0.00898300
-0.00712195
0.00412866
-0.05867302
0.02958634
-0.04700187
0.01166098
0.01243966
-0.02914818
-0.02445325
-0.01370616
0.02780374
0.01914108
0.05747238
-0.00159685
0.04509836
0.01665630
0.04733171
-0.03589742
0.01129166
0.02296544
0.00867117
-0.04612221
0.03001276
0.01838488
-0.05386150
0.01334536
-0.03355431
0.06653053
0.02591681
-0.00081699
0.00912059
0.02476077
0.00235238
0.03639923
-0.02506113
0.04811578
0.01024367
-0.00959163
-0.00846520
0.00113877
-0.02072026
-0.01814077
-0.01910207
0.02483042
0.04734031
-0.00425736
-0.00632569
-0.02119828
0.04204763
0.02483414
0.03499658
0.07160997
-0.02692365
0.01919797
0.00369231
-0.00700742
-0.03382091
-0.03791330
-0.01456760
0.00481357
0.01909726
-0.04882526
-0.02242492
-0.01126446
0.03717919
0.00744673
-0.03521986
-0.04969867
0.00322160
-0.02059173
0.05992312
-0.00755307
-0.02116530
-0.03946597
0.02609022
0.05890816
0.04746656
0.02256018
0.03552625
0.03573157
0.00699459
0.02200281
0.02801645
-0.05032619
0.00853169
0.00265110
0.01689563
-0.00798560
-0.01410555
-0.05745111
0.04837430
0.01487032
0.02055018
0.04727102
0.02353216
0.02545393
-0.00868354
0.01753603
-0.00756552
-0.03356319
0.00276475
-0.05411045
-0.04723459
0.01727416
0.01250028
0.03328009
-0.01377308
-0.03965889
0.04869324
0.01479457
0.02631042
-0.00193450
-0.00226529
0.05044340
0.01857817
-0.00741291
0.00485367
-0.01882849
-0.01476206
-0.00982775
-0.01381959
0.03888489
0.03897798
-0.00845152
-0.04418944
-0.02751480
0.02438490
-0.02188641
-0.01246994
-0.00699558
0.03445546
-0.06057926
0.06364755
0.03970371
0.02028491
0.03272700
0.02569441
-0.03792416
-0.02905190
0.02791290
-0.03995057
-0.02932595
-0.00489652
-0.03393261
0.02302299
0.01983203
0.01859877
-0.01755458
-0.00506584
0.01142983
-0.02999681
-0.06280992
0.03743688
0.04097680
-0.00601441
0.02244262
0.05464317
-0.04720353
0.03184801
-0.03246787
-0.03142479
0.01519193
-0.06138721
0.00442385
-0.02391808
-0.02043529
0.02746190
0.00852918
0.00783593
-0.03590534
0.00824444
-0.00718790
-0.02308165
-0.01806916
-0.00849717
0.00567463
0.01183637
-0.00360485
-0.02754023
-0.04770820
-0.03018817
-0.03792559
0.00983209
-0.05727161
0.00242722
-0.04316631
0.01699921
-0.04940460
-0.04144903
-0.01637729
0.01663849
-0.04394801
-0.03609731
0.01766304
-0.03858191
0.04535098
0.04572232
-0.05861191
-0.01770196
-0.01629797
0.00529858
-0.00547057
-0.03924842
-0.02513939
-0.05400927
0.00930143
0.01602198
-0.06737951
-0.04975634
0.00477361
0.02351147
-0.04932732
0.00378880
0.00619732
-0.02826562
0.02984493
0.03446743
0.01436026
0.04829013
0.05905710
0.04232299
0.04775332
0.02848007
-0.04238712
0.04353237
-0.03222754
-0.04263404
-0.06528649
-0.00379138
0.03664343
0.02574612
-0.03939215
-0.01482785
0.00477810
-0.01765633
0.01285825
0.04109611
-0.01871743
0.03269664
0.03567456
0.05692424
-0.05445262
0.01342832
0.01992955
-0.04474073
-0.02987785
-0.01397677
0.00714715
-0.03301100
0.07071069
-0.01673851
-0.02236058
-0.02474821
0.06464142
0.04534359
0.02608846
-0.02084588
-0.04691624
0.03171981
0.02761607
-0.02164654
0.00819595
0.03020926
-0.04314256
-0.03988007
0.03259549
0.03235446
0.02286299
-0.00901035
-0.02228189
-0.05496193
0.01035647
0.00901119
0.02595423
0.04660951
0.01666885
-0.05331836
0.04310214
-0.01058600
0.00623120
0.03700022
-0.04423864
0.04789860
0.03853522
-0.03036571
-0.03133147
-0.02730309
-0.02089943
-0.03834362
0.00720333
-0.01828288
0.04326681
-0.01287202
-0.03939674
-0.00959705
0.02304746
0.02888215
-0.03372775
0.00684271
0.04812919
0.02088033
-0.04811907
-0.02644303
-0.03038395
-0.01018560
0.04123618
0.00021563
0.04674292
-0.01758388
-0.03265142
0.01679166
-0.02665973
0.04714165
0.00680658
0.02185621
0.00335843
-0.04599350
-0.03013074
-0.00807942
0.02676824
0.01719537
0.04930779
-0.01002057
-0.03261910
-0.03828618
-0.02963475
0.00776058
-0.00912619
0.05127977
-0.02231822
0.04455417
-0.02626651
0.04449857
0.03890790
-0.04569327
0.00154898
-0.04285879
0.03096111
0.00287474
0.03780712
0.00508668
-0.02195388
-0.03468420
0.05086271
-0.04722372
0.00032512
-0.02754279
0.02479868
0.03945878
0.04931833
0.04342180
-0.02998510
-0.00860449
-0.03207554
-0.02800662
-0.00705880
0.03778031
0.01761350
-0.01477803
-0.02086226
0.02386500
0.03936879
0.01304686
-0.04057992
0.00431667
-0.03787449
0.04814764
-0.00960230
-0.01624015
0.04934790
-0.05181659
-0.00668741
-0.01523271
0.02594297
0.04103816
-0.03592814
-0.05513870
0.00093203
-0.00526162
0.04052246
-0.00914013
-0.01342987
0.00995073
-0.03906123
-0.00861785
0.05921097
0.04292540
0.01131613
0.02162696
0.00339697
-0.04027305
-0.00871425
0.02395348
0.00638262
-0.01745083
-0.01824315
0.05366161
-0.00093048
0.03140861
-0.03426498
-0.00359787
-0.02507065
0.00461625
-0.00886878
0.00192868
0.00850755
-0.04124261
-0.01842591
0.00551111
-0.04690822
-0.00415902
0.00648046
-0.01068833
-0.02652539
-0.01915759
0.03721853
0.01719433
-0.04595558
0.03050976
0.01415628
0.03063098
-0.05688069
0.00645032
0.03632585
-0.05865753
-0.02962277
0.01391612
-0.04127207
0.03752961
0.02010565
-0.00979930
-0.03014552
0.02083722
0.01656000
-0.05224715
0.01670925
0.04156476
0.00687947
0.05301978
0.00360026
-0.03035235
-0.00702472
-0.04836931
-0.03791498
-0.01717670
0.04528982
0.04546089
-0.03685820
-0.03338549
-0.01615910
-0.03969579
0.03574378
0.03232393
0.01746545
-0.03182187
0.02012418
-0.04600111
0.00864665
0.03898180
0.02403691
0.07436329
0.03969614
0.00199749
-0.03314390
-0.03724634
-0.03276314
-0.02414697
0.00060613
-0.03290588
0.01257384
0.00082887
0.04062272
-0.00480988
0.01994059
-0.04056272
0.01453514
0.01427814
0.04531267
-0.03891724
-0.04658026
-0.04902387
0.02055309
0.00286757
-0.03152933
0.03898585
0.00413325
-0.01165685
0.04631944
-0.01013822
0.02192347
0.00510708
-0.01322871
0.01303831
-0.02153721
0.09179597
0.03007621
-0.04099005
-0.05856464
0.04166446
0.00188899
-0.00724985
-0.03595141
0.06947204
-0.04631794
0.04831861
0.06318341
-0.01358448
-0.02242901
0.01060044
0.02319221
-0.06679272
-0.06398893
0.03925830
-0.03547404
0.04549365
0.03000570
0.04310281
-0.00596693
0.02276162
-0.00657342
0.04329939
-0.04675885
-0.00653927
0.02567141
-0.04052532
-0.00545829
0.04679211
0.05604083
0.00287922
0.03952342
-0.00986395
0.05082938
-0.01393384
-0.02315054
-0.04004527
0.00841691
0.04287582
0.03576820
-0.00916109
0.01082360
0.03757408
-0.03387060
-0.04608665
-0.07282939
0.01015770
0.00233971
0.05560452
-0.05906275
0.01267338
-0.01765016
-0.02436238
0.03628693
0.04109856
0.04375736
-0.06316413
-0.02843565
-0.00669147
0.02281764
0.00926202
0.03772027
-0.08733328
0.02649536
-0.04698702
-0.00590087
0.04315528
-0.01141338
0.01161767
0.06121373
0.04829889
-0.02755479
-0.01468444
-0.02362086
0.02043804
-0.03938127
0.03235557
0.04356883
-0.00493693
-0.02169723
0.02221942
0.02944073
0.06282749
0.07461745
0.01489701
0.00053096
-0.07871843
-0.03194964
0.02550323
0.01452087
0.02673197
0.02647133
-0.01732029
-0.01475017
-0.00533202
0.06038199
0.02484247
0.04199786
0.03340850
0.05440136
0.02776233
0.05906131
0.00176394
0.00194176
-0.02121599
-0.02375565
-0.01301111
-0.01284173
0.03211991
0.02460367
-0.01380558
0.00095673
0.01080832
-0.03470225
0.03106548
-0.04005328
-0.00193463
-0.04677046
0.00920647
-0.01007957
-0.02332791
0.02229839
0.04288905
-0.01165583
0.02969713
0.02461927
-0.00775179
-0.02526471
0.02802748
-0.00111622
0.00167959
-0.01039832
-0.02698226
-0.06622272
-0.02670129
0.00408521
0.02988104
-0.02046102
0.00015095
0.01051743
-0.02901500
-0.02942226
0.04211730
-0.04516512
-0.01104493
0.03204499
0.00619632
-0.06143086
-0.02236773
-0.03500159
0.03380143
0.03708727
0.03980242
-0.00291833
-0.06962646
-0.03701781
0.03230888
-0.00580823
-0.00646818
0.03605654
0.05606331
-0.01685687
0.05237241
-0.02166968
0.04250850
0.04671666
-0.02802154
0.02336584
0.00239067
0.04241739
0.01819786
0.05149793
-0.01540904
-0.06243133
0.03177993
-0.05817036
0.05074741
0.03234649
-0.02354431
0.03277046
0.01078680
0.02636218
0.02120468
0.00257936
-0.02730706
-0.01473553
0.02641446
0.01590501
-0.06778249
0.08306102
0.03702759
-0.03505095
0.04103403
0.00560273
-0.04819597
-0.05943081
-0.00551548
-0.04096929
-0.01577266
-0.03119792
-0.06026722
-0.02316982
0.06814703
0.03843986
0.02494552
0.01776249
-0.06907284
-0.02392370
-0.00445956
0.02168045
-0.02084986
0.02785092
0.04109873
-0.02985604
-0.03200420
-0.01887377
0.01242457
-0.01037323
0.05067457
-0.00492804
0.01641282
0.02460953
0.01249329
-0.03341786
0.00452124
0.00522172
0.05048737
0.03128204
0.03788145
-0.04828371
0.07988344
0.00266363
-0.03707742
-0.02234025
0.02077750
-0.00938132
-0.02458161
-0.01256781
0.01694549
-0.00863946
0.05277430
0.04698618
-0.00784185
0.06500599
0.05834975
0.01783041
0.04282540
-0.04752011
0.02738150
-0.04840391
0.01285907
-0.01698140
-0.01928227
0.05094282
-0.05366051
-0.03728691
-0.04170294
0.02009561
-0.03135195
-0.00839819
0.03475937
-0.01390401
-0.01447868
0.00869031
-0.02983427
0.03125881
-0.00410721
0.02248704
-0.04021426
-0.04199623
-0.02834594
-0.04372052
-0.04937421
-0.04532363
0.00011421
-0.00177966
0.03091996
0.04462650
-0.00831160
0.02470187
0.05175345
-0.00606157
0.00095197
-0.01853313
-0.01788685
-0.00721862
-0.00595544
-0.04963562
-0.00988343
0.03328064
0.01531737
-0.01679117
-0.01771751
-0.02920663
-0.01054210
0.02260749
0.04003031
-0.01638065
0.03150841
0.01814655
-0.01547851
0.03332733
0.04167043
-0.02683685
-0.04008284
0.03562552
-0.03119897
0.00525958
-0.02309100
-0.00072882
0.04297944
0.03010452
0.00017245
0.03528344
0.01500053
-0.04900754
0.01144339
-0.04009378
0.02019776
-0.04575838
0.03392838
-0.01175889
-0.03347573
-0.04833856
0.02363580
0.01675710
-0.00769555
-0.03168086
0.02470325
-0.00056205
-0.00618708
-0.00762969
-0.03244440
0.00958537
-0.00993149
0.04469585
0.03739561
-0.03361237
0.02381951
-0.00697444
0.00557554
-0.04088994
-0.04650354
0.01124805
-0.01973047
-0.04452188
-0.04218810
-0.04938896
0.05417759
0.03518226
-0.01368473
-0.03808772
-0.04033941
-0.03492669
0.02348679
-0.03123439
0.01930198
0.03205162
-0.00767693
0.03652649
0.03772123
-0.01844955
-0.02601738
-0.04187037
-0.04795663
-0.01663056
0.00223812
0.00171283
0.00655904
0.02114523
-0.02530546
0.03075741
0.02563542
0.00406685
0.02725277
0.04555564
-0.00561452
-0.02951125
0.00519973
0.02388320
-0.04580606
0.00767985
-0.01995368
-0.04484760
0.03107268
0.00503418
0.02908115
-0.03739993
0.03969737
0.02459854
-0.04283348
0.04711213
0.02939634
0.00609236
0.03964897
-0.03536060
0.04315886
0.03064213
-0.02582086
-0.03604404
-0.04094030
-0.00440887
0.00498285
0.01881801
0.00979207
-0.02252923
0.02524894
0.02725616
-0.04557350
-0.02355599
0.03714385
0.04631453
-0.01862287
0.02603348
0.00366030
0.00232602
-0.00208088
0.04805562
-0.04541622
-0.00351743
-0.01874628
-0.01358894
-0.02584681
-0.00718429
0.02437477
-0.03936815
0.02586199
0.03363067
-0.02244057
0.05392427
-0.04588113
0.00258757
0.01073561
0.00773327
0.01363020
0.04113201
0.01885474
0.01611280
-0.00617541
-0.00449599
-0.00288411
0.01970850
-0.01346601
0.00052832
-0.01369267
0.03553331
0.04522225
-0.03078514
-0.01826624
-0.02727534
0.03333030
-0.02050654
-0.02194247
0.01651664
0.03741239
0.02458929
-0.01497430
-0.00411212
0.04630182
0.04047748
-0.02048744
-0.03817302
0.03362212
0.01971822
-0.03283133
-0.02565627
0.04274008
-0.02790495
-0.01395115
-0.01778830
-0.01925983
-0.01577098
0.02835614
-0.02007247
-0.03291101
-0.05086621
-0.03512647
-0.02340063
0.02472688
0.02184947
0.03551393
-0.04879522
-0.00388095
-0.04382536
-0.04632898
0.01328988
-0.01903772
0.03421903
-0.01762417
-0.02441102
-0.03728884
-0.00699510
-0.01059343
0.02030206
0.01601197
-0.03289543
-0.02324741
0.01628815
-0.03851120
-0.04961601
0.02264856
-0.02070273
0.00433571
0.02607885
-0.02373800
-0.00567133
-0.03289210
0.03817587
0.02631273
-0.01372702
-0.03715190
0.04261038
-0.03572766
-0.01756535
-0.02694313
0.03943412
0.01795178
0.01920263
0.00735474
0.01841051
0.00098804
0.02292297
0.01322565
0.00983721
0.00470792
0.00196193
-0.00328635
0.02933040
-0.01211316
0.04296061
-0.03016664
0.03909647
-0.00778495
-0.00864545
0.02819481
0.02580346
0.05908693
0.03538574
0.02238377
0.03144338
0.05029854
0.01428317
-0.01250917
-0.01316379
-0.03191506
0.00271005
0.03094675
-0.00286900
-0.02904161
-0.00715849
-0.00857131
-0.00166229
-0.01009068
-0.01731351
0.05302131
0.06282260
0.02761301
-0.06045045
0.00339516
-0.04640475
0.02328051
0.03001253
-0.00052107
-0.01313584
-0.00610805
0.03039840
-0.05796400
0.03183583
0.03971889
0.02004940
-0.02081379
-0.00185303
0.00439505
-0.04138373
-0.02922335
-0.04204452
0.00028419
0.05472265
-0.03240823
0.00800265
-0.01214302
-0.04094743
0.04757195
0.01047929
-0.04758265
0.02908075
0.02784895
-0.02990856
0.04442970
-0.00263001
0.01203216
0.03442551
-0.04316479
0.00311066
0.04314695
0.03808656
-0.01329208
-0.01815215
-0.02644126
0.00356212
0.00265947
-0.02816562
0.02119335
-0.01196935
0.01491585
0.03225886
-0.01636026
-0.00894708
0.02112687
-0.03713863
0.03325065
0.00246804
-0.01573519
0.01429455
-0.00199225
-0.00585843
0.02753858
-0.01984126
0.04198690
0.04649244
-0.03194151
-0.04064118
0.02117736
-0.00196648
-0.00157708
0.00497425
0.05796999
0.04554384
0.03271139
-0.02038923
0.04206655
-0.02509452
0.01133949
-0.00694915
0.02149501
0.00252537
0.00459068
0.05039988
-0.01778987
0.02898304
0.01035154
0.00712787
0.01046953
-0.03817917
0.00245154
-0.03447697
0.00512927
-0.02304068
-0.01716572
0.04966071
-0.01116176
0.00971282
0.05051505
-0.04373537
0.02801845
-0.01857412
0.03143258
0.00863549
0.04713705
-0.02495269
0.05604765
-0.03445308
-0.00049946
0.02216389
0.01109342
0.01321561
-0.04595290
-0.03777932
0.01322666
-0.01304078
0.00822319
0.00187951
0.01250649
-0.01267510
-0.00206934
0.00672829
0.00917810
-0.01244931
0.02154084
-0.02885992
-0.01178330
0.02808023
-0.01732322
-0.00145727
-0.04829894
0.02316703
0.01752988
-0.04158171
-0.03407894
-0.00152948
-0.03763621
0.06120447
0.04740613
-0.02953176
-0.04714376
-0.02717966
-0.01232762
0.00029834
-0.00241059
0.03850202
-0.02309838
0.03377121
-0.01563268
-0.02674489
0.01173319
-0.02985922
0.04542239
-0.05206554
-0.05063481
0.02315204
0.03641992
0.04957478
0.04099013
0.02573834
0.00654209
0.01125041
-0.05309914
0.01172538
0.01230271
-0.04450042
0.00888047
0.06358596
0.01748840
0.03041864
-0.01323185
0.00482334
0.01581208
-0.00267449
-0.02659745
0.03196179
-0.03669491
-0.02358828
-0.00312558
0.02990796
-0.03923019
0.03610037
0.03602338
-0.00552089
0.02971902
-0.04458554
-0.02551526
-0.02172257
-0.04063841
-0.04780544
0.01145363
-0.00538529
-0.01541960
-0.05821985
0.01068173
0.03431996
0.05152020
-0.00033686
0.03144557
-0.01821624
0.03531530
-0.01376723
0.01402247
-0.03344867
0.01227170
-0.00356943
-0.02397741
-0.03451065
-0.05287914
