shape=[32, 400]
-0.00924314
0.04052322
-0.08381402
-0.03483865
-0.07485469
0.23276940
0.07910176
-0.00464821
0.01143960
0.05790988
-0.03133298
-0.02520482
0.05201361
0.10519741
-0.02722817
0.25388327
-0.01365785
-0.03345349
-0.11157294
-0.00319631
-0.03043791
0.16111048
0.03708263
0.06153544
0.04666244
0.01688280
0.01887355
-0.03130234
0.05625636
0.04069708
0.00380254
0.18025386
-0.02325631
0.04744033
-0.02959928
0.02920157
-0.07214347
0.01678208
-0.02215998
0.07519429
0.00111318
0.11829686
0.01523925
-0.01025325
-0.05570382
0.02268458
0.01253602
-0.02623850
-0.03842231
0.00791470
-0.03844403
0.04111524
-0.04302474
-0.12892804
-0.07127521
0.00259134
-0.11150447
0.03224343
0.02988958
-0.01737033
-0.05239217
-0.08347341
-0.05450783
-0.19439909
0.03203830
0.04749205
-0.13184559
-0.04262721
-0.02572749
-0.16205901
-0.05861481
-0.00648705
-0.04058792
-0.02503512
-0.03822266
-0.04470762
-0.06380731
-0.08547349
0.04487555
-0.18025531
-0.01883494
-0.00486389
-0.05322568
0.03925747
-0.03088308
0.07177581
-0.04355831
0.03250415
0.03657360
0.08322950
-0.03890143
-0.03696429
0.07584036
-0.05473802
-0.03815954
0.05673716
-0.04916823
-0.03308393
-0.08308174
0.02001859
-0.03468388
0.01990619
-0.03473097
0.02932742
0.06804486
-0.01266289
-0.01701294
-0.02347405
0.03100488
0.02003560
-0.03207357
-0.01570425
-0.01121814
-0.00679676
-0.03668664
-0.02092412
-0.01515459
-0.05680396
0.00824866
0.01798637
-0.01909566
0.03773947
0.01257782
-0.00656868
-0.01674350
0.00619780
-0.03365246
-0.06465981
0.04626891
-0.02191423
-0.05538383
-0.03129274
0.00747969
-0.07115883
-0.02895178
-0.03140519
-0.04494162
0.03922544
-0.03699610
-0.05775171
-0.07615007
-0.09051365
0.00354623
-0.14034407
-0.02050492
0.03940464
-0.08049542
-0.03378663
0.03426013
-0.09783015
-0.00319627
-0.01386426
-0.01909299
0.00113605
-0.01693436
0.00849416
-0.05304841
-0.07485163
0.05838858
-0.17261554
0.04306849
0.00792092
-0.06111058
0.01005376
0.02906537
-0.09589904
-0.05741755
0.02278729
-0.06380247
-0.01447110
0.03174004
-0.01927368
0.04996774
-0.05604612
-0.02890952
-0.05492982
-0.03712638
-0.02828817
0.00855270
0.00986076
-0.02256714
-0.07629143
-0.04844844
-0.00687388
0.02087446
-0.01590430
-0.05079497
-0.05807037
0.02769116
0.01948686
-0.03385966
-0.09234629
-0.03458202
-0.05096267
-0.06663039
0.02522273
-0.01832593
-0.06195655
-0.03588365
-0.01889470
-0.05229140
-0.00372922
-0.05943853
-0.05180298
0.01368931
-0.08473530
-0.06544698
-0.09206340
-0.02981729
-0.02085317
0.02207900
-0.03003089
0.00648372
-0.04478970
-0.05297116
0.03492483
0.00771892
-0.03824726
-0.01301734
-0.06193756
-0.08619723
-0.03413651
0.00943496
-0.05101686
0.00447940
0.00011512
-0.01298135
-0.05511897
0.07010946
-0.03214633
0.05763647
-0.01537652
-0.06574452
-0.07115243
-0.00740216
0.05514254
-0.08549125
0.04827623
0.09758110
0.07445488
0.00374804
-0.04688968
-0.07048737
-0.04551749
0.01786916
-0.15446557
-0.06299491
0.01459071
-0.03445821
-0.02211009
0.00039087
0.02171293
-0.00036910
-0.05533535
0.04450159
-0.16194732
0.04407220
-0.00010508
-0.06046717
-0.00761654
0.01710263
-0.13056706
-0.09108571
-0.00357321
-0.00879826
-0.00450363
-0.05674687
-0.00085542
-0.02865830
-0.02863432
-0.07139301
-0.13631384
-0.00350106
0.05137943
-0.00737805
-0.00027800
-0.03480655
-0.10293907
-0.03490432
0.00821772
-0.01111288
-0.01312677
0.00783994
-0.04515186
-0.04289128
-0.06016926
0.03740564
-0.11942452
0.05330407
-0.00557854
0.00839436
-0.05012241
0.01390258
0.09568106
0.06926264
0.02808538
-0.04462417
-0.05898628
-0.02042466
0.07793232
-0.17959864
0.07510193
0.11385095
0.07472725
0.02719190
-0.04816238
0.03445226
0.01043516
0.02609396
0.11197390
0.07511621
-0.03981395
-0.03135194
-0.07073354
-0.00834205
-0.01797258
-0.10701679
0.00072710
-0.00054141
0.13062698
-0.03260078
-0.04159616
-0.09543351
0.04041405
-0.00654811
-0.17256768
-0.05616542
-0.03481142
-0.09471956
0.04150882
-0.00901067
-0.03374238
-0.04253246
-0.08377659
0.02433326
-0.10067596
0.04937820
0.01501517
-0.00804776
-0.03366235
0.04645272
-0.06517531
-0.01627088
0.02652309
0.01444443
-0.05066650
0.00692773
-0.01215295
-0.00939206
-0.05319550
0.06785470
-0.04416784
0.02272641
-0.02957556
-0.00785824
-0.01041207
0.05657136
0.03119353
0.02647012
-0.05601277
0.03213795
-0.03178005
-0.04363801
0.05854162
-0.09777761
0.02927294
0.09955124
0.10135293
-0.05825214
-0.00836664
-0.11966071
-0.00806233
-0.04181741
0.15774122
0.04572892
-0.03050845
0.02087741
0.01463804
0.00212452
0.02708098
-0.09607399
0.08867964
0.02340993
0.18553561
-0.03682256
-0.03602345
-0.09131698
-0.02277085
-0.05201849
0.07269376
0.02214217
-0.03457750
0.06845121
-0.01505228
-0.00526132
-0.04379895
-0.09230187
0.01119275
-0.10335574
0.07973137
-0.06550907
-0.01488869
0.02029617
0.00207174
-0.01009251
0.03799007
-0.01256407
0.00641810
-0.04882149
0.05129503
0.02309541
0.04109898
0.02292125
0.03510428
-0.05838172
0.01407309
-0.02980642
-0.04914687
-0.07653102
0.00011276
-0.03200667
-0.04823445
-0.10447424
0.01432765
0.03307240
0.04299564
-0.02617077
-0.04334771
0.04484186
-0.03836033
-0.03968403
-0.11094075
-0.04437382
-0.01475432
-0.08375012
-0.01415936
0.01757491
-0.12656343
-0.10207506
-0.01885672
-0.04930177
0.05312724
-0.03534927
-0.04218028
-0.06298126
-0.04141380
0.01820031
-0.14746976
-0.01294518
0.03976871
-0.09578629
-0.03713235
-0.01713972
-0.01007087
0.00959547
-0.01438390
-0.00373058
-0.04010877
-0.06319585
-0.02446468
-0.13770881
0.02042313
0.10498627
-0.03806959
0.02738555
0.01882256
0.18279219
-0.04032515
0.00365984
0.02261928
0.10059521
0.01872673
-0.06867675
0.06209476
0.06934025
0.02597570
-0.21171981
0.05180051
0.07326381
0.03952914
-0.04122724
-0.06066981
-0.05944767
0.00589736
-0.04625195
-0.12477616
-0.08347852
-0.02962071
-0.07030815
0.05215630
0.05049106
-0.02497058
0.10143302
0.00825140
-0.10591101
-0.09515168
-0.02943488
-0.08158626
-0.03442087
0.03994837
-0.00083731
-0.27979612
-0.16371928
-0.05835967
-0.01434757
0.00001355
-0.06231905
-0.03005732
0.02569200
-0.10003469
-0.10882828
-0.32247987
0.02599112
-0.03214366
-0.13906179
-0.05440013
-0.12641685
-0.24235126
-0.10132174
-0.07423244
0.00458430
-0.06364415
-0.08837605
-0.05125189
-0.04595103
-0.14783221
-0.12808254
-0.29535657
-0.01737675
0.09102337
-0.12070247
0.02682172
-0.03206127
0.05681051
-0.04106243
0.00194222
0.12120080
-0.03073149
-0.01221566
-0.06312785
0.07052842
-0.13370240
0.03794962
0.04145836
0.03427735
0.05127970
0.13462095
-0.07221365
-0.03719562
0.35153377
0.15538710
0.01424101
0.14682189
-0.05532788
0.02591720
0.03251271
0.00663326
0.07083710
0.02250494
0.35297281
-0.00535659
-0.06379957
0.15154624
0.00956866
0.00681276
-0.01868689
-0.00538564
-0.05941134
-0.09188369
-0.00451323
0.00835687
-0.00743474
0.01450141
0.00685470
0.00170498
0.01037442
-0.00509193
-0.01867154
0.14277352
-0.07263683
0.00857372
-0.07928115
-0.04679462
-0.03924610
-0.11681203
-0.08996682
0.11010705
-0.02184158
-0.08407027
0.03319413
-0.05416615
-0.11022612
0.01198990
-0.04924606
0.07180092
0.03641010
-0.04150415
-0.30493727
-0.08080886
0.03970804
-0.16999134
-0.00775441
0.02016279
-0.02744482
-0.06705565
-0.03804250
-0.16809011
-0.36652258
-0.04172080
-0.05894952
-0.05933392
0.01160734
-0.07394054
-0.35381442
-0.25769749
-0.05209277
-0.04595539
-0.09717461
-0.04140770
-0.05623831
0.25310227
-0.20112385
-0.17177668
-0.41318411
-0.01639980
-0.02492677
-0.18373694
-0.00545474
-0.06894063
-0.04241696
-0.16425949
-0.09820711
0.14663510
-0.04646005
-0.09964141
-0.05296215
0.25971556
-0.14921008
-0.20253310
-0.17500199
0.00818092
-0.04354068
-0.01607810
-0.03402748
0.01653936
0.04356394
-0.00584382
-0.03675243
0.00087948
0.01055539
-0.09069191
0.02277116
0.16865364
-0.02738385
-0.00204967
0.03430132
-0.04173049
-0.01221448
0.05446735
-0.09475628
0.01936004
0.16222474
0.06227938
0.00042416
0.10591114
-0.03845429
0.07007666
-0.00264458
0.01584416
0.06553193
-0.02491275
0.11011608
-0.02674239
-0.02369954
0.18157952
-0.04373777
-0.01146736
0.04308897
0.07630970
-0.00829920
0.03660113
-0.04544570
0.06097735
0.02386943
-0.05338665
0.03565883
-0.03735895
0.14096613
-0.02539915
-0.05036056
0.21203466
-0.02391940
0.06051242
-0.05244673
0.01678873
-0.01742840
-0.07763679
-0.09927129
0.06128165
0.00922207
-0.08886626
-0.04966594
-0.03640693
-0.03224625
-0.00059593
-0.03922409
0.07360089
0.00503708
-0.02009460
-0.25285789
-0.12327851
-0.07656557
-0.13504079
-0.07453569
0.05055978
-0.00112625
-0.10555390
-0.03957174
-0.08428533
-0.24511845
-0.03111632
-0.05601193
-0.05400784
-0.08503079
-0.04351012
-0.07387389
-0.01308046
0.02767271
0.02031066
0.02705832
-0.07148279
-0.01881096
0.04929029
-0.08846031
0.01600218
-0.10874318
0.00901277
0.05509746
-0.02516760
-0.08441625
0.06932799
0.08912193
0.08490979
-0.02207893
0.08212426
0.02787786
0.01018605
-0.02508699
0.01326465
-0.00282436
0.00911908
0.04655537
-0.02365846
0.02124787
0.02197096
-0.03004210
-0.00038343
0.08887934
0.01666959
0.06521532
0.06672551
0.00983207
0.03375630
0.01443272
0.07614307
0.04417463
0.03756274
0.13442917
0.02539346
-0.02397556
0.10400340
-0.09226921
0.03631181
0.19210581
0.02765204
-0.00030401
0.08817849
-0.01602580
0.10921092
0.01314073
0.03741273
0.08618413
-0.03304743
0.26120791
0.04358852
-0.06332218
0.17750275
-0.09333293
0.06777316
0.21407217
0.11808962
-0.03662386
0.02371600
-0.06611966
0.14722767
0.05912365
0.10038051
0.03511984
0.06358234
0.23477164
0.00353308
-0.06623422
0.02108966
-0.04150352
-0.02327059
-0.03402648
-0.02522380
0.02627048
-0.04668089
0.03136447
0.05795224
0.01580883
0.07367814
-0.03692899
-0.01477255
-0.03261760
-0.02156858
-0.05919073
-0.01510837
0.01583060
0.03341792
-0.23757534
-0.07271677
-0.02236244
-0.06069870
-0.02276001
-0.02009092
0.00845642
0.01593823
-0.10277756
0.01227087
-0.24868798
0.00566499
0.02278998
-0.00851889
0.02538450
-0.00564646
-0.20129184
-0.12316052
-0.04875259
-0.03450209
-0.00473704
-0.03699261
0.00018023
-0.00736224
-0.08799931
-0.08804614
-0.27865583
-0.03755736
-0.02610942
-0.10708237
-0.02730639
-0.04559908
-0.13590400
-0.06813716
0.02325985
-0.01870830
-0.06465852
-0.03201209
-0.04729300
-0.02865949
-0.06347439
0.02738152
-0.12529337
0.01023787
0.03272889
-0.08799502
0.04409317
0.03440412
-0.02365441
-0.03999881
-0.02650152
0.04248113
0.04891793
-0.06489991
0.00879323
-0.01398678
-0.01244082
0.00387149
0.03900068
0.00814662
-0.06456161
0.13670126
0.01644258
-0.00599770
0.01525798
-0.01293621
-0.00743788
0.03711121
-0.00107404
0.04280680
0.03278629
0.11540566
-0.01196873
0.03916116
-0.03343168
0.00304107
0.03254040
0.15320376
0.01721050
0.02650515
0.10411705
0.08007729
-0.07243748
0.06228403
-0.06587366
0.04348339
-0.02313464
-0.04741964
0.00803764
-0.03700476
0.07081556
0.04400961
-0.00005446
0.11457120
0.01594418
0.03103839
-0.01236629
-0.05444245
0.00418473
0.00070031
-0.04073841
0.07184497
-0.03726896
-0.01830803
0.03806549
-0.09878775
-0.01037154
-0.01738295
0.00931695
-0.04757566
0.01303257
-0.05221025
-0.09865769
-0.13511555
-0.01166579
-0.05066534
-0.02280214
-0.02280605
-0.05900457
-0.06439199
-0.03024640
-0.06610028
-0.15118581
0.03581192
-0.00945123
-0.10552835
0.03509842
-0.01485248
-0.04470136
-0.06944131
-0.01813854
0.04646517
-0.06012103
-0.00997348
0.01588849
0.03925077
-0.11258156
0.03050822
-0.10504381
0.03673194
0.00556714
0.03526491
-0.02657811
-0.00060740
-0.03462931
0.00723684
-0.02732241
0.00064893
0.03196233
-0.02461210
-0.01616286
0.05963644
0.03344149
0.06917361
-0.01348404
-0.02117985
-0.01239905
0.02096434
-0.04454151
-0.03074410
0.05399026
0.00201392
-0.02243922
0.08541325
-0.02463061
0.00670628
-0.05017891
0.09295363
-0.03446408
0.03496417
-0.02254095
-0.01459902
0.05892752
0.07299709
-0.00712201
-0.01514117
0.13750170
0.08453090
0.02354128
0.02275524
0.01366091
0.03574407
-0.05057760
-0.08748679
0.04945157
-0.02242050
0.04651388
0.00061663
0.03080613
0.11222859
-0.01695343
-0.00454863
-0.05175384
-0.03492812
0.04384048
-0.03878560
-0.06130476
0.07662361
0.01223464
-0.11144444
0.05584287
-0.08133897
-0.05632579
-0.00459667
0.00509817
-0.04421689
-0.01143478
-0.02152987
-0.15154147
-0.10020465
-0.01783214
-0.04013316
-0.04550096
0.01666279
-0.03195078
-0.07394842
-0.11068155
-0.07049762
-0.20170368
0.01632258
0.03652100
-0.06723430
0.04142241
-0.07734056
-0.14751671
-0.09251995
-0.01286833
-0.02178334
-0.06431920
-0.00262478
-0.03681066
0.02057695
-0.08174590
-0.05838606
-0.18471643
0.03367523
-0.01246172
0.01700789
-0.02118566
0.01099449
-0.03099395
0.02338371
0.00714133
0.04067039
-0.03812812
0.01610129
0.00812994
-0.05797944
0.00319623
0.00889905
-0.09549014
-0.00888980
0.01193735
-0.02153751
-0.02786632
-0.00308664
0.10237914
0.05168900
-0.02262236
0.04979571
0.01731719
-0.00417480
0.03451767
-0.06051739
-0.01519509
0.04150608
0.14398910
-0.01955464
0.04298106
0.12306125
-0.02792575
-0.05586479
0.19323681
0.03513442
0.01402698
0.08353913
0.01934269
0.13702674
-0.04979753
-0.12661687
0.02635357
-0.06932382
0.14198962
-0.03130537
-0.02212543
0.07221472
0.01753205
-0.05762064
-0.08558274
-0.02438179
0.04373485
-0.01121922
0.06483267
0.10086106
-0.01967503
-0.03317238
-0.01136095
-0.02121595
-0.05989760
0.03470595
-0.03853618
0.09846032
0.02910759
-0.02256945
-0.10115145
0.03445534
0.03708791
-0.02746226
-0.06748731
0.05732601
0.02093178
-0.09685682
0.00149940
0.00446238
-0.01474970
-0.02269166
-0.05997460
-0.01105123
0.02169237
-0.03993135
-0.01014039
-0.01658980
0.00402492
-0.10103150
-0.03045091
-0.05110475
-0.02435529
0.04296257
-0.01693504
-0.06199778
-0.04793205
0.01547629
0.04968047
-0.04551033
0.03993103
-0.02446446
-0.05402773
0.00782641
-0.05586815
0.06806404
0.02055311
-0.04256876
-0.00290425
0.07153134
-0.02432253
-0.03336527
-0.06596331
-0.05157163
-0.01626347
-0.05550239
-0.02309543
-0.04688611
0.03198840
-0.00896727
0.06245378
0.08940513
-0.02480439
-0.03477206
-0.00307767
0.02354088
-0.00398524
-0.03703453
0.11100195
0.02272247
-0.05009153
0.06002480
-0.04498325
-0.00757661
0.01214648
-0.05498794
0.02943594
0.01596477
0.02203170
0.09767003
-0.04509477
-0.08380979
-0.00592112
-0.00578550
-0.06932793
0.01741563
-0.02929029
-0.11320157
-0.05781205
-0.00648812
-0.17444004
-0.07794733
0.04083068
-0.01387120
0.07341578
-0.05868316
-0.02908428
-0.11126708
-0.08691765
0.04925973
-0.13091859
-0.04899532
-0.02200907
0.01636975
0.03162578
0.04966707
-0.00741394
0.05938434
0.06229573
-0.05910116
0.06860254
0.00355045
0.03582427
-0.17713739
0.05851857
0.06165046
-0.01712332
0.04336123
0.08426099
0.00406393
-0.01502611
0.08085901
0.11242042
0.11541785
0.02878844
-0.00506495
-0.00250434
0.01070108
0.03529861
-0.12997518
0.09354766
0.13684633
0.12446531
-0.00285252
-0.01099254
-0.01608882
0.02806397
-0.02006083
0.13591290
0.10219331
-0.03053293
0.04621355
0.02556031
-0.00095613
0.04543650
0.01066663
0.04560307
0.07407732
0.18599713
0.02789813
-0.01875363
-0.04159554
0.02943318
-0.02630149
0.05751312
0.01601022
-0.03613499
-0.03294710
0.02855208
-0.02060092
-0.04137685
0.02446127
-0.02062710
0.01435150
0.04578674
-0.03955687
-0.03433341
0.03582188
-0.00143715
0.03979548
-0.16781363
-0.05677613
0.02117462
-0.04492734
0.01490663
-0.03444397
0.01493531
0.08924980
0.00188460
-0.09500361
-0.14571561
-0.03487356
-0.03624772
-0.04144045
0.02471060
-0.04635407
-0.05063622
-0.08519183
-0.03948287
0.01297660
0.00676508
-0.01015397
-0.00096169
0.21053748
-0.04875106
-0.04074707
-0.12112157
-0.04904130
0.06700657
-0.02450826
0.01236880
0.03245835
-0.06900428
-0.13369755
-0.02386722
0.11389145
0.00445731
-0.05405864
-0.05249253
0.30598679
-0.15365665
-0.03134909
-0.12142914
-0.04844780
0.03519293
-0.05308745
-0.04987866
-0.03107399
-0.10518496
-0.03738141
0.00870068
-0.00044602
-0.01613958
-0.04720801
0.01571450
0.22097623
-0.11593980
-0.02929737
-0.12976375
0.03336088
-0.00334088
-0.05526875
-0.04562482
0.03259301
-0.15931335
-0.01581633
0.03147593
-0.01753300
0.02159651
-0.08930451
-0.04506318
-0.05329923
-0.06105577
0.01026723
-0.16407670
-0.01833759
-0.05116542
0.17667314
-0.02548316
-0.01839630
0.00416319
-0.00647970
-0.03243996
0.03818374
-0.01935695
0.14370807
0.01685495
0.01935846
0.02046681
-0.03152759
-0.04313407
0.01561168
-0.00800952
0.14973152
0.03315694
-0.01377239
-0.22689158
-0.02184557
-0.05172307
-0.11036759
-0.08844591
0.13155009
0.00300407
-0.05448347
-0.05516250
-0.11388677
-0.20106550
0.02489425
-0.06101076
0.10066858
0.03650423
0.03118544
-0.25052923
-0.04786349
-0.08900280
-0.11147532
-0.09500542
-0.04146251
0.05940266
-0.07151509
0.01340817
-0.08984655
-0.22568220
-0.01464674
0.01389265
-0.05748367
0.02570575
0.00276544
-0.12888168
-0.03130306
-0.06609724
-0.10493107
-0.07610039
-0.08353171
-0.02503080
-0.06302091
-0.06033118
0.05908017
-0.08839317
-0.00871536
0.03354137
0.01694433
-0.05559920
0.02199817
-0.01867238
0.06916676
-0.04261683
-0.02389900
-0.03195410
-0.06163846
0.02932718
-0.00743610
-0.00453219
0.09179179
0.04454809
-0.04974008
0.02375566
0.09740762
-0.04824068
0.00188594
0.10214126
0.08834952
-0.08815175
0.10766853
-0.04966873
0.01921442
-0.00181521
0.04903449
0.04029883
-0.00806922
0.13880706
-0.03105143
-0.02261511
0.14571662
-0.06682643
0.04755578
0.19695735
0.04065718
-0.01714670
0.05886145
-0.11809986
0.07069181
0.02511385
-0.04932802
-0.00454341
-0.07509192
0.09499871
-0.01680877
0.01859772
0.09573986
-0.02755414
-0.01838065
0.10989037
-0.04189290
-0.02543673
0.00208590
0.02438047
0.05870900
-0.01168914
-0.00621690
0.07773686
-0.06516737
0.14585742
-0.01044585
-0.01082539
-0.03786023
-0.04354114
0.04900490
0.00394024
0.00823617
-0.01353482
-0.01934604
-0.07401910
-0.04802565
-0.00542823
0.07152612
0.01060635
0.00896252
0.00637856
0.03557913
0.01018118
-0.04748803
-0.01392983
0.00614938
0.05767537
-0.05395603
0.00599797
-0.02933234
-0.04481662
-0.08511231
-0.03406158
0.08744931
-0.02888864
-0.04387856
0.05397742
-0.04218514
0.01919418
0.06722347
0.00358731
0.06669369
0.06068290
0.07517768
0.02477107
-0.03300413
-0.02207720
0.01500717
0.04827711
-0.24262637
0.06565337
-0.03051209
0.09133635
0.00885211
-0.07616489
-0.11953575
0.01164600
-0.04459980
0.06557384
-0.05602361
-0.03780363
-0.01344628
-0.08325876
0.02037706
0.00713590
-0.07982368
-0.01284868
-0.09213591
0.10635928
-0.04561739
0.00102153
0.02141267
-0.01045286
-0.01260872
0.03469830
0.01622693
0.05891888
0.02999924
-0.01048966
0.08590097
-0.02573980
-0.02517728
0.01380758
-0.09600544
0.01044131
0.02401828
0.01073036
0.05027946
-0.02014583
0.01058648
-0.01571442
-0.00178570
0.00081797
-0.04437718
-0.08136078
-0.01028576
-0.01596646
-0.05939598
-0.05467531
-0.08898507
-0.10269060
-0.01387596
-0.01764861
-0.06534009
-0.04960414
-0.06493448
-0.06867206
-0.04462470
-0.05239016
-0.02827791
0.00466860
-0.03128649
-0.04614754
-0.03229457
-0.02035230
-0.13370734
-0.14586592
0.03858256
0.04840038
0.01886533
0.01127579
-0.00074702
-0.10323716
-0.09369762
0.02645273
-0.05567526
-0.04830454
0.00233253
0.00121315
-0.02682808
0.00542077
-0.06171265
-0.13450274
-0.05511666
-0.01272360
-0.07803661
-0.03312489
-0.10335813
-0.21490286
-0.15372388
0.03023336
0.00424738
-0.04659016
-0.00666731
-0.05308518
0.04268727
-0.14320359
-0.05226941
-0.23336466
-0.02558543
0.01992622
-0.02508485
0.02667680
-0.00553782
-0.06611184
-0.00937560
0.03049957
0.03113458
-0.03901752
-0.01168208
0.00312196
0.02073831
-0.08488920
0.06712259
-0.07162850
0.01922053
0.05520439
0.00658978
-0.01666602
-0.03494544
0.02220910
0.02713667
0.04917420
0.02639627
0.04864433
0.02164507
-0.00457645
-0.12069006
0.07773799
0.07208810
0.07640633
-0.02933589
-0.01883006
-0.05349726
0.01560662
-0.07027504
0.06534654
0.02226156
-0.03863120
-0.01150003
-0.03742067
-0.01616376
-0.00443983
-0.02727210
-0.03766395
-0.07682464
0.01975994
0.00524259
-0.02432893
0.00854818
-0.03430086
0.03509499
-0.08392377
-0.05276738
-0.00369582
-0.02171501
0.01148791
0.06473307
0.02852549
0.05354876
-0.04984559
0.05649849
-0.10156240
-0.00292036
0.00417048
0.09780668
0.01829657
0.04249921
-0.07054062
0.04362333
0.01936871
-0.07372869
0.04012661
0.01569788
-0.00584733
-0.02524386
0.03331856
0.06804302
-0.10923965
0.01598031
0.07169276
0.07928667
-0.03002562
0.17778251
0.08864833
0.13221540
-0.03285468
-0.04792855
0.08185056
-0.03127707
0.04987508
-0.05797243
0.13814311
0.16140006
0.11679969
0.03288888
0.00441599
-0.04017343
0.01492433
0.05988429
0.10558555
0.00938063
0.01925683
0.00434100
0.06616967
-0.09473502
-0.00561047
0.02953112
0.02471865
-0.00378238
0.08432409
-0.05454917
-0.01019777
-0.15189137
0.05012931
-0.07380812
-0.08210835
-0.09803813
-0.01465348
0.00691070
0.08782603
-0.04360716
-0.03880477
0.02410496
-0.05925996
-0.05754912
-0.09041789
-0.01436800
0.00207329
-0.00794062
-0.03960582
0.03422175
-0.01701930
0.02226960
-0.03185449
-0.04525514
-0.07026058
0.00713081
0.02431070
-0.12205291
0.04096087
0.07707278
-0.01147846
0.04052198
-0.02755402
0.09306078
-0.02784115
0.12886541
0.13055976
0.13882332
-0.01504243
-0.04395831
0.05565144
-0.03855359
0.04803480
-0.04619290
0.05437443
0.10439578
0.13805991
0.00876655
-0.03466352
0.04328125
-0.06571833
0.07908452
0.09727072
0.03733751
-0.00815902
0.07527184
0.02907686
0.00871190
0.03881041
0.14070474
0.03574669
-0.06912979
0.16973792
-0.04904439
-0.02067413
-0.07027052
0.01571206
-0.04601379
-0.02311810
-0.02469341
-0.00766889
-0.02897138
0.00121393
-0.05582105
-0.04378025
0.13053113
-0.09538481
-0.09511856
-0.06631543
0.04438712
0.00828656
-0.02756552
-0.05219329
0.03277159
-0.12834637
-0.04481918
0.04488237
-0.08308783
0.01723363
-0.01983968
0.03212952
-0.10723452
-0.02584229
0.12049121
-0.18204604
0.03428274
-0.04226045
0.05051386
-0.07321677
0.03201570
0.11562559
0.10097439
0.00931501
-0.04247814
-0.03848995
-0.06934906
0.00448124
-0.13648167
0.04507550
0.02987218
0.19835505
-0.00229819
-0.02843253
-0.06016013
-0.03452605
-0.07251019
0.01065161
-0.05052071
-0.00606522
-0.05599208
0.07671171
-0.06462332
0.01883322
-0.01324127
0.04287063
-0.08054759
0.03140017
-0.03262147
-0.08102633
-0.11186951
0.05035743
-0.10820830
-0.18269999
-0.08108131
-0.05099393
-0.09195732
0.03642592
0.00610771
-0.06932966
-0.04781062
-0.13856314
-0.07341982
-0.16934958
0.02537004
-0.01234182
-0.04490181
0.02143570
0.04340594
-0.18347973
0.01760339
-0.06319567
-0.03935354
-0.03630509
-0.02300890
0.01759658
-0.17339526
-0.04660106
0.06437576
-0.19237573
0.00494456
-0.00473004
-0.00214296
-0.06933905
0.02930869
0.09835862
0.02603255
0.02133753
0.03430209
0.03186169
-0.03349769
0.00486604
-0.05330006
0.08168182
0.07832194
0.08074484
-0.03028571
-0.05289792
-0.11947353
0.01537352
-0.04206893
0.03653020
-0.03145815
-0.07122657
-0.02102302
-0.04080898
0.00392438
-0.02969981
-0.00671785
-0.02524068
-0.09996653
0.01625407
-0.02405193
-0.06640749
0.09049444
-0.02950444
-0.08653022
-0.03731324
-0.02072245
0.03851963
-0.02223461
0.00440940
0.03858632
-0.01784035
-0.03063980
0.00826245
-0.11090561
-0.05457111
-0.02829812
0.00879307
0.03512486
-0.05903884
-0.01814357
-0.13930787
-0.03047494
-0.01896235
-0.06618008
-0.05516605
0.00134492
0.00579082
-0.06145793
-0.00271450
-0.00959508
-0.09849125
-0.01008378
0.03442930
-0.04561216
-0.02485592
-0.00925450
-0.01413168
-0.00534573
0.02837144
0.03728079
-0.01677066
0.02537205
-0.00685733
-0.02563472
-0.00410509
0.04985974
-0.04514591
-0.02844997
-0.02114086
-0.02517817
-0.03646314
-0.06648996
-0.00206798
-0.07591446
-0.00020081
-0.02048242
0.00211396
-0.00373165
-0.04570650
0.10839640
0.03268305
-0.06844056
0.01251476
0.00482240
0.05875646
-0.00818973
-0.02240867
0.05199784
0.02527238
-0.01592793
0.05374923
-0.05438092
0.01221602
0.00341919
-0.03468275
-0.04960367
0.00166981
0.01861880
-0.04315026
-0.05537836
0.01060874
0.06417919
0.01232120
0.02660111
-0.14895611
-0.09296696
-0.00100319
-0.09830275
0.00184804
0.06866078
0.02263962
-0.06678423
-0.06686765
0.00408532
-0.13240755
0.02199131
0.03626328
-0.05332213
-0.03068447
-0.08691704
-0.19449906
-0.16337356
0.02634854
-0.07811055
-0.01536511
0.01364527
-0.02734703
-0.09792359
-0.04806273
-0.04508959
-0.23455006
0.02974059
-0.00049198
-0.05030560
0.02514523
-0.01105529
-0.06484366
-0.04858210
-0.01396885
0.06295150
-0.02230556
-0.04480070
-0.04353515
-0.05569886
-0.06562615
0.04077981
-0.02093184
-0.06313266
-0.00921711
-0.06862141
-0.02635330
-0.00995671
0.14289370
0.05720894
0.01483428
0.04489526
-0.04585072
-0.03952293
-0.00530565
-0.06736617
0.05397099
0.03341763
0.15299197
-0.03348324
-0.03935865
-0.01091400
-0.00923401
0.05552444
-0.03294704
-0.03753265
0.01697322
-0.00983106
0.02337808
0.03928015
0.03138670
-0.00674546
-0.03612319
0.05490506
0.02571773
0.02528999
0.00774634
-0.04485889
-0.04070675
-0.03719180
-0.15216601
-0.08431939
0.02813249
-0.01384845
0.01046117
-0.02829337
0.00516245
-0.00716058
-0.03353306
-0.01461039
-0.08961970
-0.04665468
-0.00242423
-0.11959828
0.01841407
-0.05179746
-0.29231820
-0.17271179
0.00884255
-0.08882089
-0.04574966
-0.01174475
-0.00400633
0.00372225
-0.13978572
-0.13165924
-0.34437811
-0.00825306
-0.06171469
-0.05374373
0.01286898
-0.09399710
-0.27346280
-0.11527669
-0.03234613
-0.06788263
-0.04001209
-0.03973219
-0.01792008
0.15283172
-0.12177743
-0.10610203
-0.30239445
0.01053077
0.03711694
-0.02296023
-0.02169509
-0.04071809
-0.10536978
-0.07402280
-0.02245641
0.01882180
-0.03602960
-0.04522498
-0.08959958
0.16189449
-0.11762588
-0.03905126
-0.22482078
-0.05451126
-0.03442966
-0.06129967
-0.07603861
-0.07686479
0.01267068
-0.06549421
-0.01144466
-0.01772946
0.05360428
0.04858321
-0.06200156
-0.10366122
-0.04618073
0.00743432
0.05727980
0.01893097
-0.06583928
0.04967329
-0.01499548
0.01882856
-0.06831693
-0.04715027
0.02900387
-0.05566739
-0.00923452
-0.00656864
0.00453643
-0.09218308
-0.08253240
-0.04412879
-0.06004733
-0.03918761
-0.05466529
0.10022863
-0.02107330
0.11382860
-0.04109390
0.06681368
-0.00557963
-0.07608292
-0.03202999
0.01875062
0.05518690
-0.04744955
0.06843823
0.06976313
-0.04414123
0.02111099
-0.06833963
0.14388825
-0.06161809
0.08555981
0.00514962
0.09102260
-0.05648339
-0.04556471
-0.09732339
0.06176364
0.05581241
-0.11427038
0.09601344
0.05523091
0.01980243
-0.05152443
0.00722159
0.16415302
-0.04044961
0.05037642
0.08275829
-0.02437839
-0.05764861
-0.09423819
-0.05869942
0.02630980
0.05802134
-0.09474807
0.01434289
-0.06263114
0.01089287
0.03772906
-0.01533007
0.02066178
-0.07693668
-0.01728396
0.08645960
0.06741100
0.04216236
0.04148573
-0.04779035
-0.00845727
-0.03061720
0.00089581
0.03179571
0.00473762
0.12319603
-0.00119124
-0.00702834
0.08775345
-0.09451821
0.03000288
0.09973623
0.10616925
-0.04007826
0.00616124
-0.03499931
0.04658435
0.00896497
0.08019068
0.10167558
0.00966578
0.19294958
0.03523250
-0.04502271
0.07384057
-0.08169188
0.00167871
0.08494002
-0.00804952
-0.00326830
0.11783241
-0.03949024
-0.06790181
0.06276090
0.20646240
0.02041885
-0.02367743
0.17969944
-0.02802765
-0.04925367
-0.02436480
-0.10320158
-0.03590709
0.17723842
0.01172703
0.02119441
0.12750390
-0.00557253
-0.02295653
-0.05911808
0.07936541
0.02183528
-0.01196314
0.17902751
0.02903521
-0.00211039
0.01280796
-0.06544726
-0.00400370
0.14455780
-0.04293430
-0.04830163
0.03932223
-0.03277839
-0.00476702
-0.05793276
0.08535038
0.00802069
-0.00356924
0.06627258
-0.05473076
-0.01025916
-0.05370137
-0.05144347
-0.11234301
-0.07080620
-0.07631915
-0.01931833
0.09702913
-0.01837744
0.05719386
-0.06987685
0.15012738
-0.05683910
-0.09009387
-0.06367609
-0.04443007
0.05526532
0.01366503
-0.06613904
-0.02608513
-0.05015060
-0.11054950
-0.02720492
0.04553623
0.05393603
-0.00479588
-0.01010067
0.16544516
-0.09218882
-0.10011301
-0.16046713
-0.00756636
-0.02475445
-0.03173912
-0.06122422
-0.02641953
-0.19617748
-0.10963783
-0.06064017
0.03062243
0.00234954
0.03100368
-0.04965045
0.19991127
-0.10246634
-0.06372343
-0.16758488
-0.00966610
-0.00088841
-0.00308648
-0.09207931
0.01709352
-0.06633159
-0.03307720
-0.08194418
0.05264575
0.00484437
-0.11162775
0.05388089
0.14619865
-0.09133306
0.03945758
-0.09392011
-0.05831707
-0.04698397
0.06807484
-0.07980895
0.08776073
0.01743240
0.00563359
0.01438396
-0.00113695
-0.02451861
-0.03202416
0.03890340
-0.10031252
0.06441077
0.01593120
0.03793376
0.01765596
0.01984879
0.01020104
-0.07802846
0.09269828
-0.08146300
0.02473352
-0.02405136
-0.06913440
0.03402333
0.01366467
0.00919985
-0.01039956
-0.00395723
0.07786844
-0.00036784
-0.01503028
-0.08873709
0.06549591
-0.05034592
0.05767501
-0.18234028
-0.04019573
-0.00347810
-0.20752113
-0.04232578
0.02751696
0.07558360
-0.05731980
-0.03142807
0.00435031
-0.16069406
-0.02332999
0.02083645
0.04970854
-0.06790216
0.05565659
-0.13880937
0.02378009
-0.02693730
-0.12021268
-0.02122645
-0.07518984
0.03532012
0.03279090
0.04194844
0.14304233
-0.11611201
0.01987671
0.02254145
0.01947572
-0.07062835
0.09677541
-0.10494177
0.00479702
0.03582202
-0.05131378
0.00934464
0.00310643
0.05553922
-0.04590508
0.08639211
0.11226881
-0.04998764
-0.05771256
0.04594167
-0.04947738
-0.06270458
0.03313554
-0.13961986
-0.09128645
-0.00407824
-0.00379420
0.02972541
0.01749475
0.01160152
-0.11128658
-0.01281675
-0.04257249
-0.09786414
-0.03857543
-0.05593807
-0.01410565
-0.06518695
-0.00951685
0.03065676
0.05459877
0.01788653
-0.03190172
-0.04895021
-0.04048153
0.02080766
-0.14053062
0.04435888
-0.00572639
0.11310054
-0.00451325
-0.01667141
0.12076935
0.00180405
0.05375522
0.02139850
0.08563385
-0.05913628
-0.01180117
-0.12676463
-0.00616786
0.02537098
-0.14489408
0.04314171
-0.08697119
0.02985203
-0.00313755
-0.03540719
0.04017494
-0.03022938
0.01299318
0.03533728
-0.03956597
0.01624522
-0.04305641
-0.00232473
0.02258739
0.01110945
-0.15052846
0.08941002
-0.02522894
-0.01632933
-0.00445829
0.02420592
-0.07466988
-0.01209557
-0.05615385
-0.17183472
-0.07851017
0.00187007
-0.04055465
0.02487440
0.01532473
-0.01284200
0.00683553
-0.02687742
0.00591892
-0.18773204
0.02713358
-0.01387405
0.02256944
-0.07400151
0.01489086
-0.09229430
-0.01829863
-0.00017869
0.01492729
-0.02281666
0.04196187
0.05776567
-0.03802916
0.00817947
0.04583718
-0.12135932
0.02923508
-0.02113258
-0.05917634
-0.04284298
-0.04136122
0.11589258
0.01936189
-0.01495774
0.10370270
0.00343377
-0.05242883
-0.01652578
0.06407803
-0.06396840
0.07823298
0.19769573
-0.06905212
-0.03684148
-0.03087233
0.01497322
-0.07141420
0.18915138
0.06304116
-0.04663061
0.07178423
-0.04025500
0.02391087
-0.04901688
0.12974574
0.06285192
-0.22080038
0.21515790
-0.03939978
-0.05030584
0.17523751
-0.07841177
-0.07948294
0.23106505
0.10631593
0.03393964
0.11796214
-0.09507085
0.11944971
-0.05869284
-0.14241430
0.03110585
-0.13390109
0.19695050
0.01908738
-0.04826514
0.14509951
0.00510187
0.01428742
0.00696730
0.04467747
-0.01361279
-0.07018549
-0.04364887
0.08878403
-0.00625945
-0.19246900
0.03561003
-0.11564279
0.01247288
-0.01720763
-0.01558560
-0.00563573
0.01076801
0.00278957
0.00545559
-0.02047239
-0.05590023
-0.03296294
-0.00285791
0.01490179
0.00712201
-0.12379239
0.01302130
0.00390485
-0.00056706
0.02800059
0.03912762
-0.11642139
-0.04453785
-0.10222929
-0.02839857
-0.11380677
0.04253257
0.01261543
0.01686503
0.05796127
-0.04288437
-0.07388157
-0.01894708
-0.07466567
-0.10193837
-0.00478896
-0.07507005
-0.16890879
-0.04564081
-0.16938478
-0.09534148
-0.16229784
-0.01401768
0.01223327
-0.02736454
-0.08449463
-0.07897802
0.11055792
-0.12568587
-0.12588103
-0.08848410
-0.03341777
0.01668954
-0.09460576
0.02028025
-0.12574570
0.15193093
-0.04264797
0.00399587
0.19787900
-0.09719890
-0.01651165
-0.04851055
0.14107208
-0.03372305
-0.13067500
0.13461712
-0.06096153
0.03860532
0.09755534
0.00908309
-0.03522991
0.18391365
0.04790460
-0.01405813
0.14932871
-0.04722870
-0.00289567
-0.05035112
0.04291599
0.02142302
-0.12138318
0.18093772
0.00792363
-0.01831108
-0.02194061
0.00731228
-0.06795837
0.06007014
0.06295809
-0.06312930
0.01638006
-0.04172421
-0.00534965
0.01545434
-0.05910410
0.03737782
-0.05584435
0.06309212
0.00590783
0.01007698
0.01692942
-0.04260740
-0.05614661
-0.10444026
-0.04640719
0.07009459
-0.01192416
0.00937779
0.08904842
-0.04187529
0.00168891
0.03289657
-0.02971568
-0.10438506
0.04516534
0.00565863
0.01191774
-0.02128586
0.06261766
-0.17575838
0.00864761
0.04520230
-0.03244256
0.06044947
0.00367137
0.00253835
-0.04543385
0.02807223
0.02934909
-0.24839881
0.02092788
-0.03712575
-0.00643518
-0.05012150
0.01268046
-0.15061976
-0.07082471
0.00613200
-0.15360758
0.03654240
0.00356743
-0.00810147
0.01679101
-0.00457836
0.04338803
-0.19092654
-0.01659124
-0.01128894
-0.12263697
-0.03385454
-0.05650589
0.02581489
-0.03369046
-0.05773875
0.08064502
0.00549045
-0.12391904
0.00627837
0.08047754
-0.10736760
0.05420670
-0.00800575
0.03894079
0.03518012
-0.06774172
-0.07066330
-0.00042621
-0.09071662
-0.10476041
0.02127166
-0.01526963
0.02952138
0.00597740
0.01047876
-0.01605998
0.01872776
-0.00061927
-0.02412665
-0.01663591
0.02523690
-0.04271899
-0.06034578
0.08991513
-0.06684036
0.03488498
0.02145096
-0.08245775
0.04280647
-0.13354604
0.04126124
-0.14005271
-0.00418029
0.23715442
-0.09508397
-0.03118463
0.01405547
-0.08753726
-0.09940263
0.00122095
0.03536227
0.06465925
0.00949989
-0.01637955
0.09154467
-0.07270414
0.09556803
0.17833647
0.10338750
0.11385243
0.05314150
-0.04135951
0.03086753
-0.02387887
-0.03052388
-0.00192052
-0.04060719
-0.09001634
-0.00533031
-0.00668762
0.05104998
-0.07055089
0.02350863
0.13869600
-0.00562315
0.09252834
-0.10202733
-0.02709319
0.03249659
-0.06721389
-0.03929345
-0.01605543
-0.05498601
-0.02977272
-0.04048859
-0.03319233
-0.01588716
-0.07633446
-0.00613890
-0.11074454
-0.02091475
-0.01181182
-0.07462523
0.03523151
-0.03578466
0.01265407
0.02444004
0.01011426
-0.10406512
-0.00927801
0.03447868
-0.05348170
-0.04403245
-0.03446454
-0.03761657
-0.10388803
-0.06546935
-0.05612151
-0.07040912
-0.03556464
-0.01109587
-0.15976951
0.01250309
-0.06903624
-0.06645846
-0.10584324
0.00142989
-0.07986365
0.04955804
-0.04110294
-0.04213705
-0.14433062
-0.01239288
-0.04784666
-0.06279088
-0.05025336
0.00980463
-0.01684926
-0.02218590
-0.01239698
-0.12208214
-0.05010974
-0.02181023
-0.01761467
-0.03531006
0.00831205
-0.04577215
-0.14305905
0.01585479
0.02859721
-0.20567138
0.02294743
0.06568816
0.00998230
-0.06738212
0.12880984
-0.20474400
0.09531125
0.00094469
-0.13237239
-0.06486306
-0.01989913
0.03202536
-0.20312549
-0.00998634
0.22194509
-0.24002975
-0.01618397
-0.04449423
0.02022606
-0.04867674
0.07554571
0.02532441
0.02719610
-0.00329544
-0.14690228
-0.03600056
-0.01653080
0.08856054
-0.10835081
0.17351507
-0.01073733
0.08839197
0.00737251
-0.03493943
0.01757651
-0.07709392
0.02829920
0.11468042
0.00309210
-0.02530730
-0.05958144
-0.01159394
-0.03370142
-0.01891964
-0.03250618
0.00094353
0.05761524
0.05248565
-0.05492146
-0.01791188
0.12505166
-0.03637448
-0.07961457
0.09573386
0.06604786
0.03729089
-0.01081470
-0.05276879
0.07760978
-0.01111619
-0.02374019
-0.00772307
-0.03171216
0.10459872
-0.05563616
-0.03599342
0.20564790
-0.04465228
0.04010687
0.14114888
0.12376000
-0.06935007
0.12238286
-0.05893453
0.03790826
0.06058135
0.00981661
0.07805920
-0.01987315
0.16126858
-0.02612391
0.00256072
0.08371331
-0.02385792
0.10959315
0.16108775
0.22139315
-0.03471840
0.07578005
-0.01625284
-0.02783388
0.08154642
0.10214146
0.06922635
0.18349671
0.27727374
0.01280987
-0.04369352
-0.08297703
0.01885728
-0.01563225
0.17161214
-0.00064496
-0.04373255
0.05595945
0.08287399
-0.11082755
0.02080969
0.05535287
0.04776657
-0.03430130
0.11860589
-0.00684550
0.01985481
-0.04714135
-0.05245376
-0.08832783
0.05420587
-0.04418743
-0.03844000
0.00371333
-0.00117016
-0.10736141
-0.05964915
-0.00172712
-0.09612796
0.01112724
0.09056405
-0.05954000
-0.06286166
-0.06029957
-0.06405301
-0.03877551
-0.08187877
-0.08555458
0.02020432
-0.00895309
-0.01356029
0.02165204
-0.03633948
0.06747913
-0.07524859
-0.07285593
-0.14672720
-0.03204576
-0.03599446
-0.03191104
-0.02532034
-0.07667330
-0.03952410
-0.08849889
0.00679783
0.05828241
-0.02861215
-0.09612407
-0.00019122
0.25609991
-0.15412700
-0.10297702
-0.08826901
0.03466111
0.01650552
-0.14427982
-0.00339327
-0.13962564
-0.05192511
-0.18687096
-0.02422144
-0.03910469
-0.03592581
-0.12963821
-0.01808014
0.22544341
-0.15899718
-0.06506078
-0.10172512
0.03338259
0.03057381
-0.25228348
-0.03868763
0.02500514
-0.27991739
-0.07630278
0.01099785
-0.12200492
0.01320877
-0.18709591
-0.00176670
-0.02473390
-0.14606594
0.04236745
-0.29428554
0.03333707
-0.02819614
-0.24210659
-0.05045613
-0.05116788
-0.10215190
-0.03505787
-0.07713475
-0.12939700
-0.07718901
-0.14557822
-0.00539482
-0.19252521
-0.03916170
0.01306557
-0.11429449
-0.05205193
0.00095893
0.12114593
-0.02110681
0.01010124
-0.06718880
0.00586374
-0.00889436
-0.14703524
-0.03396193
0.11580524
-0.04640359
-0.19962288
0.03365405
-0.02591034
-0.00874331
0.04981422
-0.03898578
0.00555174
0.03397653
-0.05382213
-0.27643088
-0.09153585
0.01411731
-0.22287934
-0.04989661
0.04106978
-0.02324728
-0.13202290
-0.02206567
-0.03963845
-0.30603594
0.05535574
0.03559193
-0.01133408
0.01585887
0.08296174
-0.27498195
0.04774299
-0.06350449
-0.14550041
-0.06732582
-0.03527657
-0.01715828
-0.18551575
0.03506055
0.13564132
-0.24719684
0.02222710
0.08612826
0.04518245
-0.01584445
0.12905854
0.02976844
0.14392364
0.01689855
-0.10820217
-0.00127250
-0.02288060
0.04910117
-0.25402188
0.13393350
0.07699472
0.14629573
-0.01903059
-0.01251303
0.01828087
0.00885876
-0.04699714
0.09351701
0.05113112
-0.04829028
-0.06335609
-0.03791273
-0.00945341
-0.03112023
-0.15379362
0.01867789
-0.11553685
0.11367831
0.00671161
-0.02029616
0.00179223
0.00482779
-0.03335356
-0.15761961
-0.07691316
-0.02461079
-0.02650730
-0.07024290
0.03479657
0.02183984
0.00960242
-0.07357299
0.02295779
-0.18030138
0.00827295
-0.03736606
0.01889305
0.00261532
0.01103651
-0.05440590
0.04566846
-0.01133041
-0.03118643
-0.02702780
-0.01758784
0.05316214
0.07280808
-0.05376854
0.03348755
-0.07796670
0.01140554
0.00734149
-0.00918533
-0.01492627
-0.03065156
0.06854297
0.01411862
0.03244358
0.09765057
-0.03613530
0.00856227
-0.06002992
-0.04478476
-0.00044028
0.02054503
0.03723250
-0.04746501
-0.01330434
-0.03623531
0.03959915
-0.07732165
0.01369864
-0.06124230
0.03940863
-0.03606658
-0.03196172
0.04624345
-0.04728789
-0.09611593
0.02882112
-0.06543041
0.00025731
0.03649902
-0.03730776
-0.09904747
-0.03989403
-0.11943313
-0.06701425
-0.05806814
0.03144104
0.00631246
-0.03650605
-0.02475771
-0.06664282
-0.00040745
-0.10414502
-0.04278893
-0.05557007
0.01091408
-0.02008230
0.03848263
-0.04006461
-0.00164662
-0.05938184
0.00589197
-0.01747494
-0.01791660
-0.01829489
0.04083314
0.02404837
0.07052103
0.01922883
-0.06334917
-0.06217634
-0.04731706
-0.07143233
0.00087671
-0.05252263
0.05671332
-0.03237365
-0.04165721
-0.00282525
0.01933783
-0.00265506
-0.08467831
0.00752910
0.09724793
-0.10167675
-0.02958128
-0.07033024
0.04606480
-0.01818250
-0.05277712
-0.01689360
0.02427111
0.14780176
0.08350558
-0.02161450
0.07026212
-0.03486762
-0.05131289
0.06563072
-0.11752391
0.01371240
0.02767225
0.07800296
0.00080064
-0.00916129
0.01775624
-0.07022467
-0.06613818
0.13283290
0.01727192
0.06731033
-0.02266172
0.10531478
0.08987643
-0.04509613
-0.03000257
0.08206578
-0.04234236
0.16140547
-0.04112110
-0.01741973
-0.14580373
-0.01049900
-0.11306219
-0.10196202
-0.07599254
-0.03092586
-0.00990997
0.05128997
-0.05206587
-0.08270626
-0.03087670
-0.09559336
0.00447586
-0.18534799
0.02662780
-0.01774345
0.01169785
-0.01221938
-0.01881302
-0.12382247
-0.04750012
-0.04167375
-0.06648006
-0.02669104
-0.06305135
0.02853580
0.05435098
-0.04865523
-0.02524295
-0.12855551
0.00943385
0.03393957
0.08860978
-0.01812895
0.08537497
0.04901012
0.02525544
-0.00596587
-0.04038195
-0.04940180
-0.02273590
0.08596323
-0.14553639
0.01653175
0.06107914
0.04287725
0.02328140
0.01955070
-0.00332577
0.00424941
0.08441208
0.17690438
0.15421367
0.01068224
-0.02685050
0.03005051
-0.04207091
0.02163928
0.03156302
0.04945318
0.00053266
0.13950011
0.04223740
-0.02573159
-0.09993319
-0.01444650
-0.09036905
-0.01229429
-0.10602788
0.02743556
0.03122724
0.13429616
0.06338765
-0.03104261
0.09178060
-0.04168810
-0.07394680
0.06330182
0.01610547
0.01892222
-0.12202217
-0.04069062
0.02285023
-0.13820279
-0.02010726
0.00134480
-0.04893577
-0.02469793
-0.03131871
0.02682243
-0.14886178
-0.07807169
0.10356721
-0.23938677
0.05041799
0.06735140
-0.03788261
-0.05041884
0.08311293
0.03144075
0.07420895
-0.04832324
0.00725959
-0.05081055
-0.10045251
0.04085390
-0.17029546
0.03641326
0.11815371
0.00539755
0.03277109
-0.03411431
-0.08856370
0.03138252
0.02195923
0.03979820
0.06499064
-0.02307049
-0.00642077
0.01197255
-0.08962876
0.01380545
-0.07843973
-0.00114555
0.00340579
0.07712838
0.00874862
-0.01447581
-0.07470565
-0.01441603
-0.08871673
-0.00226205
-0.06581093
0.03936259
-0.00385623
0.06282417
0.04468482
-0.06822422
0.10094418
-0.00184095
-0.11522108
-0.01131011
0.00712430
0.00954716
-0.01127888
0.00007779
0.03981773
-0.25468963
-0.06980604
0.00099083
-0.06274696
0.01557873
0.02210040
0.01346754
0.01720904
-0.10382212
-0.01260490
-0.21674320
-0.01635758
0.07608832
-0.02732023
-0.01089844
0.03026979
-0.04595777
-0.02662044
-0.05390006
-0.01370591
-0.04475505
-0.04441771
-0.01904809
-0.09795559
0.01970086
0.03528677
-0.09995080
-0.04916376
0.05302003
-0.06275311
-0.01477091
-0.00669119
0.12480118
0.00134079
-0.04447263
-0.01146850
-0.08622354
-0.11286958
0.05704218
-0.11594675
0.09157941
0.04118208
0.12075277
0.00179660
-0.01116244
-0.07293319
-0.00428253
-0.09362470
-0.04693090
-0.06267887
0.04420911
-0.02738534
-0.03995034
0.05006934
-0.06338628
-0.00907318
0.00494008
-0.14433903
0.00738711
0.02578344
-0.04912062
0.09930462
-0.00362607
0.03397222
-0.09974416
-0.00670524
-0.02042713
-0.02810876
-0.05920084
0.03913921
0.01498475
0.00333125
-0.10544614
0.00116981
-0.10974202
-0.00951500
0.03548984
0.03321276
0.00832831
0.03252361
-0.05903701
-0.02328841
0.04094223
-0.06626137
-0.00264504
0.06030730
-0.02764902
-0.10432389
0.06242518
-0.02737490
-0.06434792
-0.02380202
0.03963644
0.00211384
-0.02555412
-0.03217064
0.02661378
-0.04196604
0.05028068
0.03672654
0.02657326
0.01831160
0.02197810
0.04951827
0.04371469
0.00179184
-0.03594282
-0.01266355
-0.02020770
-0.00354079
0.02641867
-0.01302020
0.04973541
0.04682438
-0.00940298
-0.04998535
0.05361763
-0.02077523
-0.04878983
-0.05197912
-0.01544452
-0.01145397
-0.00404277
0.02532474
0.03636223
-0.01284496
-0.02815428
-0.04350715
-0.05475176
-0.07810722
-0.03421995
-0.02391476
0.03271234
0.03774474
0.01270057
0.07235710
-0.02155162
-0.05964785
-0.08676659
0.02510851
-0.02684124
-0.08551943
-0.04172581
-0.02103491
-0.04970550
-0.03849147
-0.03031702
-0.01830962
-0.01130508
-0.03944112
0.01493195
-0.04384788
-0.00340143
-0.02409184
-0.10390823
0.03455810
0.00573311
-0.01969143
0.02015601
0.00296277
-0.10733878
-0.05559951
0.01776963
0.03499211
0.03975119
-0.06519014
-0.02207432
0.00360920
-0.06548152
0.02100828
-0.07727704
-0.03641969
0.04645709
-0.03439828
0.02679703
0.01947851
-0.04663860
-0.09798352
-0.00880913
0.00648426
0.00922322
-0.04204100
-0.04489703
-0.05201724
-0.07401706
-0.07031234
-0.12578176
0.01804730
-0.03086483
0.04370988
-0.00030101
-0.01593530
-0.08147858
0.00154016
0.00456481
-0.06348763
0.02087330
0.07661084
0.02361366
0.03919236
-0.02120550
-0.00237375
-0.08194196
0.00720937
-0.00206624
0.06113801
-0.05997492
0.04096725
-0.05748713
-0.08802778
0.00512353
-0.07056967
-0.01771217
-0.01224942
-0.05448771
0.06890102
-0.06122421
-0.03204172
-0.07411934
-0.04195755
0.01150472
-0.00917398
-0.05005923
0.06578833
-0.05744624
-0.06973039
0.03612113
-0.03380218
-0.01470170
0.04488397
-0.01627833
0.07575132
-0.09849682
-0.01447308
-0.08048764
0.03398049
0.01952374
-0.01766579
0.00144200
0.06467424
-0.01093631
0.00447847
-0.00496520
0.04371284
-0.05059666
0.00837894
0.04939221
-0.03813963
0.00970797
0.03352703
-0.06860726
-0.00887761
-0.00829163
-0.00958505
0.00357857
-0.05012091
-0.09971287
-0.03554610
0.01324833
-0.06956031
0.02692985
0.06842160
0.00351463
-0.07966010
-0.00916972
-0.10994573
-0.13780148
0.01128980
0.02502619
-0.15574589
0.00674518
-0.07156047
-0.17314497
-0.06399696
0.00180339
-0.08774872
0.00301196
-0.03589470
-0.04482364
0.03494953
-0.12248161
-0.08790379
-0.12102880
-0.04428989
-0.07371848
-0.01542055
-0.00633480
-0.02736444
-0.15501696
-0.09168644
-0.05451313
-0.03252670
0.00183516
-0.00794893
-0.03313953
0.07327661
-0.05215883
-0.05809091
-0.14270760
0.04188206
0.02517483
0.01159065
-0.06269978
0.11031134
-0.03783124
0.09399918
-0.08695491
-0.12120224
-0.05520643
-0.02796347
0.08602775
-0.05691701
0.06996042
0.11931728
0.04328413
0.02018183
0.00660597
0.02977357
-0.03996590
0.06585471
0.06527948
0.05663988
0.03076769
0.02921675
0.02758510
0.04976636
0.09535117
0.07521820
0.09195326
0.00360166
0.08360716
0.02077556
-0.03211759
-0.00572029
-0.02708389
0.00536759
-0.01133722
-0.10782533
0.02569732
0.04356436
-0.01117254
0.10570373
-0.00891147
0.06542299
-0.00617687
-0.02479286
-0.06397984
0.02035114
-0.02303269
0.09430877
-0.00704880
0.16939794
-0.10086755
0.08821186
-0.05734452
-0.05887266
0.01190270
-0.04091895
0.12883703
-0.13983589
0.09572528
0.13994338
-0.04660150
0.01339825
0.02039162
0.10505085
-0.09557458
0.17773454
0.11491252
0.18285693
0.01285555
-0.11785454
0.00601554
-0.01850996
0.10846488
-0.00191318
0.07841102
0.10923564
0.13643678
0.00863314
-0.08995939
-0.00645813
-0.07067846
0.04788022
0.04823765
0.01822561
-0.01556844
0.00353686
-0.02410448
-0.09572389
0.08356990
0.14096570
0.08527736
0.03593656
0.05295791
-0.05726216
0.01597556
0.01441463
-0.04410559
-0.03298881
-0.03400245
-0.04601144
-0.03746340
0.10218889
0.02726584
0.00328682
0.03366474
0.14396039
-0.02136068
-0.03793951
-0.01831642
-0.01579855
-0.03229858
0.04265066
0.01915400
0.01711364
-0.12922142
-0.07400360
0.00296936
-0.04102280
0.02417355
0.02031558
0.01911144
0.01646627
-0.03585273
0.04239263
-0.21936515
-0.05713071
0.02397046
-0.00270296
-0.06421429
-0.03722925
0.12916546
0.02388977
-0.04253066
-0.00075084
-0.01752397
-0.07978154
0.01380304
-0.13104796
0.08159794
0.03509578
0.15408674
-0.00090931
-0.06615921
-0.10739464
-0.05088213
-0.04274701
0.04317717
-0.03611973
-0.00914137
0.00647623
0.00523971
-0.02807052
-0.01883390
-0.02639492
-0.02079611
-0.12202911
0.07507567
-0.03419401
0.01888238
0.03327327
-0.06468598
0.03505759
-0.12197656
-0.00719072
0.02178635
-0.01184546
0.00916668
-0.06750865
0.00828031
-0.00269808
-0.10227575
-0.07861976
-0.11588816
-0.05475335
0.00074727
0.02679439
-0.06946427
0.02279780
-0.02801045
0.00860125
-0.01185906
-0.02246407
-0.03172799
0.06760637
0.05278102
-0.04433555
0.08022920
-0.00756544
-0.00746289
-0.01532698
-0.03119836
0.02494707
-0.03645759
0.02830582
-0.01881202
-0.01318039
-0.00890258
-0.02519717
-0.00957485
0.07780863
-0.00071052
0.06037429
-0.03548112
0.01757857
-0.08221968
0.00162905
-0.05050631
-0.01690536
-0.00556854
-0.07225777
0.07408858
-0.03814382
0.00814469
0.05689220
-0.00319993
0.01427631
-0.00749145
0.05649302
0.01539362
0.00083803
0.07210492
-0.02207152
-0.00245854
0.03534776
0.04035609
-0.06581489
0.03133218
-0.02053634
0.00651456
0.05923208
0.02891043
-0.04637009
-0.04042507
0.09027463
-0.05996274
-0.00657303
-0.00449489
-0.03210803
-0.02926857
-0.01972475
-0.00256154
0.00205399
-0.00758590
-0.04359672
0.04533508
0.00426519
-0.01479131
-0.05001352
-0.03041694
0.04682752
-0.02307068
-0.01024730
-0.09257419
0.03281584
-0.02863069
0.03000710
0.03384602
-0.00345996
-0.04503819
0.00907785
0.03376772
-0.05012031
0.04248011
-0.01477281
0.02179740
-0.00030258
-0.06733546
-0.01393418
-0.05435742
-0.04160881
0.02668272
-0.01402985
-0.03314039
-0.00959262
-0.05542750
-0.04708077
-0.01887019
-0.01017580
0.02523702
0.03032451
0.03528128
0.00069711
-0.03939049
0.02201704
-0.04730648
-0.00536562
0.01661459
0.06454526
0.02902846
-0.04555104
0.01289534
0.01325617
-0.03940453
0.06541638
-0.05843996
0.03302143
0.02543898
-0.10090046
-0.01340232
0.03229881
-0.03336679
0.03325346
-0.00822657
0.03820389
-0.05877927
-0.03014502
-0.05169239
-0.04716296
0.01532842
-0.05243272
0.02821658
0.04073177
0.03174602
-0.06618463
-0.03053860
0.01320975
0.03013969
-0.03963693
0.01819806
-0.02836289
-0.04058467
-0.03426348
-0.06038167
-0.06440971
-0.02506909
-0.02598680
-0.03579047
-0.00031497
-0.06166516
-0.01924547
0.00425888
0.00695482
-0.03921502
-0.00548346
-0.00316514
-0.02974531
0.02711358
0.00252882
-0.06177224
-0.00154246
0.04300848
-0.06084818
-0.03760204
-0.05121937
-0.01088613
-0.03661594
-0.02704404
-0.03450442
-0.07178395
0.00161546
0.04663422
0.02261417
0.00407878
0.03663916
-0.07022502
0.00912547
0.03697265
0.02419158
0.00279944
0.00260585
-0.04703460
-0.00026219
-0.02353837
-0.03678568
-0.05323234
-0.00460979
-0.03262341
-0.02414669
-0.00280608
0.02522155
0.03191488
0.05548203
-0.04120935
0.00904598
-0.01883140
-0.05691793
0.03077614
-0.04636970
0.05585219
0.07402737
0.08829074
-0.04113107
0.01326727
-0.00404490
0.00516750
-0.06599452
0.01133734
-0.05248791
0.03459122
-0.06030576
0.03290734
-0.00039302
-0.05800616
0.03051259
0.04545300
0.03026101
0.08295131
-0.02140648
-0.03402922
0.00875020
-0.04143631
-0.00067688
-0.04002428
-0.00222487
-0.03981183
0.01730613
0.00607847
0.01012821
-0.00039279
-0.02055883
-0.03474019
-0.03115005
-0.04738148
-0.00730114
-0.01609626
0.02063897
-0.05201400
-0.02402412
0.00829097
-0.05952157
0.02583184
-0.02625323
-0.00326173
0.03396051
-0.01375143
-0.02522216
-0.03348684
0.04062952
-0.00474795
-0.03806587
-0.04001459
-0.04919327
-0.01322374
0.00496734
-0.03028720
0.00874205
0.04424615
-0.04681453
0.02146113
-0.00375423
-0.02930762
0.00110788
-0.04613547
0.00712270
-0.05505301
-0.02735372
-0.03229952
-0.04557166
-0.02794682
0.01238316
0.05222870
-0.01046928
-0.03284022
-0.00159395
-0.02593616
-0.03363204
0.00991527
0.02083949
0.01354633
-0.04220691
0.10602544
0.01638773
-0.00161740
-0.08249464
-0.02459578
-0.03558849
0.00565204
-0.04628189
-0.00764408
0.00385931
0.06055952
-0.04440348
0.02590849
-0.00883671
0.01117764
-0.03856366
-0.00570460
0.00592713
0.03694303
-0.06844853
0.00728231
-0.02496452
-0.10453479
-0.06309367
0.03374159
-0.04905516
-0.05770759
-0.00168530
-0.00934692
-0.04517427
-0.05308845
0.03400145
-0.01595752
-0.00151092
0.04794237
0.02175960
0.02263451
-0.01941778
-0.03949143
-0.01009902
0.00241977
0.02836646
0.02756406
-0.01555399
-0.01128238
0.00570780
0.03919805
0.02275503
-0.05016559
0.03966111
-0.02562314
0.02285023
-0.01595858
0.01802487
0.01416884
0.01852832
-0.02956616
-0.02371378
-0.02699808
-0.02093455
-0.00183758
-0.05502791
-0.03189027
0.00071356
-0.04919362
-0.01731192
-0.05098782
-0.01636680
0.02652331
0.01872578
-0.04171127
-0.03887494
0.00934874
-0.02260636
0.04504968
-0.00525837
0.03354299
-0.02175036
-0.07160072
-0.05936759
-0.06305429
-0.02558886
-0.04584775
-0.02585007
0.03741411
-0.05098270
-0.10057607
-0.00158856
-0.00546735
-0.00246320
0.02167624
0.01725336
-0.04520315
-0.08793991
0.00210753
-0.05152876
-0.07974649
-0.02002885
0.03146170
0.01600715
0.02370677
0.01791770
-0.07249925
-0.00661467
-0.00285924
-0.00655173
0.00847562
-0.01064637
-0.03462085
-0.02149660
0.00122395
0.06003889
-0.08748210
0.01495559
0.01246168
0.01821539
-0.04282193
0.05480457
0.04668900
0.04281119
-0.00779827
0.01379167
-0.03247846
0.03087287
0.02810569
0.00416670
0.02408501
-0.03139778
-0.02088150
-0.01486539
-0.00399378
0.00348475
-0.05315731
-0.05252611
0.00624273
-0.02615267
0.02112746
-0.00903503
0.03786043
0.05600603
0.04365689
-0.01250906
0.02780694
-0.02646051
-0.04957158
0.00606893
-0.00397378
0.04583833
-0.02298307
0.05963546
0.02921646
0.01804431
-0.06539012
0.02491605
-0.06196988
-0.05687045
0.01921539
-0.03600427
0.00933517
-0.04086117
0.00004243
0.02283936
0.03481582
-0.00926299
-0.00165095
-0.06459701
0.08446009
-0.04065880
0.02519754
0.00494811
-0.08101563
0.02059651
-0.04644528
-0.07990635
0.05536231
-0.06399684
0.03175449
-0.06514379
-0.02271146
0.11545289
-0.01945884
-0.04021569
-0.03767278
-0.05037241
0.01115502
-0.08536556
0.02342396
0.12746325
0.02060696
-0.01811642
0.04016747
-0.04863789
-0.04633049
-0.01425876
-0.04195162
-0.00280540
-0.07592162
-0.00911642
-0.17627105
-0.06089684
-0.00688773
-0.06309912
0.01508244
-0.03239495
0.07831253
0.01853755
-0.01477229
0.03635702
-0.13232206
-0.04847293
0.03769593
-0.09563960
-0.02722192
0.04208778
-0.08978696
-0.01806925
0.01234705
-0.00947175
-0.00010778
-0.05571812
-0.01565782
0.08696587
-0.05143727
-0.02059212
-0.13483433
-0.04420327
-0.05378077
-0.15790972
-0.01762650
-0.07071558
0.01565482
-0.05048360
-0.02169629
-0.03148534
-0.00819597
-0.09039325
-0.01462109
-0.00728719
-0.11539946
-0.01617893
-0.04287397
-0.02463617
-0.02547670
-0.01460419
-0.05853954
-0.07798814
0.17169377
0.05995439
0.00809511
0.13794601
-0.09588691
-0.04299045
-0.07134879
0.06200821
0.00779694
-0.03437014
0.15556410
0.01502804
-0.00499387
0.18212020
-0.05848172
-0.02141839
0.11557919
0.07900228
-0.04298677
0.09439985
-0.05009564
0.15363987
-0.01564403
-0.08328091
-0.01985205
-0.12241871
0.18463387
-0.04937916
-0.04745927
0.09365164
-0.04413637
0.00646170
0.01757589
-0.03790852
0.04341467
-0.04498575
-0.06805397
0.06997260
-0.04052733
-0.07105377
0.05630848
-0.06949231
-0.03472219
-0.04494013
0.00920993
-0.00269661
0.01584449
-0.01435539
-0.07291862
0.01614210
0.05330249
-0.11344802
0.03631159
0.06261463
0.00835276
-0.09180698
0.04002901
0.03273629
-0.07703991
0.02528825
-0.03400019
-0.05000609
-0.04660558
-0.04697523
-0.13838346
-0.09864761
-0.01643475
-0.10432527
-0.04512003
-0.09491624
-0.02212322
-0.03935898
-0.04256877
-0.05778631
-0.17765538
0.01701455
0.05037957
-0.15524517
-0.05576530
-0.04214087
0.06480851
-0.01826531
0.00564953
0.08123684
0.00316016
-0.02220291
0.00077635
-0.01256351
-0.10378342
-0.03656347
0.00792595
-0.05547769
-0.03040345
-0.05750411
-0.01106219
-0.10419154
0.13428719
0.03471615
0.02068118
0.10129141
-0.07628092
0.03315192
-0.08016615
-0.08811114
-0.03693662
-0.04956981
0.14921464
-0.04507081
-0.01774181
0.01383015
-0.03118038
-0.05245480
0.03727009
0.00734179
-0.03820895
-0.04285961
-0.01010344
0.07621571
-0.01602335
-0.14258258
0.03392391
-0.16610949
0.01118633
-0.01714039
-0.04336661
-0.04299457
0.01129029
-0.03698200
0.03493094
-0.04457903
-0.02247963
-0.03455473
-0.01508809
0.00734268
-0.03555432
-0.06920680
-0.04822593
-0.04776181
-0.00027492
0.03116659
-0.03188004
-0.01311795
-0.06082051
0.03110283
-0.19577187
-0.01083608
0.01779363
-0.05916851
0.03691781
-0.00912510
0.05669607
-0.01056484
-0.04365982
0.08062897
-0.18764193
-0.03950248
0.01013369
-0.04358884
-0.00081445
0.02749804
-0.05206213
0.03433723
0.01807904
-0.03513035
-0.01301631
-0.02764181
-0.02164133
-0.04234779
-0.06277832
-0.02351185
-0.13310072
0.01823918
0.02640916
-0.12251183
-0.00054393
0.01707399
0.13390690
0.06669965
-0.03717344
0.06104559
-0.07739837
-0.04866485
0.03726200
-0.04190226
0.02150210
-0.00345261
0.10766988
-0.01070888
-0.05633903
0.02173231
0.01382740
-0.06833773
0.09075648
0.01774946
0.04673760
0.00999617
0.03428610
0.03531661
-0.04962178
-0.08382926
-0.02174951
-0.08122136
0.13293031
-0.00752580
0.02567925
-0.03563917
0.02277042
0.00114100
0.00190492
0.03236215
-0.04006850
0.02303681
-0.02404780
-0.06072585
-0.01746463
-0.05536124
-0.03257550
-0.05388864
-0.00038849
-0.00170519
0.03952560
-0.04984110
-0.00331067
0.05330449
-0.10547741
0.03790976
-0.00449010
0.02035083
0.02478940
-0.03181298
0.05639647
0.05888516
0.04482083
0.10431529
-0.01921816
-0.05368513
-0.01664461
-0.06318015
-0.03085326
0.07072903
-0.01205230
-0.01992875
-0.02832621
-0.03884119
0.00703151
-0.09051957
0.03264811
-0.11836229
0.07497644
0.07928474
0.04142359
-0.05749660
-0.02021148
-0.11945805
-0.03330611
0.00947267
0.02909525
-0.02545661
0.00320859
0.01383827
0.03130364
-0.05918145
0.03026634
-0.01881364
-0.05543396
-0.01372887
-0.02202879
-0.02821540
0.01096738
-0.09917971
-0.06486180
-0.02999637
-0.04056988
-0.06987107
0.01798638
-0.04090695
-0.03305241
-0.01482192
-0.01807674
-0.04162413
-0.01189243
0.02125764
-0.03154989
-0.02508851
0.02084057
-0.03488813
-0.08271747
0.00488206
0.02920675
-0.03391100
0.02153549
-0.02262305
0.01597520
0.00240972
-0.01578852
0.02300955
0.02927248
0.06518295
-0.01042968
-0.01124463
0.01201341
0.13453361
-0.00482075
0.00784031
-0.02421694
-0.01003265
0.05478619
-0.01450326
-0.02411332
0.09152826
-0.00984930
-0.12702884
0.07359927
0.05686720
-0.00390391
-0.05893787
-0.03719795
0.08695808
0.00383101
0.10971802
-0.01933700
0.12575756
-0.05406394
0.01154362
-0.10520910
-0.05645972
0.07680033
-0.13223018
0.03103067
0.02718231
0.01489867
0.00012172
0.02835205
-0.00487465
-0.00792988
0.07220697
0.10044891
0.10193861
0.01000575
0.00451481
-0.00827857
0.02154517
0.05395114
-0.04007172
0.09404512
0.06750395
0.13463530
-0.06299651
0.02253245
-0.02862543
-0.06364606
-0.03786144
0.06291196
0.04191791
0.00261650
-0.02405125
0.03927086
-0.02215080
0.01476982
0.13134268
-0.01516190
-0.05573090
0.13161257
-0.01591356
-0.02169542
-0.01177775
-0.03879292
0.00549317
0.06255656
-0.07288310
-0.00555732
0.01280655
0.06485151
-0.02127768
0.00007024
0.06332616
0.00333484
-0.05986807
-0.04116426
-0.05598789
-0.00988333
-0.00248599
-0.04382177
-0.00588851
0.17607926
0.06812394
0.00816122
0.04111938
-0.01831695
-0.04760971
0.02689505
-0.09114635
0.01358829
-0.02682496
0.17699395
0.03345045
-0.07964858
-0.11852286
-0.04748071
-0.00715809
0.08075053
0.04196302
-0.02844337
0.02221289
-0.00140555
-0.11894081
-0.00480189
0.00642950
0.06662499
-0.07410447
0.14237384
-0.00613455
-0.05413896
-0.07100810
-0.05229363
-0.03092306
0.05809760
-0.05836134
0.03685697
-0.04717723
0.05589006
-0.00429675
-0.01208817
0.12032164
-0.05535612
-0.11735296
0.04513511
-0.00604861
0.02505221
-0.04075940
-0.04840527
-0.06611869
-0.12671168
-0.08987390
0.00750558
-0.00266695
0.01205937
-0.08573336
-0.08091097
0.08342716
-0.06883692
-0.08980431
-0.16307150
-0.02575100
-0.04371953
-0.05735791
-0.00620060
0.02919914
-0.01580910
0.01395921
0.01779897
0.00600021
0.01608243
0.02443516
0.03186407
0.03218452
-0.07373834
0.03458071
-0.09640905
-0.04350566
-0.06652367
-0.12135254
0.00237263
-0.08110014
0.06287365
-0.01363858
-0.01216410
0.02901748
-0.02256878
-0.05301860
-0.01657541
-0.09178983
0.05172670
-0.05571970
0.07511581
-0.02979247
-0.04930117
-0.00303697
-0.00730261
-0.14684051
0.01919924
-0.03239191
-0.03808483
-0.03713407
-0.02540654
0.04290813
-0.03366299
-0.03135620
-0.02718627
-0.13264638
-0.02762632
-0.02629357
-0.02892734
-0.01580130
-0.00543192
-0.09527612
-0.09931984
-0.07910373
-0.04037442
-0.07203636
-0.08739240
0.03969770
-0.02160815
-0.19607699
-0.06612145
-0.12223507
-0.14314483
-0.05913216
-0.04416604
-0.03576080
-0.02116191
-0.00704229
-0.16282886
-0.09574298
-0.02056463
-0.04386565
-0.01711410
0.05804374
-0.05819766
-0.02819367
-0.04995280
-0.09060887
-0.15095215
-0.03635137
-0.03284834
-0.08623938
0.02082388
-0.02525258
-0.04514181
-0.05469935
0.03029662
-0.04180136
-0.03945763
-0.04668441
-0.05083650
-0.05474942
-0.08208163
0.00706427
-0.10360447
-0.00611933
0.03113356
-0.16310620
-0.02362737
-0.04225535
0.03848595
-0.00874673
-0.04659196
0.06493244
-0.01017235
-0.04285942
-0.00517344
0.03379747
-0.07971080
-0.07386995
-0.02896077
-0.03762119
-0.02718078
0.03852062
-0.00697495
-0.03113256
0.05043048
-0.03459322
-0.00909789
0.06378286
-0.05218594
-0.01712252
-0.01501023
-0.02865464
0.00787835
-0.04030441
0.01989629
0.02844602
-0.03419279
0.00908910
-0.04814189
-0.09209489
0.07671583
0.02134874
-0.02815180
-0.04917179
-0.06329831
0.02860817
-0.03475959
0.00540386
-0.02121161
0.00242499
0.02849291
-0.04808336
0.02221606
0.00914201
-0.05867748
-0.06927856
-0.07983971
0.00100911
0.03209319
0.00120607
0.02860634
0.05426390
-0.04100763
-0.05193559
0.02978519
-0.07021032
-0.08185950
-0.00659354
0.02573697
-0.06571823
0.00794127
0.01428621
-0.10823384
-0.09845495
0.02982185
0.01299243
-0.04577970
0.02078489
-0.02120045
-0.00614725
-0.03433167
-0.06947318
-0.14097933
-0.02806937
0.04458415
-0.06652177
-0.02720919
-0.06037074
-0.07246109
-0.03940570
0.01989986
-0.03327148
-0.07722115
-0.02961615
-0.05209922
0.01707677
-0.06906790
-0.09613784
-0.13248213
-0.04746992
0.04101043
-0.08098656
-0.02030513
-0.09668525
0.06521606
-0.03222327
0.04781377
0.06897374
-0.05432273
0.01901288
0.00593591
-0.02185973
-0.02103975
-0.04597303
0.06227027
-0.00879919
0.01422731
0.02698411
-0.02342289
-0.03959398
0.00946584
0.01455484
0.06705710
-0.04054639
0.01771153
0.07491112
-0.01421956
0.03218898
-0.04015528
-0.04593531
0.06198841
-0.04106084
-0.03006366
-0.01802529
-0.01033976
-0.06973909
-0.02201075
-0.04974518
0.02701110
-0.02344745
0.05377478
0.05329563
-0.04505632
-0.01191871
0.02050724
-0.01130388
-0.05677087
-0.02566436
-0.00449380
-0.05276126
-0.05256906
-0.01816379
-0.10764046
-0.07520381
-0.04059044
-0.01226290
-0.04141448
-0.00854137
-0.03982754
-0.05414238
-0.00293612
-0.03819467
-0.09344338
-0.05257044
0.04705017
-0.05737141
0.02447196
-0.04108930
0.09747513
0.03813710
-0.03481941
0.09188295
0.03256335
-0.05936043
-0.06178023
-0.03622796
0.01152926
-0.02158884
0.11433220
0.02731543
-0.01946512
-0.07209004
0.00461012
-0.05518974
0.08445352
0.00363809
0.04251851
0.05080971
-0.00184353
-0.02928822
-0.02787628
-0.05505856
-0.00478452
-0.07478639
0.12813693
0.01149832
-0.02402093
-0.11342663
-0.04339413
-0.09782682
-0.15131798
-0.10048284
0.00972892
-0.07108881
0.07049867
0.01131615
-0.06035614
0.03421079
-0.11739159
-0.02878823
-0.15890513
0.00395376
0.05016027
-0.13361226
-0.03826756
0.01513158
-0.08046830
0.01670045
-0.04374401
0.07691284
-0.03139798
-0.12568109
-0.05012549
0.03982421
-0.10252902
0.10092239
-0.03608894
-0.05514151
-0.00739462
-0.00206399
-0.02791370
-0.00475110
0.14597721
0.04116060
0.03589519
0.00162174
0.01360110
0.00798947
-0.00998945
-0.03979060
0.05723500
-0.08212986
0.16900370
-0.00450029
0.00793040
-0.07929333
-0.05097721
-0.05439169
-0.00276551
-0.00138444
0.02879482
0.00295219
-0.02608926
-0.03247815
-0.00840021
-0.02284096
-0.02967601
-0.02226327
-0.00991127
-0.04685646
-0.01681945
-0.06089590
0.02589381
-0.05470382
-0.11289690
-0.12487578
0.04492794
-0.06560301
0.04814156
-0.01590063
-0.07153720
0.08178562
-0.05455490
-0.03964003
-0.06726503
0.01283117
-0.06469737
-0.07242122
-0.02546022
0.00847909
-0.27360708
-0.11063690
0.04046264
-0.08252329
0.05176345
-0.09265389
0.00518200
-0.13613227
-0.14955677
0.06121710
-0.31801727
-0.01216724
0.03943790
-0.13551167
-0.05307890
0.01902300
0.02735247
0.10914280
-0.05780313
0.00345436
0.02307697
-0.10467812
0.01302157
-0.20809668
-0.03211210
0.20216209
0.02457790
0.02836222
-0.02785274
-0.04377969
0.01797402
-0.00295174
0.03936264
-0.02166985
0.01326133
-0.05771878
0.07387210
0.01285809
0.01502230
-0.01786791
0.06684826
-0.03405037
0.13721825
0.01472678
0.01049492
-0.09731846
-0.01695806
-0.02383678
-0.11030789
-0.02662570
-0.00654720
-0.06516343
0.06255513
-0.06602779
-0.00484198
0.05515824
-0.09546404
-0.02375297
-0.09700631
0.04391510
-0.01660039
-0.06925128
-0.04305888
-0.03267847
-0.24983162
-0.15998068
0.03535826
-0.03972670
0.04229461
-0.02082811
0.00591308
-0.00222825
-0.07085741
-0.02941221
-0.20116509
-0.03197181
0.02274442
-0.03104295
0.04189258
-0.01703721
-0.07188565
-0.02987153
0.01256726
-0.03090100
-0.00185473
-0.13322678
-0.05077388
-0.12738383
-0.03082786
0.10486607
-0.12235142
-0.02582146
0.03613847
-0.06363000
-0.05474664
0.02331502
0.03382673
0.13113195
-0.00001155
-0.01677250
-0.00780496
-0.04453093
0.08361088
-0.09278234
0.11666217
0.15274875
0.15331209
-0.01235652
-0.05238327
0.03438750
-0.00637124
-0.01773471
-0.00360470
-0.07861762
0.02476876
-0.05587223
0.07490977
-0.02892599
-0.02802975
0.01004875
-0.01136393
-0.15925069
0.01090597
-0.04409613
-0.03651538
-0.02732514
0.00729969
-0.06712335
-0.18186225
-0.03425917
0.01961279
-0.03212863
0.04670242
-0.02039755
0.00218971
-0.09786731
-0.01247716
-0.03250564
-0.20395197
0.01692379
-0.02958914
-0.06212524
0.00305527
0.03682158
-0.13387191
-0.06999538
0.01122593
-0.05693207
-0.01953982
-0.07271411
-0.03600550
-0.08790074
-0.09476827
0.03063905
-0.09985418
0.05462633
0.08344659
-0.00985711
-0.01706940
0.12444653
0.07544763
0.13116683
0.04154713
-0.04124187
-0.01060106
-0.06217745
0.12611328
-0.06945182
0.06352642
0.15859251
0.06645567
0.01824072
0.01702611
-0.09568004
0.02105433
0.00720905
0.07432559
-0.01061805
0.01759819
-0.03229165
0.01602635
0.00407069
0.08049650
-0.04008152
0.05180799
-0.00857796
0.11548833
0.03400388
0.01419562
-0.01767407
-0.02149222
-0.06563083
-0.16132741
-0.05453980
0.03728447
-0.03827075
0.00041359
0.05692129
-0.04973611
0.05059166
-0.08039318
-0.06047399
-0.19022605
-0.03414199
0.01853203
0.02407921
0.04112574
0.04271790
-0.03442215
0.07333132
-0.03242119
0.00330152
0.05801887
-0.06385145
-0.04398986
0.02821298
-0.04457170
0.13870488
-0.08094507
0.03349508
0.05043960
-0.00430726
-0.04847838
0.09025333
0.10540112
0.03627966
0.02102902
-0.06482954
0.04013604
-0.02494388
0.04996111
-0.02874591
0.09310376
0.07256836
0.13315992
-0.00294880
-0.00535333
-0.12149556
-0.00080786
-0.03834191
0.04128185
0.01846440
0.04083824
-0.06035738
0.03009324
-0.02279278
0.04152070
-0.06832301
0.06811560
0.00441456
0.07327336
0.02350248
-0.07095698
-0.01083258
-0.01062173
-0.02015270
-0.04753652
0.00865526
-0.04880407
-0.05271156
-0.03764978
0.02914049
0.02515047
-0.06419834
-0.05923295
-0.07024214
-0.05422969
-0.01906995
-0.05691111
0.07740657
0.01160404
-0.02648249
-0.11358621
-0.07692452
0.02813413
-0.07522879
-0.02284368
0.00566706
-0.01829330
0.04651823
-0.03470231
-0.05234278
-0.10357025
-0.06459005
0.01533894
0.04457249
0.01993478
0.02383829
0.05840933
0.04052869
0.03634692
0.04655347
-0.02925079
0.06148290
0.04164567
-0.06098272
0.03711428
0.03317747
0.05699397
0.03480834
0.02870929
0.00947507
0.03162059
-0.01273538
0.05603038
0.01382765
0.03741246
0.00347185
0.00823699
0.09244558
-0.06143530
-0.08586303
0.03654855
-0.01611666
0.00983421
-0.01425987
0.05483201
-0.02926569
-0.01305541
0.03294925
0.02397012
0.00341630
-0.04438702
-0.06863948
0.00264148
0.02616560
-0.03713354
-0.16905224
0.00917337
0.03009427
0.05743525
0.00008173
0.06924430
-0.05359183
-0.06447901
0.04619269
0.08827084
0.03808784
0.01807343
0.03090578
0.04964209
-0.09025574
0.05273440
-0.05816058
0.09591880
0.06049058
0.17915201
0.05250546
-0.02961258
-0.03341515
0.04291732
-0.02680817
0.07195015
0.05459494
0.00442249
-0.02946584
0.12824629
-0.06536438
0.05534003
-0.03669977
0.09852252
0.01687869
0.20334998
-0.04588674
-0.00824075
0.01808207
0.00972945
-0.07406779
0.17014609
0.01344687
-0.01249332
0.11178548
0.02668378
0.04279777
-0.02956672
0.14940917
0.02448308
-0.13709523
0.13802920
0.00869221
-0.06086816
-0.01773598
-0.02770550
-0.03552055
0.09252266
0.04289847
0.04290006
0.08554932
-0.02393901
0.04031086
0.00914497
0.01680371
-0.02139524
-0.01617504
0.10470488
0.03615064
0.04615775
0.03062067
-0.00293191
-0.08687392
0.10725769
0.09360991
-0.00493790
0.06550469
-0.05214183
-0.03834509
0.03127633
-0.00002645
0.01207836
-0.01921440
0.18695709
-0.04039114
-0.02753320
-0.07173330
0.04438147
-0.04067848
0.17757082
0.03416133
0.07928844
0.07302154
0.07553908
0.01081980
0.04576264
0.10929582
0.04882618
0.02849839
0.19667172
-0.04620633
-0.01206355
-0.14289463
-0.04058656
-0.01169993
-0.10621104
-0.13798162
0.02809730
-0.07139271
0.11021491
-0.03403227
-0.04351169
-0.05128676
-0.06386747
-0.02072217
-0.09345119
-0.02391593
-0.01559850
-0.05352705
-0.00014309
-0.06748206
-0.16892947
-0.10693724
0.01548105
-0.02072979
-0.01765376
-0.01134918
-0.05725476
0.09300861
-0.03902045
0.00134596
-0.21468508
0.02849765
-0.02045648
-0.00509755
0.01486107
-0.09195451
-0.13719983
-0.18022111
-0.03358505
0.04533501
0.01945239
0.03105012
-0.05415289
0.10443834
-0.12047880
-0.09877565
-0.09918163
-0.03127980
-0.01880582
-0.07806318
0.05544324
-0.02437821
-0.07429034
-0.09061982
-0.06707068
0.01390034
-0.05416411
-0.00332028
-0.00954551
0.25162011
-0.16446529
-0.06365104
-0.16872180
-0.01298144
-0.01330215
-0.02688266
-0.03314715
-0.02923442
-0.12586643
-0.11625456
-0.01592062
0.02918031
0.04432253
-0.07461563
-0.04888578
0.14388865
-0.10458844
-0.04828557
-0.18217726
0.04166131
0.03030681
-0.06281213
0.00333442
0.05510639
-0.26320523
-0.08508742
0.00181018
-0.10674426
-0.01103426
0.02799310
0.00667374
-0.13709329
-0.05991553
0.06656992
-0.31808215
-0.04667643
-0.01844926
0.06887645
-0.01146919
0.07055870
-0.07094201
-0.04050477
0.00377602
0.02894799
-0.05894294
0.05795280
0.05041698
-0.09596401
0.03770176
-0.02122663
-0.01463452
-0.01241604
0.01265527
0.12033527
-0.00199899
0.00018057
-0.08662810
0.02827902
-0.04626543
-0.03216887
-0.00922811
0.09523640
-0.03957308
-0.05187867
0.00774522
-0.03806762
-0.07179762
0.01970103
0.02283330
0.01871501
0.01882984
0.01752416
-0.10090599
-0.03676530
-0.01446784
-0.12745814
-0.08995775
-0.00025437
-0.00836876
-0.10082560
-0.04724572
0.00936490
-0.16742663
-0.01881106
0.01058298
0.02621741
-0.02045887
-0.00450482
-0.06804223
0.00480195
0.01758668
-0.09800538
-0.02212929
0.01324696
-0.03366456
-0.09780036
-0.04058180
0.01980607
-0.08447161
-0.01221390
-0.00333518
-0.01779652
0.01685117
0.04798661
-0.05093428
0.01473307
-0.04139697
-0.04508916
-0.04202835
0.03248766
0.01464009
-0.02151998
0.00338284
-0.04054031
-0.06511285
-0.04725379
-0.01431844
-0.05243096
0.03477544
-0.06175954
-0.00589452
0.05522793
0.04033624
0.03912669
0.00121783
-0.01819838
0.00626758
0.01315384
0.00643487
-0.04203897
0.02955795
-0.02021261
0.03405934
-0.03168745
-0.00143732
-0.09866582
0.00013290
0.00527776
-0.04092620
-0.01141362
-0.01030103
-0.04378631
-0.03558209
0.02259065
0.00473511
-0.04777439
0.04599617
-0.02217359
-0.03809305
-0.08411079
-0.01680686
-0.09473100
-0.00176546
-0.00169898
-0.00692310
0.01433540
-0.02912953
-0.05261068
0.01138617
0.01262143
-0.04330646
-0.00812548
0.04632538
0.01859987
-0.00950626
-0.04916215
0.03467192
-0.03461884
0.03631090
0.04357877
-0.02164817
0.03111043
-0.00320736
0.05677537
0.00751951
-0.01667850
0.02270408
-0.00189433
0.04555269
-0.02120067
0.00890446
-0.01345951
-0.03193537
-0.00208718
-0.01057814
-0.02811334
-0.03373177
-0.04888293
0.02244583
0.07525344
-0.01260733
-0.00954680
0.02519239
-0.06427381
-0.00877770
-0.03864117
-0.03702478
-0.00745978
-0.01937462
-0.04042615
0.02331270
-0.05063324
-0.00739417
-0.00969626
0.00460782
0.01585310
-0.01735117
-0.00782347
0.03030152
-0.04925960
-0.00120110
0.04288683
-0.00498587
0.04494957
0.04575498
0.02838684
-0.02414835
-0.03335826
-0.03251329
0.03495512
0.00486025
-0.04106190
-0.05122195
-0.00585120
0.03834770
0.03900487
-0.00574806
-0.04455373
0.01347089
0.01136555
-0.01852038
0.00702795
0.00170765
0.02237975
0.02468802
0.01710762
0.00748544
-0.03740474
0.00898282
0.03480957
0.01946347
0.03911888
-0.04499043
-0.00656656
-0.01640258
0.03729396
-0.03481394
0.01919533
-0.05506058
-0.06211556
-0.04774857
0.00870329
-0.02501605
-0.01573348
-0.01241203
0.00682539
-0.03960853
0.03877322
-0.04114204
0.01010279
0.00210672
0.03936801
-0.03474984
-0.01963918
-0.00952666
0.03234924
-0.03712339
0.00841422
-0.05088571
0.01573248
-0.01980188
0.00051226
0.00182950
-0.01437650
-0.01378128
0.01150903
0.00483273
-0.01117497
-0.03889407
-0.00655939
-0.04013748
-0.03485332
0.04694634
-0.02427756
0.01363497
0.00997429
0.01814740
-0.03977193
-0.00352015
0.02814821
-0.03415577
0.00373650
0.01691860
-0.03254706
-0.00878591
-0.01956917
0.00126757
-0.00419548
0.00615999
-0.04054165
0.04856366
-0.04224253
-0.03038752
-0.02512716
0.02399631
0.04366552
0.03260233
0.02212723
-0.00796903
0.04763114
0.00987364
0.05286752
-0.01421438
0.03783463
0.00920241
-0.01878565
-0.02167371
0.00240258
0.03380231
-0.04390453
-0.03740394
0.03575934
0.02840091
0.01196012
0.00304247
0.04701685
-0.01020444
0.02258703
0.02454209
0.01356909
0.03952844
-0.00216795
-0.01119787
-0.04103589
-0.00325369
-0.03636645
0.03060453
-0.03266061
0.02027817
-0.04383256
-0.04144715
-0.03187946
0.04250155
0.02963705
-0.03862052
0.04221012
-0.03276420
0.04772855
-0.00529113
-0.00096874
-0.00318504
0.00766311
0.02551607
-0.04925243
-0.02221096
-0.04501186
0.03555708
-0.02455224
-0.03082517
0.03679904
-0.03855756
-0.00943663
-0.04613857
-0.06025463
0.02445250
-0.02073143
-0.01734505
-0.03922065
0.02311414
0.03973613
-0.06337293
0.03834813
-0.00114814
-0.01895897
-0.05000685
-0.01022583
-0.01265981
0.02808619
0.01472945
-0.04141865
-0.03472124
-0.03374726
0.04078243
-0.01374921
0.00253758
-0.00862010
0.00075682
-0.04792936
0.02985479
0.00661086
0.00235241
-0.00715806
-0.02528886
-0.00736767
-0.02017368
0.03806623
-0.04617053
0.01068733
0.01460941
0.02872722
-0.00980317
-0.02384060
-0.05442514
-0.01969144
-0.00952683
0.04897845
0.02040121
-0.05038020
-0.01132521
-0.03611654
-0.01145415
0.01862756
-0.03723546
0.02261973
0.00370745
0.02260865
0.00415620
-0.02135226
-0.01977453
-0.00477546
-0.03284107
-0.03475334
-0.02362114
0.01785127
0.02219699
0.02609038
-0.00826437
-0.02589430
-0.02544111
-0.04244115
-0.02651329
0.02886934
-0.02788824
-0.03642211
-0.06305876
-0.03707630
-0.03129731
-0.00179560
-0.02953374
-0.02647722
-0.06571116
-0.01379192
0.00054488
-0.04880186
-0.03599192
-0.03656910
0.00098755
-0.02152918
-0.03296589
-0.03405969
-0.02931928
0.00063255
0.04735439
0.03957564
0.02187222
-0.04641050
-0.02769728
0.04272792
-0.03834663
0.02528466
-0.03044747
0.04419875
0.02921684
-0.04361605
0.00065136
-0.03086131
0.02972980
0.02232174
0.04758671
-0.00593849
0.01447047
0.01421738
-0.05895527
-0.03043736
-0.04040344
-0.00984007
-0.02089662
-0.02258264
-0.00991671
0.02788014
-0.02059347
0.02718547
-0.05287843
0.00723701
0.02522381
-0.03887901
0.00009902
0.03380858
-0.01948466
-0.01293537
-0.02335127
-0.03942217
-0.02821809
-0.03414852
0.00563696
-0.03045529
-0.04786170
-0.04858477
-0.02228039
-0.03394093
0.03892310
-0.00791440
0.00495498
0.03149701
-0.01763326
-0.05363138
-0.00847440
-0.03488669
0.00654011
0.03824827
0.03820585
0.00211594
-0.03047182
0.01083627
-0.06226522
-0.01008057
-0.02551457
0.03588859
0.01695411
-0.03246263
0.01969806
-0.05667987
-0.04496053
0.02019544
-0.04096720
0.03590450
0.03740736
-0.00613789
-0.05152303
-0.01849133
-0.04644126
0.03665633
-0.03710384
0.02643676
-0.03200110
0.03019529
0.05352243
-0.00080899
0.03621129
0.02980896
0.01054302
-0.04677492
0.04109989
0.04196030
0.04954881
0.01435769
0.01442895
0.02151068
0.00556441
-0.05617448
-0.00239815
0.01012647
0.01961799
0.03220290
-0.02231205
-0.03060078
-0.01177960
0.02820770
-0.04001963
0.03793257
-0.05120083
-0.00844870
-0.01032798
0.03017334
0.04142745
0.03172961
0.03854050
0.01522429
-0.02006107
0.01827766
-0.02358854
-0.05786259
-0.01691714
0.01603853
0.03372816
0.03011911
0.00302909
-0.04362597
-0.04597487
0.01270591
0.02820428
-0.04231486
0.01805891
-0.05560603
-0.08481045
-0.07334790
-0.02177180
0.02267605
-0.00758267
-0.00465679
-0.02793068
-0.04581137
-0.01948008
-0.00866854
-0.04121502
0.04494079
0.00222353
-0.05704524
0.02869699
0.02043978
-0.08973831
-0.05107293
0.00097060
-0.05836647
-0.01863182
0.05284338
0.03029061
-0.03905698
0.01349451
0.01445388
-0.10744268
0.02322617
-0.00943222
-0.03141547
0.01654338
-0.02509032
-0.15849899
-0.06263715
-0.02802140
-0.01736674
-0.04884734
-0.02424799
-0.04909961
-0.05158755
-0.01722324
-0.01028132
-0.16628988
0.03867673
-0.05112009
-0.11665149
-0.02976573
-0.04641990
-0.08466778
-0.10482212
-0.01944781
-0.09522764
-0.08160751
-0.13919067
-0.06822464
-0.08208080
-0.05965509
-0.04643526
-0.14900762
-0.01665828
-0.01013068
-0.05609790
0.02168118
0.01596289
-0.10268149
0.06330249
-0.01636928
-0.10085543
-0.03072380
-0.02466374
0.06565223
-0.11687084
0.05136343
0.09822217
-0.05808606
0.04882658
-0.02323338
0.02764975
0.02000894
0.00865843
-0.01185671
-0.02919854
0.02059330
-0.07222696
0.01627078
-0.07409351
0.07159945
-0.06200750
0.03971628
-0.00530268
-0.01561448
-0.05631590
-0.05952243
-0.04060594
0.03920935
-0.06674572
-0.10927442
-0.08330521
-0.02562805
-0.06666584
-0.02670381
-0.01059923
-0.02656289
-0.04442375
0.01954533
-0.10330714
-0.14476593
0.02772225
0.02524591
-0.05698749
-0.01156525
0.01047831
-0.05224902
-0.06222266
-0.03839343
0.00860719
0.00156996
-0.10126487
0.03503950
-0.04636030
-0.12591381
0.04377213
-0.10557442
0.03276263
0.07663936
0.11500169
-0.04389895
0.13934681
0.13113338
0.19422019
0.00346393
0.01487987
-0.00291990
0.02654918
0.08961539
-0.16599688
0.02728524
0.24950500
0.10704246
0.03137383
-0.01580491
0.05133713
0.02691849
0.09907090
0.10280789
0.01700762
0.01040052
-0.02269799
0.10636492
0.07046886
0.01722191
0.05786945
0.14669403
0.03685978
0.11589256
-0.03204319
-0.06547803
-0.04462209
-0.04316375
-0.08856653
-0.05626231
-0.09055921
0.02234555
0.02688039
-0.03004864
-0.05877291
-0.00618269
0.13206124
-0.04848958
-0.13404255
-0.09151331
0.00319029
-0.07553147
-0.03079316
-0.03186694
-0.10773404
-0.20802531
-0.08791158
0.06991243
-0.05521290
0.02489329
-0.03170407
-0.01092772
-0.01904668
-0.06087530
-0.06174802
-0.17621458
-0.02739792
0.04790724
-0.11595009
0.01427122
-0.05047983
-0.04389427
0.05417736
0.03077253
0.03126152
0.04449105
-0.13899054
-0.00340071
-0.03367006
-0.08924222
0.10292973
-0.00316301
0.01578741
0.08765899
-0.02508464
-0.05838687
0.05113798
0.29430830
0.15080723
0.03266750
0.02511835
0.07303187
0.05716639
-0.00989218
-0.15104450
0.07873101
0.05500373
0.32365486
0.00318256
0.00321978
0.04830274
0.00457759
-0.08670888
-0.11662187
-0.02423027
0.07554261
-0.07563788
0.10392410
0.12283479
-0.01107797
0.08138414
-0.03368983
-0.12538992
-0.07350837
-0.01325580
-0.01187222
-0.07161922
0.00811528
-0.03204260
-0.18507169
0.02010910
-0.02867208
0.02396830
-0.03929562
-0.06855968
-0.02978442
-0.05752130
-0.09757736
0.10318480
-0.26858059
-0.03972087
-0.00345217
0.07165778
0.05190097
-0.01442964
-0.23710409
-0.15106270
0.01427539
-0.09207681
0.03337011
0.04583389
-0.10313819
-0.01308594
-0.09422311
-0.06230501
-0.31607005
-0.03891568
0.06640513
-0.12394796
-0.06608573
-0.00729076
-0.07308663
0.01611092
0.02523761
-0.01325857
0.00372296
-0.04918537
-0.03522813
-0.13951290
-0.03960275
0.10777311
-0.03831556
-0.05314349
-0.01541421
-0.02843998
-0.02611345
-0.01590695
0.27001441
0.02779313
0.07193505
0.03320343
0.02258720
0.01309262
-0.06957984
-0.18449071
0.13124903
-0.01802385
0.24840315
0.02619783
-0.08444978
0.05448470
-0.04155375
-0.06987132
-0.18002090
-0.08593709
-0.00471397
-0.12752084
0.10534673
0.08933617
-0.08456361
-0.06180469
-0.09339944
-0.02792486
-0.24299923
-0.00143613
0.05428266
-0.02190866
-0.00385780
0.03126675
-0.09899516
-0.02010870
-0.03540645
0.02798113
-0.07788332
-0.10475986
0.06567419
0.16649674
0.02193039
0.03298452
-0.16900882
0.03024575
0.02081132
0.04570343
-0.01755989
-0.02007451
-0.10475801
-0.06658062
0.00307520
-0.02490717
0.03193366
0.07155052
-0.01654391
-0.03840962
-0.05800554
-0.03548382
-0.16529562
-0.01402883
0.04356913
-0.10831549
-0.01073182
0.03062420
-0.04175769
-0.04705699
-0.01912334
-0.00624490
-0.00932313
0.04524345
-0.00754521
-0.10319062
-0.03769238
0.01952995
-0.06691446
0.01814296
0.08252190
-0.01731858
-0.03538577
-0.05864763
0.21126860
0.02286475
0.05429316
0.10114226
-0.00627179
0.07474432
-0.04203836
-0.07685482
0.03212141
-0.01244834
0.20168924
0.02020038
-0.05271955
0.15166806
-0.05570761
-0.01161867
-0.06918662
-0.08255038
0.02317940
-0.05423415
0.06376980
0.10198779
-0.00165598
-0.09534506
-0.04407694
-0.02536913
-0.07319866
-0.00880078
0.05506472
-0.00255286
-0.00162262
0.07836480
-0.16237575
-0.04553425
0.04097642
-0.04548331
0.03445438
-0.05173633
0.06787330
-0.03882501
0.02862033
0.01631007
-0.06900365
-0.04546517
0.00092386
0.07579055
-0.00722430
0.05134337
0.00175682
0.04166422
0.02705835
0.01214617
-0.04496848
0.10664289
0.07083394
-0.06606152
0.05092425
-0.05725208
-0.01860373
-0.00620136
0.02043111
-0.07207625
-0.06549975
0.05179780
0.00157247
0.03013739
-0.05278912
-0.06695640
-0.04798009
-0.05768800
0.05621366
-0.08065834
0.05434607
0.06522477
0.03973351
0.01224587
-0.02304467
-0.10246697
-0.04500655
-0.01277938
0.01263996
0.00122477
0.05322063
-0.05999358
0.06966398
-0.02121662
0.03233036
-0.09202982
0.05179743
-0.06867068
0.03772381
0.02257846
0.04483541
-0.07946065
-0.02213755
-0.00592828
0.01013648
-0.02829302
-0.05447923
-0.08228908
-0.05267720
-0.02252509
-0.03140468
-0.03430457
-0.02390593
0.01928127
0.00446421
-0.03894466
0.01983943
0.09760705
-0.01703173
-0.01134031
-0.02032574
0.05824116
-0.04239114
-0.04674295
0.00437323
0.00386917
0.06005331
-0.08065298
-0.00970654
0.04091256
0.01309224
0.01058205
-0.02119653
-0.00075777
0.00980795
-0.05322040
0.11779070
0.06135528
-0.03725746
0.00082734
-0.01583062
0.04266752
0.03097219
-0.01515995
-0.00378384
-0.05369826
0.13278726
0.03444411
0.01329450
-0.05593894
0.01224432
-0.05488688
0.14845581
-0.00199863
-0.01637993
0.00059141
-0.01154403
-0.00327756
-0.00623978
-0.04506572
0.01417791
-0.07029903
0.14298967
-0.01464691
0.03290845
-0.01807977
-0.00779623
-0.02822431
0.09973133
0.11850405
-0.02525363
0.04781888
0.03271955
-0.03261738
0.02381412
-0.02985603
0.00389146
0.01720464
0.08059926
0.01038543
-0.04570114
-0.07742876
-0.04581943
0.04193696
0.02911396
0.04426828
-0.00431201
-0.02315992
-0.05073513
-0.06422463
0.04347135
-0.08689639
0.08592439
0.02353767
0.10715198
-0.01050892
-0.04680479
-0.02547671
0.01451024
0.00335766
0.00024974
0.03229655
-0.01570510
0.00369247
-0.02382447
-0.08817231
-0.02364056
0.10725406
0.00565703
-0.06476079
0.09699672
-0.02982518
-0.05378241
-0.05077340
-0.03967835
-0.08699173
-0.00401560
-0.11313071
-0.05208788
0.10043764
0.00076377
-0.05754454
-0.03989767
0.14232261
-0.06766044
-0.08294587
-0.04968182
-0.01646662
-0.03280583
-0.03217065
-0.03574387
-0.07096634
0.03187269
-0.09048909
0.03834891
-0.00950633
0.04507753
-0.04317548
-0.04363624
0.06326176
-0.07047760
-0.05895415
-0.03970230
-0.00741122
-0.02172886
-0.01441176
0.03874303
-0.07049538
-0.01160429
-0.09324782
-0.05947398
0.06697640
-0.02646571
-0.02177851
0.04589060
0.27552262
-0.07573279
-0.12479939
0.01820255
0.02288951
-0.09461671
-0.15815276
0.01083939
-0.00928707
-0.10737158
-0.10966742
-0.04501392
0.02315128
0.04448938
-0.09497350
0.00174193
0.33419102
-0.17205624
-0.08152734
-0.13091551
0.00672622
-0.01497055
-0.17492537
0.04543700
-0.06635867
-0.20913956
-0.21253973
0.00390808
-0.07430940
-0.01823144
-0.16833606
-0.00606559
0.21953872
-0.14004667
-0.15049550
-0.33577612
0.00593848
-0.05437339
0.06628654
-0.00044020
-0.03060025
-0.22277904
-0.10415775
-0.07008348
-0.09036419
-0.07579213
-0.06736165
0.02500593
-0.01151163
-0.07489872
-0.05510628
-0.29009452
0.01021307
-0.01349392
-0.06980005
0.05455858
-0.02446660
-0.24852851
-0.06190808
-0.04493108
-0.10495630
-0.06044283
-0.00187611
-0.01019993
-0.00007903
-0.13391417
-0.10385692
-0.22212927
0.00835622
-0.01348237
-0.02394218
0.03870079
-0.01637957
-0.29232579
-0.09223323
-0.04037243
-0.13707356
-0.02884414
-0.06361396
0.04442506
-0.02886744
-0.08437545
0.01653134
-0.32647583
0.06904587
0.01480781
0.03305418
-0.01635278
0.12124692
-0.24651724
0.03367826
-0.05255609
-0.15345448
-0.05912694
-0.04632635
0.00433948
-0.13629459
-0.05459530
0.14057973
-0.23647940
0.03771317
-0.04523038
0.19065709
0.00923252
0.14415689
-0.06336064
0.08929515
-0.05213435
-0.09041581
-0.04209837
0.00817441
0.05812502
-0.11783680
0.04387861
0.08809143
0.02182556
0.00851865
0.02266083
0.09620409
-0.05061326
0.01533278
0.03504539
0.07321221
-0.02422943
-0.01158971
-0.06104792
-0.00537200
-0.02987102
-0.11130336
0.06185184
-0.02958933
0.07237330
-0.04032146
-0.05140039
-0.01517838
-0.04377741
0.03506686
-0.05445282
0.01991022
-0.03257481
-0.09334789
-0.04597284
0.00150745
0.01293027
-0.04806968
0.02770561
-0.00182564
-0.08045822
-0.04036454
-0.04031263
-0.09967569
-0.05266359
-0.05120675
-0.02830509
0.00025686
0.00529323
-0.04923375
0.03579077
-0.02491450
-0.00647927
-0.01974640
-0.05999598
0.04959394
-0.05101790
-0.02574017
-0.02019790
-0.03388901
0.02117311
-0.04154615
0.13552958
0.01858827
0.02430667
0.03272462
0.03536287
0.02925310
0.01786850
0.10642964
-0.01207666
0.04558455
0.10064448
-0.04228955
-0.04649877
-0.05150487
-0.02270355
-0.01171000
0.18654916
0.01351871
-0.04268371
0.12790443
-0.01709773
-0.00337927
-0.00863561
0.26465654
-0.05798033
-0.04251065
0.17636174
-0.02156588
-0.02047994
-0.03619196
0.01392301
0.06200497
0.02594265
0.05381909
0.05954912
0.02269232
0.06552354
-0.01224861
0.06745752
0.10141001
0.02983745
0.02625728
0.02240624
0.01344424
0.00745805
-0.00449164
-0.01511302
0.01110460
-0.00456521
0.00398150
0.00789421
0.03568560
0.01347972
0.00000743
0.03445408
0.05320268
-0.00561344
0.07771643
0.05142920
0.01778595
0.04279588
-0.00933170
-0.03318215
0.05300344
0.06663638
0.03029233
0.00035841
0.00033562
0.01930533
-0.01303584
-0.03590011
-0.18665685
0.06334296
0.08160584
0.08189627
0.03351522
-0.02250963
0.00564582
-0.05918927
0.12003388
-0.01771671
0.08309388
0.00844403
-0.06033511
-0.04468723
-0.01560570
0.07577150
-0.10964877
0.08812027
0.07513666
-0.03728931
-0.01786043
0.00926791
-0.00340252
-0.01974422
0.03437750
-0.01130359
-0.07225670
-0.03157925
-0.02138859
0.01492050
0.05307165
-0.00431029
0.03213049
0.06725252
0.00744512
-0.03336337
-0.05576457
-0.01156277
-0.03435303
-0.05435022
0.02326229
-0.03735339
0.02344620
0.04908399
-0.04156042
-0.03814425
-0.04031761
0.02202147
0.03855820
-0.01850755
-0.01149256
-0.06107013
-0.03720063
-0.00468743
-0.07159996
-0.03759613
-0.03365426
0.02951003
-0.05088078
-0.00230957
0.02277622
0.03215844
-0.03024679
0.04329093
0.06723242
-0.01251276
0.04380054
-0.02360811
-0.04272271
0.06715798
0.03547418
-0.05046708
-0.00372110
0.04528961
-0.00461165
0.04945291
0.07222315
0.05296907
0.01019102
0.05114752
0.03353176
0.06942908
0.08960416
0.10248312
-0.04814966
-0.02927921
0.03560753
-0.08512003
0.03541088
-0.04840694
-0.06710500
-0.01416933
0.04983989
0.04563678
-0.00081459
-0.00108388
0.10363863
-0.00284628
-0.04975880
-0.03977977
-0.02131555
-0.02646499
-0.04913158
-0.06032604
0.04083337
-0.03362307
0.04633047
-0.01934669
-0.04660554
-0.03611570
-0.09079076
0.08421327
0.01465359
0.02041603
0.10094980
-0.03419039
0.00694792
-0.04023597
-0.02020752
0.02412741
-0.07131578
-0.12044030
-0.09060279
0.06285373
-0.09142265
0.07165912
-0.00348696
0.00630249
0.02427594
-0.06018090
0.00042615
-0.08539525
-0.03300151
0.03711815
-0.09050274
-0.05316948
0.00275474
-0.07525089
-0.03466950
-0.02875984
-0.02626908
0.04987900
-0.06783365
-0.05413819
0.01739219
-0.03749600
-0.01756746
-0.09553854
-0.02155063
0.06422045
-0.02697820
-0.03135698
-0.03514162
0.05022753
-0.00877580
0.03725431
0.05443125
0.03859863
0.03595352
-0.02490542
-0.02270929
-0.00271487
-0.01398056
0.02829498
-0.00525207
-0.00991894
0.04576371
-0.03972489
0.06059674
0.00710517
0.04824633
-0.04206253
-0.01557167
-0.04352301
0.08199918
0.03643325
-0.13629472
0.03660412
0.05920020
-0.05043715
-0.01308358
0.05209104
0.03867009
-0.08224363
0.06792022
0.01272110
0.05545011
-0.05996821
-0.09933729
0.03125108
-0.02043600
0.12390658
-0.02037707
0.06646941
0.10696603
0.11347567
0.03175255
-0.05672473
0.02480800
0.00430215
-0.07187355
-0.12168616
-0.04760092
-0.02399211
-0.04367204
-0.01632839
0.01101714
-0.04167996
-0.03389310
-0.05405783
-0.03100959
-0.06527323
0.03174586
-0.05746241
-0.02887985
-0.01553195
-0.08023988
-0.10818106
-0.04425884
-0.00558021
-0.07208025
-0.02402549
-0.05182536
-0.05676526
-0.08497760
-0.10504568
-0.04873297
-0.13241349
-0.03905638
0.04485341
-0.00636709
0.01657999
-0.04278478
-0.00649796
-0.05964634
0.04325921
0.01493440
-0.00375774
0.03076946
-0.02370534
0.07136174
-0.11172244
-0.12864943
-0.06487145
0.03065426
-0.02192891
0.03209695
0.00913603
-0.09804259
0.05960283
-0.05599904
-0.03530094
0.13543816
-0.08399709
-0.07096152
-0.05414756
0.21447842
-0.08733543
-0.12495270
0.07478247
0.00996946
-0.03851872
0.01359119
0.00331855
-0.09534058
0.03516771
-0.06776293
0.00355802
0.01922395
0.00319346
-0.04995587
-0.02654760
0.21734683
-0.03231961
-0.13017929
0.02563010
-0.00735775
-0.06443446
0.07646676
-0.06095127
0.00370344
-0.04085224
-0.00121410
-0.03886579
-0.06772096
0.01844780
0.06340062
-0.01205858
-0.04602453
0.01481363
-0.06112123
-0.06266017
-0.01396813
0.02744557
0.06111113
-0.01543044
0.03384907
-0.17856172
-0.04483652
0.03738409
-0.04449000
-0.02425412
0.03406749
-0.02990616
0.00220720
-0.04711429
-0.04683090
-0.12906149
-0.04094519
-0.06271151
0.03765961
0.01856996
0.01067447
-0.20142543
-0.06598774
-0.05607473
-0.11128533
-0.07563426
-0.00892707
0.03882113
-0.09326088
0.00128421
-0.03693876
-0.18370581
-0.02710254
-0.05696846
0.11247423
0.02669415
0.09070373
-0.13792132
0.04062743
-0.01601235
-0.00296718
-0.06385728
-0.04258132
-0.01686373
0.04416866
-0.02801915
0.12189198
-0.15468353
0.05555381
-0.05175846
0.18021114
-0.01514957
0.11669096
-0.11472539
0.00622143
-0.02694144
-0.05264901
-0.02416717
0.04323706
0.00888659
-0.01949829
0.03262058
0.07479926
-0.11161333
-0.03252114
0.01576557
0.04020875
-0.02516406
0.02066814
0.04959394
0.03078668
0.01950202
0.00339739
-0.01906653
0.05621070
0.02300739
0.07251672
0.07325631
-0.10060290
0.00513172
0.01331775
-0.04158787
0.06512628
-0.05182517
0.05628666
-0.15758184
-0.03561657
-0.04243014
-0.06013880
0.01183048
0.02677828
0.05394767
-0.04377779
-0.00641696
-0.04526973
-0.09047045
-0.01824440
-0.04824362
-0.02807149
-0.04170149
-0.00030035
-0.07543823
0.02629607
-0.02972781
-0.09757049
-0.01670456
0.02735649
0.01963747
-0.12268928
0.04195214
0.03086220
-0.06990056
0.03736965
-0.05669367
-0.04452207
0.00886945
-0.00561514
-0.05618908
0.00651867
0.04199501
-0.02689797
-0.03051505
-0.02498475
0.01901061
0.04783737
0.02957153
-0.03572492
-0.05688580
-0.00771114
-0.05924082
-0.05102560
-0.01381812
-0.00065859
-0.04865960
-0.04854949
0.03294684
-0.01311691
0.01231144
-0.01099401
-0.04958405
0.05908502
0.00861727
-0.02787438
-0.10555726
0.02432356
-0.04491615
0.04777909
-0.04155331
-0.03291784
0.10953927
0.05483754
-0.01849347
0.05080863
-0.01146965
0.06307443
-0.02275120
0.00509414
0.03791563
-0.06107759
0.10264079
-0.02596514
-0.03639325
0.14207159
-0.00998864
0.01585573
0.10077383
0.06644610
-0.03788849
-0.03064156
-0.06871027
0.02418516
-0.00030286
0.04504471
0.05215715
0.00375529
0.12936841
0.01777741
-0.01144942
0.09508169
0.01253945
0.00625481
0.02296158
0.00873961
0.01711636
0.03661550
-0.02682633
0.00730922
0.03460819
0.07359308
0.03950000
0.00047151
0.04257553
-0.03549190
0.01820027
0.04916151
0.04557674
-0.02956596
-0.01332184
-0.01052735
-0.00244073
-0.01547191
0.02283944
0.02465351
-0.03216938
0.03145064
-0.04593146
-0.04262784
-0.00350278
-0.02923589
0.03012545
0.01915541
-0.01258775
-0.00314461
-0.15818726
-0.07138336
-0.06718762
0.02437646
-0.02661180
-0.05231045
0.02332369
0.00036173
-0.05620347
-0.04057010
-0.13102026
-0.01766714
-0.03250543
-0.10651713
0.03772644
-0.09054287
-0.00231631
-0.09515044
-0.00346286
0.06523434
0.04390670
-0.04324429
-0.02475790
0.16936621
-0.03897112
-0.11869129
-0.02960050
-0.02831679
-0.00281059
-0.06450437
-0.03574310
-0.00865988
0.03308541
-0.06262475
0.00132198
0.10889066
-0.06304563
-0.07144150
-0.04385950
0.17341267
-0.02241095
-0.03418356
0.07125264
-0.00429425
-0.03053757
0.01487452
0.02320452
-0.01934119
-0.00671140
-0.05647764
-0.03397128
0.02261362
-0.03334670
-0.04442530
0.02424281
0.02887108
0.02804255
-0.02274967
-0.01116808
-0.01042807
-0.03153097
-0.01344842
0.02654389
0.02331057
-0.01683665
-0.02676048
-0.03259966
0.00023276
0.00194444
-0.02226181
0.01157111
0.04978633
-0.07092329
0.02178000
-0.10700563
-0.03351629
-0.01160318
0.01094713
0.00869082
-0.00435506
0.01119011
0.00467704
-0.02099737
-0.04021234
-0.07344703
-0.04469280
-0.01119203
-0.03795638
-0.00756422
-0.04832784
-0.00381245
-0.00970276
-0.07033060
0.04435965
0.00324888
-0.01008353
-0.21339099
-0.04614856
-0.04055627
-0.02595217
-0.00187361
0.01498376
-0.01816731
-0.05969526
-0.04009308
-0.00245720
-0.27616528
0.04909351
-0.05189981
-0.05323802
-0.03754072
-0.01989564
-0.14334276
-0.09377418
-0.04503015
-0.08065792
0.00710663
0.00369687
0.00911470
-0.04642126
-0.05162174
-0.02233129
-0.18073121
0.03209837
0.02911483
-0.04333832
0.01224859
-0.07371169
-0.03705606
-0.03883700
0.00060088
-0.03481827
-0.04467817
-0.00550579
-0.01643924
0.00806888
-0.02449938
-0.09439120
-0.07550775
-0.02457236
-0.02052648
-0.03674772
-0.03197908
0.02077768
-0.11163372
-0.01906839
0.01369619
0.01296575
0.01584362
0.00614410
0.01886313
0.04522625
-0.06675770
0.00819446
-0.04800415
-0.03655131
-0.01874929
0.00374741
-0.04980846
0.00140777
0.03547496
-0.02255923
-0.01815830
0.05804336
0.02123057
0.00313324
-0.04381776
0.00836498
-0.02388913
-0.00122029
0.03906272
0.04934687
0.04552324
0.05221644
-0.04409717
-0.02367385
0.03986613
0.04220974
0.01016237
0.01882355
-0.07833005
0.02468155
-0.01318372
-0.08045468
0.01769812
0.03123559
0.08950739
-0.02017537
-0.04141419
0.01205175
0.01768145
0.02211711
-0.03165027
-0.05345408
0.01703354
-0.00569105
0.01930864
0.01034795
-0.07648487
-0.01107942
0.00257719
-0.10723150
-0.00252440
-0.00894039
-0.03889111
0.01107882
0.04755346
-0.07147240
-0.10606090
-0.01467791
0.01609602
-0.03990135
-0.02762241
-0.02575172
0.00924519
-0.04893944
-0.05140436
-0.08702647
-0.12859392
0.00008710
0.00941889
-0.03705282
0.01648467
-0.07326805
-0.16061223
-0.09730113
0.03372257
-0.06344890
0.00715587
-0.06621508
-0.05000220
-0.06200670
-0.10017058
-0.01158811
-0.13600248
-0.04482106
-0.04468925
-0.03641171
0.02812883
0.00380561
-0.05981424
0.00141482
-0.00611003
0.01434366
0.00909652
-0.07982062
-0.03835885
-0.03795236
-0.02614446
-0.00724108
-0.11524388
-0.03649788
-0.04136343
0.03622953
0.03932213
-0.01834948
-0.00978045
-0.01617957
0.01767695
0.00827349
-0.05454481
0.02169588
0.02280901
-0.04111765
0.00511109
0.05579113
0.01515524
-0.01413275
0.01956447
-0.05049469
-0.03416299
0.03284682
-0.04434673
-0.02265011
0.01214936
-0.05392051
-0.04538520
0.01416494
0.00742501
-0.01652624
0.02504032
-0.05606992
-0.04509335
-0.00158918
0.01463655
-0.09600072
-0.02600755
-0.04141757
0.14904152
0.01691506
-0.08151221
-0.01919804
0.00675364
-0.08921699
0.00702462
-0.09862905
0.00672461
0.00565170
0.14409786
0.01189721
-0.03757628
-0.07359186
0.03014801
-0.02866449
0.13934232
0.04467402
-0.01260387
-0.04567047
0.00324845
-0.00590205
-0.04327005
-0.13574333
-0.02302225
-0.07619475
0.12761968
0.00336851
-0.05070105
-0.03946485
-0.00923947
-0.01435128
-0.01923549
-0.00686506
-0.01981468
0.02418596
0.01773937
-0.00093729
-0.03816022
-0.00775373
0.01511812
-0.05521694
0.00348197
0.02554776
-0.00180332
-0.06998245
0.04048852
-0.07100660
0.00795075
-0.02663806
-0.01137734
0.00561330
-0.01602540
0.01530678
0.00275048
0.02122949
-0.04170228
-0.05026086
-0.01114073
-0.04492488
0.06126359
-0.11098126
-0.04377393
-0.01579257
-0.02503240
-0.04450520
0.03831919
-0.02401431
0.04011390
-0.10371779
-0.00841593
0.00035646
-0.08321031
0.06347590
-0.06067869
-0.00695238
0.06224708
-0.09027178
-0.04513189
-0.01827871
0.16851845
0.13300011
0.01448038
0.03779047
-0.04273805
-0.07718717
0.04517590
-0.24458516
0.03155754
0.11037464
0.17826769
0.03833081
-0.08505944
0.02906982
0.01785658
-0.05314632
0.07656166
0.03533036
0.03711576
-0.06818108
0.02214980
0.10214833
-0.03847624
-0.09558602
0.06756815
-0.00301354
0.10003039
-0.02485484
-0.06922161
-0.12247565
0.02192370
-0.09942371
-0.04787814
-0.06929250
0.02485181
-0.01621827
-0.04201188
-0.03214022
-0.00971815
0.09789587
-0.10653525
-0.06311066
-0.08351269
0.03441469
0.00442725
-0.00802291
-0.04223919
-0.02243406
-0.15220584
-0.10362332
0.02126112
-0.08940217
0.06457441
-0.01332385
0.01809536
-0.06449815
0.01405039
-0.07650042
-0.15580575
0.03632534
0.08672435
-0.19705755
0.03361338
-0.05728930
-0.07647749
-0.01414729
0.03795287
0.05239564
-0.02154460
-0.09252197
-0.04243160
-0.17237398
-0.12784784
0.06620955
-0.14392492
0.02817396
0.07927422
-0.04445105
-0.02267946
-0.00970625
0.23426986
0.07628111
-0.02610303
0.05446541
-0.04876600
-0.04963426
-0.07246079
-0.26258183
0.06728441
0.01139155
0.27306679
-0.00649455
-0.04480098
-0.03745197
-0.02619198
-0.08029261
0.03271726
-0.09916038
0.07222480
-0.10901675
0.05383014
0.12183073
-0.09440564
-0.19459234
0.04158986
-0.14259171
0.05275451
0.03860324
-0.01143157
-0.14772306
0.01603822
-0.08889239
-0.14641578
-0.09877044
-0.03481254
-0.08928983
-0.02516063
-0.01018608
-0.05725385
-0.08841238
-0.12903699
-0.00152069
-0.27194029
0.01557767
-0.04751176
-0.01876859
0.04539286
-0.07707708
-0.16719240
-0.12858604
0.04785601
-0.09922385
0.06849396
0.03682467
0.00380070
-0.05199830
-0.01320082
-0.10076380
-0.19190960
0.02284780
0.03176203
-0.12326768
-0.02481969
-0.02297858
-0.09726632
-0.07394002
-0.00049604
0.00571462
-0.07364769
-0.10526874
0.02360787
-0.15109076
-0.06923262
0.05029315
-0.13062002
0.02841006
0.07372693
-0.04142524
-0.06142334
-0.01382624
0.27087703
0.10792983
-0.00952682
0.11727867
-0.04207888
-0.02765770
0.00529286
-0.08725118
0.05827491
0.00139224
0.24429496
-0.03198079
-0.05504626
0.01086936
-0.05294844
-0.08766545
-0.02917061
-0.10565213
0.03138292
-0.11841621
0.07930079
0.09687950
-0.02739800
-0.07796303
0.05128539
-0.14224888
0.03660418
0.01165001
-0.02376809
0.07700337
0.03000413
0.02204616
-0.14236522
0.03976024
-0.03806508
-0.01601537
-0.07525124
0.02551113
0.01103479
-0.06954354
0.00872476
0.04268234
-0.12373669
-0.03341702
-0.07359821
0.01744959
-0.00058351
-0.01684354
-0.09652560
-0.03420924
-0.02365693
0.00811530
-0.02425095
-0.00981368
-0.01221765
-0.08442070
-0.05113180
-0.12574944
-0.08557803
-0.04151318
-0.03254297
-0.03262469
0.03059720
0.01529158
0.00481975
0.02773112
-0.03552961
0.00894652
-0.07966910
0.00327825
0.01386387
-0.25910044
-0.01290388
-0.01288956
-0.00673531
-0.02516695
0.03625483
-0.10182214
-0.00442239
-0.06309337
0.13264984
0.00144031
-0.02758041
0.06738189
-0.05171104
0.03121720
-0.06803478
-0.20669046
0.02801432
-0.10535661
0.13067357
-0.04337612
-0.06535484
0.04097930
-0.03327231
-0.07875314
0.00416721
-0.02544261
-0.00053783
0.00387681
0.04640917
0.02814919
-0.05378015
-0.02051292
-0.01139124
-0.02710559
-0.01649355
-0.04064237
-0.04388817
0.05404781
0.00533522
0.01690749
0.02959736
0.01483448
-0.04743939
0.00532011
-0.01886783
0.02726196
0.06063868
0.10701187
-0.00469518
0.05815509
-0.01806704
0.04139313
-0.02679711
-0.03098942
0.03325039
-0.03632869
-0.02243276
-0.05932422
-0.02353477
-0.05343535
-0.04781071
0.03014811
-0.00959129
-0.08834924
0.02580931
-0.07155133
-0.09156333
-0.00053945
0.04628145
0.00305318
0.03063771
-0.05418197
-0.07100601
-0.00949994
-0.01011322
-0.05994139
-0.05878205
-0.01314572
-0.00801501
0.00448664
-0.00474306
0.02299520
-0.08755795
-0.02374466
-0.02764351
-0.05911402
-0.03726324
-0.04067294
-0.08562445
-0.03064935
-0.00880206
-0.01503837
-0.03262144
-0.03842834
-0.01899928
0.00036659
0.02613012
0.04252663
-0.05720267
-0.03820807
-0.02158017
-0.00227471
-0.04961272
0.00466752
-0.07255837
-0.06378303
-0.04560326
0.01259946
-0.02131141
-0.04992995
0.00583866
-0.02480621
-0.04417878
0.03647337
-0.09890124
-0.01279538
0.05033838
0.03346522
0.02375870
0.04432108
0.02639554
0.05140615
0.00239201
0.00085714
0.02376686
0.04317320
0.01323785
-0.07433511
0.05921615
0.13298076
0.00130812
0.03326547
0.00576631
0.00540994
-0.02338067
-0.04309050
-0.02761844
-0.01002655
-0.03094621
0.03642898
-0.01724683
-0.00858020
-0.03254206
-0.03757679
0.01487969
-0.00935187
-0.02250022
-0.03340179
-0.04964390
0.01095857
-0.06276769
0.00378205
-0.05661329
0.00143587
-0.00610885
-0.03346059
0.00934919
-0.00395122
-0.02451383
-0.00073230
0.02421736
-0.00651776
-0.05725806
-0.01349429
-0.02913024
-0.01198322
-0.02045100
-0.03391411
-0.06564718
-0.03992590
0.00933161
0.02369462
0.01810104
0.00378159
-0.01719644
0.03295526
-0.04171544
-0.05750295
-0.00421156
0.01586245
0.00588633
-0.01062229
0.00778466
0.04144852
-0.08144659
-0.03324146
-0.04152378
0.03281868
0.01955080
0.02615863
-0.00873512
-0.00488350
-0.01139811
0.05523952
-0.07727921
-0.05969591
-0.00243023
-0.03880543
0.01501184
0.01987996
0.04148865
0.02818547
0.02220511
0.04213578
-0.02932882
-0.00356523
-0.00578238
-0.11206781
0.02559029
0.00953009
0.02961688
0.02904874
-0.01468302
-0.01180951
-0.05847220
0.00751379
0.08253653
0.03241151
-0.04685704
-0.00535540
-0.00280393
0.03861758
0.04766960
-0.12726887
0.04354597
-0.02550491
0.07916109
-0.00725397
-0.02850125
0.00615596
-0.04182462
-0.03756627
0.01565936
-0.00520350
0.06291472
0.01572836
-0.01443959
0.01124388
-0.00395264
-0.07902994
-0.00974235
-0.06180400
-0.01136731
-0.01707319
0.00701588
0.00530529
0.02363782
-0.02120181
-0.01079131
-0.06286468
0.05165911
-0.02809161
-0.01925919
0.07707319
-0.01938639
-0.02937646
0.01956385
-0.02922728
-0.08371250
-0.00403165
0.02885168
0.03168479
0.00022621
-0.00803861
-0.02543316
0.05649908
0.00957870
0.00740529
0.02256496
-0.00444066
0.01338255
-0.05099210
0.02677280
0.02651790
-0.04348947
-0.05617905
0.02784210
-0.06786340
0.00398897
0.03030243
0.10877208
-0.00895740
0.02173505
0.04380309
-0.07249971
-0.05258016
-0.01845448
-0.13917710
0.05706463
0.03879595
0.11575656
0.03325474
-0.01933080
-0.00601767
-0.03623316
0.02424734
0.04710856
0.04519876
0.02566551
-0.01966221
-0.06643800
0.01605604
0.03678865
-0.07860231
-0.01242745
-0.05595409
0.09034449
0.02209054
-0.05527020
-0.02731026
-0.00406161
-0.01870828
0.01883171
-0.00010519
0.05245726
-0.03669498
-0.04840157
0.03263344
-0.01604146
-0.08649204
0.04835908
-0.01126593
0.08561894
0.01623291
-0.04572655
0.02011007
-0.00730163
-0.00444607
0.00243656
-0.06497784
0.05810762
-0.04044379
0.07842997
0.02107983
0.00003089
-0.03868394
-0.03011946
0.02949296
-0.03323840
-0.01716669
0.03089259
-0.07470758
-0.00523177
-0.01731844
-0.02526104
0.00552124
0.02038831
-0.04004253
-0.04483364
-0.04745796
-0.02320534
-0.07503052
-0.08230686
0.01595100
-0.06320687
-0.03295543
0.08356626
-0.03333290
-0.01681971
-0.04125062
0.12311896
0.04806945
0.02809504
0.11233216
-0.03850101
-0.04582738
-0.05183379
-0.15760350
0.01594045
0.02228520
0.06334504
0.01588774
-0.01539752
-0.03215944
0.00266898
-0.05145127
0.14753960
0.01354083
-0.03142798
0.06491663
-0.04717131
-0.06908311
-0.05735429
-0.01032533
0.03921426
-0.05342528
0.13007601
-0.04790179
-0.06513578
-0.01630599
0.02437125
-0.01939134
0.03621194
0.04597585
0.03678558
0.01653707
0.00140691
0.01180048
-0.02805561
0.04934893
0.03594781
-0.08759099
0.02477324
0.00821849
0.02798574
-0.01453574
-0.04470076
-0.00366414
0.02269221
-0.00682529
0.01236383
-0.03492388
-0.01668543
0.00731740
-0.00859336
-0.05488940
0.01552555
-0.06587924
-0.05883903
0.00969261
-0.00682668
0.00165490
-0.05981422
-0.03821328
-0.00743847
0.01771116
-0.01015091
-0.01317544
-0.06849893
-0.08682974
-0.04382199
-0.12042570
-0.07343060
-0.01566444
-0.04162075
0.02672252
-0.00199756
-0.04399267
-0.02731419
-0.03293060
0.11868188
0.08572134
-0.02547820
0.05842223
-0.03282656
0.04076929
-0.01321249
-0.11994904
0.01290043
-0.07729977
0.12972297
-0.02918013
-0.01941845
0.03564031
-0.06026121
-0.04494481
0.01339597
-0.05394977
0.00127888
0.07646934
0.00095248
-0.02971840
-0.00031946
0.03040255
-0.00932324
-0.00559141
0.00698878
-0.03231688
-0.00159522
0.07289076
0.00311338
0.00547060
-0.05961516
0.01239621
0.04075564
0.01281188
0.02223136
0.01414463
0.01905523
-0.05928124
0.03382971
-0.04079976
-0.03169344
0.00159482
-0.02890239
-0.05120106
-0.00082776
0.01065494
-0.08688606
-0.04804919
0.02764346
0.02580559
-0.03918843
-0.02468521
-0.02641269
-0.02969298
-0.01590915
-0.03809369
-0.08726133
-0.02378802
-0.02375335
-0.04324226
0.02907961
0.02749134
-0.10058092
-0.02619353
0.04109188
-0.05309036
-0.03071636
-0.01400629
-0.01961342
-0.02191578
-0.08075348
-0.00270363
-0.06970763
0.03622563
0.02149240
-0.04456213
-0.01991733
0.04006786
-0.09176361
-0.05640840
-0.00725045
0.03064257
0.02391191
-0.04889306
-0.00495000
-0.05541662
0.00750796
-0.04456372
-0.06887878
-0.05160237
-0.02266414
-0.05679413
-0.01088952
0.03035515
-0.00147769
-0.05253011
0.01700902
-0.00471045
0.01514764
-0.02724939
-0.02805086
0.02612918
-0.02419779
0.00384542
-0.07641049
0.02165245
-0.01686638
0.02685853
-0.05664879
-0.00724535
0.04638020
0.02071520
0.03482277
-0.01395955
0.04899973
0.10889721
-0.06167267
-0.04670114
0.06062542
-0.04890217
0.05033355
0.02632616
-0.04741525
0.02694561
0.01051567
0.01870205
-0.09588046
-0.06157256
-0.03107253
-0.06960800
0.01900212
-0.02127278
-0.00427963
-0.05961066
-0.08971331
0.00090293
-0.13414952
0.02760741
-0.03138828
-0.02090296
-0.00072499
0.03781387
-0.05188594
-0.01056372
-0.01932013
-0.06357040
0.01170716
0.02409441
0.05126195
0.00485746
0.00516775
0.04299580
-0.07608026
-0.03424570
-0.04450776
0.01147329
-0.05559408
0.03353105
-0.05137061
-0.00246551
0.00211372
-0.01885307
0.04232415
-0.03140215
-0.03223838
0.01478905
0.00410971
0.03935396
-0.00135957
0.02490382
0.02463368
-0.01893266
0.02894981
0.07095625
0.01989831
0.04318213
-0.05453796
-0.01079893
-0.00734052
0.02869128
-0.02278123
-0.00408467
0.06796234
0.07183268
0.02502429
0.03082191
0.03129196
-0.04114602
-0.07384309
0.03281341
0.06121266
0.00154131
0.06082042
-0.03318381
0.05123416
-0.01689724
-0.02417910
0.03460255
-0.00466547
-0.04443196
0.05349974
0.04411288
0.00025301
0.01278091
-0.05250681
-0.01968937
-0.02001521
-0.06658637
0.00271575
-0.07455431
0.03709526
0.02477371
-0.00707320
0.05935773
-0.01032107
0.04957320
-0.04265969
-0.03584429
0.00334588
0.01765629
0.01543017
0.04169400
-0.04339722
0.01861102
-0.05481441
0.02726946
-0.02442951
0.03371545
-0.04563043
0.02260079
-0.04364898
0.05098780
0.02112650
0.02152387
-0.03364904
0.02597861
-0.01412242
0.01808313
0.05953613
0.06891710
0.01026457
-0.00637324
0.01889551
0.02282006
0.01585177
0.06508534
0.02777694
-0.01204782
0.03582628
-0.04283608
0.02607508
-0.01097054
-0.02077140
0.00109535
0.08679456
0.09022232
0.05604165
0.02996275
-0.02042130
0.00772375
0.00922517
0.06984395
-0.00662126
0.02909760
0.05312366
-0.04688523
0.02186856
-0.00136756
0.02957475
-0.03868256
0.00541044
0.00264754
-0.02392943
-0.01865023
0.01152699
0.01831066
-0.01171624
-0.02694797
-0.06289083
-0.05210600
-0.00911054
0.04410432
-0.04195906
-0.00444203
-0.04376097
-0.05627753
-0.02472077
-0.01659473
-0.02589052
0.01937827
-0.04750488
-0.04167610
0.00294155
0.01812212
0.02228014
0.00155315
-0.07881926
0.01359377
0.00133208
-0.03811951
0.02355338
-0.02633222
-0.08698259
-0.00946519
0.02891288
-0.05100283
0.03716214
0.01520227
-0.04757067
-0.00232518
-0.01643695
-0.03248856
-0.03102764
0.00782152
0.02259577
-0.00375942
-0.00430762
-0.01905293
-0.01685899
0.04145085
0.04609776
0.00172774
0.01529345
-0.02355121
0.02595659
-0.03277967
0.00994780
0.00363257
0.01427415
-0.01452706
-0.02729528
-0.10323931
-0.00951238
-0.03897010
-0.04560073
-0.07669303
-0.03549581
-0.00463133
0.00203302
-0.00165781
-0.01027789
0.05550476
-0.04211628
0.01917396
-0.01320722
-0.04044458
-0.01948736
-0.04326739
0.00951229
0.00129408
-0.10179823
-0.00699475
-0.01697071
0.01573821
-0.05257897
0.01155612
-0.03185583
0.00766985
-0.06949486
-0.01715722
-0.09656280
0.00575350
0.00442738
-0.02880637
-0.06457417
-0.01815129
-0.12749682
-0.04889619
-0.05026108
-0.01853189
-0.03509158
-0.00322266
0.01988035
-0.04196990
-0.05234531
-0.00110632
-0.09848880
0.04253843
0.01576210
0.00805024
0.03318240
-0.06014622
-0.04598262
-0.07933524
-0.04177045
0.02064258
-0.05753874
-0.03497265
0.01049104
-0.03019583
-0.02314063
-0.04253946
-0.08925723
-0.04257992
-0.01858738
-0.05366069
0.02635643
0.03897711
-0.04557196
-0.06347724
-0.04684904
0.03340923
-0.02333467
0.01519412
-0.03402444
-0.01821867
-0.00846955
-0.00706376
0.00163081
0.01788402
0.01580127
-0.02977535
-0.00505842
-0.01462643
0.01973434
0.04085145
0.03725005
0.03974398
0.02158875
-0.05323443
0.03010593
-0.00215921
-0.01880294
0.02694321
0.10798940
-0.00926248
-0.00497112
-0.02718525
-0.03506665
-0.06253822
0.01539736
-0.02202680
-0.00327613
0.05783584
-0.04952101
0.00734372
-0.02281971
0.04113153
-0.00626530
-0.05640622
0.04004082
-0.04337403
-0.05893659
-0.07224134
-0.02521932
-0.04823941
-0.15494081
-0.09376795
-0.03138064
-0.03295953
-0.03919916
-0.04409998
-0.01654488
0.06610234
-0.11412466
-0.02452207
-0.12507948
0.03932146
-0.03453949
0.00485341
-0.01020249
0.07395415
-0.12206072
0.02208100
-0.01892911
0.00593821
-0.02343397
-0.06601388
0.03155912
-0.04900579
-0.01704100
0.02758046
-0.07780048
0.02000639
0.05572553
0.02515600
-0.06714009
0.02793905
0.13904288
0.12053842
-0.06422284
-0.04514801
-0.07669730
-0.06763173
0.01837574
0.01125834
0.05757958
0.07076989
0.15386483
0.01481784
0.00141856
0.01291584
0.02765567
-0.00135760
-0.02879814
-0.08352413
-0.04239590
-0.02341542
0.00243431
-0.04279352
0.00346784
0.05259088
-0.02977753
-0.07338638
-0.06433132
-0.03338670
-0.06502892
-0.03710850
0.02197755
-0.04570347
-0.17848881
-0.08285338
0.01047804
-0.05564891
0.00377547
-0.05697173
0.00398451
0.06346260
-0.10014309
-0.05116858
-0.16655064
0.01237948
-0.03378611
-0.03875557
-0.03901340
0.02366995
-0.08655053
0.03783226
-0.02308515
-0.08127716
0.00289969
-0.06652283
0.04303482
-0.09326119
-0.02695280
0.13846752
-0.04284918
0.05025895
-0.01993476
-0.02571629
-0.05600846
0.06585782
0.02828013
0.07367799
-0.04044656
-0.00134209
-0.01155128
-0.04567145
0.04944284
-0.00465411
0.05260649
0.09706895
0.14443509
-0.01510802
-0.03930755
-0.06594905
-0.06644899
0.00073704
0.10684861
0.02158644
-0.02147999
-0.00590879
-0.01986736
-0.03588355
0.00969280
0.07509028
0.07307500
-0.04258958
0.12004028
0.00806968
-0.02851282
-0.03224842
-0.00257453
0.01678867
-0.08894597
-0.04429165
0.02875956
-0.06582935
-0.06142323
-0.00903047
0.02731428
-0.06320512
-0.05786411
0.00639472
-0.11407243
-0.02148383
0.01567305
-0.03194604
-0.03955529
-0.01619862
-0.06908551
-0.05291695
-0.03400500
-0.07823189
-0.04880211
-0.07075138
-0.04483234
-0.07824098
-0.05872768
0.03671921
-0.07679305
-0.00498840
0.07119983
-0.02757750
-0.01752942
0.10259639
0.07837670
0.05582324
-0.04118925
0.04469062
0.04576235
-0.11271288
0.01768276
-0.05550688
-0.02477901
0.13966516
0.05927206
-0.00666885
0.02457773
-0.09778795
-0.02936830
-0.04780733
0.06728040
0.01421003
0.06508290
-0.04292331
0.04101093
-0.00503786
-0.00335503
-0.01981846
-0.00603292
-0.03970975
0.10332787
0.03862755
-0.01884771
-0.14309856
0.01873953
-0.00991074
-0.05338309
-0.08641366
0.03662974
-0.05543297
0.05305677
-0.10561066
-0.07427041
-0.01239504
-0.06949591
-0.04321405
-0.10513189
-0.02392765
0.00267261
0.00337998
0.02252251
-0.03448740
-0.07293282
-0.02451378
-0.03908967
-0.05403418
-0.03156933
0.01353179
-0.05671934
-0.00530142
-0.06203292
0.02466967
-0.12317329
-0.02360815
-0.01645992
0.00759075
-0.02807474
-0.03504895
-0.07251014
-0.03595133
-0.04566905
-0.01039622
0.03880160
-0.01496159
-0.02716964
-0.04522413
0.03609027
0.06028395
-0.02618816
-0.00647737
0.01873036
-0.05399349
-0.06217253
0.03393486
0.04626460
0.02628346
-0.04932879
0.00849712
-0.02619475
-0.02075483
0.05058980
0.04707460
-0.00676860
-0.02542490
0.07316543
0.00317079
-0.05917788
-0.00602738
-0.00148144
-0.03325158
-0.02996848
-0.04691172
-0.01825549
-0.01842538
0.05176254
0.02960969
-0.05964510
0.01204124
-0.02330552
-0.08912505
-0.02229882
0.03676274
-0.04264020
-0.04924168
0.02440391
-0.04913633
-0.13829006
-0.00266147
-0.05531151
-0.05157352
-0.02109962
-0.01174195
0.02427699
0.01587116
-0.02124412
-0.02638427
-0.14283848
0.03521153
0.00551746
0.05311766
0.02643048
0.02710597
-0.01860403
0.05441284
0.03432879
0.00536165
-0.00620237
0.03063552
0.04037904
0.00911129
0.01953009
-0.01398895
-0.00520563
0.00286938
-0.00733194
-0.02794201
-0.06630116
0.01789449
-0.01267326
-0.01319548
0.02150915
0.01331720
0.01301999
-0.00212938
-0.04168459
-0.04947966
0.02566228
-0.02462243
-0.03404670
-0.04156091
0.00613667
-0.00813000
-0.01668784
-0.05924422
-0.08259800
-0.03334383
0.02159372
0.01694435
0.00601164
-0.00186189
-0.04325754
0.02031818
-0.02075193
-0.05830545
-0.04681420
-0.00601940
-0.06456631
0.05743181
0.02069608
-0.05259995
-0.05042937
0.02433645
-0.00529607
0.05436896
-0.01523652
-0.02849132
0.01575814
0.09304599
0.00096374
-0.03792086
-0.00896772
0.00600707
-0.03390430
0.05043881
0.04293666
0.02828208
-0.11717622
-0.05797414
0.02574276
-0.07733668
-0.02109342
0.01204572
0.03542528
0.01966393
-0.01774141
-0.03948165
-0.13038777
0.00096701
-0.00087854
-0.05993144
-0.00475313
0.00216680
-0.04719181
0.00648782
-0.02415618
0.01120979
0.02962241
-0.03909030
0.03907797
0.04635405
-0.00950025
0.07291989
-0.01953693
-0.06211008
0.01088879
-0.14468226
-0.08255943
-0.05356128
0.03619565
0.01937542
0.01388719
0.04531714
0.03726067
0.01304182
-0.03869193
0.02174956
0.04067925
0.02802277
0.09042068
-0.06015874
-0.03179932
-0.04187720
-0.06416498
-0.04192275
0.09636504
0.06192850
0.01876296
0.04195119
-0.02955036
-0.02499420
-0.04958657
-0.16627969
0.03857762
0.00860368
0.09214529
0.04887407
-0.05773788
0.05103927
-0.01559753
0.05377734
-0.03786097
0.04683003
-0.00680081
-0.11039759
0.07245635
0.11012379
0.05120996
-0.10753123
0.08439209
0.03361739
0.00809978
0.03284800
0.04074157
0.08416091
-0.01389381
0.08074046
-0.06661713
-0.03575829
-0.03675296
-0.01538895
-0.00494773
-0.00979380
0.07344427
0.03222732
-0.02757570
0.08531263
-0.10831635
-0.02259573
-0.03546385
0.01392441
-0.01393031
-0.04822580
-0.02645751
-0.00737829
-0.03268417
-0.04583510
0.05523761
-0.01084483
-0.00278105
0.04912137
0.01366503
-0.06514113
-0.04986339
-0.06520361
0.04889736
-0.06663413
-0.05295959
-0.01830700
-0.01119221
-0.03802845
-0.00908182
0.05610994
-0.02311666
-0.00630006
-0.01318645
-0.01249676
-0.07546696
-0.05633061
0.01326331
-0.04729616
0.00559383
-0.11085618
-0.05624294
-0.01344893
0.13660426
0.04184091
0.00965572
0.07666025
-0.02420742
-0.00048194
-0.03391653
-0.11912908
0.02479758
0.03880353
0.15843748
-0.03459586
0.02656927
0.02263789
-0.02787266
-0.03903675
-0.03093624
-0.00375646
0.08594164
0.01867561
0.11303808
0.11640765
0.04151245
0.02610216
0.13614342
0.01341192
0.06255795
-0.02712198
-0.03445460
-0.08228102
-0.02292771
-0.05578836
-0.13938782
-0.07838780
-0.06370004
0.03717680
0.01942957
-0.07095830
0.04994410
0.12041237
-0.12132863
-0.01878671
-0.14154285
0.00370236
0.02512719
0.01456942
-0.06132215
-0.01142723
-0.05307935
-0.06767061
-0.01734905
-0.05834052
-0.03167076
-0.04327977
-0.01223371
0.06811814
0.01715350
-0.07967391
-0.13934633
-0.02816723
0.02617556
-0.05343323
-0.01804778
-0.02272130
-0.09292455
-0.10958858
0.03661316
-0.01318696
0.03521939
-0.07047553
-0.01774143
0.05183727
-0.10711270
-0.03804162
-0.11504612
-0.04232278
0.09013782
-0.06064895
0.01165883
-0.06087841
0.08786618
0.04407329
-0.00942887
0.11454336
0.04129613
-0.05265807
-0.04286930
-0.02092866
-0.07023376
0.12006256
0.03866623
0.01359334
0.05946985
0.24292403
-0.00712178
-0.04641754
0.06963357
0.04880946
0.08337291
0.00106978
0.03158025
0.22054312
-0.01746767
-0.19975737
0.12522596
-0.04019372
0.09778748
-0.07086678
-0.05361711
0.04081700
-0.03903896
0.04824707
-0.26090598
-0.07789113
0.02008430
-0.08778667
-0.04964947
-0.00479574
-0.02784628
-0.04573552
-0.03905265
-0.00379320
-0.19800706
0.02045919
-0.04597662
-0.05109776
-0.04797783
-0.06290830
-0.13436210
-0.03182831
-0.02110235
-0.01414147
-0.05309126
0.02876683
-0.01079164
-0.00633665
0.01349061
-0.04213613
-0.11767858
0.02151790
-0.08046096
-0.03474011
0.02126926
-0.08521862
-0.27619249
-0.14516614
-0.03961064
-0.06748877
-0.03243057
0.02427953
-0.00092056
-0.04648437
-0.06360387
-0.17460904
-0.22523910
-0.07794109
0.06035614
-0.11979476
0.01926174
-0.04499045
0.05227317
-0.06712493
-0.06870565
0.05412970
-0.04195696
-0.03245836
-0.05866466
0.11112963
-0.14419040
0.00000600
-0.00156163
-0.00991359
0.03009269
0.11995171
-0.04583976
-0.14543867
0.24352917
0.12755610
-0.00955247
0.20202874
-0.13764614
0.17481141
-0.02953933
-0.01263078
0.00284985
-0.05962368
0.21899255
-0.02080039
-0.08609623
0.16748790
-0.01885276
0.00418423
-0.06529426
0.02567193
0.05874319
-0.11868049
0.03853931
0.15250254
-0.02813793
-0.03020356
0.07696007
-0.07899102
-0.00866438
0.02860252
-0.02764263
0.08053903
-0.00740269
0.02339092
-0.01988099
0.04232690
-0.03369942
-0.03425638
-0.04594231
0.02947423
0.00254751
-0.04694828
-0.01191087
0.02084773
-0.09419394
-0.03604715
-0.03236579
0.05175491
-0.00451888
0.00749484
-0.18240419
-0.09819112
0.03996180
-0.12559706
0.02093809
0.07158740
0.03126775
-0.13247877
-0.01557625
-0.06720513
-0.18926448
-0.02660134
-0.05481744
-0.05602613
-0.00817687
0.07266964
-0.19725603
-0.00700079
-0.06512041
-0.11669568
-0.02085554
-0.10509871
0.03711778
-0.09820533
-0.05541776
0.07306886
-0.12323371
-0.02724341
0.03898641
0.00478989
-0.04381672
-0.01347550
0.16802648
-0.00755555
-0.01626271
0.12750342
-0.03060088
-0.03435412
-0.04226310
0.00978890
0.03849141
-0.01924302
0.19018471
-0.00471837
-0.05272060
0.05609859
0.00857590
-0.09734114
0.01725612
-0.09048933
0.05420972
-0.03055005
0.01902953
0.07913655
-0.04796160
-0.02012906
-0.06461602
-0.12142505
-0.00398077
-0.01967375
-0.04545721
0.01154536
-0.06769785
-0.03471927
-0.09544599
0.03822215
-0.01309347
-0.04430872
0.07577058
0.01584031
-0.01476407
-0.09242026
0.04860379
0.08852141
-0.02523612
-0.03573664
-0.00303207
-0.03920530
-0.03933389
0.04113146
-0.05926159
-0.03667738
0.04233226
-0.05761473
0.00845710
-0.04104120
0.01514936
-0.01494463
-0.02976855
0.04666454
-0.07495201
-0.03744194
0.06657719
-0.01736680
-0.02818502
0.01411861
-0.04525377
0.02565784
0.00728144
-0.03280411
-0.03546346
-0.04700257
0.02634516
0.02872528
-0.03802469
0.04208766
-0.05599865
-0.03568388
-0.01568362
-0.03624651
-0.03058183
-0.03508177
-0.04223563
-0.05800245
0.02895278
0.04484649
0.01760794
-0.01800046
0.02217549
0.03233600
-0.02210356
-0.05642262
-0.13836572
0.03318851
-0.00524982
-0.07371121
-0.03811012
-0.09529946
-0.07166371
-0.11626807
0.01357642
0.00468581
0.02112934
-0.00354731
0.00514295
0.08534956
-0.06941216
-0.03642764
-0.00447579
-0.02686066
-0.00755497
-0.04257499
-0.06832789
0.00355399
-0.12583515
-0.01639663
0.05826493
-0.11850345
0.01067528
0.04835065
-0.00418631
-0.05881477
0.02517776
0.00001661
-0.00752755
-0.04103700
-0.01335257
-0.08245336
-0.00744855
-0.03092411
-0.17579663
-0.00666650
0.00046996
-0.08962661
0.02951486
-0.06897017
-0.01066476
-0.10824074
-0.07897418
0.05592041
-0.12908158
-0.03165467
0.02426747
-0.09442535
-0.00672382
0.01906051
-0.10835955
-0.12165157
-0.03944973
-0.11991346
0.04245525
-0.01534206
-0.06020472
-0.00682300
-0.00499158
-0.05672615
-0.15026471
-0.05104509
-0.04134560
-0.03996279
-0.00470761
-0.01877628
-0.25345472
-0.09384762
-0.02129417
-0.06996365
-0.01595880
0.01683497
-0.00470156
-0.02818149
-0.13232724
-0.01868737
-0.21474142
0.01704231
-0.03125730
-0.01447086
0.00291657
-0.03733580
-0.15746771
-0.01502163
-0.03058353
-0.00380444
0.00269559
-0.04023304
0.02187388
-0.08516148
-0.03864612
0.05465598
-0.17493914
-0.03829457
-0.03466820
0.14508902
0.02054191
-0.02885927
0.06412319
0.02211365
0.04057745
-0.03035599
-0.01521571
0.03991849
-0.06551323
0.03740356
-0.01700717
-0.01458328
0.01326562
-0.03548138
-0.01775334
0.04815747
-0.00672223
0.03177466
0.03389983
0.06633738
-0.03688446
0.00403965
-0.02502754
0.06581582
0.09184832
-0.03952964
0.07108355
0.07914275
0.02438500
0.04236984
0.00760177
0.03799536
-0.01392906
0.07152364
0.02193007
0.08221804
-0.02254347
-0.03958983
0.02915896
0.04546541
0.00670630
-0.08899026
0.09830657
0.00540353
-0.00788717
-0.03819218
-0.04130945
0.15784706
-0.00408877
0.10482237
-0.01978379
0.05526399
0.04107845
0.02934277
-0.03528046
0.04854181
0.00525101
-0.02273356
0.00279106
0.08042075
-0.01780474
-0.00985968
0.08044499
0.10341581
-0.02492855
0.11499404
0.05490867
0.03043932
-0.00884871
-0.02895566
-0.05546202
-0.02223564
0.05654861
-0.07471775
0.11372271
0.01876720
0.06799471
-0.03757555
-0.09071443
0.03070244
0.01121439
-0.03057818
0.10399699
-0.08906237
0.01332362
0.02045541
-0.01109489
-0.05995864
-0.06293799
0.25724107
-0.07799274
-0.02333994
0.10102330
-0.00179359
0.03193949
0.02537297
-0.01712413
0.00343341
0.13686015
0.00860725
-0.05282281
0.11212225
0.06115450
-0.05707259
-0.01570524
0.25438851
-0.07001774
-0.06212869
0.10624502
-0.02238669
0.02574384
0.03277196
-0.06050244
-0.08242777
0.06622812
-0.01394722
-0.03082921
0.00092374
-0.03386159
0.00600502
0.01219456
0.15804052
-0.02334988
-0.04609749
0.07699604
-0.04667363
0.00254843
-0.02386201
0.00871344
-0.04011498
-0.00836838
-0.03323327
-0.03111426
0.03384579
0.03628317
0.00137925
0.00255191
0.16160429
-0.01008685
-0.03209960
0.00197423
-0.01439290
-0.01945614
-0.00364063
-0.07276621
0.02102022
0.00312922
0.01304278
-0.03919290
0.05962186
0.01550265
-0.02292074
-0.02645393
0.21367857
-0.03905007
-0.02302989
0.03254830
-0.06258995
-0.05325130
0.04228568
-0.05877034
-0.07569942
-0.07088462
-0.05160931
0.04114573
-0.06890794
-0.02941168
0.06705018
-0.04264325
-0.09196502
-0.02223930
-0.09790095
-0.11464952
-0.02846880
0.00728482
0.04289366
-0.04797165
-0.03111488
-0.16863157
-0.01058726
-0.05695549
-0.08958913
-0.02311981
0.00263044
0.01778249
-0.05526840
-0.06292102
-0.04421088
-0.20083389
-0.00260142
-0.06209656
0.03301182
0.00629574
0.00732986
-0.20279828
-0.08918434
0.00994855
-0.04965011
-0.05551777
0.02583979
0.00640443
-0.04846722
-0.07289287
-0.01091192
-0.27393138
0.04389102
-0.05000519
-0.01424391
0.03854161
0.04127236
-0.23224865
-0.04185643
0.00048482
-0.07584982
-0.05032912
-0.08114349
0.03887895
-0.07855881
-0.08741550
0.01852179
-0.26187620
-0.03227893
0.04550621
0.03645751
-0.04400499
0.09053912
-0.16315766
0.06314462
-0.02958868
-0.10604148
-0.04940859
-0.04008292
0.07672594
-0.03885407
0.02244786
0.10728584
-0.08969897
-0.04671594
-0.00553963
0.00196176
0.03814194
-0.01104797
-0.00930933
0.00491188
-0.05375586
0.00314756
0.03931012
0.02594078
0.04478581
0.00191523
-0.03420928
-0.00325798
0.05701635
0.01141995
-0.02373051
0.01879111
-0.00861771
-0.01179473
0.03556779
-0.01893794
-0.01652947
0.03115492
0.02410433
-0.04919042
0.00755782
0.03104402
0.01762698
0.02221030
0.09694221
0.01343033
0.03298814
0.00017497
-0.06067468
0.01089316
0.05578692
0.05352228
0.02849891
-0.00879284
0.03041913
-0.01542036
-0.01376879
-0.03166122
0.06595697
0.05906576
0.13021760
0.04127504
-0.00802399
0.00389088
0.00559747
-0.01564025
0.02596385
-0.05030750
0.06703717
-0.02910338
0.04159193
0.04335764
0.03033670
0.04256924
-0.00208515
-0.04860146
-0.04696025
0.03474355
-0.00044738
-0.04759146
0.00798029
-0.03500319
-0.12329485
-0.07150029
-0.05625021
0.01089326
0.03537599
-0.03978889
0.01391693
-0.00523720
-0.08461087
-0.04908489
-0.15245411
0.02751542
-0.05824128
-0.04567720
0.00862676
-0.03114282
0.02308610
0.01839157
0.04577588
0.00645107
-0.02630913
0.00950467
0.02354723
-0.00954421
-0.03740171
-0.04954279
-0.01705572
0.03153488
0.04087486
-0.05201333
0.01904853
-0.00713084
-0.00110361
0.00707870
0.03177275
0.03553501
0.01182586
-0.08247509
0.00623405
-0.01479748
-0.03411470
-0.01869589
-0.03029855
-0.05448027
0.08026121
-0.02758651
-0.01867419
-0.06151623
0.08819281
0.07929926
0.03992635
0.12088010
-0.03992632
0.05137675
-0.05449806
-0.05196272
0.07326904
0.01617103
0.13038281
0.00628139
-0.02408739
0.03923983
0.01444412
-0.07327268
-0.06335831
-0.02898265
0.03895560
-0.05387405
0.05704538
0.09504420
0.01860887
-0.04265631
-0.01521532
-0.05560350
-0.04569590
-0.05525113
-0.00024638
-0.05767634
0.00443922
-0.03698275
-0.13230710
-0.04601718
0.00802764
-0.06444419
-0.01204075
-0.03112875
-0.00475542
-0.04922999
-0.03678046
-0.01313169
-0.13316254
0.02072613
-0.02410318
-0.02227259
0.00006194
-0.00006792
-0.08868282
-0.10481091
0.03173314
-0.07015107
0.04451112
0.01272390
-0.02513662
-0.02982976
-0.08618115
-0.04189227
-0.11021593
0.04480865
-0.00679418
-0.05595038
0.00463467
0.01286284
-0.09827118
-0.07466960
-0.04050666
-0.01774843
0.00422461
0.02919053
0.00190365
0.00384453
-0.06161685
-0.00332802
-0.07112964
-0.04032469
0.07002325
-0.02546381
-0.00535595
-0.04502035
0.12433588
0.06113257
-0.03793476
0.12447441
-0.00767748
-0.02214635
0.01182688
0.04162944
-0.05046918
-0.00981123
0.06607670
0.01562607
-0.01237227
0.08174160
-0.04779739
0.00198957
0.09639643
0.01609790
0.03507770
0.04355964
0.02384392
0.12475238
-0.05678554
-0.04334457
0.04643894
-0.00398380
0.07217145
-0.02816219
0.01323684
-0.01604950
0.01787742
0.05759038
-0.11267100
-0.00155686
-0.04325912
-0.03205464
-0.00058251
0.00107534
-0.01767116
-0.06208975
-0.04594662
0.03275947
-0.06341143
0.01919135
0.00214376
0.00826593
-0.01959335
0.01525945
-0.06433435
-0.06611934
0.02722572
-0.01308597
-0.02429778
-0.00916456
0.00784161
-0.00933127
-0.05565972
-0.07297508
-0.13920543
0.04403181
-0.01310358
-0.06261000
-0.00376999
-0.08195171
-0.15033470
-0.09720840
-0.03340183
-0.07980028
-0.01390341
-0.04854370
-0.03030303
0.01696916
0.00248314
-0.06285434
-0.11964814
0.03544308
0.03155589
-0.05707978
0.00266990
-0.06042514
-0.05698168
-0.03593901
0.00164382
0.05798597
-0.00801324
-0.05517158
-0.04352222
0.06225475
-0.00296522
0.02905947
-0.07130069
0.01021923
-0.00325371
0.05607005
0.01847646
-0.07629825
0.07818348
0.00279443
0.00091618
0.02533212
0.04067762
0.02151432
0.01808263
0.08315007
0.05146761
-0.03794488
0.01610260
-0.03806569
0.03346777
0.03742399
-0.04244946
-0.00763644
0.03815977
0.03662203
0.00892987
0.04238921
0.00795378
-0.03018856
0.00605465
-0.01794009
0.02948678
0.04957659
0.01104842
-0.01834180
-0.01210457
-0.05809931
0.02337430
0.03564288
-0.06804570
-0.00211666
-0.02735655
-0.03773928
-0.04025598
-0.05145174
-0.02821780
-0.03547340
-0.06837787
-0.03765272
-0.04988101
0.02246840
0.00189336
-0.00809899
0.00593425
-0.06762929
-0.11152450
-0.06327093
-0.00948750
-0.02453111
-0.00315087
-0.02218991
-0.03786267
-0.03270841
-0.05769731
-0.01524128
-0.09891172
-0.00572917
-0.04231724
0.01804661
-0.01932663
0.03496001
-0.12534280
-0.02376840
-0.02772039
-0.01808835
0.01609321
-0.00192519
-0.00483770
-0.08741211
-0.07023440
-0.01556823
-0.13441168
-0.00416862
0.03305723
-0.03445253
0.00821196
0.01530765
0.01120783
0.04590219
0.04987549
0.03480603
-0.00874509
-0.01751604
-0.01062187
-0.01451154
0.03764238
-0.02937203
-0.04362453
0.00705219
-0.02707752
-0.02333035
0.03004305
0.02700554
0.00774738
-0.04231545
-0.02814035
-0.00848049
0.01977141
-0.02961210
-0.03428362
0.04774702
0.02740552
0.05413412
-0.00166494
-0.01127241
0.06410033
-0.08128000
0.03416495
-0.03218530
-0.10536172
-0.00953924
-0.00484876
0.01528183
-0.02532490
-0.02740503
0.05152937
-0.06017386
-0.08027346
0.02948525
-0.06093324
-0.02689607
-0.03226010
-0.05195835
0.01169146
-0.04401680
0.03534488
0.03772409
-0.06746379
0.02667124
-0.02803260
-0.00509347
-0.03595385
-0.00246794
0.01248201
-0.02273817
0.10235349
0.01585207
0.00856863
0.01924207
-0.02336605
-0.03178282
0.03709123
-0.02262413
-0.01622472
0.01346299
0.00103419
-0.02733362
-0.03341937
-0.02177759
0.00308302
0.00082493
0.11416298
-0.03761921
-0.03785214
-0.07803347
0.01771366
-0.01565495
-0.08920755
-0.05933069
0.00808670
-0.07735363
0.01522915
-0.01796481
-0.01353146
0.03880662
-0.02349318
-0.10547845
-0.06485611
0.02423656
-0.02536191
-0.04681445
0.00754420
-0.04523314
-0.00936092
-0.08082806
-0.04689097
-0.03575182
0.01778987
-0.04785464
-0.00189664
0.06627209
-0.04067452
-0.03764851
-0.04115858
-0.02909597
0.03211792
0.03214858
-0.05513370
-0.02559459
-0.12156141
0.01974499
-0.00080952
0.02908793
0.00177081
-0.02505977
-0.02020316
-0.00991600
-0.02392813
-0.01093061
-0.11405216
0.01128674
0.02995720
-0.01964111
0.02081286
0.04667607
0.12878902
0.05346824
-0.05653176
0.17495392
-0.00270730
-0.06322457
-0.02553567
0.04357387
-0.02233141
0.09458847
0.03942131
0.01389577
0.06521957
0.11194866
-0.00488996
-0.01757112
0.20478176
0.09853461
0.01019706
0.08509000
0.00253824
0.16804402
0.04003615
-0.15168799
0.11202840
-0.01870501
0.16205418
-0.03629464
-0.04157240
0.02715882
-0.01535942
-0.09912428
-0.12706171
-0.05162001
0.01223889
-0.08733608
0.01264422
0.06072465
-0.08141731
-0.03872163
-0.01246961
-0.11998334
-0.07014615
0.03970912
0.01506414
-0.01369798
-0.00702883
-0.00281807
-0.05321233
-0.06964149
0.00902984
-0.02384787
-0.01041363
-0.00680391
-0.02495348
-0.05885121
-0.05845976
-0.03825239
-0.12756266
-0.04428062
-0.05198754
-0.07352186
0.04845169
-0.05237978
-0.18243763
-0.16649210
0.02905397
-0.07052590
0.01221246
-0.01504542
-0.01302146
0.02849294
-0.12906542
-0.13948515
-0.27156529
-0.00647373
0.12137921
-0.05036606
0.03604453
0.00695985
0.07478139
0.08788330
-0.03838938
0.14500897
0.03033958
-0.09103141
-0.00209048
-0.11482418
-0.06376037
0.24541247
-0.01806184
-0.01343856
-0.01003277
0.02210239
-0.04501152
-0.03180608
0.22795117
0.06682676
0.10598364
0.03900693
0.02262260
0.14575288
-0.05846137
-0.18707377
0.10695836
-0.04502946
0.27806133
0.01316875
-0.04706742
-0.06557645
0.03983663
-0.10070162
-0.13844278
-0.05835705
-0.00451344
-0.09879553
-0.03090158
0.05755972
-0.03008640
-0.11212727
-0.11092395
-0.02832391
-0.17195296
0.01075806
0.05756452
0.00446524
0.02080588
-0.02108217
-0.03005246
0.01671543
0.03240773
-0.06284600
0.00125063
-0.04914144
-0.02362101
-0.03318620
-0.02156900
0.03541401
-0.10142914
0.03352460
-0.03379859
-0.02122927
0.02143628
-0.04850890
-0.19126056
-0.04203686
0.01165806
-0.03816128
-0.00995256
-0.00291210
-0.02246075
-0.13236354
-0.05916310
0.01632969
-0.23386572
-0.03489540
0.11882374
-0.07114438
-0.00454118
0.04825591
0.12320836
0.11860927
0.04183216
0.09006488
-0.04247358
-0.03619549
0.04285471
-0.03338859
0.03946508
0.11953060
0.10923641
-0.00597136
-0.02458480
-0.07576113
-0.06083807
-0.04379290
0.13523652
-0.02349239
0.09508118
0.01615242
0.12337554
0.09325182
-0.00461159
0.08872619
0.05052746
-0.10503171
0.12881820
-0.00549695
-0.06752216
-0.09517239
-0.04007939
0.00524724
-0.15816286
-0.08558541
-0.04224192
-0.11533169
0.06186564
-0.00909056
-0.00186112
-0.12861951
-0.12992740
0.04719760
-0.21892916
-0.02597006
-0.01386868
-0.02568636
0.01315417
-0.02083232
-0.09493990
-0.02928102
-0.02941950
0.00931241
-0.00178755
0.01857733
0.04529087
-0.05601249
-0.05059993
0.02699904
-0.06540669
0.01156290
0.05568125
-0.01590732
0.02368087
0.10381225
-0.11421108
0.02432838
0.00547460
-0.05115229
-0.02479262
-0.00804527
-0.01502914
-0.00846805
0.01738538
0.05610809
-0.14633179
-0.04659363
0.08049595
-0.06685575
-0.05495141
0.04178052
0.04224809
-0.03320146
0.04215979
0.01220244
0.02078017
-0.03310053
0.01615971
-0.08323591
-0.01813119
0.04889788
0.06700438
-0.02497138
-0.04216901
-0.08627105
0.03729500
-0.03232851
-0.09794994
-0.06266806
-0.03486998
-0.01460560
0.03364648
-0.07574765
-0.03936590
-0.05368735
-0.03076547
-0.01367501
-0.14343156
-0.04002374
0.01890343
0.03885575
0.01910932
0.04837321
-0.08645087
0.04293547
-0.02637564
-0.02682637
-0.06272575
0.02207015
-0.00177294
-0.19344364
-0.01145750
0.00634740
-0.00454103
-0.03976890
0.02751589
0.08298869
-0.02788325
0.08535673
0.01101889
0.02586649
-0.00171039
0.00955938
-0.02599430
0.02909607
0.02637214
-0.06553459
0.06615927
0.05006724
0.03256349
-0.01129513
0.05366713
0.03278944
-0.05129343
-0.03330013
0.06486040
-0.01946304
0.01192047
0.04622190
-0.03899697
-0.02254070
0.01642059
0.02748841
-0.00964003
-0.01321798
0.01422640
0.00091858
-0.06875850
0.05880662
-0.03541330
-0.00039421
-0.05775161
-0.03105892
0.04480376
-0.03014166
-0.01027913
0.02593501
-0.00377096
0.05215055
-0.03052299
-0.10201799
-0.00628374
0.03948633
-0.01833592
0.01370292
-0.00102978
0.01208052
-0.07965919
0.00731006
-0.03954173
0.05120828
-0.01350253
0.01407645
0.03585932
0.00475520
-0.01544007
0.07506151
-0.01929851
0.00480191
0.05518991
0.00692572
-0.03073021
-0.03597219
0.02833125
0.01724301
0.03587289
-0.04689537
-0.00556022
0.00345549
0.00823685
-0.01045041
0.01149133
0.06489184
0.02552320
0.00873499
-0.03542322
0.04103046
-0.00518057
0.03254487
0.03015865
-0.01207773
0.03489149
-0.00457090
0.04953938
-0.01297498
-0.02445571
0.06373746
0.05751640
0.00698470
0.03497803
-0.03029299
0.01324619
-0.06804658
0.01703058
-0.08663128
-0.10387559
-0.04826082
0.03264274
-0.05938372
-0.05440201
-0.00058594
-0.06644235
0.03432211
-0.05214202
-0.06801405
-0.16065209
-0.00213993
-0.00831652
-0.01773256
0.03310928
-0.06062178
-0.07459735
-0.00646930
0.00275537
-0.02088168
-0.03793793
-0.02695195
-0.00094776
0.05353038
-0.07847460
0.05462240
-0.13431393
0.03715917
0.00823580
-0.01538590
-0.00039608
0.04197821
-0.04215071
0.03663984
-0.04158358
0.00111895
0.04708351
-0.07376276
0.08050875
-0.12091200
0.05758441
0.15703534
0.00370444
0.02239878
0.03079566
0.00617673
-0.02956701
-0.01660810
0.02998271
0.00072466
0.00680183
-0.05120772
0.03949618
-0.00573919
0.01871978
0.04312555
0.04351586
0.07163213
0.04113674
0.02513915
-0.00677720
-0.00053295
0.00446682
-0.02380726
-0.07082698
-0.04248670
-0.02571371
-0.03449432
0.05108050
-0.01046494
0.01807435
-0.01268787
0.00936756
0.00705135
-0.07461321
0.03571260
-0.01559048
-0.01903185
-0.00416351
-0.02211871
-0.19330016
-0.03776588
-0.00757896
-0.07109627
-0.00637243
0.00514879
-0.06433903
-0.03777948
-0.04643382
0.01477601
-0.18623382
-0.02837514
0.05427151
-0.02678750
-0.04291806
0.07028828
-0.03377295
0.05819929
0.01150383
0.00867160
-0.03041682
-0.02945100
0.04886715
-0.03337319
0.01823330
0.14851841
-0.03639618
0.02362140
-0.00021300
-0.00149281
-0.03904837
0.04162160
0.06238386
0.00476512
0.01007200
0.02483539
0.08400180
0.03898791
0.01754482
0.01620195
0.11537775
0.02133793
0.05781069
-0.05506578
0.03019123
0.05332876
-0.05805550
-0.00200773
-0.05956882
-0.03802403
-0.02187055
0.04413519
-0.02444934
0.03861581
-0.03287968
0.06700507
0.01106396
-0.05824815
-0.09257162
-0.06115967
0.01611706
0.01359316
-0.01333514
0.02749138
-0.04742416
-0.01329363
-0.01202661
0.02825232
-0.02833186
0.00637362
0.01483748
0.00948036
0.02870015
-0.04155093
-0.12330854
0.02796343
0.03983100
0.02299934
-0.02092036
0.04762450
-0.03735099
0.04960097
-0.00065139
-0.01826723
0.03004402
-0.02855417
0.00912489
-0.05065174
-0.00565922
0.00894793
-0.06100284
0.03125061
0.00878043
0.00496869
-0.03274594
0.01439048
0.02983037
0.07229985
-0.02083072
0.00859290
0.05221868
0.04349906
0.04580026
0.07291636
0.03012498
0.06341570
0.09056296
0.02280392
0.03066419
0.03277919
0.03113783
0.02529534
-0.01818724
-0.02331636
0.00818065
0.02665640
-0.02934890
0.06214863
-0.05085316
0.11873865
-0.00039832
-0.06222778
0.04620645
-0.04699587
0.01170474
0.03271876
0.02733405
-0.01393587
-0.00707822
-0.02960782
0.00687330
0.00175143
-0.01557496
-0.03666680
0.03360993
0.01659170
-0.01273899
-0.00673325
-0.06056558
-0.00967875
-0.04820338
-0.02429407
-0.01226704
-0.02731931
-0.01227822
-0.07671570
-0.01212726
-0.02447255
-0.03164618
-0.06887142
0.04109061
0.09187189
0.03023398
-0.09913299
-0.04074842
0.02899393
-0.00669745
0.04878865
-0.02865570
0.01562356
-0.06346603
-0.01047106
0.02606699
-0.05287329
-0.03546841
0.00978708
-0.04582844
0.06153489
0.02791731
0.06280863
-0.01153216
0.02208861
-0.03078441
0.01537806
0.04320383
-0.01877462
-0.07286702
-0.03849486
0.05490530
-0.04826361
-0.00635013
0.01579856
-0.03596510
0.08371911
-0.00749236
-0.00158603
-0.12490827
-0.04065290
-0.01318424
-0.02000280
-0.00408235
-0.04164478
-0.18113525
-0.05603540
-0.02772907
-0.00775346
-0.01186185
-0.07627124
-0.05535357
0.11179130
-0.05693487
-0.08657753
-0.17260012
0.03928747
0.01439054
-0.07295692
-0.00214242
-0.06759240
-0.09071327
-0.11344961
0.03004976
-0.02052135
-0.05640103
-0.08945359
-0.00763385
0.03462326
-0.12467510
-0.08577708
-0.14673345
-0.02436508
0.01008256
-0.09457643
-0.01020044
-0.02442741
-0.18783259
-0.08742614
0.02193230
-0.07541522
-0.00410002
-0.03301444
-0.04010042
-0.04363995
-0.02024013
-0.13775341
-0.19058985
0.01130900
-0.00013235
0.01920614
0.03683984
0.03479158
-0.01781755
-0.05449596
-0.00624148
-0.05140691
0.00836306
-0.01039105
0.03858329
-0.03878933
-0.04490138
0.01102535
-0.02978147
-0.00545001
-0.03085195
0.07309896
0.02726253
0.05668280
-0.04123602
0.04291210
0.02348332
-0.04398463
-0.02851883
0.01523194
0.05679448
-0.09254790
0.08417025
0.07451391
-0.00431327
-0.00150730
0.00053743
-0.02099128
-0.04380078
-0.03654786
-0.01663753
-0.05353079
0.01733994
-0.02582845
0.03953476
-0.01017540
0.01083475
-0.07778081
0.06772016
0.01573680
-0.02690470
0.02014569
-0.03382002
-0.03791308
-0.06274418
-0.04934311
-0.07706144
-0.09309219
-0.00876370
-0.01685919
-0.00619950
-0.01570232
-0.03614686
0.03160278
0.01239756
-0.09782176
-0.15455317
0.01385386
-0.01502282
-0.03911415
-0.06185145
0.04387270
-0.06795632
-0.03279847
0.02725805
-0.04439683
0.06138908
-0.03872827
0.04195649
0.03805870
-0.05785542
0.02147819
-0.09344377
0.00902015
0.00208005
-0.05253370
-0.03919581
0.01115489
-0.04467580
-0.01134302
0.00421820
0.01697329
0.02832831
-0.01376886
0.02557569
0.10510863
-0.03989803
0.01810229
-0.02994020
0.01413489
-0.00781958
-0.08418140
-0.05670483
-0.00240906
0.14177486
0.03483560
-0.02722840
0.16030788
-0.04249840
0.00136679
-0.01723716
-0.00246237
-0.06408998
0.02101175
0.12575652
-0.02988149
0.00463272
0.11440625
-0.03359453
-0.03699740
0.15489976
-0.00029847
0.00821072
0.01527673
-0.08677017
0.09005071
-0.01751008
-0.07066778
0.00461138
-0.03190255
0.11925459
-0.02125153
-0.10128404
0.19403689
-0.07374137
0.06933409
0.01266718
0.11067980
-0.01156776
0.01675726
-0.09357257
0.05141938
0.05090423
-0.01823092
0.04404739
-0.06489049
0.07052721
-0.04360250
0.00533215
0.09559204
-0.03674628
0.09198108
-0.01281340
0.02005658
-0.04611769
-0.03133106
-0.02196887
0.06906927
0.04487495
0.03925104
0.06876849
0.02503047
0.03847207
0.00564750
0.02315754
-0.06080240
0.03939138
-0.10378842
-0.21071307
-0.12168634
-0.05955337
-0.07927986
-0.04629081
-0.02937398
-0.04423387
0.00248524
-0.11298372
-0.02301686
-0.29345942
-0.00980483
-0.02275071
-0.10008375
-0.01207479
-0.09332474
-0.11688586
-0.09841374
-0.02052188
0.03910795
-0.04936909
-0.03340978
-0.03467161
0.05825237
-0.10318204
-0.10696276
-0.14276458
-0.03318033
-0.00214449
0.00749419
-0.00692681
-0.07395283
0.10631442
-0.04212156
-0.03366741
0.09080607
-0.09165072
-0.04600096
-0.07737689
0.19892511
-0.05136484
-0.03335966
0.03486099
-0.05187520
0.00531572
0.02580412
-0.00750478
-0.02658675
0.03924944
0.05090651
-0.02254106
0.09944779
-0.08544357
-0.06402221
-0.06414503
0.22193792
0.03724158
-0.11191916
0.01519969
-0.03592403
-0.01333275
-0.00360686
-0.04212453
-0.10401999
0.09068155
-0.02667912
0.00744138
0.02726915
-0.08839981
-0.07237670
-0.02524715
0.12518792
0.06293432
-0.05251316
0.09482919
-0.01427120
-0.00121672
0.01746893
0.00647877
-0.01816303
-0.22092560
-0.02484207
0.00984212
-0.05811508
-0.01697582
-0.01182668
-0.02677031
-0.13012619
-0.04146074
0.04221957
-0.13415051
-0.00651450
-0.02197064
0.07934433
0.03508208
0.01575206
-0.20810734
-0.05267634
-0.05028781
-0.13642859
-0.02157614
0.02860346
-0.04306736
-0.12887813
0.01778488
-0.07456075
-0.21421444
-0.03780017
-0.03419667
0.00967026
0.00688678
-0.03578962
-0.20352380
-0.15488318
-0.02464708
-0.11261019
-0.05108475
-0.00660100
0.02123485
0.03377100
-0.06667925
-0.05444273
-0.24849829
0.00476976
0.00861199
-0.11096936
-0.02642098
-0.00447792
-0.13907880
-0.01048643
-0.03812658
-0.00065999
0.02765286
-0.13228820
0.04173277
0.09198684
-0.17017876
-0.01586514
-0.14178452
0.03091851
0.02339077
-0.15066592
-0.01343799
-0.00226567
0.00672835
-0.01001116
-0.02648345
-0.04318909
-0.02796632
-0.03755612
-0.01033054
-0.00579791
-0.05414501
0.01837204
0.02071555
0.00923567
0.04698721
-0.05468783
-0.00534540
-0.02049247
-0.07191151
-0.03057198
-0.00074848
-0.00155748
-0.05283360
-0.03732698
-0.05214312
0.03756883
0.00028867
-0.05087714
-0.03606400
0.00942055
-0.00767967
-0.00190346
-0.05358329
0.01250265
0.05027529
-0.01011257
-0.03615016
-0.00417860
0.00419353
0.06229570
-0.02263835
-0.01568572
0.03566357
-0.00280400
0.00798911
-0.00351665
-0.05409727
0.14982060
-0.04128788
0.06497201
0.00683073
0.05708180
-0.02672728
-0.03170287
-0.04819847
0.02181298
0.02561858
-0.05763468
0.00699021
0.11167433
-0.00350506
0.04867968
-0.02209220
0.10160714
0.00013461
0.11697364
0.01874637
0.04846397
0.01135295
-0.06375121
-0.05917734
0.05089663
0.00057986
-0.10235057
0.09287575
0.02470011
0.03296777
-0.04825886
0.03186418
0.02875371
-0.03429697
0.02597327
-0.02847596
0.07809623
-0.02577501
-0.04518975
0.03999964
0.02720253
0.03505323
-0.03269185
0.04067673
0.06010174
0.02054425
-0.00058082
0.05014290
-0.05114254
-0.04976981
-0.00872880
0.10283147
0.02878106
-0.02687194
0.08651190
-0.05439360
-0.02350305
-0.02328521
-0.02842976
0.04916649
0.00400289
0.00804618
-0.04951433
-0.06629656
0.09015437
-0.01399872
-0.05734142
-0.12063583
-0.06198698
-0.01955601
-0.02893511
0.02540833
0.17005657
-0.06937469
-0.09639154
0.04799166
-0.05372591
-0.10312220
-0.04205347
0.01072868
-0.12626047
-0.06253320
-0.07594922
-0.22602198
-0.11746185
-0.04918592
0.00567584
-0.08400538
-0.14035539
0.03283117
0.24959016
-0.07575370
-0.09132097
-0.27374208
0.01305167
-0.02324540
-0.10563142
-0.04894790
-0.05757597
-0.03234104
-0.03806860
-0.01402635
0.13768741
0.01883659
-0.09274419
0.02950379
0.19788729
-0.08998202
-0.02159961
-0.07213183
0.02560311
0.00580746
0.00652013
-0.03217042
-0.03825240
0.06838161
0.03224203
-0.02352735
0.07116138
0.00870146
-0.02817024
-0.00355581
0.03400036
0.04211678
0.08372919
0.13289866
-0.04340666
-0.02084756
-0.13092171
-0.04678300
-0.06920191
-0.01640864
-0.06388902
-0.04276284
0.03182489
-0.03338898
-0.15838693
-0.00269235
0.15055723
-0.06174317
-0.04966696
0.00554611
0.00681788
-0.03262689
0.19779056
-0.06005683
-0.06629454
0.22389561
0.07272029
0.01366578
0.21179646
-0.01625748
0.16593501
-0.02887648
-0.03974625
0.05151257
-0.11036723
0.19713250
-0.05925867
-0.06239497
0.29073289
0.00217422
-0.07242106
-0.05226985
-0.05226646
0.03149168
-0.07794759
-0.02145862
0.19414885
-0.03511649
-0.14176835
0.06756079
-0.16519959
-0.04368779
-0.01502482
-0.02602623
-0.04934988
0.00845749
0.01392415
-0.20773798
-0.02000132
-0.01226585
0.01985502
-0.06337823
-0.03090886
-0.00476048
-0.06395153
-0.01599749
0.01537051
-0.17480253
-0.06027415
-0.01393026
-0.05794723
-0.04420637
-0.02616340
-0.00576014
-0.03209354
-0.04463218
-0.02242197
0.04282727
-0.00004611
0.03074286
0.05362533
0.00018370
0.05848936
-0.05727502
-0.05028124
-0.03749590
0.04581976
-0.07530560
0.02769463
-0.14761017
-0.08680040
0.01984596
-0.08289943
-0.02795243
-0.01755614
0.05251323
-0.06245354
0.01737840
-0.00998027
-0.12030575
-0.02809531
0.05736978
-0.14849845
-0.01397440
-0.04501109
0.16172615
-0.03032125
0.00487188
0.17170192
-0.08303804
-0.09882171
0.02697479
0.03044543
-0.06606942
0.00030290
0.09155545
-0.06471591
0.04194740
0.13957037
-0.04139984
-0.06026230
0.20085301
0.03297833
0.08422938
0.09418910
0.01495872
0.18719070
-0.03444922
-0.14708127
0.03243824
-0.11519284
0.12295625
0.02045355
-0.04805025
0.12093392
-0.06027089
-0.00383746
-0.08413083
-0.01994514
0.03977522
-0.04295466
0.02190036
0.08744159
0.03874039
-0.10307001
-0.02573772
0.02796148
-0.07807805
0.01153897
0.01620279
-0.04478223
0.01009008
-0.04323383
-0.06017537
-0.05084039
-0.02252045
-0.01097263
0.01040333
-0.03247251
0.04045649
0.00474886
0.01602993
-0.00190013
-0.04015498
-0.01108823
0.03183065
0.00029037
-0.04729514
0.08462308
-0.11838196
0.06411748
-0.02422225
-0.10751022
0.04562770
-0.00583810
0.03161386
0.00316417
0.04937607
0.05009208
-0.10703193
-0.03802568
0.00196403
-0.08394026
-0.04064164
0.04627452
-0.03579140
0.00295230
0.01580512
-0.00135941
0.04365559
-0.05481347
0.01218014
-0.05469615
-0.01505773
0.04068737
-0.01210418
-0.02448038
0.07276061
-0.10484011
-0.02689398
0.02422917
0.11668487
0.09722760
0.04532463
0.04188005
0.02051208
-0.01024656
-0.04016706
-0.13213916
0.07764073
0.02531521
0.16575851
0.02875333
0.02305162
-0.00601985
-0.02400019
-0.06148705
-0.05201648
-0.01085845
0.04340209
-0.06532561
-0.00511888
0.03825787
-0.01144969
-0.11957268
-0.00538353
-0.06004990
0.03341341
0.00916754
-0.00459852
-0.02902897
-0.00423589
-0.05226514
-0.05967853
0.00938111
0.03726643
-0.01754552
-0.03545524
-0.01484470
-0.01175369
-0.04026826
-0.02462616
-0.01795824
-0.04946764
-0.00525517
0.03817285
-0.04653477
-0.06608716
0.05662224
0.01746021
0.03621956
0.03281536
0.00122134
-0.01898848
-0.06238548
0.07836310
0.13300025
-0.01094128
0.02459146
-0.00818438
0.02373213
-0.05511043
-0.07573239
-0.01381561
0.03402679
-0.06173068
-0.01451694
-0.01460187
-0.06046847
0.04197322
-0.11092885
0.05961136
0.07556926
-0.03055424
-0.02059488
-0.07964935
0.00207053
0.01032202
-0.14012413
-0.07173135
-0.05294613
-0.00569458
0.00791956
-0.00969805
0.04929342
0.03616773
-0.07699408
-0.02260346
-0.10366935
-0.03372359
0.02102580
0.07715907
-0.01961997
-0.01014164
-0.06735005
-0.04422328
-0.10294785
-0.04137789
-0.02876209
-0.02648914
-0.04516996
0.00226407
0.03893534
-0.08580454
-0.13357086
-0.04109985
-0.06434612
-0.06054256
-0.02310745
0.01156405
-0.03188791
-0.00988638
-0.01053661
0.05533100
-0.01772230
-0.02045586
-0.03385802
-0.00749414
-0.00188284
0.01581781
-0.13912566
0.02050727
0.07406561
0.00067431
0.00044869
0.01506442
0.03057025
-0.02424676
-0.00148833
-0.09378311
-0.07207629
-0.04666887
-0.02631034
-0.04505156
0.01204784
0.02779950
-0.08843276
-0.00477435
-0.01812570
-0.14143375
-0.00190816
-0.03264025
-0.00492407
-0.03327338
0.04273051
-0.06932723
-0.04809087
0.01782148
0.01015997
-0.05430630
-0.00886049
0.04529672
-0.10418928
-0.01767015
0.01211859
-0.03168335
0.01894809
0.04043866
0.09097563
0.00313505
-0.00014044
0.02893746
0.02896796
-0.02313198
-0.02826903
-0.02417687
0.04582661
0.00705739
-0.14185318
-0.04363682
-0.02951452
-0.04932613
-0.02269814
-0.00668839
0.01325074
0.00181722
-0.00990487
0.08807702
0.02461252
0.05367008
-0.02126293
-0.00098657
0.00345747
0.03870090
-0.19041115
0.05202530
0.04479212
0.08819949
-0.03335131
-0.03888207
-0.09883717
-0.04545386
-0.09027852
0.06408591
-0.06646708
0.02511307
-0.04509750
0.06833167
0.01217125
0.01599051
0.05939279
-0.00661892
-0.10720165
0.11574619
0.00023066
-0.05163589
-0.01688131
-0.02934522
-0.02484299
-0.08035814
-0.03719033
-0.01130635
-0.03594757
-0.03524317
-0.04361692
-0.05258476
-0.04555006
-0.00814533
0.06122769
-0.13207988
0.04374377
0.00840362
-0.03976266
0.00080691
0.02498713
0.06543525
0.10303521
-0.07858405
-0.03009214
-0.00965534
-0.10043012
0.01822428
-0.15910365
0.02734395
0.01014152
0.16096218
-0.05064985
0.00362457
-0.07966170
-0.06819511
0.02154715
0.11771727
0.10724588
-0.01546348
0.04217705
0.01153473
-0.11924889
0.02188279
-0.04192301
0.05847120
-0.07421403
0.18132189
-0.06409377
-0.03422376
-0.11061619
0.01248799
-0.13622525
0.15661246
0.00515646
-0.02102751
-0.03386871
0.07712928
-0.09938160
-0.09153278
0.10986283
0.05554510
-0.08268593
0.14292873
-0.02849806
0.03586448
-0.17624494
-0.02683222
-0.05362326
-0.04922540
-0.07245363
0.04257676
-0.03346389
0.08193784
-0.04557669
-0.04544055
-0.02877146
-0.06526177
-0.04167275
-0.15852909
-0.02611023
0.01555330
0.02363520
0.01502325
0.04829681
0.03222113
0.08010606
-0.00312535
-0.01379024
0.02243837
-0.04798964
0.05094447
-0.04593197
-0.02230900
-0.02061925
0.02352933
-0.03008793
0.00088033
-0.02338616
-0.03881418
0.02149721
0.11949892
-0.00773022
-0.00770643
0.05722375
0.04462806
-0.06281874
0.03409396
-0.03186143
0.01265117
-0.03078161
0.16961749
0.01715220
-0.03580699
-0.10600977
-0.01415777
-0.03600815
0.08075034
-0.03800607
0.03496391
0.05957889
0.05303930
-0.07130238
-0.07433444
0.15761597
0.00186390
-0.09770638
0.10532901
0.04001394
-0.02694146
-0.06935990
0.03281511
0.04602924
-0.07648169
-0.04893833
0.01316977
0.01086063
0.09052568
-0.03682277
0.04134106
0.01487738
-0.07328660
0.03196556
-0.10805064
0.02936821
0.02827731
-0.11471546
0.03071035
0.04030386
-0.20224744
-0.07131911
0.00823511
-0.13848302
0.00676455
-0.04774006
-0.00942923
-0.16262367
-0.07369601
-0.00975458
-0.23524480
0.03201191
0.00248551
-0.00278764
-0.06792956
-0.06081587
-0.02801649
-0.04153648
-0.04051844
-0.03975730
-0.01521335
-0.06723154
-0.02733722
0.15495266
-0.00290596
-0.09743919
-0.06036530
0.03436431
-0.04454746
0.01075843
-0.05119875
-0.06424952
-0.07783472
-0.07244682
0.02566008
-0.00563485
0.04395716
0.00772739
-0.06699044
0.12106589
-0.06949332
-0.05586211
-0.13800077
0.02378055
0.01841703
0.03129042
-0.05822534
-0.01012070
-0.22362344
-0.12313434
-0.06415565
-0.00619370
-0.08271948
0.01834444
-0.05368386
0.01479395
-0.06415230
0.01084530
-0.13616715
-0.04538842
-0.01533907
0.02584506
-0.03934229
0.03923288
-0.15564778
-0.10063130
-0.00861635
-0.09220231
0.01260186
-0.05359893
-0.04467696
-0.01068222
-0.05674519
-0.03099149
-0.16719759
0.03903024
-0.02446724
-0.03322893
-0.01097098
-0.04358717
-0.07543461
-0.02222956
0.02143376
-0.05051424
-0.01811148
-0.01181333
-0.03946299
0.01638786
-0.02857010
-0.03308495
-0.03532283
0.01910533
-0.05436676
0.00949009
0.03221617
0.01959463
-0.15445891
-0.02557475
-0.02781785
-0.13360640
0.00069191
0.03749385
-0.02268498
-0.07627395
0.03040320
0.02716071
-0.08849280
-0.04111573
-0.02052694
0.05739824
-0.04765841
0.01033068
0.01748791
0.03794330
-0.03548608
-0.07568007
-0.06368298
0.04602014
0.05717072
-0.10696300
0.05540577
0.02265363
0.03583972
-0.02696158
0.00142536
0.02190790
-0.04082872
0.07123398
0.00034070
0.07083534
0.03203151
-0.03424875
0.02631292
0.05687869
-0.00370208
-0.06500908
0.03876564
0.04589790
-0.00343288
0.01465253
-0.02884910
0.03745809
-0.03316182
0.05086622
0.01145850
0.02823631
-0.03874970
-0.07255995
-0.02846719
0.04202512
0.01714127
0.03779096
0.13348874
0.05221184
0.04540762
-0.03809523
0.00063043
0.06350188
0.01811844
-0.00916005
0.04217494
-0.01143356
0.02862284
-0.01026275
0.03774247
0.07893325
-0.02276095
0.01240705
0.03149305
-0.02973449
0.06558684
