shape=[128, 256]
-0.04045271
-0.07817635
0.03863500
0.01447501
-0.07385729
0.09571381
0.03665065
0.09500606
-0.03711541
-0.02514343
-0.09897988
-0.04925519
0.05387717
-0.00059330
0.01235989
-0.03512957
0.08911643
-0.03886713
-0.02623806
-0.02067720
0.07630430
-0.00652256
0.06274612
0.04588853
0.01237196
0.05847066
-0.14105827
-0.00771397
-0.11725689
-0.02107522
0.09235153
0.06710521
-0.00761378
-0.06100438
0.13208660
0.04589742
0.00192492
0.04519079
0.02716672
0.11500911
0.14249556
-0.04270804
-0.05516612
-0.02778066
-0.04198410
-0.03068176
0.02895868
0.00047065
-0.02632671
0.03861389
-0.03922969
-0.05574719
0.01673286
0.03532574
-0.01103226
-0.03216342
0.04622176
0.01581888
0.11814921
0.03798574
0.28633237
-0.06081285
-0.04329033
-0.03899874
-0.01297578
-0.01974645
-0.01523292
-0.02872210
-0.00788476
-0.05989743
0.11357771
-0.01860942
-0.02503862
0.04313666
0.09988689
-0.09026254
0.03551956
0.03622533
0.00960004
0.04210796
-0.05993111
0.01182683
0.04275022
0.01249204
0.02839982
0.04406393
0.00126943
-0.03643005
0.00801913
-0.01673197
0.04097101
-0.01575157
0.04433069
0.15569648
-0.09328067
0.03107793
-0.10567636
-0.04215397
-0.07240145
0.00132566
-0.05828777
-0.00409258
-0.03065295
0.02624797
-0.01916602
0.02645886
0.07907856
-0.08950078
0.13439788
-0.00451954
-0.06483151
-0.00212279
0.00240726
0.12500155
0.02893183
0.03279122
-0.03713555
-0.02635306
-0.10106502
0.04255444
0.00183908
0.10619787
-0.03624691
0.02886281
-0.15059030
-0.01226635
-0.01363737
0.00892441
-0.04932840
-0.02729300
-0.01733272
-0.13781522
0.02236104
0.06598614
-0.04045912
-0.07317705
0.06468236
0.03789839
-0.04315260
-0.15737441
0.00773801
-0.06836022
0.02930593
0.06055427
0.09271265
0.11423129
-0.02099199
0.02422210
0.06250743
-0.11461577
0.03748669
-0.00268218
-0.03335270
-0.01547071
-0.01249873
-0.01908066
0.01223326
-0.07037289
-0.15122420
0.04750703
0.01873357
-0.02195134
0.07573079
0.01049263
-0.10527387
0.02845164
-0.00235081
-0.01285220
-0.02414954
0.01133778
-0.06545027
0.01183129
-0.02459314
-0.06467955
-0.02589744
-0.08398009
0.08062463
0.03829899
-0.03898605
-0.02194375
0.06613324
0.03631186
0.06037039
-0.00426382
-0.08792222
-0.01897760
-0.00273357
0.06920883
0.04516851
-0.05523460
-0.01768322
0.03195574
-0.10994384
-0.05148255
-0.05030373
0.01121593
-0.03568505
0.05371664
-0.00067541
0.08114096
0.21731535
0.01782598
0.03596933
0.03067437
0.03949624
-0.02984091
-0.07753727
-0.03768686
-0.18661423
0.04362182
-0.08555232
0.00933741
0.04251469
-0.04734013
-0.03673618
-0.02583448
0.04578815
-0.18232988
0.03669724
-0.04586449
-0.07656108
0.01072120
0.02228940
-0.01106588
-0.04070236
-0.03255229
0.03378425
-0.03436628
0.07668417
-0.08885388
0.00935245
-0.03700835
-0.05482545
-0.01842995
-0.05163873
-0.01005214
-0.07052005
-0.06064882
0.08429513
-0.11876255
-0.04967516
0.17180260
0.03200287
0.05031985
-0.12433023
0.04853324
-0.06786991
-0.06128405
-0.02091203
-0.01473908
-0.01209985
0.09573818
-0.06581135
0.00335825
-0.18098232
0.05111935
-0.04989327
0.03750562
-0.02234729
0.01031351
0.01506447
-0.04056915
-0.03791994
-0.01404428
-0.01800609
0.04746107
-0.05728492
0.00343805
0.00115187
0.02248310
-0.04207435
0.03474252
0.04284204
0.07341169
0.00400163
0.02910392
0.00025692
0.04973919
-0.02781517
0.03339578
-0.04935954
-0.01807580
0.09377835
-0.02494948
-0.00866617
-0.03499268
-0.02427263
-0.00417324
-0.00165426
-0.02710870
0.00142417
-0.02289723
-0.03266686
0.01990245
0.05191985
-0.00929424
-0.06088045
-0.03089593
-0.03247845
0.02136807
0.00403719
-0.00078073
-0.07318699
-0.03765931
-0.01788679
-0.01959928
0.03617896
0.03299855
0.00647763
0.00298033
-0.03201329
-0.01426187
0.01043093
0.04520137
-0.05785230
-0.02110140
-0.05744651
0.07335639
0.04167195
-0.00918488
-0.00776775
0.04174073
0.01605345
-0.00153438
-0.02875099
-0.03978806
0.05233629
-0.03079949
0.01153542
0.03058203
0.08112033
0.00132353
-0.04702644
-0.00079145
-0.04372235
-0.03279281
-0.04085367
0.04802890
-0.00919111
-0.04240052
-0.02509526
0.00875283
0.03322875
-0.03665189
-0.01417921
-0.02698652
0.01460773
0.05019477
0.03902152
0.00549499
0.03125860
-0.01208535
-0.02498650
-0.01584532
0.05846811
0.01860395
-0.02069422
0.04490648
-0.00915103
0.04659894
-0.02738594
0.02023455
-0.02052383
-0.03535260
0.00859223
0.02888416
-0.04276175
-0.03770155
0.01954379
-0.00095139
-0.02717199
0.00115015
-0.02117443
0.01352626
-0.00483047
0.02697200
-0.00946430
-0.05352769
0.00442749
0.05615329
-0.01174330
-0.00424435
-0.01179932
0.00330761
-0.04974300
0.00175037
-0.02117585
-0.02658411
-0.05133957
-0.01409456
0.04694581
0.00296983
0.00308868
-0.04230350
0.00342073
-0.00841653
0.03155237
0.00719744
-0.04464512
0.03921416
0.01038369
-0.03442738
-0.01421688
0.00305033
-0.04051752
0.01528464
0.02974114
-0.03995305
0.01034257
0.00220885
-0.05202718
0.01711556
0.01079428
0.04580580
0.05397699
-0.02564143
-0.02162329
0.01130478
0.02877098
-0.00070681
-0.05115437
-0.04541416
0.01158687
0.00936114
-0.03764503
0.03327279
0.00308518
-0.03493012
-0.03329349
-0.04921579
-0.04131630
0.02688411
0.00603363
-0.02520503
-0.04182194
0.03803336
0.03373220
-0.00450601
-0.03704258
-0.02118682
0.01233261
0.00164118
-0.00459109
-0.03176843
-0.04386564
0.05229091
0.02715628
-0.04107477
0.03300845
0.02093450
0.03983285
0.04449634
0.03472423
0.02863678
-0.02043194
0.04102884
0.04018846
-0.02287703
0.01413839
-0.01004612
-0.04639061
0.03176561
-0.01127127
0.04986110
-0.01084965
-0.04729641
0.00557283
0.05323924
-0.04662928
-0.05386690
0.02839085
0.07251239
0.04950530
0.04615903
0.05066791
0.01508397
-0.02240896
-0.02788844
-0.00277636
0.00436786
-0.02887550
0.04348277
-0.04732569
-0.04572555
-0.04675857
-0.00728273
-0.03909392
0.00357849
0.01154335
-0.04923873
-0.01068149
-0.03046779
0.01972934
0.02828389
0.02040232
0.05021499
0.08214947
-0.04773734
0.02508544
-0.04201661
-0.03737819
-0.01268623
0.02836021
0.02023194
0.06572355
0.03091820
0.04271068
-0.04303007
0.02793243
0.01181947
0.01348080
-0.00529269
0.06762205
0.04558389
-0.03141732
0.02365980
0.04999154
0.00553544
0.04477156
0.02939567
0.01233038
0.04341860
-0.00862692
-0.02150257
0.03794393
0.02319144
-0.04460036
0.01646872
0.08201080
-0.00122357
0.02866107
-0.02946153
0.02265379
0.03743566
-0.04317895
0.05010043
-0.05486867
-0.02868994
0.02561344
0.07629278
0.02396245
-0.03001857
0.00138794
-0.02627080
-0.00033427
0.00162147
-0.05588641
-0.00371596
-0.01601822
-0.03190872
0.04813644
-0.00845029
-0.08269461
0.00046110
0.01383909
0.04008457
-0.03538565
0.01720081
-0.07415499
-0.06658878
-0.01814687
-0.00792857
0.01823284
0.00913773
-0.00336091
-0.02492992
-0.01474979
0.03215628
-0.01650725
-0.03134640
-0.02425728
-0.06805498
-0.06232209
0.03612056
0.01492939
-0.03833356
0.02080905
0.03881339
-0.00510391
0.04181289
0.04555146
0.01517682
0.04082466
0.03455393
-0.03997903
-0.00505093
-0.05155146
0.02905819
0.01562977
0.00141940
0.03550849
-0.04999561
0.03585009
-0.02771890
0.05216359
0.05842746
0.02942491
-0.00781494
0.01557634
0.02235893
0.01624563
0.02763730
0.02157161
-0.09985769
0.01822624
0.01899567
-0.07709666
-0.01495556
0.02309190
0.01061684
0.03826893
0.02148715
-0.03167954
-0.03456284
0.02329269
0.02007842
0.02211249
-0.01000300
-0.04501274
0.04287430
-0.07039341
-0.04166809
-0.03772868
0.00774906
-0.01160095
-0.05637482
0.05015141
-0.04345233
-0.01732959
-0.02958952
-0.03501033
-0.05182715
-0.05254568
-0.01320305
0.09243827
0.01040374
-0.05455690
0.06863658
0.01529362
-0.01454145
0.01644826
-0.01476094
0.01743187
0.01240311
0.00072035
-0.08257832
0.05990914
-0.04848920
0.14334166
-0.02788754
-0.02821358
0.06577593
-0.00857317
0.00178490
0.00375068
-0.03261607
-0.04123382
0.03907713
0.03855026
0.00419960
0.07265513
-0.06206179
0.07500358
-0.02142465
-0.01362349
-0.02386519
0.01292934
0.04965642
-0.01952700
0.02145561
-0.01704164
0.05005543
0.03086762
0.01700980
-0.02170438
-0.02933550
-0.00538245
-0.03744332
0.01526308
0.02270543
0.03216757
-0.00798454
-0.00789631
-0.00307173
-0.01865246
-0.00106947
0.01921936
-0.00538369
-0.02192018
-0.05316803
-0.00694835
0.02410950
0.02761209
0.03287768
0.00209270
-0.00116315
0.11406772
-0.03589563
-0.00211637
-0.08536008
-0.01165740
0.06956906
-0.04004355
-0.01962261
0.09255509
0.00988235
0.04203726
-0.02117527
-0.01272012
0.00467713
0.02666933
0.08434837
-0.00777031
-0.03520818
-0.09276214
-0.10659895
-0.03892625
0.03556528
-0.01595054
0.01708080
-0.01287787
-0.00813806
-0.06856322
0.02274566
-0.01328935
0.05081340
-0.03243380
0.01720095
-0.01111506
0.00683383
-0.08567100
0.09424786
0.08581142
-0.05631432
-0.08499811
0.04898374
-0.00575920
0.03143420
-0.04959304
0.02995234
-0.01884044
-0.01617180
0.00077611
0.00296121
0.05180806
-0.01263539
0.03720372
-0.00559403
0.00695693
0.07195666
-0.01714148
-0.04093216
0.10396784
0.02885472
-0.03282248
-0.06694606
0.05472484
-0.02460015
-0.00799878
0.00772868
-0.00457860
-0.00949842
-0.01848210
-0.02681584
-0.02982190
-0.06480910
0.06865434
0.04192841
-0.01583968
0.00080593
-0.00893552
0.03033028
-0.04152263
-0.02274930
0.02400360
0.01297140
0.03725690
0.04933706
0.02702584
0.03456434
-0.01473490
0.03708880
-0.03353066
-0.04044861
0.01131832
-0.00365182
-0.01785075
-0.04144188
0.04984504
0.01737308
0.03929320
-0.02540336
0.00463978
-0.02021300
0.00679506
-0.02189059
-0.00875714
0.06020785
0.02610946
0.04229471
0.01257934
-0.00489781
0.01082703
-0.03514875
-0.03724055
0.02521152
-0.02630317
0.02591912
-0.00619361
0.03967407
-0.00582146
0.04025427
-0.03420912
-0.03006304
-0.04113752
-0.01385405
-0.03660716
-0.04216082
0.02697433
0.03946188
-0.01367738
-0.00862328
0.02762627
-0.04134698
-0.00430078
0.01879371
0.03433126
0.03938119
-0.02827167
0.03348686
0.01618650
0.00962789
0.04137592
0.00633329
-0.00911377
0.02994943
-0.02279413
0.01146536
0.04472905
0.04026067
-0.01412293
0.00018310
-0.03040197
-0.04295368
-0.00350746
-0.02946590
0.00701672
0.01287748
0.02535228
0.00511764
-0.02378642
-0.00881871
0.04602640
0.04787154
-0.01478592
0.01644750
0.03451481
-0.03134549
-0.03582489
-0.03456220
-0.03718180
-0.01848241
-0.01301251
0.02147128
-0.00414893
0.03511642
-0.04995069
-0.01704278
-0.04851027
0.01588100
-0.04641106
0.01131354
0.03739642
-0.00099004
0.03569279
0.03021975
0.04664400
-0.04803963
0.04350960
-0.03490186
0.01446186
0.01544749
-0.02196641
-0.04074005
0.01315370
0.00905541
-0.05605181
-0.02348516
0.00639732
-0.04610505
0.02981044
0.01753099
-0.01665584
-0.02414467
0.02067391
-0.01014422
0.03211499
-0.03215296
-0.04628865
0.01384968
-0.00161823
0.00289682
0.00970412
-0.02537078
0.04502345
0.02755290
0.03563173
-0.00469052
0.01929564
0.04319391
0.02941972
-0.03792713
-0.05939623
-0.04158355
-0.04022218
0.02974815
0.02428561
-0.01473627
-0.03977504
-0.03117658
-0.00214677
-0.01750396
-0.02153132
-0.02834425
0.00642760
0.01949674
0.05899145
0.01556723
-0.01961646
-0.00947283
-0.02638962
0.05516633
-0.05572345
0.00541738
-0.02182511
0.02871847
0.01430864
0.01318860
-0.01173016
-0.03667573
0.00845996
0.03904747
-0.00758728
0.05033271
-0.01499329
-0.03971886
-0.04600572
-0.03199332
-0.01306584
0.01655779
0.01357028
-0.02184586
-0.01616555
0.03960773
-0.03682570
0.00420493
0.04236959
0.04118109
0.01647241
-0.00174705
-0.01285652
-0.01239157
0.01765246
-0.00800774
0.02422392
0.00419480
0.01127422
-0.01209458
0.01403021
0.01645713
0.01867503
-0.04539023
0.01453295
0.00503785
-0.01611207
0.03640065
-0.03478733
0.02222664
-0.00630055
0.03546864
0.03019527
-0.00150839
-0.00151348
0.04224551
-0.01965615
0.00952094
-0.03166572
-0.02832016
-0.05439177
-0.01396157
-0.03751568
-0.01763801
-0.00973079
0.02509957
0.04517249
0.02830337
-0.03698504
-0.02624851
-0.02730976
0.01690584
-0.01271561
-0.00975726
0.00939068
-0.03059756
0.05987937
-0.02667098
-0.05003137
0.02012168
-0.01283009
0.01906207
0.02162404
-0.04982658
0.05556576
0.02926122
-0.04471133
-0.01861760
-0.01258084
-0.02205975
-0.03226265
-0.00931560
0.03764605
0.04965683
-0.02748910
0.02726835
0.01733507
0.05654471
0.02788930
-0.02220237
-0.01809266
-0.08922367
-0.08132010
-0.04848098
0.07712357
0.02333837
0.06347286
0.12794985
0.04599566
-0.04588665
-0.11144506
0.07779986
0.03450916
0.04478054
-0.04158029
-0.03432695
0.01107002
0.05081942
0.06568556
-0.01633715
-0.04603555
0.07198099
0.03296595
-0.05301576
-0.01583504
0.00398229
-0.00088479
0.00744097
-0.07064053
-0.04967531
-0.03728317
0.03905465
0.03855764
0.02954379
0.05531751
0.02203027
-0.08673773
-0.00416874
-0.05635040
0.00540477
-0.02683131
0.07415947
-0.03530501
0.00456062
0.04965259
0.05142229
-0.00177243
0.00890535
0.04841518
-0.02599747
-0.03811477
-0.01806066
-0.09173705
0.01425708
0.02678235
0.02234047
-0.06804146
0.01210711
-0.04531597
-0.03479969
-0.03416097
0.08450677
-0.04258060
0.06539682
-0.00907121
-0.00675673
0.05412181
-0.01431982
0.00703638
-0.00480769
0.01814369
0.01474573
-0.05157103
0.01764772
-0.02645452
0.09557264
-0.00142573
0.04602538
0.01413770
0.04812022
-0.09789311
-0.03187209
-0.03032990
-0.05874991
-0.02440328
0.03284332
0.04815670
0.00274350
0.01895215
-0.05760245
0.10240561
-0.02285115
0.08597777
-0.04861399
-0.06157515
0.03013251
0.02406916
0.04184656
0.03903874
0.01990046
-0.03079766
0.03540345
-0.03327030
0.02099561
-0.00386235
-0.05632476
-0.07060762
-0.00771601
0.03080333
0.06697630
-0.00430490
-0.02949396
0.11452526
-0.12259877
-0.05592297
0.04403051
0.05650325
-0.07279325
-0.08001775
-0.05645555
0.12598048
-0.03826768
-0.00558242
0.06026716
-0.02897491
0.04793146
-0.05015136
-0.00748305
0.04937881
-0.01481305
0.03115494
0.07267183
-0.05656258
0.02956620
-0.00705587
0.00808221
0.01050781
0.02720210
0.02278448
-0.02359315
-0.05348301
-0.06105404
-0.03800956
-0.04458251
-0.00784542
0.03578518
-0.04335986
0.07266650
-0.12497929
0.02187384
0.02566131
-0.00246541
0.04929295
-0.02103823
0.05143628
-0.05124562
0.02958686
-0.04156920
-0.07265174
0.10646733
0.00543396
0.02158261
0.03782968
-0.06581231
0.03920431
-0.02423489
-0.03071388
0.01306320
0.01858114
-0.05387857
0.02374562
-0.03620371
-0.00482674
-0.03549455
0.02181480
0.02932007
-0.01585037
-0.05704767
-0.07451849
-0.04070687
-0.06226812
0.12257040
0.01014305
0.03410463
0.01238121
0.06222543
-0.02026183
-0.02056633
-0.02425426
0.03241535
-0.01183136
-0.03189567
-0.00836387
-0.07094953
-0.02867914
0.01235289
-0.15789379
0.00720192
0.07901392
0.05442363
-0.04982908
-0.03916353
0.06335790
0.02405859
0.14644738
-0.00017120
0.00841395
-0.05291419
-0.03283899
-0.04943557
-0.00052091
0.02296631
-0.02024744
0.04234128
-0.01515703
-0.07105407
-0.05239839
0.03257444
-0.04252966
0.03749608
-0.03876145
0.05357831
-0.01065246
0.03996363
-0.04814533
0.04412898
-0.03007781
0.04699358
-0.01528397
0.03392630
-0.03421181
0.01071062
-0.03321637
-0.05334303
0.05641171
0.06440049
0.05550322
-0.05781577
0.02130640
0.03631132
0.02083911
-0.00514278
-0.02707921
0.01099796
0.04270054
0.02156833
0.01437162
0.03992153
0.05709224
0.03885535
-0.03834707
0.00790702
0.05676756
-0.06997800
0.03681416
-0.03836783
0.02071675
0.06630425
-0.06362756
0.05923510
0.02707311
-0.03334795
0.04365567
-0.01869774
-0.02169258
0.00773528
0.02425138
-0.04531868
0.01946131
-0.02399800
-0.03461668
-0.04735944
0.03607473
-0.03073440
-0.07095952
-0.03325102
0.04602621
0.00293939
-0.02974379
0.00785673
-0.02147174
0.04649050
0.01060092
-0.05094109
0.02277094
0.03126563
-0.05696607
0.02939397
-0.02786121
0.04293051
-0.00204752
0.03531913
-0.06932519
0.02786226
-0.02328537
0.02025005
0.01265499
0.12779360
-0.02734306
-0.01576802
-0.00174228
0.03200358
-0.00226915
0.00072928
0.01596171
0.05604349
-0.03176793
0.03120907
-0.07888681
0.02197159
0.01571345
0.05440812
-0.06410413
0.00007469
0.00808056
0.02076786
-0.04182943
-0.05452625
0.01308306
-0.02119007
0.04254063
-0.00638069
-0.06078938
-0.07397009
0.02754096
0.03606307
-0.07437583
-0.01971349
0.03253781
0.04778209
-0.02086191
0.05055580
-0.04030362
-0.05561065
-0.03731350
-0.03280083
0.05218255
0.03826159
0.06879651
0.00684062
0.01698908
0.00362642
-0.01060157
0.00893611
0.03420725
-0.03268442
-0.04561326
0.03086461
-0.02913676
-0.01676898
0.00842234
0.02860934
0.06447944
0.01571540
0.01923226
0.03578000
0.00482557
-0.01211006
-0.02894996
0.05024962
-0.03011663
-0.02151358
0.07444807
-0.01934903
0.03015321
-0.02652545
-0.01995399
0.01611295
-0.00860297
-0.04281548
-0.00060829
0.00457530
0.01797961
-0.03696224
-0.02523766
0.04442655
0.04877610
0.02078153
-0.04018553
-0.00514634
0.02028516
0.03552536
-0.00495092
0.02197197
-0.02713282
-0.00815950
0.02402961
-0.02151780
-0.01677147
0.03301784
0.01909322
0.03775615
0.02866934
-0.03423107
-0.01015901
-0.04114877
0.00705288
-0.06143208
-0.01946341
0.02013260
0.00753707
0.03915500
-0.00453237
0.02677672
0.06791338
0.01758202
0.04780915
-0.01692312
0.02852734
0.05257795
0.05800271
-0.02164197
0.02046355
-0.02235291
-0.01241995
0.03716005
0.00315233
-0.04382803
0.05089324
0.01186070
0.01102346
-0.05115008
0.03352325
-0.05631247
0.03372614
0.06511527
-0.02676565
-0.02030568
0.02556716
-0.00775005
0.07678641
0.03169973
-0.00019197
-0.03604405
-0.02674695
0.02468656
-0.04111126
0.00038746
0.00331457
-0.02566044
-0.05027974
-0.04437707
-0.02396121
0.02727627
0.03744776
-0.01525831
-0.10118584
-0.03383846
-0.00242223
0.00029908
0.02260960
0.00160183
-0.03598321
0.00792136
-0.05108614
-0.03237387
-0.03919175
0.01801217
-0.02624586
0.01755171
-0.05075070
0.03086376
0.05901715
-0.05629897
0.04278687
-0.02308398
-0.03196098
-0.01426196
0.01457027
0.03157913
0.01125132
0.02885416
-0.02630574
-0.03786016
0.02654867
-0.03346080
-0.00838361
-0.00578305
0.00168122
0.03690077
-0.04113740
-0.00573013
-0.03544426
0.00506740
0.01110715
0.04188193
0.01812509
-0.02859288
-0.02237748
-0.00404530
0.00291722
-0.04043923
-0.06849103
-0.03356304
0.00046966
-0.01306298
0.00853268
-0.06268337
0.01696477
-0.04952404
0.00619161
0.04454065
0.05464156
-0.05979428
0.01609787
0.02445148
0.03938045
0.00283261
-0.06610566
0.04408345
-0.00787736
-0.00029478
-0.05449412
-0.00951108
0.00045980
-0.01179659
-0.01600081
0.03036974
-0.03681356
0.01810327
-0.00549448
-0.00946803
0.06283235
0.00958377
0.03018015
0.06447793
-0.01833515
-0.00592648
0.03275565
-0.01088600
0.02203556
-0.01455015
0.00653511
-0.03873019
0.05258459
-0.00989100
-0.05315451
-0.07742265
-0.06338586
0.00846057
-0.02661829
0.07710713
-0.00408346
0.02162003
0.00758693
0.01583240
0.04660562
-0.00583031
-0.06010729
0.01243679
0.02945547
0.00011445
-0.04235470
0.02721437
0.02340566
0.04642307
-0.03691867
-0.03436992
0.03739493
-0.02495685
-0.00713392
-0.03554514
-0.04047417
0.03217724
0.04937413
0.00726557
0.04448150
-0.04318056
-0.05044677
0.13233358
0.00922158
-0.01243778
-0.00308922
-0.03427438
-0.00326366
-0.04604574
-0.02086813
-0.01947038
-0.04993475
0.02024859
0.03758105
-0.01113491
0.09527989
-0.00713550
-0.08604493
-0.03930464
0.06258396
-0.03684815
0.05842240
-0.03678182
-0.02636117
0.02264782
-0.08996508
0.01342904
-0.03229188
-0.02712354
0.08457725
-0.06343991
0.05094377
-0.02033243
0.01623607
0.00032191
0.00235566
0.01468304
-0.06162563
0.02218319
0.09714501
0.05964955
-0.02942236
0.04018087
0.00326023
0.03707265
0.00307796
0.01566366
0.01287063
0.02331237
0.04910448
0.04025143
-0.08078114
-0.00523356
0.02055774
-0.00615661
0.03135615
-0.03977053
-0.05564899
0.09900732
0.04877895
0.05478608
0.05436645
-0.00648391
-0.03907710
0.05968593
-0.01759835
0.03086817
-0.02489739
-0.00432999
-0.03385700
-0.04092684
0.00116730
-0.00517674
-0.01652859
-0.02199978
-0.01255948
0.03747771
-0.02443723
-0.00635201
-0.03743247
-0.00885905
0.04624231
-0.00064123
0.00416863
0.00101741
0.02413834
-0.04089026
0.01820049
-0.02533818
-0.02071660
0.03761180
0.04427861
-0.12196653
0.03089835
-0.05257691
0.04737372
0.01398414
-0.12012633
0.00996594
-0.00999424
0.05815494
-0.04825345
0.00847904
0.03710734
-0.00199672
-0.01832305
-0.00632990
0.04369323
0.10078228
-0.01952516
0.09668745
-0.09597667
0.01525369
-0.05405460
-0.02684073
0.08168613
0.11443968
-0.09516004
-0.08247822
-0.02438816
-0.00164242
0.00060174
-0.01375294
0.04395237
-0.02693057
0.05000404
-0.00658383
-0.01783143
-0.03371862
0.00426017
0.05247887
-0.02319311
-0.03575041
0.01738622
0.01718810
0.04637869
0.04038857
0.04287662
0.01987975
0.00425438
-0.00157479
0.02020945
0.00385712
-0.00130349
0.05304874
0.02540012
-0.04312573
-0.05913226
-0.03013882
-0.01444062
0.00372400
-0.04189349
-0.03947970
0.00199570
-0.01692838
-0.00546702
-0.00528086
0.06444725
0.07652900
0.03306903
-0.00082377
-0.05991190
0.01361783
0.08859082
0.02090657
0.03123480
0.08741451
-0.00488545
0.02596495
0.04092989
0.12934779
-0.00841312
-0.01278868
0.04707542
-0.07344196
0.00723965
0.04473281
0.00614832
0.03063416
-0.04199927
0.06313786
-0.00744839
-0.10558328
0.06067880
0.05741235
-0.05375010
-0.03641221
0.07925602
0.03183886
0.21350345
0.11764307
0.02836066
-0.01888192
-0.03932999
-0.04536054
0.00306213
0.03892598
-0.04418230
-0.04625497
0.04150579
0.02797612
0.00172802
-0.00839332
0.03606023
-0.01955960
-0.04308876
-0.00120642
-0.02682954
-0.00013052
-0.02809528
0.03211469
-0.04361401
0.01453997
-0.03689439
0.04708773
0.04212477
-0.02311244
-0.03212275
0.01978305
-0.03701482
-0.05094495
0.00547119
0.04161071
0.00262916
-0.02812391
-0.00666136
-0.01468537
0.02585327
-0.03918682
-0.01521482
-0.03000685
0.03021693
0.03179989
0.02454313
-0.00584268
0.03313969
-0.03916397
-0.03022702
-0.00768056
-0.03189948
-0.01859521
-0.04169897
0.03474048
-0.04325654
-0.04650575
-0.01573473
0.04395258
0.01355310
-0.00531693
0.00677753
0.01515382
0.04434596
-0.02504408
-0.01336599
0.00872571
0.03015895
0.01133338
-0.05180873
-0.02576949
-0.00552569
0.02741931
-0.01239983
-0.04781131
-0.03267708
0.04836442
-0.00288370
-0.05359536
-0.01809033
-0.00696046
0.01893553
0.03956102
0.00153452
-0.03694516
-0.00097372
0.01396406
-0.00915364
0.01664450
0.02299806
-0.00113632
0.01116610
0.01074684
-0.05022005
-0.02094421
0.00344087
-0.00454824
-0.04531974
0.00380576
-0.04525917
-0.05077432
-0.04523717
0.03731148
0.01402654
-0.02554011
0.00000072
-0.04535500
0.03792817
-0.00835431
0.00219159
0.03864576
0.03710282
0.02421677
-0.01546823
0.01734874
-0.04541640
0.03868777
-0.04815226
-0.00497495
0.02058058
-0.03567015
-0.03139268
-0.03252405
0.02195309
0.00045954
0.03306397
-0.01243691
0.01451197
-0.04401324
0.00893128
0.03621132
-0.01306689
-0.03762514
0.02313142
-0.03905848
0.02612519
-0.02546915
-0.00477419
0.02468257
-0.03180968
-0.03567332
0.00382353
0.04232707
0.02765468
-0.04386795
-0.02234756
0.01912797
-0.01742432
0.03161864
-0.04813100
-0.02460153
-0.02260355
-0.02430746
-0.03364713
0.02292201
-0.02479733
0.04310075
-0.00169864
0.00776109
0.01676011
-0.00139204
0.01429310
-0.01616942
-0.04152121
0.02482308
-0.01392701
-0.04092616
0.00785739
0.00110639
0.00242511
0.00681648
-0.01389043
0.03413661
0.04057293
-0.04544709
0.01756230
-0.00744546
-0.02159305
-0.01137991
0.01627151
0.03302666
-0.02695601
0.03933401
-0.04754001
-0.02932189
0.00155197
-0.03097921
-0.04515960
-0.01947827
-0.00660943
-0.03265355
0.00176237
0.00498713
0.03600062
-0.04697084
0.02421597
-0.04440835
-0.02638587
0.02956766
0.03217406
0.04969162
0.01543811
0.03449649
-0.01541219
0.02491390
-0.02270913
0.01047790
-0.03523332
-0.03628821
-0.04267567
0.02558804
-0.02268734
0.05053273
0.01421499
-0.03740185
0.02776005
0.02445803
0.01621458
-0.00404619
-0.00895741
-0.02546982
0.03605591
0.03637560
-0.01131753
-0.01761801
0.01057136
0.01269523
-0.04899872
0.03364379
-0.02903084
-0.04160329
-0.05124567
-0.02560502
0.03822811
0.02968334
-0.04827399
-0.02229994
-0.00403629
-0.03813538
-0.00572319
-0.02235207
-0.01549880
0.02315821
-0.03859385
0.00924117
-0.04553880
-0.04951153
0.04730367
0.04644397
-0.03322867
0.00880408
0.01133915
-0.03738104
0.00166153
0.03368099
0.01837827
0.00399822
-0.03019631
0.03787547
-0.00491111
0.01926229
-0.01408437
0.03396259
-0.05194652
-0.04698731
0.01645600
0.00554337
-0.02450973
-0.03318232
0.00887468
0.10135286
0.08415588
0.07820737
-0.05111637
0.07854111
0.01481105
0.05453241
-0.07496049
-0.04461491
-0.03580381
-0.04819456
-0.04818736
-0.05066765
0.05190791
0.01177820
0.02769553
-0.02664234
-0.12462974
-0.03600580
-0.06549761
0.08328521
-0.09458835
-0.07493781
0.05958294
0.07825577
-0.00456926
0.09336166
0.03126309
0.05298464
-0.03093952
-0.13009201
-0.04001112
-0.00994963
0.05144198
-0.00792871
0.07225344
0.03231922
-0.00029621
0.05062000
-0.05229139
-0.00740871
0.06979956
-0.06475930
-0.04138473
-0.01182423
0.01761269
0.00699971
-0.07345556
0.04465946
0.03639148
-0.01926306
-0.01414906
-0.01232408
0.01770537
0.02896875
0.04756071
-0.03264320
0.05968330
-0.01771531
-0.02463299
-0.03587665
-0.02466182
-0.01517061
0.06060722
-0.00755174
0.00155459
0.08563361
-0.01499710
0.02099576
-0.05597092
-0.02551616
0.05154902
0.09433570
-0.04743881
-0.01326072
-0.02994425
-0.04491262
0.08505855
-0.01731317
0.09088312
-0.00385275
0.01743905
-0.03430498
-0.03114778
-0.01092219
-0.03570034
0.01800520
-0.11112217
0.03527942
-0.03541636
0.00321190
0.03178903
0.01435415
0.06976321
-0.03780123
-0.02783091
-0.00218471
-0.05477634
0.03057849
0.06871063
-0.00730106
-0.06920169
-0.00419509
0.00455211
-0.02245400
0.02358071
0.08875286
-0.00921835
-0.01963869
-0.02182253
-0.07998176
0.04746298
-0.01682964
-0.09665170
-0.04780060
0.03230127
0.00784650
0.00315749
0.02652419
-0.03637558
-0.07977483
-0.00791488
-0.05379480
0.06331182
-0.00685672
-0.01854433
0.04078702
-0.03013711
0.02371978
-0.00776976
-0.04241607
-0.02451756
-0.03426060
-0.00936597
0.00585506
-0.02180583
0.02586234
-0.01022069
-0.06444675
-0.07054131
0.05622278
-0.00313321
0.04368750
0.04919407
-0.03403877
-0.01110922
0.02633887
-0.00301163
-0.01263124
-0.03327969
-0.04594491
0.03462663
-0.03194719
-0.00497463
-0.04397590
-0.03850076
0.00834084
-0.04140317
-0.00438837
-0.08555628
0.04436415
-0.04370190
-0.01402655
-0.02622715
0.01094353
0.05317577
-0.02276294
0.05038014
0.05354993
-0.01101300
-0.03447126
0.07919084
-0.01871663
-0.10473410
0.00070161
0.00068423
-0.03114188
0.02245271
0.05408315
-0.04316001
0.01248406
0.03019635
0.04091427
0.04135924
0.04403874
-0.02362798
0.01668992
0.04763394
0.04170570
0.05041301
-0.01629653
0.04861465
-0.05957870
0.00723107
-0.10016660
0.04696441
-0.04924449
0.04880616
0.01312327
-0.00631722
-0.04568484
0.01706507
-0.04186797
-0.01950891
0.00484352
-0.02393917
0.00448260
0.05085014
-0.03064627
0.00990416
-0.01975061
0.06509807
-0.02033513
-0.00427700
0.05148653
0.01562900
-0.10411880
-0.05316786
0.03200947
0.04338785
0.04222869
0.06281082
-0.02871578
0.03663689
-0.00989165
-0.00846635
0.07295258
-0.01648920
0.08923947
-0.04884592
-0.01377099
0.02834449
0.00838507
-0.05548685
-0.02772302
-0.04492882
0.13695674
0.00575700
0.02567390
0.05762888
0.07636508
-0.01292515
0.06659828
-0.10677780
-0.01156449
-0.05079863
0.02096884
-0.07522055
0.00720334
-0.03338549
-0.06218100
-0.05156110
-0.05419093
-0.04582945
0.00479146
0.03035785
-0.09476750
0.02987720
-0.00429763
-0.04694515
-0.03185027
0.06557108
0.05474951
-0.07910065
-0.01473913
-0.04175464
0.00265998
0.03760494
-0.08084016
0.03772901
0.04400198
0.02312077
0.03072147
-0.01168395
-0.00042838
-0.09929714
-0.05563259
-0.00688910
-0.10704686
0.00615485
-0.01311474
-0.04713364
0.02749033
-0.07292549
-0.00432777
0.05494907
-0.00685658
0.06533292
0.00214921
0.02211536
-0.05153163
0.05445340
0.06041716
-0.00567494
0.03602499
0.02715206
0.03501943
0.01800025
0.05789227
-0.04477490
-0.00239713
-0.05242561
-0.06525984
0.10448570
-0.00925681
-0.02361397
-0.01137483
-0.05446771
0.00167245
-0.02282664
0.01769658
0.03332550
-0.02480786
-0.02582655
0.01274765
-0.01804683
0.04263042
0.00169533
0.04525921
-0.03448797
-0.01801064
0.01296407
-0.01613639
0.05155075
-0.02310860
-0.03172471
-0.03259812
-0.02574752
-0.00575243
0.03493463
0.09254117
-0.03115065
0.05426100
0.00068501
-0.05583469
0.05348817
-0.04664160
0.03790313
-0.06039597
-0.04768935
-0.11499459
0.04003523
-0.08829800
0.02801270
0.05193796
-0.00535420
-0.03919494
0.04349665
0.04963084
-0.09357274
0.01316304
-0.02747307
-0.04684659
-0.03920659
0.00361710
0.00172336
-0.04246181
0.02851975
0.00272819
0.01740100
-0.10476617
0.01560370
-0.02544883
0.01183726
0.16765109
-0.01333700
-0.05238229
0.08075719
-0.01139337
-0.10616251
-0.01376386
-0.02798621
-0.03556745
-0.04060109
-0.00745198
-0.01470375
0.02725103
0.05376412
0.03716449
-0.02402679
0.00941749
-0.01437618
-0.07953165
0.05155387
0.04237012
-0.03843589
0.00834640
-0.08081204
-0.02105869
0.03643912
0.02038162
0.01453577
-0.04915219
0.05252756
-0.01014715
-0.01478987
0.02485100
-0.00682958
0.03750062
-0.01508591
0.01202556
0.05962990
-0.03427841
-0.07729559
-0.01966647
0.01080778
-0.00515684
-0.03257990
-0.05982240
0.05418355
-0.07218196
-0.05069048
0.06257163
0.03535007
0.06046047
-0.00712771
-0.00107671
-0.00799220
-0.07563972
0.03999229
-0.00139492
-0.06033446
-0.00012373
-0.00366726
-0.01501505
0.07367601
-0.00061746
-0.02516119
0.02287254
0.00155770
0.02146864
0.00901855
0.01907970
0.02553369
-0.03247301
-0.08930300
0.02140320
-0.00502095
0.03282240
-0.03488345
-0.03936027
-0.05448919
0.00366362
-0.05288363
-0.07275577
0.00890595
0.03696340
-0.01783527
0.00447093
0.01411329
-0.01638576
0.00736354
-0.04156769
0.08188171
-0.00923101
-0.04146544
-0.07456078
-0.10467976
-0.03464837
0.09202177
-0.03326902
-0.04625667
-0.02898856
0.04735786
-0.04836944
-0.00365528
-0.04644063
-0.00330580
0.02559558
0.06365219
0.05063066
-0.07194853
0.04642475
-0.01181366
-0.01933081
-0.04331919
0.05513983
0.01474979
-0.02831138
-0.02268596
-0.06442747
0.03202329
0.04142934
0.01377193
-0.05524877
0.07490577
0.02788949
0.02399354
-0.04788660
0.02885318
-0.03710330
-0.04022789
-0.03574679
0.06815729
-0.02284356
0.01199506
-0.00297516
0.05255102
0.02907395
-0.01232059
0.01489724
-0.04268690
0.04554482
0.00345864
-0.06258474
-0.01627089
-0.02010738
0.05271398
0.06015291
-0.01365457
-0.02096648
0.11437532
-0.01738720
-0.00546827
-0.03890832
-0.04684094
-0.06094293
-0.01405035
0.01831660
-0.10660792
0.01620186
-0.05072389
0.04819923
-0.14941354
0.04697952
-0.04670627
0.00567817
-0.01314971
0.01390123
-0.15958026
-0.00893869
0.06706156
-0.05516871
-0.00356831
-0.00329962
-0.03390725
-0.04737409
0.04554765
-0.06809399
0.01247552
0.06920528
-0.09105384
-0.04787984
0.00269337
0.00510071
-0.02098847
0.00730417
-0.09848076
0.02890321
0.02932336
-0.00444820
-0.02251003
-0.05208890
-0.16065459
-0.00616582
0.01084496
-0.03647101
-0.00043048
0.04446500
-0.00236013
-0.02878002
0.02855257
0.03770014
0.02360398
-0.02570888
-0.07254469
0.03367686
-0.05842854
0.03209310
0.09665224
0.05691903
-0.00875900
0.04654033
-0.00687094
-0.03311958
0.07448226
0.04085664
-0.05499700
0.09468804
-0.01508018
-0.00560900
-0.07466826
0.10723110
0.02536703
0.03379780
0.05178451
0.04935595
-0.00438218
-0.06218784
0.05551523
0.00864999
0.08720973
0.03730384
-0.08878452
0.06539781
-0.03374865
-0.04661068
0.03708205
0.07942073
0.03164841
-0.01802121
0.04536645
-0.00986271
-0.02401848
-0.04701734
-0.00517789
-0.01023465
0.00019887
-0.01894268
0.12407307
-0.02045335
0.06884041
-0.06243543
-0.02542641
0.12575009
-0.11866230
-0.02108629
0.01923202
0.03760185
-0.02561340
-0.08784042
0.01959856
0.06656745
-0.08896856
-0.12018897
0.00136306
0.00982944
-0.00072759
0.07515098
0.04033326
0.01491711
0.04206714
0.05588576
0.00967582
0.05430651
-0.00946837
-0.01127236
-0.01768778
0.06882620
0.00262403
-0.02872774
-0.00857594
0.03246574
0.05591450
-0.01585967
-0.01553203
0.03194662
0.05768025
0.10190684
0.01370637
-0.12033584
-0.05448066
0.01674609
-0.02096818
0.01955969
-0.07251929
0.08900835
-0.08851921
0.02690878
-0.07200962
0.06908596
0.01151108
-0.02448012
0.05628308
0.08557718
0.07038657
-0.10757226
0.02444703
0.00208531
-0.06481412
-0.11008223
0.12495609
0.03886013
-0.01007220
0.03510764
0.02610641
0.01794023
0.07997309
0.02503945
-0.02916109
0.05907049
-0.01320982
-0.02890191
-0.13514261
-0.01326947
-0.03203933
-0.03575279
-0.04994794
-0.04923921
-0.07365983
-0.02956777
-0.00909205
-0.08959658
0.01095711
-0.02623634
-0.00873099
0.06506500
-0.04514412
0.00008399
0.07671572
-0.02255066
0.02771982
0.01023110
-0.05427997
0.07570492
0.03821594
-0.05877098
-0.03400496
0.01295094
-0.06906221
-0.06658275
0.05405735
0.09213786
0.02725222
-0.00665571
-0.01130034
-0.02727966
-0.03221237
0.06092869
-0.04498178
0.00613670
-0.02107948
-0.03307217
-0.04508253
0.08208452
-0.02465438
0.06276307
0.08325330
0.04498311
-0.07830945
0.05862237
-0.01440730
-0.01025323
-0.00010520
-0.04985764
-0.01839175
-0.07342488
-0.04762880
0.01091945
0.00632726
0.03637961
0.04065417
0.00053238
-0.07413399
0.01276941
-0.07463869
0.10582086
0.04362392
0.10881191
-0.00219528
-0.07699697
0.07661507
0.03199003
-0.00970398
0.05450724
-0.06725022
-0.09400597
-0.04221171
-0.05992960
0.13759820
0.01138418
0.15726325
0.01893633
-0.07695536
0.01161260
-0.00862569
-0.03475344
-0.01133278
0.08829164
-0.00003883
0.16440107
-0.08905059
0.02301867
-0.07659546
-0.04243620
-0.06067422
0.05168470
-0.05846664
-0.02014969
-0.01436913
0.00819848
0.03962484
-0.02713611
0.11171941
-0.01834848
-0.02506917
-0.02498307
-0.10243903
-0.07811365
-0.04129322
-0.03197042
0.00857772
0.06709397
-0.05830561
0.06784581
0.00756193
-0.03024528
0.07591987
0.04512500
-0.09272766
0.01255644
0.05842546
-0.03338703
0.14843178
-0.03763931
-0.01389535
-0.05355902
-0.04401248
-0.12133516
0.02218631
-0.02155372
-0.01999526
-0.03149066
-0.05099315
0.03904505
-0.02721601
0.01976831
0.00483273
0.01359260
0.01253069
-0.01400241
0.01872588
0.04029735
0.07127319
-0.02679089
0.09892298
-0.00232481
-0.02513235
0.03909882
-0.04799037
-0.02272403
0.04930208
0.07779805
0.09297162
0.05638488
0.01910852
0.03370002
0.00643687
-0.00588339
-0.05689338
0.06281961
-0.00249325
-0.01394618
0.01795893
0.06725542
0.02474237
0.00006558
0.15073763
-0.02476412
0.09272527
-0.00682468
-0.00178034
-0.00122949
-0.06934565
-0.05154559
0.01121367
0.08517484
-0.04424648
-0.04506218
-0.02716888
0.01564443
-0.02428179
0.05199741
-0.10370655
-0.05883397
0.02273666
-0.03854249
0.00868276
0.05661759
0.03823342
-0.13544378
0.05571137
-0.06799913
0.01556932
0.00323433
0.05691582
0.04907544
0.03081165
0.00835059
0.01556197
-0.00440427
-0.03899484
-0.00574154
-0.04882206
0.09051048
-0.08633626
0.02332667
-0.03429607
0.08360898
0.02243171
-0.07601660
-0.01308237
0.00358053
-0.02792087
0.03162620
-0.02082017
-0.03458967
0.05767367
-0.07269312
-0.01493766
0.01767911
0.04018538
0.04505235
-0.03045898
-0.02185684
0.00308024
-0.02463861
-0.01798712
0.04746312
0.04727310
0.02010532
0.05991036
-0.12421886
0.05861795
-0.09098712
0.02115270
-0.05466126
0.00044143
-0.05263351
0.05340923
-0.05392806
0.01061445
-0.01487501
0.01323077
0.02368456
-0.01813627
0.06955638
-0.12360389
-0.06604394
-0.00050224
0.03492237
0.00161746
0.05616534
0.02407476
0.00490878
0.04950968
-0.05755615
0.06643833
0.02302871
0.05555299
0.02377047
-0.17142344
0.02875317
-0.00823390
0.03364226
0.02162402
0.04713686
-0.06392546
-0.01606064
-0.03319346
-0.05536408
-0.00186520
-0.02615683
-0.01334729
0.03216021
-0.00615200
-0.04748035
-0.08249526
0.01025802
0.02170848
0.03472674
-0.02125255
-0.06321420
-0.02131230
0.01623125
-0.03452048
0.01461797
0.00990250
0.04542107
-0.07613446
-0.01168130
0.00980492
0.00217131
-0.08093765
-0.01401710
-0.01466877
-0.00885796
-0.03058981
-0.04895753
0.10945565
0.05342995
0.03097919
0.03152802
0.06559862
0.06351162
0.00248438
-0.00244118
0.02568583
0.02320273
0.03751782
-0.03865314
-0.00744793
-0.07444150
0.05421057
0.11489166
-0.00575810
-0.02781546
-0.01605654
0.00897381
0.05097513
0.05450920
0.04526776
0.05170497
0.05240564
0.07127964
0.07744950
0.00656065
0.00986252
0.01298966
-0.01153659
-0.03421303
-0.02954712
0.07849319
-0.01139169
0.01257277
-0.00748247
-0.05003156
-0.04023915
-0.01532135
0.03742826
-0.03728098
-0.05064667
0.03553168
-0.03605594
0.02337369
0.02505307
-0.03417678
0.06036484
-0.02759257
0.01995764
-0.00617125
0.09671196
-0.01632434
-0.00205792
0.02225193
-0.00890370
0.01913990
0.00500508
0.03974634
-0.04717687
-0.04644947
-0.02316269
0.02429919
0.09183986
0.05427632
-0.02508083
0.02586620
-0.04026126
0.01941211
0.04382393
-0.06184437
-0.02334498
0.00348257
-0.03596223
-0.01284032
0.04568280
0.02445264
-0.03983138
0.09138766
-0.02591042
-0.04323745
0.03855157
0.04003321
-0.03251928
0.03761072
0.00742060
0.02552203
0.01388080
0.02668502
-0.00912225
-0.01692066
0.04222750
-0.03953681
-0.02744961
0.05060260
-0.03284129
0.01163522
0.09203940
-0.02643414
-0.06794470
-0.00682350
-0.07154043
-0.04490231
-0.00096545
-0.05153424
0.05432246
0.05520136
-0.00630102
-0.09535068
0.01087379
-0.03721384
0.02241213
-0.00129108
0.05527343
0.02865171
-0.03233890
-0.03177152
0.03580583
-0.00600443
0.00030403
0.04228010
-0.01163258
0.05060161
-0.05719294
0.03396846
-0.04530835
-0.06140403
0.02199150
-0.01412772
0.07337980
-0.04162565
-0.05691173
-0.00092148
0.01777942
0.01814100
-0.01778130
-0.00500684
-0.03470863
0.04265594
0.06314449
-0.04038716
0.02241453
0.01942594
0.03251971
-0.00048772
-0.03946052
0.03169464
0.05668757
-0.02097272
-0.00588860
0.03926705
0.03493492
-0.03691557
-0.02153803
0.00864336
-0.03509340
-0.00095569
0.08398003
0.02310666
-0.01148557
-0.02593181
0.02523274
-0.02376530
0.03760750
0.01917377
-0.01682213
-0.00455711
0.01934513
-0.00492736
-0.01299610
-0.03210371
0.00935270
-0.02945239
0.01653691
0.07003156
-0.02568399
0.03651235
-0.03300556
-0.04872086
0.02875102
0.01969652
0.04792901
0.00949674
-0.03347144
-0.04923893
-0.03670651
0.03533041
-0.02246273
0.08518360
-0.05395766
0.02458447
-0.02301609
-0.00065279
0.02026656
0.05653315
-0.00593123
0.00967103
0.00596010
0.06240021
-0.02909710
0.05239171
-0.04453829
0.00153563
0.05663612
-0.00936465
-0.02381662
0.02028276
0.00548678
0.00854868
-0.05397494
-0.04238067
0.00494399
-0.03075274
-0.01125553
0.03141936
0.06223017
0.00589373
0.05983105
0.04783780
-0.00084578
0.03389063
0.00296086
-0.01021518
0.00494528
-0.03878839
-0.00363940
0.02346141
-0.02791719
0.01551657
-0.01218975
-0.04182667
-0.03949502
-0.00815720
0.01153159
0.04342867
0.04622149
0.00517774
0.02211237
0.05346958
-0.00959099
0.04078021
0.00134176
0.02491323
0.02442390
0.00246405
0.03111586
0.03222131
0.03869285
-0.04182136
0.01165098
0.01558483
0.03829401
-0.03623151
0.02523945
0.01158864
0.00123682
0.00672852
-0.03283583
-0.05398513
0.00368954
-0.03371801
-0.03877693
0.03627926
-0.03202994
-0.04033856
-0.00647287
0.01446397
0.02309173
0.04883067
0.03966566
-0.04477125
0.01073407
0.03430608
-0.00603301
0.01002126
0.01584106
0.00127069
0.04932594
-0.01596549
0.03412212
-0.08704049
-0.03925968
0.07332600
-0.03757051
0.01250839
-0.03200972
-0.06238663
-0.02616502
-0.01399311
-0.08263151
-0.02323908
0.03683851
0.04191143
-0.06365015
-0.04999913
0.00126731
-0.02282422
0.02961076
-0.02709852
-0.01267044
-0.04949751
0.01908091
0.01849061
0.01940311
0.04382172
0.01266771
-0.03066688
-0.01922436
0.02536673
0.01110090
0.02662429
0.01789744
-0.03468311
-0.01676534
0.03681939
0.00403758
0.03673316
-0.05410451
-0.04066390
0.03938340
-0.03369284
0.03217095
0.00152178
0.03599432
0.03097945
0.01002661
0.02145973
-0.01095318
-0.00691408
0.02020329
-0.04456534
0.02334209
0.01158343
-0.03712096
-0.00803279
-0.02219089
-0.05342027
-0.04105046
0.01427679
0.00885656
0.00509917
-0.06458116
-0.05836317
0.03797050
-0.02007888
0.03837334
0.03601636
-0.02883182
0.04261217
-0.03366778
0.02573968
0.02127121
-0.04652826
-0.02192244
-0.00281329
0.02572131
-0.01692616
0.00587942
0.01428166
-0.04710450
-0.03250206
-0.03496170
-0.01813510
-0.05760625
-0.02245060
0.01379686
-0.04395517
0.04910519
-0.04893281
0.03501292
0.04684436
-0.01917532
-0.04657312
-0.02112010
-0.03707810
-0.03196169
-0.00889144
0.02894885
0.02866561
0.01815243
-0.02378969
-0.04434998
-0.01442485
-0.00386258
-0.00383839
-0.02716505
0.03660157
0.00748424
-0.04271244
-0.03707484
0.03646458
-0.03559360
0.04666536
0.00780924
-0.01737011
0.04435665
-0.00877597
0.00744512
0.03521493
-0.03332914
-0.02141736
-0.00731822
0.04045631
-0.01692552
0.01068492
0.01083626
-0.04810613
0.02361164
-0.01078093
0.03272335
-0.04857021
-0.04723952
-0.03145769
-0.03775646
-0.03394463
0.00388637
-0.03203642
0.00598938
0.01056204
0.03670224
-0.04133456
0.04464278
-0.00712081
-0.01053659
-0.00208907
0.04478464
0.03001709
0.01071164
-0.03966741
0.01723098
0.00434607
0.04074061
0.03390528
-0.00720117
0.05007081
0.00562850
-0.00861977
0.01552584
-0.02971471
-0.01518820
-0.01344166
-0.01172086
-0.03377681
-0.00159595
-0.00180947
0.03168658
0.02632525
-0.04779685
-0.01741672
0.02457760
0.00899708
0.01258964
-0.01123359
-0.03496066
0.03141594
0.00081783
0.03455278
-0.00521410
0.00161807
0.02519670
0.02916352
-0.00429149
-0.00731508
-0.01865341
-0.00151293
0.01282550
-0.02215123
0.02244369
-0.04904277
-0.05753624
-0.05194596
-0.01273636
-0.03058270
-0.03966073
-0.03356066
-0.01208061
-0.05096989
-0.05350401
0.04567074
-0.00820057
0.00139848
-0.03571534
0.00603796
0.03210077
-0.02626955
0.00957823
0.02189120
-0.01322530
0.04258539
0.03242605
0.03810663
-0.03720591
0.00739910
0.00432958
-0.02964290
0.02443172
-0.04661766
0.02113789
-0.04330236
-0.03023338
-0.00780078
-0.04244975
-0.03978534
-0.02260247
0.01420451
0.01388911
-0.00558494
0.04039853
-0.04262336
0.01820615
-0.01243715
-0.01693951
-0.03459972
-0.03012738
-0.03581578
-0.00294819
-0.00649750
0.00934636
-0.03848044
0.04354753
0.02094611
0.04181594
0.04644772
0.01569616
-0.00513178
0.01923823
0.01280643
0.04123685
-0.03845657
0.00335419
0.02213201
-0.00805760
0.01543442
0.02940803
0.03751484
0.03764830
0.01921336
0.02399226
0.02347009
0.02645988
0.02758292
-0.05426719
-0.00305546
-0.00174120
-0.02992841
0.03959639
0.02181701
-0.03388996
0.04460217
-0.01447741
-0.04273187
-0.03252269
0.06865069
0.01672595
-0.01342875
-0.01765444
0.05520319
-0.02598203
0.01966129
0.03071150
0.04233896
-0.01198023
-0.00575035
-0.03015626
0.00639217
0.05698359
-0.01961838
-0.01572966
-0.03524395
0.04111409
-0.00355956
0.01903075
-0.03619501
-0.03224878
0.03292843
0.00160230
0.03904336
-0.07978339
-0.05712102
-0.03897022
0.01026191
0.04624140
0.01485409
-0.02463472
-0.04583211
0.03535790
-0.06829234
-0.00126292
0.03898714
-0.01606568
-0.00588952
-0.03074398
0.00080538
0.03375399
0.01964279
0.00537639
0.00524984
0.02492917
0.04539395
0.01968858
0.03512574
-0.04348963
-0.04118970
0.02716424
0.02373610
0.03659659
0.02867803
0.04778089
-0.00760410
-0.02632402
-0.00019889
0.01873420
0.01561082
-0.03613998
0.02104381
-0.02466696
0.02332976
0.02362024
0.03330438
0.03947525
-0.00243406
0.01657659
-0.04738107
-0.03912397
0.00388712
0.04565534
-0.02404174
-0.01430826
0.02918601
0.03352669
-0.04743571
-0.04035394
-0.03784603
0.07860459
0.04119212
-0.01723576
-0.04155403
-0.01272526
-0.03331370
-0.02116983
-0.04108189
-0.02657995
0.00643731
-0.04671586
-0.01852222
-0.04575456
0.03306634
0.03390391
-0.01877939
-0.03079748
-0.02325133
-0.03905314
-0.03257750
-0.03713052
-0.03613034
0.02412355
0.05729517
-0.02470750
0.01428723
-0.04612105
0.00017529
0.00612265
0.04058653
0.04585968
0.01115247
0.01905699
0.02217722
-0.04866709
0.01342760
-0.05435221
-0.04381908
-0.01690365
0.00114644
-0.06054975
-0.04706489
0.03198207
-0.00011748
0.00304954
0.04145942
-0.02753157
-0.00917514
0.04308143
-0.04699465
-0.02162962
-0.03956734
-0.03867887
0.00711273
-0.03665302
-0.04554196
0.00601318
0.00309500
-0.04838395
-0.02412598
-0.00382600
-0.02273472
-0.03758325
-0.03125137
-0.03523940
0.04838350
0.02340762
0.01114104
0.00433251
0.04157429
-0.00645895
-0.05050157
-0.04028615
0.02108648
0.02573788
-0.00243934
0.01444155
0.02826311
-0.02522316
0.05085552
0.05374834
-0.06097399
-0.02006579
-0.03228984
0.04454173
-0.00813784
-0.02110823
0.03767372
-0.01948352
0.04889980
-0.02583984
-0.00047794
0.06751512
0.03194141
0.03758933
-0.00938063
-0.02685522
0.05132796
-0.01022651
-0.04995309
0.03045926
-0.00243817
-0.00595094
-0.02648891
0.01274558
-0.03310750
0.03961318
-0.03582684
0.00598229
-0.00981126
-0.02888541
-0.00519596
-0.02778105
-0.04582058
-0.01279130
-0.00985137
0.06495887
-0.03548161
-0.05484752
-0.04447194
0.01717428
-0.04359229
0.04344909
0.01875407
-0.05857588
0.01485863
0.02161837
0.04527081
-0.03993152
-0.00376315
-0.03806031
-0.04492608
-0.02409152
-0.04514373
0.05321209
0.00298601
-0.00643375
0.01976313
0.02600413
-0.00937902
0.07304382
-0.00083192
0.00672951
0.01432054
-0.01793570
0.01310556
-0.00147211
-0.00811698
0.02156016
0.05255890
0.00769162
0.03549347
0.03044254
-0.03409273
0.04762754
-0.03083977
0.02980508
0.02221764
-0.01528196
0.02137898
0.01969836
0.06368248
-0.00075565
0.00048232
0.02131702
-0.01178350
0.10157332
-0.02753130
0.02520336
0.01760343
-0.01567223
-0.03332805
0.02006845
-0.01323890
-0.14636485
0.03843296
0.03482197
-0.03594934
-0.06082004
0.09862528
-0.04726133
0.07711590
-0.02541902
0.00128897
-0.01872963
0.00078283
-0.00757108
-0.02842858
-0.02512179
-0.01038150
0.02796520
-0.01613972
-0.00996453
-0.00159937
0.03793679
-0.02367246
-0.05316066
-0.01272407
-0.02681655
0.00820770
-0.02445702
-0.08937011
0.08097762
0.08821925
0.05015348
0.16964747
-0.00546681
0.03259894
0.05859887
-0.06524897
0.02217462
0.03449463
0.04141652
-0.00128287
-0.08699138
-0.00810802
0.03277754
0.02313954
-0.03577050
-0.01795742
0.01753509
0.03869799
0.00541348
-0.05821985
0.00836108
-0.05797834
0.00029160
-0.02920571
-0.01114300
0.01015754
-0.04340523
0.04122943
0.00053351
-0.00217474
0.05980474
-0.07151368
0.04930731
0.04635078
-0.04282007
0.05817134
0.03483244
0.02057444
-0.00950633
0.00366990
0.04052696
0.01654235
0.02831203
0.00264729
0.07088229
-0.04903406
-0.02763163
0.01435198
0.00937979
-0.03893851
-0.00991132
-0.04418373
0.00453962
0.04210957
0.05752166
0.02935360
0.13806742
-0.03981308
0.04729221
-0.01250396
-0.04971376
0.05282845
0.04676972
0.07584377
-0.01868740
-0.01767158
-0.05669847
0.04289571
-0.02274535
-0.02094657
-0.03477450
-0.05829482
-0.05624240
-0.01024930
-0.02456157
0.06230341
0.00413467
0.00040559
0.02575519
0.01471438
-0.02983864
0.03267612
0.02050185
0.01199682
0.05874879
-0.06140397
-0.05145724
0.05160323
-0.11275021
-0.01439414
-0.02065623
-0.00269663
-0.05056833
0.03175955
-0.02493232
-0.03863053
-0.01661371
-0.09650259
0.02310754
-0.02105902
0.01954455
0.02274882
0.03367147
-0.03701921
-0.02158197
-0.03265208
0.06806681
0.03399899
-0.04963968
-0.00219504
-0.05412600
-0.02929674
0.00694017
0.04141026
-0.03732079
0.02393161
0.04367460
0.02080460
0.02324926
-0.02658809
0.09629107
-0.01244504
0.03631942
-0.07867699
-0.00991599
-0.05803553
-0.07582106
-0.04702231
-0.04059004
-0.04876116
0.03389019
0.03059890
0.09992726
-0.06868480
-0.05615418
0.06189377
0.00962636
0.02038725
-0.00610500
0.05664761
0.01486033
-0.03202810
-0.00102063
-0.04021499
-0.03514970
0.02834495
0.06208384
-0.02936507
-0.00166446
0.02159581
0.05786784
0.04754576
0.09588491
-0.03870018
0.04713840
0.02661254
0.02060726
0.02354416
0.02961177
-0.04558789
-0.05304921
0.00986054
0.03906063
0.00762864
-0.08788156
0.02385228
0.02975338
0.03116009
0.06579546
-0.02623180
0.08366786
-0.00734223
-0.04527841
0.00240970
-0.02214808
-0.05361989
-0.10395572
0.00040306
0.03798816
0.03937994
0.00279297
0.04057755
0.00313299
0.01388190
-0.01966101
-0.04804854
0.06394479
0.03184408
0.05313969
0.02965155
-0.12506737
-0.07023683
0.05761488
-0.02528966
-0.01575334
-0.02640715
-0.00539984
-0.02638796
0.02206207
0.01577041
0.03298855
0.11634511
-0.03140808
-0.02598247
-0.03160254
0.01281607
0.04822295
-0.02394968
0.03984975
0.02530588
-0.10957554
-0.06926931
0.02614710
0.08767932
-0.02661317
-0.04014245
0.07177068
-0.05065261
0.04729643
0.03602939
0.04082101
-0.02436284
-0.00457534
0.00878542
0.01417533
0.01801570
0.01878641
-0.04925573
0.02608282
0.04611529
-0.03752168
0.01868300
-0.06100095
0.00017833
0.02957076
0.03374417
0.04782679
-0.00485011
0.00940322
-0.00317355
-0.03619589
-0.02702965
-0.00956859
0.01185115
0.00509898
-0.01863993
0.00190583
-0.02919163
0.03813162
-0.03320232
-0.03399922
-0.07124154
0.00430549
0.02778981
0.04030161
-0.02020629
0.04845916
-0.05267602
-0.03806643
0.00821307
0.00162478
0.02278323
0.07049463
-0.00972643
0.01868456
0.00280962
0.03843907
0.01538121
0.03747427
0.01272942
0.00593129
0.00021688
-0.02714628
0.01184676
-0.00126676
-0.03575416
-0.05369376
-0.00500729
-0.00728054
0.03954414
0.01123615
-0.04059349
-0.02752488
0.01006806
-0.01267471
0.08894844
-0.04216872
-0.06143210
-0.00461026
-0.03021356
0.01159659
0.02931581
0.00721643
0.05076103
-0.02980052
-0.03951783
-0.02993758
-0.05278033
-0.04486019
-0.02309248
-0.07008014
0.00259600
0.01844192
-0.05986029
0.04151600
0.05958428
-0.05123196
0.00912319
0.03577561
-0.05135539
0.00717537
-0.02331471
-0.01428127
0.01192991
-0.00827811
0.01199692
0.04491939
-0.08534554
0.02433344
0.04380624
-0.01440569
-0.02929025
-0.00352475
-0.04484941
0.02342856
0.03034298
-0.00739442
-0.02618172
0.00028247
0.02630519
0.01075542
-0.02319638
0.01490220
-0.03258629
0.05969005
-0.03894804
-0.01128316
-0.05725714
0.00543775
0.07198999
0.00237809
0.01889948
0.04462206
-0.03937365
-0.05035101
0.00540761
-0.01609012
0.02871172
0.01643577
-0.02465817
0.02823143
-0.01051469
0.03922404
0.02186873
-0.01099384
-0.00210644
-0.02481223
0.03249758
-0.04512403
0.10772476
-0.05979959
0.02028985
-0.03557502
0.00086723
-0.01716298
-0.05497432
0.04662628
0.00098831
0.00037963
-0.02012206
0.04401691
0.03517466
-0.02249503
0.04902389
0.02369044
0.03645022
0.02324272
0.03185166
0.03092360
0.08711503
0.01496167
-0.01405240
0.02589050
-0.04172327
-0.07707480
-0.01477182
0.04143193
0.05012874
-0.00373935
-0.04240890
0.04313442
0.06253397
0.02766233
-0.03682405
0.02341968
-0.02528851
-0.07277022
-0.03400691
0.03133296
-0.05496649
-0.00104275
0.02631080
-0.01704671
-0.02064575
-0.00455334
0.01105647
-0.01634404
0.01369715
0.01331397
-0.00438758
-0.01400350
0.06162278
-0.01144691
-0.04240992
-0.02355359
-0.06755577
-0.00524770
-0.00660878
-0.05736181
0.00908929
0.01521588
-0.03871742
0.00581513
0.03307535
-0.02859191
-0.01807493
-0.05894167
0.02157453
-0.03411471
-0.03225109
0.03924613
-0.02071107
-0.04542164
-0.03882168
-0.03102108
0.04000558
0.04422005
-0.01277376
-0.02243176
-0.00508216
-0.03532929
-0.00097830
0.00114289
-0.01897121
0.03840508
0.05871512
0.01831722
0.05399703
0.00061171
0.03483207
0.03943403
0.01597258
0.07666495
-0.01945521
-0.02871337
0.01245287
-0.03595822
-0.02979140
-0.04225386
0.01930610
0.04201898
0.03848178
-0.04920950
0.02265215
-0.00443868
-0.04731392
-0.02865433
0.01693154
0.05216645
0.00341008
-0.05947557
-0.02561254
0.00554418
-0.01433914
-0.05237227
-0.00402381
0.00498564
0.02654281
-0.00880817
-0.04054720
0.00014911
-0.01145702
-0.01208843
0.06489506
-0.03181404
-0.07177920
-0.00286325
0.02616394
0.06038079
0.07218488
-0.06240616
0.02491443
0.05484941
0.01587622
-0.02798762
0.01600271
0.04734671
-0.00303235
-0.07749353
-0.07078987
-0.01007769
0.02958405
0.06722414
0.04921285
-0.04206762
-0.04418635
-0.05839858
-0.00070764
0.00839789
-0.08286422
0.06998777
0.04836285
0.00693773
0.04674591
0.06329061
0.01837847
0.06443329
-0.03801167
0.05742479
0.01675447
0.01581875
-0.01941690
0.08005311
0.01305295
-0.04441633
-0.02197426
-0.03416333
0.01213914
0.16331744
0.09564868
-0.04703812
-0.05841188
0.00794798
-0.03302072
0.00316567
-0.02999217
0.06113995
0.02926883
0.03293950
-0.01928698
0.03478727
-0.05543835
0.00782502
-0.06023609
0.07539915
0.02007354
0.00634907
0.00964384
0.01762872
0.03383732
-0.02227660
-0.03061964
0.08990303
0.01065064
0.03497653
-0.03162984
0.02785285
-0.02296575
0.01008070
0.05899855
0.00738862
0.07276570
-0.01461367
0.03527586
0.08222423
-0.02501776
0.06595453
-0.04194593
0.01824880
-0.07103159
0.00962459
-0.06535591
-0.04643975
-0.04360628
-0.00770534
0.00352599
-0.00222891
0.02642214
0.05060620
0.05538329
-0.05587541
0.02083872
-0.12426471
0.01774278
-0.02624731
0.02483982
-0.02477601
0.07361025
-0.04286899
-0.00172416
0.08334465
-0.00758969
0.01820348
0.03792572
0.04100139
0.09804792
-0.01555997
-0.06446234
0.01869584
0.01018009
-0.12465070
-0.00752159
-0.03328080
0.02896330
-0.11044504
-0.03939606
-0.03989234
-0.01876268
0.01863131
-0.01363474
0.08429045
0.00150710
-0.03456146
-0.02228713
0.06738479
-0.05139072
-0.06337810
-0.02340982
-0.08201460
-0.03483252
0.00165949
0.00835261
-0.05245715
0.02853992
0.05940494
0.05761115
-0.00376796
0.04716982
-0.02887055
-0.04005946
-0.08522854
-0.05671105
0.06269807
0.06936058
-0.05398626
-0.03233568
0.01978708
-0.09087545
-0.09440017
-0.03982061
-0.02145053
-0.06864766
-0.00147987
-0.03365833
0.02144681
0.06765981
-0.05423059
-0.03813290
0.00071762
-0.03290359
0.02610498
-0.00162187
0.05028787
0.04914528
0.06006990
-0.00569511
0.16739093
0.03993138
0.04727576
-0.05461165
-0.04031039
0.02551682
0.06839079
0.00338932
0.01053626
-0.04397391
-0.06762834
0.09233648
-0.02352898
0.06443640
0.01934104
0.00494638
0.03241090
0.02140737
-0.06055307
-0.06191271
0.04375143
-0.02574345
-0.00312782
-0.01781077
0.03863231
-0.05693449
-0.06163795
-0.01862455
0.06753801
0.11484473
0.02528219
-0.06489776
-0.10867477
0.02667870
0.00095517
0.02101450
-0.02547073
-0.02152671
0.05585774
-0.04465916
-0.04015992
-0.06626367
0.08320827
-0.06509025
0.05317289
0.00232869
-0.05191387
0.03573804
0.05523001
-0.03623629
-0.05748859
0.02776341
0.01802080
-0.04546180
0.06521806
0.00728889
0.01502523
0.05300041
-0.03470682
-0.01839106
0.03904252
0.00664232
0.04582066
0.01510861
-0.01255478
-0.09450819
-0.01791774
-0.02941222
0.04385223
0.03009688
-0.04758464
-0.06001596
-0.01807338
0.06426691
0.04636399
0.09671203
0.03650304
0.07871646
0.01055098
0.03749839
0.02297912
0.05128391
-0.07090465
0.04444798
-0.02001554
0.05092425
-0.07365701
-0.02969211
-0.02567806
0.02736185
0.03624161
-0.01035322
-0.02487552
0.00117315
0.05056862
0.00641997
0.03036048
0.05904054
0.06893588
0.06187788
-0.00020371
0.07141179
-0.08259292
0.00638006
-0.00743036
0.05471704
-0.09254430
-0.09223380
0.01047072
0.11764502
0.04831168
-0.06469847
-0.04360439
0.04510302
-0.00115820
0.00181330
-0.01056857
0.00471182
-0.04242377
0.02506083
0.03135688
0.03805834
-0.03752338
-0.01620534
0.00343543
-0.04289138
-0.04347238
-0.04872805
-0.12414454
-0.07127537
0.05155949
-0.02333980
0.07910362
-0.04749092
-0.00997075
-0.01028546
-0.03581754
-0.04544434
-0.03819388
0.02894766
-0.06371846
-0.04818607
0.04311082
0.01770400
-0.00416336
-0.02088294
-0.03749544
0.05520366
-0.03319243
0.02650628
-0.08412336
0.05729532
-0.00481397
0.03148623
-0.03976769
0.03904568
0.01488598
-0.01157707
-0.01586987
-0.00340368
-0.04043459
-0.04340730
0.03750234
0.03247209
-0.09374860
0.06349531
-0.04489022
-0.00997626
0.07702204
0.03698278
0.12427737
0.01460344
-0.00164841
0.08239153
0.03611264
-0.00305190
-0.02249626
-0.05292187
-0.05318953
0.03806140
0.05847327
0.00484921
0.00839985
0.04157107
0.03443508
-0.00238235
-0.04851559
0.05726010
0.03541066
0.03830879
-0.11280061
-0.03560198
-0.01382495
-0.04845256
0.00768714
-0.08008479
0.06895740
0.06045726
-0.04170313
-0.01146542
-0.02568974
-0.03241644
0.00987291
0.04061770
0.00910691
-0.00454592
-0.01140583
0.08788877
-0.01707434
0.00845732
0.03015047
-0.00925975
0.03493559
-0.01074916
-0.01504888
-0.08902732
-0.00866821
-0.05644312
0.11760379
0.03160521
-0.03158801
0.02447941
-0.00086597
0.02334084
-0.05016772
0.00794393
-0.03940890
-0.00526589
-0.03964995
0.00426002
0.07609129
-0.00451791
0.08170484
-0.08243352
0.08437426
-0.01397167
-0.00130444
0.01321123
-0.05290090
-0.02737609
0.00045964
0.03430945
0.03404876
-0.02284911
0.06675608
0.00089153
-0.07929774
-0.01640540
0.00852170
-0.01609752
0.02493108
0.10010299
-0.04653374
0.04097180
0.00969564
-0.03581425
-0.08948817
0.01278336
-0.02146089
-0.04399794
-0.07057344
-0.03016492
-0.06991569
0.10040839
-0.00284603
0.02076649
0.08890194
-0.01038971
-0.04743478
-0.04142203
-0.06779410
0.05595591
0.00505272
-0.02551572
0.11170716
0.01317697
0.03093318
-0.01199622
0.04938434
0.02217592
0.00223166
0.05633165
-0.04235588
-0.02403856
-0.04289284
0.02444456
-0.00571374
0.02820152
0.06439059
0.03724599
0.03080549
-0.05961324
-0.08530205
0.01593411
0.03114270
-0.02113794
-0.04794102
0.01478746
0.09416418
0.06931912
0.00573566
-0.01077477
-0.02753427
0.01238779
0.01809254
-0.04124622
0.03004034
0.04921319
0.02448201
0.01862155
-0.04830548
0.01255505
0.00494784
-0.07025806
0.02049785
-0.08747358
-0.00654349
-0.02323255
0.02746594
-0.02879174
-0.02359786
0.09272737
-0.02346705
-0.06823846
-0.02311295
-0.03119748
-0.05622181
-0.06838158
0.01902146
0.00645462
0.01182580
0.11262033
0.04486072
0.02695904
-0.02315936
-0.02447807
0.11101026
-0.02735423
0.02780969
-0.01541451
0.04434550
-0.03367408
-0.03086114
0.01285073
-0.05061053
0.04013414
-0.02243021
0.03981762
0.01664925
-0.01678870
0.00566126
-0.00193178
0.04259259
-0.01888657
-0.01371105
-0.02871705
-0.04545138
-0.01076645
0.01054224
-0.03329142
-0.03108695
-0.05076257
0.04153683
-0.05726518
-0.01202878
0.04345091
-0.04045526
0.03939676
-0.06077100
-0.00159475
0.02365072
0.02903710
0.00472257
0.07822832
-0.01680267
0.02942884
-0.03812469
0.00547880
0.07820081
-0.00405938
-0.03062818
-0.03346706
-0.00985208
0.01747048
0.01205979
-0.04393700
0.00030999
-0.02726835
-0.00309327
0.01608036
-0.03464098
0.02858834
0.04361445
-0.00461171
-0.07861556
-0.00137983
-0.05373948
0.05508355
0.01844641
-0.04023097
-0.01215652
-0.00026191
0.03944332
0.02310023
0.05643841
0.03979029
0.02852640
-0.03224876
0.01493246
-0.04918286
-0.02806410
0.04648829
0.00229297
-0.02907509
-0.00491878
-0.04361688
-0.04361620
0.01567806
0.01586128
-0.03743996
0.03854124
-0.03732644
0.08600838
0.03778937
-0.00261888
0.02577928
0.04404154
0.10661776
-0.04486906
-0.05149782
0.06067852
-0.00540964
0.01667282
0.04761457
-0.01109458
0.05260721
-0.00656226
0.00995272
-0.00685334
-0.03849044
0.02660610
0.00023133
0.00718302
-0.00663322
0.03890755
-0.00916244
0.01759415
0.01141386
0.01269718
0.03305679
-0.03411383
0.03995892
-0.04737240
0.02465034
-0.03886765
-0.03535194
-0.00352830
-0.01842653
0.01407566
-0.01946016
0.00070650
-0.03166061
0.00567552
0.07377068
-0.03049583
0.01654794
0.04324796
0.00691198
0.00974026
-0.02255537
-0.04008410
0.08614331
-0.04697873
-0.01137829
-0.04638572
0.05137174
-0.00462328
0.04833417
-0.00760920
0.01012849
-0.05931801
0.00536943
0.01252070
0.03206010
-0.02231675
-0.03641945
-0.00671659
-0.02533598
0.03894608
0.01180251
0.05432769
0.05428267
0.02562220
-0.02169949
-0.01801827
0.04756787
0.00643490
0.04174632
0.03918806
-0.05786602
0.04306374
-0.02933745
0.03625102
0.03159381
-0.02500762
0.01041952
0.01358216
-0.03373188
0.03015954
0.03458641
0.02931958
0.03710003
0.04951463
0.02745812
-0.07364080
0.00609767
0.04662903
0.02384152
-0.04707992
-0.02363711
0.01883753
-0.06169124
-0.00027194
-0.02654143
-0.04373020
0.01657790
-0.01016638
-0.04225346
0.00233242
0.03279217
-0.02575714
-0.02362615
-0.05662509
0.03837663
-0.00666240
0.02319859
-0.01538647
0.00907847
0.00776203
-0.04319226
-0.01786772
-0.01287568
-0.04216453
-0.00518709
0.01208837
-0.02656048
-0.03647181
-0.00731374
0.01642034
-0.01907907
0.00957962
-0.02264101
-0.03793253
-0.01021043
0.03735878
-0.01721039
-0.02892744
-0.05881592
0.00674018
0.05533877
-0.00444797
-0.00953090
0.02116556
-0.01047138
-0.02218361
-0.02318987
0.03442186
0.03359774
-0.02659195
0.02857909
0.05697300
-0.01720084
0.00211304
0.03791142
-0.07245081
-0.03304913
-0.03139915
0.07039160
-0.06027437
0.00555638
0.00832553
-0.01712926
0.03221140
-0.03117589
0.07635468
-0.00512383
0.02109789
0.03866943
0.05193811
0.03244039
-0.05168464
0.02375227
0.01955068
-0.01425448
0.04065105
-0.01254621
-0.05023969
-0.02120451
0.06408603
0.05896303
0.09435613
-0.03344004
-0.01226167
-0.05264090
-0.05257265
-0.06342413
0.00345295
0.02281083
0.01828112
-0.00547252
0.00113648
0.03043664
-0.02396007
-0.05291297
0.01792003
-0.03510595
-0.00368182
0.03299783
0.07262810
0.01310551
-0.07102793
-0.06528264
0.01960459
0.00266655
0.05452234
0.01399496
0.04988155
0.00667109
-0.01618221
-0.05028117
-0.05377428
0.01646155
-0.05083222
-0.03537723
0.01887486
-0.03210949
0.03749998
0.04846103
-0.00698679
0.02546017
0.04923446
0.07881267
-0.04237188
-0.01734982
-0.01882257
-0.01810038
0.03414445
-0.02161111
-0.03168980
-0.04210260
0.09066830
0.02446865
0.03784462
-0.05559957
-0.03724505
-0.01385973
-0.03344260
-0.00180671
-0.00464544
0.01354926
0.03219818
0.03860033
-0.02262354
-0.04358005
0.01597285
0.00974701
-0.03453560
0.05504968
-0.06272575
-0.00768765
-0.04157415
-0.03246629
-0.00391073
-0.03847159
-0.02425008
0.03711409
0.06463701
0.00929163
-0.01962606
0.00874564
-0.02595340
0.02382755
-0.04766006
-0.07354933
0.00469774
0.05156288
-0.04673762
-0.00270154
0.01364868
-0.01537971
0.00523753
-0.00458901
0.03336515
0.01071663
-0.05262895
0.02820619
-0.05171226
-0.03859151
-0.00193117
0.00479279
-0.05364604
0.01861559
0.00042519
0.02212496
0.02636265
0.00389849
-0.03295540
-0.06952439
0.02309726
0.01985429
-0.05945877
0.04054160
0.00566562
0.02511254
-0.04264946
-0.00367631
0.04207302
-0.04016382
-0.02796226
-0.02020115
-0.00130173
0.02480766
0.04273874
0.03717725
0.02244836
-0.05025686
-0.02131300
0.02068712
0.00650891
0.00804142
0.03267921
0.00935327
0.03418465
-0.00212472
-0.01492391
-0.00055991
-0.01607578
0.00615554
0.04065353
-0.00032726
-0.02862682
-0.04459867
0.05892534
0.05042488
-0.06457835
-0.01086500
0.05234874
-0.01154289
0.03882146
-0.06728238
-0.08072631
-0.01802166
-0.06306011
-0.03531997
0.05473533
-0.03907153
-0.01028761
0.00076315
0.05382265
0.03260110
-0.03739175
0.04066690
0.01825267
-0.03953252
-0.02565472
0.03850351
-0.01821226
-0.03752923
0.02105717
0.00004366
0.05992304
-0.00023562
0.01820544
0.02002322
-0.02400581
-0.07045514
-0.00163401
0.05574941
0.02901007
-0.05647584
0.01328586
-0.06696266
0.00373861
-0.07077427
0.02951420
0.00396751
-0.04059688
-0.00273039
0.04188178
-0.03799225
-0.03701945
-0.04346416
0.01229221
0.04917445
0.03469523
0.03554411
0.00242524
-0.06649936
0.01066517
0.01959322
-0.06041512
0.01508084
0.00772460
-0.03985044
0.03360717
-0.03945358
0.04396142
0.02654513
0.01089425
-0.03016857
-0.00488836
0.01053070
-0.01350984
-0.03436066
-0.03973025
-0.05203741
0.05812428
-0.00891974
-0.04698738
0.02129306
-0.04568337
-0.00814861
0.06156587
-0.01578647
0.02782164
0.02409039
0.03948344
-0.04257319
-0.02310612
-0.03870514
-0.02852788
0.02011283
-0.00677941
-0.03087149
0.04306450
0.04675265
-0.05045453
0.02833181
0.00481336
0.00589655
0.01717648
0.00626904
0.01573724
-0.00448536
-0.07308105
-0.02151710
-0.00757461
-0.03682449
0.00897174
-0.04684882
-0.00864023
0.01194815
-0.03094000
-0.00530954
0.02026749
-0.00895247
-0.01277339
0.02631780
-0.01307313
-0.00724572
0.04238643
0.04246388
0.04528622
0.02637812
-0.00055590
0.01601468
-0.04931677
0.03544154
-0.01093327
0.03865223
-0.04895503
-0.01064834
0.00161117
-0.03850747
0.04693750
-0.02667948
-0.01097056
-0.04565320
0.00972086
-0.01014174
0.03401404
0.04720365
-0.02866874
-0.04240171
-0.04087397
0.01145876
0.00455716
0.04011374
-0.00067035
-0.04365942
-0.04980404
0.05118227
-0.04284543
0.04461564
0.01836333
0.00535681
0.01692168
-0.02086101
0.01978786
-0.03815755
-0.01360887
-0.00487831
-0.02049584
0.04402996
-0.04799658
-0.03413270
-0.00017142
0.03702095
0.02692462
-0.03285882
0.02098646
-0.02595856
0.00646809
0.04355268
-0.04541031
-0.04142912
-0.01742211
-0.00062937
0.02905610
0.00053856
-0.04117403
0.05721331
0.03610056
-0.03079922
-0.05546784
-0.01828170
-0.02052263
-0.04393694
0.00556450
-0.02792590
-0.04556418
0.03310649
-0.04385724
0.00644753
0.02865118
-0.03698472
0.00519342
0.03317989
-0.04784579
-0.01181896
0.01630079
0.04230260
0.03295087
-0.03228057
0.03397516
-0.01857533
-0.04416932
0.03579604
-0.03012841
0.00465237
-0.01059995
0.03004773
0.04444000
0.03004803
-0.02562220
-0.01833743
0.03253080
0.00955094
-0.04998606
0.02850505
-0.03575302
-0.04248170
-0.04648960
-0.02144884
-0.03797283
0.02616997
0.01356363
-0.03470824
0.01587136
-0.03375831
-0.00378249
-0.00842950
-0.02252699
0.02565249
0.03682866
-0.02657489
0.04560148
0.01526468
-0.00678682
0.00532805
-0.00749581
0.00606849
-0.04599153
0.01888294
0.03432084
-0.02055467
-0.02449634
0.04188370
0.04637764
0.02725809
-0.00504809
0.05225192
0.03175304
0.03420011
-0.02280136
-0.02911033
0.03639863
-0.03591231
-0.00896987
0.01288584
0.00839224
0.04938307
-0.04119251
0.01407357
0.00272549
0.02727362
-0.00710179
-0.02521161
-0.00340113
-0.04672178
-0.02801343
-0.03287274
-0.03689712
-0.04858680
0.00894644
0.01279225
-0.04154406
0.02378183
0.03536773
-0.01841335
-0.04824422
-0.04216882
0.02158941
-0.01958687
0.04433753
0.03048700
-0.03403285
0.01528590
0.01006680
-0.03070203
-0.00390881
-0.04450921
-0.04014023
0.01568646
-0.01826047
0.02371497
-0.00063642
-0.01945511
-0.03064144
-0.04070372
-0.03742744
0.02260031
0.00762069
0.02545542
-0.04048597
0.01272513
-0.04837159
0.00531158
-0.00520626
0.02774527
-0.03260917
0.02511596
0.01122145
0.02825421
0.00211148
-0.01649912
0.02958202
-0.01750086
-0.04465131
0.00414776
-0.01025143
0.03989849
-0.04044110
0.00377627
-0.02339605
-0.02561600
-0.02283443
0.01497621
0.04337472
-0.00964198
-0.03737365
0.05011205
-0.03381616
-0.01420979
0.00915777
-0.01387229
0.00290284
-0.02383463
0.04069656
-0.00936472
-0.04366580
-0.03826750
0.04064807
0.00174473
-0.04110160
0.04218260
0.03951435
-0.04041341
-0.03990310
0.04916980
-0.02683503
-0.02942307
-0.04550707
-0.01247480
-0.00996390
-0.02653007
-0.03051440
-0.02289514
-0.04066027
-0.03544426
-0.03407957
0.01797822
0.02455145
-0.04938740
0.02520629
-0.03181506
-0.06408329
-0.01826434
0.03009322
-0.01099560
0.06237486
-0.01946812
-0.12437328
0.05925817
-0.06836758
0.04560364
-0.05435491
-0.08249531
-0.10583324
-0.03475543
0.03263074
-0.06022333
-0.11375592
-0.03976725
0.02771997
-0.02972401
0.09692869
-0.03246856
-0.00404563
0.01344878
0.10870742
-0.02554986
-0.01063704
-0.07796813
-0.02791315
0.00827926
-0.02536554
0.01290860
0.10446851
-0.06678097
0.05785162
0.10979785
0.08311521
-0.04235657
-0.04926154
-0.00865261
0.11491761
-0.05564681
-0.01800810
0.03845963
0.03186200
-0.01571049
-0.01226280
0.07170457
-0.01277746
-0.04400526
-0.02909511
-0.03982188
-0.06466190
0.05744654
0.03652979
0.04639346
-0.10959784
0.00850923
-0.02777009
0.12381196
0.06804996
-0.04446848
0.02509967
-0.00574194
-0.02641181
-0.02581779
-0.05321703
0.02703990
-0.01725538
0.05709587
-0.01446522
0.05533416
0.00664867
-0.02532476
0.02961279
0.03127724
-0.07117689
0.04445665
-0.04820642
0.03598855
0.04160790
-0.08897044
-0.00342687
-0.05206367
0.08833040
-0.03005780
0.02459943
0.04143267
0.02725167
0.10296492
-0.10261887
-0.02848946
0.02043554
0.11929067
-0.09773935
-0.02994643
-0.00728547
0.00563132
-0.00703193
0.04851088
0.01185013
-0.01795408
-0.06462353
0.04844861
-0.00664381
0.02184988
0.07478419
-0.05667958
-0.02157969
0.02689517
0.04493112
0.02849612
-0.00275634
0.05372011
-0.01157016
0.09587082
-0.04491638
0.00616777
-0.02231366
0.04172955
-0.06218735
0.02807558
0.00192210
0.03159862
-0.03078441
0.12749769
0.03058565
-0.04324453
0.04562904
-0.01786743
0.01052216
-0.01541811
0.00719264
0.17359483
-0.07600816
0.03012949
-0.15358198
-0.04985353
-0.01843082
0.03408188
0.05406783
0.01371780
0.00660397
-0.02448834
0.06708656
0.03621725
0.06552505
-0.04570375
-0.01978205
0.00312709
-0.02855097
0.09792249
0.01149801
0.02078021
-0.04847984
-0.02597892
0.02268489
0.04178797
-0.04599323
-0.01252100
-0.02668083
-0.05687348
0.01047347
-0.08239277
-0.02179988
-0.00550102
0.03252520
-0.04268834
-0.04937758
-0.04429465
0.05869502
-0.02054580
-0.01877532
-0.01930091
-0.04022546
-0.02623863
-0.01217807
0.07572638
0.07770587
0.01968269
0.03315494
0.02904840
-0.04311768
0.08734100
-0.08692986
-0.01093302
-0.02776919
0.00419577
-0.06201204
-0.09751829
0.03143157
0.02314541
0.03342666
-0.04279847
-0.06001036
0.02335708
-0.05595760
0.10178252
-0.05556727
-0.04794615
0.03648158
-0.00261114
-0.02558094
-0.04715644
-0.04532724
-0.02372231
0.01855603
0.04139672
-0.15296814
0.00515390
-0.01103152
0.01670279
-0.05193415
-0.00733857
-0.01370250
-0.01179888
0.02374208
0.00081556
0.09908742
-0.01372388
-0.03122445
0.06584799
-0.03068285
0.02027415
0.03578904
0.01183819
0.08766042
0.00918602
0.02245535
-0.02973365
0.04969408
0.04789181
0.02827278
0.02340896
-0.10911366
0.03515640
-0.11775434
0.02564123
-0.01597958
0.02075143
-0.03322315
0.11168518
0.06474630
0.00041284
-0.00598173
0.12022565
0.10341606
0.06492231
-0.08222763
0.00663543
-0.03923236
0.01307730
-0.02827805
0.03020325
0.03376129
0.00962722
0.10898448
0.04789976
0.00647934
-0.04641928
-0.03375249
0.12068743
0.11923022
0.01464820
0.07385121
-0.06133234
-0.05937887
0.05856916
0.09660500
-0.02007320
0.03829258
0.05828175
0.05414052
0.02775826
-0.00189520
-0.04740885
0.01012916
-0.04695639
-0.01651265
0.00979644
-0.09091713
0.03983133
-0.01182076
0.03043756
0.04255787
0.07828992
-0.00174915
-0.02368982
-0.01757023
0.00254052
0.01764427
-0.01127208
-0.00285111
0.03116039
-0.03768304
0.03581385
0.05539783
0.02244925
-0.00081458
-0.04982219
-0.00798883
-0.03301623
-0.06935479
-0.04185985
-0.01735953
-0.01399948
0.00811791
-0.00581093
0.04169882
-0.02233140
0.02644398
0.02308717
0.07741746
0.00453190
-0.00558437
-0.07710655
-0.06281804
0.04810717
-0.02250064
0.01044315
0.04765914
-0.01402236
-0.01887647
-0.05139117
0.02338291
-0.03301389
0.12056409
0.01257991
-0.01297773
0.02039714
0.00006640
0.07697858
0.04708338
-0.04066959
-0.02318147
0.01270663
0.01190559
0.01459592
0.06652630
-0.04072954
-0.00785666
-0.01257073
-0.07533380
-0.00194584
-0.01806894
0.05577833
0.04096682
-0.05984015
0.05332398
0.01082555
0.03039716
-0.02367679
-0.02234404
-0.04464139
-0.04151399
-0.00417525
-0.03884704
-0.01520100
0.07426737
-0.02488690
-0.00400300
0.01652007
-0.06640984
-0.03358745
0.05187469
0.05789988
0.00454858
-0.06845466
-0.02051517
-0.06798139
0.03005590
0.06486890
0.03429371
0.05989792
-0.00348736
-0.01705358
-0.00655801
-0.00399203
0.02979042
-0.00708390
0.02472319
-0.06511876
-0.00714897
0.02525556
0.01718824
-0.01987982
0.00072950
-0.04121234
-0.04249531
-0.04802620
0.01712774
-0.05221186
0.04836384
-0.03982797
0.01506233
-0.03530000
0.01307056
0.01391244
0.02716707
-0.00045876
-0.05833660
-0.03311419
0.01780193
-0.01908918
0.00041464
-0.07224020
0.01402703
-0.08588682
0.06058036
-0.01999100
0.04355622
-0.00388417
0.01223706
-0.02274769
0.01226593
0.00859814
-0.03292832
0.01663267
0.02453322
0.14587022
-0.03423847
-0.03853168
0.00355942
-0.03545355
-0.03149445
-0.03087685
0.02188851
-0.01782157
0.03685204
-0.02009853
0.05743133
0.01178734
0.05124541
-0.01180010
-0.10800879
0.04038699
-0.03467022
0.00050334
0.01284137
-0.05135339
0.04082968
0.04108864
0.01593094
-0.05545488
0.00556373
0.09735377
-0.05012794
-0.03999139
-0.06201006
0.00043553
0.03097131
0.02367982
-0.00558284
-0.00968409
0.03293052
0.01135894
0.05222765
-0.01247481
0.01902299
-0.08350407
0.04086520
-0.01862469
-0.02053965
-0.00043008
-0.01622698
0.02136512
-0.00104009
-0.03866204
-0.01600764
-0.04518491
0.02903223
-0.04609286
-0.05686769
0.02860214
-0.05741714
0.04837925
0.09377582
-0.05620276
0.05691525
0.04535509
-0.03611493
0.04178568
0.03196520
0.05036664
-0.02983856
-0.06255929
-0.07918286
-0.01426761
-0.05357599
-0.00747953
0.03291397
0.02623196
0.06835183
0.02109897
0.05381247
-0.04311037
0.02912386
-0.03471427
0.01079085
0.10972087
-0.01715904
-0.07783118
-0.09423211
-0.04663000
0.10300877
0.02881939
0.03521382
-0.02810597
0.01043161
0.01255353
-0.09510303
0.00239764
-0.04779672
0.04133032
-0.01588984
0.01150697
-0.00766544
-0.01660272
-0.01682680
0.01390500
-0.03306198
-0.01605150
0.02821280
0.01719269
-0.01565487
-0.00353149
0.00927071
-0.03533890
-0.03263256
0.01004307
0.03906986
-0.00991353
-0.00547342
0.01501738
0.01856129
0.02099088
0.07892194
-0.02139642
-0.02267131
-0.05390182
-0.05052304
0.02049262
-0.04918399
-0.03441045
0.00193064
0.01636178
-0.03388285
-0.02145714
0.03681465
-0.01221378
-0.05078270
-0.01944984
-0.02902287
-0.02569483
-0.02185491
0.00416532
0.04248550
-0.07989663
-0.02687660
0.00359867
0.00855696
0.00209264
0.02396706
-0.04452366
-0.01488227
-0.03719211
-0.04172566
-0.03424187
0.01322186
0.03652835
0.01230179
0.03799276
0.02987664
-0.02528831
0.00735430
0.04596831
-0.04894337
-0.07184961
0.00448527
0.00419705
-0.03657909
-0.03783588
-0.02765210
0.03644033
-0.02196427
0.04225027
-0.09104984
-0.03348130
0.04567540
-0.01066714
0.01393824
-0.04970771
-0.02447852
0.04180536
0.03259748
0.02296989
0.02061253
0.02039118
0.02688431
0.01489740
-0.04885687
-0.02174149
0.04613603
-0.01518003
-0.06690970
-0.06548596
0.00939608
-0.00283653
-0.02130673
-0.02624720
0.06156571
-0.02645507
-0.01964109
0.01532757
0.02109204
0.02871377
0.03466299
0.01252120
-0.01146882
0.06124277
-0.01937888
-0.02238117
-0.03901918
-0.04024033
-0.03851622
-0.03283798
0.03758207
0.07726632
0.02063526
0.01474233
-0.01155301
0.01624901
0.00018165
-0.02538976
0.04938747
-0.00139814
0.04361114
0.04268051
-0.00108651
0.05053788
0.01000315
-0.03699295
-0.05753006
0.04060961
-0.02581447
0.00367741
0.01908496
0.03180509
-0.03334650
-0.01198066
-0.01844360
-0.01801569
-0.03343500
-0.00248674
0.00395596
0.01980538
0.07370292
0.05147379
0.01312029
0.04902251
0.02819637
0.00941651
-0.04714464
0.01407828
-0.07786263
0.07155195
-0.04232515
-0.02856275
-0.02928058
0.05887835
0.00559950
-0.02776243
0.03675754
0.00801363
0.02036812
-0.04981848
0.03520162
-0.01496963
-0.03338942
0.00854462
0.05774102
-0.03067218
0.05095160
0.02894348
-0.01476503
-0.03662995
-0.03976858
0.01131628
-0.06045434
0.05123225
0.04383082
-0.01509611
0.01411429
-0.04938149
-0.04628510
0.02689023
0.01368703
0.00052729
-0.03739445
-0.01653394
0.01508467
0.01672116
0.03880578
0.02334093
0.06503627
0.00358397
0.05208888
-0.02243899
0.01020986
-0.04837275
-0.01032564
-0.02870258
0.00278487
-0.02494467
0.03764649
-0.04167402
0.01538363
-0.06479039
0.01810621
-0.02724165
-0.03086916
0.00360370
0.00372439
0.02588588
0.03886965
0.03625495
0.00572739
-0.02969237
-0.04978010
-0.00540494
0.02021106
0.00974696
0.05449827
0.00071320
-0.04588154
-0.01883538
0.00900322
-0.03318881
-0.04680682
-0.01978139
-0.01957030
-0.04065187
0.02881778
0.01653842
0.03123007
0.04492066
0.00889861
0.04852869
-0.07319778
-0.02442423
-0.04081817
-0.03755987
-0.06212478
0.02803457
-0.03007972
-0.03799446
-0.00782078
-0.00714320
-0.02771304
-0.00565033
-0.04111393
-0.06099594
-0.01891228
0.00098744
0.04026365
0.04246178
-0.05805551
-0.06036699
-0.02911437
0.05823546
-0.00131264
-0.02811613
-0.03083686
-0.03002816
0.06221756
-0.00296211
0.03976453
-0.03630128
-0.01763383
-0.00628636
-0.00265405
-0.01224494
0.04577389
-0.03324796
-0.00431652
-0.01701010
-0.01253196
0.03829923
0.00678823
-0.04432375
0.00851061
-0.01436275
0.04057547
0.02872750
-0.03237862
0.00440562
-0.01663033
-0.00267802
0.03395982
0.01294487
0.05863198
0.05720283
0.01811027
0.00602602
-0.04615157
0.03741210
-0.04277674
-0.03123268
0.00750585
-0.04571563
0.00827077
-0.02487755
0.03849288
-0.03851202
-0.00873398
0.05773383
0.04114940
0.02580237
-0.01796244
-0.03179013
0.02124830
-0.03014175
0.00472378
0.00848025
-0.01729928
0.02786887
0.06157092
-0.02531418
-0.05844145
0.05524039
-0.01400528
0.01824070
-0.01232956
0.01285419
-0.01577014
0.02408076
0.00075637
0.01970438
0.02545834
0.03177185
0.04415305
0.01278649
-0.00266825
0.03163650
0.01136971
-0.01713003
-0.02384140
0.00495499
0.03574733
-0.00590390
0.02303303
-0.04819940
0.00897348
0.01984764
-0.00836777
-0.02409767
0.05385872
-0.04900010
0.00127406
0.04194491
-0.05689780
-0.02416098
0.05176761
-0.03772305
0.01448734
-0.04038998
0.02900455
0.00876961
-0.03979101
-0.00430619
-0.00520311
0.00991453
0.02362147
-0.02816571
0.00683417
-0.00468706
-0.01440841
0.03261743
-0.03685246
-0.01037383
0.03478786
-0.06365347
0.03874699
-0.01891701
-0.00149653
0.07208131
0.04682365
-0.04454667
0.01924041
-0.00761560
0.01923029
0.04302808
-0.03998679
0.00474417
-0.05303125
0.04285922
0.03397267
-0.04613946
-0.02813880
0.00072503
0.00736705
-0.01750589
0.05483374
0.04061382
-0.03356078
-0.00523344
-0.00366072
-0.02165863
0.03080076
0.03603017
-0.03951324
-0.00927784
0.05692015
-0.02581127
-0.03348225
0.03250960
0.02731133
0.01737265
-0.04069627
0.02824624
-0.00971700
-0.00871366
0.03358616
-0.02871443
-0.04734926
0.01311060
-0.02442087
0.03888012
0.04646794
0.02503668
0.05355514
-0.05609343
0.04589108
-0.01522248
0.01807868
-0.01689868
-0.02432034
0.01471598
0.01240165
0.01915527
0.03574336
-0.01106246
-0.01481699
0.07012799
-0.03230730
0.01601548
-0.00753158
-0.01504735
0.02226795
-0.01256292
0.04371366
-0.01854323
0.06509677
-0.03266603
0.02995979
-0.04648772
0.01816659
-0.02758872
-0.02425664
0.03187685
-0.00701957
0.04994860
0.00513052
-0.03161254
-0.03401938
0.03576880
-0.01867848
-0.04347865
0.01304549
0.03058897
-0.02107965
-0.03606066
0.00910641
-0.03692753
0.04350452
0.00851558
-0.04688386
-0.04760341
-0.00844170
-0.00578094
0.01071342
-0.02314266
0.01853818
-0.00191415
0.00264371
0.02374706
-0.02888650
0.05412079
-0.03385377
-0.01968691
0.02581675
0.02208352
-0.03887589
-0.01396045
-0.03256817
-0.01405222
0.03056670
0.02145592
-0.02030527
-0.02816169
-0.00889881
0.05464586
0.01276666
-0.01718556
0.01170982
0.00612438
-0.00025382
-0.04339679
-0.00834665
-0.03741052
-0.03277320
0.04139774
0.03771975
0.01387637
0.00486928
-0.01746061
0.00314947
-0.01009501
-0.04069476
-0.04377440
0.03578313
-0.03439316
0.00590722
0.05392191
0.04061768
-0.01473397
0.03637510
-0.04001451
-0.04191706
0.05628835
0.01114086
0.01420398
-0.05888181
-0.03517707
-0.04778118
-0.05277120
0.00267825
0.04503815
0.07112078
-0.06868879
0.01768230
-0.05202914
0.01483777
0.00433741
-0.02916299
0.03054894
-0.00744973
0.00654728
0.01574903
0.03353924
0.00706233
-0.04637583
-0.01182917
0.00095785
0.01819631
-0.04336221
0.00570048
0.09981453
-0.04290890
0.02222584
-0.00531036
0.03944914
0.00201578
0.01794207
-0.03543259
-0.03299519
0.03093359
0.02204029
-0.01007683
0.04775451
0.00967030
0.09199506
0.01152966
-0.04547929
-0.01674490
-0.02995842
-0.04773159
-0.01315710
-0.02802186
0.03497332
0.02911483
0.01178582
-0.01038553
0.00475409
-0.02597430
-0.03044630
-0.07139377
0.05973537
-0.03176193
-0.04128988
0.03630353
0.03310779
-0.02324486
-0.05309177
-0.07372611
-0.02566108
0.02379265
0.01236938
0.01211172
0.02759360
-0.05280997
-0.06124722
0.01292178
-0.05918936
-0.03431036
0.01303435
0.03732977
-0.03035826
0.00719159
0.01337414
-0.01662325
-0.01058455
0.03990144
-0.05310733
0.01569425
0.02071728
-0.04098997
-0.09348523
-0.01433729
0.01426178
0.01409966
0.01257960
0.09744879
-0.00881085
0.03271797
0.05138081
-0.02501008
0.02591845
0.00057974
-0.00663022
0.02156632
0.01992721
0.04538716
0.02840592
0.02472272
0.03597325
0.00095427
-0.05867721
0.02908299
-0.03209982
-0.07706064
0.11576496
0.04095197
0.03078800
0.04231849
-0.03271739
-0.03287645
0.03588612
-0.05573014
-0.04165301
-0.05732427
0.03218782
0.04707721
0.03988700
0.00798000
-0.00470586
-0.02428508
-0.04338370
-0.00382098
0.09461303
-0.07075199
0.00372873
0.00935042
0.03465014
0.00557564
-0.04218282
-0.02449537
-0.03575474
0.07025678
-0.01307299
0.03010006
0.02513198
0.02799765
0.08153573
-0.01025178
0.01156727
0.01915671
-0.00619002
0.04444418
-0.08047261
-0.03510566
0.04805777
-0.02780570
-0.06821691
0.05820160
-0.05738478
0.02141248
-0.06151409
0.11348841
0.01883336
0.04277892
0.06582358
0.04077898
0.03937052
0.03258031
-0.01394553
-0.00337071
-0.04457567
0.00557859
0.09126996
-0.00667058
-0.05572508
0.02356338
0.01788095
0.01994774
-0.06552681
0.00173013
-0.02269830
-0.05295772
-0.06699688
-0.01775833
-0.05101036
0.05151419
-0.05707528
0.03388522
-0.04928854
-0.05522959
0.04178942
0.01012501
-0.01988239
0.04391656
-0.09076300
0.02688431
0.01232613
0.01919372
0.03193500
-0.05268213
-0.01450624
0.04653546
-0.00679395
-0.05160087
0.04107389
-0.03364264
0.01996138
0.02637797
0.02148156
0.03182537
0.07220318
-0.00173500
0.04313607
0.01213467
0.02083335
-0.04061185
-0.08719162
0.03329871
-0.02973920
0.00322214
-0.03793099
-0.00522727
-0.02477319
0.03354530
0.02009058
0.04241487
0.05100925
0.00418031
-0.04577359
-0.02915704
0.00275629
0.02128690
-0.01244200
-0.03449714
0.01644830
-0.00382044
0.03712815
-0.01237470
-0.01360169
-0.00085470
0.00843283
-0.03925623
0.03794674
-0.02172736
-0.01675305
0.10540942
-0.02219520
-0.01182328
-0.02958829
-0.01175954
0.01935545
0.04362119
-0.01374004
0.04006649
-0.00665743
-0.00991898
-0.02797056
0.03650355
0.01622408
-0.01208827
-0.00867149
0.04501659
0.04203365
-0.01408564
-0.03945808
0.06274499
0.01618144
0.02934172
-0.01248293
-0.00977753
-0.04505819
-0.01666580
-0.04718126
-0.05270828
-0.01383775
-0.03700242
-0.01696362
-0.01393049
0.00630953
-0.00473505
0.04893759
-0.01682030
-0.03576714
-0.04780645
-0.04009125
0.00798495
0.03849737
0.01730730
0.01233638
-0.01591869
-0.02618341
-0.03944721
0.01409685
0.01239964
0.02624671
-0.00276403
0.02945937
-0.00981630
-0.03360272
-0.02140721
0.03081135
0.04387390
0.02780459
0.00981035
-0.00002361
-0.03239457
-0.01660527
0.00704305
0.00032467
0.03154602
0.04802776
0.04743776
0.04905264
0.03301153
0.02516978
-0.04846544
0.03041604
-0.01272374
-0.03501584
0.01874504
0.04232358
0.03540396
-0.04723664
-0.02782784
-0.03508345
0.04325211
0.01612061
0.02152730
0.02391753
0.04698570
0.03342078
-0.01516129
0.01206085
-0.02357733
0.00846985
0.00388913
-0.03259595
-0.03663602
-0.04284659
0.01011510
-0.01364692
0.02650928
-0.02857093
0.01875954
-0.04109966
-0.02689764
0.02669712
-0.00818638
-0.03448362
-0.02607808
-0.04201369
-0.02622616
0.03625563
-0.03755068
0.03686957
-0.03838158
-0.04567491
0.03154741
-0.01825138
-0.00588622
-0.03438179
0.04413472
-0.04253582
-0.00656520
0.00652993
-0.00489588
-0.03994749
-0.01542136
0.04290875
0.00701720
-0.04066040
-0.01915662
0.01086540
0.00338191
-0.01937549
0.00456776
0.01631836
0.01359536
-0.03740622
0.01927686
0.01932660
-0.03276429
-0.02980785
0.03560474
-0.02469312
-0.00909607
-0.04035944
0.02304010
0.01723990
-0.02377036
0.04303910
0.03670095
-0.01692338
0.03038230
-0.00000294
-0.02676418
-0.00346382
0.00817047
0.02180168
-0.03277543
0.04154226
-0.03355911
-0.04371471
-0.04035082
-0.02808894
0.02189166
0.03043995
-0.02798875
-0.02789447
-0.03777129
-0.02402692
-0.00419265
0.02013214
-0.02753523
-0.00086714
0.05001763
0.01913230
-0.01287670
0.05028072
-0.01898201
-0.00123593
-0.03558390
-0.04745459
0.00816277
0.04315768
0.04608832
-0.01142197
0.03153389
-0.02413562
0.02959838
0.05145739
0.02821551
-0.00700035
0.03703050
-0.00951860
0.03906001
-0.03757393
-0.01806985
-0.03207001
-0.00993626
0.00363517
-0.03228386
-0.05130413
-0.01656312
0.03746111
-0.01978455
0.04842222
0.05127924
-0.00286552
-0.02292006
0.03805740
-0.05205579
-0.00864255
-0.04424290
0.02837890
0.03472746
0.02049719
-0.00720421
-0.04146524
-0.02580033
-0.03008403
-0.00649438
-0.03996614
0.01053449
-0.01264093
-0.03410641
-0.00617522
-0.03496482
-0.01368963
0.02548518
0.04412913
0.01885382
-0.04135433
-0.03132207
0.01964808
0.03274368
-0.00161504
-0.00518913
0.02515179
0.02030529
0.04358215
-0.01585877
-0.04498792
0.02431439
-0.05350842
-0.03396161
0.02794452
-0.02187788
0.03442551
-0.00079748
0.01653510
-0.01499764
0.01243069
0.03141308
-0.03467925
0.01857272
0.00772196
0.00777030
-0.03150250
-0.02241986
-0.01561147
-0.03304359
-0.01486819
0.01421743
0.04417343
0.02767199
-0.00089974
0.04857339
-0.04748856
-0.01381981
-0.04437306
-0.03392885
0.00839509
-0.02336539
-0.04402445
-0.04356204
-0.03060638
0.00325691
-0.02184141
-0.02907486
-0.04381911
-0.00201552
-0.02018431
0.02017998
-0.04506233
0.03776114
0.02346867
-0.03676211
0.04541215
-0.05243845
-0.03365045
-0.04188821
-0.00558890
0.02681209
0.06243376
-0.04641797
0.02227414
-0.02125663
-0.07656141
0.02310783
0.00014221
0.04776071
-0.01676509
0.00879038
0.02899650
-0.00109836
-0.01083768
-0.01245080
0.04228952
-0.06173673
0.02105244
-0.01432211
-0.02365381
0.05368961
0.02053152
-0.00559920
0.01997363
-0.01219583
0.05881894
0.04461865
0.00159642
0.02964505
-0.04529141
-0.03106178
0.00171095
0.04082926
0.01909915
0.04651411
-0.00532659
-0.03482608
-0.01363367
0.02425526
-0.03184075
0.02552228
-0.05009377
-0.03390220
-0.00206643
-0.01056098
-0.03271363
-0.00637939
0.02115769
0.03713391
0.01418130
-0.02580082
-0.00747286
-0.04216808
0.01659107
-0.03497551
0.00403654
0.01783867
-0.02550050
-0.00203833
0.03271165
-0.04765308
-0.00301147
-0.00372522
-0.04212712
-0.00350056
0.03968291
0.02745592
0.01945154
-0.05587154
0.02730581
0.05482984
0.04845515
0.00696573
0.00930561
-0.04430905
0.01848602
-0.00079657
-0.02434628
0.03666926
0.00460908
0.02086197
0.03823902
0.00183281
-0.04480538
0.03179958
0.05259804
-0.02057534
0.04950051
-0.04909313
0.00265508
0.01345862
-0.01840621
0.01880208
-0.00503328
0.03095425
0.01406889
-0.04728024
-0.03397093
-0.02099116
-0.01535360
-0.00658178
0.00322366
-0.02198485
0.00068026
0.04205993
-0.02196624
0.03892368
0.02582802
-0.04302559
-0.05401015
0.02703250
-0.00508858
0.04015653
-0.04976948
-0.02704267
-0.03710441
0.05002339
0.00400941
-0.02767054
0.03403720
-0.01889658
0.00340832
-0.04774965
0.03985167
-0.04617329
0.00072842
-0.06173211
-0.01711315
-0.04747590
-0.02124223
-0.00765293
0.00384192
0.03622632
-0.03056652
-0.04130978
-0.02383060
-0.03480066
0.01679349
0.01167995
0.02249035
-0.05213179
-0.00432653
0.04590488
0.02873346
-0.02138590
-0.04858238
0.01574795
0.00194521
0.00099754
-0.04173041
-0.00746599
-0.02880293
0.04415288
0.02163265
0.01470054
0.03172341
-0.04831043
0.03004909
0.04716199
-0.03898932
-0.04288213
-0.03824072
0.05201533
0.01546106
-0.00648219
-0.02059658
0.01011594
-0.00371591
-0.02493330
-0.02969173
0.04414628
-0.02723158
0.03651756
-0.02455752
-0.02841751
-0.02643182
0.03902195
-0.03610954
-0.00551604
-0.01725395
0.02147713
0.02517398
0.04181559
-0.00116955
0.03446876
0.01142243
0.00455078
0.03061127
-0.04170870
-0.03435530
0.01042219
0.01395281
-0.04506019
-0.04144853
-0.01015530
0.03346809
0.00744599
-0.02675910
-0.02948021
-0.02705225
0.00592291
-0.05466297
-0.01854835
-0.00474368
-0.04344374
-0.01829450
-0.01684769
-0.04466584
0.03571470
-0.03904927
0.04523669
0.01827614
0.01334650
0.03120777
0.00366392
0.03201484
0.03730821
0.03526660
-0.01346960
-0.03130460
-0.04035261
0.01477143
-0.01838522
-0.04124524
-0.03933233
-0.03060402
-0.02282903
0.02011676
0.01133086
-0.04291023
-0.00436420
0.00178497
-0.02208325
0.03397562
0.00251402
0.00694170
0.04691040
0.01752748
0.04038732
-0.01198469
-0.00421313
-0.03116750
-0.05188227
0.01182072
0.06439059
-0.01335084
0.00436103
0.00222781
0.02840763
0.04743991
0.00654657
0.01156396
0.00286628
-0.03656246
0.00364445
0.04091737
-0.02070437
0.04558449
-0.02627938
0.01225972
-0.06363076
-0.02075008
0.00081931
0.02503946
-0.04837827
-0.01979478
0.00375080
-0.01425583
0.02109606
-0.03525044
-0.03860538
0.02220985
-0.04598811
-0.00724191
-0.02216267
0.00238405
-0.03323958
-0.00931659
-0.05248775
-0.01899203
-0.02152138
0.04856772
-0.01301463
0.02223500
-0.03116531
0.01510175
-0.04972007
0.00882949
-0.01768183
-0.02480894
0.07076261
-0.00500061
-0.02856592
0.00387058
0.02956046
-0.03723133
0.00132591
-0.05722771
0.06105744
-0.02819850
-0.00341419
-0.05949175
0.02392927
0.01546521
0.01125970
0.04437778
-0.03520106
0.01905569
-0.03383004
0.04095639
0.02057309
0.01933560
0.03761876
0.02801136
0.04643505
0.00932897
-0.05279720
0.01297187
-0.04063314
-0.04473664
0.05330447
0.00112717
0.01634895
-0.01130585
0.01205046
-0.02885712
0.02796976
-0.03152448
-0.05020218
-0.04794525
0.03032603
-0.04083547
-0.00209159
-0.00524094
-0.01375506
-0.01629893
-0.03438035
0.05585350
0.01484186
-0.03942244
-0.00829650
0.05701905
0.03138558
0.00207803
-0.02956580
0.02108434
-0.00437012
-0.04920235
0.00342666
0.03712451
-0.04233314
-0.02673922
-0.05224703
-0.00207693
0.00263786
-0.03594914
0.03496166
0.02603226
-0.04741482
0.04525890
0.03773142
-0.03405996
-0.00509863
0.04729337
-0.00437092
0.02870957
0.04290408
0.05189805
-0.00458989
-0.00827974
0.02162864
-0.03347139
0.04017370
-0.02706175
0.01449799
-0.01392743
0.01651975
-0.01413860
-0.02891226
-0.02357291
-0.01172886
0.03743104
-0.01669644
-0.01784753
0.01614384
-0.03167259
-0.02514621
0.00237250
0.02773968
-0.04714050
-0.03294392
-0.00986367
-0.01242498
0.02926466
-0.02079564
0.01919670
-0.04895035
0.01695962
0.04751102
0.00903691
0.02659726
0.04173091
-0.00080222
0.03198307
-0.04924476
0.02403274
0.02852794
0.04621603
-0.02942155
-0.00343557
-0.02575180
0.02308225
-0.00633979
-0.02279337
0.00664330
0.04803161
-0.00201302
-0.04381565
0.02579672
0.02933239
0.03066198
0.02099189
0.04013896
-0.00267796
-0.02635207
0.03273435
0.07642849
0.05058210
0.00196685
-0.05751552
-0.07055685
-0.05714096
0.02896721
-0.03810179
0.00840238
0.02320850
0.03559176
-0.05299073
-0.00270319
-0.01037937
-0.00747963
0.04049577
0.02051294
0.04534229
-0.02139632
-0.02828739
0.02736306
0.01661200
-0.01108393
-0.04992796
0.00607291
-0.05093850
0.00049315
0.01124555
-0.05776454
0.01748751
-0.04986654
-0.02552445
0.00992162
0.01563542
0.01273781
-0.03648615
0.01797376
-0.00378626
-0.04426552
0.01860153
-0.06284778
0.02038511
0.02288130
-0.00201016
0.02756370
0.02991324
-0.01693550
-0.00085021
-0.01275387
0.04453530
-0.03852613
0.02683017
-0.03244517
0.03369967
-0.04191502
-0.00904940
-0.01445790
-0.01624942
0.00153371
0.02959844
0.02426403
-0.02603065
-0.05320200
0.09134120
-0.02146757
0.00480303
0.02526069
-0.01347793
0.04960852
0.06070431
0.03938948
0.02499752
0.02502963
0.00296031
-0.03073631
0.01969692
-0.00953998
-0.04938022
-0.12099914
-0.02836537
-0.04337825
-0.05790930
-0.01778487
-0.02815366
-0.09777303
-0.01588011
0.06211637
0.05848902
-0.04140678
-0.10412287
0.00684297
-0.02856440
0.01826651
0.06508522
0.05993808
0.06437120
-0.03233692
-0.10299548
0.02290328
0.03351589
-0.01135917
-0.00972765
-0.02385015
0.01929973
0.05233561
0.01990466
-0.01701384
-0.10094952
0.05269317
0.02925650
-0.02019680
0.00567591
-0.05528075
0.03885966
-0.09158923
-0.03405468
-0.02476099
-0.00362975
0.02292186
-0.00959104
0.06965126
-0.00462984
0.00832124
-0.02804747
0.02293305
0.02088828
-0.03015714
-0.02593026
0.06503811
-0.04603006
0.00102074
-0.02534511
0.02362455
0.02409264
0.04200704
0.04238185
-0.01897655
0.09255852
0.00028689
0.02283111
0.02294624
-0.08101663
-0.01036617
0.01852639
0.11001632
-0.06762345
-0.05218474
-0.02930573
-0.05553334
0.00540180
-0.01093843
-0.05426833
-0.00520480
0.01136443
-0.07788809
-0.05032355
0.06373641
-0.00204245
-0.00120541
-0.01802127
0.04958038
-0.07278766
-0.01461335
0.02892847
-0.05703134
-0.00085910
0.06763729
0.01824983
-0.01549283
0.01928950
0.03181526
0.02081620
0.06530575
0.08146124
0.00231017
0.02575069
-0.05209168
-0.01507802
0.06749097
0.05714335
0.01530313
0.04004375
0.05716408
-0.03257668
0.06245121
-0.04225424
0.00496587
0.08085432
0.02245402
0.04009017
-0.01415850
0.04111367
-0.02087282
0.02261337
0.04187520
-0.00878937
-0.02798076
0.03704208
-0.04335999
-0.07100987
0.04907879
-0.01026383
0.05227834
0.02069051
-0.03981461
-0.01511800
0.02320388
0.03678581
0.00527331
-0.02865711
0.00357701
0.03710470
-0.09182699
0.02404482
-0.11457279
0.09341372
-0.05493749
0.04596584
0.08483033
-0.01110267
0.10076072
-0.14452904
0.02682965
-0.04391125
-0.07849779
-0.07667062
-0.00456382
0.06146409
0.03100611
0.03056341
0.07463567
0.01358136
0.11939400
-0.00754388
0.02235323
-0.02298033
0.00898330
-0.04521791
0.00137198
-0.00896719
0.03129299
0.05006000
0.00029267
-0.10408758
-0.03477227
0.04315192
-0.03829543
0.05792251
0.04761896
-0.01487651
0.06608750
0.01498248
-0.03377281
0.03714684
0.07245347
0.03476770
0.09515443
0.04361206
0.00767332
-0.04970919
-0.03883883
-0.08695623
0.01887917
0.03204716
0.09315351
0.02387725
-0.01299218
-0.01485579
0.00136095
-0.04778435
-0.04755634
0.01938943
0.00562472
0.03117570
-0.04197205
0.02254670
0.04118472
0.01348349
-0.02416518
0.04016419
-0.02942166
-0.05950245
0.10285732
-0.04964723
-0.06698715
0.01577787
-0.04554197
-0.03922309
0.00341291
-0.01731442
0.02955935
-0.05576005
0.01566680
0.01256841
0.06128902
0.04536609
-0.03082613
-0.03686615
0.03766873
-0.03049895
-0.05407653
0.02075546
-0.08959656
0.07390992
-0.09848863
0.02384571
0.04069345
0.06476679
0.01289865
0.12440964
-0.14773454
-0.08269896
-0.05989050
0.01514758
0.00614340
0.01663088
0.01585610
0.01057892
-0.10146997
0.01913170
0.01499683
0.02676831
0.01326243
-0.01962447
0.06634182
0.12301321
-0.04252919
0.04286899
-0.08696241
-0.01501280
-0.04745401
0.04173215
0.01459577
-0.01605978
-0.03961188
-0.02393574
0.00603783
-0.03240540
0.07168394
-0.04981809
0.01705136
0.05324987
0.02771067
-0.01394363
-0.03295828
-0.05879257
-0.04422314
0.04000643
0.00098883
-0.00774471
0.07945900
0.03963253
0.05787031
-0.00552581
0.01750303
-0.03744312
-0.00851984
0.00096966
0.03907244
-0.03076419
0.00310378
-0.00308875
-0.02156392
-0.13850488
-0.00326850
-0.03264341
0.03309152
0.00260543
-0.03561504
-0.04463382
-0.02121994
-0.04732694
-0.02258864
0.03330992
-0.01715096
-0.01447507
-0.05770600
0.06918518
0.07330242
-0.05962286
0.01924189
0.00012533
-0.04874486
-0.02964869
0.00669659
0.00917590
-0.01089481
0.09080602
0.04105119
0.02465914
0.01367327
-0.04225780
0.05055324
0.01271060
-0.02067115
0.03646734
0.01382451
0.02554089
-0.03065359
0.00600036
0.05801434
-0.03704739
0.05457889
-0.04775249
0.03204005
0.07598413
0.01302262
-0.04800384
-0.08102922
0.02603339
0.03312540
0.06045138
-0.01100762
0.03523529
-0.02301060
-0.01352916
0.00429217
0.04648247
-0.07752146
0.03651298
-0.04917612
0.02100575
-0.04995711
0.01508164
0.05920073
0.02708807
0.00983196
-0.06566717
-0.04861266
0.01726088
-0.01564005
0.09221299
-0.02439247
0.01753324
-0.01729175
-0.00012026
-0.04175488
0.01558484
-0.01154733
0.09494349
-0.02796094
-0.02589517
-0.06367461
0.04764868
0.04095757
-0.07845536
0.00631348
-0.00023501
-0.04799544
-0.04701157
0.01872878
0.08167252
0.01252288
-0.05355378
-0.08695761
-0.00274128
0.00182093
0.01129295
0.00223840
0.02467572
0.03324321
-0.03651109
0.00558564
0.09190048
-0.01579761
0.00563697
-0.00767808
-0.01200174
-0.01748702
0.01596208
-0.09105293
-0.04701400
0.00967183
-0.01687310
0.08418201
0.03710609
0.04559261
-0.06529000
-0.00131448
-0.00097919
-0.02931501
0.03883411
-0.07566872
0.06100783
0.00682507
0.03347968
-0.02608890
0.00023478
0.03561568
0.01520893
0.02112951
0.00869443
0.04713691
-0.00785946
-0.02968589
0.08709210
-0.04430991
-0.01465149
0.02031362
0.03167111
-0.03577482
0.01609777
-0.03434394
0.04092359
0.01212391
-0.01547146
0.03953275
0.02628002
-0.03206873
-0.02484384
0.00595808
-0.01647718
-0.06359194
-0.00958379
0.02516813
0.09686092
-0.06119532
-0.06903115
0.02867463
-0.03634690
0.04412687
0.02110826
-0.03129351
-0.01539316
-0.10716324
-0.02642598
-0.00841715
-0.02132509
-0.05539281
0.07194424
0.01425488
0.01648482
0.02495050
0.01273377
0.09253931
-0.02276675
0.06586695
0.07253063
-0.02277978
0.05657651
0.04882640
-0.07699099
-0.03498378
-0.03991436
-0.00705425
-0.01070917
0.04697169
-0.01420246
-0.01039363
0.01218988
-0.05008193
0.02168803
-0.06294128
-0.03801610
-0.05829650
0.03003576
0.05904562
-0.00626144
-0.04377043
0.09329131
0.02778152
0.01020964
0.01208370
0.06247302
-0.00417217
0.05867152
0.00614698
0.01389648
0.00371955
-0.02621171
-0.05576958
0.02608880
-0.01312333
0.02320823
0.01774808
0.03977365
0.00415380
-0.09678727
0.03158818
0.04464103
0.10785579
-0.00913640
0.06303997
0.04416439
0.00507463
0.06473533
0.00678994
-0.00995184
-0.07912757
0.03206890
-0.03222415
0.06127684
0.02688345
-0.03132449
-0.07503007
-0.00440381
-0.04254134
0.02417174
0.02100282
0.13099173
-0.13672748
-0.03161803
0.11585264
-0.07504942
0.02228967
0.15650564
-0.10577462
-0.01452115
-0.06841517
-0.12078856
0.04100787
0.04612270
-0.07941879
0.01589920
0.02767894
-0.08508119
-0.03500547
-0.03134056
-0.03819785
-0.12694491
-0.00910037
-0.07369225
0.04211435
0.11679477
-0.06133008
0.05907143
0.04658800
0.05195414
-0.02886814
-0.04536530
0.19535325
-0.03766755
0.02768808
-0.08725812
0.10739376
-0.05906326
-0.00530851
-0.03963821
0.00994181
-0.17387845
0.00113460
-0.03692421
0.03345991
-0.06890675
0.07872725
0.11039243
-0.04437106
-0.00709576
-0.01118634
0.07142819
0.19371545
-0.03827468
-0.04743085
-0.05063342
-0.02914176
-0.00531979
0.06273807
-0.03886997
-0.02217996
0.03788250
-0.09295096
0.04497375
-0.10852338
-0.08759800
0.05404280
0.09203891
-0.07233394
-0.01257945
0.04556854
-0.02686533
0.01609769
-0.02956636
0.05641163
-0.12814339
-0.04217413
-0.00687652
-0.01915469
0.01773703
0.07128001
-0.00257966
-0.03993917
-0.08673099
-0.01539143
0.04232852
0.02832868
0.02869987
0.02448650
0.03998562
-0.05528130
-0.00581143
0.04935218
0.00835646
0.06983770
0.04671610
0.02314392
0.03384289
0.09079459
-0.01253054
-0.02191386
-0.08365367
0.00355938
-0.01486236
0.02477368
0.01547082
-0.04809316
0.02201036
0.00455082
-0.02864526
0.03797445
-0.04302328
0.06900107
0.00507488
-0.05481733
-0.02934773
-0.04277653
-0.08690338
-0.01208744
0.01281591
0.04697929
0.12949178
0.03901222
-0.01259001
0.05513780
-0.05203664
-0.00475395
-0.03778194
-0.04663001
-0.02889595
-0.05548952
0.11924685
0.12396822
-0.00658951
-0.02322827
-0.01378819
0.05814690
-0.00664579
-0.10559826
0.12530601
-0.09083978
-0.01375510
-0.00998598
-0.01452022
0.03769867
-0.03183536
0.16117440
0.00614929
0.02119648
0.02473693
-0.02157020
0.00864644
0.17735489
-0.06354290
-0.08499429
0.04936527
0.04259952
-0.01290098
0.08568422
-0.00409705
-0.00729830
0.06673163
-0.02253156
0.03056171
0.02963425
0.01580858
-0.04385993
-0.01906032
0.04091276
-0.00181134
0.06645061
-0.00329665
-0.07013164
-0.02580251
-0.01302868
0.04446417
0.03061161
0.01351582
0.05638958
-0.03979466
-0.02976772
-0.10244506
0.00198430
-0.00062896
-0.02464979
0.03885123
-0.05217595
-0.00593975
0.06366831
0.01048630
0.02602893
-0.01501775
-0.08398973
0.01408218
0.01486396
0.09458918
0.10348969
-0.15414238
-0.07077962
0.02217770
-0.02562341
-0.03837552
-0.02614995
0.03077079
0.03987916
-0.09274110
-0.07483590
0.04929376
0.06793554
0.01653562
-0.08597617
0.00412304
0.09421369
-0.01672504
0.05299804
-0.02578513
0.07423250
0.07199806
-0.03301738
0.11544999
0.05594393
0.01204733
-0.13575764
0.02417475
-0.15043175
-0.07887476
-0.11078871
0.04345303
-0.06981820
-0.04443238
-0.20006497
-0.10303275
-0.05162481
0.03052869
0.00570158
0.03794748
-0.01172774
0.00648922
-0.02879242
-0.02040031
-0.03109460
0.03747494
0.00587576
-0.04158620
0.04524084
-0.01659766
0.01787716
0.03723709
-0.01480808
0.01457224
-0.04253062
-0.02704207
0.03703921
0.03438945
-0.00851144
0.01262814
-0.01136398
0.01959942
-0.03980970
-0.04609285
-0.02967553
0.00844581
0.03354766
-0.02816662
-0.01234907
-0.04099503
0.02649329
0.01504127
0.05503481
-0.00577459
-0.05737711
0.02182601
-0.00382429
-0.01525583
-0.02828623
0.03415857
0.02474671
-0.05285178
0.02788854
0.05322563
0.00868721
-0.02965976
-0.04108322
-0.03178956
0.01538236
-0.03127805
0.04396708
0.02757282
-0.00575906
-0.01818009
-0.02129452
-0.04462629
0.02652057
-0.01337597
-0.04650127
-0.00720848
-0.02614249
-0.03012224
-0.00943147
-0.01050344
-0.07011683
0.01128062
0.02759200
-0.01356723
-0.03181686
0.00029296
-0.03602277
-0.03675671
0.01118946
-0.04270659
0.03865394
0.00623332
0.02524888
-0.01567046
-0.03251250
-0.02404556
-0.04477822
-0.01924599
0.00488044
-0.00583565
0.00441871
-0.03488467
0.05201003
0.00029199
0.03114282
0.01242380
-0.00307527
0.04724671
0.00687042
-0.00271060
0.01277811
0.03397331
-0.03321305
-0.01695553
0.02600016
0.03268931
-0.05948429
-0.03213654
0.02214020
0.02350479
-0.00091745
0.04725993
0.01611286
-0.04559815
-0.00241407
-0.00358103
-0.05710662
0.00071998
0.00306030
-0.01737038
0.05505486
-0.01966146
0.03298188
-0.02921219
0.01787570
-0.02169063
-0.03864648
0.03992279
0.02586754
-0.00393250
0.00368613
0.00962115
-0.00641676
-0.05703607
0.04779036
0.02621617
0.02575299
-0.01698951
-0.00956661
-0.00140430
-0.02087079
-0.02115256
0.04041125
0.03914215
-0.00487356
0.00053099
-0.04860931
0.00575454
-0.01033222
-0.02388458
0.02435456
0.03823149
-0.00611274
-0.02833210
-0.00470869
0.05300644
0.03773300
-0.01743250
-0.01901612
0.04184717
-0.06815599
0.02930296
0.02371809
-0.04443538
-0.02173669
-0.03419355
-0.02369858
-0.03267616
0.01419674
0.02135479
-0.00961844
0.03765603
-0.06008268
0.02533540
0.01590572
0.01029031
-0.05257863
0.02471637
0.02293885
-0.03904089
0.05637071
-0.04768011
0.01889621
-0.01341007
0.02986800
0.00589877
-0.06174582
-0.02000488
0.04916555
-0.04191367
-0.02139107
-0.01680537
0.03569575
0.00060712
0.02458449
-0.01546791
-0.01983007
0.04824926
-0.02317636
-0.03465191
-0.04274615
-0.01542927
-0.05404981
0.03788000
-0.03180517
-0.00815283
-0.00281794
-0.04358343
-0.05492214
-0.00928035
-0.06692153
0.01676506
0.01910382
0.00355984
0.04996245
-0.01365010
-0.03066621
0.00642553
-0.01247954
0.03811355
-0.04694770
-0.02405380
-0.07702917
-0.04012809
0.02515753
-0.06115375
-0.03327338
-0.00905471
0.00762577
0.04939611
0.04452467
-0.03861447
-0.02048973
-0.04702792
0.01151833
-0.03025736
-0.00247616
-0.00091437
-0.03689608
0.02751749
-0.02733588
0.03262290
-0.02978987
0.03479012
0.01965504
-0.01407455
-0.06311157
-0.03254780
-0.01940462
-0.00029256
0.02536790
0.01726169
-0.00969663
-0.02568419
-0.00490062
0.00448861
0.02296097
0.01115435
0.14351378
0.04794472
0.05476703
-0.01838895
0.04408489
0.11778457
-0.09081489
0.07115105
0.02736015
-0.07143524
0.03156009
0.02789706
-0.09181602
-0.03055773
0.04590838
0.00883341
-0.08767759
0.05471246
-0.03494653
0.03462211
0.04036867
0.04509011
-0.06808230
0.06456406
0.02749849
-0.05776010
-0.04135057
-0.00207058
-0.08795616
0.01052913
0.01948750
-0.04811323
-0.05428070
-0.01713126
-0.01621618
-0.05001802
-0.04334600
-0.00989148
0.08179225
-0.06572783
-0.15467419
0.10178615
-0.01439162
0.04901570
-0.08814123
0.10736172
-0.10095316
0.02042979
0.02957620
0.03395895
-0.04152871
-0.04342794
0.02691138
-0.00513617
-0.02265414
0.04442039
0.02261187
-0.03151586
-0.00912288
0.04911106
-0.06256405
-0.02868897
0.04920512
0.05990062
-0.04849428
0.01122477
-0.00145754
0.07796314
0.12436740
-0.04338526
-0.05404716
-0.02108500
0.01149523
-0.00758800
-0.08831735
0.02308119
-0.05867731
0.06962703
-0.00471726
0.12292958
0.03264349
-0.15096746
0.00210584
0.02351646
0.07593340
0.02506390
0.01638113
-0.00631473
-0.04696339
-0.00137399
-0.02295399
0.08319008
-0.03800527
-0.04238977
0.05019899
-0.01268085
-0.06506606
0.02642340
-0.07448718
-0.03655507
0.05203689
0.03783335
0.04266145
-0.00717689
0.09419964
-0.03583989
0.05887728
0.12286197
-0.04123982
0.01273755
0.06477571
0.11479172
-0.03486150
-0.06687844
-0.01543507
0.06318763
-0.05952867
-0.10169479
-0.02394374
0.02139696
0.06468372
0.03296015
-0.01394786
0.01814051
0.03870782
-0.04119379
0.04160578
0.03217692
-0.01230592
-0.01870782
0.04741574
0.06881094
0.02638326
-0.09076367
-0.06092428
0.04699477
-0.00992491
0.00724623
0.02612961
-0.02863730
-0.05641828
0.04470130
0.08056982
-0.03505639
-0.07834036
0.02860458
0.04180738
0.01408464
-0.06260948
0.14281932
-0.02379354
0.14772944
0.06747130
-0.01736261
-0.01242623
-0.03668244
-0.02735090
0.06642300
0.11535327
-0.12919314
0.07443288
-0.04692853
0.04265470
-0.03763488
0.13805801
-0.08349504
-0.01240053
-0.08368102
-0.03541134
-0.01569287
0.08064850
-0.01496354
-0.01754376
0.06013098
-0.00766222
-0.09226100
-0.10494170
0.08673449
0.08566949
-0.03533861
0.02772650
-0.10070352
-0.00708637
-0.07693724
0.00845164
0.06856942
-0.01192049
-0.00488554
-0.05821345
0.06642926
-0.01696240
0.03210085
0.04428798
0.00524794
-0.03295692
-0.05241286
0.00188867
0.00679267
-0.01622377
-0.07569660
-0.09388861
0.02801660
0.06055235
-0.04845444
0.04511547
0.07557834
0.01356859
-0.02016769
0.06416015
0.00812911
0.10872912
-0.02913485
-0.01392695
0.03052126
-0.02473448
0.04420055
-0.02903342
0.07658127
-0.03202587
-0.02433226
0.09257026
-0.01226783
-0.08991024
0.07757181
0.02450827
-0.02009369
-0.05840619
0.05585470
-0.00908834
-0.05922839
-0.04332115
-0.03482028
-0.03543802
0.16063155
0.10507223
0.04523169
-0.04515596
-0.04400042
-0.01029762
0.08295524
-0.07780381
0.00072957
0.02486623
-0.02576612
0.13450949
-0.06470938
0.04939323
-0.02621673
-0.10549955
-0.00492907
0.00518630
-0.12786141
0.11616766
0.07868374
0.15442650
0.02376616
-0.00241668
0.04422330
-0.04683956
0.04309735
-0.02730896
-0.04867554
-0.00836773
0.00294099
0.01780692
0.04416518
0.02007183
-0.00161361
-0.00361192
0.03304181
0.04189703
-0.04697215
0.01676657
0.01281774
0.01631193
0.05050765
0.03688744
-0.02989681
-0.01213792
0.02063197
-0.02315799
-0.04665868
-0.01569221
-0.02531026
-0.04281466
0.02757583
-0.00673582
0.00434975
0.03701581
-0.03498729
0.00353592
0.00402526
0.02867017
0.01210614
-0.00019937
0.00273026
-0.00448313
0.01544133
0.02273544
0.00804330
-0.01216279
-0.05383027
-0.03558647
0.00973388
0.04785735
0.02204820
0.02145084
-0.01299302
-0.04720262
0.00499875
-0.00744400
0.04258163
0.02441082
0.04029818
-0.00993678
-0.04880245
0.02997477
0.03346917
-0.04601355
-0.01433655
-0.01481937
-0.01517237
0.03107383
0.03752794
-0.01708671
0.00047887
-0.02034282
0.03468322
0.02377794
0.03671750
-0.05558810
-0.01621673
-0.02756290
0.02449450
0.01346701
0.02299491
-0.02317234
-0.01497640
-0.03342348
0.00162927
0.00927853
-0.02239287
0.04719677
-0.03539948
0.04321119
-0.04852733
0.01773224
-0.05440649
-0.05544212
-0.05343528
0.03060313
0.02632048
-0.03516508
-0.02729163
-0.01539088
0.02804914
-0.00612563
-0.01466228
-0.03650310
0.02609672
-0.04987513
-0.02713056
-0.02894756
0.03775393
0.01368231
0.05302403
0.02703450
-0.03380699
0.02908724
0.01673063
0.03732729
-0.03149244
-0.01193437
0.00898200
0.02700000
0.02556418
-0.04169068
0.01426568
0.02509540
0.01002712
-0.01961953
0.03509375
0.00581956
-0.04598702
-0.01254668
-0.01038617
0.01902990
-0.04248276
0.02817012
-0.02659800
-0.02997567
-0.00322808
-0.04575674
0.01898687
-0.01284106
-0.02310888
0.01118666
-0.02909373
-0.01495727
0.04045705
0.03712538
0.01037053
0.04751246
0.00362480
0.02941204
0.03286888
-0.04652810
0.00404189
0.01173610
0.05531648
0.01913759
-0.00545829
-0.02470546
0.03374095
-0.00097267
-0.03843617
-0.03985454
-0.03944821
0.01080825
0.00678645
0.04937080
0.04075815
-0.00997602
-0.01136639
0.01206872
-0.02635254
0.03569965
-0.01737602
0.02859269
-0.04679804
0.01955684
0.02995021
-0.01391003
-0.04220643
-0.03842697
0.02007617
-0.00437385
0.02949744
0.00433513
0.00499032
0.03121962
-0.01316084
-0.04437819
-0.03727566
0.04180341
-0.00775932
-0.03330826
0.00924769
0.01585171
-0.00911207
-0.03321085
0.03426538
0.04472835
0.03449369
-0.04844911
-0.05276432
0.03585680
-0.04605238
0.03262147
-0.00592560
0.03458308
-0.04074739
0.04198403
0.03539220
-0.02844530
-0.00178704
0.03574829
0.04968508
-0.00433459
0.00825084
-0.02857507
0.04875451
0.00519663
-0.01830747
-0.04883396
-0.02545712
0.00884244
-0.00784510
-0.03112872
-0.00349365
-0.05067348
0.00468912
0.04369121
0.01175067
-0.03907681
-0.00594098
0.01312175
-0.04234078
0.00215637
-0.03284234
-0.01552682
-0.03262533
-0.00109791
-0.04756249
0.00032505
-0.02454283
0.00571980
-0.00375283
-0.02871520
0.03798208
0.02726832
-0.03260121
-0.04619487
-0.00782512
0.01547793
-0.01302726
0.03722167
-0.02461455
-0.03612683
0.04528637
-0.00766814
-0.04722200
-0.02071772
-0.03268380
-0.00394853
-0.03483561
0.00816793
0.03809156
0.02921086
-0.05158335
0.02537503
-0.01669039
-0.01500171
-0.01227686
0.03784925
0.00158811
0.00155379
0.02251800
-0.02530933
-0.00305869
-0.03161185
-0.01304203
-0.00885558
0.01873896
-0.00089732
0.03450786
-0.02634310
-0.04893296
-0.01718037
0.01872382
-0.01536618
0.02003079
0.02687995
0.04335815
-0.02317066
0.02944697
-0.04780847
-0.02831506
0.04405381
-0.00323852
0.02096840
-0.00342626
-0.02328908
-0.02178854
-0.04331245
0.04262415
0.04554334
-0.00685150
0.03600622
0.00355215
0.03859029
0.01271788
-0.02157792
0.02616807
0.01529058
-0.00466265
0.02062063
-0.02847085
-0.02109819
-0.01293000
0.02962469
-0.04468763
-0.00497759
-0.01356720
0.01033377
-0.00421216
0.04176266
-0.01283404
0.00005167
-0.02475664
0.00624481
-0.01203364
-0.03952908
0.00958373
-0.04674127
0.02391247
-0.00471330
-0.03119868
-0.03982066
0.00588724
-0.00636534
-0.03939395
0.03237295
0.01602915
-0.01850849
-0.02426671
0.02692554
-0.03399475
0.04507036
-0.03595443
0.03305601
-0.02871824
-0.02905574
-0.01248505
-0.03786471
0.02045227
-0.01240095
-0.04254465
0.03724002
0.00090349
-0.01901512
-0.02879445
-0.02123123
0.04589351
-0.00091810
0.04189945
0.02152863
0.03107488
0.01627976
-0.02216624
0.00977451
0.03506602
-0.03370652
0.04531053
-0.03802315
-0.02597199
0.03232019
-0.02232510
0.01743236
0.03646420
-0.00026339
-0.01011768
-0.04092498
-0.02049959
-0.04617681
0.01966756
-0.03440859
0.01390270
0.03317425
0.02352371
-0.00428198
-0.03252855
-0.03041958
0.04093362
0.02753721
0.01158208
-0.00485370
-0.00437187
0.04883388
0.02568556
-0.00501443
0.04773579
0.01278622
0.02329302
-0.04799288
-0.03795318
-0.03775233
-0.01062652
-0.00960193
-0.03717571
0.03560603
-0.01163338
-0.00138873
0.00702909
0.01678848
-0.03106799
-0.04649504
-0.01533921
0.00603616
-0.01979774
-0.01010780
-0.03008809
-0.00658932
0.03690760
-0.03004904
0.02671123
0.01971375
0.03305484
0.02638343
0.04184460
-0.04265112
-0.00067070
-0.02236204
0.04995055
-0.03015526
-0.04087931
-0.02327136
0.00000796
-0.04449959
0.04468283
-0.00543928
0.03819010
0.02816520
0.01762583
-0.05061074
-0.03043764
0.02749015
0.04151996
0.02085460
-0.01617959
0.02147862
-0.00101949
-0.03363659
0.02517722
-0.00830314
0.04351361
0.00280151
-0.02945244
0.02531906
-0.03656306
-0.01542168
-0.00608282
-0.00146679
-0.00060784
-0.02147164
0.01472459
-0.01516180
-0.04776974
-0.00430991
-0.04732965
-0.04799961
-0.02253450
0.03039759
0.01784271
0.04287739
0.00854917
-0.04913073
-0.03327813
0.00661751
0.04416273
-0.01012467
0.04216221
0.01320695
-0.03588453
-0.03564169
-0.00017819
0.01229635
0.03167508
0.00803661
-0.04007352
-0.03484397
-0.03938372
0.00570539
-0.01109981
-0.00117454
0.02617319
0.04076072
-0.03464952
0.00557295
0.01580604
-0.01309029
-0.00428638
-0.01652805
0.03859846
-0.00531765
-0.00291221
0.04411196
-0.04234720
0.01564559
-0.03618201
-0.03052085
-0.00074380
-0.04480788
-0.04776204
-0.04665929
-0.01252547
-0.00715344
-0.01689396
-0.05111277
0.00592043
-0.02032875
-0.01866112
0.03840104
-0.09066994
-0.02786133
-0.05767506
0.00563307
0.01709555
0.03778895
0.03666640
-0.03878032
-0.01764321
-0.02901284
0.05899106
-0.09433001
0.03109204
0.04995845
-0.03269437
-0.09955877
-0.01930446
0.00541453
-0.05572548
0.08171371
0.09664992
-0.00734473
-0.04230381
-0.08489958
-0.05906599
0.00434734
-0.00976331
-0.01746375
-0.03179788
-0.05055301
-0.07945547
0.03475635
-0.00909722
-0.05407246
-0.02947713
-0.12729070
-0.02618409
0.02289049
-0.03997807
0.04989121
-0.01002306
0.02585331
0.00675712
-0.02135253
0.04477694
-0.02750584
0.04133692
-0.06018094
-0.00275623
0.02238611
0.01302067
0.03799566
0.02689046
0.00271586
-0.04807616
-0.09978675
0.08853826
-0.01238536
0.02433098
-0.03991608
-0.06738914
-0.01761355
-0.03976324
-0.00415934
-0.01055054
0.04838982
0.00238464
-0.03404981
-0.00686684
0.00287381
0.07379032
0.03909019
-0.00782049
-0.00528947
-0.06441803
0.05151591
0.00630217
0.00417305
0.00876323
-0.02182256
-0.02447474
-0.05739801
-0.03145314
-0.02981637
0.00755115
0.06885294
0.05966222
-0.07669048
-0.11306041
0.03221928
-0.02828452
0.03214985
-0.04557186
0.02829107
-0.03056401
0.06778042
0.05111298
-0.02562309
0.03984651
-0.02571014
0.05503538
0.00356689
-0.00604375
-0.05169480
0.04743086
-0.04291670
0.00586305
-0.04302174
-0.03719829
-0.00327666
-0.06303579
0.08891088
0.06625105
0.07842337
0.05710013
0.05159577
-0.07328776
-0.01475533
0.01670361
0.12482064
-0.02419201
0.07187098
0.03596757
-0.00433825
0.02901240
0.00905779
-0.03796186
0.03952768
0.00512125
-0.01539507
0.05967424
-0.07184103
0.02045359
-0.00328029
0.03876587
0.02355739
0.00792328
-0.00969043
-0.04085256
-0.09376067
0.01996091
0.03096694
0.04705413
-0.03588758
-0.02525242
-0.02230480
0.03672835
-0.11129805
0.00992061
-0.02706356
0.02530844
0.07468841
0.05154382
0.06179778
-0.04910999
-0.02531678
-0.01497130
-0.04272968
0.00009495
-0.11880074
0.00384054
-0.04858462
0.01392535
0.05981539
0.02878185
0.08787859
0.00395853
-0.04445441
-0.02336509
-0.00351642
-0.00199741
0.01204606
0.00214715
0.04431317
0.04105173
0.03177292
-0.01488016
0.01245355
0.01200452
-0.02780014
0.03434375
0.02222517
0.09116363
0.01961312
0.02765827
0.06956782
0.03173110
-0.02351107
0.03404639
0.01685602
0.04804473
-0.00563936
-0.05108283
-0.03296433
-0.07398316
-0.03439586
-0.02815548
0.07201495
0.04717264
0.02182190
0.01035831
0.03495828
-0.05415552
-0.00680178
0.00653152
-0.00842147
0.01873581
0.01447373
0.02570795
0.04763168
-0.00352598
-0.05572852
-0.00496978
0.03687196
-0.11893951
-0.02223423
-0.03744993
-0.05380515
0.03932408
-0.05110105
0.00313980
-0.04063488
-0.00770554
0.04689408
0.04117366
0.04545424
-0.05191958
0.00889469
0.07558547
-0.04756820
-0.04212881
-0.02116664
-0.06081421
0.01426793
-0.03914207
0.04059700
-0.10460395
-0.02449971
0.05529692
0.01338609
0.03080574
-0.04556356
0.09061976
-0.02110893
-0.02109251
0.00937905
0.04806669
-0.04781308
0.02718820
-0.02885384
-0.00530733
0.02843612
0.01485865
-0.03987318
-0.04405597
-0.01401738
-0.01386918
0.02231286
-0.02430518
0.03652729
0.03536440
-0.00812721
0.00427241
-0.03600916
-0.02123261
0.02849913
0.05239614
-0.04243202
0.00243981
0.02146186
0.01324985
-0.02933796
-0.00644554
-0.01640010
0.00880189
0.01153330
0.00503946
-0.05847666
0.06725753
-0.02338257
0.04233497
0.01283088
-0.05845453
-0.02851260
0.04210252
0.00525480
-0.03796035
-0.03385606
-0.01369102
-0.01268260
0.00851209
0.03167560
0.02703855
0.02795151
-0.04271114
-0.01026394
0.00536678
0.01054000
0.04172326
0.00226028
0.00187762
-0.04626384
0.04834391
-0.04816553
-0.00843150
0.03145369
0.03742813
0.02966467
-0.00527131
0.00133731
0.03676353
-0.05059696
0.05087934
0.00920848
-0.02578957
0.03366934
0.02830807
0.03207202
-0.02819443
0.04543678
-0.03414907
0.00258903
-0.06269635
0.04728774
0.00181736
0.01835653
0.05177087
-0.02320099
-0.02228230
0.04731731
0.06767135
0.03217645
-0.01886213
0.04805243
0.04510910
-0.00371949
0.01237801
0.01259567
-0.03416988
-0.02279218
0.03242116
-0.01243933
0.00539961
0.02405470
0.02695252
-0.02330669
0.00872472
0.01980977
-0.03151480
0.01878629
0.04110442
-0.00536312
0.01155657
0.05991936
-0.03576920
0.00728849
-0.02097263
0.03506178
0.03576761
-0.02936497
0.06601987
0.02667253
-0.01898369
-0.03255403
-0.07603323
0.04007552
0.01736520
-0.04248055
-0.06678924
-0.02308353
-0.04785299
0.01543068
0.01178083
0.01393042
0.00315473
0.00062764
0.02976723
-0.00438935
-0.01777034
-0.04092214
-0.04523822
-0.03431189
-0.04074765
-0.00156243
-0.05437343
0.04967630
0.02806434
-0.01235570
0.04196169
-0.03994900
0.02080344
0.03064094
0.00100688
0.01155570
-0.05990383
-0.00840039
0.00396611
0.01761108
-0.02498146
-0.06648480
-0.00963074
-0.02259434
0.00080164
0.00594497
-0.02837137
-0.01507883
0.03361119
-0.02550302
0.05483136
0.03485315
-0.03332977
0.00038247
0.02957113
-0.03905775
-0.07740125
0.05779373
0.02246032
0.03722131
0.00946305
-0.04588515
-0.02214293
-0.03102522
-0.04358184
0.02346402
-0.03035680
0.06451964
-0.02482687
-0.02555042
-0.01537023
-0.00380764
0.04621065
0.01523795
0.02247444
-0.03036532
-0.01094465
0.05565171
0.00530264
0.04553676
-0.00134149
-0.02331003
0.03862066
-0.01316543
-0.04763254
0.01349544
-0.04389091
-0.03074643
-0.03431920
0.02967866
0.00149712
-0.00190703
-0.05773618
-0.04014475
-0.03757984
-0.01151912
-0.04750164
0.00715078
0.08434354
-0.04254114
0.01085119
-0.00526791
0.03651915
-0.01073779
-0.03984455
-0.05025094
-0.01787749
0.01126292
-0.04686249
-0.06626112
-0.03126470
-0.01741875
-0.05767898
0.06237895
0.03884877
-0.04560526
-0.01772631
0.02188715
0.03356781
-0.03543058
0.05632538
-0.02764847
-0.02350419
-0.04521386
0.05645877
0.03940513
-0.00451213
0.07259105
0.03988055
-0.03185837
-0.01838547
0.00713678
0.02604220
-0.02501761
0.00664448
0.00352980
0.04520029
0.01496660
-0.02188393
0.04140510
0.01674836
0.05192054
-0.04893900
-0.04650912
0.00461131
0.02543327
0.02404014
0.02589907
0.04400381
-0.05862234
-0.09496810
-0.03002551
-0.00675801
-0.01050594
-0.02782309
0.01162575
-0.03278007
0.03047219
0.02144895
-0.03792199
-0.06899833
0.11023270
-0.03090230
-0.01683946
-0.01362326
0.11393058
-0.01776827
0.03084796
0.03455908
0.02906714
0.04223242
0.10448562
0.04786872
-0.01837264
-0.01246536
0.04968648
0.11573098
0.03750128
-0.01398106
0.02505691
0.02074354
0.00745180
-0.06963205
0.07579917
0.04367563
0.03820747
0.04265716
-0.08255208
0.12405635
0.03524802
-0.08688372
-0.01032937
0.05291594
0.00576522
0.06042608
-0.06196218
-0.00055304
-0.00151642
0.05716398
-0.06658026
-0.07258300
-0.01506340
0.00138312
-0.01144083
-0.00319711
0.06853209
-0.00393343
-0.02725640
-0.00413811
0.09565841
-0.10330250
-0.03723314
0.02992531
0.02002378
0.07259845
0.02602109
-0.00418688
-0.05483057
-0.03241889
-0.01720833
0.04545718
0.02510726
0.01426547
0.00606551
-0.07910047
0.07904669
-0.07742253
-0.00962136
-0.05739719
0.01431286
0.02969000
-0.00926156
-0.01765392
-0.00006643
0.00255624
0.05867744
-0.05660151
-0.02876450
-0.02345244
-0.00225933
0.00429317
-0.01197222
0.12765127
-0.00749620
0.05040709
-0.08162788
-0.07357132
0.00656943
0.03447669
0.02822488
-0.04606281
0.04383192
-0.00944236
-0.06391872
-0.07186395
0.01924508
-0.00836787
0.00105615
-0.04902688
-0.05032087
-0.09377655
-0.01511876
-0.00152871
-0.01955405
0.08745585
-0.02267302
-0.09806555
-0.01055399
-0.01224319
-0.04059196
0.02026457
0.01546545
-0.02305493
-0.14357471
0.03574998
0.01305878
0.04883118
-0.05790844
-0.05099304
0.01107892
-0.08737046
0.02228165
0.02558622
-0.03465375
-0.03847902
0.07710294
-0.03400038
-0.02563989
-0.03485512
-0.04429062
-0.03732790
-0.04888351
-0.04961378
0.08788814
0.05139817
0.01325183
0.04473428
0.05572616
-0.03886108
0.07547310
0.01750396
0.06953295
0.04339307
0.03563933
0.00455343
0.03022427
-0.03535790
-0.15240905
0.14347540
-0.03988799
0.03170592
0.11534203
0.05588141
0.01267096
-0.00220145
-0.02473491
-0.02586111
-0.06035111
-0.05348058
-0.02625624
0.05313772
-0.03718254
-0.04262487
-0.10466725
-0.07068557
0.04226409
-0.02227484
0.06229614
0.01629660
-0.02146742
0.13399449
0.03740875
0.02299329
-0.01887778
-0.02112815
0.03302972
-0.03714434
-0.04498769
-0.10001182
-0.03306504
0.04663099
-0.00065685
-0.08139643
-0.09451026
-0.01993141
-0.04705495
0.05079639
-0.06718942
0.12367979
0.05090888
0.02914940
0.02180048
-0.11738367
-0.00973407
0.09170806
0.09516861
0.04410597
-0.08872162
0.05014449
-0.06719423
0.08923423
0.06449414
-0.01425705
-0.00497288
0.02753257
-0.01369495
-0.03165853
-0.03347533
0.01600364
-0.07526367
0.05413691
-0.00194429
-0.02502784
0.01200298
-0.02139161
0.03950847
0.02020649
-0.07520580
-0.03193356
0.08206030
-0.07022952
-0.00728200
-0.07715213
0.01678568
0.04787450
-0.03788545
-0.03368340
0.09872942
-0.03682264
0.03215426
-0.07689326
-0.04409001
0.03365936
-0.06572191
-0.04677718
-0.01957581
-0.10013507
-0.01558184
0.02106702
0.01824502
0.00410552
-0.04329911
-0.05271852
-0.02852382
0.06852131
-0.01511450
-0.00589054
0.02947225
0.02863313
-0.04548601
0.03060228
0.00683620
-0.03696381
-0.03165114
-0.01264053
-0.02533851
0.02746173
0.01180423
0.03091372
-0.02839433
0.01816121
-0.03218708
-0.03381897
0.02666181
-0.03032747
-0.01647935
0.01481218
-0.02571047
-0.03706319
0.00703629
-0.03193634
0.03491089
-0.00150939
0.01765732
0.03011346
-0.01412781
-0.03407513
-0.02509037
0.00846826
0.01663590
-0.03729153
0.00763661
-0.02372487
-0.01379153
0.03304596
-0.00504244
0.00084563
-0.01623160
0.01140563
0.01688506
-0.01740092
-0.00563897
0.00300366
-0.01837123
-0.01936076
0.03660816
-0.03665888
-0.04723346
0.03494838
-0.00379170
0.02246326
-0.02104624
0.04856286
-0.03760707
-0.00810389
0.04485914
-0.02492118
-0.00731775
-0.03146142
0.00633497
-0.04302258
-0.04476769
0.00784079
-0.02272692
-0.00481217
-0.03377875
0.02920292
0.02707431
-0.01969459
0.02592424
-0.02660115
0.00966487
-0.00330935
-0.01032784
0.03319683
0.04547525
0.02865133
-0.01600887
0.01770026
-0.01386041
0.04587629
-0.04387718
0.01561740
-0.04617459
0.00071586
0.04597977
0.01966848
-0.04801868
-0.03721857
-0.03771626
-0.04411962
0.01932412
0.00308405
-0.01796697
-0.00650165
0.03400918
-0.00358952
-0.02377268
0.03853147
-0.04404170
-0.00925111
-0.01697331
-0.04901060
-0.01000388
0.00353513
0.01688285
0.00450105
0.04444733
0.03275824
0.00494707
-0.03190332
0.01048764
-0.04092571
0.00387628
0.03150522
0.02337278
0.02006934
0.04400928
-0.00393091
-0.00256871
0.03280067
-0.00923709
-0.04398433
-0.00980635
-0.03251898
-0.02288784
-0.00040949
0.04713513
-0.02354973
-0.01206699
0.00627021
-0.04380164
-0.04574079
0.00829258
-0.00368547
0.00628239
-0.00644142
0.01012942
0.02921068
-0.03033383
0.04175484
-0.00872569
0.02286746
0.01326888
-0.05086930
-0.01679078
-0.01279726
0.02283808
0.00700503
0.01490508
-0.00311970
-0.01944078
-0.02830170
0.00025935
0.04125169
-0.03806407
0.04379913
-0.01425631
0.01593953
0.00878272
-0.03678539
-0.04871770
-0.01719480
0.02121750
0.04404708
0.02290227
0.00016333
0.01458024
0.04562176
-0.03709043
0.00781640
0.01954317
-0.00756251
0.02874608
0.03544575
0.02030962
-0.02180078
-0.04260074
-0.00635060
0.02123493
0.04178062
0.03691459
-0.01489560
0.02719774
0.05058974
-0.04179514
0.03173598
0.04269501
-0.01954281
-0.03590288
0.01700883
-0.03588697
-0.02139641
0.04387634
0.04142724
-0.03239062
0.04838498
-0.00548807
0.02576310
-0.03295179
0.01306481
-0.02539850
0.02573628
-0.00935639
0.01779877
0.00539875
-0.03281835
0.03095950
0.03067122
0.00429775
0.00017719
-0.04643773
0.02950180
0.00458007
0.02124404
-0.03743922
-0.04735278
-0.00563761
0.00545534
0.00456241
-0.03192409
0.01447036
0.02037080
0.02926625
0.04455728
0.02985482
0.03486644
0.04570320
0.01743106
0.03754441
0.03976748
-0.05069440
-0.00231395
-0.03371448
-0.02674038
0.02385340
0.01178137
-0.03411063
-0.00622731
0.00059100
-0.00933148
-0.01951570
-0.00176179
0.00174025
-0.00309051
-0.03647746
-0.03430399
-0.03784620
-0.04779702
-0.03797967
-0.00958364
0.13958430
-0.08955563
0.07528512
0.02960761
0.04564649
0.14641057
-0.12125458
0.05312277
0.05621474
-0.04817093
-0.03982196
-0.03650274
-0.05033178
0.00218296
0.03428994
-0.13764384
-0.09398314
0.04608518
-0.00921248
-0.04026380
0.09006722
0.03653523
-0.03621269
-0.02429079
0.08899868
-0.02727910
-0.04515595
0.03526688
-0.08968914
0.03149280
-0.01882557
0.01537685
0.03409962
0.01182961
-0.11919941
-0.02498818
0.03666538
-0.06958432
0.08729932
-0.06817595
-0.03343438
0.05603951
0.03293340
0.04093175
0.00050855
0.07880612
-0.07748552
-0.05316673
0.03257256
-0.04316797
-0.02308426
0.02445173
-0.05333934
0.05011518
-0.04440977
0.04324502
-0.12539123
0.04061405
-0.07193381
0.04508660
-0.09902405
-0.05802048
0.01234418
0.04690826
0.00632432
-0.02488345
-0.01373032
0.00248850
0.04331927
-0.03796909
-0.06485908
-0.07660187
0.04420583
-0.01384498
-0.06959207
-0.07722249
-0.03389449
0.00110432
-0.01898925
-0.04062829
-0.02182578
-0.15351400
0.06537758
-0.01543933
0.15987766
-0.02158429
0.00280603
-0.06138817
-0.06042746
0.15689260
-0.06370397
-0.00987381
-0.04799481
-0.02709501
-0.03594992
0.01061442
-0.07670292
0.01502338
-0.06014235
0.00463815
0.13882475
-0.05573758
-0.08252738
-0.04031284
0.02378398
0.01449934
0.09370552
0.05945449
0.01015402
0.10515331
0.02578680
0.09561691
-0.03470680
-0.05868766
-0.05608301
-0.00797909
-0.06216654
-0.06296671
-0.02767886
0.07817702
-0.01068613
0.02262499
0.09441441
-0.03654862
0.01598882
-0.03625899
0.00088068
-0.02058915
0.02356023
0.00525597
0.02247915
0.10767712
-0.04034195
0.05592850
0.01475115
0.04396776
-0.05878575
0.06273317
0.03440680
0.01893462
-0.01969873
0.03921381
-0.07464680
0.01331337
0.04033967
-0.04430581
-0.02137166
0.04087071
-0.05328806
0.06248491
-0.06397484
0.06098660
0.12628524
0.03299415
0.02198929
-0.03760862
0.03167358
0.05984691
0.07328407
-0.09228307
0.00365660
-0.01613585
0.04274766
0.01924158
0.06436592
-0.07874785
-0.02138916
-0.02060099
-0.00763670
-0.03516107
0.04424858
0.00320504
0.06571161
0.01889565
-0.04049614
-0.10632321
-0.05378352
-0.01606006
0.18791242
-0.00047761
0.04118754
-0.07005299
-0.04162528
0.02080741
0.00200214
-0.04865026
-0.01276856
0.00499421
-0.07348876
-0.03397597
0.04785155
0.02861970
0.09334436
0.06842753
-0.16786990
-0.04046795
0.00752171
-0.09679329
-0.04810845
-0.01838825
-0.04469384
0.02856539
0.00250464
-0.07554200
0.01774211
0.04025299
0.02788149
-0.02710765
-0.06753691
-0.04228063
0.15121099
-0.06081295
-0.01947752
0.02317628
0.02712987
0.08260507
-0.05834608
0.01841969
-0.03833494
0.02757575
0.04836453
-0.04531186
-0.02282421
0.00845930
-0.01562235
-0.04920665
-0.04671105
0.03097171
0.06568091
-0.05629901
-0.01492771
-0.02174874
-0.00364198
0.10846914
-0.05471104
0.00219139
-0.01671265
0.01629750
-0.08027592
-0.00989284
-0.07723007
-0.03850067
-0.09223744
0.01994749
0.09931032
-0.05630242
0.04093675
-0.02933744
-0.13609423
-0.05176410
0.00762324
-0.01784185
-0.02677945
0.10288393
0.09509491
0.01476840
-0.04928258
0.05009762
-0.04727141
0.03093599
-0.03868384
-0.04160002
-0.00178842
-0.01566134
0.05906616
-0.00385407
0.05753271
-0.01569699
-0.05243907
-0.02823504
0.03679112
-0.01574142
-0.01906125
0.02487591
0.03554761
0.01558662
0.02658971
-0.04147431
-0.00865174
-0.05611777
0.00332572
-0.00810935
-0.04885516
0.02543401
-0.03618712
0.00125576
0.04567492
0.05079896
0.04552275
-0.02518156
0.04324201
-0.00744077
0.02174598
0.02561561
-0.04229331
-0.07588428
0.00877899
-0.01631089
-0.00516965
-0.01883983
0.04138522
0.03184709
-0.01534001
-0.01775907
0.00186559
-0.03408133
0.02373011
-0.04755221
0.00997454
0.04947869
-0.04816761
0.00278702
-0.03281224
0.03865195
0.05514690
0.01403184
-0.06673170
0.05379558
-0.01513724
-0.01679477
-0.03178082
-0.04590849
0.05185631
0.00260873
-0.00363338
-0.05890414
0.02029277
-0.01775270
0.02616780
0.05626363
0.03623791
0.02422115
-0.03334855
0.05225812
0.00576311
-0.01933206
0.00872975
-0.03818575
0.05653159
-0.03214352
-0.05042075
0.00774074
-0.01509800
-0.06694286
0.04899793
-0.04596315
-0.03565544
-0.04330283
0.01246998
-0.05591299
0.01222871
-0.01539060
-0.01013962
0.01972039
0.04237392
-0.00990044
-0.03840138
0.00355811
0.00207670
0.01498416
0.04168708
0.03705744
-0.00795680
0.02720427
0.02398988
0.01052695
0.02230712
-0.00463200
0.01096874
0.07415587
0.01112206
-0.03718005
0.01864250
0.06049589
0.00579953
-0.00111183
0.02797255
-0.05973282
-0.04522221
-0.04041149
0.04688025
-0.02229048
-0.02740118
-0.01470608
0.01513622
0.01296236
-0.00524554
0.01674694
-0.00572457
-0.05316695
0.01126893
0.06418953
-0.01868952
-0.03466978
0.02018354
0.01273403
-0.02588506
-0.02534169
-0.00575960
0.03048330
-0.02724439
0.03814105
0.01532381
-0.01328024
-0.07616112
0.05387660
-0.08453985
0.02194072
-0.06389778
0.02180400
0.03488951
0.00987563
0.03234411
-0.04058155
0.06991294
-0.04613627
-0.03192562
0.01164910
0.00410416
-0.04984137
0.01398058
0.04113791
-0.03522374
0.00641335
-0.02537483
-0.01474512
-0.01750432
-0.01417017
-0.03814146
0.03473668
0.02465883
0.07137575
0.02610549
-0.00336137
-0.01761883
0.01935095
-0.00303429
-0.03524242
0.03628378
0.04137023
-0.01657045
0.06154936
-0.02894998
-0.01283434
0.05475346
0.06602707
-0.03192590
0.02858032
0.02049460
-0.01140731
0.00328261
-0.03099371
0.04914193
-0.06836292
-0.02569945
-0.07450150
0.00593167
0.04069829
0.07382318
0.04394296
0.00020436
-0.05719619
0.05057486
0.04201043
0.01265427
0.02223883
0.02701985
-0.01519319
0.02126468
0.03808123
-0.01145165
-0.03464086
0.00237561
-0.05178534
0.03656119
-0.02419191
-0.01769998
-0.01188739
0.03664940
-0.02106175
-0.02532277
-0.02018698
-0.03495640
-0.02716143
0.08072610
0.07343232
-0.03383048
0.01003580
0.03977869
0.03314165
0.00255260
-0.03390091
0.08621664
-0.06078860
0.00349652
0.03343878
0.05890028
0.00791889
0.02571059
0.00545471
0.00498196
0.00952608
0.00928109
0.01339072
0.07063554
0.03311442
-0.00053115
0.03262463
-0.00607227
0.03854084
0.00062197
-0.02380430
-0.02366951
0.02814561
0.03005406
0.02730412
-0.01947823
0.06446802
-0.06730611
0.06724067
0.04343612
0.04601045
-0.06210626
0.01467939
-0.00777300
-0.03950017
0.05019184
0.03414659
-0.01567266
0.05205805
-0.00383774
0.02118272
-0.00834576
-0.02511028
0.02203852
-0.01196059
0.00297267
-0.06639689
0.00032863
0.02013744
-0.02456358
-0.02046739
-0.02743295
0.02367435
0.02186155
0.01780434
0.04443010
0.01115760
0.02797268
0.04922199
-0.03531440
-0.03794638
-0.09085464
-0.04903423
-0.00107536
-0.02716293
-0.01134012
0.00165621
-0.02827606
0.03028678
-0.00983902
-0.00195385
0.05165237
-0.02199996
-0.02744153
-0.04467424
-0.03391364
0.00482961
-0.03104000
0.02311484
-0.04334712
0.00532291
0.04687797
-0.01085977
0.02875395
-0.01675321
-0.03020461
-0.01643012
-0.00292457
0.02709716
0.01523401
0.06614020
-0.06468440
0.06605770
-0.04677944
0.00289375
0.06251190
0.00322173
0.00526641
-0.00150722
0.01669487
-0.03449955
-0.00839620
0.00160445
-0.00188877
0.04625701
0.02438848
-0.02473209
0.07361252
0.02078854
-0.00382352
0.03428156
-0.01038596
0.02871741
0.01725873
0.03715073
0.01022078
0.02626723
-0.01129151
0.05135504
0.04892530
-0.00457643
0.03178777
0.04941913
0.03076429
-0.03526288
-0.05919091
0.01930374
0.02715067
0.05235532
-0.01116671
0.03840306
-0.03950104
-0.00509530
0.01075575
-0.02766053
0.02347658
-0.01418596
-0.00234779
0.00914950
0.01621364
-0.05294350
-0.04377234
-0.04205113
-0.00560444
0.00881687
0.04227872
-0.00271998
-0.01012388
-0.02442891
0.01393615
-0.00682840
0.02021719
0.03483851
0.02908213
0.00900977
0.04161865
-0.04527688
0.00793140
0.03000033
-0.00125325
0.00841999
-0.01691741
0.04617655
0.03891584
-0.00161223
-0.02723730
-0.03827618
-0.01905064
0.03700670
0.03026410
-0.01228891
0.03769545
-0.04559788
0.04072199
-0.04908484
-0.02116413
-0.02070541
-0.03891791
-0.04095262
-0.02029325
-0.01152061
-0.02668627
-0.04841557
0.04467324
0.00242518
0.01095044
-0.03123359
-0.03209128
-0.02275892
-0.05100631
-0.01385730
-0.05219541
0.00828598
-0.02605489
0.04620408
-0.00208752
-0.04159836
-0.04503407
-0.01219372
-0.04421879
-0.00372777
-0.00544947
0.01779844
0.00745384
-0.00286111
0.06959999
-0.06552261
0.02616137
-0.00999966
-0.05020418
0.01864370
-0.01699187
-0.03071574
0.08199681
0.04622024
-0.04765381
-0.02339321
0.05680497
0.05177183
0.01126402
0.03469025
0.04108706
-0.03153410
0.03839787
0.02322334
-0.01877663
0.06534715
-0.00161971
0.00835965
-0.04801378
0.02737526
-0.00011598
0.04728862
-0.00083846
-0.03616232
0.03330885
0.04450110
-0.00169483
0.01620375
-0.01863171
0.01806154
-0.03340887
0.00224471
-0.02869550
-0.03618280
-0.00852564
-0.03454034
0.00064893
-0.01013931
-0.03325704
0.00743134
0.02125238
-0.04313456
0.01369274
-0.01200914
-0.06374286
0.04704124
-0.02634382
-0.01226055
-0.03204892
0.08268873
-0.05575400
0.00047636
0.01529536
0.01655691
0.00401139
0.00650814
0.03412847
0.01507911
-0.01748103
0.08326444
0.06075944
0.01040539
0.03648180
-0.03252776
0.04424168
-0.03910809
-0.02797906
-0.00816169
0.01203248
0.03693629
0.00605109
-0.03257376
-0.03319426
-0.07451326
-0.01583695
0.06204164
0.01320811
0.01840768
0.03822089
-0.02486894
0.01234830
0.02631374
-0.03307652
0.02646037
-0.01637262
-0.03738730
0.03211369
-0.02347981
0.03232155
0.03999735
0.04030240
0.04183106
-0.02235054
0.04053072
0.01293427
-0.04900098
0.04436298
-0.04144299
-0.03514927
0.04464525
-0.02669416
0.02094380
-0.03654689
-0.00409539
-0.01528597
0.05307573
-0.02362093
-0.03469273
-0.01595001
-0.04973673
-0.03496125
-0.05641947
-0.05225760
0.01418909
0.02224918
-0.03550422
0.05682952
0.01811845
0.02140537
0.03525754
0.03942342
-0.02581853
-0.04546863
0.02979976
-0.01570495
0.01457240
-0.00559396
-0.01169608
-0.04177884
0.01555437
0.01705205
0.04012050
0.00308107
0.00970956
0.02000741
-0.00478891
-0.02437246
-0.02270962
0.00335355
0.05017592
-0.00432791
0.00584701
0.00995365
-0.02414743
0.02181396
-0.02034185
-0.04168845
-0.00373980
0.02734668
0.02456425
-0.07048853
-0.01054058
-0.03969089
-0.03268762
0.01601671
0.02192249
-0.02537310
-0.04003600
-0.04359068
-0.03697454
0.03348536
0.00514901
0.00216238
-0.02694679
-0.02668631
-0.00806352
0.01123727
-0.02191104
-0.03116644
-0.01818714
-0.03901955
0.03222104
-0.02533190
-0.00332693
-0.04506226
0.00638117
-0.04708052
0.00971487
0.01474378
0.03285636
-0.01759602
0.04646529
-0.04966711
-0.04554452
-0.01660022
-0.01335248
0.00077665
-0.01635469
-0.00382060
0.01349242
0.01298894
0.02718702
0.00442562
0.03140971
0.03060865
-0.01891623
-0.03405780
-0.05513329
-0.04701043
-0.00672570
0.04978732
0.04966950
0.00821349
0.02475534
-0.00790097
-0.01599591
0.00982554
-0.03717913
0.03594347
0.04394677
-0.05758753
-0.02889016
-0.01919399
0.03731227
-0.01640411
0.00198569
-0.01948296
0.00286669
0.01394021
0.00867521
-0.04993961
-0.00370943
-0.02384269
-0.01953393
-0.01736862
0.04419307
-0.00216006
0.03624508
0.01842657
-0.04520167
-0.04556776
0.02293580
-0.01244585
0.01720865
-0.03984340
0.00931265
-0.01622895
-0.01587248
-0.00609221
0.00081407
-0.04882581
0.00309164
0.04654732
-0.03119955
0.00599111
-0.01843291
-0.02074263
0.03920174
0.02350797
0.01131635
0.00943600
-0.01232628
-0.03343634
0.00345307
-0.01650756
-0.00656174
-0.01083187
0.01181756
0.02250174
0.04066195
0.06605399
-0.04120728
0.01417468
0.04417890
-0.03443290
0.04126446
0.00634488
0.00842424
0.00281494
0.02156608
-0.00194787
0.01931760
-0.00185706
-0.01450689
0.00348776
0.03893210
-0.00696372
-0.03708285
0.00006499
-0.00640849
-0.01659184
0.02578017
-0.01228186
-0.04441347
-0.04118318
0.04473181
-0.00533713
-0.04112539
-0.04928824
-0.03403319
0.02622296
-0.00302482
0.04424649
-0.01224924
-0.03345980
-0.04587267
-0.05011520
-0.05072860
0.03878499
-0.00616633
0.02233218
0.00655413
0.06187024
0.00774401
-0.03203590
-0.04227921
0.01159059
-0.06027494
-0.01856921
0.02763126
0.02803845
-0.01535125
-0.01906039
0.01802851
-0.00116106
0.02785437
-0.03510021
0.04223509
-0.02645982
0.03687718
0.03460336
-0.05125774
-0.05766613
-0.02498970
0.03301232
0.00410520
0.03104100
-0.00374299
0.11382319
-0.05814113
0.03351093
0.08710510
0.03778517
0.01448461
0.04678749
0.01942989
-0.04780291
-0.03143026
0.02583409
-0.03482340
0.01718472
0.02976607
-0.00922424
-0.04557746
0.12744080
0.00285190
0.03419470
0.04747546
-0.09303494
-0.06775928
0.01010739
0.10785154
-0.01016477
0.10009538
0.02079941
0.01630706
0.06227323
-0.05237990
0.03261747
-0.01102866
0.01237028
0.03515469
0.10514881
-0.02219296
0.03816139
-0.04163586
0.04701679
-0.04330429
0.10628283
0.02599372
0.00399910
0.03517481
-0.01471916
-0.00862824
0.06403349
0.01277652
-0.01503826
-0.03972039
0.06959997
0.02433620
0.09605116
-0.02954519
0.13679948
-0.09366861
0.02185547
-0.03158700
-0.01381843
-0.06491940
-0.01490458
0.02125758
0.04100991
-0.06974192
0.11943127
-0.05582676
0.04035225
-0.03333882
0.00797840
-0.07128181
0.19866735
0.03082500
0.03024402
-0.08149832
-0.06819545
-0.02006046
0.00592299
0.01352819
-0.03358701
-0.00248237
0.01931477
0.02110807
-0.06770633
0.03702081
0.01334183
0.01551868
-0.03131204
0.11802077
0.00736405
0.02814578
0.03828728
-0.00777547
-0.05806644
-0.07447927
-0.08564354
-0.02291392
-0.06415266
0.03325997
0.00583063
-0.00160613
-0.02979061
-0.02698863
0.12578294
0.04776949
-0.05590327
0.02833560
-0.03301923
0.09661005
-0.06000692
0.02375981
-0.00106865
0.04581674
-0.00750003
0.05460806
0.00612602
-0.00499110
-0.07833003
-0.04941631
-0.04576752
-0.14173859
0.05059465
0.01005576
0.05326703
-0.03898897
-0.01418813
-0.01222642
-0.02355026
0.04233916
0.01140100
0.02348295
0.03241063
0.01135692
-0.04116025
0.00358657
-0.00786251
-0.02080679
0.06113567
0.07121453
0.05681188
-0.00680986
0.03494532
0.03368429
0.05776762
-0.04903753
-0.03702059
0.09396020
-0.06875629
-0.02675115
0.01656003
-0.01414918
-0.06013793
-0.01944734
-0.09301230
0.02405908
-0.04845489
0.06802882
0.01090318
0.04899824
-0.01806476
0.05844210
0.05218036
-0.00164443
0.00326003
0.01217757
0.03081270
-0.05000657
0.02977017
-0.00825919
-0.01342863
-0.03134722
0.08709507
-0.01230965
-0.02593604
0.01460797
0.08579822
0.03248340
0.04626237
0.06222704
-0.01744094
0.05302494
0.03011565
0.09923461
0.05182233
-0.05001660
-0.00715677
-0.04588246
-0.16568835
-0.03839798
0.05744391
-0.02117466
0.05230882
-0.10214718
-0.03689135
-0.03865322
0.07778971
0.02659454
0.09717534
0.07530681
0.05308028
-0.06079750
0.00876444
-0.04348357
-0.04115379
-0.00014456
0.02881535
-0.03743408
-0.02514317
0.00896577
-0.01497007
-0.03482244
0.01706710
-0.07876722
0.01808133
0.09541134
-0.04421257
-0.04768132
-0.02276370
-0.05408526
0.03262406
0.01621454
-0.02041607
0.02223534
0.09131154
-0.05174797
-0.04671106
0.02239256
-0.07979897
0.07921369
-0.06455448
-0.03887594
0.08991484
0.03584006
0.08349873
-0.04339286
-0.00209598
0.07672554
0.02957275
0.05065451
0.00114917
-0.04426495
-0.00533212
-0.02729228
0.00202222
-0.04382671
-0.07337341
0.08337206
-0.03217967
0.00267932
-0.18067914
-0.02725146
0.08157725
0.06808959
-0.01633130
0.02183613
-0.01543614
0.03011358
0.04577234
-0.09241150
0.02001715
0.01401783
-0.03591274
0.04241768
-0.01340243
-0.02737941
-0.04932832
0.07645863
0.08765414
0.04147647
-0.05163986
-0.02952429
-0.00204545
0.00941344
0.02297761
-0.02452495
0.00741858
0.00098669
0.06299622
0.08881231
0.03199213
-0.05355769
0.01832492
-0.01646506
-0.01120463
0.00467126
0.01311484
-0.00367166
0.00387711
-0.00387006
0.01634346
-0.01094438
0.01543185
0.04133259
-0.02004871
-0.04433050
0.01920425
-0.07181213
-0.06425844
-0.01859904
0.02852626
-0.01071606
-0.00987507
0.03311164
-0.00441237
0.04386498
0.01825234
0.02162466
0.05217222
-0.04422735
-0.03859577
-0.04252376
-0.06303167
0.02705780
-0.03002513
-0.03764930
0.03133631
0.06120837
-0.04018583
-0.00927166
0.01856785
0.04060376
0.05004552
0.00379798
0.01621599
-0.02953307
-0.05049961
0.08849581
0.03183972
-0.02558040
0.00836429
-0.01631557
-0.00476031
-0.01725561
-0.03305557
0.01761603
-0.04111367
0.02308697
-0.07503535
0.00963839
0.00480517
0.02507113
-0.02046609
-0.09515315
-0.02188103
0.01898645
-0.04794789
-0.01367265
-0.04946528
-0.03250666
0.02591853
0.00429307
-0.01221787
-0.01775405
0.05292316
0.03095336
-0.00834572
-0.05335958
-0.06195425
-0.05838734
0.02635746
0.00899379
0.00098606
-0.03946842
0.00317285
-0.11548257
0.08003072
-0.02438688
-0.03285792
-0.03112232
0.05823970
0.02225120
0.03149843
0.04955541
0.03843118
0.02466780
0.02781764
-0.00662682
0.01199975
0.01073599
0.00963283
-0.02206904
-0.01366442
-0.04044389
-0.02816265
-0.08433039
0.04104130
-0.01880830
0.09198435
-0.03183166
-0.01067380
0.06372771
0.03301383
-0.01401802
0.05083184
0.02259390
-0.02154067
-0.01969702
-0.03776845
0.04660997
0.07425562
-0.06881320
0.05018516
-0.08778796
0.03595508
-0.03202932
-0.00930519
0.03527551
-0.01205801
0.00980399
0.00794978
0.05012651
-0.02674723
0.04329927
-0.08902127
0.09560738
-0.06244743
-0.04228294
-0.03673277
0.03483781
0.01450448
0.03298999
-0.02459934
0.04675311
0.00805781
-0.04001351
0.02466887
-0.01863213
-0.00590217
0.02245935
-0.11453941
-0.03507287
0.03490139
0.01080525
-0.03165152
0.01030575
0.01521856
-0.00904438
0.05259304
0.01350038
0.04991902
0.03659868
0.03080261
-0.00145176
-0.00755474
0.06495298
0.01428187
-0.01926782
-0.01899953
0.00403292
0.02327876
0.06557723
-0.01157841
0.04907257
-0.01550259
-0.10103817
-0.02847541
0.01771821
0.03661096
-0.00665339
0.02098244
-0.01473665
-0.04152854
-0.01235334
0.01024836
-0.01589703
0.04257672
-0.06034127
-0.03106736
0.02022066
-0.02878773
0.05025206
0.12287159
-0.01794994
-0.05622014
0.02670890
0.02386359
0.05253403
-0.00863641
0.01660354
-0.02280380
-0.09714363
-0.08609596
-0.04088221
0.01943024
0.02479592
0.05305927
-0.01399840
0.00192822
0.07042567
0.02108750
0.00005846
0.15129589
-0.01649851
0.03818599
-0.02726150
0.06279930
-0.00652097
-0.03944522
-0.09912054
0.08328556
-0.06675377
0.01945344
-0.01014506
0.05544958
-0.04436969
-0.01392705
-0.06053165
-0.02795028
-0.09607287
0.00519710
0.11373711
-0.02197281
-0.06282352
-0.05798544
-0.02691251
-0.03065771
-0.01985483
0.11022986
0.05786794
-0.08457617
-0.04191509
-0.09385430
0.03694835
0.04109586
-0.11084748
0.00241080
0.02043875
0.11702786
0.00939103
0.04520451
0.01320724
-0.02745175
-0.04444408
0.01888141
-0.07174159
0.01188702
0.01261928
0.04716257
0.03026115
-0.04875531
-0.02112027
-0.00971022
0.04549440
0.14562337
-0.00431293
-0.01557042
0.03862895
0.11279158
0.00069075
0.01111865
-0.04338802
-0.00045886
0.09279396
0.06296304
0.06850547
-0.03209748
0.04062055
-0.06599111
0.01017551
0.07205722
0.03788481
0.01336271
-0.02600024
-0.03256350
-0.01375331
-0.10245133
0.08041519
0.00027171
-0.03500731
-0.08299019
0.01496209
-0.03669241
0.05509851
0.00595415
0.09408495
-0.06993540
-0.04845250
-0.02227645
-0.00555745
0.04918602
0.03991099
-0.04363466
-0.07740847
-0.09884355
-0.00080306
-0.03726805
0.15622826
-0.04034228
0.14558521
-0.02485444
-0.00513059
0.05645908
0.03206527
-0.04167477
-0.02199255
-0.03042580
0.01879369
0.04446434
-0.04587794
0.07534801
0.04176437
0.01869506
0.04517479
0.01151363
-0.01598006
-0.02161508
0.08968141
0.05810664
0.00534893
-0.04701015
-0.02927102
0.03761613
0.00023960
-0.02305755
0.01615760
0.06650388
-0.07305651
0.01794071
-0.10255757
-0.01448545
0.19291562
-0.03560634
-0.07556907
0.07933892
-0.00528868
-0.02680393
-0.00106925
-0.02804822
-0.04137888
-0.06180680
-0.02307089
0.05429539
-0.01659158
0.03706919
0.07740059
0.01352754
0.04502528
0.00803529
-0.09310237
0.01007913
0.14842544
-0.08259077
0.00127279
-0.10202383
0.02094312
-0.05579712
-0.07306959
-0.05484926
0.01745013
0.01830126
-0.01064861
0.01562520
0.00019671
0.01543126
0.04065912
0.01820630
-0.01064927
-0.02194840
0.04389591
-0.07541457
0.04253699
0.01933735
-0.00644112
-0.04408728
-0.05383094
-0.00568423
-0.01734069
-0.01825663
-0.02619053
0.00494479
-0.02902359
0.04966110
0.07324773
0.04667178
-0.10563187
0.00758784
0.01307876
-0.06302506
-0.05035410
0.03096136
-0.02835047
0.01737791
-0.12067162
-0.00857424
0.06070727
0.07609373
0.03683544
0.01975506
0.10092127
0.00658457
-0.03402629
-0.11701882
0.01891726
-0.01894387
-0.01593004
-0.10257097
-0.13674906
-0.00192496
-0.03940929
-0.10641676
-0.05666105
-0.02318533
0.00093022
-0.04486647
0.11697520
0.02818307
0.00047507
-0.00638798
-0.00289286
0.06199847
0.00703590
-0.00865267
-0.02009982
-0.10032488
0.04276464
0.10031260
0.07474581
0.01955620
-0.01278598
0.00567676
-0.05507484
-0.00343445
-0.06598372
0.00252480
-0.04806884
0.05881654
0.08926100
-0.05856234
0.05534211
0.00940728
-0.09287040
0.02086382
0.01394506
0.10192664
-0.03251827
-0.10100883
-0.03966350
0.06388095
0.05917495
-0.03638175
-0.04493131
0.07213394
-0.00908986
-0.08678634
0.00910874
0.07048774
-0.04302935
-0.08359314
-0.03165493
0.08206200
-0.02945149
-0.03834211
0.04525943
0.05810213
-0.04021896
-0.11285939
0.02874850
-0.01553371
0.05474594
0.02190308
-0.05232653
-0.03223094
0.04581487
-0.02164896
-0.06238765
0.05048874
-0.00613323
0.01508740
-0.00439004
-0.00148542
-0.04051742
-0.01785457
0.05378333
0.00380412
-0.06635881
0.10259855
-0.00813701
-0.01439440
-0.02262628
0.05589241
-0.01799580
-0.01407154
0.04321520
0.04620251
-0.04591187
0.09936334
0.06287969
0.04130687
-0.04490185
-0.07435118
0.03294102
-0.01640146
-0.00815989
0.06050012
0.05216849
-0.05836793
-0.02426955
0.04102536
0.10224588
0.06757762
0.00688917
0.01707678
0.09299939
0.08008648
-0.01611473
0.04665460
0.03012410
0.07278927
-0.01242870
0.00091693
-0.00305581
0.03287507
0.01199184
0.02007097
-0.04066891
0.09917716
0.00860204
-0.00288883
-0.01729257
-0.01817764
-0.00082646
-0.03978167
-0.04106374
0.07101028
-0.05408353
-0.10424881
-0.03628846
-0.04342391
0.01141068
0.04453419
0.03380350
-0.00489397
-0.01313323
0.00766641
-0.08800460
-0.00385097
0.03665740
-0.02186222
-0.04764191
0.00574581
-0.04668502
0.04407699
-0.01368613
-0.01794152
0.05490324
-0.08433810
0.02371560
0.01240340
-0.02330505
-0.08102543
-0.05805457
0.01402662
0.04589313
-0.02912811
-0.01357032
-0.01468114
0.11432681
-0.07023863
-0.03342196
0.03937032
-0.04487672
-0.09012408
-0.02788509
0.07488406
0.00664122
-0.02803932
0.00272975
-0.00792849
-0.06987988
0.06404854
-0.02353589
0.08422998
-0.00547640
0.04112521
-0.07489377
-0.03421067
-0.01953070
-0.06190941
0.01014304
0.00540377
-0.00905903
0.00280387
0.01653909
0.00235531
0.06122965
0.00129214
-0.02245975
-0.03718646
-0.11366443
-0.03566562
0.07888749
-0.01950903
0.02818468
0.01692955
-0.08430996
-0.01922400
0.01586459
0.01832813
-0.03997955
0.05007088
0.05908396
0.02340222
-0.08863737
0.01568388
-0.03620207
-0.03408848
-0.04535769
0.04510165
0.01061748
0.02706539
0.03285980
0.03839507
0.01158123
0.00242831
0.07544564
0.01286802
0.04287938
0.03268515
0.03147760
-0.00644740
0.00279217
-0.12244286
0.12387776
-0.00069840
0.06580181
0.07448341
0.09046742
0.00661900
-0.01048142
-0.00771969
-0.04326651
0.00493699
0.02473733
-0.10261571
-0.03936004
-0.03448188
-0.01226408
-0.02067783
-0.04258011
0.02659881
0.06146834
-0.01493303
0.01544299
-0.05191627
0.06790771
0.01049160
-0.01002589
-0.06758528
0.03264198
0.03740065
-0.02719163
-0.02815643
-0.00788227
-0.04026525
-0.04218262
-0.09575613
-0.07367755
-0.06025051
0.03748927
-0.01933108
-0.04687670
0.01596755
0.09645795
0.09942467
-0.03759120
-0.04919670
-0.12600601
0.04846879
-0.00020283
0.03830844
-0.02750869
-0.07803111
0.06328220
0.00461785
0.00760320
0.05893553
0.00433713
-0.02711766
-0.01640293
-0.07333532
-0.09910813
0.04092874
0.10048569
-0.05926007
-0.01691662
-0.04355505
-0.03050415
0.04875462
-0.02857119
0.05365627
-0.02002732
-0.02561850
-0.08750933
0.03531925
-0.01251213
0.00679671
-0.03339959
-0.01093597
0.03917668
-0.06897372
-0.06089983
0.05902811
-0.11941679
0.06251919
0.00806324
-0.00168873
-0.01614489
-0.01328683
-0.03866301
-0.01979019
-0.06966866
-0.08271777
-0.04849314
-0.06682617
0.05104729
-0.05327001
-0.02145699
-0.08594297
-0.01096170
-0.02842316
0.02980707
-0.00906753
0.04739268
-0.04080938
-0.03052063
0.03243249
-0.03641523
-0.01951386
0.00071969
-0.01284787
-0.04426602
0.04486689
-0.04761473
-0.03446263
0.01665348
-0.00329580
-0.03126779
-0.04895173
-0.00136155
-0.00347400
0.00102972
-0.01818390
0.03571543
-0.02701582
0.00454375
-0.04421303
0.04405876
0.02303380
0.05406689
0.00125251
0.04698884
-0.00061165
0.04225221
0.02491428
-0.04571713
-0.01785731
-0.00624564
0.02041093
0.04228116
-0.01858981
0.03353891
0.01074783
0.01995869
-0.01419810
0.00250332
0.00465267
-0.04998318
0.03290629
-0.04540205
0.01890178
0.02556312
0.03150147
-0.03688053
-0.00064463
0.02154056
0.03916911
0.01778130
0.01597602
-0.00586365
0.02561847
-0.04328306
-0.03508330
-0.02019361
0.04067313
-0.04699853
-0.02694439
-0.04896450
0.02543463
-0.03868557
-0.03349433
0.01895601
-0.00964245
-0.02743491
0.02092009
-0.03166584
-0.01374124
0.02746163
0.04593904
-0.03653041
-0.04948149
-0.01376694
0.01374170
-0.00869056
0.04255566
0.04081486
-0.03924547
-0.04019330
0.04703174
-0.02659307
0.02341302
-0.03349568
0.04382410
0.01872080
0.00631136
-0.04056948
0.03098170
-0.02312514
-0.02390613
-0.04681089
-0.02766739
0.03818398
-0.03966097
0.01224384
0.02074135
-0.01306665
0.00623822
-0.04545353
-0.02423468
-0.03226506
-0.02471428
0.04856694
0.00683465
-0.04971494
0.00535599
-0.03204735
-0.04108458
-0.05050477
-0.03615985
0.02303197
0.01909253
-0.04226025
-0.04309370
0.02947959
-0.01757274
0.03064522
0.01850059
-0.00645019
-0.01559041
0.00736675
0.02528417
-0.02942101
0.01934545
0.04656592
-0.04362966
0.01712395
0.02156301
0.04393691
0.03648419
0.01726884
0.03632933
0.04725263
-0.03193901
-0.00714717
-0.00557295
-0.03318553
0.00946230
0.01828885
-0.02342038
-0.01856327
0.01390146
-0.01244176
0.04145912
-0.03924390
0.00784592
0.02809658
0.02471903
-0.01103894
0.03171219
-0.02999100
-0.03602033
-0.04453979
0.00026048
-0.01360568
-0.02088319
0.03330822
-0.02572450
0.03953674
-0.03529708
-0.04818131
-0.03678862
-0.02577782
0.04736771
-0.00519470
-0.00427634
0.04519218
0.05745274
0.02564152
0.03464142
-0.01778190
0.02230096
-0.02537009
0.02638374
-0.05168597
-0.03311410
0.04636936
-0.00865374
-0.00933559
-0.03461625
0.01170072
0.04414815
-0.04866317
0.00680371
-0.02215548
-0.00913399
-0.02793330
-0.01215980
-0.05001306
0.03007185
-0.05069695
-0.02828369
-0.03707327
-0.03662232
-0.02185917
0.03995601
0.03331181
-0.03198127
-0.04783785
0.02342147
0.01199116
0.04428134
-0.04827581
0.00048682
0.00844937
0.00047762
0.02509595
0.01287557
0.02392420
-0.04684211
-0.03579015
-0.02343347
-0.05289718
-0.00618882
-0.03677966
-0.00441206
-0.01505483
-0.01489231
0.04527662
0.01992293
0.04471705
-0.02711377
-0.02936308
0.05208425
-0.01416335
-0.03530647
0.00629556
-0.04241903
0.00269645
0.04132694
0.00243909
-0.02775386
0.02079438
0.04114019
-0.03896108
0.00771615
-0.01737559
0.02698208
-0.03289848
0.03423122
-0.01392663
0.00300824
0.03421833
-0.05466749
0.03826681
0.01605475
0.04034274
0.00962963
0.02126075
0.01303709
0.03723787
-0.02041673
0.00930464
-0.03927899
-0.03357162
0.01128182
-0.02972060
0.00212901
0.01227023
0.02999674
-0.03362482
-0.01125631
0.00603656
-0.04571860
0.00467121
0.04871574
-0.03126743
-0.00939318
0.04885662
-0.04303987
0.00268584
0.05691537
0.06243474
0.04157161
0.01811914
0.01900112
-0.00305659
0.04703265
-0.03083892
0.01885975
0.05412623
-0.02450540
0.02499042
0.04921005
0.01453939
-0.00631982
-0.02103095
-0.06127685
0.01362337
-0.03308668
0.01274334
-0.03216534
-0.02902700
0.03749376
-0.00509827
-0.02684690
-0.03048176
-0.02592167
0.04571302
0.02485361
-0.03530783
-0.00428847
0.03695877
-0.03347414
0.04924528
0.02691003
0.04126989
-0.02087356
0.05613937
-0.05264246
0.00753244
0.02448327
0.05242733
-0.04642352
-0.02683127
0.02428025
0.02103138
-0.01150515
-0.05593409
0.02239155
-0.04534724
0.03937030
0.01738052
0.00205664
-0.00516846
-0.04758335
-0.04211909
0.03384038
0.00062410
0.02078789
-0.02759540
-0.06194033
0.00025446
0.01498174
-0.05763756
-0.02417436
-0.02243122
-0.02096668
-0.05606711
0.01199828
-0.03898655
0.02938286
-0.01494976
-0.04665388
0.01985436
-0.02251097
-0.04049918
-0.00458456
0.03786496
0.01851807
0.00532524
-0.03651166
-0.00101208
0.02830491
0.01756961
-0.01489514
0.01611639
0.04225313
-0.00864420
0.02334790
-0.03451128
0.03862943
-0.05552250
0.04163190
0.04824982
0.05304127
-0.00185914
0.00738508
-0.01921131
-0.00103597
-0.04551613
0.00649989
-0.01257034
-0.01094714
0.01540180
-0.01805019
0.03051004
-0.03549162
-0.01728109
0.00064987
-0.03541700
-0.03992056
-0.00897828
-0.04950513
0.04846057
0.00833325
0.04997517
-0.03240899
-0.00462896
-0.03898727
-0.05277822
-0.01697914
-0.05575354
-0.01291671
-0.00323049
-0.01945355
0.00071526
0.03042694
0.02997795
-0.02095312
-0.01631361
-0.00687282
-0.03970608
0.02983964
0.04279786
-0.03868804
0.00010377
0.00449621
-0.00648055
0.04262341
0.01726502
-0.00546361
-0.05162529
0.03691858
0.00645878
-0.00677212
-0.01821305
0.03307079
-0.02864489
0.03491129
0.02976245
0.00332328
-0.00204802
0.04104714
0.01560714
0.03563770
-0.00994527
0.04583002
0.03480810
-0.00238958
0.02329051
-0.00447406
-0.03508979
0.05278786
0.01461153
-0.02667956
-0.00157180
0.00164975
-0.00895542
-0.03383402
0.05541677
-0.02348962
0.03865768
-0.03247767
-0.02477534
-0.04869833
-0.00805655
0.02892749
-0.00094112
0.05707952
0.05160952
0.00758730
-0.00598466
-0.00604663
-0.02405779
-0.00081981
-0.02635427
-0.03123561
0.03278574
-0.01325351
0.01540465
-0.03851813
0.03556002
-0.00538559
-0.00522177
-0.03549742
-0.03372265
-0.03309020
-0.04072976
0.05138011
0.03589779
0.03873266
0.02180521
0.03254937
0.00153899
-0.03015610
0.02861802
-0.00909820
-0.01999785
-0.04557313
0.03733236
-0.00903765
-0.03071666
0.00620057
-0.02336690
-0.01725611
-0.03410706
-0.01440989
0.02825637
-0.00447322
0.00112862
-0.03593247
0.01462615
-0.02677422
0.06445958
0.07882957
-0.04870569
-0.01448481
-0.03745716
0.03769774
-0.00222072
-0.01557373
0.01600435
-0.02214328
-0.00021981
-0.03865162
-0.01545060
-0.04329915
-0.00563689
-0.01413168
0.02241650
0.02537037
-0.02945942
0.02161010
-0.03740783
-0.00281858
-0.01630238
-0.01065783
0.04237172
-0.00769314
-0.01220142
0.04717925
-0.04145132
-0.03705098
0.01113911
-0.03118879
-0.03325255
-0.01758285
-0.03260675
0.01276011
-0.04348270
-0.02177162
0.00827668
0.01050949
-0.01328349
0.04222096
-0.01790067
0.01580700
-0.01054794
0.01276856
-0.02235199
-0.01856241
-0.04245050
-0.04204512
-0.02467369
0.02599155
-0.00926699
0.00836241
0.01601068
-0.00470968
-0.00152235
0.00395401
-0.01934526
-0.02194816
-0.03587194
-0.04383915
0.03163373
-0.04352933
-0.04168906
-0.01546462
-0.00257670
-0.00372631
-0.02614412
-0.01702565
-0.00203338
0.00776970
-0.04070263
-0.01657345
-0.01943223
-0.00358465
-0.04765764
-0.05233914
0.00974677
0.01556319
0.03779320
0.03871331
-0.01393928
0.01585866
-0.02013740
-0.03887294
-0.00230687
0.03360670
0.01690781
0.03639737
-0.04883522
-0.01005629
0.03255842
0.02368062
-0.00232442
0.02796911
-0.03871451
0.04430184
-0.02453291
0.04605620
-0.02587549
0.02171352
0.03905123
0.01803572
-0.04955906
0.00615682
-0.00483143
-0.05115351
-0.04849227
0.03670079
-0.02757147
-0.00484709
-0.00030312
-0.04851564
-0.00160806
-0.02806532
-0.00638772
-0.01444634
-0.01942300
-0.04422825
0.03698838
0.02986121
-0.01352134
-0.04270147
-0.03470612
0.02696383
-0.03666890
0.01186299
-0.00373100
-0.03185796
-0.04931480
-0.04389272
-0.00225505
-0.04356651
-0.02940340
-0.03077769
-0.04378140
-0.03340702
-0.03180224
0.01993144
0.00406466
0.01722727
0.01881403
-0.02919344
0.01460934
-0.03011712
-0.03056181
0.00364579
-0.03722971
0.02373016
0.04334100
0.03667510
-0.02542383
-0.00918770
-0.01785441
-0.03145014
0.04652339
0.00288040
-0.02904694
0.00141181
-0.00070963
-0.01738707
-0.04190231
0.02400211
-0.04325758
0.04650174
-0.00470919
0.00513078
0.04435982
0.01499206
0.00336870
0.00780541
0.02461213
-0.03296798
-0.00196858
-0.00538737
-0.00351447
-0.04669566
0.01697793
-0.04740669
0.03048792
0.01149300
0.04431489
-0.01625965
0.04299148
-0.04979252
-0.02459599
0.05020005
-0.00166278
-0.03268958
-0.01036665
0.03854723
0.01849904
0.01743186
-0.01654929
-0.01402039
0.04449686
0.01889581
-0.04706407
0.02330114
0.03587724
-0.01589802
0.03369419
-0.04010136
0.04219123
0.02010913
-0.03127176
0.04378114
-0.01998645
-0.01407089
-0.04958381
0.03689758
0.01492923
0.04088799
0.01690680
0.02084244
-0.03782238
-0.03903656
-0.00286169
0.04970165
-0.04524115
0.00439412
-0.01562007
0.00614831
-0.03961920
-0.04162115
0.05213429
0.03631159
-0.00782572
0.03177153
0.04810464
-0.02173632
-0.01353232
-0.02822644
0.02318051
-0.03145195
0.02539973
-0.04508490
0.04587799
0.02635861
-0.04879565
0.03811785
0.03973122
0.03372505
-0.01093478
0.01981600
-0.00386936
-0.01980670
0.04224294
-0.02342706
0.00778411
-0.04370135
0.03776859
-0.00761016
-0.02470609
-0.02858368
0.00119093
0.03319859
0.01969932
-0.01293786
-0.01279947
-0.03697328
0.04744721
0.02622768
-0.01448569
-0.02438255
0.03360658
-0.01565708
0.02570774
-0.00856524
-0.00010586
-0.01819610
-0.02099491
-0.03374195
-0.00261972
0.03366606
0.03035459
0.01593798
-0.00123435
0.03962569
-0.05938761
-0.08155516
0.02032542
-0.03522915
-0.04776490
0.04242368
0.04204944
0.08802617
0.02281734
0.10024985
0.01406861
0.03493694
-0.00696269
-0.02704555
0.03101424
0.01693303
0.04598824
0.06147834
-0.00897200
0.03807333
-0.03260154
0.04469268
0.03818000
-0.00317304
0.00979058
-0.03006112
-0.01385390
0.06346640
0.03608552
0.00804741
-0.03088837
-0.01707114
-0.00993250
0.03555249
-0.01777454
0.00014461
-0.01214432
-0.04309531
-0.02726779
-0.03943413
-0.00448955
-0.06542417
-0.01411183
0.06077521
0.07909425
-0.04656955
0.01561808
0.03999149
0.02388445
0.05389853
-0.04902919
0.06496316
-0.02676504
0.04212210
-0.01449463
-0.05410428
-0.02104892
-0.00938573
-0.00796272
-0.05180030
0.04028995
0.06667122
0.08666407
0.02145380
-0.00080991
-0.01171157
-0.05697231
-0.01720513
0.02701676
-0.03234745
-0.02517954
0.05699066
-0.04106948
-0.02126529
0.12596422
0.02025184
0.02877945
-0.01703304
-0.09568431
0.04737895
-0.00574963
-0.01869153
0.03042980
-0.05636808
-0.03149764
0.01530190
0.01127332
-0.06896463
-0.03767042
0.02405165
-0.00735184
0.00197572
0.02667104
-0.00010465
0.03213658
-0.02752347
0.04729485
0.04229978
0.00667177
-0.02968982
0.01805548
0.08238055
0.02419118
0.01680955
0.04616098
0.05547869
-0.00672747
-0.05400955
0.02209638
0.06004552
0.01348401
0.03034233
-0.03890510
-0.03384217
-0.02459392
0.05912032
0.03350572
0.01102948
0.08334371
-0.08701777
0.05304034
-0.05320965
0.03599403
-0.04057592
-0.03275813
0.00538810
0.00928938
0.03830025
-0.03393929
0.01221183
0.01721746
0.02084847
-0.03039983
-0.06688236
0.00268074
-0.10002848
0.03914642
-0.05228868
0.03426268
0.01756162
0.01036709
0.02781317
-0.01135088
0.10740376
-0.12460393
-0.01603543
-0.01761914
0.00747984
-0.04076066
-0.00435298
0.01905073
0.03800102
-0.02716549
-0.01343798
-0.07206764
0.07084900
-0.02725898
-0.00921081
-0.02066053
0.00243339
-0.01743542
-0.01485553
0.03570500
0.06319430
0.02867488
0.01757177
0.00293462
-0.04434556
-0.04112573
-0.05616886
0.05730184
0.01671345
0.11160493
0.03265048
0.00171846
0.03332956
0.00124339
0.00275609
0.09754067
0.02865245
-0.00413530
-0.01179427
-0.05560737
-0.06835600
-0.03504019
0.03499325
0.00212384
0.05351768
0.07289393
0.03751043
-0.07819650
0.03517622
-0.00766501
0.03220108
0.04222902
0.06172289
-0.00256251
-0.04314463
-0.05246478
0.02768928
0.00879260
0.01146624
-0.05179108
0.02787233
-0.05806969
-0.00211624
0.00346070
-0.06171802
-0.01086250
0.04823115
0.02011388
-0.03420322
-0.01581449
0.05854111
0.08094180
0.04271732
0.00202978
0.03468119
0.05737437
-0.07467599
-0.04562239
-0.03208001
0.00054541
-0.05966839
0.06027836
-0.01404046
-0.08701976
-0.05710630
-0.03077807
0.03739180
-0.03787040
-0.00400825
0.01228817
-0.07084877
0.01201739
-0.04335517
0.07070936
-0.01475359
0.01208356
0.02289461
-0.05161117
0.00191952
-0.03302817
-0.07245752
-0.02987071
-0.01828225
-0.08776660
0.03731489
-0.11838673
0.03658691
0.03862683
0.06401579
0.07429305
0.12284756
0.03388033
-0.07019072
0.07237470
0.03836183
-0.06574388
0.05454310
-0.03323350
0.03591011
0.01016240
0.05375053
-0.02812962
-0.01422710
0.03713899
-0.08858294
-0.01100529
0.06036013
-0.06498112
-0.00027496
0.00294099
-0.05334641
-0.05891047
-0.07774219
-0.05199324
0.04456573
0.03859676
-0.04436618
0.09073894
0.01748574
0.08955056
-0.05824116
-0.00395292
-0.04112037
0.04444286
0.06178846
-0.02332003
-0.02123743
0.06482535
0.02218250
0.02899284
0.04267424
-0.02267288
0.05121692
-0.01284696
0.00886973
0.02972648
0.04773989
-0.00809849
-0.04344591
0.03488478
-0.02457558
0.00821549
0.03212933
-0.07664599
-0.02841230
0.02834829
-0.10428303
-0.06069990
0.01826436
-0.08660918
0.00875841
-0.05155007
0.06812016
-0.00064046
0.01899402
-0.05570313
-0.03618172
0.02239400
-0.02651335
0.05208940
-0.05886106
-0.05635000
-0.10551415
-0.00278903
-0.03370283
-0.03939189
-0.00666149
0.00142385
0.03901019
-0.02670525
-0.00373867
0.00354168
0.06754547
0.01016906
0.03901317
-0.04137170
-0.04182972
-0.04183960
0.06239978
0.02031956
-0.04820703
0.02605506
-0.05716087
0.04185138
-0.05193283
0.04716732
0.06354031
-0.00639625
0.00260354
-0.01650761
-0.05131710
0.09259073
0.04450684
-0.06659685
0.12730294
0.05879151
0.06243973
0.00254136
0.02897478
-0.07848797
-0.06298532
0.01636404
0.08835537
-0.06144311
0.04365930
0.07374822
0.05497497
0.05003009
-0.03965769
-0.00535886
0.04205865
-0.04328951
-0.03529786
-0.00999124
-0.03568680
0.02290178
-0.04054448
-0.06846354
-0.00120800
0.01249315
0.06501309
0.05246121
-0.08363158
-0.01954171
-0.05311466
-0.04741380
0.02103947
0.00906430
-0.00117958
0.02408688
-0.08273580
0.00828303
-0.01474105
0.05863604
0.05122209
0.01059141
0.03258904
0.07953727
-0.04473887
-0.01391122
-0.04497147
0.03465519
-0.10234717
0.06219655
0.00280098
-0.00101523
0.03163225
-0.01617660
-0.02761431
0.03933939
-0.02150292
0.01223732
0.03229071
-0.03409021
0.08886533
-0.04855768
0.06557101
-0.03316507
0.00998005
0.06506868
0.02746159
-0.01156391
0.01725449
0.05021168
-0.04136199
0.03561430
0.00014185
0.01419148
0.03315808
-0.01894233
-0.06231245
-0.02482469
0.04859307
0.00239550
-0.02609407
-0.02815542
0.00488653
-0.01071837
-0.02365655
-0.03236515
0.04634047
0.01724120
0.00462063
-0.02719067
0.08349610
-0.05336173
0.11149278
-0.00916386
0.00026960
-0.01027019
-0.00520554
-0.06179911
0.02003878
-0.03128216
0.00345916
-0.03550373
-0.02602848
-0.05062115
-0.06554588
-0.07146756
-0.00927063
0.00181100
0.01053340
-0.01524225
-0.06825222
0.00118552
-0.06650126
0.03199406
-0.05850533
0.01783193
0.01235109
0.05842593
0.08675875
-0.02449587
0.09705596
-0.05347472
0.02989501
-0.00740329
0.02151449
-0.17123879
-0.02555071
0.04053370
-0.02333792
-0.07565618
0.00616616
-0.02973266
0.01857643
0.01395874
0.01437816
0.07718819
0.01237482
-0.02821921
-0.07445079
0.01025263
0.08015705
-0.09145908
0.02118137
0.00892876
0.00882252
0.02766667
0.02142726
0.02626572
0.09162544
0.03429782
0.02415736
-0.02703918
0.10118136
0.00426845
0.05567205
0.00014101
0.01847363
-0.01391276
0.02972007
-0.00217557
0.05616755
0.04952996
-0.07060318
-0.03357296
0.02221720
-0.02642548
-0.06438437
0.02724341
0.06227952
0.09464089
0.04060353
0.02066190
-0.03967701
0.02694392
0.00545459
-0.03913173
0.03192971
-0.00669970
0.08792614
0.02098498
0.07758411
0.02080323
0.00910494
0.03143442
-0.04221015
0.10955871
-0.02963502
0.01699738
0.03885770
0.01302497
-0.00637137
0.02731446
0.03641272
0.00813207
0.01064356
-0.04637443
-0.08708625
-0.01648290
0.08949553
0.02816347
-0.10838675
-0.08889902
-0.07767364
-0.00938852
-0.01729742
-0.08584873
-0.03267127
-0.00729101
-0.01424384
-0.05911753
0.05507574
-0.06437547
-0.00879972
0.03119165
-0.01350899
-0.02954653
0.00205077
0.04080867
-0.00252861
-0.01432778
-0.03503393
-0.05923701
0.03005079
-0.01885655
0.05297214
0.02487406
0.02346464
-0.03426169
-0.04415563
0.07554875
-0.04031312
-0.01722934
-0.04760514
-0.03791632
-0.08076789
-0.03192776
0.06345362
-0.01838395
-0.05538202
-0.07873161
0.06945390
-0.05334900
-0.02849168
0.02371882
-0.02532946
0.05580219
0.05496240
0.02489828
0.07672407
-0.00925839
-0.00534547
0.04801099
-0.00651510
0.01950197
-0.04168123
0.03204648
-0.01594466
0.00994783
-0.01786803
0.05381512
0.05336199
-0.08098206
0.03459974
-0.05263882
0.04678861
-0.05042917
-0.01871640
-0.02085488
0.02508617
0.02645608
-0.00484173
0.01131278
0.01884042
-0.01394336
-0.01513993
0.04370567
-0.02554775
0.11923259
-0.05700357
-0.03137004
-0.07353134
0.01287733
0.05904134
0.05083468
-0.00103856
-0.05658504
-0.04010718
-0.00875717
-0.02926276
0.08584282
-0.00725284
0.04762120
0.14214708
-0.00932261
-0.04261764
0.03288446
0.03751305
0.01241763
-0.01920928
0.05871810
0.01571414
-0.03869686
0.00682842
0.06390285
0.03468487
-0.02746621
0.03728996
-0.09656358
0.03601732
-0.00861759
-0.04460324
-0.05440306
-0.03645655
0.03178819
-0.01234025
-0.01113258
0.06864777
-0.00018627
0.07919497
0.00854864
0.01157060
0.06519338
0.07783984
-0.05944145
-0.06141373
0.08176667
0.02136794
-0.02581193
0.03605251
-0.04712578
-0.01600609
0.00045997
-0.04940168
0.01490685
-0.06976505
-0.02471629
-0.01342004
-0.05901693
-0.06585101
0.02106469
-0.00487189
-0.03995131
0.07364146
-0.00064237
-0.04580245
0.00942056
0.06636011
0.03693938
0.03843439
0.01310318
0.12259004
-0.06233252
0.01845248
0.05554765
-0.02202423
0.05953713
0.00371737
-0.03893036
0.01530936
0.03588393
-0.09024885
-0.09652157
-0.03363768
0.01094826
-0.03848121
-0.04828453
0.01934899
-0.03012694
-0.03393600
0.04283156
0.02498998
0.08128752
0.03867397
0.11531128
-0.03307215
-0.00095520
0.00584644
-0.06941124
-0.00769183
-0.03707020
-0.05924322
-0.16617292
-0.06058236
0.02226842
0.08661048
-0.06414752
0.03227381
-0.07153779
-0.08275465
0.03050608
0.03387351
-0.00916236
-0.01712578
-0.00887532
0.02081355
0.00452639
-0.02872499
0.04266001
-0.01160123
-0.05163115
0.05906102
-0.04342482
0.07655088
0.12165536
-0.07372171
-0.01297245
-0.09687838
-0.14164452
-0.00184406
-0.01547926
0.14952546
-0.09320737
0.00044873
-0.09273770
-0.00014308
-0.02842711
0.03212350
0.00250821
-0.04245726
-0.04696767
0.09369484
0.05677731
-0.03363586
-0.13000023
-0.07643592
-0.03336368
0.05502382
0.02218443
0.08731408
0.08043199
0.08722376
0.08982647
0.03908005
-0.00909166
-0.06585044
-0.05159674
0.10111332
-0.02985588
0.02091918
0.04167525
0.03501591
-0.07900182
0.12012343
0.17053509
0.00473649
-0.03755109
-0.01030877
0.01528064
-0.08663534
-0.02957272
0.03078195
0.04671678
-0.00491628
-0.02152528
0.04561202
0.05444646
-0.04010056
0.03507619
0.00413680
0.01238113
0.04969739
0.02171744
0.06532905
-0.05562583
-0.05837284
-0.03234234
0.03386523
0.01298542
-0.03123532
0.06724826
-0.05234225
-0.03254890
-0.12184475
-0.00960965
0.03426231
0.00170132
0.04893557
0.01775443
0.02223650
-0.03319958
0.14306740
-0.04444652
0.03767908
0.02579012
0.00462307
0.00015943
0.00647510
-0.05367502
0.05830714
0.03060542
0.01364668
0.00201339
-0.10320478
0.05886099
0.04153192
0.09521505
0.03012964
0.03806520
0.01367480
-0.00509952
-0.00731602
-0.04042477
0.00968318
0.03413873
0.08005222
0.06339162
-0.03307083
0.04924398
0.04076488
0.02038169
-0.06399541
0.03480734
-0.11496361
0.11464275
0.00575800
0.02028389
-0.04391837
0.07404721
-0.03546330
-0.00712080
-0.09824608
0.02931147
-0.07511886
-0.00879304
0.04737370
-0.04886175
0.03056256
0.00725449
-0.01575758
0.04862751
-0.03539091
0.08323561
-0.12361346
-0.01957483
0.03578452
-0.01272412
0.03228177
-0.00576801
-0.08742701
0.00887544
0.17849664
0.03897360
-0.01630222
-0.03060088
-0.02717911
0.01008439
0.01460523
0.05258382
-0.08494586
0.05681493
0.05469203
-0.07650628
0.02344783
0.04200032
-0.09635317
-0.07334621
-0.00883735
0.02791766
0.05331206
-0.12011521
0.06331860
-0.00496131
0.01630500
0.06245818
0.09415758
0.07434112
-0.05958168
-0.02277879
0.03715720
-0.02027847
0.00352633
0.04078290
-0.00331244
0.03101695
0.03533566
-0.00387620
0.01182202
-0.05700202
-0.00022285
0.09436712
-0.05107208
-0.11038150
0.00334839
-0.05159850
0.03898315
-0.12749387
0.00358680
-0.00997765
-0.02626286
-0.00812928
0.07128080
-0.03904933
-0.00794310
-0.01568110
0.02630937
-0.06857091
0.11328058
-0.03180496
-0.06146494
-0.05258290
0.02646723
0.01937765
-0.05062869
-0.01955873
-0.11888719
0.00876636
-0.01465473
0.04650959
-0.01941804
-0.00130472
0.03617390
0.01231113
-0.05819428
-0.11319870
0.08835688
0.05756791
0.03295797
0.02066045
0.08596813
-0.06191159
-0.05414299
-0.07837053
0.06913622
0.02663195
0.08130012
0.07910518
0.07442486
-0.03137263
0.00408061
-0.03649476
-0.00346170
0.03717447
-0.02321574
-0.02534451
-0.02443394
-0.08461572
-0.02770363
0.13713774
0.04089910
-0.01597226
-0.01789011
0.03294900
0.04776848
0.07841209
0.04272471
0.02903054
-0.02527750
-0.02047031
-0.04171697
0.05418351
-0.09024455
0.05912130
0.03712396
-0.03921917
0.03549604
0.03503691
-0.05378656
-0.03146424
0.00195124
-0.00454843
0.04856484
-0.03445960
0.04123773
-0.00102349
-0.03788710
0.02347433
0.02282310
0.02119725
0.04973527
0.01462671
0.02346665
0.04475511
-0.02886420
-0.01379540
-0.00008705
-0.04421379
-0.03714995
-0.04503011
-0.03174726
-0.03263884
-0.03662058
0.01512084
-0.04248451
-0.04473237
-0.03472153
0.01407928
0.01691927
-0.01788658
0.03368573
0.03253534
0.01296936
0.01173568
0.03978837
0.02835444
0.02065178
0.01323911
0.01174372
0.01112381
0.00962116
-0.02459178
-0.02050823
0.03515446
0.01108643
-0.02511712
-0.01583257
-0.02384866
0.00005537
0.04120383
-0.03286159
-0.04703214
0.04285286
0.02052657
-0.02491814
-0.02413210
0.04714373
0.00188041
0.01664975
0.00910510
-0.02845502
-0.01826916
-0.02743640
0.05719264
-0.02408796
-0.00917637
0.02589959
0.01191225
0.00840596
-0.04449899
-0.03764163
0.02651731
-0.03650963
-0.04342791
-0.00479616
0.01979101
-0.05692863
-0.00218868
-0.01775931
-0.01053185
0.04981010
0.02089022
-0.00888771
-0.02220881
-0.01900990
-0.02076711
-0.05212947
-0.04753936
0.00134899
-0.02124925
-0.02473756
-0.03661652
-0.04489041
0.03162756
-0.00081863
-0.01489226
-0.00948499
-0.02884099
-0.02217664
0.00043068
-0.00249632
-0.05010044
-0.05695079
0.03595905
-0.04312307
0.03108622
0.01314554
-0.03389917
-0.04557391
-0.04031779
-0.01566855
-0.01089747
-0.03307236
0.02064393
-0.01724827
-0.04083714
0.02174312
-0.04709964
-0.01848407
0.01524194
0.00627427
0.00088011
0.02200453
-0.01190762
-0.00930746
-0.01872061
-0.00023685
0.01783812
0.01196837
0.01273927
0.05141765
0.01523495
-0.02526171
0.01936270
-0.03595122
0.01157636
0.03102081
0.00234774
-0.05031393
-0.04398151
0.03586869
-0.04193114
0.01062499
0.01574631
0.01277621
-0.02407950
0.04815902
0.00491268
-0.04976517
-0.03402467
-0.01780555
0.03754386
0.05214847
0.05701997
-0.03355252
0.00069447
0.00412899
-0.03201525
-0.00691729
0.01616888
-0.01655095
-0.03176566
0.02229691
-0.01166244
-0.01226982
0.02657883
0.02488475
0.03341782
-0.01059461
0.04034526
-0.02658193
-0.02105632
-0.05532538
-0.00430366
0.01140745
0.05646772
-0.03922318
0.03806764
0.04782835
0.02863380
-0.04560255
-0.01682129
-0.03875020
0.02498344
-0.00039200
-0.03807110
-0.01461988
0.02687084
0.02092485
-0.02938027
-0.01815929
0.01956902
0.01173460
-0.00278721
-0.01195905
0.01142584
0.03088340
-0.01279623
0.03137279
0.02676022
-0.04059187
0.02567874
-0.01896588
-0.02754831
0.02855176
0.01477037
0.00816900
0.04310678
-0.01342675
0.02551017
-0.01472225
0.00983724
0.02916533
0.04198223
-0.04942958
0.00065590
-0.01980506
0.00300400
0.03670167
0.04814848
0.04047967
0.02979115
0.01691675
0.01306844
-0.01313087
-0.03853078
-0.03366595
-0.05282135
-0.02083871
0.03740266
-0.03629391
-0.03182613
0.01085648
0.02388982
-0.04605754
0.01236787
0.01414629
0.02957643
-0.00050776
0.03295650
0.03613693
0.00091939
-0.03362142
0.04048207
-0.03826711
0.00848777
0.00315515
-0.01308754
0.03942909
0.01138404
-0.05880294
-0.00957884
0.04423720
-0.04617171
-0.06116724
-0.06830446
0.10761654
0.04834182
-0.06682949
-0.04606567
-0.00835574
-0.09356040
0.01634569
0.00334506
0.10020079
-0.03036140
-0.00388294
-0.08006237
-0.05544718
0.00021314
0.03182917
-0.01594879
0.00078087
-0.01558047
0.11923774
0.03196626
0.03298263
-0.19848439
-0.09844270
-0.03374444
0.01015625
-0.01319885
0.05421451
0.02150615
0.05151605
0.12685798
0.06741340
-0.00454573
0.02064587
0.00696586
0.07123128
-0.08032896
0.07533940
0.02983303
0.00241255
-0.07467345
0.10692341
0.10048124
-0.03781722
-0.05247214
-0.06202099
-0.02998620
-0.01368448
0.00076999
-0.03252687
-0.00233333
0.04888102
0.01035149
0.01759577
0.04028891
0.02426006
0.02501524
-0.04876851
0.00831295
-0.01891829
0.07177291
0.00810382
0.02365740
-0.04206768
-0.08397315
-0.00387536
-0.13981371
0.03631807
0.04595945
0.00896821
-0.01000936
-0.06398906
0.00141892
0.00307013
-0.02641792
0.02865365
0.05239207
0.03436706
-0.00212171
0.05430480
-0.01467499
0.03565567
-0.04530142
0.01557860
-0.02262528
0.06478252
-0.08472712
0.03577672
-0.00607156
0.03190291
0.02959295
-0.07567608
0.04124327
0.03921572
0.01256920
-0.02355704
0.01246680
-0.01962528
-0.02096285
0.04827280
-0.07128586
0.02359112
-0.07739464
0.09300667
0.10075471
0.00372605
-0.02839187
0.04429159
0.07448769
0.02371578
0.01050310
-0.06929677
0.07000049
-0.06757615
-0.02352761
-0.00509194
-0.02048958
-0.11637014
0.01307225
-0.05105366
0.08487724
-0.04574715
-0.00568973
0.04174584
0.00538973
0.07974298
-0.07084384
0.00107781
0.02476481
-0.05740977
0.07987574
-0.11079449
-0.04592472
-0.00487438
-0.04111148
0.02768314
0.01490594
-0.07722528
0.02301643
0.12139987
-0.00715166
0.02767658
-0.00653086
-0.09210185
0.03047889
0.00172168
0.06376150
-0.02227381
0.00069051
-0.01433550
-0.03316208
-0.05275869
-0.00064062
-0.13351029
-0.03426865
-0.01799140
-0.06309813
0.03319178
-0.16277634
0.01869015
-0.06505304
-0.03970061
0.12664601
0.02245136
0.04898338
-0.04429160
-0.00775218
-0.00771521
0.03076316
0.12225723
0.09736148
-0.08442345
0.04596104
-0.00970095
0.02062519
-0.05199886
-0.07884212
-0.05141759
0.08896565
-0.13206570
-0.03564308
-0.04195837
-0.07939044
0.07408088
-0.15890542
-0.04810394
0.03365536
-0.15002640
0.03458407
0.01685627
-0.00765337
-0.06754950
0.03796876
-0.00980405
0.03262367
0.03745210
-0.02900786
-0.10838642
-0.06397685
-0.02616619
-0.01409329
-0.11887881
0.00762714
-0.14350389
0.04238484
-0.04762369
0.05751406
0.04236047
0.00550613
0.06282405
-0.00305432
-0.06929974
-0.07318787
0.04032926
-0.03662322
-0.12356012
0.06507803
0.11702100
0.02445191
-0.06028064
-0.00781330
0.02458618
-0.00388793
0.06320095
0.06050985
0.06545848
-0.00025884
-0.06596271
-0.04317315
-0.03667201
0.02607972
-0.01847531
-0.00763670
0.03168698
-0.10457382
-0.00025684
0.05011174
0.06975756
0.02509767
-0.03906397
0.03859754
0.04716463
0.08987655
0.07584070
-0.03751892
-0.07422470
-0.11319051
-0.05184841
-0.01677790
-0.03410149
0.07622586
-0.02390238
-0.04172601
-0.01728131
-0.01346865
-0.00867940
-0.02377239
-0.00681415
0.01921351
-0.00029922
0.01572027
0.04439712
-0.02104937
0.02042064
0.00608290
0.05078062
-0.05405080
-0.03854420
0.01771624
-0.03816682
-0.03532289
0.01169010
0.04677548
0.00606286
-0.03421162
0.05439202
-0.05514072
0.01903175
0.01005911
0.00781354
0.04159776
-0.04178256
-0.03527750
-0.03096886
-0.03493754
0.00616871
-0.01941371
-0.03656666
0.04345264
0.05431014
0.01609883
0.01815516
0.00080791
-0.03304819
0.02899528
-0.00777347
0.03125928
0.01179070
0.02138682
0.03201141
0.03260517
-0.05021957
0.00757980
-0.02546810
-0.00533913
-0.01187218
0.02728583
0.03124127
0.02349362
-0.04226226
0.03787446
-0.04711169
-0.00302634
-0.02081542
-0.02173853
0.03771726
-0.05859437
0.04307647
-0.01798252
-0.02276015
-0.04016407
0.02889690
-0.02588178
0.03703292
-0.03242227
0.02615148
0.02417867
0.06071115
-0.01955198
-0.02473080
0.01669523
-0.03987247
-0.01270029
-0.03076297
0.05087454
0.03428981
0.02149911
0.04188300
-0.00661700
-0.05712226
0.01710483
0.04630654
0.03773754
0.03488582
-0.02607210
-0.03860946
-0.01101626
0.01678272
0.04169996
0.04206913
-0.03909896
-0.00646239
0.02291782
-0.01454228
0.02061360
0.03254997
0.02035600
0.02939641
0.00120807
-0.02658009
-0.01313775
0.01916258
0.04284856
-0.04764688
0.02371606
-0.02154566
-0.00788398
-0.05082386
-0.00347850
-0.01212601
0.03348506
-0.04256886
-0.05802624
0.01077242
-0.01474977
-0.05584699
0.00234782
0.00408614
-0.01517356
-0.03088646
0.04050676
0.01792488
0.00022708
0.02623046
-0.04491616
-0.04139023
-0.03542284
-0.03812634
0.04658648
-0.03486561
0.03147301
-0.03170164
-0.05096249
-0.03238710
-0.04447005
-0.02555717
-0.04809207
0.04474448
-0.00203413
-0.00560743
-0.02439326
-0.01564727
-0.01758066
0.05580381
-0.00749341
0.01932595
-0.04335438
-0.05802516
0.03405590
-0.03896984
-0.02547904
0.01765078
-0.04222438
0.01911945
0.04470729
0.01478620
-0.02141377
-0.00810608
-0.03618601
0.03472425
-0.00815950
0.05414752
-0.00498054
-0.00903372
0.02291090
-0.03693704
-0.01688035
0.04822658
0.04228771
-0.00104740
0.01822907
-0.03647563
0.04447119
-0.03579995
-0.01504988
0.03142723
0.04512892
0.02222056
-0.04187374
-0.01203734
-0.01275730
-0.02842028
-0.01830219
0.03634057
0.02168286
-0.05336853
-0.04889810
-0.04463744
-0.01099936
0.02579038
0.01768734
-0.02472969
-0.01053969
0.00363804
-0.03122118
-0.02507787
-0.02345495
-0.00706440
-0.04226576
0.01645727
0.03063379
0.05671819
-0.05766877
-0.03251261
0.01099577
0.01037578
0.04126012
0.04338948
0.03926239
0.00008048
0.04757975
-0.03949715
-0.00654161
0.02525010
0.04998808
0.04401556
-0.02465575
-0.00666037
0.01658752
-0.02122377
0.04698854
-0.03356390
-0.02401270
-0.01707943
0.06363361
0.04810352
0.03646124
0.02515261
-0.02232519
-0.02109020
0.05238523
-0.04387136
-0.00568846
-0.03874309
0.01361463
0.02593165
-0.00690294
-0.02007894
-0.00484957
-0.05373187
-0.02968936
-0.02300077
-0.05212582
-0.01166426
0.00529425
-0.00117655
-0.02139756
0.02575910
-0.06507671
0.01611024
0.04566134
0.09321219
-0.07964835
-0.05611582
-0.01508096
0.01880991
-0.00234680
0.01236850
-0.06373359
0.06311285
0.02352128
0.06722084
0.01290445
-0.03635714
0.02600684
0.01493656
0.05187032
-0.15785436
-0.04297270
-0.08252865
0.01558184
0.07457533
0.03469329
-0.07899437
0.10608004
0.06751264
-0.13203922
-0.02144747
-0.05792225
0.01040704
0.06825873
-0.13408767
-0.08533446
-0.01603040
-0.03086478
-0.04653020
0.04047396
-0.10226467
-0.00555891
-0.00213909
-0.00747885
-0.05100951
-0.00643416
-0.08065528
0.00359786
-0.03100844
0.09417976
0.03886369
0.01138943
-0.03739147
-0.01472901
0.00574899
-0.02524198
0.05242857
-0.02956960
0.08837800
0.06212908
-0.03282200
-0.08161982
0.02568770
0.03479004
-0.03306094
-0.03842974
0.00022820
-0.02804492
-0.00769088
0.02994628
-0.03916183
0.06943179
0.02290124
-0.07135031
-0.03132969
-0.01916403
-0.05202324
-0.04180748
-0.01204226
-0.12934406
0.01115728
-0.07051508
0.02649322
0.01013082
-0.00020174
0.04373269
-0.01659576
0.05539707
0.02812715
0.00347853
-0.03816840
0.09778464
-0.06544293
-0.01962099
0.00582401
0.02093520
-0.04447740
0.01574382
0.04149975
0.04696572
0.07394067
0.00162091
0.00873780
0.04041293
0.01140149
-0.04931452
0.01644729
0.12892532
-0.10035543
0.07019687
-0.00527744
0.04865999
-0.03882371
-0.02452094
-0.01262989
0.05990178
-0.07229900
-0.06588704
0.11462829
-0.05246380
-0.00642587
0.05247841
0.13025200
0.04202903
0.04209929
0.01143359
-0.04194807
0.00722818
-0.04466167
0.02724518
-0.01165502
-0.03585767
-0.01330480
-0.04142663
0.03652206
0.05138781
0.05065205
-0.07768650
-0.01160068
0.02863477
0.03180768
0.03282852
-0.11271313
-0.00133738
0.00296227
0.13406438
-0.05471738
-0.01456119
0.03443177
0.05759541
-0.02820735
0.04280767
0.02411241
0.05468122
0.01703402
0.03994466
0.11823077
0.06131763
0.02344246
0.01289552
0.02453231
0.03560359
0.02610993
-0.04496600
0.05398727
-0.00944573
0.01927020
0.07432564
-0.00925824
0.03833722
0.05173330
0.01520301
-0.02859646
0.03755328
-0.10338995
-0.08860699
0.06124804
-0.00449670
0.11320166
-0.02114226
-0.09622332
0.08659387
-0.06604704
-0.03021004
0.06513713
-0.04651948
0.04065062
-0.03564731
0.07273065
-0.04323301
-0.03503580
0.00160502
0.06536112
0.00624679
0.08571680
0.04164521
0.02939224
0.04695121
-0.03093281
0.03294735
0.12069783
-0.01170390
-0.02487418
-0.05830685
0.02521962
0.06172623
0.08919753
0.00597901
-0.08842979
-0.04452883
0.02293055
0.03514412
0.01877357
0.04552158
-0.01225450
0.00691236
-0.03124839
0.07360815
0.01235266
-0.02605013
-0.02418768
-0.08131445
-0.12219803
0.02170454
0.00490688
-0.08918130
-0.05830072
0.00767674
0.00094358
-0.04626470
0.03682467
-0.11391919
0.00921607
0.05649709
-0.01212833
0.02876310
0.02194100
0.02304010
-0.02490641
0.08651109
-0.03783638
0.09570386
-0.12983783
-0.00754439
0.04322105
0.09115022
-0.02008529
0.00677193
-0.06244468
-0.01503181
-0.00769940
-0.11423193
0.06561067
0.06767688
0.04382332
-0.02842311
-0.01137314
0.01534290
-0.00681925
-0.02378336
0.04810276
0.00875576
0.04927168
-0.06017331
0.03029292
-0.03109312
0.05646329
-0.03854170
0.10694689
-0.00114240
0.01696844
0.06289156
-0.03695264
-0.02836497
0.05006925
0.05220457
0.03756220
0.03155629
-0.04313822
0.01513204
0.00647711
0.09434471
-0.05231418
0.03420403
0.06829316
-0.03776936
0.02590094
-0.01505581
-0.02675438
-0.06506412
-0.07824399
0.01986227
0.04337910
0.02995309
-0.06281703
0.03457871
0.07544649
0.00767306
-0.01625844
0.03363041
0.01311890
0.06598773
0.00395683
0.04506853
-0.05031550
0.07504760
0.00095774
0.00897296
0.11669460
0.02317908
0.02064636
0.04747071
0.04440615
-0.02931036
0.04867686
-0.01898260
-0.07365756
-0.05323742
-0.09004659
-0.01842267
0.03204907
0.01656219
0.05646072
0.00586434
-0.05648498
-0.04266184
0.04868867
0.00896364
-0.02055039
0.01199352
-0.01178655
-0.01183954
0.02436204
-0.04049814
0.06049240
0.00793000
0.00515677
0.01594843
-0.01998313
-0.04030750
0.00660272
0.02598942
-0.07374281
0.00227995
-0.06965353
0.04637709
0.01966858
-0.03649562
-0.05142051
-0.05143056
-0.04761127
0.03908873
-0.02240236
-0.01220387
-0.03548014
0.02773724
0.08008118
-0.02474394
-0.04390474
-0.01210845
-0.05296077
-0.00918568
-0.04895288
-0.02875524
0.06341936
-0.01097891
-0.05491882
-0.04279851
0.03223335
-0.00061518
0.02087135
-0.05805082
0.06950213
-0.00781105
0.03764343
-0.01690637
-0.00898488
0.01534932
-0.01214969
0.03657080
0.08610816
-0.02030970
0.03489481
0.02929795
-0.04204725
-0.03305294
-0.03369873
-0.01772868
0.03878906
0.02443163
0.03569828
0.01110373
-0.00580121
0.05342097
0.00965908
0.00000824
-0.06134134
-0.05130045
-0.01150570
-0.02441373
-0.00355106
0.04937954
-0.01461984
-0.00213585
0.01053636
0.04252865
-0.01623374
0.03279850
0.06506746
-0.00200675
0.00888677
0.07008012
0.02615927
-0.04316726
0.02159986
0.11230501
0.00814872
-0.00719784
0.00437774
0.04347481
-0.02100377
0.03798563
-0.03502546
-0.07383750
-0.03471465
0.01811609
-0.01643880
0.02079510
-0.03029707
-0.04744541
-0.02433862
-0.04247972
0.07421229
-0.00418575
0.04963489
-0.02495789
-0.00106955
0.09039222
0.01318352
-0.01272238
-0.08372393
0.07414950
-0.04056041
-0.05589954
0.03001100
-0.02089685
0.00658416
0.02892251
-0.07657899
-0.00817003
0.01642444
0.03582439
0.03163718
0.00538452
-0.00451676
0.01904429
-0.07036535
-0.00536777
-0.01189684
-0.03694694
0.02359049
0.01681749
0.00060749
-0.00646084
-0.04555698
-0.00509098
0.02246202
0.04993004
0.00464458
0.01436734
-0.03921886
0.00087602
-0.02820631
-0.06400735
-0.00678761
-0.02851917
-0.01616232
-0.05660600
-0.01961984
-0.02583193
0.00228324
-0.03799907
0.03190857
0.00019465
-0.07370844
-0.04043946
-0.02194496
-0.03622546
-0.02872724
-0.03309660
0.00076456
0.03746434
-0.04006529
0.01870931
0.00166848
-0.06656518
0.00686886
-0.11508370
-0.01334399
0.02971458
-0.00785880
0.04534966
-0.04378609
-0.00404179
-0.00916303
-0.00006744
-0.04970818
0.03741556
-0.02040206
-0.03908198
-0.09509432
-0.01638994
-0.02891751
0.03125864
0.03518395
-0.03968333
0.00222967
0.02378303
-0.02760663
-0.06777553
-0.04978953
-0.01788808
-0.01485601
-0.02867049
0.05237438
0.01253414
-0.02342109
0.01909439
0.03852267
0.00393876
-0.01717042
0.03276112
-0.10412653
-0.00862570
-0.04058017
0.02690516
0.01416224
0.06594671
-0.01799179
0.02512901
-0.01904650
-0.07210129
-0.00513711
-0.03102512
-0.04606252
0.04567792
0.00811306
-0.06812652
-0.04250121
-0.02282581
-0.04721728
0.04132260
-0.06036643
-0.06595963
-0.01014968
-0.03938781
-0.01440022
-0.02380499
-0.06912749
-0.00019370
0.03462557
-0.00875979
0.02417867
-0.05607146
0.00260363
-0.01157225
-0.04934734
-0.00407059
0.11575022
-0.01892865
0.06071308
-0.01335346
0.01488644
-0.02510463
0.01230491
-0.00802956
-0.04177694
0.02504213
0.04091787
0.01636740
-0.03826218
0.06842954
0.01881779
0.01796063
0.04361382
0.03922557
0.05630124
-0.02769550
0.05070472
-0.01541745
-0.00255443
-0.01054522
-0.01570801
0.06312646
-0.02065462
0.03126388
-0.04710334
0.03604717
0.02328558
-0.01194967
0.03079937
-0.02448739
0.02301634
0.09365167
-0.04883160
0.05494482
0.04026730
0.02622053
-0.00550338
-0.02478242
-0.00654122
0.02098530
0.03581838
0.03962071
-0.01113598
0.04616226
0.01762935
-0.06141970
-0.03205883
-0.03920691
-0.02114541
0.03136172
-0.01279486
0.02749748
-0.04552893
-0.03136122
-0.04189514
0.01597281
-0.02669766
-0.01477990
0.00005618
-0.04456695
-0.00612667
0.01096335
0.02654074
0.02900548
-0.07093306
-0.02293721
0.02165452
-0.03245609
-0.03429024
-0.04231181
-0.00531961
0.00308308
0.01771190
-0.03605319
-0.01931773
-0.00485673
0.06621994
0.01249150
0.00423541
-0.01573707
-0.03708545
-0.01998935
0.00390676
-0.02330210
-0.04124854
0.08865350
-0.02752239
-0.00201576
0.04062672
0.03217384
0.02218430
-0.05652740
-0.01254586
0.03454810
0.04169997
0.05237090
0.00021462
-0.00735328
-0.08894968
0.08869997
-0.02171095
0.00809398
0.03166557
-0.02370044
-0.03686308
0.02382471
0.04209800
0.05045214
0.04003888
0.04143599
-0.02586492
0.00511683
-0.05562790
0.00509761
-0.06398481
0.01152488
0.01590419
-0.01320719
0.00770391
0.04752387
-0.02417492
0.04946493
0.05711244
0.02519887
-0.00330276
0.02674362
-0.03069777
0.02863329
0.04291102
0.00499641
0.01555634
0.00721517
0.00630137
-0.02777182
0.02550160
-0.00458752
0.02633514
0.00522546
-0.01945462
0.00737216
0.07542513
-0.04364556
0.01652048
0.01121239
0.00853169
0.01298935
0.01149482
-0.03897002
0.03367766
0.04190927
-0.08811675
0.05354016
-0.00538988
0.06129371
0.01783963
0.04137918
0.01182976
-0.01328559
-0.03406071
0.02148236
0.02553970
0.01210598
-0.02297135
-0.05027048
-0.00540850
0.01360564
0.02131032
-0.00374509
-0.02489191
0.00395324
0.03798112
-0.08392063
-0.02996681
-0.07591257
0.03493701
-0.02454078
0.06487132
0.03822092
0.04388755
0.01969706
0.01003341
-0.01929471
0.00917365
0.01546619
-0.03856932
-0.01137777
-0.03550787
0.02699374
0.00825546
-0.04061167
-0.01011800
0.02046342
-0.00014503
0.02604575
0.02222006
-0.05408974
-0.06465053
0.03214394
-0.03043293
-0.01154310
0.02030304
0.04465090
0.05860778
0.05169735
-0.02048944
-0.00100807
-0.06760653
-0.03706623
0.04871380
0.03629434
-0.05009748
0.02757498
0.00787523
-0.05088856
0.03686534
-0.00536990
0.05614381
-0.00741188
0.03151078
-0.01493037
-0.02227999
0.05270600
-0.07098307
0.00053913
0.05270426
0.11062555
0.02708041
0.09304547
0.04751950
0.00699141
0.05763377
-0.00176213
0.04615742
0.02122628
0.05226576
0.04726114
0.18280891
-0.04624287
0.04515463
-0.01056743
0.04024345
-0.09613761
0.06346468
-0.04313615
-0.03765598
-0.02234515
-0.04471513
-0.06267598
0.07187140
0.00303608
0.04392896
-0.00618842
-0.04317418
0.00805759
0.02161799
0.00195935
0.06670774
-0.04297722
-0.01750789
0.00484033
0.02472704
-0.01086800
-0.04143647
-0.02888812
0.05612691
-0.03258451
0.01047605
-0.01111800
-0.01482332
-0.03448328
-0.08495265
-0.00832795
0.09732720
-0.01873717
-0.00024172
-0.00821991
-0.06535814
0.00333736
0.04835701
-0.02010094
0.12524106
-0.00942533
-0.01727038
-0.01073574
-0.06854817
-0.01679504
-0.04654865
0.01439668
-0.04599516
0.13709395
-0.03873985
0.01320231
0.00628509
-0.00528054
0.01085178
0.01208761
-0.05551679
0.00779975
-0.01545115
-0.01240783
0.01929615
-0.03966240
0.02147828
-0.08337327
0.11471657
-0.04678600
0.03718872
0.00579709
0.05021388
-0.00631695
0.00538697
0.05997676
-0.05762705
-0.01495180
-0.09521027
0.00147185
-0.04698551
0.07591761
-0.03335584
-0.01956276
-0.07350031
0.04867487
-0.01218767
-0.03377359
0.00881468
-0.00504233
0.04149259
-0.02120152
-0.01167561
0.07494801
-0.00342936
-0.06214184
-0.00757255
-0.02256753
0.00948677
0.02286954
0.03086470
-0.07817540
0.00037637
-0.03091509
0.03088140
0.08933107
0.00801876
-0.01605975
0.08416595
-0.10638441
0.05960597
0.02229400
-0.04819601
-0.02978725
0.01845358
-0.05426267
-0.03382482
-0.06133042
-0.13100399
0.01416957
0.00572117
-0.01652986
-0.02016765
0.07837557
-0.03347695
0.03080724
0.01485826
-0.03588089
-0.03851381
-0.04035663
-0.00484168
-0.00511970
0.01416880
-0.08507511
-0.01318691
0.01411312
0.10744121
-0.00209381
-0.08206156
0.02565093
-0.02726470
-0.01486402
0.01026708
0.06153970
-0.03049358
-0.03214432
-0.00761190
0.03270185
0.01734835
-0.06952500
0.01937293
-0.03328856
-0.02607090
-0.09116839
-0.09581769
-0.04390536
-0.02301659
0.02359756
-0.05402208
-0.04394357
0.09281150
-0.00735146
-0.04565006
-0.04487139
0.05370965
-0.03007137
-0.03408740
-0.04693025
-0.07026818
0.04665375
0.00424669
0.07564867
0.01523351
-0.00883426
-0.03569783
-0.00872799
0.03067955
-0.06138406
-0.00022444
0.09523543
0.01559491
0.03371517
0.01863220
-0.03483751
0.05607882
0.00694549
0.04400450
0.02838829
-0.03137621
-0.03944781
-0.03040518
0.02805157
0.06965378
0.00076322
-0.07581019
-0.02156603
-0.02569202
-0.03043650
-0.00209994
-0.07010847
0.03835769
0.14284474
0.08079088
0.04061950
0.01738808
0.02892033
-0.01459199
-0.03021654
-0.06800577
0.01745584
-0.09010678
0.03779423
-0.04332457
0.03250070
-0.09500885
-0.00151174
-0.05521191
0.05446249
-0.05830215
0.01056799
-0.02457843
-0.06014977
0.09149653
-0.05908865
-0.03965659
-0.03216761
0.07799572
-0.03963368
-0.12683493
-0.02189157
0.06385157
0.02823568
0.05234873
-0.09538872
-0.02431298
0.03375605
-0.00067032
-0.05523504
0.02985821
-0.02002804
0.04170293
-0.00481278
0.13219757
-0.10388257
-0.10570556
-0.00065510
-0.06364556
0.00665801
-0.03209187
0.05050477
0.01378238
0.08413520
0.03580181
0.00717489
0.00044959
-0.03991834
0.04212021
0.05115588
0.04991502
-0.03275852
-0.01562814
0.07171053
0.10601526
0.19614607
0.00244279
-0.00593733
-0.02199643
-0.06400964
0.00042215
0.06045302
0.01167549
0.00225553
0.11561824
0.00883832
0.00684091
-0.00174606
0.00755171
0.02595550
-0.12031864
0.02181104
0.04410250
0.04611586
-0.03607245
0.04877051
-0.01194001
-0.05204577
-0.04916052
-0.02593438
0.03586837
0.08830373
-0.08175356
-0.00871058
-0.09018072
-0.06505479
0.05406816
0.07744018
0.04977839
0.13279945
0.05969462
-0.01274213
0.05245095
0.01310963
-0.06779252
-0.07214653
-0.03455754
-0.15863779
0.02807587
0.00389807
0.08911753
-0.01600534
0.09404679
-0.05323830
0.06342375
-0.06019619
0.03950020
0.03284055
-0.08655299
-0.04217583
-0.02327885
-0.00737630
0.03024460
-0.04285392
0.02474963
0.06211624
0.04495860
0.04599276
0.02419140
0.01472307
0.01250483
-0.00533290
0.00813706
-0.08151606
-0.04828756
-0.00200050
-0.09969964
0.01520494
0.06144121
0.02803506
-0.07007679
-0.04111515
0.01799748
-0.03208221
-0.05234443
0.02822460
0.00751937
0.01430553
-0.00618003
-0.07182634
0.03151185
0.02205350
-0.05905506
0.03287247
-0.07575851
0.03381567
-0.03660133
-0.01432719
-0.04166444
0.02859382
-0.02047119
0.02683781
0.03764353
0.02180756
0.00242708
-0.00873368
0.03102723
0.08057591
-0.04418324
0.07920714
-0.02981700
0.08587015
0.06935135
-0.06026971
-0.14830244
-0.00013325
-0.08415143
-0.10363217
-0.02048754
-0.00919432
0.09602511
-0.03065614
0.19243447
-0.01454429
0.04807286
-0.00938998
0.03096119
-0.05597700
-0.09114078
0.01808325
0.02528484
-0.00270194
0.10005550
0.08844084
-0.07540385
0.03518965
0.04524373
-0.04321173
0.02620604
-0.04812679
-0.01283052
0.04446971
-0.07725917
-0.06506536
0.01802152
0.00904848
0.05380786
-0.13951837
0.02378760
-0.03759356
-0.07450490
-0.03374289
0.10893017
0.01465000
0.00822580
0.00651817
0.09159484
0.00346745
0.03509583
0.02440496
-0.04917874
-0.01968612
0.01729276
0.02986030
-0.14147224
0.02819980
0.12632535
0.00182761
-0.04434828
-0.00742267
0.00455343
0.06325176
0.06265991
0.00500100
0.03640116
-0.03304975
-0.01572818
-0.06791668
-0.05622787
0.09770714
0.07951488
-0.04294146
-0.02584828
0.01488847
-0.04379599
-0.03298289
0.03955255
0.06370279
0.04369052
-0.07086634
-0.02951550
-0.03715417
0.16337949
0.00710414
0.02579578
0.00011931
0.06373422
-0.09413922
-0.09645688
-0.01108130
0.07489499
-0.04559241
-0.02424292
-0.03711805
0.01272875
-0.02186331
0.08850370
0.01516975
-0.08733991
-0.06791912
0.09461546
-0.00444128
0.04916845
0.04173014
0.12019306
-0.07745591
0.05547837
0.03679907
0.04269667
0.02923691
-0.04465578
0.08549229
-0.01244936
-0.09006615
-0.01640088
0.07482594
-0.01644901
0.03834166
-0.00258365
-0.09728852
-0.00828809
0.08647243
-0.01827321
-0.01691984
0.04814275
0.03398116
-0.06261989
-0.00691736
0.01537819
-0.07216527
0.00234922
0.04035887
-0.04313800
0.00014169
-0.01077742
-0.06402179
-0.07142134
0.02741112
-0.02350213
0.04680910
0.00451627
-0.01758881
0.05611387
-0.00165747
0.01948052
-0.02268662
0.02907127
0.05036626
-0.04384296
0.12124119
-0.02560993
-0.03765821
-0.02702111
-0.03218221
-0.02730756
0.03696373
0.00280692
0.01818432
-0.02330612
0.00026029
-0.08098879
0.00705955
0.00601430
0.02335538
-0.08276787
0.01278393
0.00276915
0.04518526
-0.03230886
0.06404470
-0.00304062
-0.02423989
0.07625194
-0.04284156
-0.01658199
-0.07374687
0.04132674
0.00835910
-0.02444430
0.00457355
-0.05699312
0.01738305
-0.00440266
0.09074058
0.06067926
-0.07607260
-0.02678758
0.01619346
0.13947244
0.03502713
0.01842701
-0.02343986
-0.02935502
0.12617770
0.03352916
-0.06006470
0.05712048
0.02375365
-0.08161299
-0.02191859
-0.00945046
0.03051811
-0.06951525
0.02377037
0.08279251
-0.04645144
-0.00085081
0.03089234
0.04520988
-0.02761051
0.05892207
0.02233949
0.05869315
-0.00485203
0.05418947
-0.01250287
-0.04311840
0.03837252
0.04129129
0.01767179
-0.00947138
-0.07153078
0.01651095
0.00037355
0.01777539
-0.02999945
0.00259944
0.04662232
0.05307413
-0.00467592
0.01083686
-0.03607277
0.00673545
-0.03561693
0.04747625
0.03905683
-0.05229595
-0.02158278
-0.00481748
-0.02075923
0.00338320
0.02495071
-0.04213363
0.06738664
-0.00733005
-0.04770581
-0.01719687
-0.06927107
-0.00645606
-0.03669779
0.03391707
0.02321342
-0.06123995
0.06415945
-0.02556346
-0.05208603
0.07178516
-0.02064487
0.00354330
-0.03831613
-0.04446170
0.02075348
0.00762712
-0.01230368
0.05644269
0.00982107
0.04535178
0.10151748
0.10132924
-0.05206746
0.03019308
-0.05584067
-0.05285096
-0.03332350
0.00861059
-0.01552589
0.00279864
0.02605854
-0.01864490
-0.02661106
0.00734068
-0.02711142
0.07110425
-0.00584057
-0.05485145
-0.06489922
-0.07519554
-0.02338876
-0.00062885
-0.00734243
-0.01812247
-0.05356321
-0.05946011
-0.01813021
0.00909105
0.02264574
0.04767136
-0.02041098
-0.09570950
0.01530274
0.04599761
0.01492674
0.01911606
-0.03499198
-0.06879912
-0.00423885
-0.06175574
-0.09209204
-0.01901410
0.07633906
-0.00298446
0.00311742
0.01413272
0.00705676
0.08537324
-0.03162691
-0.03241805
0.03087983
0.03694448
0.00473170
-0.01872075
0.04044129
-0.00256773
0.06921107
-0.01627131
0.06615198
-0.06853418
0.01297943
0.01142862
-0.02614344
-0.01493033
0.03201763
0.01908552
-0.05140894
-0.01726418
0.02915299
-0.00280751
0.07036906
0.07405754
0.03888662
-0.04284205
-0.02144081
0.04153254
0.00080102
0.04481589
0.03156343
0.04894264
-0.07495224
0.10678037
-0.05434358
0.07886815
-0.03633938
-0.09290764
-0.00342167
0.02742007
-0.07638948
0.02617922
0.04465726
0.10290228
-0.03892859
-0.01293478
0.01578007
-0.01097164
-0.02761846
0.04063375
-0.06352182
-0.04894654
-0.11124614
0.06094337
-0.00917984
0.04045004
0.03304991
-0.04337849
0.02423454
-0.10237088
0.06289622
-0.11855947
0.06207890
-0.01724630
0.02231622
-0.07282696
0.00119847
-0.05750503
0.00413606
0.01290274
0.08795671
-0.02235022
0.00391665
-0.07982354
-0.11814148
-0.00690064
-0.07766088
-0.03453290
0.01252300
-0.00452020
-0.07056668
0.00408670
-0.02853177
-0.02505197
-0.03229776
-0.09831782
0.08007184
0.05425482
-0.02219280
-0.04265613
0.06310228
0.01852143
0.02634964
-0.04979935
0.04440959
-0.01565880
-0.02453111
0.04229767
-0.04254763
0.01306567
-0.04534201
-0.01013012
0.05051341
0.04676906
0.03084853
-0.10897014
0.07564365
-0.02744912
-0.01204733
-0.04099504
0.05590850
-0.02967033
-0.02398658
-0.05423978
0.05436547
-0.03372094
-0.02780363
0.01337736
-0.06461152
-0.01749016
0.12013674
0.03821637
-0.05827330
-0.01686318
-0.00234838
-0.04966848
0.03469643
0.01149616
-0.03807702
-0.05468353
-0.01899871
-0.07016294
0.02124064
0.02714015
-0.07652858
0.07580706
0.07047966
-0.05593173
-0.07692408
0.10756665
-0.05500722
0.10536265
-0.03538523
-0.02931814
0.00269628
-0.00367393
-0.02684693
0.06804890
0.00531407
0.03712888
-0.01513148
-0.01742425
0.06949434
-0.02490073
-0.02436200
-0.04720611
0.03011281
0.00557159
0.04582633
0.03903883
-0.07775946
0.01209804
0.00047415
-0.00305370
0.02374795
-0.02023131
-0.01102295
0.00130152
-0.01508428
0.11434782
-0.02842358
0.00562981
0.02866311
-0.05161599
-0.04585754
0.02646752
0.00685865
0.03957828
-0.05008484
0.02959686
0.08354237
-0.01576821
-0.02652019
-0.03166118
-0.01315906
0.05863168
0.10053832
0.07617240
-0.06294601
-0.13702336
-0.01327280
-0.00462039
-0.04126776
-0.01303028
0.04893522
-0.05728135
0.05715389
-0.07833259
0.01517608
-0.00782993
0.08566577
0.04846331
-0.00864053
0.04826556
-0.07521692
-0.04659642
-0.06011712
0.01510928
-0.01498438
-0.04272439
0.04788094
0.02159616
-0.02269179
0.03761626
-0.00888457
0.00310793
0.04153493
-0.00587267
0.00227682
0.00458953
-0.04041142
-0.01847068
-0.01011873
0.03950434
-0.01451814
0.01574008
-0.07380822
-0.03439532
0.00164204
0.00043651
0.06993354
0.05643167
0.07894984
0.00368224
0.05128955
0.02909845
0.03761525
0.06543751
0.03394170
0.10823660
0.03105743
0.00350969
0.07106986
0.03308966
-0.10890121
-0.04519629
0.02421292
0.02261401
0.03426968
0.00951669
-0.01478267
0.07050947
-0.01158169
0.05086349
-0.04674931
-0.00269915
0.02194611
0.01446803
-0.05199928
-0.03239373
0.02668184
0.02881015
0.02730547
0.05459309
-0.08343205
-0.05793857
-0.02077478
-0.01622131
-0.02076853
0.05123163
0.08844724
0.00149097
0.05040917
-0.05073335
-0.02045865
0.00838851
-0.02745803
-0.00995322
0.01670179
-0.03222582
-0.02835329
0.03518270
0.01660603
-0.06806398
0.00685082
0.05416986
-0.05650357
-0.01622670
-0.01673101
-0.01143537
0.03438032
0.01767173
0.13007341
-0.03599891
-0.03290858
-0.00839218
0.02745416
-0.01418063
-0.04269700
0.04467018
-0.03791523
-0.00632162
-0.01126729
-0.01695013
-0.02270419
0.04281130
0.01287427
0.03595853
-0.00329260
0.03339578
0.02254791
0.02418848
0.03189649
0.00006212
0.03929931
-0.00701434
0.02279931
0.00883415
0.04646132
-0.03677518
0.04068553
-0.01632354
-0.00641852
0.00585122
-0.04858015
-0.05188883
-0.04079786
0.03793390
0.05126618
-0.06924644
0.00812324
-0.01109034
-0.00828983
0.03078654
0.00696396
-0.02438717
0.01006196
0.03563718
-0.02685808
0.01866636
-0.00777879
-0.01907382
-0.04469833
-0.05499067
0.00730694
-0.01006077
-0.00472289
-0.02213695
-0.03048617
0.01043495
0.04251393
0.00515435
-0.04623044
0.03528891
0.01025132
0.01022317
0.02969124
-0.02751285
-0.04283361
-0.02322229
-0.05829401
-0.05871435
-0.02533424
0.01800387
0.03596168
-0.01670723
0.00404802
0.01753903
-0.02872417
0.01586701
-0.01481788
-0.03752093
-0.05011102
0.01623755
0.04766176
-0.03266565
0.02725385
-0.05611043
0.03190518
0.04478717
-0.02530580
0.05131432
-0.02157022
0.00283436
-0.01440220
0.00658948
0.04060560
0.03390895
0.02262427
0.03642098
-0.02947535
-0.01312933
0.01015185
0.03878213
0.02384768
0.04454188
-0.02899127
-0.06302942
-0.04886512
0.01466586
0.00220940
-0.04384484
0.04051797
-0.02790224
-0.01628267
0.03935894
-0.03366578
-0.00338698
0.01024861
-0.05196564
0.02993305
0.03030222
-0.04414411
-0.01944839
-0.06446280
0.01185921
-0.05477141
-0.05161218
-0.01022503
0.00718586
-0.04289991
-0.02200377
0.01477707
-0.03299354
-0.00692487
-0.00297048
0.02180879
-0.02985367
0.00316907
0.05018987
0.00442528
-0.04341396
-0.03861751
-0.03497140
0.00515033
0.01582426
0.03999939
0.01041839
0.02771491
0.02605958
0.00292287
0.02047588
-0.01336783
-0.04556419
-0.03132913
0.04536333
0.03125539
0.04834387
-0.00521042
-0.01410576
0.01053656
0.03187396
-0.05667741
0.01451524
0.02067419
-0.00261341
0.01642904
0.02994929
0.04182401
-0.02258320
-0.01486710
0.04962062
-0.04818906
0.01051825
-0.05157540
0.04747558
0.00880180
-0.04455559
0.02648277
-0.00863251
-0.02275631
-0.00582414
0.04410236
-0.01252237
-0.03783639
0.07121347
-0.01281666
-0.01901713
-0.01856750
0.02392155
-0.00414869
-0.02286422
-0.01657524
-0.01007791
-0.02304617
-0.04612836
0.02119339
-0.01283908
0.01176335
0.03049270
0.03751878
0.04506583
0.04871859
-0.04083608
0.04461698
-0.04633699
-0.03630757
-0.05152184
-0.04938141
0.01961732
0.00909247
0.03249471
0.01442358
-0.01273565
-0.02963812
0.00551512
0.02358728
-0.01655670
-0.01424819
0.01344371
0.02772897
-0.01217037
0.01876268
0.01288452
0.00052284
0.00847099
0.00254037
-0.00959507
-0.01544150
-0.02732752
0.02067295
0.03584755
-0.01020670
0.02227237
0.05104829
-0.03320687
0.00638916
0.00206256
0.04919372
-0.01139981
0.03424708
-0.01236848
0.04180535
-0.04804450
0.01100211
-0.02768716
0.01991585
-0.04632894
-0.03737902
-0.01599932
0.01345523
-0.00352242
-0.03141490
0.02735597
0.02898377
0.03476569
-0.00494060
-0.00600479
-0.02545870
0.06692590
-0.00184755
-0.00496210
0.01439074
-0.04821714
0.05186573
-0.00837485
-0.04388787
0.02120916
0.02907678
0.06972003
-0.03370934
0.04046702
0.01962307
-0.10696805
0.10132112
-0.03163519
-0.04476586
-0.03139976
-0.04008497
-0.03666539
0.01642208
0.02828216
-0.02355926
-0.01048939
0.00915386
-0.02340799
0.00316965
0.07471528
0.04159990
-0.03698288
0.05301291
0.03526218
-0.02919200
-0.01471255
0.00066477
-0.07225770
0.03452860
-0.01722617
-0.09543885
-0.00823604
0.05349545
-0.08208810
-0.07218030
-0.06261221
-0.03409581
0.01450519
-0.06297353
-0.15271869
0.01068545
0.01171493
-0.00283347
-0.06146668
0.00938802
-0.11092103
-0.07735394
0.01394121
-0.02073245
-0.01397728
0.02234224
-0.01882445
-0.00120866
-0.03826590
-0.04966712
-0.01294636
0.03087926
0.01192786
-0.01264162
-0.03799153
-0.02764545
0.05376440
-0.01261417
0.00126197
0.00851165
0.01463496
-0.04112454
0.03883489
0.11757721
-0.09180300
0.06210653
-0.04768788
-0.05485780
0.00283103
-0.01416320
0.00638084
-0.02831735
0.04250509
-0.05134419
-0.01715134
-0.08217749
0.03076262
-0.01546244
0.01142731
0.01987449
0.09184186
-0.02448263
0.06478929
0.05043116
0.02801977
0.07527753
-0.03228384
-0.02216118
0.00485036
-0.02195530
-0.01065075
0.04071185
0.03312454
-0.00542557
0.04266217
-0.05240426
0.06115739
-0.01866098
-0.03195376
0.04256907
0.00546772
0.09765965
-0.08892123
0.03303657
0.03428043
0.04030215
0.01848818
-0.05131848
-0.02282170
0.05058178
-0.02598250
-0.05051335
0.03449786
0.00411039
-0.04315612
0.05880386
0.08113920
0.06231507
-0.03122993
0.04910009
-0.00159840
0.00317656
-0.03525988
-0.02525146
-0.02500571
0.07332148
0.00138689
-0.06878972
0.00641539
0.00724785
-0.03256664
-0.06180462
0.05898950
-0.00378299
0.00454424
0.06464310
-0.06973188
-0.03122118
-0.07310963
-0.00935737
-0.01754506
-0.04591137
0.06152903
0.04766450
0.00921000
0.07147525
0.02542989
-0.08907782
-0.02483542
-0.00299905
0.02754169
0.07448001
0.03915579
-0.06157076
-0.02138299
-0.02948339
0.02433387
-0.02990787
0.10412544
0.03288491
-0.03856111
-0.00955651
-0.02110700
0.00190845
0.05993868
-0.02027415
-0.02157453
0.01276686
-0.01118700
-0.06333190
-0.00544917
-0.02050479
0.01076354
0.01536859
0.04735539
0.06053603
0.02070334
-0.02306777
0.00733858
-0.07351154
-0.04733548
-0.05131045
0.01644941
0.01942710
0.01541477
0.00503590
0.07302222
-0.00810961
-0.01279876
0.04879576
-0.00531933
0.11229271
0.00513367
-0.02689498
0.05009761
-0.03383135
-0.05994227
-0.01786962
-0.01770489
0.03498410
-0.01452290
-0.04277990
-0.03302009
-0.00415075
0.03598464
-0.02546129
0.01068813
0.04662854
-0.03026067
0.01323979
0.08287768
0.00938427
-0.02250437
-0.03476002
-0.06582540
-0.05659445
-0.02729311
0.01058263
0.03726001
-0.05341906
0.00907728
-0.00056355
0.00596154
0.03835827
0.05165069
0.02315194
0.01948374
0.05623170
-0.03362402
0.03164473
-0.01201271
-0.04985048
-0.07566530
0.08887968
-0.12912445
0.01808305
-0.06995208
-0.00839928
0.10524257
0.03964018
0.08333392
0.06391266
-0.00984476
0.06925368
-0.00924945
-0.01996030
0.06581308
-0.02559297
0.08898526
0.02866990
-0.02658969
-0.06114164
-0.03877924
0.03965324
0.02868461
-0.00599812
0.01609742
0.03304449
0.04852508
-0.00957964
0.00434426
-0.02213326
0.06208690
-0.01352820
0.02267324
-0.04212780
-0.05168250
0.05182356
0.04304624
0.01761040
0.03865241
0.01205343
-0.02735722
-0.02276019
-0.00145126
-0.03690298
0.00666937
0.06040439
0.02142132
0.02289315
0.04305581
-0.00792549
-0.01642303
0.03879766
-0.05641473
0.00912002
0.00276668
-0.03399090
0.03263967
0.05258515
-0.03494823
-0.01388384
0.04621429
-0.01647177
-0.02022646
0.05453603
0.03580146
0.00672406
-0.03869850
0.05404166
0.05913972
-0.00692335
0.03099017
0.02978776
0.03587909
-0.03587238
-0.05759801
-0.02345919
-0.03549703
-0.05775171
-0.01839900
-0.00198096
-0.04063305
-0.00356686
0.04578090
0.02792542
-0.02275832
0.01731525
0.00579182
0.00640653
-0.04221919
-0.07001022
-0.04440121
0.05385860
0.01795185
-0.00896743
-0.04441440
0.00132081
-0.00739541
-0.05442426
0.01640589
0.02347116
0.02435816
0.04621753
0.02448148
0.04648939
0.04691015
-0.01668997
0.02668256
0.02865025
-0.04639938
-0.03087281
-0.04561945
0.02920335
0.00551085
-0.01548294
0.04448450
-0.01783720
-0.04385969
0.04498392
0.04881254
-0.04214291
-0.01234523
-0.02572733
0.04148544
-0.02503283
0.00717076
0.01996391
0.01237156
-0.00297634
0.00737837
-0.01222481
0.00946128
-0.05280971
0.03433770
0.03643236
0.01345252
-0.02970854
-0.01856178
-0.02475676
-0.01727130
-0.02058313
0.06305245
0.00325014
0.02171537
-0.05605945
-0.04449631
-0.03394010
-0.03888687
-0.02646305
-0.02352468
0.04502231
0.04388023
-0.04450623
0.04906654
-0.00887506
0.01102483
0.02020045
0.03070235
0.03596662
-0.05264094
0.01650225
-0.00474760
0.04763040
0.02004139
-0.02755974
-0.00473925
0.04614086
-0.04517707
-0.01229402
-0.03180745
-0.01295083
0.03623574
0.00484479
0.03768238
-0.03315712
-0.02610160
-0.00762607
0.02222806
0.06009051
-0.01411842
0.04065463
0.04590679
-0.02719337
0.03625128
-0.02993421
0.00600542
-0.05452709
-0.02189831
0.01058461
-0.01539956
0.02572131
0.02136779
-0.02996399
-0.03668854
-0.01444676
0.01283289
0.02038784
-0.02964616
-0.02121054
-0.02303704
0.05983365
0.03034016
0.03098199
0.04059955
-0.05642136
0.03394091
-0.03528391
-0.00050052
0.02441919
0.03763295
-0.03512242
0.00219932
-0.01942337
-0.07765037
0.02085920
-0.04709737
-0.03595008
-0.00160077
0.04579810
0.02889353
0.01406974
-0.00880212
-0.01700726
-0.03759330
0.00368834
-0.03851781
-0.04176011
0.04774084
-0.01605569
0.00940708
0.02664988
-0.01488838
0.04357448
0.04247610
0.05141828
-0.02954383
0.01948874
-0.03004910
0.06871314
-0.05707873
-0.06442507
-0.04939114
0.02480753
0.00755878
-0.05295277
0.03116910
0.05580022
-0.02888736
-0.01128126
-0.04824499
-0.01745399
0.00542077
-0.03578200
-0.01635227
0.04874471
0.00628231
-0.01671778
-0.01561754
0.05890827
0.03935023
-0.08652601
-0.04402091
0.05547340
0.00537207
-0.03415854
0.02566744
-0.02011012
-0.00300905
0.02037136
0.03105658
-0.02453078
-0.03047273
-0.02520439
0.02449515
-0.00398066
-0.02756350
-0.04799489
0.01570880
-0.00803782
0.00616113
-0.02808410
-0.02572728
0.04830763
0.03156301
0.01328714
0.02575888
0.00949967
-0.00877913
-0.02432334
-0.05662950
0.03604895
-0.03034466
-0.00427524
0.00605884
-0.03350976
0.03855592
-0.02980957
-0.01146036
-0.04156724
-0.02696358
-0.00193928
-0.00001245
0.00225284
0.02246499
-0.04594623
-0.03522099
-0.02609254
0.02297457
-0.02929451
-0.01682061
0.02195755
0.02265746
-0.01257641
-0.02388754
0.02312964
0.02024366
-0.02467926
-0.01757724
-0.00354418
-0.01924747
-0.03145060
0.00805993
0.03832587
-0.03651656
0.02259942
0.00735730
-0.01355388
0.01869953
-0.00739573
0.00341438
0.02382416
-0.04177883
0.02446472
-0.02873649
-0.00305321
-0.03028279
-0.00162063
0.04729378
0.00393128
0.01416325
0.04395776
-0.05248117
-0.03683222
-0.01160112
-0.03180419
-0.04339201
0.01452446
0.00759770
0.01522880
-0.02400822
-0.04952521
0.01215023
-0.00662110
-0.02538828
0.01768156
0.03162759
-0.02664135
0.02581440
0.00630438
-0.00757698
-0.01492761
0.03122012
-0.03065535
-0.00852529
-0.00006136
-0.04471900
-0.05188675
0.01799807
-0.02334159
0.00995091
0.04792640
-0.02490375
-0.01265682
-0.03087295
-0.00811166
0.00437817
-0.03337608
-0.00320410
0.04893982
-0.03325888
-0.01549308
0.01237691
0.01431898
-0.01933257
-0.01538191
-0.04770034
-0.01174659
0.03701358
0.01548447
-0.03746130
0.04045025
-0.02689782
0.02143679
-0.05805161
-0.02364333
-0.02331418
-0.00096257
-0.00846437
0.02865792
0.00669784
-0.05167737
-0.00416900
-0.00983156
-0.03448939
0.04635872
-0.01377945
-0.04273392
-0.03581508
-0.01125357
0.00643066
-0.01385159
0.02283564
-0.03322542
-0.04276893
0.00888983
0.03478795
0.01664287
0.00049922
-0.03588992
0.03790587
-0.03118423
0.04091899
-0.02665511
-0.04496017
-0.00789694
0.05593266
-0.00152893
-0.04246695
-0.00245260
0.01798786
0.01044298
-0.00515092
-0.02076459
0.03131287
0.03904236
0.00927106
0.01771380
-0.03668856
0.03284905
0.05349100
0.02370466
0.00691489
0.00316037
0.04875416
-0.00927570
-0.00002046
0.02699878
-0.01639252
-0.02270240
0.02877129
0.00758487
-0.01437670
-0.02680405
0.01784435
0.03774916
-0.02660776
-0.04034126
-0.01606230
0.03874431
0.03313274
-0.00194256
-0.04752873
-0.01098692
-0.01886068
-0.00702111
-0.04288098
0.00670438
0.04610986
-0.00091021
-0.03705105
-0.03840647
0.01911930
0.03664634
-0.02782170
-0.01415671
0.02876724
0.02582583
0.04489552
0.05653244
0.00958165
-0.03318057
-0.00924801
-0.01408164
0.03797106
-0.04642676
0.04149143
0.00366439
0.01912151
-0.00751677
-0.00729453
0.01050085
-0.03401684
-0.00500272
-0.00428458
0.00156101
-0.01624202
-0.02356837
0.02008330
-0.03797276
-0.02269143
0.05590485
-0.02942810
-0.04596451
0.01342175
-0.03026641
0.05538243
0.05111437
-0.00782544
-0.05734083
-0.00289211
0.00218486
0.01097421
0.00681382
0.02648903
-0.03540375
-0.05834051
0.00095010
-0.03747575
0.04394156
-0.01043208
-0.00226685
-0.00214751
0.00454109
-0.01347004
-0.04561592
0.04901640
-0.00794594
0.03911459
0.01427116
0.02419454
-0.03231358
-0.02274381
-0.00781213
0.02039257
-0.01863876
-0.05479391
-0.01732223
0.01049242
-0.01086454
-0.02209280
0.03576189
-0.04317344
0.02070317
0.01424484
-0.04928134
-0.03070533
-0.03416165
-0.00763782
-0.00710536
-0.04416748
0.04627636
0.04115393
0.00480265
-0.03355368
0.00661275
0.01989237
0.02818030
-0.00736068
0.00491067
-0.02216169
-0.02492870
0.02130348
0.04663383
-0.00650353
-0.02664595
0.03579723
-0.00851235
0.00022219
0.02488916
-0.01985281
0.02200105
0.02650401
0.00443120
0.04112407
-0.00904759
0.00252587
0.01580108
-0.04298992
0.02628982
0.02439527
-0.04579121
0.00091430
0.04065309
-0.04357113
0.03127302
-0.02117872
-0.00900761
0.00169724
0.03253130
0.00990829
-0.03162747
0.03527686
0.01193691
-0.02106604
0.04329570
-0.03785355
0.04710877
-0.01324712
0.04323176
0.04166279
-0.02194593
0.01225564
-0.03837895
-0.01983224
-0.02868213
-0.00018963
0.02249168
-0.00838774
0.03956844
0.00721075
0.05864180
-0.00753860
-0.00682876
-0.05262468
0.01478298
-0.01175814
-0.01050248
0.03356733
-0.01229536
-0.04887220
-0.03914033
0.03299129
0.01140737
0.02653888
0.04876381
-0.03165154
-0.04887942
-0.03074069
-0.02314887
-0.01695408
0.02350657
-0.01263145
-0.00027735
0.04479919
0.01893418
-0.04881045
-0.03426411
0.02238026
-0.05059832
-0.05117658
0.04322065
0.03252605
-0.01493058
0.01245945
0.03660249
-0.00336266
0.04378874
-0.03252083
-0.01939901
-0.05198990
-0.01127840
0.03374101
-0.00449149
0.01546896
0.03242923
0.03648042
0.03677290
-0.04693077
0.01707144
0.01652210
0.01810669
-0.02871437
-0.00529242
0.03772235
-0.04886765
0.01734447
0.01926089
0.03852619
-0.04854711
-0.00556903
-0.00891591
-0.04597250
-0.01504458
-0.01112684
-0.02506830
-0.00358897
0.03713961
-0.04505251
-0.04449484
0.01765734
-0.04728251
0.04348901
0.02110418
-0.01374280
-0.03977057
-0.02140794
-0.02693059
-0.00223322
0.00594654
-0.04693162
0.03580816
-0.03996860
-0.02290230
-0.00266054
-0.03404645
-0.03685077
-0.04820351
0.02860100
0.02179569
0.00170087
-0.02819969
-0.03052462
-0.02751888
-0.03693725
-0.00537473
0.01366236
-0.04978034
0.01730558
-0.00960928
-0.04353585
0.04218952
-0.01925049
0.04023529
-0.01483834
-0.04803892
-0.03502841
-0.03461477
-0.04985796
0.03257516
-0.02713148
-0.04276491
0.00151470
0.03002922
-0.00776721
-0.01979889
-0.02137098
0.02069586
-0.02899987
-0.01265362
0.03281968
-0.02767528
-0.03527673
-0.01468132
0.02564827
0.03373267
-0.00790853
-0.00399346
-0.02850975
-0.02583649
-0.04105445
-0.00034734
-0.03869838
-0.01825382
0.04250848
-0.02333495
-0.00619616
0.00554114
0.02399344
0.03728963
0.04818805
-0.05192776
-0.00955703
0.01859548
0.00731776
-0.04397491
-0.04034812
-0.04250468
0.01940836
0.01154558
-0.01515242
-0.04838218
-0.02717499
-0.04663852
0.02588417
0.02700914
-0.03380813
-0.01575277
-0.00183633
0.00649321
-0.00111453
-0.03447068
-0.04619933
0.03714496
0.03240851
-0.04092583
-0.00509458
-0.03535014
-0.03429984
0.02759356
-0.04531564
-0.03293167
-0.01794345
-0.02760981
-0.00682034
-0.04561187
0.04633107
0.02606497
0.01517748
-0.00716950
-0.04611692
0.01361844
0.03983425
-0.02642335
-0.00470892
-0.01902587
-0.00408830
0.03755706
0.03916872
-0.01882479
0.03864296
0.03357597
0.01401102
-0.03970824
0.04957763
-0.01472816
0.02542900
-0.01392942
0.02903894
0.04270687
0.02717723
0.00724113
-0.03003570
-0.01357440
-0.01114934
-0.00823323
0.00652818
0.00723614
0.03512708
-0.00594223
0.00774805
0.02098398
0.02960514
-0.05823930
-0.04422638
0.01741786
-0.04708210
-0.02306144
-0.02977555
-0.05153538
0.05103388
-0.01985829
0.01206824
0.03380567
0.00439969
-0.01751185
0.02739056
0.02122059
0.01120494
0.00752463
0.04104163
0.02704236
0.01910754
0.04288633
0.00465173
-0.04310487
-0.01309291
-0.02069787
0.00627041
0.03584234
-0.03062639
-0.00205360
-0.01152328
-0.04194739
0.04842125
0.03799680
-0.02125055
-0.00386561
0.00262405
0.04160051
-0.01569028
-0.03016597
0.02702715
0.00812433
-0.03381104
-0.04795557
0.02662578
-0.03301008
-0.00930523
-0.01185275
-0.04423076
0.00391833
0.01778616
0.00844034
0.01753666
0.02435849
0.02608025
-0.01472770
-0.03902051
0.00046596
-0.01346813
0.03677236
-0.01597759
-0.00497742
-0.03440320
-0.02631979
-0.01326482
0.00480393
0.01354683
-0.04484627
0.03665411
0.00562485
-0.03028902
-0.02155304
0.03590670
0.03323491
-0.04556550
0.03168195
-0.03134460
-0.02612190
-0.00470171
0.02617067
0.02550127
0.00523082
-0.04418151
0.01471420
0.01864612
-0.01435382
-0.01810803
-0.04871872
0.03665997
0.03459322
0.03543863
-0.03648146
0.01239340
0.01364308
-0.00211561
-0.01518369
-0.04424524
0.03824175
0.04426178
-0.02972012
0.01631918
0.02323430
0.02323505
-0.04906459
-0.01320396
-0.03431030
0.02289312
-0.00821012
-0.03238257
0.03911069
-0.04060993
-0.03548190
-0.01866225
0.01177675
0.02457275
-0.03203006
-0.00947609
0.01486228
-0.02309404
0.01703282
-0.00390085
-0.01094276
0.01992256
-0.02242923
-0.05549680
0.03767134
-0.01083417
0.02721932
0.04213024
-0.01818540
-0.00538765
-0.03800559
0.01824938
0.00891152
0.04627959
-0.03309524
0.00132944
0.02464324
0.04316236
-0.01924949
-0.02170794
-0.03557674
0.01546707
0.00396450
-0.04760941
-0.00810126
0.02248590
-0.00374359
0.01659788
0.03905643
-0.00238123
0.02169280
-0.01043549
0.03585594
0.04255128
-0.01837628
-0.02327648
-0.00782360
-0.02741609
-0.00907300
0.02618374
0.00868969
-0.03175193
0.01871002
0.03454363
-0.02128059
0.03824264
-0.02200136
-0.03696331
-0.02466981
-0.02923323
0.00657941
0.05562943
-0.02538529
0.02304676
0.02406595
0.02324743
0.04333913
0.03762019
-0.03922326
-0.00850208
-0.03194928
-0.04027822
-0.04454100
-0.05272924
-0.00047051
-0.00975524
0.01153178
-0.04709778
0.02956841
-0.03199644
-0.02142804
-0.04891139
0.00730512
-0.04710773
0.02030233
-0.02438949
-0.01799975
0.03327692
-0.00746461
-0.03936866
-0.00386719
-0.03828505
0.01812239
0.02159881
0.01330694
-0.00289874
0.03208424
0.02423804
0.00375235
-0.01149115
-0.04113425
-0.02283068
-0.04864569
-0.04008781
0.00291205
0.01993200
0.01285023
0.02093833
-0.02166176
-0.03877941
-0.00902569
0.01103754
0.06120642
0.03701856
-0.00992514
0.03862613
0.03442750
0.05348942
-0.09366949
-0.05193570
0.00408328
0.08462005
0.00948398
-0.07150228
0.04274134
0.08345689
-0.05411349
-0.02398605
-0.00006340
-0.01170954
0.03757500
-0.04638471
0.03899514
0.04601854
0.03390739
0.02502482
0.05534581
-0.01032216
-0.02661286
-0.06069157
-0.01445037
-0.05852852
-0.06132561
-0.01460203
0.06623599
-0.02613334
-0.02693263
0.06527447
0.03798757
-0.01751094
-0.07816382
-0.04712337
-0.00942595
0.02781472
0.00591556
0.03332093
0.12908982
0.05248709
0.18138304
-0.01204554
0.02084790
-0.05228398
-0.04595238
-0.01029972
0.06380983
-0.03720637
-0.02987494
0.05249855
0.04761880
0.00966127
-0.04054461
-0.06868040
-0.03504286
-0.04597722
-0.00392201
-0.04078154
-0.04537207
0.01961966
0.05128683
-0.10378116
-0.08731984
-0.03492595
-0.04032755
-0.03161392
-0.00239529
-0.03512783
-0.04138676
-0.00612758
-0.06441761
-0.02031683
0.08379860
-0.02368060
0.07872403
0.05241024
0.03457519
-0.01151567
0.01021008
-0.02199607
-0.05333033
-0.03754159
-0.07845625
0.02710913
-0.01447892
0.02097362
-0.10244549
0.03416507
-0.01426454
0.02021918
0.03836462
-0.03763958
-0.05057676
0.04562764
0.00827581
-0.00126049
0.00930431
0.08346427
0.01952372
0.02485408
0.10399288
0.10481264
0.03225071
0.02248556
0.00549964
-0.01544003
-0.06908821
0.00158469
-0.06731783
-0.04059114
0.09243639
0.00226233
-0.03191366
0.02025850
0.02630965
-0.07377338
0.01033232
0.03022772
-0.00925030
-0.04632286
0.05612805
0.03001640
-0.01656026
-0.00318446
-0.06128224
-0.03900900
0.03016409
-0.07846173
0.08530981
-0.06502450
0.01400311
0.04328712
-0.06240489
-0.04955928
-0.02820692
0.02095931
0.02660119
0.07446022
0.03804809
-0.01768801
0.03573424
-0.01937108
0.10442834
-0.03055827
0.06544580
0.02716952
0.07913187
0.05274276
-0.10950211
-0.07346127
0.00678631
-0.10531439
-0.03033608
-0.00618393
-0.01056054
0.05080964
0.02360345
0.10906940
-0.06223068
0.02252272
-0.01222340
-0.00113814
0.02377516
-0.04104335
0.03609484
-0.03093402
0.02964664
-0.02284092
0.06814931
-0.09842309
-0.04606740
0.14980406
0.00028655
-0.01830350
-0.05758798
-0.04738194
-0.02595580
-0.06397834
-0.01963487
0.01526598
-0.01786523
0.08137091
-0.13736144
0.00150298
0.04135886
-0.08028962
-0.00248318
0.00644127
-0.04024905
0.00745991
-0.06958339
0.01916650
0.03721479
0.00937909
-0.04062037
-0.07467730
-0.05195400
-0.00460281
0.05362944
-0.06837457
0.05005771
0.11833649
-0.03770842
0.03036063
-0.02989772
0.03285759
-0.03577439
-0.01018635
-0.04461299
-0.04990521
-0.03854564
-0.02418953
-0.07882258
-0.05899937
-0.05995338
0.00458643
-0.04039909
0.00069787
-0.04620621
0.00803827
0.04312444
0.06448950
0.04686945
-0.02885133
-0.10915179
-0.06301762
0.03646931
0.09671470
-0.03825848
0.01756691
-0.04812301
0.02051857
-0.00099397
-0.11230893
-0.00542616
0.03390599
0.05589470
0.03042562
0.06539749
0.05292565
-0.04943540
0.07892030
0.02029695
-0.02579005
-0.04111538
0.09965910
-0.00031251
0.05411580
0.04826999
-0.02463245
-0.03331051
-0.02480583
0.02446754
0.04503629
-0.03941466
-0.02653440
-0.09669516
0.07283074
0.04531452
0.00534102
0.06232863
0.02102778
-0.05465794
0.05363084
-0.02027366
-0.00739785
0.02886184
-0.01683213
-0.02314690
-0.01308994
-0.00414895
0.02000569
-0.01614147
0.07104058
0.02612210
-0.04523784
0.04241774
-0.04880489
-0.01585311
0.01278614
-0.02682450
0.04067315
-0.00493370
-0.03511574
0.01852415
0.01137969
0.05101644
0.01553826
0.05493509
-0.01545836
0.05176559
0.01874026
-0.01222512
-0.03007870
0.07660510
-0.01017880
0.00788622
0.04567284
0.04932567
0.00555581
-0.03276907
0.04076682
0.01110022
-0.01106105
-0.03342846
-0.05486386
0.01970132
0.06162961
0.02092945
-0.10798892
-0.00486667
-0.01465040
0.03360213
-0.00888457
-0.00149879
-0.03379521
-0.00964979
-0.03278484
-0.04974975
-0.07697079
-0.01659915
-0.02009684
0.02087280
-0.02350140
0.04419478
-0.00206792
0.02114321
0.00797576
0.01243846
-0.04263631
0.06434937
0.01531589
-0.04143468
-0.05596469
0.01513253
-0.06649986
-0.05763330
-0.01180363
0.07341347
0.02279342
-0.05888131
-0.05204952
-0.10601416
0.02393708
0.00895208
0.03770093
0.02887008
-0.00639548
0.03184342
0.01719739
0.04808892
0.04486773
-0.03397720
0.02808688
0.00375105
0.01305755
0.03127139
0.07298416
0.00377007
-0.04638570
-0.01420743
0.02763245
0.01631130
-0.03055614
-0.05554281
0.01791208
0.03348068
0.01317483
-0.01404880
-0.03036998
-0.02324242
-0.01754782
-0.06251668
0.06271338
0.01173468
0.02665488
0.09293811
0.04133586
-0.00559862
-0.02867626
-0.05831086
0.03779783
0.03383608
0.02861827
0.07388500
-0.04019050
0.05478614
-0.00361293
0.01836605
-0.01704586
-0.01617211
0.01461480
0.02706897
-0.04810072
-0.03816094
-0.05446871
0.02934773
-0.05796467
0.09074882
-0.01026716
0.05532046
-0.02450239
0.00048905
0.00940193
-0.05050215
0.00267606
-0.02839929
0.02920059
-0.01225842
-0.02623066
0.01267465
0.00960270
0.00061809
0.02321730
0.00845723
-0.04532900
0.02455413
-0.00216150
-0.06125757
0.02861473
-0.02708441
0.01176655
0.05469901
0.03592885
0.02954518
-0.03446698
0.01288072
0.08706429
-0.03243076
0.03236355
0.02473327
0.01019891
-0.02258752
-0.04194470
0.02630716
-0.01281466
-0.00174677
-0.03004160
0.00330944
0.02494144
0.04468506
-0.02126830
0.01348887
0.04784103
0.03090961
0.03357303
-0.07510787
-0.01820748
-0.05404976
-0.05010443
0.02947981
0.00375947
0.00988693
-0.02159997
-0.01005991
0.01492663
-0.00978636
0.04136750
-0.04243876
0.03257376
-0.04717665
0.02043423
-0.03350959
0.02399813
-0.00637959
0.01599908
0.02585003
-0.04833656
-0.03667717
-0.06703144
-0.04140076
-0.01068350
0.00607377
0.01014576
0.03240046
0.00430573
0.02974222
-0.03412137
0.06637868
0.01297375
0.01758061
-0.04971858
0.00672205
-0.01138414
-0.04250184
0.01580745
-0.03049192
0.04384526
0.05103834
-0.02342859
-0.03988578
0.00214586
0.08060833
-0.01362321
-0.04288419
-0.03710253
-0.00389356
0.03882606
-0.03832391
-0.04081098
0.05298325
-0.00578526
-0.02567804
0.06811492
-0.01484384
0.01942082
-0.04052463
-0.02592375
0.03131913
-0.02893749
-0.02571852
-0.04768310
-0.06019169
0.05862963
0.06224128
0.04038947
0.02842573
-0.02713063
0.00320278
-0.04308049
-0.03868587
-0.04806390
-0.03720498
0.03198731
-0.04136547
0.05233392
0.03356498
0.00106730
-0.02317737
0.01782151
0.03625937
0.03064206
0.00283412
0.04065818
-0.05480532
-0.03902436
0.04164201
0.02696627
0.01934595
0.00635386
-0.00387119
-0.00741843
-0.03794011
0.04224195
0.02123844
-0.06604655
-0.03030297
0.03053955
0.02910596
-0.01416887
-0.05146133
-0.01356873
-0.05696208
0.00626600
0.01254940
-0.01522341
-0.03790836
-0.02006436
0.00839404
-0.02970937
-0.01438470
0.00629418
-0.04183832
-0.02743820
0.05405033
-0.01331320
-0.00916728
-0.00046117
-0.03815114
0.03794410
-0.02013034
0.05523816
0.03462026
0.00399605
-0.03238485
-0.03083483
0.03002464
0.04546503
-0.04362838
0.03537822
-0.00224657
0.04410025
-0.00698234
-0.03276351
-0.01541492
-0.03296996
0.00720904
-0.02349515
-0.04256931
-0.06881936
0.03196915
-0.03505600
0.00502081
-0.01273896
0.00467411
0.04973760
0.02887116
0.04298092
-0.00331722
0.02946548
-0.05004032
0.04237149
0.03342894
-0.06938130
-0.03600311
0.00612415
-0.03591144
-0.05077165
-0.01348787
0.03711773
-0.01021211
0.02167803
-0.03214251
-0.02459572
0.04172889
-0.07016863
0.02506295
-0.03364333
0.06420024
0.00552722
0.00548948
0.10083076
-0.03099097
0.03480544
0.03218270
-0.03403820
-0.04452277
-0.02302340
-0.02701066
0.05589148
0.00622622
0.00665250
0.03587981
0.05029528
-0.01269627
-0.00021626
-0.05235391
-0.04090277
0.04866350
-0.01317377
0.02414017
-0.03045170
-0.00655411
-0.03947781
0.03665719
0.01643084
-0.02133446
0.02746573
-0.03811869
-0.05687885
0.00568143
0.00779174
-0.04485840
-0.03430316
0.04936416
-0.02259431
0.00592578
-0.04682942
-0.04857262
0.00896052
-0.00445531
-0.00191710
0.02333150
0.02456704
-0.01759676
0.00439789
0.01708726
0.00201160
0.03286482
0.00046194
0.00968277
-0.00254529
0.02098299
0.00683118
0.04739007
-0.02089271
-0.00484161
-0.00155151
-0.03052752
0.00691706
0.03094577
0.04025074
-0.00358919
0.02627403
0.03958230
-0.01082324
0.01288221
0.02023904
-0.00980490
-0.04972649
-0.02291394
-0.02914905
0.00061061
-0.04957610
0.03379886
0.05825854
-0.02475360
-0.03852580
0.02383634
0.02124005
-0.04310963
-0.02190589
0.02973839
-0.06034600
-0.03862912
-0.04829577
-0.04134783
0.01840379
0.02809778
-0.03543777
-0.00522095
0.04301891
-0.03025338
-0.04112941
-0.01089378
0.03409139
-0.05320403
0.00898972
0.04428185
-0.01983369
0.04969141
-0.00011190
-0.00731143
0.02260425
0.01075279
-0.05337149
-0.01436834
-0.01073611
-0.00607010
0.03230732
-0.03126671
-0.01236089
-0.01955990
-0.01872172
0.03427647
-0.02390946
0.03130721
0.03960191
-0.01985797
0.00990211
0.04134884
-0.01997786
-0.05012574
-0.04930618
0.06045279
-0.00708946
-0.06122137
-0.02214294
0.02502354
0.02837988
-0.00014882
0.02987205
0.03052764
0.05007827
0.01987124
0.05076149
0.08202139
-0.01643916
-0.02090746
-0.03975448
-0.04556199
0.04471972
0.04005152
0.04850706
0.01558314
-0.02189565
0.05269352
-0.02751472
0.04967308
-0.02565886
-0.02424324
0.03963887
0.00407228
-0.02369660
0.05510725
-0.04476439
0.05772066
0.02174710
0.07373123
0.02268804
-0.01389496
0.06646188
-0.00884299
0.02637793
0.01910051
-0.10593864
-0.11321332
0.09454135
0.06850905
-0.02834234
0.04728705
0.02097511
-0.10467026
-0.03492591
-0.03661203
-0.02054581
0.08347679
0.03615607
-0.01796901
-0.00477095
-0.01766628
0.03054097
0.06078097
-0.06766497
0.02723347
0.01743418
0.05570761
-0.05374243
0.04817514
-0.03743754
0.04645641
0.04265755
-0.00612254
0.06496567
-0.02300393
-0.01143731
0.04808814
-0.00518653
-0.01826428
-0.02566731
-0.02336775
0.01215430
-0.00518403
-0.02190212
-0.02906276
-0.03746799
0.09714682
0.01773891
0.06600936
0.04015611
-0.01356973
0.01330226
-0.05911789
-0.03076728
0.03962349
-0.02109029
0.03057493
-0.11482573
-0.06788813
0.02548354
0.11230601
0.04129176
0.07083655
-0.00960709
0.04399687
0.08368561
0.02673385
0.06440669
0.00262525
-0.00269970
0.05514733
0.04475846
-0.03758066
0.04196146
-0.01445240
-0.03780693
0.03511058
0.05190305
-0.01819182
-0.03996918
0.05736656
0.00381385
-0.01477160
0.07208025
0.02115032
-0.01605523
0.01228984
-0.00255650
0.06480916
-0.01533923
-0.05265687
0.04472698
-0.00807732
0.03261006
-0.02343105
-0.04579032
0.03495838
-0.02678035
-0.11549634
-0.06924149
-0.00422702
-0.04452789
-0.05011508
0.00322869
0.02282612
0.00204838
0.09282801
0.04383103
-0.02938101
-0.03957962
0.03798469
0.05536708
-0.01645879
0.01074018
0.00097895
-0.00229480
-0.03559763
0.02194352
0.00078552
-0.04438046
0.02331551
0.02614112
0.00316268
-0.00835471
0.05497842
0.00602849
0.00734585
-0.03585369
-0.02116720
0.03136308
0.02355391
0.04587426
0.00296852
0.07564881
0.06886327
0.00032435
-0.08457038
-0.07530057
-0.05118007
0.02545942
0.00554881
-0.02550146
0.01813859
-0.01744985
0.07486471
0.05260406
-0.05370086
-0.05285069
0.01181968
-0.05594046
-0.02104639
-0.11047374
0.06141964
0.01461565
-0.05310464
0.06576459
0.04188565
-0.02963965
-0.01130624
0.06237132
0.01578353
-0.03242677
0.00112151
-0.05060283
-0.05687970
0.08997691
0.04119681
-0.01457544
0.00077882
-0.01037832
0.01766276
-0.02963406
-0.03304554
0.04987475
0.00022778
-0.08712269
-0.01660789
0.05040155
-0.01440299
-0.00334659
0.02784626
-0.05441526
-0.01980347
0.00199892
0.01150475
-0.05122183
-0.01145352
-0.06016469
0.01024388
0.01233260
-0.04529570
0.07927021
0.00147139
-0.04783839
-0.05703692
-0.01082955
0.02764354
-0.04973399
0.09885759
0.03488728
0.06844629
-0.03961504
0.01700937
-0.05125836
0.01259240
-0.01155308
0.06106959
0.01045687
-0.04178133
-0.06751783
0.03317633
-0.08055811
0.06121894
0.01318997
0.01394045
0.05000373
-0.04174788
-0.03101771
0.01338501
-0.01437277
0.01638422
-0.02323218
-0.08830883
0.01940622
0.00657134
-0.01955906
-0.09513788
0.08416314
-0.00419163
-0.00576302
0.02785252
0.07791352
0.01553162
0.05122916
0.04783983
0.03488904
-0.01650235
0.01922335
-0.05706532
-0.03140085
-0.01706253
-0.04499509
-0.05592810
-0.04601464
-0.04363887
0.01091470
-0.00437413
-0.00741723
-0.01986685
-0.02037229
-0.03860126
0.01590599
0.01085640
0.03783346
-0.01713585
0.00367522
-0.03149397
0.02676274
0.01868008
-0.01263098
-0.02075857
0.05048797
-0.00049006
0.03393245
-0.01450187
-0.07265972
0.00567979
-0.03388036
-0.03676589
-0.03941455
-0.06191619
0.06618816
0.04761103
0.03989781
0.02404315
-0.01547762
0.01179703
0.03577862
0.01032498
0.02322171
0.03714548
-0.02189067
0.01631896
0.09612565
0.09719524
0.04213365
-0.00729197
-0.03738916
-0.01552238
-0.00565428
0.01672235
0.01224143
-0.04423171
0.05012368
-0.03681689
-0.05651792
0.01977111
0.07487693
0.01190767
-0.08678377
0.01481509
-0.02244177
-0.02839397
-0.03719327
0.04151995
-0.00152395
-0.06327599
-0.03534127
-0.08894598
0.04775606
-0.03725053
0.00826024
-0.04258303
0.02690006
0.02852805
0.01807037
-0.03762461
0.04385623
-0.05154265
-0.00789442
-0.02333256
-0.01003433
-0.03892346
-0.00057037
-0.04240670
0.01824665
0.04299607
-0.03071798
-0.03182231
0.00458496
0.03395074
-0.02825153
-0.04855445
-0.00160589
0.02619219
0.02634296
0.00268180
-0.03602152
0.04305903
-0.01950508
-0.01529621
-0.00661755
-0.02380655
0.02948229
0.00502206
0.02173027
0.01644976
0.00697220
0.01737201
-0.00089725
-0.01388809
0.03916807
0.01768728
0.00200254
0.08641473
-0.01331272
-0.02210476
-0.02309773
0.00265067
-0.09267181
0.00320112
-0.00327994
-0.04580210
-0.04167217
0.04001159
0.01137937
0.04715045
0.02533268
0.01555293
0.01264310
0.03547036
0.00374309
-0.04976206
-0.00639956
-0.03780022
-0.00410636
0.00004505
0.04277804
0.01015687
0.00697493
-0.02549306
-0.02533323
-0.06212745
-0.01091860
-0.02131361
-0.02505734
0.02428200
0.02057237
-0.00005347
0.00420133
-0.03686108
-0.00878802
-0.04361443
-0.02285129
0.00231229
-0.07547817
0.01438196
-0.02753813
-0.01410069
0.06024121
-0.05748564
-0.03780539
0.05068241
-0.03532884
0.03644955
0.02541197
-0.01507814
-0.03896692
0.00273739
0.01906957
0.03195806
0.04706121
0.03099235
-0.04549886
-0.00160986
0.02092680
0.00044018
0.00281732
0.02691382
0.00640074
0.06985357
-0.06748701
-0.08103746
0.02434977
-0.03714147
0.06091185
-0.05494497
-0.05512811
-0.02025070
-0.04047033
0.00513898
-0.06663130
0.03195437
-0.02970392
-0.01020917
-0.03239445
-0.01305738
0.04128550
0.02509220
-0.03165386
-0.04698680
0.01609349
-0.04138064
-0.01393358
0.01207781
-0.04056983
-0.02472658
-0.04528482
-0.03119067
-0.03018788
0.01809592
0.03927780
-0.05467926
-0.00400204
-0.01332887
0.03837717
-0.04861064
-0.02406015
-0.03490960
0.03390777
0.00213289
-0.02637925
-0.03034410
0.04140310
-0.03488581
0.04517901
-0.02889432
0.02843994
-0.06916361
-0.04695083
0.01283816
-0.00428886
0.02643560
-0.06406595
0.01164301
0.04106535
-0.06968617
-0.05980262
0.07589160
-0.04354100
-0.01564459
-0.03370257
0.00879108
-0.00598098
0.02595918
0.08452033
-0.04405394
-0.04752718
-0.05235089
0.04806634
0.01150000
-0.05610823
0.04894437
0.01851931
0.01682113
-0.03799747
0.00113595
0.04477407
-0.00750361
0.02291550
-0.00336089
0.01648576
0.01055934
-0.00660357
0.00964521
-0.01450239
-0.04516255
-0.03306289
0.03684043
0.03053086
-0.00876621
-0.00157426
-0.00480026
0.02445330
-0.01858089
-0.02681777
0.02612631
-0.00099351
0.00891222
-0.00222493
-0.03253138
-0.02846865
-0.00440308
0.01406689
-0.04218477
0.00263047
-0.00250573
0.03361773
0.00814804
-0.01897856
-0.00645881
-0.04854931
0.01164829
-0.03002004
-0.01140630
0.02151637
-0.02131338
-0.02967299
-0.01875221
0.00089935
-0.04847955
-0.00564348
0.04199800
-0.04053724
0.02242547
0.03305863
-0.01365476
-0.04710471
-0.03358709
0.03415598
0.02839194
-0.03949946
0.03038404
-0.03657543
-0.00878530
-0.01698213
0.00204881
0.02203267
-0.03885201
0.03808764
-0.03504160
-0.04284845
0.03334934
0.00615318
-0.01396126
-0.01891493
0.00921486
0.00479004
-0.02102880
-0.05582967
-0.00501294
-0.01437522
0.01991004
-0.01183193
-0.00985148
0.00074559
0.04514961
-0.04314132
0.00103423
0.02312460
0.03366220
-0.00560340
0.01855167
0.03200799
0.00059224
-0.00346911
-0.02983551
-0.02927251
-0.01291470
-0.05150602
0.00066961
0.03056437
0.02486615
0.01072333
-0.03892335
-0.01092186
0.03168704
0.02996837
0.00779591
-0.02822106
-0.00764746
-0.02250233
0.04647476
-0.03086969
0.03859202
0.03370653
0.01173027
0.03740466
0.02761055
0.01909843
-0.02174293
0.01797815
-0.00599498
0.01746120
-0.01158344
-0.01021516
-0.02092743
-0.02359516
-0.02867378
-0.01970012
0.04501537
-0.01559276
0.00929305
-0.01483963
-0.03289212
0.00000613
-0.02448876
-0.00371757
0.01019894
-0.01188528
0.01271536
0.02923470
0.03228298
-0.00473666
0.02815139
0.03271925
-0.03757878
0.00126188
-0.02986209
-0.00338495
-0.01986765
-0.00463382
-0.03425108
-0.00785430
-0.00669753
-0.02540617
-0.03447448
0.02583347
0.02916080
-0.03129189
-0.04637720
-0.01202163
-0.01062726
-0.03110132
-0.01362731
0.00289445
-0.00228694
-0.01677607
-0.02036922
0.01274697
0.02740913
0.01863157
-0.05259521
0.04184023
0.04819079
0.04355437
-0.01322174
0.03525651
-0.01475109
-0.04015378
-0.04658355
0.01530174
0.02395254
0.03079315
0.02319973
-0.03394800
0.04017115
-0.00747966
-0.02313676
0.00891992
0.04249031
0.01994378
-0.03035421
-0.01984349
-0.02249666
-0.00838079
0.01248566
0.00149104
0.02136073
-0.04691122
-0.05577872
-0.03524831
-0.00497367
0.03684532
-0.01539180
0.00547462
-0.03313461
-0.02933590
-0.01274256
0.01784143
-0.00963741
0.02078266
-0.03459707
-0.01991710
0.02398771
-0.00579318
-0.01486311
-0.01820822
0.01743843
0.02577055
0.01800106
-0.00190418
-0.02594411
-0.02712474
-0.03349654
-0.00678098
0.03757558
-0.04193937
-0.04131294
-0.00825006
-0.03762079
-0.04787132
0.00254319
0.02440691
-0.05064238
-0.04871495
-0.03660723
-0.03986383
0.03654987
0.00265467
0.01956580
-0.01469788
-0.05315791
-0.04446306
0.00629297
-0.03398332
-0.03542683
0.03226674
-0.02925139
-0.01805370
-0.01813753
-0.04293457
0.03655637
-0.04857444
-0.04850356
0.00071047
0.02484992
0.02091960
0.03693676
0.03686721
-0.03348520
-0.01503345
-0.06540997
0.00708767
0.09289116
0.02886149
0.03939092
0.08364586
0.04688519
-0.01934640
0.06035194
0.12713054
-0.01198785
-0.03434395
-0.06107137
0.07478722
-0.01049968
0.04882574
-0.05798087
0.00597579
0.03915662
0.03105756
-0.00233963
-0.02084456
0.12302969
-0.10293552
0.07842910
0.07552876
0.01377946
0.02152643
0.12558915
-0.06895829
-0.08541739
-0.00916852
-0.09935289
-0.05080920
0.02923092
-0.01761241
0.03424358
0.08215392
-0.11540901
-0.00358847
-0.03380911
0.02223782
-0.04468513
-0.04252293
-0.08295415
0.05723612
-0.00771828
-0.01140184
0.07136661
0.03009437
-0.00529016
0.00636991
0.04132289
0.05408680
0.01080744
0.10370866
-0.10516314
0.03713213
-0.04663799
-0.03542670
-0.00960908
-0.00344148
-0.11104467
0.05628569
-0.04381779
-0.02107752
-0.08705218
0.13037363
-0.01792635
0.03284216
0.04577689
0.09097078
0.05515941
0.08804144
0.02713394
-0.03205725
-0.10983709
-0.03535650
0.01841266
-0.03358276
-0.03499136
-0.16395195
0.00521745
-0.01951917
-0.03704426
-0.07171909
0.05945954
-0.00766530
0.01866780
-0.07857990
-0.00425715
-0.00336272
0.02461936
0.10652254
0.03276402
-0.04058300
-0.10038657
0.07087082
0.00226444
-0.07171258
-0.01366851
0.02626416
0.06132331
-0.07838956
-0.16396992
0.10308144
-0.01144366
0.06192019
-0.04834316
0.03111848
-0.05158089
0.03766343
-0.05412967
0.05823833
0.10013899
0.04399410
-0.01457755
0.01029996
-0.02591969
0.00590203
-0.00143329
-0.01882016
-0.16614176
0.04151933
0.04043239
0.01692674
-0.00734979
-0.05760355
-0.08142020
-0.03921675
-0.02470747
0.09342580
-0.03152558
0.02255101
0.03857823
-0.02343313
-0.00987053
0.03143508
-0.08640712
-0.03983877
0.07346323
-0.04090179
-0.01381303
-0.03691909
0.03815973
0.04948257
-0.09525166
-0.06265095
-0.07450934
0.03744492
-0.11375159
0.00336638
0.06360077
0.08954496
-0.01672429
0.05611106
0.02969243
0.02585566
-0.00166946
-0.03686056
0.17969815
-0.09471905
-0.03855272
-0.04065922
-0.05986005
-0.00223932
-0.01134849
0.10193393
-0.00875468
-0.00006054
-0.02464778
-0.00745654
-0.02818482
0.17331064
-0.07852206
-0.07641514
0.05209433
-0.01542044
0.00962650
0.04410151
-0.10257112
-0.07105687
0.02187247
0.03453811
0.06391212
0.04903908
0.03784103
-0.06163021
0.01777164
-0.10756268
-0.03821923
0.03296122
-0.00877452
0.00725279
-0.15277551
-0.03207463
0.10059594
0.06956278
-0.00491080
0.12236746
0.03634435
0.03020329
-0.10116271
0.14366007
0.02372732
-0.02424068
0.01088040
-0.05171940
-0.00915068
0.05615882
0.00981068
0.03079120
0.05938245
-0.01793228
-0.03475281
-0.07010991
0.01395507
-0.00806688
-0.10319331
-0.04801048
0.03331447
-0.05700932
-0.02793931
0.00390843
-0.03096572
-0.00313151
-0.07858276
-0.06081261
-0.04942837
0.03486817
-0.03746029
-0.09565052
0.04127114
0.13460812
-0.01931296
0.03555629
0.00460921
0.13221262
-0.07792076
-0.07022835
0.10001822
-0.01929474
-0.07715303
-0.01400079
-0.13435510
-0.03256875
-0.02552758
-0.02006635
0.05711338
-0.14605084
-0.03877002
-0.11400580
-0.02841119
-0.03887857
0.08307293
-0.05304655
-0.00183942
0.06940579
-0.08972417
-0.03603746
-0.04039719
0.03233021
-0.05437869
0.00285257
-0.08337419
-0.01082559
0.01938632
-0.02982350
0.09509316
-0.04389547
0.04036198
-0.00341335
0.03327732
-0.00239104
0.03265139
-0.10471158
0.04442296
0.01912243
0.02927339
0.04183010
-0.08613224
-0.02681286
-0.10434863
-0.03522535
-0.06831615
-0.02692975
0.01977665
-0.05026377
0.01556519
-0.05636605
-0.04256028
-0.00263623
-0.03614913
-0.13702974
-0.00102344
0.05707132
0.01162042
-0.02933382
-0.08321726
-0.00687917
0.04199817
-0.02201298
0.05028586
-0.03660706
0.01258138
0.00541347
0.01386340
0.02327446
-0.03001499
0.11137409
0.01191206
-0.02248619
0.05253671
-0.06802052
0.03042355
0.00446686
0.02957133
0.03390026
0.04321480
-0.00275604
-0.02317174
-0.00387234
-0.02753022
-0.07474633
0.08158544
-0.00405277
-0.05076777
0.00292357
0.09361566
0.02405794
-0.06260949
-0.03878276
-0.02377404
0.03099828
0.00412003
0.03610677
-0.05118600
-0.02579358
0.01843897
-0.01678254
0.03824167
-0.05302437
-0.09365361
0.04304124
0.07324090
-0.01233145
-0.00545414
-0.03474060
-0.06938258
0.02227697
-0.05232992
0.07150821
0.02147923
0.00852551
0.00943402
0.08665236
0.00506112
-0.03716593
0.00180302
-0.05375012
0.00539611
-0.06311259
-0.03109465
0.02127005
0.03572511
0.03545625
-0.02184484
0.02793754
0.10422105
-0.02455365
0.01559315
0.08174238
-0.06497508
-0.04376606
0.07762963
0.00211750
-0.00879689
-0.06546918
0.09962040
0.01290063
0.01293526
0.00578326
-0.01281648
0.03170941
0.00288702
-0.02210539
-0.04760845
-0.03402900
-0.01253438
-0.06002249
-0.08784203
0.03093875
0.05752713
0.10191556
0.03421527
-0.04169101
-0.05657213
-0.02880679
0.09991307
0.02861160
-0.03273229
-0.01593022
0.02537595
0.01644175
-0.04391624
-0.17630488
-0.01388995
-0.05122836
-0.00732225
0.07893275
-0.01844168
-0.00680824
-0.11159244
0.02143838
-0.01971833
-0.00912292
-0.10668327
-0.00231670
0.04760714
0.03681686
0.07091584
-0.02731309
0.05588410
0.07086252
-0.02854664
-0.02270560
0.03948797
-0.00889196
0.01182104
-0.00194278
0.07481903
-0.04695535
-0.01526220
0.00852474
-0.04563257
-0.07016263
0.07664463
-0.04705887
-0.08579830
0.04789879
0.01214805
0.04605554
-0.00130527
0.02561090
-0.04138081
0.09694835
-0.05582344
0.10038149
-0.02894087
0.02059515
0.06112450
-0.00994637
-0.01190669
-0.01590271
-0.02095628
-0.04589849
-0.01197032
0.01582471
0.00013502
0.03646036
-0.01611237
0.02101985
-0.03510258
-0.05293696
0.05091108
-0.04696285
0.06568962
-0.03816705
0.04266966
0.04297163
0.09945238
-0.00050224
-0.01044240
0.08685786
0.02200590
-0.00396438
-0.00392932
0.03533858
0.05098442
-0.04120204
-0.04269991
-0.00979332
0.04989835
0.05570037
0.03853446
0.00270451
0.04948714
-0.07587826
-0.04135836
-0.06161082
-0.02027685
-0.01630780
0.05405335
0.01988310
0.17411233
-0.02263125
-0.06579988
0.01017660
0.14896032
0.03379553
0.07424683
0.01962112
-0.13946974
-0.04152968
-0.03936558
0.05730775
0.01797375
0.03456288
0.05316170
-0.00066904
0.02861768
-0.00084665
0.02588246
-0.03756032
-0.01298820
0.02538190
0.03288996
-0.04010010
0.05476448
0.02191283
0.00616951
-0.02838827
0.01987863
0.01375204
0.01723843
-0.04794459
-0.02452410
0.02009013
0.01476785
-0.02231541
0.01655000
-0.01954563
-0.02706876
-0.04523595
-0.00401534
-0.00989352
0.04455582
0.00233530
-0.02527798
0.00576028
-0.00468740
0.00064462
0.00983584
-0.02433113
-0.01878110
0.03371173
-0.01914036
0.01718668
0.03350115
-0.02491090
0.02386040
-0.04528716
-0.01635617
-0.03496453
-0.00612556
-0.03748419
-0.01042812
0.01313243
0.04163933
0.00508042
0.02256845
0.00465729
0.00961803
-0.03949556
0.01515283
0.02900785
0.03344130
0.00232644
-0.02742417
-0.05267547
-0.04325159
-0.06695929
0.03721324
0.00367608
-0.03904448
-0.03611647
0.02621379
0.05261845
0.02637713
-0.04976070
0.01814451
0.00510492
-0.01174299
-0.05153492
0.01370493
-0.02375441
0.03332511
-0.00240161
-0.01846581
-0.04945324
0.02475695
-0.03115921
-0.04392109
0.00986756
-0.04610658
-0.02678281
0.00550091
-0.03961997
-0.03375609
0.00855782
-0.04952472
0.00570644
-0.00355048
0.02766580
-0.01044295
0.02717936
-0.00751434
-0.00638590
-0.03108400
0.01565153
-0.01954668
-0.03423610
-0.00982357
-0.04854079
-0.01902535
-0.00458889
0.02148998
-0.04547847
-0.04324301
0.02160377
0.02106253
0.01003976
0.00333257
-0.02581585
-0.03964837
-0.04970396
-0.00596723
0.02546112
-0.04558641
0.02267529
-0.05174480
-0.00824878
0.02766609
0.00516124
0.01249079
-0.03834364
0.01194452
-0.04740664
0.03175789
-0.04811638
0.04337637
0.01848376
-0.00751769
-0.01749005
-0.04436991
0.01770567
0.03565627
-0.01184276
0.02720071
-0.04043576
0.03590318
0.04996582
0.00341102
-0.03521929
0.01779094
-0.00067020
0.04145884
0.00330186
0.00209403
0.01205012
0.01677145
0.06970791
-0.01354505
0.02296996
0.03569528
0.02076548
0.00884498
-0.00752118
-0.00856752
0.04473495
-0.01172420
0.01099767
0.05261410
0.03847144
-0.03243056
0.04766608
0.02338781
-0.00474910
-0.02581577
0.01009284
0.03192428
0.02373369
-0.04826716
-0.03636464
-0.02099821
-0.01108662
-0.01558567
-0.02818715
-0.00942346
0.02151283
-0.03744423
0.04220552
0.03811115
-0.04941266
0.03629801
-0.01845506
-0.02461818
-0.00269106
-0.01661259
0.00139682
-0.04427478
0.02697573
0.02997130
-0.02329292
-0.00926350
-0.00242570
-0.04107755
-0.02320352
-0.04992755
-0.03698659
-0.02390125
0.01342219
-0.06001894
-0.04109621
-0.01226844
0.00366077
0.02004846
-0.05801339
0.03703883
0.04880212
-0.04455299
0.03989913
-0.00944823
-0.00521592
-0.02696566
-0.03176715
-0.03816113
-0.04448973
-0.02070560
0.00227194
-0.05000143
-0.00529540
-0.02554927
-0.00019174
0.04317766
0.00741810
-0.02820166
-0.03318384
-0.02961825
0.00751740
0.03715645
-0.02522445
0.00248106
-0.00484526
-0.02827980
0.03496902
0.03210846
0.02073624
-0.04134970
0.01829928
0.01571239
0.00078012
0.01615210
-0.02292126
-0.02767101
-0.02425913
0.00234264
0.00521289
0.01571413
-0.00750066
0.02841910
-0.02717808
0.00313123
0.02988285
-0.00359142
0.02485446
0.02258234
0.04189767
-0.06345343
0.03374270
0.05505757
-0.03384029
0.08903635
-0.05824335
-0.00023057
0.02539595
-0.02222843
-0.00623364
-0.00355129
-0.00406540
-0.06919976
-0.01899341
0.04142193
0.03184869
-0.03217905
-0.00911986
0.01129293
-0.02137436
0.04853281
0.02084175
0.00619214
-0.06662612
-0.04325445
0.00898206
0.01069666
-0.01907976
0.07206766
0.07325024
-0.03080905
0.00357968
-0.08018672
-0.03421237
0.02319176
0.05111394
-0.07631047
-0.08318248
0.06025905
0.01027756
-0.02520484
-0.04487196
-0.03082178
0.00601649
0.02551930
0.00111337
0.00164852
-0.04445514
0.02704857
-0.00552026
-0.04519521
-0.05332053
0.03654561
0.00232772
-0.03881379
0.00344240
-0.00760337
-0.04206499
-0.00125063
0.04553318
0.03622604
0.03860047
-0.03779302
-0.03632177
-0.01137435
0.06226418
0.02366058
0.02914427
-0.01805430
0.00441942
-0.04917833
-0.06476088
0.02581857
0.04961710
0.06171042
-0.00592475
-0.05333687
-0.01254637
-0.02368302
0.07900116
0.01326802
0.01608478
0.02681134
0.03393026
0.00608310
-0.01940596
-0.02749335
-0.04416439
0.00346301
-0.00894085
-0.00765735
-0.03836076
0.01455335
0.00939505
-0.04042391
0.04020173
0.00497049
0.01199594
-0.01809186
-0.02310314
0.02582605
0.01584783
0.05181102
-0.03328786
0.01752575
0.00993411
-0.02912045
0.08305292
0.09922256
-0.03578496
-0.02707187
0.00652552
0.01631839
-0.04989654
-0.05817129
0.01429200
0.02217558
0.00028907
0.02931886
-0.00860130
-0.01811663
-0.01679603
0.00700880
0.02640570
-0.06535877
0.03871302
-0.02616508
-0.01130126
0.07259559
0.01289897
0.05139688
-0.00442522
0.04276920
-0.02426805
0.02996413
0.03737362
0.04388844
-0.02387149
0.05984091
-0.01212572
0.01121277
0.01706391
0.04537372
0.05982980
0.03802894
-0.02351859
0.05600148
-0.04603215
0.02373650
0.05657344
0.02369218
-0.00080646
-0.03330117
0.02792471
0.03573947
0.06535172
-0.02844993
-0.03520034
-0.02238769
-0.00353455
-0.00327848
0.04003666
0.02310974
-0.01209331
0.02012561
0.04357337
0.02117792
0.06846245
-0.02961817
-0.01152652
0.03080295
-0.00228402
-0.00847159
-0.04118401
-0.03060540
0.00795529
0.05224768
0.00631692
-0.06839378
-0.00504234
0.00382565
-0.02479994
0.03846813
-0.00263137
0.03831702
-0.03726218
0.02356486
-0.02657490
-0.00416855
0.00830057
0.04844995
-0.05490715
0.02159066
0.05153797
-0.03731584
-0.00399826
-0.02884807
0.03164728
0.04800560
0.04093892
-0.00064309
0.04801115
-0.02415271
-0.02727740
0.04546198
0.03481223
-0.04585604
0.05996203
-0.04890833
0.01400685
0.04721019
0.01605353
-0.03926264
-0.01424557
-0.03134463
-0.02593502
-0.00977709
0.06969576
-0.00159523
-0.02266405
-0.02323548
0.00633985
-0.02261811
0.03763704
0.03581483
0.02789669
-0.01891597
0.02733303
-0.00239160
-0.02273425
0.01886579
0.04053257
0.00396807
-0.03301771
-0.02216391
-0.01771071
0.05613791
-0.04225099
0.00722064
0.00468215
-0.01342464
0.02210903
0.03262257
-0.01557783
0.01823149
-0.09618025
-0.02059989
-0.02489380
0.04263923
-0.00094628
0.05915020
0.06573761
-0.04612390
0.12655585
0.10525024
-0.02295397
-0.03986100
0.03194000
0.06103637
0.02492903
-0.01128823
0.04442228
-0.07425629
-0.01646972
0.04549642
0.02432068
0.00736356
-0.00398592
0.05035736
0.06701417
0.11204296
-0.01962776
0.01010531
-0.00477631
0.00510652
-0.02206544
0.04438962
0.02134653
-0.08043100
0.10533369
0.06344415
-0.05422701
0.03257625
-0.03512946
-0.07112983
-0.03918908
-0.04766496
-0.02660119
0.04656141
-0.00993339
-0.01808214
0.04740150
0.00256552
-0.00609340
-0.00900318
-0.05079679
-0.00333056
0.05585261
-0.01587120
-0.00046757
-0.04244301
-0.02251921
0.03584613
0.01753130
0.03580232
0.03173448
0.02214257
0.05042598
0.05084895
0.08205959
0.02068952
-0.04013073
-0.04384679
-0.11332440
0.03989130
-0.06491165
-0.00370580
-0.00038989
0.09605765
-0.02875362
-0.01444011
0.08091559
-0.02334359
-0.03030114
-0.09016385
-0.00147259
0.03926398
-0.00385429
0.10398936
-0.01926787
-0.04291750
-0.01861247
0.10875916
0.03723514
-0.03630619
0.06506918
-0.04168045
0.01995565
-0.04393809
0.01367179
-0.01688917
-0.05834684
0.07819580
-0.02524149
-0.09039191
0.01627528
-0.03118966
-0.03459216
0.02150043
-0.02921417
-0.00181378
-0.02986342
0.04875555
-0.02506343
0.05507547
0.07063314
-0.04901781
-0.02027819
-0.03342622
0.00020973
-0.06315606
0.03332537
0.02019471
0.04443701
-0.06378838
0.02439711
-0.05937699
0.06012824
0.01475198
-0.00378247
-0.09092143
-0.00391806
0.01099657
0.03226825
-0.04291584
0.03613402
0.02870190
0.02711530
0.03492683
0.04127877
0.00183804
-0.02398694
0.05340381
0.04340692
0.02443757
-0.03083622
-0.05033188
-0.00771428
-0.01051968
0.04522789
0.03923695
-0.03479915
-0.01233722
-0.02307065
-0.05182576
0.00196505
-0.06463253
0.04982266
-0.05866986
0.01668195
0.01484819
0.01475718
0.00643907
-0.00190041
-0.00575110
0.02040485
0.04614869
0.01027947
-0.07005855
0.04386114
0.00266082
-0.03186397
-0.02559264
-0.02783934
0.00085150
0.00756813
0.08926603
0.02900247
-0.03330092
0.03233451
0.07649452
-0.02792504
-0.06742021
-0.03584946
-0.00123134
0.02892488
-0.03008641
0.13489386
0.08220100
-0.00707590
-0.01269191
-0.06223622
0.02252247
-0.03034447
0.01329549
-0.08968068
-0.02719317
-0.03524544
-0.07045647
-0.01363617
-0.03716423
0.02620796
0.02241328
-0.00347340
-0.02659374
-0.07591763
0.08724805
-0.01168896
-0.04217044
-0.04269687
0.03296045
0.08397030
0.02211324
-0.10646119
-0.02297891
0.00458924
-0.01178999
-0.00543745
0.03499996
-0.04213046
-0.01831772
-0.02522159
0.02841731
-0.02145212
0.04430678
-0.02200562
0.03455329
0.07082045
-0.03262745
-0.02391902
0.05709346
-0.01130303
-0.02178638
0.06410214
0.10601718
-0.02427330
0.03513124
-0.00910934
0.07203749
0.04038094
-0.01320141
0.03125877
-0.02189961
-0.04332530
0.00853693
0.02828586
-0.01825761
-0.02554818
0.04403713
0.02619178
0.02104775
-0.03847545
-0.03833001
0.11501986
0.05619872
0.03148817
-0.07852186
0.02357266
-0.06653421
0.04262696
-0.07211395
0.04980050
-0.01670551
-0.05201775
-0.07245643
-0.03980842
0.04396267
-0.04698915
0.05195024
0.12279311
0.04330042
0.02847759
-0.01210341
0.02349357
0.04594450
0.05278011
-0.06043985
0.01398048
-0.03355270
0.04120661
0.04971499
0.02271135
0.01902675
0.02010690
-0.01064181
0.07882286
0.09494719
-0.03068671
-0.03179304
0.03018899
-0.04701683
0.02699265
0.05066895
-0.03306607
-0.05904214
0.15980443
0.06620148
0.01449640
0.03776626
-0.01256726
-0.08496587
-0.00951101
-0.03438526
0.00403761
0.01084025
-0.01600316
-0.00287875
0.02453910
-0.00168103
-0.03474139
0.00105749
-0.00727152
-0.01825161
-0.01053773
-0.02324215
-0.05436966
-0.01112510
0.02442156
0.02484578
0.00941253
-0.01087537
0.00590408
-0.02109439
0.01731013
-0.02560006
0.07206368
0.01821766
-0.02670649
0.02314259
-0.09528949
0.10080198
-0.03311412
0.00793173
-0.01791802
0.09888180
0.02682360
0.00402182
0.06076379
-0.04658321
-0.01265292
-0.06270801
-0.03033483
0.02469929
-0.05421742
0.07056681
-0.02518045
0.00880366
0.02661055
0.08981290
-0.02622285
0.03500007
-0.05021343
-0.04132237
0.06594598
0.00237530
-0.04020984
0.03497894
-0.01910984
0.03317169
0.05775897
-0.11708499
0.05011295
0.00026163
-0.03100386
0.03991236
-0.03606605
-0.07076038
-0.06282215
0.05689451
-0.08541279
0.05051284
0.03997507
-0.02356346
-0.01878363
-0.05550139
-0.03761733
-0.05368887
0.04459558
-0.04596407
-0.03758148
-0.06981883
0.05248596
-0.00035921
0.08078947
-0.04538171
0.03265195
-0.06134543
0.00574925
0.02479556
0.04668499
-0.01487183
-0.02746182
0.03264824
0.03712810
0.06963564
-0.04979022
0.04420638
-0.02002819
-0.02166058
0.01644518
-0.00810162
-0.04127919
-0.05591390
-0.00817929
-0.04722753
0.03724352
0.05116844
-0.01651562
0.04006474
0.01302181
0.00870642
0.04025579
0.01339632
-0.02785167
-0.03466240
-0.01219314
-0.04651099
-0.02367116
-0.03247777
0.05043155
-0.04440789
-0.02929177
0.02499584
0.04540261
0.00986323
0.01475292
-0.02428249
-0.03582913
-0.03191515
0.03812146
0.03187285
-0.05297633
0.11017160
0.07278634
0.01751050
-0.03337653
-0.01650165
0.04464687
0.00686536
-0.06599142
0.07725409
-0.03411575
-0.04375473
0.07827836
-0.01637327
-0.03824021
0.03855128
0.00777206
0.05093782
0.01709393
-0.01878018
-0.09047552
-0.05596560
0.04678300
0.00261742
0.03479983
-0.01253015
-0.01218721
0.10341340
0.00370140
0.01202283
-0.00603439
0.07737906
-0.00355776
-0.00384285
0.00129506
-0.03235998
0.07023304
0.07580628
-0.10438071
0.01388934
-0.07882941
-0.03300000
-0.03882221
0.03161492
-0.05410520
-0.01778914
-0.01932555
-0.03516114
-0.02867996
0.05395168
0.00979718
-0.02809536
0.04748128
-0.03461903
0.00244567
0.05799608
-0.00437703
0.04593626
0.09778602
0.11828860
-0.03683218
0.02617446
-0.00864540
0.03766626
0.02519373
0.04672429
-0.03895389
0.06776910
-0.09409022
0.03683861
-0.01326436
-0.06475013
0.07634443
-0.03171550
-0.02433004
-0.02185657
0.03386433
0.04787429
0.08476266
-0.04331347
0.12427326
-0.02358418
-0.04521096
-0.04641179
-0.02827866
-0.08944662
0.03524752
-0.05097077
-0.03467002
-0.01742915
-0.00448084
0.04165163
0.03718302
0.01926939
0.09665576
0.06718939
0.02755785
-0.00308466
0.01441175
0.01418610
-0.03644852
-0.00448579
-0.00826586
-0.06113332
-0.03031256
0.02351178
0.01515505
0.01543142
-0.00018128
0.04185756
-0.00643658
-0.01945438
-0.01045862
0.01664286
0.05730477
0.04558086
0.00280070
-0.03297471
0.01372638
-0.06275182
-0.00105336
0.06505547
-0.04959652
0.03110684
0.00338691
-0.05220087
0.02173715
0.03253856
-0.01082231
-0.04632287
0.01409680
-0.01476732
-0.01272744
-0.01295652
-0.04537634
0.03777006
-0.00739526
0.04519827
-0.05038586
0.02350691
-0.03556661
0.01250157
-0.04458242
-0.04696253
-0.02572077
0.01493209
0.01274444
0.03558429
0.01999581
0.03119782
-0.01267108
-0.03731764
-0.01075464
-0.02253110
-0.08064777
0.02166685
0.00793691
0.00608453
-0.02839746
-0.00696307
-0.01551071
-0.02724889
0.04039869
0.04746367
0.04704978
-0.03549054
0.02917045
-0.00813893
-0.06999402
-0.02609383
-0.05832009
-0.03263346
-0.00969902
0.02540676
0.03833824
-0.05389764
0.01615124
-0.01681226
0.07915325
0.00607138
0.01632132
-0.01340654
0.01001282
-0.01710330
0.00775798
-0.03512291
-0.03343117
0.00699337
-0.03676968
-0.04139854
-0.05060089
-0.01021620
-0.01495506
-0.01103215
-0.05026311
-0.01013275
0.05010824
-0.01632232
-0.00386839
-0.04238659
-0.02768232
0.02735937
0.02493559
0.01845836
-0.04457650
0.00578939
0.01884272
-0.08763753
0.04936418
0.01793727
0.00332576
-0.05353075
0.02522351
0.01458428
0.03086719
-0.02918373
0.01024711
0.03171449
0.05693525
0.04911932
0.00864595
-0.00360701
-0.01606699
0.01470310
-0.02615576
-0.01292744
0.03951895
-0.02217785
-0.00596791
0.03617765
0.01249080
-0.00331423
-0.00585476
-0.02799900
0.04282949
-0.01240566
0.02317134
0.01804391
-0.06058647
-0.00471150
0.03825315
-0.04643670
-0.00990672
-0.02493673
-0.01063792
-0.01192534
0.02706505
-0.01746379
0.00605069
-0.03677652
-0.01857487
-0.03797314
-0.00983835
-0.04052520
-0.00780432
0.02310854
0.03836795
0.00201510
0.04276167
0.00762828
-0.03423358
-0.03390330
0.01385074
-0.05733497
-0.04448754
0.04863919
0.05460017
0.03185803
0.02802813
-0.01095317
-0.04854961
0.04278397
-0.02654228
0.02887292
-0.03410991
-0.04707507
0.01990340
0.01076079
0.04416890
-0.00896197
-0.04308587
0.00744188
0.04348199
0.02807178
0.01117146
-0.00555070
0.01858893
0.00601223
-0.06891151
-0.04546431
-0.00041365
-0.01687544
0.01127599
-0.03390403
0.01294004
0.04072110
0.02701839
-0.06223292
-0.02154750
0.06521190
0.03280820
-0.03315297
-0.01460137
-0.02495621
0.01394104
0.01496879
0.00707867
-0.02666697
0.02291758
-0.04198733
-0.05595648
-0.02030921
-0.00028110
-0.02866213
0.00600478
0.00915673
-0.02199084
0.07931401
-0.03115346
0.01429566
0.02715288
0.01915665
-0.02136345
0.01494137
-0.03206659
0.04931269
-0.03697620
0.04176812
0.04201700
-0.01794219
-0.01094630
-0.00556888
-0.01374091
0.02775664
-0.00614108
-0.03331852
0.02138276
-0.04174122
0.01423811
0.00727013
0.02203381
-0.03974384
-0.00786539
0.02931654
-0.04277348
0.02588244
-0.02675197
-0.01494792
0.02050131
0.02838074
0.00401505
-0.04673157
-0.05249955
0.01598668
0.03235579
-0.02023173
-0.00049293
-0.06006996
0.00627069
0.04660902
0.03483544
0.05640093
0.04433785
0.00809074
0.03727917
0.04274563
-0.03538335
-0.01536125
-0.01855902
-0.02698546
0.00177136
0.01860547
-0.04134204
0.00525364
0.00648569
-0.02101129
0.02805427
0.01730414
0.00282283
-0.04962623
0.03858683
-0.03046799
0.02771102
-0.04314100
-0.00809212
-0.02589806
0.01157553
-0.00281440
-0.03485728
-0.02086574
-0.05864114
-0.01054105
-0.02129760
0.02840259
-0.02556775
0.02544673
0.01668281
-0.00699213
-0.02541064
0.03203389
-0.02827518
-0.03013939
-0.01019525
0.00454107
-0.03926217
0.02691456
-0.03921983
0.00387130
0.03753707
-0.00160821
0.00178915
-0.04340044
-0.01083163
-0.04316078
0.00133323
0.04784284
-0.02759744
-0.03652474
0.00743435
-0.03766972
-0.01386300
0.03485994
-0.04369411
0.00681024
-0.02833571
-0.01169902
0.00570049
-0.02551634
-0.01700693
0.01072209
-0.03077490
-0.04352792
0.00214591
0.01756452
-0.00967069
0.02467616
-0.00801932
-0.00594590
0.02076375
0.03482601
-0.00262402
0.02147647
-0.01021419
-0.04414547
0.03293661
0.00032970
-0.01898629
-0.02971112
0.01072008
0.04824244
-0.04982138
0.02330803
0.05888145
-0.01696571
-0.03929195
0.03117750
-0.03140520
-0.00444053
-0.03746042
-0.04588055
0.01927929
-0.04692442
-0.04269626
-0.03575108
0.04867872
0.01354126
0.04043788
0.01836569
-0.01174891
-0.03737464
0.01167929
-0.03558606
0.00781180
-0.04136913
-0.03389907
0.02957454
0.00423761
-0.01718140
-0.02054363
-0.01561580
-0.00569713
0.00929882
0.04098527
0.00128524
0.01852787
-0.00332690
0.00645553
-0.03701999
0.04193884
-0.02731824
0.02693057
0.00950377
-0.04635663
0.04582386
-0.06254514
-0.00086691
0.02585594
0.04889268
-0.04733176
-0.02275868
-0.01466797
-0.01010605
0.03163000
0.00189664
0.01047938
0.02468037
-0.00568764
-0.02478630
0.02261613
0.02432665
-0.02914812
0.03197555
0.01309004
-0.03793304
-0.03045766
0.04538953
-0.02004955
-0.03045719
-0.02483013
-0.00377974
-0.03185230
0.00838315
-0.00354715
-0.05094146
-0.05545248
0.02490261
0.01393897
0.01560206
-0.05382176
0.00135933
0.02794686
0.05581257
0.00214560
0.00020183
0.03525528
-0.04518365
-0.04258591
-0.01380064
-0.00877794
-0.03734507
-0.00254358
0.03314097
0.02801324
-0.02410308
0.04546640
0.04453444
-0.00567344
0.05321002
0.01007021
-0.02218151
0.05134548
-0.00329230
0.02683468
0.03583121
0.04103803
0.01654680
0.04736519
0.02887287
-0.02772635
0.00743584
-0.05028200
0.03814065
-0.02234734
0.04837186
0.03206163
-0.03087370
0.00969688
-0.02899907
-0.01993782
-0.01821497
-0.04704820
-0.03269525
-0.00625319
-0.01872931
-0.04639350
-0.00688200
-0.00599353
-0.00061657
-0.04371325
0.02997181
-0.04494814
-0.00860845
0.01311332
-0.03377612
0.02073537
-0.02993024
0.04772295
0.02347989
-0.00383056
0.06896889
0.06164461
0.03134446
0.01966853
0.03199879
0.04238622
-0.01957998
-0.02163081
0.00596372
0.00926230
-0.03036963
0.01456388
0.03867291
0.00873788
0.02561531
-0.00986432
-0.01778768
-0.05689671
-0.03679098
0.01236832
0.04910212
0.06580040
0.05369821
0.00388669
0.03291372
0.04678362
-0.03935860
-0.09656368
-0.02960067
-0.00396962
0.01043642
-0.07923689
-0.06759369
0.07426319
0.04640720
-0.02404890
0.00872490
-0.01944949
0.02103143
-0.07750288
0.05103824
-0.06826840
0.07717656
-0.02665171
0.10272244
0.11041597
-0.10380753
-0.06184118
-0.04467895
0.01910609
0.08037782
-0.03990906
-0.00647998
-0.00682582
-0.04113745
-0.11065191
0.00071543
-0.08070146
-0.07850777
0.04692886
0.00951033
-0.06985428
-0.06814888
-0.11902588
-0.16472080
0.01062341
0.03055444
-0.04516599
-0.04108188
-0.01580347
-0.05666414
-0.02210337
-0.05419245
0.03424294
-0.03420516
-0.07395806
-0.15884943
0.06363372
-0.10886157
0.04072630
0.04781029
0.03260382
-0.01736380
-0.05804270
-0.03103236
0.01822615
0.07229362
-0.05346103
0.11227342
-0.03842606
0.00325252
-0.01975183
0.06272177
0.12172983
-0.04071747
-0.00522146
-0.11451691
0.03651408
-0.05522775
0.04103943
0.02965681
-0.01593738
0.00088671
-0.00814657
0.06569951
0.03969097
-0.15555020
0.03188551
0.06507614
-0.10898010
0.05414018
-0.07272943
0.00791806
0.01232776
-0.05104801
0.04122888
-0.01757461
0.11558393
0.03427506
0.10669426
-0.00927708
-0.00703199
0.00142928
-0.08665544
0.09682636
-0.15919496
-0.01960957
0.05420683
0.06025498
-0.00662256
-0.05027777
-0.04499831
0.02633190
-0.14333984
-0.12742931
0.01497827
-0.01816809
-0.05650185
0.03578084
0.17456564
0.03661098
-0.06513741
0.05965333
-0.06291687
-0.11898277
-0.03327883
0.01057988
-0.00740626
0.08348577
-0.04123833
-0.04728882
0.00457548
0.03119234
0.08174591
-0.08452182
0.02965252
0.07735769
-0.01966892
0.00087337
-0.08851768
-0.02576391
-0.04173733
0.13380244
-0.03705247
0.01449016
0.08871480
-0.08228634
0.06205347
-0.14771852
-0.06129787
-0.02180000
-0.01641952
0.08961507
0.04197273
0.03020670
0.00295105
-0.00545620
0.02897456
-0.00627424
0.00036906
-0.02297825
-0.05805937
0.00775343
-0.00977955
0.03419373
-0.03859757
0.00474700
0.05740513
-0.04883103
0.00131113
-0.01287847
-0.11916691
-0.07905956
0.08848928
-0.02260240
-0.10107800
-0.01313324
-0.04374262
0.08992608
0.01027022
0.06361885
0.10063971
-0.11861591
0.03090622
-0.04039614
0.04046346
0.02888074
-0.04036588
-0.04803506
0.10561933
-0.05332287
0.06530634
0.01264123
0.03873890
0.01486753
-0.07050718
0.07474684
0.09006266
0.01174553
-0.00663312
-0.07948279
0.04689851
0.05991545
0.11259735
-0.05042108
-0.01213655
-0.00211300
-0.13950936
0.03562757
-0.01604144
0.02541127
0.02442624
-0.03847474
-0.00785733
-0.00636487
-0.04657975
0.10335775
0.13168725
-0.05245997
-0.22581324
-0.06847318
0.03276604
-0.02505501
0.01811859
-0.04878151
-0.07171717
-0.13752250
0.05421850
-0.03654663
-0.00049058
-0.10422781
-0.08635972
0.03872243
-0.02723544
-0.02435103
-0.01628004
-0.00477470
0.02979238
0.13445239
-0.14019862
-0.03549109
0.06307204
0.05837128
-0.04883024
-0.08747811
-0.21105827
-0.05206773
0.03214640
-0.00544591
-0.07027466
-0.09304543
0.08902510
-0.05998774
-0.01656117
0.01053697
0.04065245
-0.01816311
0.01876326
-0.00004029
-0.02428519
0.01383174
-0.03549532
-0.01541721
-0.03638022
0.01090311
-0.00090247
-0.00592671
0.04436158
-0.00484253
0.04515017
-0.03499375
0.01252155
0.02561169
-0.02322688
0.02490932
-0.02551138
-0.03691211
0.03757158
0.00348426
-0.05228771
-0.04688463
-0.00775386
0.01982097
-0.01676187
-0.04857435
0.03077494
0.03538217
0.02300111
-0.02133772
0.00702537
0.02249374
-0.03247337
-0.01619519
-0.01286582
-0.01893086
0.03060726
0.01892637
-0.01703655
0.00163716
0.00761287
0.00005765
0.02387712
-0.02980749
-0.02802519
-0.02835617
0.02403247
-0.03799180
-0.00355946
-0.00029699
0.01579306
-0.01980594
0.03851525
-0.03680201
-0.03653903
-0.04687054
-0.02854858
0.03515768
-0.02480873
-0.01723355
0.01699239
-0.01914133
-0.03582974
0.02764555
-0.04796486
0.04625809
-0.04537210
0.00180147
0.02794163
-0.02225018
-0.03604585
-0.02121769
-0.04845170
-0.01553541
0.03922626
-0.01038833
0.02839336
0.00949446
-0.01745324
0.01692215
-0.02298736
-0.00958004
0.02578128
-0.00867191
-0.00819425
-0.02661029
0.03213695
0.00465197
0.00447381
0.00849399
-0.02573699
-0.02357795
0.00290211
0.03937583
-0.00393121
-0.01656645
0.04146630
0.03898353
-0.01644835
0.03205813
-0.04053904
0.04157022
-0.04352599
-0.04078999
0.00178986
-0.00099158
0.01305362
-0.03821509
0.00629853
0.01537748
0.02139961
-0.00790910
0.01184594
-0.02417491
-0.03865135
0.02208416
-0.00250092
-0.02839272
-0.02170000
-0.03911100
0.00126733
0.00973564
-0.04684737
-0.04671394
0.02951627
0.03309618
-0.04842341
0.04244251
0.03520762
0.04146316
0.00027155
0.02767824
0.02730638
-0.01447674
0.02109165
-0.02727776
-0.03569841
0.04120698
-0.02167849
0.03276701
0.03524570
-0.01408483
0.02348890
-0.02932430
-0.04114608
0.00938230
0.02748279
-0.02457384
0.03049588
-0.02283547
-0.01343873
-0.04223229
-0.01570949
-0.02608086
-0.04913809
-0.00031015
0.02847425
0.02283172
0.01655049
-0.00294096
0.01529046
0.04876651
0.02331739
-0.03150151
0.03507978
0.00428917
-0.00377611
-0.02190616
-0.03485242
0.00057521
-0.05361950
0.02281556
-0.04822554
0.01867841
-0.05027003
0.01373570
0.04004232
-0.03402973
-0.04025330
0.01647124
-0.01018515
-0.04768500
-0.03436166
0.01706628
0.04100548
-0.01592952
0.00946147
-0.02668984
-0.02071809
0.01023148
-0.04920976
0.01508192
0.01310579
-0.04705853
-0.04707669
-0.03120646
-0.04738307
0.04340863
0.01682139
-0.02041758
-0.04407172
0.04662943
0.01358974
-0.03199842
0.00271304
-0.01426157
0.00510677
-0.01896981
0.03259249
-0.01772111
-0.02713698
0.01182710
-0.02471283
0.02405315
0.04072269
0.01780006
0.00390302
0.03582588
0.01834772
-0.00913311
-0.02928934
0.02507427
-0.03302692
0.03163646
-0.03709588
0.01019594
0.04473155
-0.04538352
0.01664873
0.00723830
-0.00555616
0.00334643
-0.04191011
0.02143497
-0.00503816
0.04361953
-0.04682382
-0.02970257
0.00404252
-0.00574350
-0.00811739
-0.03151071
0.00882891
0.03277037
0.04323810
0.03748731
-0.04125464
0.00111198
0.01314768
0.00542520
-0.01990729
0.06442504
0.02413516
-0.03029996
0.02032811
0.05519805
0.06448914
-0.00502086
-0.03880453
0.02893468
0.02189744
0.02657486
0.03206987
0.03296262
-0.02809544
-0.01820400
0.07778239
0.01881043
0.04002210
0.04680771
0.00931030
-0.03141508
0.01019833
-0.02569696
-0.04693221
0.03490290
0.04830377
0.00428133
-0.02187001
0.01707338
-0.02500532
0.02969437
-0.02126062
-0.03979542
0.03650165
-0.01288654
-0.01325532
-0.04528890
-0.03893589
-0.00734253
-0.00427743
0.02141298
-0.03216322
0.02535980
0.02416864
-0.02097878
-0.03280513
0.04328125
0.04862968
0.04078350
0.04591817
0.01497075
-0.02762171
0.02057675
-0.00455856
0.04448667
0.07457335
-0.01953082
-0.02865088
-0.05797255
0.04929800
0.01587515
-0.01444001
0.03809851
-0.01730631
-0.02220086
-0.01067923
-0.02537651
-0.02368500
-0.02406733
-0.05610733
-0.02286078
-0.02702332
-0.03612035
-0.03130853
0.04531606
-0.02504089
0.02210602
-0.02112230
-0.02880714
0.02761336
0.04804982
0.00005594
-0.04375315
-0.00634153
-0.03360869
0.01545463
0.00477971
-0.01861306
0.00339681
0.00579922
0.00115255
0.03838806
0.01168757
-0.03836101
-0.01860315
-0.05245565
-0.00096648
-0.01703048
-0.00275965
0.01096060
0.04372885
-0.03838309
0.04050051
-0.02030161
-0.01357886
-0.04782393
0.00052352
0.03159609
0.01832156
-0.05235342
-0.02481107
0.00845080
-0.03582441
-0.01079392
0.02611371
0.03006174
0.04098632
0.02363777
0.02568844
-0.02248896
-0.00663872
0.00537979
0.04005217
-0.04880459
-0.02819978
-0.00157176
0.00404606
0.02486252
-0.01151491
-0.01981327
0.00455993
-0.02085031
-0.01550610
-0.02172474
-0.02331305
0.00071007
0.02682736
0.02608604
-0.01661693
0.01591729
-0.04184157
0.02366790
-0.03242863
-0.02252645
-0.00536888
0.04950834
0.00925547
-0.01708699
-0.02414392
-0.02060378
0.00319628
0.03539284
-0.01938247
-0.00648076
-0.02598246
-0.04304248
0.00010313
-0.06107811
0.04477796
-0.02864518
-0.05016226
0.00243432
0.00257709
0.02579106
-0.02452097
-0.02028234
0.06420555
0.01295689
0.00045305
-0.03964168
0.01255779
-0.03075646
-0.03931892
0.05077444
0.04040205
0.02739032
-0.05807302
-0.00030238
0.00694097
0.01492086
-0.03802850
0.01157797
0.00967769
-0.02803292
-0.01863292
-0.04953283
-0.00023324
0.06290136
0.03525870
0.03143334
0.03437201
-0.03970255
0.04060452
0.01626734
0.00530725
0.03197395
-0.01510249
0.06382042
0.00557810
0.02548875
-0.00635341
0.00320507
0.01821032
-0.04956975
0.04381973
0.02162455
0.01780085
-0.03238425
0.01455429
-0.03460731
0.03386241
-0.03386447
0.01900694
-0.01347094
0.00651957
0.02432318
-0.03113096
-0.04662298
0.03232470
0.00414487
0.05586308
-0.02325131
-0.04341879
-0.03736200
0.00332038
0.01571922
-0.01273017
0.00209892
0.05471440
-0.00908383
0.00358319
-0.02981999
-0.00584511
0.05407397
-0.01398056
-0.02043656
0.01768496
-0.01021152
-0.02656725
-0.02304102
0.00537534
-0.04756100
-0.01454313
-0.02394461
0.03661094
0.01500524
0.01567540
0.06403974
0.03959217
-0.00555957
-0.05987025
-0.02179206
-0.05080283
-0.00005718
-0.02043038
0.08795364
-0.02708662
0.01065042
-0.05514116
0.03837931
0.03498445
0.05823221
-0.01896623
0.03366542
-0.00480436
0.02615620
0.02663659
-0.00303153
0.00556892
-0.06613882
0.02539695
0.07506184
0.01362213
-0.01720461
-0.03257384
0.02941079
0.03908655
-0.00203452
0.04154399
-0.04535269
0.03952423
-0.09149111
0.08555476
0.02110583
0.05844460
-0.00503722
0.01553088
-0.07622150
-0.03677440
0.07296249
-0.07757166
-0.02264418
0.05819312
-0.02407556
-0.07365583
0.06059654
0.04237069
-0.00586084
0.02759276
-0.01524069
-0.07728352
0.01186350
-0.10267097
-0.00794504
-0.01658612
-0.02970296
-0.03547882
-0.01079627
0.00328777
0.00171293
-0.02348266
0.08978012
0.04604035
0.00680432
-0.11055963
0.05835420
0.02423903
0.03288780
-0.04768042
0.01045302
-0.05174885
-0.04803401
0.00021557
0.08747707
-0.06906221
0.10923432
-0.03095487
-0.03699695
-0.02514997
0.02640678
0.04045798
0.08829255
-0.03196115
0.02352863
0.02436072
0.01529858
-0.02736239
0.03418037
-0.03653165
0.00916658
-0.00180426
-0.02748501
0.02456995
-0.03151792
0.00526930
0.00467559
0.02389166
0.01823270
-0.00164454
0.00772709
-0.03042446
0.06394156
0.00227485
-0.05542782
0.00050304
0.02196061
-0.04782465
0.00324272
-0.04018890
-0.04286071
-0.03425080
-0.06907178
-0.09172291
-0.03125368
0.02059885
0.02880732
0.03541867
-0.00629342
-0.07016607
0.00315335
-0.04888130
0.00602955
0.04869536
-0.05663356
0.00366890
0.04755438
0.05255476
0.05364430
-0.00487293
0.01824089
-0.14379942
-0.03967879
0.02919024
0.00550716
0.05168387
-0.06151437
0.01269631
0.00843502
-0.04817847
0.00828763
-0.05003791
-0.00358896
0.02377232
0.01487663
-0.00421637
-0.01000328
-0.08744403
-0.00570295
-0.04445981
0.01466202
0.03321262
0.02100924
-0.02224076
0.05370904
-0.10325594
-0.00876300
0.03578090
-0.04721578
-0.10077477
0.00802177
0.02293934
0.07135735
-0.02689455
0.00415061
-0.04117383
-0.01783992
0.05339753
0.02418138
0.01654221
-0.05810567
-0.00741882
-0.04276969
-0.00575073
-0.02890387
-0.06097160
0.01770846
0.04137293
0.05066235
0.01140774
0.05775067
0.03586248
0.07100875
-0.05652802
-0.03954916
0.04783584
0.00628450
0.00321426
0.03059408
-0.02099630
0.01065496
0.04389246
0.00868854
-0.00571414
0.02137737
0.08056179
-0.01640330
0.04735496
-0.04761211
-0.03413334
0.02685772
-0.02372546
-0.05314690
-0.04839002
0.00953936
0.06035571
0.03063842
-0.00216835
0.07528505
-0.03930156
0.00697293
-0.05947200
0.08352414
0.00078177
0.01108988
-0.02340120
-0.02019565
-0.00641803
0.04059437
0.01689647
0.01485786
-0.03422919
-0.00670437
-0.07233386
-0.08308546
0.08313386
0.10143916
-0.08642834
0.01673658
0.01050084
0.00155354
0.02718469
0.02249994
-0.02429668
0.00426657
-0.03956012
-0.07236374
0.04592812
-0.00800585
-0.01555738
-0.05009200
0.01223989
0.07458898
-0.00274165
0.02384537
-0.02223535
0.07967200
0.04819646
0.02708922
0.05463431
0.02906546
0.00702039
-0.04796660
-0.04943956
-0.01386591
-0.04134688
-0.00894520
0.04435097
-0.02282618
0.00651809
-0.08819064
-0.06466228
0.01824363
0.04626421
0.04122328
-0.02472142
0.02796550
-0.00537013
-0.03818532
-0.01431432
-0.05033832
0.02030863
0.01221861
0.03502254
-0.04637818
-0.03747153
0.00161354
-0.01426835
-0.01876536
-0.02484541
0.04844891
0.02907151
-0.04102932
0.02123732
-0.01347597
0.03194556
-0.03890669
-0.05778952
0.03581867
0.05146621
-0.03208048
0.01180933
0.02210227
0.01507115
0.00458152
-0.01967765
-0.03260518
-0.06845239
0.01902022
0.02448244
-0.03116930
0.02707795
-0.01716538
0.04582426
0.01226054
0.03391385
-0.04420631
0.06400821
-0.01099280
0.02968663
0.04479262
-0.01131016
-0.02284120
0.03974504
0.04704268
0.01271717
0.03458786
0.00827010
0.00636200
-0.01479149
0.02810490
0.02171625
0.02542708
-0.03149426
0.01256020
-0.00248442
-0.01460638
-0.04037112
0.05290763
0.03915054
0.02896881
-0.04608515
-0.07469276
-0.02406184
-0.02657478
0.05019180
0.00278592
-0.03407446
0.01241761
0.00658695
-0.03848862
0.03148582
-0.01240915
0.04420441
-0.01030103
0.04162996
-0.06733344
-0.02684603
-0.03960890
0.00008081
0.01119953
-0.04936103
-0.02000932
-0.02644292
-0.03323341
0.02185692
-0.02532901
-0.00050033
-0.00825325
-0.04221401
-0.05528648
-0.01010015
-0.04183829
-0.02168823
0.04202686
0.04016107
-0.03794476
-0.01353201
-0.00133980
0.04090154
-0.00078627
0.01863657
0.01451911
-0.00536112
0.03296953
0.04557670
-0.00989717
-0.05368091
-0.01723251
-0.02871743
-0.01320903
-0.02549442
0.03117272
-0.00375738
0.00886728
0.04717218
0.03886111
-0.05265113
0.03276893
-0.01727777
0.04307993
-0.03193123
-0.00098855
0.02492987
0.04047623
0.00610870
0.01017755
-0.03714978
0.02526297
0.03238891
0.03900463
-0.03631567
-0.04137621
-0.00682890
-0.02988400
0.04024350
-0.02005357
-0.02354557
-0.04640038
-0.03270171
-0.01743174
0.04601275
-0.02421094
-0.00542587
0.01627021
0.03199158
-0.04041550
-0.04522798
0.02085918
0.03306088
-0.04024318
0.02450396
0.02792031
0.03085417
0.02129328
0.02091910
-0.02515702
-0.00034040
0.02408626
0.02158306
0.01764789
-0.04613028
0.00945188
0.04070908
0.01811436
0.01942974
-0.00940024
0.00866723
0.01566851
0.04324571
-0.00417040
0.02224418
0.04701071
0.06241336
-0.00064578
0.02120541
0.00996056
0.05195004
0.00702634
0.00923905
0.00383202
-0.04601759
-0.05362486
-0.01131377
0.04243677
-0.04030382
-0.02514740
0.01479886
-0.00734770
0.01105275
-0.03453054
-0.04297487
0.01114507
-0.04195256
-0.04886528
-0.04143521
0.02766447
0.03065788
-0.03584135
0.04786887
0.01628301
-0.02520739
0.02042864
-0.01207595
-0.02954551
0.00602624
-0.04206041
-0.00817628
-0.00658767
0.01380975
0.02669609
-0.00151988
-0.04499876
-0.00949868
-0.01813053
-0.03579368
-0.01883548
-0.01017812
-0.05229014
0.02079183
-0.02663996
0.00253866
-0.01444441
-0.00625828
-0.00801610
-0.03012835
-0.02146613
-0.00047127
-0.00462057
0.03575288
0.00300555
-0.03428905
-0.06418458
-0.03477857
0.00364396
-0.04238766
0.04274806
0.02850497
-0.04836633
0.01015728
0.02761257
-0.03870501
0.00662931
-0.03495953
-0.02309683
-0.01829189
-0.00709328
0.03861300
-0.08738653
-0.05259091
0.01548778
-0.00424186
0.01558371
-0.03123948
-0.01996764
-0.05688238
0.01272408
-0.03706266
-0.03291104
-0.03392213
0.03811534
-0.03147954
0.07925399
0.06579474
0.04409003
0.03978128
-0.02412464
0.01734533
-0.06804139
-0.04269982
-0.02535753
0.03610135
0.03873466
0.04657411
-0.02859497
0.11719729
0.04701808
-0.06956692
-0.02475334
-0.02101777
0.00778501
0.08527118
0.00742796
-0.03854693
0.01253252
0.01028951
-0.07098620
0.07976013
-0.06519937
-0.04257179
-0.01130041
0.02248584
-0.01339271
-0.03520919
-0.04781099
-0.03595527
-0.00386273
0.03215416
-0.02386929
-0.06252511
-0.05794154
0.03168554
-0.03536896
0.03081582
0.05517108
-0.03472722
0.10780500
-0.05508101
0.04440853
0.01292774
-0.06231492
-0.01421088
-0.00582834
0.00663955
-0.01055151
-0.05842657
-0.05104045
0.00418470
-0.08592822
0.04225793
-0.02014587
0.05193673
0.05626326
-0.03662046
0.02810366
-0.04959647
-0.01542152
-0.02318183
-0.04283542
0.04420502
0.02432624
0.00512900
-0.04347689
-0.03209765
-0.03264476
0.00531948
0.11774471
-0.06208215
0.05686753
0.06285372
-0.02360027
-0.02400925
0.02869633
0.04075667
-0.06899448
0.02573733
0.05197756
0.00766482
-0.03895610
0.05010025
0.07644828
0.02207641
-0.04276741
-0.02618553
-0.03717766
0.03730502
0.01868386
0.08394624
0.01274638
0.00368038
-0.02752061
-0.06950324
-0.03344155
0.03624377
-0.02471643
0.01046830
0.05941163
0.00061249
-0.02062770
0.07169656
0.01611059
0.00651042
-0.04150547
-0.01629970
-0.01983479
-0.02352901
-0.01521548
-0.00334054
0.00766885
0.00033670
0.00407546
-0.01386581
0.03692446
0.02063568
0.06131269
-0.07019666
0.01740820
0.01679396
-0.04087453
-0.03159734
-0.07819471
-0.00297857
-0.00749326
0.06699510
-0.00172001
0.00086060
0.06558549
0.01655115
0.02459427
-0.02830856
0.07242326
-0.03657629
0.01171435
0.04854542
-0.01588102
0.01682235
-0.03079729
0.03952244
-0.03480178
0.00035956
0.07711972
-0.08037120
0.03621351
-0.02573957
0.04198780
0.09258850
0.05696459
0.08554589
-0.03446998
0.03680649
-0.01585067
-0.06306913
-0.03678557
0.04921295
0.01385731
-0.08196080
0.04137405
0.04874402
-0.02864305
0.06336224
0.03836485
-0.00212308
0.10556090
-0.07595444
0.04041122
0.01149567
0.03729167
-0.04576318
-0.03106363
-0.02723102
-0.01707427
0.01205259
0.03508814
0.02309123
-0.00522507
0.01865137
0.01768310
0.03267924
0.10599213
-0.00073276
0.01830585
0.00708260
0.04671274
0.06244504
0.07792101
0.04452105
-0.04709164
-0.03302707
-0.03649187
0.04297797
0.03327778
-0.00275868
0.03025350
0.07213138
0.03054720
0.02057556
-0.03140553
-0.06628947
-0.09109063
-0.06627577
-0.04380684
-0.04505772
-0.05078735
-0.03772550
-0.05744413
0.07044502
0.03464390
0.01676722
0.01310121
-0.05998351
0.05141993
-0.08504214
0.04540439
-0.04213327
0.00591876
-0.05046424
0.00235217
0.08241538
-0.03170600
-0.01034789
-0.07622955
-0.04521117
-0.02661629
-0.01256845
0.01191052
-0.04180683
0.01395291
0.00949460
0.03498958
-0.03044748
0.07162084
-0.03369217
0.06264960
0.04155281
0.03277231
-0.03672437
0.01835438
0.00137220
-0.01704337
0.03401814
-0.02546837
0.02363112
0.02800096
0.04641408
0.04238086
-0.02264483
0.02256528
0.00408510
0.03798899
0.02332305
-0.00353743
0.01026423
-0.03687219
-0.03775915
0.01443152
0.00842158
-0.02672571
0.01613699
-0.00233921
0.01811950
0.00950111
-0.03000732
0.02126092
-0.01418309
0.01748991
0.04386915
-0.04198594
-0.04150459
-0.00309329
0.03651645
0.00705556
0.01584323
-0.02035358
-0.01904534
0.08398838
-0.01726369
0.01724841
0.00722554
0.02976418
-0.02246336
-0.03039066
-0.02173416
0.01326498
-0.04248858
-0.01217403
0.04173567
-0.04185104
-0.00061892
-0.04537274
-0.02676059
-0.03778920
0.02735932
0.00194645
0.05052658
-0.05096104
-0.03055022
0.03299945
0.01800168
-0.00586628
0.03726797
-0.02670658
-0.03521994
-0.01135254
-0.02121006
-0.01654729
0.01580347
0.00144310
0.03643781
-0.03495300
-0.03146242
-0.03346615
0.05014689
-0.01722372
-0.04321969
0.00018684
-0.04804492
-0.03545481
-0.02094106
0.04537748
0.00980003
-0.02325395
0.02992681
-0.03716818
0.00069093
-0.00568948
-0.03799428
-0.00371318
-0.00566133
0.02743916
-0.00526959
-0.04315387
0.00641201
0.04406735
-0.01113577
-0.05054089
0.03034461
-0.03350335
-0.04497804
0.00728028
0.01769033
-0.00874281
-0.05830641
-0.04486470
0.03557492
-0.02254604
0.04789162
0.01366212
0.03535253
0.03287199
0.01327575
0.04422664
0.02201137
0.00482287
0.00897470
0.03835831
0.05320235
0.04163601
0.01434529
0.01666555
-0.01762800
-0.00355627
0.05288822
-0.03170989
-0.01732662
-0.01779462
0.03251432
0.02971446
0.05164473
0.03766009
-0.01912543
0.00944200
-0.02368625
-0.05006271
-0.00392998
0.02950075
0.03658024
-0.02477463
-0.00766095
0.00380623
0.01882642
0.02362415
0.01847894
-0.04223057
0.03930409
-0.03427955
0.01325234
0.02680622
-0.04542317
0.01574894
-0.02972760
-0.00534577
-0.01931397
0.05496823
0.05361929
0.01824013
0.04056521
0.02978505
-0.05645089
0.03350936
-0.03315058
0.01330237
0.03191465
0.00241711
0.02852388
-0.03100572
-0.04851047
0.04901866
0.01038208
0.02265502
-0.00123531
-0.03895256
0.03448448
0.04127979
-0.01915299
0.01384647
-0.03402326
-0.03371921
-0.02582093
-0.04270120
0.02371582
0.04349231
-0.02036898
0.03398485
-0.01654720
-0.01573270
0.02746210
0.03324936
0.01753327
-0.04124651
0.00657328
0.00198139
0.00217178
0.04412614
-0.02628919
-0.01437104
-0.03683422
0.05264877
-0.03198459
0.04508262
-0.02042688
-0.00710252
-0.00266894
-0.03634687
0.00921343
-0.04089144
-0.02388132
-0.03706239
0.00519767
0.02857038
0.00692484
0.03757963
-0.01024221
-0.03713813
0.04607291
-0.01589475
-0.00625053
-0.04652572
-0.03927678
-0.02013579
-0.01821550
0.02735201
0.03573398
-0.01879962
-0.01149794
-0.00896532
-0.04116385
-0.00384943
0.02535761
-0.04606756
0.04306487
0.03552575
0.01387334
0.03758421
0.01434937
-0.05419712
0.04773166
0.04396744
-0.03866780
-0.01076566
-0.00150855
-0.03299934
0.00052364
0.01849363
0.00300417
-0.03385137
-0.01919903
-0.05158554
0.01705525
-0.03376472
-0.03353988
0.04470493
0.00882643
0.02517674
-0.03625537
0.01234784
0.01463673
-0.03369590
0.09309789
0.01197934
0.01693562
0.02794436
0.03766719
-0.00524992
-0.04687548
0.01582415
-0.00807517
-0.01711956
-0.04323011
0.00637214
-0.04658223
0.07058946
0.01726898
0.00459635
0.00279491
-0.05407147
0.00347197
-0.04880454
-0.02678805
-0.02244581
0.02630628
-0.03622574
0.04374055
-0.00313898
0.02961335
0.04874170
-0.04945037
-0.04633496
-0.03005673
-0.04588132
-0.03517950
-0.05061693
0.04879468
0.03486710
-0.03826918
-0.04185573
-0.01442907
-0.00693744
-0.03873692
0.04363837
0.00056026
0.02496456
-0.03073814
-0.02843630
-0.00584436
0.01172567
-0.05238855
0.00155007
-0.03841114
-0.02965465
0.00414832
0.02510292
0.01336263
-0.00045955
-0.03122419
0.01273812
0.03773524
-0.03696097
-0.04391526
0.01435724
0.01290809
0.04897251
-0.01869594
0.00358142
-0.02762889
0.00136074
0.00023489
-0.04711098
-0.01800969
-0.02470761
-0.05481160
-0.01535195
-0.03986403
0.06086398
-0.00838306
-0.00036745
0.02460212
0.05506653
-0.05202452
0.00356214
-0.04361588
-0.03567665
0.03367049
-0.02345336
0.01123882
0.00765045
0.01839954
-0.01669102
-0.04637701
-0.01128206
-0.01351991
-0.03805935
0.01571265
-0.04215968
-0.01070815
-0.04161682
0.01162540
-0.02649504
0.04287962
0.03162259
-0.00065589
-0.03324416
0.06460829
0.02765162
0.03302618
-0.03012856
-0.04448674
0.03404863
-0.02206691
-0.03164303
0.04240814
-0.01783162
-0.02010133
0.01853084
-0.01583521
-0.00300559
-0.02716326
0.01046857
-0.05588308
-0.04034324
-0.00230941
0.00316064
0.01689530
0.04386310
0.04337534
0.01954889
-0.04851943
-0.01627317
0.00947515
-0.03448366
-0.02160403
-0.01334135
-0.00487907
0.01284420
0.03057172
0.01822330
0.01041492
0.01231328
0.01564720
0.01192545
-0.03686224
-0.02251681
-0.05914269
-0.01696044
0.02935011
-0.00340520
0.02593149
0.00490990
-0.03849599
0.02274553
0.00213707
0.03121468
0.03117342
0.02451791
0.03924235
-0.06011428
-0.03281717
0.00018883
-0.03015501
-0.04875689
-0.01620142
0.03498008
-0.01485415
0.01735079
-0.00505461
0.00444393
0.01364449
-0.03400154
0.01640631
-0.03361095
0.03554359
0.03738704
-0.02526998
-0.03675044
0.01864310
0.00535575
0.00314943
0.00058192
0.03946212
0.03088758
-0.01559587
0.01076954
0.04982308
0.03554716
-0.04263337
-0.00979528
-0.00727711
0.02782130
0.01219846
-0.02372229
0.00094888
-0.05542574
-0.00161637
0.06500865
0.00736188
0.04956321
-0.04688280
-0.03810376
0.02357468
0.02356089
-0.01138436
-0.01476674
0.03286043
0.01481613
0.04641780
-0.03800261
-0.05868221
0.04842435
0.03647669
-0.04561038
0.00479491
0.05383949
-0.00981519
0.00937373
-0.02175238
-0.02054121
-0.03828833
0.03929579
-0.03170742
-0.01641128
-0.02534704
-0.04213088
0.06313048
0.03213876
-0.00454750
0.02246482
0.03989502
-0.03542301
0.03324658
0.04668448
0.02309003
-0.02634682
0.02019467
-0.02999950
-0.01107613
0.02147529
-0.01305662
-0.04400517
-0.00295526
-0.07322984
0.00150988
-0.03643538
0.02348023
0.03131197
-0.02969817
-0.04016748
0.01703816
-0.00431487
0.02971804
-0.01975403
-0.02818143
-0.02708781
0.00755382
0.05098881
-0.05268865
0.01878451
0.02745919
-0.00564406
0.03178645
-0.03728344
0.03004134
-0.02667937
0.00787723
0.00958743
-0.04301097
0.01713012
-0.01324670
0.00321512
0.00514904
0.01231507
0.00802043
0.00075668
-0.02333608
-0.01088025
0.02221496
-0.01530557
0.01079735
0.00950114
-0.02703233
-0.03670603
0.00334298
0.03053617
0.03818016
-0.00312984
0.02689059
0.04689385
-0.01018378
-0.01366604
-0.03728370
-0.04526740
0.00238000
-0.00403332
-0.03117609
-0.02154189
-0.04268669
0.02773071
0.04933581
0.02301336
0.03346251
0.02532979
-0.03616442
0.00791376
-0.00745345
0.03367420
-0.04589080
-0.00829136
0.03633978
0.00167399
-0.02596004
0.00186194
-0.00366709
0.04267324
-0.02147460
0.04809985
0.02999208
0.01657524
-0.04210328
-0.00476140
-0.00749357
-0.02831357
0.04015285
-0.02622466
0.02782216
-0.03629234
0.02302986
0.00388785
0.00845824
-0.00840755
-0.01514182
0.02239059
0.03074208
0.04623858
0.02802399
0.03202800
-0.05051580
-0.01922552
-0.00490626
0.00661415
-0.00221554
-0.03407326
-0.03126807
-0.00067742
0.02252621
-0.00817557
0.03186999
0.04326852
-0.02732676
0.03443164
0.04758922
0.02496015
-0.04220745
-0.02002119
0.05107871
-0.03819758
-0.04818589
-0.03498114
0.03892754
-0.01468130
-0.04521802
0.03675499
-0.03916930
-0.01847027
-0.04994240
-0.03147409
0.03552922
0.02447484
0.03672548
-0.00233045
-0.01489337
-0.02955229
-0.04819252
0.01098290
0.04410187
-0.01234290
-0.03773680
0.01908637
0.02934989
-0.03756804
-0.02245725
-0.03066771
-0.00801233
-0.04328353
0.03580621
-0.04451448
0.03612929
-0.04508596
0.01684030
-0.02636217
0.02567999
-0.00006653
-0.04634110
-0.01673221
-0.03438244
-0.01578819
-0.00358867
-0.03835278
0.04392670
0.02510284
0.04066938
0.03534809
-0.03620727
0.00377758
0.02832885
0.02643526
0.01697651
0.01768257
-0.05180693
-0.01440013
0.03309281
-0.02590907
-0.03529065
-0.03602610
0.03954082
0.02362651
0.02661416
-0.03547940
-0.01763883
-0.00451471
-0.00780618
-0.00180857
0.00274600
0.03238463
0.00961005
-0.03168499
-0.02267280
-0.03344210
-0.03566666
0.01438327
0.01028700
0.03386163
0.02517369
0.02101882
-0.01621746
0.03419085
-0.01340273
-0.02196950
0.01834674
0.03793485
0.02047149
-0.01400111
0.03092415
0.01797292
0.02139694
-0.02580565
-0.03167169
0.00491102
0.04539857
-0.01215842
-0.02734836
0.03155654
0.02543377
0.02645595
-0.00392518
0.01141663
0.04737723
-0.02383302
-0.01150847
-0.02717736
-0.02362602
-0.03708128
0.04912570
-0.04549721
0.03312438
-0.00865372
-0.02605024
0.01476388
-0.00918680
0.03862379
0.01990166
0.03969634
0.03716276
0.01907407
-0.02084739
-0.01946610
-0.00606505
0.02615925
-0.01878966
0.02514346
-0.00820543
-0.03392597
-0.05188621
-0.01987914
-0.04157851
0.02477754
0.00539368
-0.04795257
0.03640659
0.02224394
0.03139091
-0.00888453
-0.00982309
-0.00410197
-0.02567062
-0.03735268
-0.02576656
-0.04325768
-0.00996565
-0.01085222
-0.01249465
-0.01204420
-0.00745245
0.00088640
0.02706961
-0.05178440
-0.00062928
-0.04921453
0.02120413
-0.00666852
-0.04153917
-0.03725084
-0.06186540
0.09445024
-0.02386761
0.00942360
0.02060926
0.05499230
-0.04396017
-0.02041808
-0.03014219
0.05898900
0.00699680
0.02113550
-0.02430292
-0.09692152
-0.04107431
0.02449283
0.05244024
-0.05060764
0.06775506
0.04694902
0.06622829
0.04758414
-0.02434310
-0.00314984
0.07562113
-0.00574270
0.00627558
0.02344671
-0.02641053
-0.02914069
0.05727217
0.00836528
0.04214278
-0.05819989
-0.02707295
0.01159749
0.01003697
0.03261950
-0.02290688
-0.10476754
-0.08926626
-0.00233960
0.02021123
-0.00494883
0.03411584
0.06103583
0.02188929
0.02548422
-0.03584300
0.02430087
-0.03696902
0.00084067
-0.05012650
0.05822176
-0.02264724
-0.09374573
0.01784737
-0.01943890
-0.03328966
0.00087258
-0.01775026
-0.00371673
-0.04268351
0.03413213
-0.02928159
0.02224521
-0.00290279
0.06738309
0.03491187
0.10477714
-0.04495335
-0.02706281
-0.06056855
-0.03688001
-0.03199639
-0.05254580
-0.00658309
-0.16198114
0.01055826
-0.02059617
0.01405221
-0.05459284
-0.02599500
-0.00333752
0.01535850
-0.01248596
0.06196163
0.00226046
-0.00030292
0.08131384
0.00016186
0.01838746
-0.04249490
-0.00983395
-0.01337953
0.04552476
-0.01753737
-0.01411136
-0.07441458
0.01913049
-0.07537307
-0.01214058
0.02937777
-0.00603566
-0.01302623
-0.04233041
-0.01171896
-0.01255691
0.03881539
0.00732418
0.05383891
0.02034586
0.04800522
-0.00985169
0.04356898
0.02576977
0.04589302
0.00435250
-0.03822373
-0.03567183
0.02328341
-0.03923125
-0.04526266
-0.05626342
-0.10838426
0.04387825
0.00716689
0.02630317
0.05506837
0.07419356
0.02803786
-0.04145989
-0.06193877
-0.00674706
-0.02625230
-0.04285048
0.04076741
0.01471348
0.05134234
0.00588157
0.03597376
0.03872224
-0.03006277
0.04912632
-0.09918334
0.08339385
-0.03964840
0.04858844
0.06108122
-0.02183826
-0.04419547
0.04507671
0.05363695
0.03120027
0.05551791
-0.02672265
0.13081738
-0.02737451
0.02104364
-0.00997768
-0.07276961
0.04761721
0.03727911
0.03991548
0.05073362
-0.01818160
-0.07633267
-0.02065884
0.01586448
0.06414991
0.01151566
-0.03840960
0.01248078
-0.02344262
0.06580662
0.03044450
-0.02364814
-0.04963041
-0.02206563
0.01233879
0.03235642
-0.05877494
0.03411446
-0.01868961
-0.00272754
-0.05158370
-0.03339116
0.02135008
0.03954382
-0.03481701
-0.08558521
-0.08242489
0.09526168
0.09431105
0.02828598
0.05303233
0.02764185
0.01534152
0.02226462
0.07220434
0.02877183
0.03321145
-0.02777922
-0.01587902
-0.00881830
0.02189481
0.01891426
-0.01257825
0.00307515
-0.00218337
-0.03763925
-0.03684787
0.00664042
-0.03082659
-0.04737561
-0.04884963
-0.00791205
-0.04292092
-0.00208406
-0.03591380
0.02256165
0.01192783
-0.03303490
-0.02397944
-0.08206694
-0.04034110
-0.05006913
-0.04841701
-0.04617693
0.00195149
-0.03379041
0.07118715
-0.06197683
0.08832462
-0.04794468
-0.00631779
0.05892907
-0.06556806
-0.08609225
-0.00537820
-0.09377664
-0.05568146
0.00893140
-0.05801940
0.03034250
-0.07911612
0.02304880
-0.14237508
0.03305959
0.05413258
-0.01651349
-0.00756395
0.00059787
-0.02497462
0.13470545
0.06977098
0.04841368
-0.03741530
0.03004308
0.03447574
0.05791355
-0.03347927
0.04444598
-0.01981303
0.06429885
0.01195522
-0.00793522
0.00971108
-0.03530984
-0.00027621
0.00209275
-0.05018134
-0.03892296
-0.06722899
0.00473163
-0.10056865
-0.04853307
-0.03503551
0.08192609
0.05808370
0.01163802
0.02298103
-0.04773160
-0.04798903
-0.07007474
-0.03985710
0.01006405
0.01362505
-0.00158817
0.11318996
0.01481563
-0.00379958
-0.05000761
-0.01283709
0.02396461
0.08123574
0.02801719
-0.01157998
0.01949777
-0.05857091
-0.04264594
0.02368695
-0.03989561
0.03965587
0.00380430
-0.01768176
-0.02559100
-0.01441630
-0.05934067
0.00906740
-0.03519080
0.03026489
-0.05279412
-0.00136302
-0.07156304
-0.03813903
0.04525269
0.02636121
-0.02012939
0.09580646
-0.02343378
0.03367327
0.01683786
-0.07338036
-0.06069906
-0.00309441
0.05299583
-0.00462569
0.01605607
0.00693398
-0.03464270
0.07691171
-0.00466769
0.03479830
-0.03267713
-0.01325718
-0.04718215
-0.07098670
-0.05145598
-0.04951549
-0.01722432
0.00120852
0.02836718
-0.01005479
0.04446941
-0.01278027
-0.02700082
-0.08222688
-0.04883061
-0.05467927
-0.02595427
-0.07563897
-0.04070255
-0.02176704
0.00255742
-0.03633704
-0.07100564
0.05236574
-0.00179024
0.06734580
0.06722087
0.00072015
-0.03465309
0.00193247
-0.01293547
0.03328059
0.07492226
-0.13402647
-0.02210292
-0.01129511
0.03873623
-0.03651288
-0.03867629
-0.02581860
-0.03792547
0.01604488
-0.03586477
0.05770913
-0.03345919
0.00804831
0.01294951
0.01980440
-0.03468840
0.00324978
-0.04413459
-0.04351975
0.01198547
-0.03879708
-0.04106421
-0.03436326
-0.01177536
0.07558129
0.01126416
-0.06679704
-0.03733309
-0.00417108
0.00563555
-0.02047725
-0.07936853
0.00069089
-0.02286050
0.04921252
-0.06086524
-0.05870665
-0.01024664
-0.08372972
0.01401958
0.03685428
-0.06426455
-0.02558777
0.05203343
0.00124963
-0.04619642
-0.00134862
-0.02507787
-0.00582368
-0.04157732
0.05065952
0.00409496
0.00090415
-0.01702624
-0.00484304
-0.01859274
0.12300243
-0.03989949
0.08669384
0.01489078
-0.01266333
-0.04883533
-0.01533063
-0.02073972
0.04005611
0.00766560
-0.05368379
0.10227229
-0.04998008
-0.01647658
0.00186176
0.01611543
-0.00253765
-0.01227688
-0.04609537
-0.06848440
-0.01505955
-0.04512120
0.00814704
0.01199650
0.03505548
-0.04899291
0.02236251
0.05064441
0.05399652
0.01912947
-0.04154324
-0.06020696
-0.11372636
-0.01444165
0.02924340
-0.03285050
0.00208374
-0.01898380
0.02426327
-0.03669514
-0.01138877
-0.03615189
0.03847466
-0.00495492
0.00432096
0.01282792
-0.02498062
-0.01222796
0.06183928
0.01998454
-0.04010480
0.08068821
0.00747540
-0.03733323
0.06472609
-0.04695558
-0.00629517
0.10004260
0.03242137
-0.03650209
0.05693386
0.03878533
0.10210778
0.03018454
-0.03189323
-0.00377231
-0.01780774
0.06020595
0.05206477
0.09215795
0.05921595
-0.02768410
0.01411889
0.00807084
0.04202965
0.03732076
0.00687075
0.12271549
-0.01848206
0.04170720
-0.04293717
-0.06362148
0.01267513
-0.08417787
0.05786158
0.04077270
-0.05093282
0.09783284
0.03029511
0.10335075
-0.07596007
0.00554358
0.05682730
0.09280051
-0.01928421
0.04435078
-0.05357983
0.06859583
-0.03234933
-0.07140043
0.00291766
0.00946323
0.08396347
-0.00999303
-0.06874912
-0.03242981
-0.12629272
-0.00812762
-0.09842317
-0.00362801
0.08129174
0.15323171
-0.02151557
0.14530368
-0.00769003
-0.03393304
-0.02453920
-0.07389276
0.04341258
-0.01681709
0.05252609
-0.02454772
0.10604115
0.01231059
-0.03762598
-0.00736780
-0.03332609
0.14515705
0.13572870
0.02080161
0.03810040
-0.01013706
-0.03704799
-0.05584341
0.05504315
-0.05681157
0.04079463
-0.03553779
-0.07105024
0.01900247
0.00132412
-0.01615915
0.05325066
-0.05123386
-0.04872012
0.01594818
0.03189923
-0.04949269
-0.07298395
0.03618710
0.05038958
0.00454094
0.08697671
-0.08268718
-0.01122394
0.03493143
-0.04114652
-0.04397618
-0.02124300
0.02994571
-0.05127260
0.00439390
-0.03182095
0.01528353
0.07089023
-0.01698803
0.06235925
-0.01636986
0.08207504
-0.05835029
-0.05921866
-0.03085902
0.01293187
0.07341268
0.00747492
-0.04694398
-0.03485698
0.02803698
0.06572525
0.06445181
-0.07825226
-0.02644088
0.04840181
-0.05043173
-0.05289446
-0.00074290
0.00924768
0.00170450
0.02314679
0.04055095
0.10197487
-0.09880839
0.06374169
0.09235793
-0.02228924
0.04379976
-0.01268687
-0.10427525
-0.08440698
0.10920420
-0.13368997
-0.04358904
0.01050542
-0.04565356
-0.00191766
-0.01080434
-0.01400621
-0.09436278
0.05463858
-0.01464714
0.06895366
-0.01018556
0.01462515
-0.00539271
0.06725856
-0.00146564
-0.04680821
-0.09575198
0.00849267
0.09048833
0.03596327
-0.05555399
-0.07053734
0.05133796
0.10296674
0.01482822
-0.09709873
0.00101665
-0.03723957
-0.03275875
-0.03811378
0.00710999
0.05258567
-0.00575394
0.01690525
-0.09099784
-0.07142997
-0.08117279
-0.09216540
0.01427635
0.08285225
-0.02970502
-0.00952045
0.03924643
0.02492059
0.05690768
-0.04729687
-0.00454307
0.02789814
-0.10302021
-0.03212393
-0.06478346
-0.03108448
-0.03547537
0.05542852
0.00897590
0.01948122
-0.06185760
0.07919168
-0.04110223
0.02045944
-0.01477280
-0.01864090
-0.00967684
0.03360759
-0.07723406
-0.08123942
0.13802531
-0.00230782
-0.01407157
-0.00170523
0.04275792
-0.02252954
0.05783460
-0.04531805
-0.00238321
-0.04341866
0.03854110
0.00425375
-0.02325581
-0.00775783
-0.13209645
-0.03615307
0.03066337
0.06635898
0.06019190
-0.00715801
-0.04547056
-0.09844674
0.01303908
0.11766138
-0.03521684
0.01097117
-0.06633250
-0.02347280
0.02492872
0.00549050
-0.02280711
0.07474289
-0.02111389
-0.00207086
0.11274802
-0.05078853
-0.14495526
0.06334189
0.04436454
0.03254057
-0.00628886
-0.05182121
-0.07512283
-0.02793683
-0.00882052
-0.06960947
0.08022480
0.07048834
0.01325359
0.03592975
-0.03049174
0.06401075
0.01244265
-0.06202608
-0.03609922
-0.14919405
-0.07642408
-0.06917965
0.07009310
0.13405293
-0.10205211
-0.04011293
0.00703520
-0.07910096
0.08271778
0.07209183
0.02353026
-0.04947675
0.00517888
0.02433405
-0.05966773
0.03005972
0.04090279
-0.00153132
0.03090384
-0.01295646
0.01964021
0.06168519
0.01750089
-0.03377368
-0.01067938
0.00083176
0.01169925
0.02022637
0.03202004
0.04416960
-0.00999592
-0.04831348
-0.01962511
0.02286008
-0.01912683
-0.00017274
-0.03190076
-0.03316831
-0.03115506
0.00563362
-0.01341330
0.04659531
-0.00018208
0.02319585
0.01547872
-0.04561928
-0.03645687
-0.01774427
0.02557134
-0.07116362
0.01760872
-0.00380798
-0.02564916
-0.02530205
-0.00911572
-0.03851820
0.01725024
-0.03131558
-0.01039595
-0.03357333
0.05372127
0.01695143
0.02376602
0.02469852
-0.02333749
0.00775062
-0.04419533
0.08449990
-0.02812582
-0.03067840
-0.04004483
-0.01511798
-0.03686105
0.05544633
-0.03185043
0.00720212
0.00045586
-0.00714876
-0.04499198
0.04581031
-0.00576409
0.01223716
0.04271658
-0.03512236
0.01257051
-0.03937598
-0.01964090
-0.01246173
0.04598794
-0.01528664
-0.00376500
-0.05940694
0.03537061
-0.02342720
0.02820200
0.03585165
0.07731342
-0.02451713
0.03763957
-0.06541490
0.00366273
-0.05445480
-0.02697033
-0.02562689
-0.02379499
0.05730965
-0.02039140
-0.03026921
-0.04877464
0.04696678
0.02289876
0.04369255
-0.02612598
-0.02198542
-0.03409319
0.02617736
0.01362508
0.03229121
-0.01487251
-0.02926400
-0.04673510
-0.01561890
0.04821842
0.00428234
-0.00785572
0.00181916
0.02130163
-0.01237183
-0.00588017
0.04940019
-0.02438171
-0.00161681
0.00399089
-0.03810546
0.03074160
0.00245306
-0.04544089
0.02358623
-0.03548001
0.03801627
-0.03529079
-0.04314112
-0.01187604
-0.04426120
-0.04782915
0.00729271
0.04516885
-0.03853501
-0.00819740
0.05024302
-0.03662240
0.00053313
0.03104083
-0.02744182
-0.00955052
-0.02149492
-0.03885505
-0.01318756
0.04323883
0.02869940
-0.02997556
-0.00308954
-0.00034370
-0.03281329
0.00775942
0.02232810
0.03998511
0.02798937
0.01956634
-0.00222753
-0.01725304
-0.00649444
0.03608683
-0.05603521
0.03765534
0.01680538
0.03496673
0.04141204
0.05431326
0.02024126
0.01583956
0.01220056
0.02354126
-0.02336981
-0.03166762
-0.05669732
-0.03717688
-0.00689129
-0.05534809
0.03720446
-0.01243169
0.04648339
0.02579175
-0.00214446
0.03210877
-0.04976812
0.04631571
-0.00868098
0.04957972
-0.03384380
0.03224065
0.01252221
0.02267649
0.01600672
0.04214062
0.03339572
-0.00934258
-0.04384245
-0.00552453
-0.00000223
-0.00596499
0.00516367
0.03548269
0.02611630
0.03575870
-0.01192768
-0.01922829
-0.03167889
-0.05635641
0.01329611
0.01879111
-0.02591665
-0.01772338
0.07743435
0.03976380
-0.04578257
0.00905359
0.01841978
-0.02810538
0.01752429
0.00110773
-0.04673936
-0.02290422
-0.02793736
0.02498688
-0.04212493
-0.00567554
0.00366217
-0.05239763
-0.00980882
-0.01102863
-0.01345991
-0.00383795
0.03141831
-0.02426327
0.01094693
-0.02163450
0.04628334
-0.02935452
0.07585921
0.00266276
0.00787695
0.02951241
0.00721471
-0.02108414
-0.01826799
0.02185388
0.04278976
-0.02812128
-0.01391536
0.04393622
-0.01349691
0.00782543
-0.04253826
-0.04391536
-0.04747282
-0.04445092
0.00465953
0.03018703
-0.04560597
-0.05029532
0.02979217
0.01850121
0.02329588
0.00572619
-0.00691980
-0.03473617
-0.05313637
0.03831081
0.02982449
-0.03126299
0.01433181
-0.03077786
0.03270371
0.02921774
-0.00794256
0.02635019
-0.03861273
-0.05087180
-0.03039047
0.01999864
0.05934987
0.01879346
-0.00707951
-0.00421075
0.01299305
-0.02813531
0.04063217
-0.03600516
0.04140318
0.04674147
-0.01883215
0.03110696
-0.00391310
-0.05363812
0.03093709
0.04673845
-0.02289284
-0.04087005
-0.05100980
0.00120407
0.03397413
0.02128918
0.04308156
0.00131101
0.02995787
0.02530441
0.02115887
-0.02116204
-0.03837445
-0.03742394
-0.04176810
-0.00041794
0.03587553
-0.01311928
-0.03853576
-0.03996687
-0.03936715
-0.02681096
-0.03043998
0.00294493
0.00680788
-0.02723069
-0.01295402
-0.03528178
-0.04837821
0.01370668
0.00061418
-0.04265196
-0.04680471
0.02472144
0.04259694
-0.00703211
-0.01302428
0.04571771
-0.02465373
-0.04605313
-0.03416045
-0.00585378
-0.03630840
0.04734522
0.03553161
-0.03344581
0.01909577
-0.04294199
-0.00901100
0.03479951
-0.02137675
0.00197279
0.03360125
-0.05246213
0.04428612
-0.00420152
-0.00377808
-0.01091622
0.01756021
-0.00769815
-0.03078022
0.04808940
-0.01804647
0.00898524
0.00738517
-0.00993118
-0.02979228
-0.01691580
0.01539796
-0.04252301
0.01046090
-0.03493307
-0.03695795
-0.03058536
0.01639852
0.02246459
-0.02865989
0.04302348
-0.03579947
0.02912742
-0.02135559
0.05682557
-0.00573139
-0.01708953
0.00560257
0.01877943
-0.03814117
-0.02618744
0.04246255
-0.01398120
-0.03575857
0.06001912
-0.02730462
-0.03252929
0.05078544
-0.00867271
-0.03410639
0.01443576
-0.02041215
-0.00373316
-0.03518864
0.00504639
-0.01861345
-0.04050434
-0.00833929
-0.02504141
0.01708483
0.04082895
-0.03896553
0.00917991
0.04611560
-0.02620799
-0.03210957
0.04320334
0.01896624
0.04874211
-0.05956510
-0.04053284
-0.01262915
-0.02822824
-0.03788905
-0.01632178
0.00355481
-0.00810023
0.01432438
0.03632972
0.03558825
0.01802583
0.03450380
-0.03708941
0.00241283
-0.05903528
-0.04527533
-0.00542082
0.03435677
-0.04767905
0.02456973
-0.02543915
0.00887186
-0.04302311
0.00740506
0.01269921
-0.02732133
-0.03809828
-0.00887904
0.04267300
0.00109016
-0.00294911
-0.03995871
0.06248514
0.04952458
-0.00040761
-0.01631228
0.02743893
-0.00504039
-0.01618615
0.03363375
0.00218353
0.02982107
-0.04751945
-0.01270880
-0.04920175
0.00485155
0.02824822
-0.02514659
-0.03902550
-0.03806461
-0.01533420
-0.03135014
-0.03487992
-0.00782253
0.02628890
0.04210236
-0.02456746
0.03034645
-0.03603976
-0.01815263
0.03083474
-0.05082839
-0.02545807
0.01602753
0.00756468
-0.02723847
-0.03576590
-0.04575800
0.02202316
0.02621407
-0.02369600
0.04741747
-0.03692932
0.01764273
-0.04407236
0.00449819
0.00934155
0.01502290
-0.03753764
0.00980206
-0.00412678
0.00528428
-0.04956295
-0.01026315
-0.03521488
0.02863160
-0.05318534
-0.03224368
0.01351060
-0.02524505
0.01435405
0.00027117
-0.03120857
0.00582295
0.03932825
-0.05866596
-0.03290503
-0.03554595
-0.02117206
0.00088360
0.02839559
-0.02987554
0.04422516
0.05636948
-0.02783108
0.07057645
-0.04182556
0.01251747
0.08322335
-0.00013911
0.08722429
0.00338969
-0.03766139
-0.02446310
0.02670018
-0.00408988
-0.03599494
0.00879235
-0.04035866
-0.07636154
0.03595376
0.01632287
-0.02117054
0.04975250
0.03819084
0.07083679
-0.01671779
0.06577931
0.04639928
-0.05135973
-0.06065687
-0.02951415
0.07073888
0.03514400
-0.02443185
0.11880426
0.00199756
0.00303442
-0.10694188
-0.03581784
-0.01691830
-0.00255682
0.01146503
-0.09669445
0.01142544
0.04489044
-0.02389850
-0.04227791
0.07222783
0.01663564
-0.02034486
-0.02462401
0.01528184
-0.05345028
-0.03824750
0.01845272
-0.02033615
0.03844035
0.04118102
-0.08266176
0.01519562
-0.05386716
0.07587648
0.05303578
-0.06008264
0.06118285
0.02860388
0.00593024
-0.07293976
0.00213971
-0.03938793
0.04326828
-0.03570100
-0.01250598
0.04774471
-0.03577035
-0.05515509
-0.08833802
-0.00974687
0.06610910
0.02292474
0.02970976
-0.02296244
-0.02448587
-0.05684982
0.02726947
0.00447307
0.02606662
-0.04429629
0.01773388
-0.02047107
-0.05536856
0.06815474
-0.06297936
0.02117439
-0.04871532
-0.03679440
-0.04971766
-0.03885737
0.01850633
-0.02182307
0.00711437
-0.00068401
0.08483035
-0.02041648
-0.02881529
0.00741903
0.06856287
0.05477409
0.03294838
0.07357376
-0.05288192
0.06116607
0.05265493
0.09839165
-0.02361254
-0.07259592
0.02030148
0.04313560
-0.06475742
-0.06749190
0.00804503
0.04201685
0.02068447
0.04940002
0.01504062
-0.05573380
0.03538848
0.00219853
0.03907518
0.00001820
-0.00469140
0.01564059
0.02391057
0.02123186
-0.02296698
0.08684223
-0.06347751
0.07311185
-0.01837067
0.01878781
-0.02174310
0.04254399
-0.02581749
-0.02765449
0.03623090
0.04409789
0.04697225
-0.02779892
0.04124526
0.03508119
-0.04661116
0.05597391
-0.06225890
0.11549350
-0.00980563
0.03975617
0.00824975
0.01001822
0.06314047
0.07928532
-0.01473504
-0.07489663
0.03369999
-0.00835775
-0.00284047
0.03971767
0.03292930
-0.01677750
-0.03231930
-0.05969040
-0.01471084
-0.04465257
0.03626151
-0.01480488
-0.03822507
0.06096600
0.03142791
-0.02465270
0.03682724
0.09029176
0.01802830
0.02202717
-0.03441751
-0.00384569
-0.04328157
0.02243001
0.00429528
0.02612400
-0.04317845
0.03280867
-0.02135924
0.05516898
0.04373039
0.00921836
0.02410113
0.02770076
-0.03993881
-0.03671404
-0.01811501
-0.07259126
-0.05560473
-0.05396004
-0.03647216
-0.01657728
0.00113600
-0.00370735
-0.02829049
-0.05005916
0.05151555
-0.01448458
-0.02547017
-0.04682996
0.07194063
0.02607474
-0.03904660
-0.03210377
-0.00432409
0.00821042
0.04676713
-0.04196686
-0.03184829
0.02524015
0.00884240
-0.05277045
-0.04860776
-0.01213033
0.05837722
-0.02998849
-0.06956386
0.04113874
0.05596888
-0.07956065
0.03381936
0.02375525
-0.06368255
0.12113897
-0.00787349
0.04531945
-0.03481116
0.02504051
0.00910134
0.04057770
-0.01910220
-0.01524797
-0.02423150
0.01390105
0.07651848
-0.05941868
-0.03097152
0.05581559
-0.10219076
-0.04042774
-0.02529795
0.02208709
0.04058630
0.05692735
0.02162945
0.00428777
-0.00888574
0.02406523
0.02996799
0.01478333
-0.05289311
-0.00684542
-0.02898074
0.04199523
-0.02567607
-0.00750741
-0.02251316
-0.03270330
0.00957796
-0.01553573
0.01855417
0.01770829
-0.02760052
0.02366111
-0.02235966
-0.00766090
0.04169701
-0.02644369
0.02004767
0.01574467
-0.01814818
-0.03525630
0.05210894
-0.03644953
-0.04799186
-0.02984832
0.04457326
-0.01833646
0.01391785
0.00978393
-0.03536459
-0.03947648
0.04487446
-0.03249903
0.03975775
0.04371345
0.03205473
0.01020323
0.03382418
-0.00626953
-0.02634424
-0.03060671
0.03514445
-0.01999573
0.03407644
-0.00957574
0.03906943
0.02047027
0.01414759
-0.02044084
-0.04308280
-0.03707257
-0.00681132
-0.04937511
0.01908588
-0.04166874
-0.04391246
0.01048605
-0.01465801
-0.02681836
-0.04205766
-0.04538393
-0.00770581
0.01699406
-0.01072736
0.00861537
-0.02052440
0.03215930
0.02373078
-0.00570924
-0.04089415
-0.04354795
-0.04960213
0.00136287
0.04913671
0.03920471
-0.04613455
-0.04855093
-0.04663039
0.02062464
0.04567031
-0.01549771
0.04017578
0.02319721
-0.04206926
-0.04080729
-0.02112099
-0.02328188
-0.03558601
0.03317928
-0.01872772
0.00712989
-0.04447036
0.02941617
0.04218443
0.02475538
0.03392288
-0.02831488
0.01334271
-0.00066787
-0.01094358
0.00138514
-0.00410278
0.03341054
-0.03628588
-0.03335917
-0.01420320
0.03467390
0.01720971
-0.04389739
-0.01215331
0.04173512
0.01265013
-0.03558955
0.01103563
0.03254928
0.00117637
-0.00147992
-0.04547657
0.00041651
-0.03386308
-0.01659822
0.03784790
-0.02832889
0.00061789
0.00518039
-0.02140612
-0.04562404
0.00017087
0.04517553
-0.00911655
-0.01849239
0.04358137
-0.02948971
-0.04635701
-0.02294396
-0.01871756
-0.03646626
0.01523758
0.03886558
-0.02665737
-0.00500833
-0.02647283
0.04156424
-0.04732826
-0.02816115
0.04774452
0.01701767
-0.05137554
-0.03444645
-0.02112370
-0.04233875
-0.00605450
0.04845173
-0.00276541
0.02405220
-0.02529662
0.04114492
-0.01109651
-0.04748670
0.03532770
-0.04540865
0.02550006
-0.02086789
0.03308804
-0.03091689
-0.04147118
-0.03332672
0.03977002
-0.01373033
-0.02298281
-0.02940929
0.04055295
0.03315596
-0.03642576
-0.01925314
-0.04292664
-0.00730831
-0.02429617
-0.00884318
0.03281404
0.01964087
0.04903002
0.04318719
0.03386567
0.03074943
-0.04892287
-0.04479937
0.02345702
-0.03925704
0.00275748
0.04094620
-0.04101330
-0.02236946
-0.01680192
0.04067622
-0.05642021
-0.02454750
-0.05175463
0.01704772
-0.02751348
0.02218936
0.03464539
-0.01844003
-0.01278014
0.04681205
-0.01513607
0.04589658
0.02236886
-0.04193007
0.01081054
0.03699974
0.02840548
0.03877081
-0.04851237
0.01275620
-0.00392341
-0.04599036
0.02394111
0.01471029
-0.05401623
-0.02157657
-0.01410100
-0.00367068
0.04289808
-0.01727502
-0.01514677
-0.00950159
0.00846490
-0.00532618
0.00569363
0.04791094
-0.01284537
-0.03152341
0.03007317
-0.01157192
0.01981767
-0.01751503
0.02112621
-0.01959220
0.02630668
0.02126916
-0.04909857
-0.00012902
0.01872200
-0.00369130
-0.03680862
-0.00823965
-0.00035532
-0.02776901
0.03317923
-0.03521078
0.00030337
-0.09108829
-0.04051602
0.07370832
0.03133704
-0.04704285
-0.08335911
-0.03122117
0.11981402
0.03637127
-0.03891596
0.02454862
-0.01377439
-0.05377286
0.00074047
-0.05789889
0.09744254
-0.00644141
-0.02615962
-0.00298017
-0.02368100
0.03534856
0.09029555
0.03699059
0.12011653
0.02926343
0.02320071
-0.01745317
-0.01223465
0.00077831
-0.01500836
-0.04510438
-0.03967690
-0.05480177
0.03547240
0.05838204
0.12155135
-0.05996600
0.01108880
-0.00593434
0.06227561
-0.06934435
-0.00335086
0.05334144
0.01478139
-0.05141516
0.00122513
-0.02724412
0.00169100
-0.02243310
0.01837225
0.07255059
0.04257356
0.03434049
0.00666005
0.02018442
-0.08538314
0.04507103
-0.06495986
0.10438441
0.02438383
-0.02197418
-0.11432444
0.01085297
0.01505881
0.01488912
-0.02415350
0.03930669
-0.04921025
-0.11292022
0.02426037
-0.01329247
0.02174007
0.00301745
0.05329952
0.03595204
0.04361613
-0.10076749
0.03879366
0.07487748
0.01281962
0.07799290
-0.09628394
-0.04903490
0.01255866
-0.03267472
-0.06530821
-0.07194944
0.02078058
0.14378269
0.00251356
-0.01547262
0.00009598
0.12325834
0.05709521
0.04127318
0.03585804
0.04517953
-0.05323389
0.01256721
0.11808775
0.04366557
0.05062331
-0.00821244
0.00491845
-0.03301790
0.05872934
-0.05768881
0.02289869
0.04706112
-0.04026014
-0.07160933
0.01108287
0.12138878
0.00143590
0.07571455
0.11786374
-0.01287433
0.09656145
-0.00267176
0.04632059
0.04435363
-0.03760802
0.04290613
0.05458555
-0.09439702
0.01831972
-0.01747848
-0.03549173
0.03326243
-0.01696770
-0.02109623
0.04911923
0.10609371
-0.04417146
0.02562083
-0.07232087
-0.01824383
-0.00254874
0.01064652
0.14092988
-0.09801453
-0.06807242
-0.01748785
0.02775211
-0.06712704
0.03816292
-0.02883451
-0.04023841
-0.06475056
-0.00345766
-0.01167938
-0.05661101
0.13246849
0.04895001
0.06014143
0.11688308
-0.03889718
0.05859168
0.02268639
-0.02561547
-0.03627971
-0.01009018
0.06397635
-0.01842687
0.06688929
-0.01468080
-0.02641551
0.02652937
-0.01571788
-0.06801085
-0.01450093
-0.03214903
0.03438222
-0.00590541
-0.04379674
0.09475258
0.03014503
0.02100362
-0.03705911
-0.02093158
0.04475334
0.00705373
0.05096346
-0.15539435
-0.04380930
-0.01396139
0.01481276
-0.00444578
-0.03253702
0.01313997
-0.01421307
-0.07913370
0.02032501
0.02771641
0.03045670
-0.05498902
0.05887712
-0.07560571
0.01088872
-0.00666060
0.04046970
-0.02214874
0.04631137
0.03596632
0.00787568
0.01773356
-0.04592764
-0.13264997
0.00899905
0.05863416
0.04851166
0.00774921
0.03797800
-0.01074773
-0.00417424
-0.12264165
-0.04583457
0.06188243
-0.01425387
-0.08222473
0.07125466
0.00113427
-0.04518795
0.03977753
-0.04810511
0.07039139
-0.03060692
-0.04914986
-0.03753172
-0.01957937
-0.00159698
-0.03946666
-0.01935258
-0.10635862
0.01840272
0.00734853
-0.04448970
0.03298265
-0.11017471
0.12259340
-0.02441302
0.07815868
-0.03768134
-0.05449319
-0.00350991
0.07339446
0.02466144
-0.07380352
-0.07334929
0.01134759
0.06531858
-0.00628052
0.06357520
-0.09120054
0.03065447
0.00498768
-0.00420806
0.05501850
0.00436007
0.01111648
0.06300627
-0.00901223
0.13992946
-0.01456633
0.05061854
-0.04770042
0.07069399
-0.06668386
0.01289915
-0.01813801
-0.02791185
-0.07935035
-0.06877209
0.02523462
-0.02800436
0.07904679
0.03720313
-0.02139536
-0.00418541
-0.03387298
-0.04179037
-0.01036057
-0.07124072
0.07628745
0.02523538
0.04130546
0.09944733
0.07014091
-0.02560226
-0.04256884
-0.08132885
-0.00846013
0.00478850
0.04091544
-0.05809465
-0.04349277
-0.02748442
0.02847399
0.03392029
-0.02822000
0.00068775
0.01660922
-0.04598948
-0.01245855
-0.05713901
0.04056414
-0.01652203
0.06298183
0.03279357
-0.05632753
0.00351514
-0.03266443
0.00842645
-0.03085219
0.03284815
0.01369547
0.00968207
-0.00703657
0.04984213
0.05356352
0.00051190
-0.02361557
-0.02416058
0.01047133
-0.05115297
0.07622677
-0.01763640
-0.03945696
0.02516944
-0.01131355
0.00331711
0.04073852
0.04644034
-0.00597504
-0.04405646
-0.02074876
-0.05748330
0.05231825
0.00574060
0.06396022
0.04728120
0.04613558
-0.02016189
0.00401090
-0.05462300
-0.04556936
0.05342793
-0.00763632
-0.03231200
0.03634328
0.02974797
0.02256666
0.01056847
0.00686237
-0.01692807
-0.02369867
-0.04513934
-0.09935937
-0.04789906
-0.00269308
0.01004250
0.01316586
-0.05618108
0.00378953
-0.01068696
0.01969042
0.09945499
-0.03426346
0.10549291
-0.01109439
-0.06031503
0.02446770
0.01274131
-0.03897595
-0.05159647
-0.01759310
-0.02630129
-0.04988126
-0.01253018
0.00227398
0.05564377
0.00933882
-0.06742767
-0.01931768
-0.02151651
-0.06220057
0.07112166
0.04356779
-0.02139019
0.03641924
0.05221403
-0.07315313
0.00154099
0.02666224
0.03995533
-0.03253363
0.04308601
-0.03285195
-0.01550769
-0.08410344
0.07434253
0.04082517
-0.01760556
0.02162881
-0.05850124
-0.03688586
0.00010363
-0.07414237
-0.01347530
-0.03527067
-0.06667109
0.04096957
0.00660422
0.07480288
-0.11257077
-0.04089241
0.01776879
-0.07181202
0.04200312
-0.11371563
0.05845086
-0.02035379
-0.04026107
-0.03192314
0.02744138
0.03497862
-0.01312464
0.03007764
0.03840103
-0.01407944
0.01146161
-0.01283370
0.01697998
-0.05969325
-0.00036519
0.00307635
-0.01571304
0.03377268
-0.03581950
-0.05042684
0.03095243
-0.00504459
0.03993148
-0.02251394
0.10480128
0.04891211
-0.01003286
-0.00915690
-0.04123452
0.00648462
0.01838235
0.04599713
-0.01038742
-0.04191014
-0.09210791
0.02488512
-0.05312912
0.02600688
0.00225734
-0.00948036
-0.05631099
0.04735961
0.00292957
0.04361331
-0.03250268
0.01359950
-0.03709134
-0.03557026
-0.01308437
-0.01087015
-0.00614633
0.01984455
0.02075787
0.09287003
-0.00757808
0.02409270
-0.05672555
0.02049780
-0.04485375
0.03718630
0.00918298
-0.01801118
-0.03124644
0.05901363
-0.07761084
0.00289902
0.11542550
0.05700582
0.04808626
-0.07979899
-0.01586356
0.00950737
0.02708352
0.00321907
0.00588039
-0.07303646
-0.05949819
-0.03707516
0.00852118
0.02966869
-0.04889511
0.02778001
0.07532170
-0.07869593
0.06105651
0.03958316
0.09933975
-0.09663026
0.05734324
-0.03748519
-0.02947487
0.01488039
0.04334419
-0.02523686
-0.01462502
-0.01319193
0.00531844
0.01840196
0.04785688
-0.03559067
0.00677193
0.03336937
-0.02896169
0.04554553
0.03008054
-0.02224554
-0.02978302
-0.06371158
-0.04793661
-0.02753089
0.01123448
0.04686177
-0.00210690
-0.05117953
0.01625066
0.01276803
-0.01360342
0.03493866
0.05632789
0.04359361
-0.03404413
-0.03883182
0.04404816
0.02490662
0.00567483
-0.01310117
0.02383032
-0.00711470
0.01223503
0.01214384
0.02326736
-0.03645213
0.03497632
-0.02979695
0.01095552
-0.00861920
0.01086114
0.00130734
0.03475344
0.02683806
-0.03755862
-0.03165048
-0.00919728
0.05776676
-0.01175522
0.02401256
-0.01076018
-0.03105121
-0.02197475
0.04431977
0.00440717
0.00073367
0.03987716
0.02725878
0.02816196
-0.01461345
-0.02967168
-0.02571914
0.00391994
0.00134675
0.01084482
0.03554654
-0.04784706
-0.03003195
-0.03599537
-0.03251256
0.04180211
-0.04374300
-0.00646192
-0.04077279
-0.04407251
0.04625186
0.02771696
-0.02959229
0.00015453
-0.00922589
-0.02445013
-0.04733001
-0.01431091
0.01197975
0.03424803
-0.02515737
-0.02996633
-0.03638674
0.04240471
0.00513286
-0.02168147
0.00826900
-0.04508829
0.00368684
0.02316449
-0.04630852
-0.00093471
-0.04250872
-0.00155541
0.05189634
0.03617159
-0.04587583
0.00028077
-0.01497685
0.04487608
0.00405242
0.00329234
0.01077176
-0.02475165
-0.01169160
-0.00337977
0.01321391
0.02266971
0.03724695
-0.01148490
0.00486614
0.01073154
0.00126412
0.04462388
-0.02397321
0.00193024
-0.00963418
-0.01573391
-0.02746528
0.04073860
-0.00085936
-0.03768557
0.03740130
-0.02022091
-0.00711631
0.00351577
0.05395625
0.03054421
-0.03849246
0.01681665
-0.01156211
0.04714267
0.04622068
-0.02413407
-0.02049754
-0.03607479
-0.00889181
-0.01543802
-0.04730517
0.01006329
0.01986282
0.00312686
0.03497392
0.01226587
-0.01050425
-0.05101605
-0.04578970
-0.03046885
0.01141333
-0.02060408
0.02560158
0.02902703
0.06342012
-0.01158235
0.03986720
-0.01141291
0.04400439
0.01337873
0.03106493
0.00005542
-0.04700780
0.00513957
0.01271442
0.00280302
-0.00406542
0.04028912
-0.01517942
0.03579166
-0.00383680
0.00536010
0.00541738
0.03516138
0.03124643
-0.01801036
-0.00754635
-0.00183960
0.03947279
0.02236378
-0.01602837
0.05596967
0.00826104
0.02911889
-0.01950749
0.01812282
0.01120865
-0.01152468
-0.00180424
0.00301755
-0.00391294
-0.01655908
0.04433388
0.01896943
-0.03816413
-0.03305490
-0.02955409
-0.02460087
-0.02056460
0.04850531
0.05875187
0.04230976
-0.01841026
0.03320032
0.02965788
0.01054485
0.01344758
0.04006009
0.00075757
0.01288773
0.00444229
-0.04750947
0.00946698
-0.03628314
0.02576709
-0.04002333
0.01141881
-0.00966633
0.00986611
0.02830822
0.04872932
-0.05003450
-0.04411721
-0.02133307
-0.01438357
0.03546934
0.04062186
0.03934351
0.01337529
-0.00625590
0.01233636
-0.00893845
0.03400921
-0.00643765
0.00440305
0.00469269
0.01278386
0.02740911
-0.01987164
-0.01988748
0.03325631
-0.00905402
0.00463106
-0.04164561
0.04307407
-0.03898848
-0.02199571
-0.04376614
-0.07424281
0.02608919
0.02635362
-0.00668719
0.00248020
0.01501817
0.01877985
0.03928947
0.04320941
-0.00051528
0.04181609
0.08423175
-0.06267723
-0.00081628
-0.03804700
-0.00008740
-0.00007543
0.06245036
-0.00238047
-0.03886463
0.01965508
0.02761114
-0.06141411
0.02059579
-0.05015046
0.04355139
-0.05604975
-0.04023953
0.07967260
-0.06156116
-0.00445381
0.09238666
0.03273884
0.04555241
-0.01104624
-0.02158237
-0.01298354
0.02299718
-0.01454830
-0.04216409
-0.11475793
-0.00872179
0.05219979
0.02339417
-0.03401935
-0.06956118
0.00387149
-0.14830703
-0.02521547
-0.02884876
0.05057032
0.06286601
0.04773031
0.01346242
-0.05408864
0.04157656
0.04676620
-0.02095428
0.05340955
0.00746627
0.02909647
0.02411057
0.01813956
-0.03435855
-0.04777546
0.01435702
0.02191409
-0.03954266
0.01927673
0.02801043
0.07133726
0.03569268
0.01974894
-0.03920428
0.05306265
0.06820393
-0.00314479
0.05219536
0.01173549
-0.02264809
0.03502769
-0.01246368
0.07092509
-0.00848722
0.01987878
-0.00668821
0.02305725
0.00145145
0.00177308
-0.03586084
-0.03478348
0.00682503
-0.01930332
0.00674154
0.00637690
0.01853846
0.07521422
0.01237498
0.00940947
0.01157307
-0.03732692
0.00379200
0.06789074
-0.02680122
-0.03262996
-0.03702605
-0.03804343
-0.07591759
-0.09658322
0.04702310
0.00496086
-0.03477695
0.01308449
0.06296925
0.04821274
-0.01828403
0.08979473
0.00758788
0.03432615
-0.04208652
-0.06842868
0.04277279
0.02591244
0.02124871
-0.01476357
0.03799652
0.04069257
-0.05429426
0.04117603
-0.04312510
-0.04882552
0.06221218
-0.01530562
-0.01917610
-0.02926002
-0.01179937
0.08224173
-0.07134107
-0.02687326
-0.00026245
0.00175696
-0.04246699
-0.00775247
0.03987428
-0.11090022
0.09632676
0.02153296
0.01881673
0.04283408
-0.04816976
0.04186498
-0.02871008
-0.05058386
-0.01576887
-0.06004899
0.03401767
0.03131350
-0.02209371
0.09236853
-0.02889162
-0.04876659
-0.05025700
-0.06579994
-0.04369808
-0.13230303
0.08920449
0.02420816
-0.00694499
0.02148852
0.04171268
0.07513149
-0.02979354
-0.04791883
-0.01378084
-0.00158763
-0.06362827
0.01595179
-0.05477985
-0.03867074
-0.03110698
0.04140390
-0.02892739
-0.00759805
0.01866501
0.03728719
0.09936724
0.00832458
0.01405704
0.02255121
0.07270540
0.03895710
-0.01300586
0.07791793
0.00108614
0.00031683
-0.00762460
0.01437346
0.05430115
-0.06920207
-0.09398797
0.02202103
0.01672318
0.03392233
-0.03606087
0.01812999
-0.04022233
0.08556703
0.04842168
0.02341237
0.02503342
-0.04933060
0.03793136
-0.04003600
-0.01528579
-0.01103068
0.02616330
0.04738306
0.04184441
0.04214168
0.03195801
0.12257542
-0.00316628
-0.00519858
-0.02975209
0.03705487
0.01656201
0.02270364
0.02695795
-0.04912575
-0.06430317
0.04625551
0.05733838
0.06026931
0.02647378
-0.10607336
-0.01484786
0.05276841
0.02667292
-0.02996676
0.00727972
-0.01311308
-0.06476019
0.00890821
-0.00991708
-0.05543302
0.05064652
-0.07357442
0.07716959
-0.09786307
-0.02909593
0.06511155
0.07400694
-0.09933606
-0.00730252
-0.03248353
-0.06714406
-0.02520291
0.17974506
-0.00828490
0.06187040
-0.04164875
0.04735962
0.02030191
0.00708653
0.00922109
0.01519389
-0.06098983
-0.04370514
0.00017861
0.03252793
-0.02229325
0.05785638
0.03092509
0.02219394
0.03368089
0.08207966
-0.02775288
0.02705401
-0.03206381
-0.03208245
-0.04804300
-0.09884437
-0.00465435
0.14004521
0.00006658
-0.06483941
-0.04367749
-0.03639971
0.01907043
0.00511240
-0.03037528
-0.02721931
-0.01028183
0.04049303
0.00542632
-0.01896510
-0.03148827
0.04310684
0.03065547
0.00933917
-0.02964105
-0.07400000
-0.10759095
-0.09249525
0.00310510
0.02197273
0.03232876
-0.01945937
-0.01641161
0.01262672
0.03989236
-0.00084340
0.09401278
-0.01841251
-0.06512996
0.03811666
-0.00476681
0.15195335
0.09993588
-0.04808141
0.00578747
0.05732514
-0.02290313
-0.00575067
-0.00802635
0.10378709
-0.01653186
0.06569493
-0.00710786
-0.00643189
0.05865578
-0.00449102
-0.09766782
-0.03609526
0.02885682
-0.00136230
0.05712804
-0.06964042
0.00810112
0.02696272
0.03079991
-0.04972425
0.04306310
-0.01188914
0.11955836
-0.06271961
0.00343772
0.04425336
-0.00408630
0.03290696
-0.02135430
-0.04813170
0.00585235
-0.05649718
0.06303015
0.10916910
-0.11009030
0.01678600
0.06471004
0.00203389
-0.05007051
-0.00880100
0.03527410
0.01835135
-0.09144229
-0.00135498
-0.02732884
-0.04544047
0.03866478
-0.12838250
0.06123104
0.04045198
-0.06306355
0.02083970
-0.05033932
-0.07118810
-0.05707254
0.03310218
0.04627521
0.01214762
0.03530350
0.11539556
-0.06269901
-0.00763207
-0.04969373
-0.03178014
0.02537191
0.04123093
-0.04564255
-0.01269212
0.02372655
-0.01773429
0.06415483
-0.03442805
0.04421666
-0.02526277
-0.04642384
0.01294625
0.03618570
0.06691258
-0.00747613
-0.05089041
0.01448522
-0.02565142
-0.00617934
0.01630247
-0.01685405
-0.00967128
0.02079746
-0.06807175
-0.05621960
-0.00942298
-0.07268865
-0.03055743
0.04779902
0.04584527
0.06623569
-0.05528761
0.03259812
-0.14881547
0.03153617
0.05036576
-0.04113819
0.06602988
-0.03852690
0.01546408
-0.01058890
0.03977655
0.01515546
-0.04183744
0.03161623
0.03688053
-0.15073898
-0.05838200
-0.04491754
0.04072012
-0.03270537
0.06591969
0.02921519
-0.03922985
0.12978871
-0.04709436
-0.00483671
-0.03490467
-0.04256396
0.13230152
-0.03193723
-0.02260744
0.13605446
-0.02345717
0.05628676
-0.01367264
-0.00357078
0.03467371
0.01087858
-0.03491486
-0.05855863
0.03906303
-0.02050767
-0.01318644
-0.00358244
0.08932339
-0.01523879
0.00775964
0.02299449
0.00927223
-0.07703849
0.01268047
-0.01038669
-0.03420680
0.01950724
0.06055645
0.09004514
0.06568516
-0.07653870
-0.05302246
0.13320163
0.11009812
0.02998579
-0.04530463
-0.02774952
0.04625164
-0.00545315
-0.03084686
-0.03118812
0.07705457
-0.01370958
0.02429000
-0.00077835
0.02698646
0.03696750
-0.03634154
-0.06106698
0.03420652
0.03687352
0.19907205
-0.06383891
-0.00092454
-0.02775626
-0.06442287
0.01131784
0.03899574
0.02207593
0.07142037
0.07995311
0.08875717
0.07726729
-0.00714081
0.05821250
-0.06448773
0.10820526
0.00500280
0.17137422
-0.00981007
0.05470829
0.00158956
0.06372245
0.15144281
-0.02066185
0.15795292
-0.01739048
-0.04156908
-0.03814254
0.03237070
-0.04906812
-0.02392962
-0.04517377
-0.03799430
-0.12113443
0.00331089
0.03533457
0.03770786
0.13823728
-0.00655244
-0.07439792
-0.03397605
-0.05914865
0.00873698
-0.14686516
0.00155777
0.04527921
0.12424153
-0.01403072
-0.00402295
0.05004507
0.00132258
0.04118383
-0.11497176
-0.06367727
-0.01156943
0.05185939
-0.09724036
0.04431633
0.04979543
0.01204959
0.02744962
0.00908388
0.01737571
0.04386181
-0.00507358
0.04708217
-0.00820438
-0.02090851
-0.04164242
-0.01205076
-0.06203375
0.00743024
0.03487468
-0.09163444
-0.02000349
0.01791646
-0.01288475
-0.03500947
-0.01663422
0.05762027
-0.00109529
-0.04312962
-0.08567184
-0.03357531
0.01865583
0.12703383
0.02257007
0.06604586
-0.04351826
0.04831236
-0.03206594
-0.09304482
0.01213757
-0.01600254
0.07977501
-0.06210814
0.01234961
0.00962516
-0.14763737
0.08353546
0.00157876
0.07156785
-0.01630558
0.03819899
-0.03743242
-0.04702757
0.07158165
0.00390772
-0.01457092
-0.03839277
-0.01991320
-0.09156024
-0.02454016
-0.03754767
-0.02305517
-0.06198563
0.05792224
-0.02180006
0.01840079
-0.07256826
0.01755108
0.06363092
0.08326895
-0.03893150
0.02231705
-0.07109050
-0.01957774
0.06467430
0.12726474
-0.01286136
-0.05982659
-0.03670254
-0.03128520
-0.10338788
-0.05024375
-0.02348488
-0.01794445
0.05710288
-0.00385543
-0.02000762
0.02766684
0.00523911
0.01386368
0.05359116
-0.02549262
-0.02154359
-0.02632017
0.03349216
0.01876145
0.02726594
-0.04858468
-0.06159819
-0.04414900
-0.04908022
-0.01575698
0.06104061
0.01110355
-0.01380535
0.01166858
0.07420203
-0.03637376
-0.06245467
0.01660368
0.00317556
-0.04414120
-0.05132486
-0.02385053
-0.05766135
-0.02720314
-0.01598902
-0.12072954
0.01512788
-0.02224168
0.02443663
0.08354501
0.09214410
-0.09372155
-0.02589659
0.02940450
-0.01968298
-0.12117695
-0.03242749
-0.02003397
-0.03334106
-0.08097685
0.03481002
-0.06532448
0.05441308
-0.04118527
0.05079719
0.07903709
0.06482448
0.03045166
0.02597630
0.02772133
-0.10269451
0.01103322
-0.00684610
-0.04988476
0.02233414
-0.08312092
-0.07694433
0.10360507
-0.00083713
0.01281423
-0.00788637
0.09640142
0.00943705
0.02608902
0.04323032
-0.00922735
-0.05001877
0.02196807
0.03186799
-0.00724391
0.07065588
-0.08573806
-0.02607893
0.00001150
0.00796644
-0.00186061
0.04348029
0.02299753
-0.03173420
-0.03837831
0.08603919
-0.03493810
0.00090289
0.00035015
-0.02552749
-0.00221054
-0.02151183
-0.05011054
0.01879758
-0.05202483
-0.04890713
0.02801182
0.01519223
0.02033270
-0.01370812
0.08463470
0.02275183
0.04799810
-0.01211202
-0.01731197
0.00395583
-0.03697257
-0.04411602
0.09724835
0.05071612
-0.00422405
0.02580910
0.02902724
0.02116963
-0.02399502
0.02574482
-0.02105006
0.01006620
0.01177037
0.01715920
0.03883284
0.04945162
-0.04365914
-0.01825452
0.02862377
0.01042518
0.02266785
0.10535044
0.08865882
-0.02283706
0.01912312
0.13373147
-0.00003309
-0.06042354
0.07744096
0.01675704
0.00159195
-0.01102378
0.02410454
0.02197596
0.03254174
-0.02496703
0.03821977
-0.00608466
-0.00722908
-0.04682229
-0.02042617
0.02433564
0.07461270
-0.02051659
-0.02367597
0.01814246
-0.01808632
0.04585845
-0.01998017
-0.05165697
0.01722000
-0.03518029
-0.03179647
-0.05618372
-0.00847437
-0.05352332
-0.01001145
0.03713969
-0.04013420
-0.02654879
-0.00718023
-0.04440172
0.04180636
0.02949780
-0.01195879
-0.06110050
0.00865950
-0.03182829
0.01180903
0.05362938
0.03691234
0.02666389
-0.07561813
-0.01156282
0.01951891
-0.03816894
0.01429046
0.02861850
-0.01939576
-0.02978165
-0.01081739
-0.04075402
0.02911139
0.07109938
-0.04630056
-0.01195115
-0.01087459
0.01542387
-0.01395085
0.02983741
0.00487160
-0.00677741
-0.03451082
-0.00153460
-0.01186712
-0.00988966
0.02442748
0.03179839
0.01223075
0.01239857
-0.00070481
-0.03583628
0.02186752
0.00221543
-0.01348535
-0.04244330
0.04359396
0.03429273
0.03251356
0.06439893
-0.03092187
-0.01672086
-0.01371502
-0.02163387
0.01069065
-0.03005715
-0.06230938
-0.00451694
0.01803167
-0.03835249
0.02050230
0.03222217
-0.02569783
0.03170403
-0.00768506
0.03735103
-0.03310789
-0.04584927
-0.00877143
-0.03959125
0.00516614
0.04124868
-0.05522483
-0.03780314
0.05999024
-0.00551850
0.02854119
0.01402589
-0.04047199
0.03176571
0.02630048
0.04242408
0.04103657
0.03053856
0.00159455
-0.01925691
0.02006405
0.02858886
0.01069138
-0.06045816
-0.04295483
0.01750179
0.04035995
0.00702658
-0.03557071
-0.04068168
-0.00254497
-0.02219383
-0.00432826
0.03077398
0.04191685
0.01710879
0.03765348
-0.00186343
-0.04081183
-0.03031660
-0.02760119
-0.02365479
-0.00967462
-0.06793798
-0.03333665
0.00732493
0.06908864
0.02807265
-0.01053352
0.04229870
0.00270568
-0.04420146
-0.01201879
-0.01547352
0.04384556
-0.00371341
0.01749758
-0.04116277
-0.00804710
-0.01711969
-0.05194966
-0.00434138
-0.01756439
-0.02637428
-0.09427065
0.02544752
0.00820210
0.00686172
0.04527783
-0.00560783
0.05911963
0.03077044
0.05579679
-0.00417455
-0.03129442
0.02118132
0.00752593
-0.08373614
0.01199608
0.00654638
0.00093889
-0.04781585
0.03749736
-0.04180700
-0.00647032
0.03457975
-0.03861548
-0.03017133
-0.02669379
-0.03676274
0.04802849
-0.02058577
-0.04520985
0.02340663
-0.00229745
0.03925037
0.00559835
-0.00184785
-0.00932537
0.03197121
-0.00976344
-0.02181807
0.04712505
0.04423973
-0.04222415
-0.03334153
-0.04382896
-0.08929420
0.02522546
0.06207185
-0.00408823
-0.04765481
0.02673005
-0.01476295
0.00637828
0.02188660
-0.02658665
-0.01814999
0.03670531
-0.03421305
-0.01690680
0.07413044
-0.00041334
0.04815351
0.04013742
0.03379853
0.05872854
0.01719689
0.03160217
0.01464317
0.05287366
0.05236124
-0.01048093
-0.03229643
0.04020684
-0.02855453
0.02765260
-0.01941521
-0.00581187
0.04867334
0.01776352
-0.01313326
-0.00220247
0.05642708
0.02051852
-0.00169120
-0.00468088
0.02207299
0.06133777
0.05413932
-0.01841875
-0.04403353
-0.03528686
0.04733268
0.03610761
0.00011998
-0.05357959
0.05127934
0.06166329
0.05007897
0.01358153
0.02323868
0.05851895
0.02345181
-0.05585819
-0.05279697
-0.05294364
0.06366918
0.12744625
0.02822571
-0.04097347
-0.05698487
0.07035198
0.06531519
0.03531795
0.00585386
-0.00480107
0.00397560
-0.01753357
0.04739019
0.01797814
-0.07755899
-0.06623302
0.06426850
0.05387654
-0.03406403
0.05182041
0.02212386
-0.08472367
-0.07857159
-0.06755823
-0.04655694
0.03833056
0.02391904
0.00352838
-0.04386536
0.01296222
0.04029785
0.08999012
-0.04267004
-0.05997761
0.06690696
0.10167961
0.00278248
0.08631536
0.00213932
-0.02239316
-0.04789708
-0.03207218
0.03974174
-0.00730469
0.00034123
0.03787212
0.06342216
-0.01947822
-0.04181287
-0.02320018
-0.10104357
0.08218309
-0.06505507
0.02618005
0.02856273
-0.03931532
-0.03059396
0.04362719
0.03543036
-0.03809136
0.05978955
-0.06879044
0.00960289
-0.00129995
-0.05565963
0.04570313
-0.05973527
-0.02119315
-0.01471581
0.16159092
0.02078724
0.04967968
0.03362659
0.04624378
0.03922179
-0.01930635
-0.10547540
-0.08121111
-0.01887710
0.03288300
0.09145749
-0.08903539
0.00138148
-0.07489488
0.03808550
-0.04695161
0.05132894
-0.06565276
-0.07352617
0.04128470
-0.11439601
-0.00034890
-0.02212235
0.04468214
0.02896323
0.04421721
-0.03982204
-0.03812975
-0.01571901
-0.07444579
-0.04197390
-0.05010751
-0.00083828
0.03228897
-0.01685874
0.00674523
0.09924126
-0.00253170
-0.06557754
0.04074186
0.05065430
0.02226644
-0.02903838
-0.02951525
0.01741331
-0.06030187
0.00227069
0.05196467
-0.03428303
-0.03569060
-0.04743606
-0.02754056
-0.01813888
-0.07460583
-0.02926044
-0.01038624
-0.01994907
0.07806426
0.01967719
0.02950786
0.00764673
0.00835416
0.10723753
-0.01411694
-0.09675769
-0.08992542
-0.03890820
-0.04481575
-0.04128510
-0.02597452
0.04516803
-0.01536289
-0.03798785
-0.01220147
-0.00309293
-0.08608674
0.01515208
-0.04673878
0.02839775
0.00119882
-0.03087343
-0.01166136
-0.04668131
0.10993484
0.04232189
-0.05849883
0.03040470
0.03320513
-0.01822389
-0.04406580
-0.09653020
0.05820514
0.01989492
-0.00739341
0.17429915
0.02070861
0.03754301
-0.03730441
-0.00482637
-0.01336720
-0.00791699
-0.07672656
-0.01271598
-0.08760207
-0.01972931
0.09812995
0.04230119
0.00504431
-0.03724590
0.06628418
0.03683240
0.01786168
-0.04528509
0.01272218
-0.03736557
-0.00332013
-0.06391445
-0.07902976
0.09741618
0.04651639
-0.13676152
-0.00186847
-0.00971019
0.00348805
0.04725944
0.00702690
-0.12001412
-0.00718162
0.16813381
-0.03991222
0.06927549
-0.04788816
-0.04953708
0.02843513
0.03306733
0.00648310
-0.05476540
0.09505472
-0.02148419
0.08845432
0.01378736
0.06999057
0.02922176
0.06875794
-0.00026110
0.05811555
0.06832359
0.00838447
-0.01655083
0.00590255
-0.06196484
0.01155950
-0.01062117
-0.04568391
0.13495275
0.00944142
0.04440815
0.00885302
0.06054920
-0.01320926
-0.00637105
-0.01349124
0.03074540
0.05087091
-0.02879044
-0.08886418
0.00618396
-0.01494247
0.08689135
0.04239807
-0.02439531
-0.00820988
0.02770289
-0.04085132
0.00071269
-0.03448213
0.00244855
0.00639110
-0.00525898
0.03332665
-0.02745421
0.04706057
-0.02582533
-0.07848512
-0.00619926
0.04330872
-0.03360145
-0.04693538
-0.00606217
-0.04867080
-0.03799427
0.04121432
0.01580207
-0.04492774
0.00676749
-0.04793731
-0.01684617
-0.03854801
-0.02458735
-0.02364600
-0.02015979
0.03960615
-0.03048952
0.05458636
0.00810196
-0.05370042
-0.01640305
0.04425942
-0.05373240
0.04885141
0.00416506
-0.01677977
0.03358869
0.03763137
-0.05003209
0.06666970
0.02426712
-0.01582043
-0.01607105
0.01781463
0.01067046
0.03391635
-0.03061981
-0.02916621
0.01447453
0.02182073
-0.02614111
0.01117985
0.01171039
-0.04124583
0.00531382
0.02733429
0.00651131
0.02834909
0.01872320
-0.07794998
0.08548760
-0.07299848
-0.00611959
0.02365613
0.04815403
-0.01116291
0.03111458
-0.01481799
0.04461582
-0.04378504
-0.04041874
-0.00882870
0.04679322
-0.03615243
-0.01084674
0.03035643
0.08493973
-0.06045895
0.00175751
-0.05007270
-0.02769761
0.03520610
0.02869601
0.01495376
-0.00620713
0.01033082
-0.04888498
0.06942675
-0.05359722
-0.03014575
0.04149399
-0.00157145
-0.01055626
0.06783638
-0.01329055
0.01506172
0.01901832
0.01841362
0.02320618
-0.04075287
0.03889364
-0.01907244
-0.01248126
-0.03987117
-0.04436442
-0.00218522
-0.01338526
-0.02942579
-0.00810153
-0.00035692
0.03220886
0.01148090
-0.01114900
-0.05516206
0.03099930
0.06123257
-0.04726005
-0.00963748
0.04779103
0.00717619
-0.00257898
0.02792813
0.02475967
-0.02984890
-0.05983387
-0.09148358
0.03149998
0.02816380
-0.04947612
0.02931053
0.03229481
-0.02284289
-0.00452588
-0.01495999
-0.00357512
0.00247671
0.04655142
0.00494365
0.01918343
0.03344502
0.01165136
-0.04954416
0.02804444
-0.03977345
-0.03643751
0.02966380
0.04075161
-0.05043610
0.01918588
-0.01573980
-0.04394037
0.00954171
-0.04188207
-0.04620287
-0.00320586
0.08223274
0.01999287
-0.00337055
-0.04267291
0.08843341
-0.00729229
-0.02771598
0.03968945
0.01783077
-0.00523824
-0.04185183
-0.02865419
-0.04646629
0.00508866
-0.01056139
-0.02095276
0.03184739
0.04964386
-0.04186302
-0.04741225
0.01688547
0.03593950
-0.03973325
-0.03445219
-0.00077720
-0.00017299
-0.02522553
0.04287264
0.06814305
0.05496659
0.01228149
-0.01535412
0.04323339
0.01399456
-0.05018458
-0.03817361
-0.01592287
-0.07501163
-0.05793560
0.02491895
0.01735095
0.01705863
0.01979475
0.01993281
0.02439109
0.08848093
0.02654534
-0.03632622
-0.05145641
0.00173573
-0.03630422
0.04697589
-0.05048657
-0.06713592
0.00856239
0.03785322
-0.04237929
-0.01422105
0.06154222
-0.01446091
0.02311906
0.00108352
-0.06957988
0.02839910
0.01816697
-0.02695685
-0.06185884
-0.07405190
-0.02670025
-0.01550661
-0.00591639
-0.01009692
-0.04657130
-0.02095902
-0.03595923
-0.05796419
-0.02064138
0.01008949
-0.01737462
-0.02610548
-0.00435016
0.03201583
0.00524649
-0.03283880
-0.05126909
0.05990178
0.01451708
0.00680011
-0.03217323
-0.00195055
0.00754984
-0.01182288
-0.01165972
-0.04429255
-0.04442217
-0.03758938
0.01491593
0.01765344
-0.03084048
0.00046263
0.01951846
-0.04934597
0.07310555
-0.04112747
-0.02419914
0.11562924
0.06056997
0.01236853
0.12027510
-0.07911523
0.02984392
0.03460927
-0.01485609
-0.09374002
0.02953797
0.00381702
-0.01580066
-0.17400898
-0.01885865
0.03546328
-0.03591990
-0.00268542
-0.01758999
-0.03412979
0.06042924
-0.00102078
0.03884216
-0.04813246
-0.12663880
0.10838007
0.04241520
0.06358613
0.05041560
0.01186974
-0.02484426
-0.08191333
-0.16945852
0.02037370
0.00603633
-0.04388566
-0.05909057
-0.04438191
-0.01077491
-0.02626234
0.05235504
0.00553133
-0.06926319
-0.03302958
-0.00243912
0.00824463
0.04620935
0.03152806
-0.00539858
-0.02164860
0.01534104
0.01737353
0.00155352
-0.00270526
-0.03048045
0.00581568
-0.01890395
-0.05372322
-0.05011301
0.10230975
0.04141226
-0.01776949
-0.02712705
-0.05923318
0.01515130
0.05492190
0.04669506
-0.01549520
0.06580614
-0.04488217
0.02093919
-0.06672562
0.07594097
0.05074963
0.02296548
-0.01822813
-0.02727888
0.01270960
-0.09345716
0.08435697
-0.05198234
0.06198531
0.05489923
-0.01690765
0.00872256
-0.00654079
-0.11827525
-0.01217632
0.07464560
-0.07094287
0.00511144
-0.05543026
-0.02099467
0.02208317
-0.05668046
0.03330410
0.01010162
-0.02407354
0.00094331
-0.00655151
-0.02087205
-0.01016175
0.03666126
-0.03964037
0.01779510
-0.07851184
-0.00888035
0.09105521
0.03574569
-0.03390877
-0.01297521
-0.04928382
-0.00419696
0.01254805
-0.11381480
-0.02997169
-0.00185634
0.04355027
0.07939203
0.00200804
0.01545380
-0.01386823
0.07698406
0.02775668
-0.07233363
-0.04460450
0.01954543
-0.00634556
0.09462410
0.05653424
-0.02392326
-0.02446903
-0.04538223
-0.03082207
-0.08530326
-0.00202024
0.07749861
-0.00541880
0.07201437
0.00096046
-0.04696055
-0.02349461
0.11693507
0.06039761
-0.00404256
0.02220096
0.01433252
-0.01985321
0.08114505
-0.12802643
-0.03298757
-0.01907059
0.04096247
0.11881931
-0.02256758
0.04196002
-0.06522840
0.01737379
0.02546030
-0.09271029
-0.02873713
0.00663827
0.01199480
-0.01916927
0.00710609
-0.02751630
0.01407310
0.09263849
0.00821964
-0.01318781
0.05926693
-0.01771394
-0.03826344
-0.01953120
-0.00544241
-0.08885664
-0.02525285
0.07095184
-0.09691751
-0.05432812
0.07998393
-0.05778126
0.01529061
0.01768705
-0.01512702
0.02016392
-0.00145515
0.01195609
0.00275621
0.03161047
-0.07765942
0.00169592
0.00652877
0.03288862
-0.02226481
0.01405611
-0.05995067
0.01960146
-0.03011319
-0.00590114
-0.01229125
0.05797230
-0.05040507
0.03808115
-0.04927886
0.01566892
0.01585678
-0.02777912
0.01180042
0.03093141
-0.01796493
-0.04226741
-0.06814295
0.05897067
0.06959435
0.03166346
-0.00471133
0.12200876
-0.05151901
-0.11808528
-0.05056978
-0.00605545
-0.05204759
0.01943146
-0.06135199
0.04800380
-0.02312679
-0.02262052
0.10409419
0.02535039
0.10459089
-0.01256540
0.01875671
0.02941829
0.05425280
-0.00897308
0.03790836
-0.07434045
0.17446068
-0.01827443
0.03151998
0.07409756
0.08517669
-0.06858519
0.05098500
-0.08142562
-0.11216348
-0.08513399
0.07679661
0.03698121
0.02712392
0.00687625
-0.04772580
0.03076883
0.02958706
-0.01826962
0.04265216
-0.03784764
0.03868496
0.02759814
-0.02703938
0.00942608
0.01773188
-0.04748539
0.03391842
-0.00378649
0.01699056
-0.00320530
-0.04768507
-0.03027231
-0.05512595
-0.04754849
0.03571839
-0.03371843
-0.00113063
0.01018505
0.01257268
0.01024464
-0.02001012
0.01447477
0.03458078
0.02646768
-0.00189307
-0.00768811
-0.03031000
-0.01315110
-0.02314384
-0.04273228
-0.04375293
0.01329095
0.00555029
-0.03636408
-0.00606417
-0.00588698
-0.02043172
0.05057241
-0.00823149
0.01892419
0.03907963
-0.05237644
0.00876791
0.04867030
0.02823657
0.03585562
-0.00380664
0.04957848
0.00741891
0.01626448
-0.02323797
-0.04859821
0.04351953
0.03870399
0.03870114
-0.04271698
0.02466884
-0.03676507
-0.02446030
0.00745995
0.00614413
-0.01555399
-0.02668116
-0.01420148
-0.02645660
-0.00893307
0.04322106
-0.04501900
-0.00080160
-0.00653612
-0.01006427
-0.03030387
-0.01571999
-0.01981528
0.05370444
-0.05037983
0.01289974
-0.01180987
0.03969171
0.01011768
-0.00804440
0.02251274
-0.04364160
0.03373146
0.00862048
0.01174089
-0.01017556
0.00741304
-0.04493344
0.01518310
0.01775617
-0.00905630
-0.00087912
-0.05012899
0.02651900
0.00331786
-0.03568408
-0.04461105
-0.01996726
-0.04622298
0.02377466
-0.02969778
0.02003243
0.05791331
-0.03629895
-0.04901151
-0.02686360
-0.00261092
0.04535025
0.02633366
0.02248934
-0.02641267
0.03362409
-0.05242538
-0.00199568
-0.00804123
-0.02524603
-0.02556589
-0.02642985
-0.03063273
-0.02558971
0.01660889
0.01995611
-0.04802685
0.01512751
-0.00240285
0.03824354
-0.03233120
-0.01461802
-0.03829048
-0.02721371
-0.02961189
-0.01356433
0.01937957
-0.01540771
-0.00988327
-0.00588756
-0.04923444
-0.02543854
0.02225185
-0.01594760
0.01539436
-0.00336823
-0.00052235
-0.00431203
0.02095515
0.03516911
0.03776721
0.05571769
-0.03035596
-0.05932459
-0.04605672
-0.03710673
-0.04918645
0.00566018
0.00621645
-0.00966032
-0.02446270
0.02709071
-0.01244058
0.04536216
-0.00597501
-0.01763133
-0.00756674
0.02434437
0.00782315
-0.03856578
-0.00628596
0.00696484
-0.03792791
0.02064864
-0.03356689
-0.02108663
-0.01222456
-0.02312213
-0.03507239
-0.02574643
0.02811246
-0.04403587
-0.00596408
0.03920493
-0.02340946
0.04640258
0.04447477
0.01376572
0.02309083
0.03976198
0.02291777
-0.05522157
-0.04336364
0.02351447
-0.02248588
0.02539021
-0.01812122
-0.01818467
0.04716168
0.03001425
0.03528734
-0.00544117
0.04481213
0.04077347
-0.01526482
0.02099598
0.01395059
0.02518382
-0.03468477
0.03984553
0.02856964
-0.02031606
-0.01751775
-0.05135664
-0.05465200
0.00834284
-0.01243609
0.01033157
-0.00528042
-0.00418725
-0.03476185
0.00511820
-0.04754877
-0.05497994
-0.01812130
-0.00570220
0.01690002
-0.02411696
-0.03752782
0.02986494
0.02170040
0.02473747
-0.00921443
0.00146264
-0.04196147
0.02771017
0.04996832
-0.02142443
-0.03906622
0.00240717
0.02759900
0.04878065
0.01820519
0.00850861
0.03474355
-0.03366378
0.01374758
-0.04473816
-0.03131606
0.03922820
0.01034290
0.03438950
-0.03218184
0.01774988
0.05667086
-0.03403428
0.00107636
-0.03863191
-0.01539334
-0.03012127
-0.09623837
0.01143112
0.02466135
0.03102861
-0.02384927
-0.01277230
0.05440134
0.05029996
0.01421974
-0.04399822
-0.07450444
-0.00703586
0.04835486
0.03267174
0.01656700
0.04520468
0.00697055
-0.02416714
0.03688499
0.02043618
-0.04128017
0.02175069
-0.10873418
0.03008012
0.01696900
-0.05315919
-0.03814380
-0.01572537
-0.06833230
-0.04302678
-0.01356789
-0.04243585
0.06610139
0.06552268
-0.00248809
0.08772873
0.00498081
-0.03218153
0.01388862
0.04902557
-0.01189643
0.02134792
-0.00023705
0.04709420
0.06178965
-0.05444197
0.00192077
0.04629518
-0.02297295
0.03604775
-0.03988815
-0.04164397
0.04665938
0.02793115
-0.08065363
0.01571375
-0.05452085
-0.00337716
-0.02745203
0.00318169
-0.02456174
0.00911386
-0.08787948
0.05324043
-0.05267471
-0.08793490
0.04782802
-0.00984352
0.05679238
-0.04213805
-0.04081645
-0.06182092
-0.02172584
0.00579229
0.05878977
0.05252172
-0.02669705
0.04769445
-0.03348260
-0.01621059
0.03031764
-0.06505576
0.11335517
0.01735350
0.03349288
0.04592824
-0.02249274
-0.04033535
0.00190264
0.04190343
0.06374588
-0.01125312
0.04124215
-0.05672672
0.09601130
-0.04237994
-0.02703320
0.00678573
0.03170681
0.05019681
0.02309849
0.02808267
0.00935949
0.03103079
0.03772242
0.02131385
-0.05227412
-0.00606339
0.02655735
-0.06315953
0.01719060
0.07694402
0.05672312
0.05595990
0.06795707
-0.03806169
0.04077189
0.00089383
0.09163411
-0.04418606
0.01904953
0.06401299
-0.03936055
-0.00601675
-0.02481240
0.04586629
0.00229558
-0.03583771
-0.01048482
0.01053610
-0.06786665
0.04230256
-0.04924424
-0.03107414
-0.00086885
0.02735171
0.05139240
-0.01654177
-0.06701046
-0.06450001
0.00063916
-0.02901568
-0.07400042
0.06893484
-0.03751951
0.03377523
0.06819016
-0.02111286
0.05381851
0.04348565
-0.05101657
0.03554431
0.02183858
-0.01553286
-0.05045517
0.01813932
-0.00344375
0.04404816
0.01356148
-0.01455602
-0.01761898
0.03117442
-0.01042467
0.05697447
-0.09692764
-0.00581789
0.02170725
-0.02405684
-0.05481644
-0.03589376
-0.07493384
-0.05216378
0.08664384
0.01145355
-0.00282504
-0.02830957
-0.00686486
0.04009787
0.00320324
0.00414864
0.02010236
0.03121965
0.00066683
0.02274949
0.04458283
-0.00390047
-0.04369128
-0.00244110
-0.01584815
-0.02822038
-0.01612647
0.00929290
-0.00084581
-0.06449766
-0.02754713
-0.00081343
-0.04955922
0.06770801
0.03382933
-0.00436857
0.01573875
-0.02660465
0.12845050
-0.04923434
0.02930868
-0.03303876
0.03803451
-0.05205439
-0.02581856
0.03505930
-0.04400906
-0.00629254
-0.05492306
-0.07381104
-0.10096230
-0.04204290
0.06234012
-0.00726317
-0.02382726
-0.01091876
-0.05947572
-0.05019453
0.01732724
0.07961282
-0.01736847
-0.03540042
0.06375566
0.01022443
0.06551377
-0.04271571
0.02712339
-0.01638523
-0.04648399
-0.01232597
-0.06178999
-0.15576024
-0.09421492
-0.00544816
0.00238955
-0.02118016
0.07887658
-0.00338945
0.05849835
0.12021838
0.07591011
-0.03725752
0.04568841
0.04469743
0.02472749
-0.01989730
-0.05481121
0.08070928
0.03170849
-0.02798543
-0.07541338
0.05728119
-0.01831384
0.02368682
-0.06952601
-0.04370108
-0.06172933
-0.00491759
0.00104009
0.02126381
0.01739095
0.09019591
0.06246638
0.01944005
-0.02386513
0.05697369
-0.05692335
-0.03953886
0.05546754
0.02242009
-0.08888681
-0.08431078
-0.03653788
-0.01016005
0.06908958
0.01667143
-0.04905448
-0.01162638
-0.03469318
0.02843763
0.07284734
0.05174449
-0.03054434
0.00738937
0.05463296
0.02628672
0.02470104
0.02418597
-0.03975756
0.00814401
-0.05171091
-0.01180066
-0.00084495
-0.06673388
0.02543867
-0.00428086
0.06844979
-0.02134326
0.00469213
-0.00289277
-0.03319634
-0.02311087
-0.01458493
0.00137140
-0.05521591
-0.01364895
0.05223006
0.10716214
0.09364200
0.03862528
0.01161222
0.02522072
0.03858604
-0.02941603
-0.02685402
0.10389338
0.04948478
0.09095112
0.02538293
-0.02761536
0.05103472
0.00452316
-0.07295386
0.03828377
0.00018730
-0.05628021
-0.02259138
0.06429064
-0.05771828
-0.01452197
-0.03199903
0.03966334
0.15121903
0.03519232
0.14640927
0.00038019
-0.04054710
0.08332469
-0.03384864
-0.02140138
-0.05476845
-0.00019675
-0.05089074
-0.02306797
-0.01552441
0.00312789
-0.06029235
0.03279871
0.02762474
0.00389994
-0.01839047
0.10204161
0.00216924
-0.07713221
-0.06589331
-0.01171290
-0.03991344
-0.01950694
-0.01184381
-0.05932765
0.01696714
-0.02180466
-0.07243068
0.05588428
0.00929438
-0.05021912
-0.01471102
0.01067155
-0.06566296
0.03825507
-0.07470502
0.08159316
-0.02182732
-0.06902633
-0.00943970
-0.04574538
0.01436797
-0.03528776
-0.04645092
-0.03771663
0.05609810
-0.06026500
0.06916888
-0.04264109
0.02594636
-0.04357553
0.00777305
-0.03561607
0.00785785
0.08933539
-0.08311546
-0.07527330
-0.02492504
0.03298894
0.01914464
-0.01927152
0.02205338
-0.07389680
0.06106520
-0.06739081
-0.02735368
0.00563589
-0.08527673
-0.04522326
-0.04309205
0.04866284
-0.05640697
-0.04998522
0.09619224
-0.09004211
-0.06240148
0.00560474
0.00382574
-0.00115742
-0.03687107
0.03234538
-0.08149226
-0.00461418
0.02776798
-0.00403659
-0.05173095
0.09000901
-0.06655076
-0.02944566
-0.07884486
-0.01768501
-0.03570402
0.08281138
0.02995501
-0.03984067
0.05859126
0.02604927
0.02659865
-0.03387019
-0.06143483
0.01556254
-0.04514699
-0.03234297
0.03386647
-0.01896197
-0.01891921
-0.01318958
-0.01797533
0.07522960
-0.00047437
0.01048500
-0.01218018
-0.00185501
0.00376337
0.09503007
-0.04592274
0.00162333
-0.08541351
0.01189239
-0.03468693
0.00058376
-0.09800681
-0.01774027
0.02113437
-0.02560196
-0.01161920
0.00913204
0.09258828
0.05536139
-0.05287665
-0.01833166
-0.01455467
-0.01168352
0.06184938
-0.00979635
-0.03310765
0.05011455
-0.01013787
0.02317381
-0.02229070
0.04176028
-0.01628879
0.02143975
0.02535136
-0.08768622
-0.09273212
0.03475282
-0.00721753
0.03233107
0.02328555
0.10545427
-0.02020219
-0.03022244
0.00106892
0.00008253
-0.04775038
-0.05862333
0.06342632
0.07629438
0.13105577
0.14845867
0.10280056
-0.00728218
-0.02985992
-0.01066377
-0.00237034
0.02973364
0.04282270
-0.12865610
0.01734597
0.08336093
-0.04976684
-0.03238369
-0.07726717
0.03044363
0.12929939
0.01368065
0.00896009
-0.03397822
0.05976570
0.04516689
-0.00397697
-0.07030738
0.09390209
0.15726617
0.03848827
0.05375309
0.08561050
-0.04518333
0.13392173
-0.01887682
0.07798441
-0.08424652
0.20568316
0.01506786
-0.06982676
-0.00532214
-0.04335755
-0.12274519
0.05131099
-0.07126760
0.01655528
0.11656357
0.07600280
-0.07711807
0.00367303
0.02988665
-0.00301888
-0.05013273
-0.07167459
0.06351834
-0.00139944
0.02755309
-0.02202708
0.05165254
0.01624906
-0.01077549
0.01968152
0.01317147
-0.00670510
0.04948981
-0.02935789
-0.01800465
-0.16036865
0.03876760
-0.10559891
0.14091121
0.07865548
0.01201880
-0.07617904
-0.00429586
-0.03122559
0.09892210
0.01859912
-0.02807394
0.01550309
-0.05920362
-0.02173442
-0.06882142
-0.03729976
0.00719841
-0.00354673
-0.06817753
-0.07834068
-0.05909434
0.00039815
0.09868065
0.05581003
0.08588395
-0.07355530
0.00373388
0.10226543
-0.03662853
0.03080645
-0.08429992
-0.01010397
0.19738279
-0.00162478
-0.08181646
0.12335484
0.05583379
-0.06229535
0.06024614
-0.13801393
-0.06256160
-0.05086041
0.15339205
0.06697121
0.02223271
0.10666158
-0.01349288
-0.08722462
-0.06208481
0.05600703
-0.04201800
-0.08776387
0.00240611
-0.03333561
-0.13312264
-0.01545604
0.11581048
0.02186389
0.13410668
0.06237726
-0.10367816
-0.00485180
0.01051473
-0.02776894
0.05746687
-0.01580610
-0.01609422
0.04664360
0.14172257
-0.05857303
-0.00279169
-0.01011412
0.01878780
0.03984496
-0.07894134
-0.00843670
0.13435350
-0.00319418
-0.07748350
0.06967842
-0.01514366
0.03754312
-0.02019341
0.11172990
-0.04654489
-0.03227865
0.02174199
0.10157164
-0.02544515
-0.00274738
0.00567579
0.01450952
-0.05968920
0.05195372
-0.04005387
0.10885530
0.17960921
-0.00052131
-0.08870421
0.09842267
-0.02006058
-0.06532623
0.12309179
0.04845511
-0.04787844
0.09663482
0.03145204
-0.01853674
-0.05035106
0.02084464
-0.02783709
-0.02542508
-0.08075622
-0.06858301
0.01275842
0.04210504
0.02178163
-0.01861906
-0.03207884
-0.14220299
0.07650524
0.11965713
-0.04488079
-0.01610943
0.09178208
-0.10257363
-0.03062899
0.04522208
-0.01311088
-0.05239170
0.03909914
-0.12985194
-0.03521298
-0.04622154
-0.00074582
-0.04415748
0.07799049
-0.17760897
-0.03335379
-0.07136583
0.05846753
0.01008713
0.10866766
-0.06061158
0.02283916
-0.05219989
-0.06209698
-0.05111713
0.16109434
0.02812375
0.00906691
-0.13140570
0.00740069
0.11109389
0.10643315
-0.08177572
-0.04573473
-0.05457951
-0.01791370
-0.05792943
0.10918622
0.07605527
0.01480212
-0.06185973
0.16065596
0.03587991
0.10251917
-0.00866729
-0.03673895
0.05158374
0.00158601
-0.12713327
-0.04232027
0.08842510
0.04392675
-0.07103961
-0.01530237
-0.04164484
0.03609392
-0.11191009
-0.04249220
0.00679530
-0.01673132
0.06675413
-0.04258732
0.15351960
-0.07346524
0.00489589
0.05615903
0.10679398
-0.03687229
-0.05597297
-0.07983088
0.03497004
0.08632676
-0.02551035
0.04594127
0.08610882
0.06718432
-0.08638831
0.09067694
-0.05129237
-0.06919929
-0.09187718
-0.02433750
0.07157286
0.03059481
-0.04497704
-0.05339323
-0.04218626
-0.11020178
0.08434745
-0.02998094
0.09338968
-0.00746322
0.02208971
-0.03446519
-0.01447893
0.00415712
-0.02445107
0.03539221
0.02640676
-0.03901419
-0.03517627
-0.03369633
-0.02927237
0.02791403
-0.04192970
-0.09012984
-0.00170955
0.03591610
0.06757018
0.05413461
0.06948808
0.04036319
-0.02096665
-0.03515352
0.02713577
0.05604936
0.00822045
0.03810127
0.00961779
-0.05810370
0.03000471
-0.01270385
-0.02481169
0.09078081
-0.02451672
-0.02709696
0.07023580
-0.00602106
-0.01696315
-0.03038518
-0.03919191
0.00208873
0.01335233
0.00608463
0.07123308
-0.05905755
0.01656421
0.10056063
0.04435730
0.02378676
0.02389442
0.00085711
0.02905848
0.00195288
-0.06376953
0.03914981
-0.05104852
0.02690253
0.00416507
0.04172544
0.07540064
-0.03129158
-0.06173508
-0.02165767
-0.02652744
-0.01986636
0.03167491
0.02972426
0.00421529
-0.02442046
-0.04355075
0.01075110
-0.00819916
0.05813295
0.10158566
-0.09673487
-0.04700834
0.02983684
-0.06695589
0.02135624
-0.02948766
-0.01684545
-0.10523498
0.02387576
0.07746524
-0.03163626
-0.03637003
0.02260407
-0.01217038
0.04571132
-0.08449384
0.05233879
-0.00800316
0.02856630
0.05229364
0.00299544
-0.03712728
0.05900777
-0.04393080
-0.06435090
-0.03498107
-0.02839478
-0.06983784
0.04595681
0.03442062
0.00569697
-0.00645096
0.01537338
-0.03996909
0.03686087
-0.00398837
-0.02621047
-0.01007264
0.03350284
0.04171802
0.04025784
-0.01199214
-0.04131096
0.03797833
-0.06756364
0.03280421
-0.04034575
-0.01194044
-0.03695858
0.00910618
0.01505958
-0.00106015
-0.04214109
-0.02572176
0.05716042
0.05911377
-0.01215132
-0.02410913
0.00195122
-0.01452580
-0.05014642
-0.03485586
-0.05292574
0.02974103
-0.04784196
0.04007549
-0.00915342
-0.05263208
-0.01681010
-0.02986602
-0.02353406
0.02821831
-0.01071666
0.07723425
-0.06077754
-0.02514528
0.01327210
0.02482931
0.09744990
-0.03031945
0.11246819
-0.00349896
0.02276196
-0.04208342
-0.04837397
-0.07371413
0.10545929
0.00048952
0.00387128
0.03341973
-0.04529321
0.04166400
-0.01833569
0.01658898
-0.02978165
0.02822180
-0.01947176
-0.05241710
-0.03928223
-0.00008462
-0.02212478
-0.01746680
0.03464339
0.02589281
0.00614220
0.05677490
0.01943957
0.04763467
0.00618017
-0.02151833
-0.00443032
0.01102831
-0.00781645
-0.02961228
0.07084961
0.03031901
-0.05803601
-0.04842720
0.03393260
-0.01791805
0.01519225
-0.07205869
-0.02504716
-0.03294748
0.01070797
0.00370998
-0.00013678
0.04227206
0.03226639
-0.03027895
-0.09867255
-0.06337432
-0.03912437
0.10037000
0.02831538
-0.01526356
0.04171758
0.03401810
0.05673154
0.05225974
0.06752206
0.01850287
-0.02973942
0.04605625
-0.02780875
0.00538846
0.04665210
0.03533582
-0.04015265
-0.00497310
0.02961577
0.00742192
0.05125924
-0.02725327
-0.01171157
-0.06659346
-0.05679059
0.05152990
0.03557747
0.09758376
0.07301739
0.10514700
-0.04887545
-0.00663452
-0.03310808
-0.07479968
0.01361185
-0.06740864
-0.04599155
-0.05617224
0.04635052
0.00131771
-0.03579215
0.07598259
-0.06291173
-0.07346097
-0.02026935
0.10215207
-0.00505830
0.00249727
-0.02875380
0.06263816
0.04603192
0.05608517
-0.12337915
-0.05263823
-0.02531607
-0.01766131
0.02334001
0.01642588
-0.00609143
0.00630764
0.06636091
-0.05459074
-0.07384992
-0.00473548
0.01122409
-0.01388570
0.06017480
-0.06648974
-0.02752697
-0.01486959
0.05223848
0.10019930
-0.00408610
-0.09247322
0.10845059
0.08572860
0.03228345
0.06741180
-0.01305919
0.00029340
0.08819532
0.12704001
0.17893387
0.03758859
0.03244660
-0.07197745
-0.02520956
0.12455326
0.05511927
0.04004655
-0.01968866
0.00821178
0.02322316
0.05838569
-0.03898428
0.01274809
-0.03619817
-0.08160596
0.01943238
0.02442832
0.01599463
-0.03501436
0.06623138
-0.09587952
-0.01397029
0.02670872
-0.08563322
-0.03802221
0.07584521
0.03066688
-0.04823099
-0.04521887
-0.07995384
0.06456660
0.11297369
0.00091222
0.15674365
0.00306175
-0.02351679
0.01103854
0.00658358
-0.02036161
-0.05984781
-0.04747728
-0.11101061
0.01220828
-0.04496072
-0.00251534
-0.00757906
0.01632616
0.01635579
0.02664126
-0.05067971
0.00898629
0.04052594
-0.05182724
-0.04115183
0.04997057
0.04498743
0.05237329
-0.07374995
-0.01530759
0.01383735
0.19670482
0.03381038
-0.03595949
-0.03654309
-0.00471193
0.07729487
-0.02577365
-0.12203969
-0.01587180
0.06580312
-0.05465721
-0.03004679
0.01262884
0.03943522
-0.04466456
-0.02749474
0.02283807
-0.04743193
-0.04019641
0.10234158
-0.04364459
-0.02872674
0.03370950
-0.01772890
0.04457961
0.04875963
-0.02801881
-0.01702614
-0.00442672
-0.00437749
-0.05780331
-0.04066455
-0.02231645
-0.03688554
0.09788980
0.05680595
0.05362090
0.01535808
-0.00265076
-0.03725870
0.02099193
0.01786773
0.03201029
0.06087394
-0.02648910
0.09266087
0.01529682
-0.03354980
-0.07733909
-0.04947246
-0.08225334
-0.00056303
-0.04546894
0.01503873
0.10276312
-0.00060176
0.04632159
-0.01691969
-0.04524174
0.06775302
-0.01453534
0.04634444
-0.10719346
0.00350303
0.02795580
0.02976023
-0.01569065
-0.01556543
-0.07809712
-0.05197140
0.07754121
0.00798717
0.02908866
0.05343540
0.04573171
0.09116725
-0.10305107
0.05046957
0.02766350
-0.06538717
0.04404810
-0.08069828
0.00670478
0.00605967
-0.12471537
-0.11484735
0.02187882
0.02474229
-0.02002500
0.05472045
0.06341290
0.05774486
0.12368310
-0.01477451
-0.04107041
-0.01897717
0.02021191
0.04159868
-0.08588706
0.03266593
0.02621028
0.02377689
-0.02620652
-0.04388319
0.06918572
-0.00390628
-0.01118226
-0.02229742
-0.09311508
-0.12652203
-0.09577629
-0.00834623
-0.08967607
-0.04527654
0.02562987
-0.06591661
0.03212569
0.04279786
0.04168883
0.02480529
0.03181986
0.08631269
0.04993645
-0.06798130
-0.02801009
-0.10421246
0.12629418
0.01886719
-0.01981884
0.00874683
-0.00457589
-0.14684446
-0.02331177
-0.02764472
0.06476187
0.00630993
-0.08065467
0.05813375
-0.01925896
-0.01555584
-0.03796847
0.00412832
-0.09462213
-0.01288150
-0.00804562
0.01654177
-0.10185090
-0.00914923
0.02499557
-0.01684463
-0.01695177
0.03357216
-0.02093628
-0.03020448
0.02061596
-0.00488122
0.01486417
-0.04866542
-0.04000118
0.01962017
0.00494685
-0.04838909
-0.01922268
0.04193741
0.02424587
0.04754780
0.00927362
-0.02272327
0.02707816
0.03610682
-0.04250670
-0.00485499
-0.02826838
-0.01221843
0.05695304
-0.01869438
0.00236005
0.01176178
0.04091339
-0.03985668
-0.05096098
-0.02500726
-0.00730556
0.01832895
-0.03054429
-0.04261184
0.03622061
0.03629750
-0.04115394
-0.00284185
-0.05084882
0.04669828
0.03158710
0.03198460
-0.02928987
0.04751926
0.03398239
0.01537059
0.02675391
0.04517302
-0.03706931
-0.01544872
0.02933885
-0.00037616
-0.02090595
0.02373635
0.00989987
-0.01351156
-0.02364284
0.01286884
0.03438338
-0.04004156
0.03165845
-0.00190383
0.02756774
0.03436396
-0.02231870
-0.02511574
-0.03293292
0.01512162
-0.02410280
0.04620108
-0.00920498
0.03554477
-0.01525627
-0.01658846
0.01487995
0.02709947
0.03414494
-0.00964328
-0.04967195
-0.01801658
-0.05473533
0.03646913
0.00580276
0.01359519
0.06161947
-0.02753622
0.04116667
-0.02118671
0.03206304
0.02793666
0.01919346
0.00894407
0.04884305
-0.00077645
-0.04258424
-0.02973053
-0.00009425
0.00253179
0.02054185
-0.04510454
0.03051524
-0.01774144
0.05005122
-0.03919204
0.00539413
0.01363434
0.02546352
-0.03156768
0.04458187
0.04138255
0.02396549
-0.01349134
0.00897248
-0.03828679
0.01040309
0.04233626
-0.02900920
0.00596762
0.03478580
0.02954485
0.01459481
0.04978270
-0.02483871
-0.04301916
-0.04453247
0.03639059
-0.00780378
-0.02859754
-0.00573887
0.01127825
-0.05189043
-0.02741118
0.01710971
0.01361244
-0.04248527
0.02174160
-0.03968513
0.00300034
0.04267624
-0.02424287
0.00505552
-0.04558158
-0.03247628
-0.03938663
0.00170712
-0.01554947
-0.00056198
0.00412197
0.01647976
0.04227982
-0.00205135
0.03325818
-0.03981296
-0.00694535
0.00679230
-0.01423856
0.00950388
0.02598176
0.02362819
0.00559115
0.01322176
0.00142450
-0.01333486
0.00087201
0.03298941
0.02315036
-0.03186206
-0.00265887
0.01716351
0.03453790
-0.01391383
0.03249357
-0.03836492
0.03821963
-0.05858028
0.00087189
0.01325389
0.00326058
0.01845150
-0.02508724
0.04459069
0.00911738
-0.02913825
0.01552020
0.02032765
0.00346501
0.02637107
0.04230615
0.02085583
0.04721019
0.02559476
-0.00658881
0.02967011
0.00632999
-0.04107162
0.02999564
-0.00952137
0.01329758
-0.01607481
-0.04972777
0.02152766
0.04212794
-0.00204618
0.03430978
-0.02125559
0.04452494
-0.02099843
-0.04019698
0.01687131
0.01685629
-0.01603337
0.00752269
0.00024686
-0.00441381
-0.00106150
0.02989966
-0.05564391
-0.02949199
-0.03700802
-0.02829596
0.02207463
-0.01297092
-0.04366510
-0.03067597
-0.05371167
-0.03105833
0.03154958
-0.00279255
0.01642725
-0.03126092
0.01955000
0.02230152
-0.00343794
-0.01189926
0.00455441
-0.00067610
0.00383228
-0.01136055
0.01644128
-0.04090610
0.02366042
-0.02104072
0.00666939
-0.04695636
-0.04099553
-0.03876465
-0.00310668
0.03920640
0.01538235
0.03561300
0.05587268
0.02286772
-0.00441557
0.03776271
0.02469754
-0.02941455
-0.01002880
-0.05629251
0.02731274
-0.01467608
0.06798889
-0.01704747
-0.03242551
0.03185090
0.01369999
-0.03427873
0.00541551
-0.03953696
0.04506585
-0.01679214
0.02183222
-0.05195039
-0.00230338
-0.01696735
-0.00114333
0.03460908
0.00868256
0.00265516
-0.01015648
0.02140837
-0.00229377
-0.01910262
0.02859267
-0.01372517
-0.04329905
-0.02649619
-0.05674820
-0.00283607
-0.00773468
-0.00855075
-0.03765691
-0.04706690
-0.00583360
-0.02954872
0.00358083
-0.02494139
0.02446152
-0.03212889
-0.02989859
0.01602470
0.03712706
0.01895869
-0.01346325
0.01003934
-0.02320616
0.00250445
-0.02076518
-0.00240604
-0.03201931
0.03186981
0.02348787
-0.04098299
0.00930850
-0.00537450
-0.03644306
0.00400303
0.01868808
0.02631235
-0.01810840
-0.02548322
0.02065319
-0.02555454
0.05082430
0.01497280
0.04607908
-0.02118834
0.05118476
0.04744791
0.01485853
0.03636734
-0.00986903
0.02627522
-0.03715510
-0.01740110
-0.04160810
-0.03374194
-0.06005895
0.01561033
-0.06239033
-0.03513009
0.02062416
-0.03006444
0.01183886
0.01786975
0.02207650
-0.03299073
-0.03212887
-0.02057090
-0.02984957
-0.04297487
-0.05010465
0.02938122
0.02040057
-0.00807573
-0.05397958
0.04690698
-0.01187567
0.00919761
0.03084399
0.01369874
-0.03020819
-0.04910478
-0.02162902
-0.01265362
-0.04849891
0.01602966
0.00032052
0.00516120
0.02661181
-0.02649175
0.06213276
0.02283133
0.02911304
-0.05054007
0.03374514
-0.02536708
0.05616445
-0.00725083
0.01804925
-0.01109295
-0.03382864
0.04584890
-0.04086671
-0.02235950
0.03256826
-0.04515679
0.01890226
0.02322487
-0.02368112
-0.02273281
-0.05089265
0.03087080
-0.00822490
-0.03837409
-0.01273072
0.01113293
-0.01775801
-0.04904005
0.01975614
0.01165730
-0.00037368
-0.02875482
-0.00692959
-0.02097789
-0.03442524
0.01540214
0.04411373
0.02367561
0.04398418
0.02542469
-0.00561448
-0.04038066
-0.03896276
-0.03962247
-0.01042660
-0.01531131
-0.05183606
-0.00663241
-0.03344012
-0.06343441
-0.00734232
-0.01155969
0.03500865
0.03630998
-0.03607089
0.03073338
-0.04154227
-0.00959600
0.04001314
-0.01185826
-0.01155741
-0.03978294
-0.00463977
-0.04699307
-0.03204811
-0.01041888
-0.03026270
0.00085261
-0.01506486
-0.03306715
-0.00472116
0.01644913
0.03208863
-0.05180584
0.02690724
-0.03418828
-0.00868944
0.01495437
-0.02722340
-0.03739454
-0.04786373
-0.01242046
-0.02419633
0.01220302
0.02910208
0.01492782
-0.00398157
-0.05884176
0.07380013
0.01759405
-0.02757927
0.02357488
0.00120495
-0.02783095
-0.03552896
0.03899943
0.00976548
0.03877906
-0.00048836
-0.02850369
-0.03994882
-0.02810347
0.01851190
-0.03092409
-0.01292485
-0.04862247
0.00278345
-0.04680407
-0.02536822
-0.01475357
-0.05947811
0.03577059
0.01079786
-0.01738972
0.00638870
-0.03235182
0.01714994
-0.00683211
0.04071553
-0.01038624
0.00900850
0.03766974
0.04041646
-0.01301025
-0.02378743
0.02749531
0.01891279
-0.01941434
-0.04460698
0.05657869
0.03021494
0.01525427
0.04605310
0.01056033
0.03141610
-0.03623480
-0.04746991
0.02294621
-0.00478565
-0.01243353
0.00705401
0.05809680
0.01292943
-0.02664757
-0.07708810
0.03903312
-0.01053461
0.02063596
-0.02655367
-0.04407384
0.04381460
0.05367856
-0.01717780
-0.03034748
0.03152442
0.02102111
0.01184162
0.05595468
0.03815698
0.01830266
0.01785804
-0.02803023
0.04574577
-0.02960199
-0.00569927
0.03164726
-0.02803135
-0.06168046
-0.04063744
-0.04741622
-0.02001118
0.06060755
-0.03140895
0.08900135
0.03324566
0.01460942
0.01013278
-0.00940058
0.01743625
0.04699116
-0.02590301
0.02647125
-0.03150754
-0.00254081
-0.03062589
-0.03557608
-0.02316197
0.02277196
0.05142177
-0.02483694
0.00541012
-0.02262959
0.00368454
-0.00995390
-0.08395902
-0.00098032
-0.02034276
0.02722974
-0.02164496
0.03541266
0.05342155
0.01397055
0.03936088
-0.00244110
-0.03412649
-0.05453914
-0.03938195
0.03056421
-0.09122352
0.05446564
-0.02489875
0.00709324
0.05462092
-0.06249639
-0.07708500
-0.00034594
-0.02432168
-0.00011999
-0.02330061
0.02169444
0.00618733
-0.00304599
0.03400911
0.03327313
0.04143088
-0.03342354
0.11304858
0.07972357
-0.00222244
-0.00394276
0.02381741
0.00990440
0.02357472
0.00415230
-0.06640253
0.04135325
0.07049321
-0.02744896
0.00898195
-0.03179098
0.02414248
0.04362692
-0.06070698
0.05337162
0.02482918
-0.01402745
-0.05837103
0.00925503
-0.01914319
-0.01357038
-0.02632622
0.00655637
0.02147696
0.03147519
0.04708701
0.02851463
-0.03216218
-0.02279096
-0.00598100
-0.02695698
0.02169253
-0.02272893
0.03669646
0.10336450
0.03016044
-0.03455753
-0.04414952
0.02545931
0.00829868
0.02301484
-0.00184313
0.05328605
-0.06118102
0.02921097
-0.09086376
-0.05116175
0.02237360
-0.02773841
0.04800452
0.03075969
-0.03599437
-0.01437133
-0.01409186
-0.02049769
0.04117090
0.03891743
-0.02458576
0.02696509
-0.03021827
0.02511184
0.04040691
-0.02441063
-0.03369983
-0.01576777
0.05615238
0.04252204
0.08364170
-0.04648567
0.05858779
-0.03356827
-0.01333817
-0.09969952
0.01109342
-0.01663296
-0.02387020
-0.03243784
-0.02447726
0.01340959
0.03856669
0.02851293
-0.03776879
0.03236758
-0.08106673
-0.00335768
-0.07287974
-0.01548763
0.04283933
0.03073140
0.02628181
0.00455990
0.02375275
-0.05920517
0.07993425
0.04094343
-0.01598758
-0.03228540
-0.05946214
-0.04483533
0.03584751
0.02584714
0.06237602
0.07639848
-0.03336204
-0.00788923
0.05837528
0.08741087
-0.06018903
-0.04095691
0.05155974
-0.00977616
0.02954665
0.03249835
0.01855016
0.04487431
0.02768691
-0.02768091
-0.03145630
-0.01710533
-0.00307611
0.00948999
-0.03164088
-0.03770455
-0.02064313
0.09747370
0.05947081
0.09153958
0.00201046
-0.06780436
-0.00263351
0.00204646
0.05360131
-0.04200165
-0.00522282
-0.03771961
-0.06468131
-0.01340125
0.03192871
0.06927250
-0.00095280
-0.04643774
0.06890249
-0.02629115
-0.09605227
0.01379249
-0.07823342
-0.01170184
0.03398036
0.09429397
-0.01707576
0.01654157
-0.04971049
-0.01925231
0.01791800
0.00798890
0.12239706
0.04555006
-0.01129352
0.07710471
0.04767684
0.04765913
-0.01981007
0.04178733
0.04131066
0.04947117
-0.00920141
0.07929007
-0.01667389
0.03836968
-0.05969034
-0.05874965
0.02436237
-0.13168937
0.12309060
0.00524774
0.01501189
0.02874624
0.08701263
-0.04431128
0.02361957
0.04765499
-0.01585421
0.04142273
0.02812594
-0.00083121
-0.02543067
0.04462544
0.01573548
-0.02533196
0.06852576
-0.00003058
-0.06126164
0.06539841
-0.00932847
-0.08000532
0.01525591
-0.03602172
-0.07876009
0.03915746
-0.09370319
0.00212946
0.01970422
0.03971806
-0.02015122
0.04746775
-0.00485828
0.02685156
0.04858578
-0.05349680
0.03035388
0.00912569
-0.04312256
-0.01374703
0.03827345
0.01684659
0.07328314
0.05860439
0.00594537
-0.00272379
0.00046288
-0.01917231
0.00911249
0.02657585
0.13891654
0.03526317
-0.15871178
0.05174486
-0.09665263
0.02821901
0.02588860
-0.03454639
0.04746761
-0.02792509
-0.10091315
-0.10954170
0.06144494
-0.04348513
0.03687857
-0.01221462
0.06425440
0.10083909
0.09574549
-0.09062667
0.00146571
-0.05652991
-0.03183446
0.04619700
-0.06468805
-0.04050233
-0.19730498
0.05521099
-0.02230298
-0.03211296
0.03683701
0.02367506
0.08667196
0.06285503
-0.08133483
-0.07559492
0.12072244
-0.04417226
0.04255988
0.00867026
0.06261344
-0.05199413
0.10395066
0.03588784
-0.03324514
0.00127260
-0.06667824
0.07250174
0.02160814
-0.00232122
-0.00919121
0.01025099
-0.11072470
0.04074598
0.01710796
-0.02242542
-0.00679761
-0.07621877
0.16499421
0.11492227
0.12323440
0.01099987
-0.02614322
-0.11038440
-0.01876942
0.00346022
0.12718810
0.00338786
0.02757740
0.05811406
0.02470081
-0.04682723
-0.04781227
-0.09768996
-0.01561151
-0.03832370
0.02783684
0.09089538
-0.04922437
0.03108357
-0.05608948
-0.05686409
0.02733817
-0.00121951
-0.00950610
-0.02102662
-0.07549199
-0.07372024
-0.01740560
0.01739402
-0.05812576
0.01205456
-0.06137352
-0.06542337
0.06643520
-0.02255502
-0.05255735
0.12874992
0.00113343
-0.00952846
0.04179721
0.09241315
-0.06979446
-0.04712651
0.00284429
0.02759726
-0.15563402
0.02791034
0.03628061
0.03741980
-0.00258940
0.01441205
0.01571038
0.06709981
-0.00809653
0.01766967
-0.01293461
0.08641411
0.05685600
-0.08463275
0.01236430
0.03898729
0.03084100
-0.01596553
0.11126442
0.02304120
-0.01251269
-0.04099143
0.03552127
0.00039005
0.04997041
0.07340441
0.07351504
-0.00510602
-0.00225846
0.00293832
0.19304374
-0.00411276
-0.00310589
-0.01325589
-0.07348172
-0.10557540
0.01988219
-0.03599204
0.07183000
0.11147991
0.00655649
-0.07337441
0.13716765
-0.02453006
0.03479678
-0.02877694
-0.00876542
-0.06277658
-0.06103321
-0.05488629
-0.00868765
0.11392527
-0.08486492
0.01342427
-0.01019317
-0.12280294
-0.00474603
-0.08096421
-0.03440490
0.02892052
0.00248180
0.05459301
-0.07045019
0.05816144
0.04328747
0.11388095
-0.06443288
-0.06009649
-0.04249626
0.06273930
-0.04579041
0.00593912
0.12568080
-0.00083093
-0.02198851
0.06426937
0.12165312
-0.15533638
-0.02772579
0.10848037
-0.02402791
-0.07795598
0.07393602
0.05411327
0.09766445
0.04310023
0.01752898
0.00462968
-0.05537824
0.03860959
-0.18898049
-0.04804585
0.05335772
0.08415416
-0.00266153
-0.02461748
0.06104450
-0.01617010
-0.01176750
-0.00195484
0.04535440
0.00256386
0.01605685
0.08769599
-0.04543617
-0.04085404
-0.02423065
0.04425449
0.03716031
0.03719660
0.03969963
-0.04672655
-0.00756162
0.04680292
0.01026656
0.04914386
-0.02450870
-0.00794078
0.02507265
0.02055351
0.00565517
0.00342639
0.02945583
-0.02972993
0.02512256
-0.00512665
0.00287026
-0.01628313
-0.05211312
-0.00257086
0.03936920
-0.05775768
0.02153237
0.05034363
-0.02764220
-0.01234346
0.03058411
-0.02799692
0.00999835
-0.03704657
-0.02913163
-0.05172832
0.03095905
0.06640127
-0.05363771
-0.04230824
0.05249472
-0.01514878
-0.01173822
-0.00071530
0.04096134
-0.03267707
-0.05742976
0.00421077
0.02900448
-0.00289877
0.02491280
0.03016651
0.00003399
0.03162821
0.01617257
0.01550969
0.06495188
0.00202087
0.00836404
-0.02854482
-0.01089162
0.06721704
-0.04332571
0.01430978
-0.02874770
0.03097193
0.03005945
-0.02384233
0.02013639
-0.01958560
0.00442178
-0.02182680
-0.06647689
-0.05172712
0.01546399
0.04459131
-0.00732117
-0.03051739
0.04652258
-0.00400530
0.00389024
0.00026240
-0.01252863
-0.04692652
-0.07546318
0.01725292
-0.02077978
0.03225428
0.06634957
-0.03892915
-0.04492719
-0.03141291
0.01964734
0.04012282
0.01103749
0.05215944
-0.05620385
0.01952551
-0.00499689
0.00891682
0.05756003
-0.01765557
0.04897112
-0.04377424
0.00604295
0.04462604
-0.00060988
0.01264825
-0.04935936
0.03973863
0.08853395
0.00202517
0.01851824
0.01910120
0.00459953
0.02618569
-0.01403569
0.02738663
-0.00237775
-0.00827997
0.04996185
-0.02391710
0.07421815
0.04150229
-0.01761672
0.03641628
-0.02317694
0.04832610
0.04749927
-0.07272819
-0.08619630
0.01488229
0.01699198
0.04661164
-0.01836218
-0.05634061
-0.05018643
-0.02673553
-0.06080074
-0.01251304
0.04713911
-0.00307777
0.01696443
0.00180382
0.00495933
-0.06428796
-0.01806481
-0.02712981
-0.04122914
-0.02442864
0.00838846
0.03046724
-0.04504008
-0.00693968
0.02415565
0.03338551
-0.05794644
-0.03598548
0.03094071
-0.01543568
0.07701638
0.06859957
-0.01383819
0.00387465
-0.04217618
0.01390683
-0.03637498
-0.04349805
0.00110734
-0.01259027
-0.05129867
0.06338939
0.04420264
-0.02621475
0.05620558
0.07539065
-0.02004682
0.01247514
-0.07057994
-0.01626591
-0.00307790
-0.00263913
-0.03416923
0.01227895
0.07213994
-0.04711173
0.00510595
-0.04655193
0.04433014
-0.02798247
0.00265428
0.02067829
-0.02798212
-0.00624143
0.04138498
0.02138514
-0.00897273
-0.01394744
0.02058520
-0.03657429
0.02746916
-0.02767488
0.00275419
-0.01023133
-0.01575747
0.06057626
0.02833794
-0.03490806
-0.00543220
0.06759107
0.01991702
0.06448705
0.00338785
0.01685202
-0.01002942
0.00952042
-0.04802953
0.01701508
-0.02138712
0.01206877
0.05825193
0.00550591
-0.00887551
-0.02777957
-0.01799443
-0.01551348
0.10873341
0.01099671
-0.00418705
0.00991996
0.02442731
-0.02668901
-0.05895197
-0.03583800
0.05962344
-0.00029423
-0.05269625
0.01773522
0.00191799
0.00260282
-0.05033562
0.01312572
0.02517230
-0.07008204
0.04266170
0.04522403
-0.00110752
-0.01714537
0.03907021
-0.00300055
-0.03001876
0.00446228
-0.03346997
-0.00707682
-0.00949328
0.01920860
-0.00457428
-0.02912880
-0.01524417
0.04790252
0.03791195
0.04736128
0.01562095
-0.02853811
-0.05337269
0.02649386
-0.01009697
-0.03767385
-0.02479226
0.00963817
-0.01454312
0.06495063
0.02797806
0.01487010
0.04547496
-0.02914231
-0.01504374
-0.01874444
-0.00048529
-0.01092507
0.05274182
0.00238995
0.04111429
-0.01643192
-0.02460241
-0.02574642
0.02754760
0.04102984
-0.02251267
-0.06360897
0.05011371
0.00749485
0.03392567
0.03439932
-0.02785790
0.01055071
0.01562089
0.00338610
-0.06292788
0.02659357
0.00770226
0.05377051
-0.04669439
0.02580524
0.03736507
0.01986996
-0.00762511
-0.00006026
0.02606846
0.02216050
-0.03293610
-0.01826452
-0.01073408
-0.04946393
0.04390343
0.01246092
-0.06167878
-0.06087852
-0.02465509
-0.00662095
-0.02939273
-0.01620914
0.03495459
-0.01803051
-0.04692439
0.01469094
0.05535623
0.01044181
0.03064282
0.00067583
0.04074731
0.02396016
0.00795719
0.02872989
-0.02238699
0.04087184
0.01939978
0.04294989
-0.03912997
-0.01867585
-0.05308105
0.04088264
0.06806602
0.03111569
-0.03312596
-0.02992612
0.00808117
-0.02138269
0.00645467
0.01915647
-0.03425872
0.00395827
-0.02820501
0.00456131
0.02561951
-0.03797473
0.03933227
0.04129767
-0.02878517
-0.01804770
0.01468191
0.03546802
0.03693643
0.02946429
-0.00501379
0.04752459
0.00928053
-0.04479144
0.00627275
-0.00752925
0.02877875
-0.02106444
0.03886973
0.05430557
0.02766221
0.03860101
0.00452952
-0.00558575
0.02689087
-0.00209136
-0.04847463
-0.03254588
-0.00932687
0.01079881
-0.03579701
-0.01001216
-0.01868785
-0.00961058
0.04745187
-0.02112201
-0.02089773
0.02450727
0.00556679
-0.01135442
0.04485857
-0.00030263
0.01966113
-0.02373564
-0.03419906
0.01651608
-0.02306795
-0.03260044
0.02831764
-0.05078238
-0.05447973
-0.04095590
-0.00655513
-0.03060116
0.01788991
-0.00540498
-0.01398844
-0.02680930
-0.01213969
-0.02334098
0.05018526
0.04787901
0.03679199
-0.04807566
-0.00325642
0.00146317
0.07191734
-0.04840154
-0.03703322
0.03743982
-0.01397395
-0.04882983
-0.04934561
-0.04105817
-0.02338102
0.00266636
-0.00646741
0.02050606
0.00654022
-0.00405308
-0.05553697
0.06837288
-0.08412923
0.04712308
0.01833477
-0.01775686
-0.05982460
-0.00245221
-0.03429179
0.02912356
0.02667627
0.02375661
-0.01503842
0.04404714
-0.01676195
0.03055127
0.00569416
-0.04722625
0.07286076
0.00793855
-0.04773850
0.02917279
0.03052997
0.06807070
-0.03064162
-0.00934769
0.03549793
-0.04175495
-0.04936055
-0.04348492
-0.03643242
-0.00320879
-0.03304078
-0.00670218
0.03906436
0.02551822
0.00546905
-0.03449070
-0.00373730
-0.03561231
0.00690017
0.01586561
-0.05633366
0.04669944
-0.02389339
0.03012839
-0.02086200
0.00537985
0.01706622
0.01720825
0.00263296
-0.04270415
-0.01112520
0.00425870
0.00206242
-0.00143182
-0.02703622
0.00253571
0.03323126
0.00836477
0.02010729
-0.01334136
0.02471570
-0.00481828
-0.05649170
-0.00493391
0.02312428
-0.00322087
0.04924224
-0.05164788
0.00773822
-0.00815384
-0.04499570
-0.02626780
-0.00918291
-0.00694251
-0.01312632
-0.01902692
-0.03882219
0.00056658
-0.07109606
-0.00209072
-0.01835157
-0.00278021
-0.02204631
0.03907759
0.03203100
-0.02417803
-0.02471231
0.05338994
-0.00667020
0.02139786
-0.01510697
-0.01670112
-0.03637047
-0.01473069
0.01370759
0.04762450
-0.05600979
-0.04087186
0.00870136
-0.04214237
-0.02459545
-0.03050067
-0.03088590
-0.04301509
0.01016599
0.00597605
-0.03199914
-0.07374398
-0.03511109
-0.01039168
-0.00386306
0.02371964
0.00958483
0.01175430
0.00636573
0.04619753
-0.00130943
-0.02259596
0.03993879
0.03771859
-0.04293583
-0.04360046
-0.04556559
0.02838710
0.01841903
0.02628418
-0.01042916
0.01155103
0.01646422
-0.01867751
-0.01423944
-0.02904773
-0.03194041
-0.01449543
-0.03463639
0.03783757
0.02506517
0.01232213
0.05979130
-0.01248079
-0.04138654
-0.01463806
-0.02959903
-0.04973944
0.04742902
-0.03792604
0.01144608
0.03119025
0.00035239
0.04556528
0.03743486
-0.03102338
0.03950286
0.00011219
-0.00396694
-0.00238961
-0.03868648
-0.04577750
-0.04340599
-0.04817845
0.04791740
-0.01505583
-0.03941777
0.05022053
0.01019255
0.02718424
-0.01573204
0.00750840
-0.05995085
-0.02401039
-0.01776752
-0.01109381
0.05433680
-0.03509728
0.04658795
0.00325968
0.01863041
-0.03924800
-0.04444604
0.00784273
0.03127750
-0.05388171
-0.01544159
0.05601565
0.00930744
0.03638954
-0.01040472
0.05289492
0.04276787
0.02248770
-0.03638320
0.01870530
-0.00625678
0.01708301
0.00133627
0.02037553
-0.03971251
0.03298604
-0.00463207
-0.05902207
0.01521783
0.02990439
-0.03296879
0.00268630
-0.01139185
-0.01641149
0.01119534
-0.00295081
0.00315413
-0.01127452
0.02229590
0.00729922
0.00682544
-0.00938723
-0.04915868
0.04619939
-0.04592806
0.02980653
0.02812584
0.00328030
0.02849769
-0.00558966
0.02351744
-0.02086257
-0.06538093
-0.02236805
-0.01276621
0.01182749
0.00804615
0.00115457
0.02629308
-0.03298577
-0.02096979
-0.02154766
0.02625211
-0.02782802
-0.04067761
-0.03065717
-0.01783730
0.00793618
0.01256282
0.03506633
0.00443696
-0.06869589
-0.02507590
-0.00074202
-0.04953983
0.03543398
0.02899307
0.03299715
0.02095449
-0.00993398
-0.04165110
-0.02316861
0.04759852
-0.01481057
0.06104731
-0.02480139
-0.03448139
0.03407692
-0.03638618
-0.01511288
0.01681996
-0.00168193
-0.03022779
-0.00252296
0.04869033
-0.04913765
0.02040183
0.00554926
0.00763803
-0.00224816
0.00872203
0.01994353
-0.02520060
0.00722812
0.05151744
-0.04641659
0.03635483
-0.00317226
-0.04106909
0.00780094
0.01506578
-0.00764550
-0.02508757
-0.00850607
-0.00256581
0.01336290
-0.03600512
-0.01933991
-0.01303647
-0.01138252
-0.02096477
0.04101780
-0.02173841
0.04867556
0.00232991
-0.03660953
0.00275048
-0.00274004
0.04042653
0.03728156
0.02053413
0.07618143
-0.00886867
-0.01818101
0.05525210
0.04726286
-0.06060905
0.01949458
-0.02989494
-0.06507245
0.00707982
-0.03977554
0.01352813
0.05309884
0.05089633
-0.04099264
0.04481481
-0.02187573
-0.04454722
-0.03303943
-0.02488986
0.02970744
0.02238670
-0.03267253
0.01835182
-0.05042335
0.04026736
0.02074670
0.00647802
-0.01004343
0.01445277
-0.04121608
-0.03038881
0.00985444
0.02905669
-0.01041672
0.01292315
0.02127018
-0.00762499
0.00890018
0.03686473
-0.00880079
0.02441458
-0.05754140
0.04124308
0.00005750
-0.01821821
-0.02452053
0.02094561
-0.04293271
-0.02026446
0.01092070
-0.02068049
0.01412482
-0.02839386
0.01524734
0.00392800
0.03931699
-0.03709870
0.00226529
0.00340868
0.02668559
-0.03958640
0.01935352
0.04186530
0.00854385
0.04273862
0.04780009
-0.03297844
-0.02069675
0.01637776
-0.02577041
-0.01864769
0.03768911
0.03685658
-0.00341689
-0.01874946
-0.04804336
0.03604015
-0.00977412
-0.03407064
0.03736410
0.03951761
-0.02204519
0.03578219
-0.04440278
-0.06161644
0.04355283
0.03286954
-0.04326675
-0.02698173
0.00417033
0.03367649
-0.00785661
-0.02382004
0.02936936
0.00147028
0.01388734
0.01974684
-0.00521689
0.04825112
0.03901096
0.03886576
-0.01630861
0.00771898
0.03923154
-0.02582030
-0.03624600
-0.04876712
-0.01904334
-0.03713243
0.04323243
-0.04009820
0.02461890
0.02481473
-0.02355479
-0.03214693
-0.04798039
0.03854361
0.01159304
-0.03778467
0.01501899
-0.02848632
-0.04671222
-0.02522362
-0.03805559
-0.02491789
-0.03344092
-0.00550941
-0.05207732
0.02881044
-0.03536660
0.00337381
0.02832696
-0.00344373
-0.02309059
0.02130452
0.00331113
-0.03850649
0.01443786
-0.05251755
0.00938826
0.03104256
-0.05465515
-0.01478221
-0.00875098
-0.02410199
-0.03180818
0.03401929
-0.02988362
-0.05082880
-0.02866112
0.02841449
-0.02812103
-0.00667371
-0.03905598
0.03070401
0.01971318
0.02769230
0.00673471
0.01602968
-0.01954248
0.03352372
0.02531151
0.02526987
0.00351189
0.02788774
-0.03094867
-0.01918509
0.01421508
0.01122125
0.00413427
0.02528226
-0.04117858
-0.00687446
-0.01885416
0.01180128
-0.01119399
0.00742372
-0.01907029
0.01084042
-0.00958623
0.03035367
0.03241736
0.00462617
0.02240619
-0.03905435
-0.04762164
0.05193098
0.00306804
-0.01155162
0.02533377
-0.02776478
-0.00859946
-0.02605337
0.04126243
-0.01415372
-0.03082796
-0.03654239
0.04080883
-0.03704503
0.03163346
0.03888376
-0.03927795
0.02072471
0.00419850
0.03379559
-0.02071237
0.01547254
0.03685509
0.03177860
-0.00264031
-0.01991452
0.02633074
-0.01766285
-0.03623683
0.03966161
0.00953340
0.01628065
-0.05058727
0.03878849
-0.05522848
0.01301945
-0.01115455
0.01903884
0.00239088
-0.02667894
-0.04909020
0.04399587
-0.04378247
0.03644142
0.02473887
-0.03646082
0.01535538
0.04254127
0.01336128
-0.04451086
-0.03535229
-0.04701412
0.02144376
-0.02215133
0.00796869
-0.01223203
-0.00833085
-0.03077607
-0.03498759
-0.02760334
0.02946689
0.01487580
0.00268689
0.04083530
0.01926533
0.05255210
0.01733047
0.02810705
-0.05212394
0.04467678
-0.04139454
-0.00736895
-0.03540203
-0.02895892
-0.04342796
-0.00988188
-0.05020679
-0.03958707
0.02488533
0.00238666
-0.00993122
-0.00615076
-0.05007683
0.01754252
0.04578550
-0.02887457
-0.01299619
0.03541000
-0.01159741
0.03258974
-0.01515608
-0.00042195
-0.00833236
-0.04275755
0.02387757
-0.04273187
-0.01623144
0.00255879
-0.03983963
0.00992575
0.01076523
-0.00108394
0.01840574
-0.01478992
0.03999332
-0.04980179
-0.03756004
-0.01186728
0.02578416
0.05208491
-0.01129570
0.03216717
0.02250436
0.00408626
0.01531852
0.02697195
0.04022050
-0.01085041
-0.01915858
0.03581784
0.00378547
-0.01539682
-0.04202236
0.02462037
-0.03010301
0.04434533
0.04302530
-0.03353618
-0.02291428
0.04372334
0.00102398
-0.03172050
-0.03587775
-0.04393201
-0.00460854
0.04681417
0.04864101
0.03354990
-0.03969745
-0.00271812
0.03336757
0.00637141
-0.01398520
-0.00526707
0.04447235
-0.03924581
0.02613977
-0.02724289
-0.00835132
0.01790513
0.00079190
0.03745417
-0.02453002
-0.00132341
0.02565584
-0.02141600
-0.05140300
0.04942156
0.00569202
-0.02966346
-0.00414515
0.01588119
0.00716515
-0.03434891
0.00838174
-0.02165154
-0.03826321
-0.00320064
-0.04323110
0.00156714
0.04707870
-0.03794209
-0.03032216
0.01910773
0.09769189
0.00622745
-0.03746085
0.00452464
-0.02148453
-0.01592939
-0.02126329
-0.02391034
0.02768677
-0.01651079
0.03072390
-0.04711891
-0.00951859
0.04377350
0.01571213
-0.03940830
-0.05019967
0.02551519
0.02194986
-0.01740870
-0.00716101
-0.05085887
-0.02247474
-0.01417605
0.00663034
-0.02579975
0.04813772
0.04623012
-0.02282483
0.01937182
0.00736898
-0.02752941
-0.03305585
-0.00915931
-0.04469887
-0.03679236
0.05614711
-0.03154765
0.04525151
0.00064030
-0.02444236
0.02599066
-0.02372968
0.01397926
0.04774730
-0.02693659
-0.00410986
-0.02044055
0.02910917
0.04144528
-0.00863112
0.00894986
0.03079635
0.02929793
-0.02635982
0.04939430
0.01988721
0.04577345
0.02046594
0.00971456
0.01817043
0.00742396
-0.00178009
-0.03799329
-0.02108707
-0.03333972
0.04886908
-0.00377921
-0.01389817
-0.04515599
-0.01266844
-0.03834231
0.00627241
-0.04786042
0.03348298
-0.04152805
0.02839811
-0.04192731
0.01012309
-0.05056807
0.00588472
0.02796607
0.04655872
0.01894460
0.03633372
-0.03579064
-0.00192219
-0.00011729
0.04744519
0.06401213
-0.04474375
-0.04174967
0.05515059
0.00901814
-0.02226067
-0.04985183
-0.01695204
-0.03600213
0.00292386
0.03682791
-0.03942835
0.01926156
0.02788508
0.03427948
-0.02146554
0.03855710
-0.02706538
0.01874426
0.02049911
-0.04445365
-0.00260715
-0.05876192
-0.04614559
-0.01209882
-0.01865011
-0.02262275
-0.03744220
-0.05132394
-0.02995056
0.03102094
-0.04733932
0.02341336
-0.03610314
-0.04144099
0.03602308
-0.02285411
-0.04469697
0.00777172
0.04952144
0.04798320
-0.04098372
0.02292231
-0.01935395
-0.02383556
-0.01198287
0.00706185
-0.03094716
0.01482116
0.04006268
-0.03085026
0.04914472
-0.02490503
0.00534756
0.04183139
-0.00922702
-0.02208716
-0.00261163
-0.05052385
0.01798711
-0.00805622
0.03488147
-0.01804951
-0.00865524
0.01968978
0.02446829
-0.01833995
-0.04693156
-0.00189818
0.03555357
0.00646437
0.00075350
0.00965516
-0.02199249
0.02290999
-0.00142479
0.02364144
-0.02952790
-0.05313028
0.13070707
-0.00171611
-0.05035166
0.03118450
0.00199472
0.04409942
0.00394482
-0.06878854
0.02712683
0.04205506
0.04792866
-0.02843358
-0.00431506
0.01282133
0.04651533
-0.08136274
0.01008514
0.00862560
-0.05634434
0.05776469
0.00160010
-0.02494411
0.04688152
0.01040982
0.06634105
-0.14075291
-0.11776450
0.02801310
0.11660607
0.06166422
0.01680454
0.06542206
0.02485977
0.05151500
-0.05856057
-0.03183118
0.02735794
-0.00741098
-0.06551008
0.07137822
0.07480121
-0.03211565
-0.03524354
-0.00593989
0.02512516
0.09901925
0.04632407
0.03874227
-0.05551601
0.00510067
-0.02259710
0.03816821
-0.00028028
0.00612400
-0.01139248
0.02153318
0.04077913
0.02250819
-0.04060609
0.00829829
-0.03887511
-0.00379907
0.01829857
-0.01285301
-0.05710023
0.00347948
0.05372129
0.03003289
-0.06664278
0.09713440
-0.04060716
0.04988133
-0.03740627
-0.01102059
-0.03563229
0.04480730
0.05568400
0.00121680
0.04485978
-0.03286437
0.01827182
0.11071714
0.00096102
0.04189229
0.01790316
0.00735486
-0.09815075
-0.02049573
-0.08394519
0.00448725
0.02568211
-0.02956524
-0.04296018
-0.00439236
-0.05490857
0.01609660
-0.01552511
-0.01842410
-0.06947580
-0.02894389
0.01495751
-0.01225660
-0.01548884
0.02811153
0.10949060
-0.04833667
-0.03552061
0.07849780
0.02326423
-0.05256835
0.10999379
0.03857650
-0.00141523
0.00717201
-0.08602218
0.01650230
0.10587922
-0.02374384
0.02716331
0.07965341
-0.02142731
-0.05460929
-0.05753317
0.08289517
-0.07822607
0.02937623
0.00235786
0.01383602
0.00454040
-0.00045611
-0.03865923
0.01964332
-0.06087873
0.01766191
0.01982121
-0.03860001
-0.03422876
0.05290822
-0.01280952
-0.06156911
0.06688168
0.02578276
-0.02453470
-0.03884169
0.00391538
0.02859274
0.01053378
0.01051664
0.03263593
-0.01727293
0.08853881
-0.01866339
-0.05842054
-0.00364268
-0.06811522
0.00513812
-0.03229862
0.04923774
-0.07392203
-0.01425153
0.03383785
0.01972739
-0.04524409
-0.01222681
0.06449786
0.01217307
-0.03521432
0.05762671
-0.00151685
-0.01676909
0.04551937
0.07724445
0.07073048
0.04767931
0.05203426
0.03385297
-0.02841927
0.03256696
0.03914157
0.02653508
0.00444337
0.02060268
-0.00806437
-0.08130500
0.02723480
-0.04901894
0.07977458
0.03351406
0.08370916
-0.02610209
0.01387923
-0.04750074
-0.04518313
0.07763173
-0.03870864
-0.01462201
-0.04313496
-0.00809878
-0.10660578
0.03600768
-0.02289470
0.07126275
0.06728750
0.02838164
-0.07419238
-0.07733624
-0.01687928
0.13495035
0.01303104
0.00225153
0.00447597
0.03066342
-0.00512661
0.04286021
-0.04442564
0.07726286
-0.03163790
0.00772491
0.06119669
-0.01175523
-0.00848360
0.11172962
-0.04735901
-0.04527118
0.03815505
-0.04512445
-0.05731957
0.12884620
0.07896695
0.00364637
0.06804784
0.03653055
0.04681881
-0.00135468
-0.04564206
0.10118237
-0.03303793
-0.04512316
-0.06339178
0.04462925
0.02815111
-0.01878371
0.10594600
0.04526031
-0.00659759
0.02018290
0.05693401
0.05688109
0.00649603
-0.05977277
0.03819462
0.01259299
0.00111255
-0.07405877
-0.07279850
