shape=[32, 400]
0.04918868
0.02682391
0.04170496
-0.01456705
0.03702478
-0.04350167
0.03550411
-0.04131082
-0.01164846
0.00381019
-0.00881142
0.00181550
-0.04159426
0.02322402
0.04688200
0.00876613
-0.03393976
-0.03608679
0.04435787
-0.02035152
-0.01056569
0.02555645
0.01069834
0.02554630
-0.03500863
-0.02731742
0.04719807
0.01107251
0.04668441
-0.03004380
-0.04381828
0.02179180
0.04333244
0.04428038
0.02454806
0.00516740
0.02322114
-0.04627708
-0.01563361
0.03946141
-0.00206106
0.02528832
0.02212912
-0.02813120
-0.02285093
0.00841407
-0.04083585
-0.01483941
0.04626714
-0.00085075
0.03747449
0.02787442
-0.00979452
0.02440289
0.04889744
0.02133626
-0.04050063
-0.01326292
0.02058804
0.01440617
0.02311512
-0.04037194
-0.00566833
0.01267444
-0.01573174
0.04472746
-0.02165494
0.00140016
-0.08180150
-0.02110463
0.03466421
0.01121450
0.03758236
-0.04088196
-0.01328200
0.01804985
-0.04862910
-0.00912529
-0.03690888
-0.04674729
0.01486204
0.04556878
0.04486598
-0.03906255
-0.00469373
-0.02602880
0.04720846
0.05059672
0.00273753
-0.01920402
-0.03169062
-0.01682142
-0.03459408
-0.01496446
-0.04061798
-0.03063169
0.02984654
-0.02886856
0.03814464
0.03835651
0.05782956
0.03018575
0.03466723
0.05401101
0.01077339
-0.00226594
0.04000774
0.02932627
-0.03499953
0.01629465
0.03920801
0.00289955
0.02989339
-0.03958922
0.01147996
0.00246069
0.00795068
0.08502093
-0.02286677
0.08811599
-0.00713089
0.03785044
0.00071368
-0.01509667
-0.00878241
0.01930795
-0.03417297
-0.01750058
-0.02285209
-0.03556342
0.00942193
0.05856689
-0.00926373
0.00081540
0.00630788
0.07179501
-0.04600551
0.06608203
0.04492351
0.06093631
-0.02227840
0.00927768
-0.01664460
0.03261819
-0.03810640
-0.02074636
-0.00363921
0.04533501
-0.01096223
-0.03896119
-0.04489313
-0.03003980
0.00920404
0.03351197
0.00790254
-0.04936364
0.04592382
0.00341152
0.00182456
-0.01097887
0.02730875
0.01683479
0.02649810
-0.00165270
-0.04546899
-0.03509451
0.00837470
0.04940676
-0.04224599
-0.03679171
0.00668608
-0.04470922
0.01986234
0.02791922
-0.01865401
-0.04333611
-0.01079367
-0.03233076
0.04248986
0.02564938
-0.03800169
0.03481216
0.03651577
-0.00082327
-0.04225165
0.03513450
-0.03134776
-0.00523696
0.04356775
-0.02228509
0.01097981
0.02177990
0.00185001
-0.01148621
0.03674088
-0.00632193
0.00216672
0.04385211
0.05170107
0.03326499
0.02602672
-0.03687484
-0.00778420
-0.00632827
-0.05230974
0.05742848
0.00775808
-0.00243584
-0.01094717
-0.03582995
0.02488904
0.06420525
0.03811830
-0.02045375
-0.04457653
0.05523993
-0.04808655
0.02339911
0.00848616
0.03817614
0.00382732
0.00583021
-0.00606523
0.03122836
-0.04427599
-0.03388264
-0.00727478
-0.02517282
0.06794368
-0.02001933
-0.03270920
0.05168267
-0.01708195
-0.00642922
0.00897019
0.04473324
0.03329387
0.03368413
-0.00397911
-0.02734403
0.01325710
-0.01164604
0.01701804
-0.01527245
-0.06517299
0.01324000
0.02772465
-0.03670698
-0.04880803
-0.05494400
-0.02082793
0.02998446
0.01953293
0.02284344
0.03689724
-0.04974066
-0.01381926
-0.01339754
0.03195968
-0.03439597
-0.05586841
0.02468864
-0.01743490
-0.07176795
0.03682810
-0.05820541
-0.01851380
-0.05685430
0.01447365
0.00732209
0.04055192
0.03625034
0.01482189
-0.04163941
0.05102804
-0.00911191
-0.03929472
-0.02919230
-0.04125397
0.01273191
-0.00274585
-0.01120397
0.02983407
-0.03409034
-0.03013100
0.02185929
-0.00999721
0.01017191
-0.00787422
-0.01236427
0.01174204
0.03479884
-0.01978314
0.02030639
-0.03763456
0.05641506
-0.02145452
0.06122653
0.00746450
0.01596315
0.02469232
0.01709710
-0.03807900
-0.02997502
0.03480904
-0.00959297
0.02669707
0.03653547
0.05821051
0.06119335
-0.03328525
0.02003326
-0.02155456
-0.03438769
-0.01617506
-0.00861052
0.03369570
-0.03637931
0.04057102
0.02019854
0.03501219
-0.03209341
0.01363704
-0.06615747
-0.08182648
-0.06350222
0.03420291
0.01647156
-0.03949554
-0.03424597
0.02527761
-0.00477826
0.00345323
0.00714478
0.03866154
-0.00252404
0.03340740
-0.00278782
-0.01632097
-0.01989400
-0.04259324
-0.07499000
-0.04426260
-0.05281686
-0.01408917
-0.04184320
0.02629747
-0.00448990
-0.01971430
-0.01854710
0.03678789
0.04699276
0.00389150
0.04678922
-0.03954044
-0.03138703
-0.01117905
-0.04417275
0.03658184
-0.00195171
-0.01285865
-0.03959519
-0.04978095
0.00564631
-0.02690763
-0.03916622
-0.01452035
-0.01872011
0.01902156
0.00195216
-0.03914078
-0.00245670
-0.00234384
-0.03452517
-0.04055380
0.01395258
0.01857934
0.03429289
0.03265288
0.02468676
-0.02519731
0.04288223
0.01721438
-0.01703716
-0.03018406
0.01853852
0.01291823
-0.05813681
-0.06481494
-0.01104485
-0.04340671
-0.02121466
-0.00516635
0.00878244
0.01819212
0.01536152
-0.03321461
-0.03020784
0.00569784
-0.03810107
-0.01526188
0.01183075
0.04191787
0.00542219
0.05215750
0.05094936
0.04432873
-0.01883920
-0.00523429
-0.00943311
-0.02466354
-0.02761228
0.04239624
0.00093774
0.01883755
0.02421263
0.05389173
0.01375677
-0.03722929
0.04731558
0.05332895
-0.00090848
-0.01740307
0.05379090
-0.03250784
-0.02173749
-0.00876490
0.01452502
-0.04097353
0.01577606
0.02378035
-0.04361682
0.04953349
-0.03652922
0.05682754
0.01436683
0.04428107
0.01143105
-0.02577115
0.02873236
-0.01912381
0.05267931
0.01793170
0.02625440
0.01751588
0.05219945
-0.01068233
0.01869309
-0.02327893
0.01941823
0.04696918
0.05082779
0.06639154
-0.00799725
-0.00376393
-0.00180986
-0.03011236
0.05365550
-0.02210703
0.05266982
0.04778431
0.03157344
0.04841871
-0.02951096
0.02447252
-0.04349597
0.00463314
0.01753624
0.04960528
0.06465471
-0.00600809
0.00296675
-0.04413973
0.00829178
0.02268249
0.01559952
0.04082689
-0.01052421
0.04435251
0.00252609
-0.00944347
0.04051003
-0.02047879
-0.07541303
-0.06200014
-0.04824556
0.00851552
-0.05298386
-0.04052779
-0.07401806
-0.01340162
0.01777203
0.00113173
0.02428317
0.04247845
-0.01876250
0.04732862
-0.04168570
-0.02471086
-0.03662647
0.07251538
0.03670799
0.02903462
0.04420058
-0.01397031
0.04179211
-0.02471774
-0.00759922
-0.00894396
0.05188688
0.01752170
-0.01236337
-0.01732241
-0.00405486
0.02689085
0.07306810
0.07200576
0.03346403
-0.00607138
-0.00546646
0.00198941
0.05816092
0.02186530
0.04626084
-0.03656353
-0.01529486
0.04942409
0.01735907
0.03325605
0.03881108
0.01733245
-0.04024868
-0.02672045
0.02430438
0.00454928
0.05407088
-0.05214142
-0.02651519
0.01089981
0.04470611
0.04595678
0.03089562
0.03125250
-0.01254296
-0.01460913
0.03794488
0.02367910
-0.02737971
-0.02537251
-0.02245630
0.02436974
-0.01499795
-0.02195363
-0.04425616
-0.03682625
-0.04677576
-0.03384683
0.04365450
0.01849686
0.01658254
-0.01790912
0.04606087
-0.01945591
-0.05934065
-0.08233570
-0.06123478
-0.01647244
-0.07717899
-0.01140608
-0.00801837
0.02428185
-0.04294169
0.01689693
0.03785247
-0.02578907
-0.03805853
0.05218117
-0.03879600
0.05232068
0.03112942
0.04069737
0.06053714
0.05584341
0.03734326
0.03549829
0.02691994
0.01019537
0.05366113
-0.00749399
0.00729283
0.00830391
-0.04175854
0.00272173
-0.00725801
-0.00415915
0.00033523
0.05632451
0.01934478
-0.00009915
-0.01444736
-0.01347185
0.02201376
0.00946296
0.02007803
0.00740609
0.04837973
-0.04601578
-0.00171172
-0.02741662
-0.02943636
-0.02182936
-0.00179564
-0.01368732
-0.02164623
-0.04163579
-0.02439038
0.00000709
0.03203379
0.04967438
-0.03093865
0.01456711
-0.02256052
0.01297285
-0.02843062
0.00084136
0.04363141
0.00797952
-0.07481925
-0.03004355
-0.03490879
0.02391478
-0.08104900
-0.04246316
-0.05395306
-0.01279557
-0.04577269
0.01843484
-0.00055932
-0.01420309
0.04607604
0.00646474
0.00758316
-0.03458089
0.01403186
-0.04042079
-0.02903204
-0.02105121
-0.01203617
-0.00849620
-0.04762026
-0.00641504
0.02162395
0.01905432
0.00195319
0.01775871
0.03507161
0.00254291
0.03115107
0.00787486
0.03207809
0.06843884
0.01253336
0.04454951
0.03877817
-0.02350212
0.01338701
-0.00366624
0.05599380
-0.02952812
-0.00380751
0.00727916
0.00988433
-0.04605367
0.01917242
-0.02952520
0.01239851
-0.03925884
0.00449869
0.03030266
0.03113357
-0.01425516
0.04812880
0.01007626
-0.03219469
-0.02833975
0.02397087
0.00592427
-0.04572875
0.03897681
-0.01540598
-0.02840671
-0.06605162
-0.01022671
-0.07346615
0.02139130
-0.05934291
-0.00787580
0.03016647
0.02644821
-0.06480206
0.02057865
-0.05941774
-0.03383813
-0.01545689
0.02623354
-0.02895303
-0.05490094
-0.02688326
-0.04362621
-0.07528732
-0.04686075
-0.04130572
-0.04162809
-0.05483384
-0.03292669
-0.02680454
-0.00377754
-0.04042472
0.04450469
0.01511147
-0.03381453
-0.04807766
0.01620689
0.03601298
0.00928732
0.04121733
-0.03513980
0.04015837
0.04024103
0.02808617
-0.03497007
0.00651173
0.04554822
0.03622998
0.02918400
0.02764618
-0.04972048
-0.01641404
-0.04897733
0.03988804
0.03784902
-0.01784829
0.03021237
-0.03739180
-0.04359394
0.00093385
0.03045938
-0.02997463
0.01643939
0.02850882
-0.00216865
-0.01609419
-0.02146835
-0.01330873
0.02964764
-0.05433407
0.01854908
-0.03747899
-0.00427941
0.02760713
-0.04994315
-0.04825623
0.01994412
-0.01697579
0.00727334
-0.01326889
0.03059883
-0.01540844
0.04330863
0.03397571
0.03910457
0.00140241
-0.02191721
-0.03815882
0.02272454
-0.03781810
-0.02184111
-0.05273080
0.03833406
-0.04510563
0.03150409
-0.04471949
-0.01275247
0.01842438
-0.03470130
0.02031807
-0.02262376
0.00062153
-0.01371046
-0.06547899
0.00157674
-0.06512705
0.00952118
-0.02679212
0.04697147
-0.06025251
-0.03759287
-0.00309841
-0.02692688
-0.04576456
-0.01261956
-0.04493321
-0.02427736
0.01815163
-0.07131512
-0.06843030
-0.04200963
0.02055999
-0.02530344
-0.03861957
-0.01087526
0.00084065
-0.00725995
-0.05145235
0.03414135
0.00831057
-0.00634404
0.02552993
0.02930819
-0.07297966
-0.06452616
0.00540095
-0.02251125
-0.03255193
-0.03824008
-0.04095009
0.03927099
-0.01074541
0.00895808
0.02262711
-0.00298294
-0.00113223
-0.05366960
0.05200499
-0.01939326
-0.10003095
-0.09670847
-0.04372367
-0.03042102
-0.07525620
-0.00323569
-0.06206275
-0.04196309
-0.09924336
-0.02159310
-0.07804298
0.03477206
-0.04692319
0.04858392
0.00668453
0.03155398
-0.10418338
-0.08726420
-0.07477711
-0.00853532
-0.03087219
0.00157296
-0.00174688
-0.00024959
-0.04249896
-0.00542923
-0.03592243
-0.01960126
-0.02855685
0.01308334
0.00122760
-0.04395046
-0.04866477
0.01049194
-0.05141295
-0.01304119
0.00816327
0.02811955
-0.03414354
0.02881108
-0.06147582
-0.03325896
-0.01013040
-0.00521503
-0.03226544
0.01147979
0.03593484
-0.04175641
0.02937990
-0.01807514
-0.05205482
-0.03409207
0.02185875
0.00575485
-0.01681053
0.04429605
-0.01176366
-0.02573795
-0.02621741
0.05016350
-0.00039077
-0.04698803
-0.01375468
0.02676268
0.04017990
0.01190943
-0.00667635
0.02049575
-0.00429250
0.01783380
-0.03468186
0.04032078
0.01398117
-0.01283570
-0.05285168
0.03033854
-0.01262044
-0.01997090
0.03268557
0.00541443
0.03180668
-0.03075189
-0.02080728
-0.01504224
0.02721450
0.05615727
-0.01427160
0.01768556
-0.04383871
0.01216767
-0.00169340
-0.01802116
-0.03356700
-0.03746008
-0.02058716
-0.02525813
0.06628344
0.05356745
0.05033372
-0.01366032
0.05407647
0.03333399
-0.02327042
0.02708063
-0.02237786
-0.03818095
0.01144812
0.00152434
0.05079051
-0.02779197
0.03589768
0.05110722
0.04897925
0.05233586
0.04360001
-0.04077949
0.00757746
-0.01485906
0.06611440
0.03817140
0.03688154
0.03253856
-0.01398271
0.03661240
-0.03820321
0.02450114
0.04657478
0.05204391
0.04972640
0.06499988
0.09927910
0.04066335
0.10144403
0.03357755
0.04777810
-0.03254636
0.06529701
-0.03982114
-0.00803952
0.01474498
0.01276913
-0.01705698
-0.02203345
0.00805826
0.09517477
0.08358085
0.09353924
0.04494648
0.06446832
-0.01306844
0.08433037
-0.00954206
0.06876279
-0.00024826
-0.01418801
0.02464674
0.00423262
0.02524406
0.04576191
-0.02372915
0.07378209
0.06240763
0.09537104
0.01798159
0.12519249
0.05071607
0.05831984
-0.04730215
0.06885664
-0.04197736
0.03292200
-0.03754294
0.00749020
0.03470374
0.01596526
0.02491701
0.07743391
0.09359281
-0.00378905
-0.00876048
0.07162379
-0.00599458
0.04870722
0.02292515
0.04754572
-0.02596495
0.05837264
0.04265511
-0.00620652
0.00924868
-0.00954766
0.04385610
0.02673746
-0.01719834
-0.02020278
-0.00813937
0.06551060
-0.04002860
0.05608816
-0.00961696
0.05636379
0.02881543
-0.02219412
0.02898498
-0.02738290
-0.01659439
-0.00820220
-0.04887588
0.03586901
0.03029248
0.02302157
0.00994516
-0.02394995
0.04197022
-0.04722786
0.01304270
0.01444073
-0.00688499
0.03243774
0.00075875
-0.02367720
-0.02010541
0.02597405
0.02151921
0.00059523
-0.03650222
0.05998941
-0.04383151
0.01386980
-0.04113177
-0.01922609
0.00422907
0.05610704
0.02339549
0.03453819
0.03361296
0.04614504
-0.03411967
-0.00231840
-0.03148584
0.01336699
-0.05923808
-0.00136910
-0.01428573
0.03019559
-0.00968063
0.02125177
-0.04189875
0.04845427
0.03500013
-0.02331745
-0.04037154
-0.01752000
0.00807727
0.03664927
-0.05250509
0.04425743
-0.01095184
-0.03205127
-0.04070719
-0.04734276
0.00163862
0.01385309
-0.04501087
0.05530322
0.00317228
-0.02244585
0.04032005
-0.01062371
0.02462428
0.04934417
-0.04920510
0.01647526
-0.01771815
0.01455102
-0.05290414
-0.03840646
0.03780493
0.02383205
0.02565924
0.04631099
0.04226329
-0.04773200
0.04288756
-0.03910543
-0.04626930
-0.01163976
-0.06332761
-0.04316473
-0.06332953
-0.06565968
-0.00088995
-0.10639187
0.01085286
-0.08517551
0.03457618
-0.00333737
-0.04349909
-0.06849378
-0.00671826
0.02775411
0.02308316
-0.02149657
-0.04089855
-0.06441355
-0.11389185
-0.04916555
-0.04175434
-0.04033556
-0.04390392
-0.11081664
0.01582933
-0.05878548
-0.04951495
-0.02450005
0.02308006
0.00752928
0.02846183
-0.03681577
0.00193224
-0.02405552
-0.00698979
-0.00863713
0.00151829
-0.01709511
-0.03077219
-0.07286269
-0.02849689
0.00767377
0.03189617
0.02982697
0.02684029
0.03811567
-0.03616256
-0.01156139
-0.03477258
0.04140137
0.01706761
-0.03296420
-0.02486130
0.00300831
0.02993901
-0.03969895
0.02071668
-0.02824132
0.01946570
-0.02722063
0.04626169
0.00102566
-0.02501353
-0.01909765
0.02777188
-0.02818676
0.01600778
-0.00482623
0.01050584
-0.00679100
-0.02061895
-0.00962720
0.01324022
-0.01477839
-0.01591898
0.02689024
-0.01655911
-0.01287048
0.01206215
-0.02955267
-0.03100602
0.04245789
0.04894331
-0.02501341
0.00809844
-0.03715560
-0.04145884
0.00090870
0.00097194
0.00599947
-0.03852424
0.00986707
-0.01020489
-0.04200061
-0.01343349
-0.00523663
-0.01800077
-0.00496245
-0.01322796
-0.04037571
-0.04864431
0.04999312
-0.00018981
0.02721400
-0.01866487
-0.04464903
0.00592186
0.00968446
0.04532242
-0.01545230
0.04070274
0.00948987
-0.04822121
-0.01063763
-0.00246748
-0.00984937
-0.03095673
-0.01378169
-0.00099950
-0.00524743
-0.03102586
-0.01857154
0.00301562
-0.01709370
-0.02403774
0.02196232
-0.00300676
0.01608763
-0.00823714
-0.02602542
-0.03113778
-0.03772269
-0.02511406
0.02582129
0.02751869
0.00771071
0.01574863
-0.00957657
-0.03422097
-0.01623828
0.03680846
0.00909010
-0.03410737
-0.04861598
-0.03676895
-0.05299563
0.00531160
-0.03223355
-0.03501767
-0.00660712
-0.01034204
-0.04111930
0.03154008
0.02956332
-0.00841388
0.00506519
0.02622222
-0.01862984
-0.00963258
0.02810901
-0.04436737
0.02125558
0.02312719
-0.04180232
-0.04345223
0.04043832
-0.04507390
-0.02142683
0.01315849
-0.03524838
-0.04821657
-0.01356238
0.02931470
-0.04513755
-0.01028335
0.04065523
0.02570213
0.02845527
-0.02508582
0.03732362
-0.03284382
0.04256748
-0.04425044
0.00559493
0.01502014
-0.04447263
-0.04256126
-0.00266565
0.03747670
0.04337127
0.04436532
0.04496962
0.02001706
0.04633757
0.04605985
0.01336514
0.01760034
0.02558259
0.02936887
-0.02006882
0.01767758
0.01439284
0.03096423
-0.03295362
0.03614400
0.01988339
0.03815879
0.00556806
-0.00184889
0.04001416
-0.03235832
0.05153806
-0.04324885
0.00936071
-0.00694723
-0.01596791
-0.04029777
0.03359803
0.02906637
0.03502540
-0.00927247
-0.01130922
0.01349560
-0.00000670
-0.04419383
-0.02800873
0.04740117
-0.02468391
0.00816797
-0.02974918
0.00509073
-0.04318264
-0.04189549
0.00330557
-0.00847865
-0.02787559
-0.04806742
0.03946919
0.02858996
0.02659633
0.04841575
-0.02309670
0.01886855
-0.03968424
0.04251713
-0.04401332
0.05285314
0.00828663
-0.00453036
-0.03235166
0.04795989
0.01350376
-0.04565680
-0.02792257
-0.03817564
0.04278987
0.03540180
-0.02413342
0.01675449
-0.02945183
-0.02794009
0.00635584
-0.02878225
0.05261936
-0.02717024
-0.03377090
0.04644279
0.04961998
-0.00035211
0.04713606
0.00860784
-0.00102591
-0.03619627
0.05371774
0.01892907
-0.02683176
-0.03456191
0.05699823
-0.01299494
0.03853308
0.01154439
0.04631709
0.04745620
0.04202633
0.02363991
0.01385668
0.03356861
-0.03993142
0.01150151
-0.03909932
-0.01181131
-0.01712040
-0.03901853
0.03451009
0.04074201
0.04223452
-0.04650752
-0.03433891
-0.02693226
0.00886556
-0.03730116
0.01479289
-0.00438952
-0.03112680
-0.03632457
0.04176640
-0.02275581
-0.01023549
0.02549437
0.01477132
-0.00787757
-0.04720225
-0.04890310
-0.01597854
-0.01721397
0.00872320
0.01967624
-0.02439492
-0.04641577
0.04534591
0.02723846
0.03038760
0.07149291
0.03833222
0.03648194
0.07087903
0.02943202
-0.02828503
0.01460330
0.06291241
-0.04535395
0.03258398
-0.04355355
0.04123096
0.02461578
-0.00722699
0.04187107
0.04242510
0.05187545
-0.02543482
-0.01878171
0.06714898
0.04181314
0.00230435
-0.03662051
-0.01568074
0.02762409
0.00717599
-0.03754378
0.04849891
-0.01336252
0.02413943
-0.02945512
0.03480450
-0.01474295
-0.00199801
-0.00489213
0.03624466
-0.00029386
0.01721198
-0.00057152
-0.00193068
-0.00584048
0.04860342
-0.03562757
0.02658656
-0.01962623
-0.03759107
-0.03389705
-0.02881179
-0.02262118
-0.03792858
0.03963655
-0.01336551
-0.02982558
0.03214309
-0.03609165
-0.05181164
-0.03780101
0.00174639
-0.02648861
0.04162630
0.00494128
0.04569907
-0.05097388
0.01676641
0.00794019
-0.01712777
-0.02289730
-0.02310446
-0.03856409
-0.04148827
-0.04005555
-0.04311704
0.02749756
-0.01985953
-0.03188593
-0.04479155
-0.04922250
0.04063251
0.03553819
-0.01699254
-0.03603713
0.02100597
0.02714976
0.04547860
0.00685392
-0.02660807
-0.02282636
0.04453816
-0.02895620
-0.00597408
-0.02382996
-0.03059520
-0.00684276
0.04398515
-0.00441514
-0.02228486
-0.05262015
-0.03007458
0.01773538
-0.04838946
-0.03531500
-0.03863332
-0.00706760
-0.01119878
-0.02942310
-0.03708630
0.00641436
0.01215356
0.00356907
0.01722667
-0.04809631
0.01104170
-0.07030006
-0.04996343
0.03126944
-0.00686394
0.00968741
-0.01810916
0.00746024
-0.05376507
-0.02298791
0.02111341
-0.01440018
0.03886404
-0.05071735
0.01121139
0.04477552
-0.00299920
-0.01262618
-0.00661251
0.03647391
-0.05225832
0.02127429
-0.05189865
0.03514489
-0.05750006
-0.02136541
-0.01481721
0.03242595
-0.02866950
-0.02189231
0.00842650
-0.00600395
0.02131665
-0.00641557
-0.04713566
0.02717229
-0.02796983
-0.04656534
-0.05569309
0.01021896
-0.01484232
0.02399357
-0.04779434
-0.04468798
0.02393073
-0.04809878
0.04699672
-0.00420777
-0.07407370
-0.09239811
-0.01933065
-0.00531196
-0.08073625
-0.03120563
-0.08614007
0.00371604
-0.05227858
-0.03698143
-0.02078853
0.03276255
0.00010770
0.00828821
-0.04467534
0.02264532
-0.02949374
-0.06714277
0.01116088
0.04173354
-0.04313188
-0.04227099
-0.04577720
0.02757841
-0.06609242
-0.02656504
-0.03910394
-0.03684734
-0.04117949
0.00258523
0.02131084
0.00707697
0.02760789
0.09092572
0.07776736
0.02880811
0.06475493
0.01047041
-0.03058495
0.03373438
0.01114361
-0.03123987
0.06575913
0.05033186
0.04282966
0.01968567
-0.04301141
-0.01113098
0.10018029
0.07085285
0.07908268
0.02209054
0.09662249
0.02493929
0.01429488
-0.02941732
0.06515189
-0.01860267
0.05151395
-0.01571628
-0.01701681
0.00458459
0.01592813
-0.02661107
0.02178192
-0.04997638
-0.00586218
-0.05136035
-0.01762383
0.02541920
-0.05347341
-0.02247384
-0.05431985
-0.02677767
-0.00122613
0.00966767
-0.01062712
-0.05313800
0.02154959
-0.06254779
-0.06567663
-0.10669850
-0.07503011
0.00780703
-0.07682418
-0.02601820
-0.05201459
0.03395863
-0.02917078
-0.04156987
0.01874302
0.00332272
-0.00953711
0.01645529
0.01345597
-0.01244652
-0.09398329
-0.06079622
-0.05297073
0.03243538
-0.09078521
-0.03223956
-0.05951155
0.05463874
-0.10715284
0.00499833
0.00662085
-0.03154946
0.02941770
0.01883375
0.02399425
0.06558809
0.07897464
0.07267173
0.08998464
-0.01392705
0.02772852
-0.03346814
0.07383270
-0.04767866
0.02696820
0.03942204
0.00104780
-0.00147254
0.02616012
0.03883905
-0.03556720
0.02656918
0.06271130
0.03032456
-0.01330851
-0.03078618
0.03780636
-0.03326676
0.06620469
-0.00309945
0.00485867
-0.00783538
-0.02618089
0.03964755
-0.01086740
0.00711354
-0.02093408
0.00575640
0.00108071
-0.06404609
-0.07335601
-0.05681258
-0.01801378
-0.05559006
-0.00008538
0.03280127
0.00412429
-0.02971233
-0.05619670
0.04572407
-0.00287227
0.04038512
-0.01797342
-0.00061526
-0.06765864
-0.12480139
-0.08529521
0.00583276
-0.08057849
-0.04597858
-0.01595976
-0.04466989
-0.05760808
0.05153724
0.00264789
-0.02551764
0.01301088
0.04565646
-0.00249242
0.03744038
-0.00973527
0.05932989
0.03680793
0.04837998
0.00503606
0.00217860
-0.04174609
-0.02354611
-0.01923129
0.04307404
0.02758416
0.04227270
0.04394288
0.04854785
0.04075661
0.00620533
0.07523911
0.11052614
0.03766782
0.04940395
0.02121249
-0.03769804
-0.00850205
0.00750931
0.03404093
-0.00131584
0.03890508
0.04320611
-0.03564985
-0.05309409
0.05389327
0.00633066
0.03822243
-0.03768177
-0.01086520
0.02168372
0.02904600
0.01931509
0.04453645
0.03869792
0.04715535
0.04135910
-0.04455376
0.02353471
0.00342093
-0.00757732
0.00579736
-0.04834194
-0.10498679
-0.09862155
-0.04569407
-0.02645189
-0.05634389
0.03299188
-0.07503045
0.01294415
0.00246856
0.00504807
0.02597851
0.00370864
0.00199677
0.05412646
-0.00975944
-0.03799525
-0.00027356
-0.01727371
-0.02408249
-0.03257589
-0.02641394
0.04420774
-0.03994325
0.00993184
-0.06238588
-0.02066366
-0.00504764
0.03790713
0.05146511
0.00113610
0.02177035
0.05502052
0.02998701
0.03905669
0.00476412
0.02135158
0.07367480
-0.02640550
-0.02283436
-0.04110348
0.06908090
0.00330145
0.04349830
0.02058770
0.04215830
0.00306768
-0.00239174
0.00633679
0.07753292
-0.01074814
-0.02902928
0.01300940
0.05074243
0.04053481
0.07881449
-0.02690996
0.00733637
-0.01578921
-0.04046983
0.02079944
0.04440569
0.02212659
-0.04447174
-0.00510909
-0.07332595
-0.06546672
-0.03723672
-0.04348751
-0.07352441
0.04111446
-0.03768628
-0.00805379
-0.04702846
0.00644218
-0.06646276
0.02110883
-0.03322226
0.04060694
-0.04924940
-0.03804466
-0.05527242
-0.02261097
-0.02006646
0.01224788
-0.09122092
0.04281244
-0.00577053
0.00749809
-0.00713458
0.01843266
-0.01023502
-0.03271164
0.02822778
0.00442488
0.03282690
0.06163172
0.01757688
0.02884327
0.00314667
0.05547927
-0.02472421
0.01220252
0.01768486
0.00680468
0.01983583
0.03707794
0.05850536
0.02755888
0.02272286
0.01238243
-0.05202633
-0.03636289
0.06604966
-0.00383318
0.06738149
0.00951437
0.05069007
-0.03450304
0.00070783
0.02915290
0.00430278
0.03472738
0.05577033
0.02385338
0.01193404
0.02135437
0.02232236
0.00839942
-0.03492597
-0.02029675
-0.01290332
-0.00393366
0.02307970
-0.03598533
-0.01533840
0.02412885
0.02104076
-0.01408818
0.03128272
0.03998188
0.03237098
0.03404748
0.02966430
-0.04346435
-0.03071693
-0.04637664
-0.01344221
-0.04562782
-0.06240324
0.01561548
-0.00729450
-0.03180560
-0.04208508
-0.04598606
-0.05695174
-0.05114134
-0.01995173
0.02297897
0.04433981
-0.04859572
-0.04129536
-0.04006761
0.01546247
0.03481973
-0.06664456
0.02296424
-0.00202685
0.01851075
-0.00621732
0.01713463
-0.00640441
0.03156703
0.00561238
0.00372577
-0.00587072
-0.00341019
-0.04484328
0.00013514
-0.02696163
-0.03638216
-0.02659355
-0.03090569
-0.03101893
0.02831368
-0.00525448
0.00762699
-0.04083233
-0.04211562
0.04102563
-0.03462295
-0.03896859
-0.03087230
-0.06658032
-0.01701271
-0.07249307
-0.04806964
-0.07625660
-0.02178238
0.00851866
-0.04628847
-0.07738033
0.02658911
0.00147210
0.04387526
-0.00845154
0.00237672
0.01148266
-0.02027758
-0.04159248
0.03018365
0.00891201
0.01520607
-0.02926751
-0.02639106
-0.03958118
-0.00750857
0.03174621
0.02711016
0.02988975
0.04581994
0.03945462
-0.02410712
-0.02914645
0.02818561
-0.03077476
0.03677477
-0.04993497
0.01053825
0.02670645
-0.04619198
-0.02104761
0.00217053
0.02111257
-0.00414590
0.01469033
0.04740389
-0.03768611
0.03756779
0.02426884
-0.03248028
-0.06845423
-0.08137519
-0.02499611
0.03351144
-0.02030931
-0.01651021
-0.03563479
0.01062012
0.00180877
0.00904344
-0.00087454
0.00409896
-0.03110822
0.01759863
-0.00610825
-0.03240705
-0.00620307
0.02766343
-0.04582550
-0.00720573
0.03197828
-0.02312078
-0.04925647
-0.00399087
-0.04050053
-0.00845614
0.00211202
0.04986111
0.01497648
-0.03862749
0.03659535
0.02574076
0.03365470
0.02766959
-0.03658172
-0.02207043
0.00778131
-0.00130531
-0.02640435
-0.03995724
-0.01305370
-0.04046512
0.02205751
0.01049888
0.01936037
-0.03966369
0.04367726
0.05268629
0.02116429
-0.00541258
0.02629464
-0.02855815
0.04229787
0.01837282
-0.00820299
0.04639902
0.00027280
-0.02837660
0.00120327
0.00114124
0.03531638
0.03731455
-0.00069460
-0.02712465
0.03881209
0.06281342
-0.04187522
-0.02497637
0.02734895
-0.02443220
0.05005506
0.04294188
0.01522740
-0.04409008
-0.00541072
-0.03837699
0.01283063
0.02435892
0.03413018
-0.05446013
-0.00927242
-0.06574944
-0.03999731
-0.01106293
0.00491214
0.00614063
0.04359278
-0.01028729
-0.01803407
0.04753852
0.02144181
0.00999465
0.01134640
-0.03929568
-0.00090736
0.04552967
0.03546121
-0.05792107
0.04120028
0.02368969
0.01138949
0.02978398
-0.01941116
0.01381498
-0.00618833
-0.00656433
-0.03708166
0.01878800
-0.01539582
0.01269181
0.00771646
0.03906531
-0.00634943
-0.00948759
0.03971669
0.03141412
0.03807169
0.01245682
-0.03414120
-0.00734975
0.01575371
-0.01112543
0.03661501
0.02913822
-0.00925806
0.05516317
-0.00430798
-0.03279919
-0.01263639
-0.01005142
0.02321640
0.03141351
0.01968976
-0.00280017
0.03373827
0.03577573
0.04505199
-0.03715446
-0.03039100
0.04482627
0.00068177
0.00350027
-0.02154092
0.00915330
0.02132900
0.06376628
0.03967156
-0.01954400
0.01725380
0.00370323
-0.00036253
-0.03646559
0.06469597
-0.02429782
-0.01365884
-0.02480106
-0.01749641
0.00342667
-0.04325547
-0.02379681
0.00083364
-0.02414615
0.01251562
-0.00584081
0.02303167
-0.03247057
0.03935685
0.01393611
0.04801898
-0.01551231
0.00862896
0.00928364
0.02084810
-0.04496855
0.04119266
-0.06280768
-0.03101875
-0.08069012
-0.00948291
0.00024668
-0.05378218
-0.03242015
0.00572005
-0.04370390
-0.03552122
0.03256493
0.01625090
0.00168104
0.01958882
0.00991987
-0.00887599
0.04285653
-0.04255670
-0.07527427
-0.05117244
-0.04271150
-0.03410388
0.01218530
-0.03853032
0.03677035
-0.06424874
0.02976388
0.01495024
-0.00437958
-0.02005048
0.03925521
-0.02316327
-0.00120936
-0.02362559
0.05169925
0.05173221
-0.02336596
-0.03443369
0.00436826
0.03600047
0.02981389
0.00852733
-0.00107007
-0.03730185
-0.02125671
-0.04235729
-0.00445114
0.02513917
-0.01312127
0.01243828
0.00853073
0.03350810
0.04021469
0.05499839
0.03294136
0.05623605
-0.04891439
0.04072898
-0.02875566
-0.01294680
-0.04978234
0.01438880
-0.03770485
-0.00805050
-0.05108038
-0.04415166
0.00166801
-0.04991224
-0.02986632
-0.06358216
0.00270465
-0.01616814
-0.00304178
-0.04319612
-0.01017584
0.02105393
-0.01295036
-0.00942684
0.00484043
-0.00018731
0.02175632
-0.06042660
-0.01619564
-0.04328443
0.02271907
-0.05096182
-0.04942394
-0.06648462
0.01648700
-0.02963527
0.02920257
-0.00311116
-0.03111442
-0.04655644
-0.02503620
-0.00087754
0.04103391
-0.00227472
0.01163769
-0.05554694
-0.02106629
-0.01473002
0.02735727
0.02689716
-0.00612433
-0.00878905
0.02999537
-0.04552992
0.00136635
0.01097815
0.00811369
0.02104323
-0.00347600
0.06349421
0.07541995
0.03854728
-0.03341532
0.02375682
0.04489225
0.03216683
-0.01604910
0.05748980
0.00334007
0.00169020
0.02731643
-0.02873132
0.04320138
0.00029488
-0.05185758
0.00213689
0.00148981
0.00271531
0.03932623
0.02099335
0.02957088
-0.00584351
-0.00736312
0.03420240
-0.05129376
-0.04457205
0.00648251
-0.02683729
0.00651098
-0.01584369
-0.00256109
-0.08684386
-0.09618843
-0.08091571
0.02703882
-0.07297011
-0.00954529
-0.06100707
-0.00023994
-0.01402701
0.02032075
0.02662816
0.01477170
0.02307921
0.03059291
0.04609067
-0.03738916
0.03588924
-0.00968576
-0.03138097
0.02070510
-0.00347019
-0.02717088
-0.00099911
-0.02693259
0.04541652
0.00106849
0.00130344
-0.01618422
-0.01038093
-0.01300738
0.02702999
-0.03479660
0.05200928
0.08527534
0.04589008
0.02706587
0.04117369
-0.04331898
-0.01930531
0.01008390
0.04118787
0.03703609
-0.00698061
0.05535771
0.03486136
-0.03114224
-0.02836698
-0.01470922
0.06852933
0.07913491
0.08576591
0.04942109
0.00905574
-0.01477883
0.07736301
-0.03046450
0.06369972
-0.00004598
-0.01886820
0.01842376
-0.03508358
0.01208256
0.01887644
0.04020495
0.05465339
0.08487631
0.04644866
-0.02815245
0.02713425
-0.01422999
0.00539662
-0.04205553
0.05108956
0.01935949
0.04278601
-0.01183092
-0.05069381
-0.00606073
0.01904752
-0.01087628
-0.02440038
0.05179670
-0.01395103
0.02150799
0.02427153
0.03228059
0.01689932
0.02416832
-0.00996958
0.01320407
-0.02075646
-0.01528144
0.03741558
0.02411819
-0.01615294
0.00312265
-0.02818731
0.01636191
0.03241364
-0.03407062
-0.06325437
0.02157235
-0.01789559
0.04304026
0.01267545
-0.03586028
-0.02980324
0.00093887
-0.00135593
-0.02253701
-0.02939454
0.04796039
-0.00820030
0.04284888
-0.01281002
-0.01662641
0.01355775
-0.03511526
-0.04391870
-0.02663016
-0.00365666
-0.01024192
0.00106742
0.03183037
0.01707139
-0.00804291
0.02897044
0.01932411
0.00239963
0.03688045
0.00156404
-0.02566115
0.02273442
0.00596429
0.01115598
-0.02036645
0.02567937
-0.01102404
-0.01232855
0.01556680
-0.02873953
0.03797341
0.00434611
0.02986628
0.01467105
0.00971030
0.07624270
0.00581558
0.02723792
0.04600675
0.02926542
-0.00416284
0.07330702
0.03928545
0.01999532
-0.00371506
0.03224532
-0.02596423
-0.01859939
-0.01338084
0.05505547
0.07165400
-0.00521118
0.04099752
0.05886235
-0.04586644
0.05245931
0.02349843
0.06022911
0.00109667
0.02453424
-0.03366309
-0.02045880
-0.04479913
0.04670468
-0.03477831
-0.10018058
-0.10142044
-0.03779545
-0.02278753
-0.09351741
-0.00278503
-0.02476240
-0.01673377
-0.03841645
0.00625371
-0.01802389
-0.04798540
-0.01398806
0.04156631
-0.03089184
-0.02255870
-0.02840150
-0.09665212
-0.03915439
0.02587253
-0.06271365
-0.01579195
-0.08900254
-0.03154755
-0.01405041
-0.02053690
-0.02461789
-0.03369419
0.03204980
-0.03764882
0.01700683
-0.02958042
-0.08275962
-0.10396953
-0.03524209
-0.02692501
-0.04340550
-0.04667951
-0.00333148
-0.01534219
-0.02946274
0.00768328
-0.01225808
0.04522631
0.02423370
0.04753030
0.01732476
0.01238243
-0.05724772
-0.02214615
-0.04368874
0.01336845
-0.05108800
-0.02620403
-0.03617845
-0.04544958
0.01098152
-0.04079099
-0.01279952
0.00038481
0.03419240
0.03249979
0.00128898
0.00059608
-0.02618100
0.01462932
0.05145723
0.04328181
-0.02830850
-0.01555974
-0.02486791
-0.00263285
-0.02335145
-0.04797439
0.03243781
0.04138380
-0.03581912
-0.05130543
0.02473237
0.03452413
-0.07526469
-0.06059203
-0.00381540
0.04069397
-0.05275815
0.01986109
-0.06287962
-0.02900835
0.00873435
0.04303731
-0.06041041
-0.05344254
-0.01877742
-0.01446935
0.03853420
-0.00190361
-0.01772030
-0.01300618
-0.02087599
0.00487595
-0.02448013
0.01983692
-0.06390747
0.04416323
-0.01801982
-0.00120627
-0.04732497
0.02062965
-0.04675035
-0.00019246
-0.03770007
0.01340799
-0.08155873
-0.05177713
-0.01116225
0.04279521
-0.09950227
0.04270361
0.01181507
-0.01714194
0.00069899
0.01488185
0.01863807
0.03323090
-0.05034251
0.03933640
0.00849292
-0.01062524
-0.03240149
-0.06081700
-0.04774594
-0.03289397
0.00830509
-0.00267060
-0.04977112
0.01585610
-0.06734768
-0.00849377
-0.00216007
0.03872442
0.01408633
0.00616059
-0.01608816
-0.01801421
0.00107639
-0.04815865
-0.04736437
-0.03450603
-0.01133375
0.02161667
0.00923936
-0.04580818
-0.05054417
-0.03413453
-0.01460330
-0.03180425
0.03625739
0.02969605
-0.03807686
0.04167843
0.00993759
0.05877407
0.00030796
-0.00955846
0.00873960
0.03369423
0.02198886
0.03448389
0.04774532
-0.01963472
-0.01719295
-0.01755716
-0.03535269
0.02330880
-0.03144232
-0.01777579
-0.00220400
0.02509537
-0.04315395
-0.03458096
-0.01641662
0.02602843
0.03853785
0.01062929
-0.05004112
-0.02831747
0.03830944
0.03008792
0.04207704
0.00187905
-0.03671763
-0.03132322
0.02512032
-0.00214166
-0.04395417
-0.01246933
-0.01137967
-0.00515703
-0.03080710
0.03883122
0.01295424
0.02560293
0.00433227
0.00584829
-0.00197474
0.00410814
-0.02887281
-0.02305699
-0.04014703
-0.03189012
-0.00302726
0.01277213
-0.03781024
0.05157728
-0.03834499
-0.02574463
0.01414593
0.01225982
0.03004075
0.00069194
-0.04677048
0.03979289
0.03285980
-0.03386933
-0.02562116
-0.03559968
-0.03997971
-0.03556808
-0.04580358
0.02510697
0.01362620
-0.03518452
-0.01959288
0.04346040
-0.02634310
0.02409312
-0.03079132
0.03885354
-0.00847006
-0.03456562
0.04461820
0.01664039
-0.02748008
-0.04299517
0.01405414
-0.05166079
0.05066612
-0.02455906
0.01819711
-0.01331307
0.01537512
0.03049011
-0.01407342
-0.02278985
-0.02016218
-0.03350120
0.00822938
-0.02393725
-0.00894818
-0.02981849
0.00555066
0.03168343
0.01285135
0.00817634
-0.03345701
-0.01405225
0.00773908
-0.01233374
0.03470881
0.01053568
-0.04454490
-0.00656700
-0.05325407
0.02383595
0.03771685
-0.02879742
-0.01746958
0.00953413
0.04293341
0.03693672
-0.01187959
-0.03902657
-0.03221175
0.03957542
0.03984867
-0.00711897
-0.02430808
0.01470649
0.00829236
-0.04775268
-0.02827284
-0.03488801
-0.01989571
-0.01453179
0.01738179
-0.03560042
-0.00497816
-0.02780293
-0.03909118
-0.00429841
-0.00926184
0.01650930
0.01401624
-0.03298035
0.00316637
-0.03777919
0.02494950
-0.01624257
-0.00615809
-0.04874071
0.01661486
-0.04351457
-0.03078927
0.02235167
-0.02179446
0.03010777
-0.04646007
0.02778247
0.03396105
0.04574850
0.01288390
-0.05118392
-0.01807431
-0.02951187
-0.03188851
0.02106993
0.02080219
0.01279734
-0.04890168
0.02332441
0.04371560
0.04095085
-0.02340109
-0.03320985
-0.04228836
0.01416010
0.02597836
-0.04268499
-0.03018774
-0.02815549
-0.01853683
-0.01724309
-0.01406878
0.04580897
-0.05272790
-0.01400714
-0.04060949
0.01964869
-0.02866959
-0.01964623
-0.04187806
0.04362779
0.02271871
-0.04343136
-0.01939922
0.01670541
-0.01367716
-0.02854110
-0.04088106
-0.01542610
-0.05289089
-0.00655243
0.01639833
0.03241460
0.04863033
-0.04948942
-0.00944521
-0.04744677
0.02041193
-0.04468569
0.01446786
-0.03902420
0.00393872
0.01094669
-0.05223650
0.04352368
-0.02697274
-0.02093644
-0.02802307
0.01260134
-0.02091275
0.01631913
0.00961662
0.00432745
-0.05394894
-0.00325940
-0.04689145
-0.05058472
0.00725238
-0.03214651
-0.03084712
0.03289181
0.02197306
0.02016937
-0.01959551
-0.03803983
-0.00533543
0.04635022
0.00000554
-0.02521257
-0.01943597
-0.01913973
-0.00065179
-0.02490319
-0.03454981
0.04327062
0.03473903
-0.04317200
-0.03467470
0.03737111
0.03803652
-0.02432096
-0.02875330
-0.02038243
-0.01262487
-0.02192914
-0.02884210
0.02301151
0.00844551
0.02939318
-0.04021716
-0.01321290
-0.01991744
0.03871885
-0.03519130
0.00595228
-0.04851092
-0.02923965
-0.00507992
-0.03165078
-0.03697242
-0.02829148
-0.05135501
-0.02947777
0.03453307
-0.00971583
0.03716430
0.02617138
-0.00139913
-0.04007493
-0.04978575
0.05015476
0.02835567
-0.01678096
0.02986384
-0.03744834
0.02464687
-0.04687807
0.01979491
0.03735843
0.00631946
-0.02607640
-0.02361612
0.01576368
0.03021077
0.04938712
0.03559704
-0.00539466
-0.04423589
0.00586515
-0.02798219
0.04280654
-0.00461249
-0.03550361
0.00075924
-0.00592302
-0.03630545
0.00450935
0.01101073
-0.00850136
-0.04690452
-0.02060790
-0.00297221
0.03904984
0.03497050
-0.04798338
-0.03167642
-0.03799556
0.02855278
0.00717628
0.01769875
0.01974101
-0.03554277
0.00644259
0.02590079
0.01050989
-0.00271744
0.02388643
0.01939145
-0.02694099
0.00295059
0.02887290
0.02851902
0.04139139
0.02709720
-0.01059322
-0.04489432
0.01549103
0.01216351
-0.01795689
-0.00065865
-0.02568902
-0.02186371
-0.00568663
-0.01854670
0.01426005
0.02511684
-0.00345633
0.03698279
-0.00545549
0.04260063
-0.04668924
0.04032214
0.00531852
-0.02119117
0.00240750
0.01992144
-0.00782326
-0.01848091
0.00642629
-0.03992830
-0.00912065
0.03984054
-0.04076153
-0.04727677
0.02226641
0.02483121
-0.04426805
0.01631492
-0.02715022
0.00544562
-0.02018638
-0.02031929
-0.02927771
-0.03485928
-0.03792183
0.03760603
0.01083308
-0.00377017
-0.01465834
0.01353817
0.01291036
-0.00870581
0.00338753
0.02592721
0.03370682
-0.03335037
0.04716766
-0.05141456
-0.04874369
-0.01682714
-0.03420321
0.01333499
-0.03513376
0.01052987
-0.00188336
-0.02587628
-0.04949316
-0.01868566
-0.01814958
0.05240669
0.00236366
-0.02599961
-0.01477683
-0.00004705
0.02799933
0.04742691
-0.03312457
0.00727177
-0.00617471
0.02216738
-0.00312552
-0.01062707
0.01116996
0.04367955
-0.03281618
-0.01555910
0.02444683
0.00909077
0.04746174
-0.00775388
-0.02410910
-0.03415737
-0.03083050
0.00117820
0.02600793
0.01628953
0.04248243
0.02373302
-0.00882128
-0.02550426
0.03515493
0.03051370
-0.01514683
-0.00566396
-0.04413583
-0.04811766
-0.02867796
-0.04740548
-0.03273210
-0.02824493
-0.04925470
-0.03740497
-0.04807378
0.00797941
-0.03695078
0.02774211
-0.03979447
0.01328303
-0.04545836
-0.00632649
-0.02512955
0.03699174
0.03392668
0.02844002
-0.02298814
-0.02348440
-0.04819316
-0.01960631
-0.02336179
0.01636866
-0.00824855
0.01178459
-0.02064268
0.00306823
-0.02765172
-0.03291547
-0.00761832
0.02530001
0.00282273
0.02190279
0.02998949
-0.01393190
-0.00191440
0.01155679
-0.02673698
-0.04560793
-0.00538134
0.02111018
0.02512269
-0.00763163
-0.02180825
-0.03085149
0.03584625
0.01000009
0.02428381
-0.05028249
-0.01219650
-0.00040831
0.00474513
0.02567661
-0.04435463
0.02404789
-0.00818440
0.02500643
-0.05327798
-0.05961053
-0.06584246
0.00378148
-0.04164675
-0.04724246
-0.00396501
-0.02004435
0.02896139
-0.05268278
-0.01649740
0.03426821
-0.04361621
0.01474685
-0.01916023
-0.01826805
0.00450843
-0.00392361
0.03798764
0.00649824
-0.04263851
-0.01876536
-0.02039235
-0.01104242
0.03864405
0.00665057
-0.02572328
0.00964659
-0.03133882
-0.02415467
0.02116450
0.01832345
0.01547109
-0.00368739
-0.03639518
0.00307578
0.00527715
-0.03873496
0.04026478
-0.00090482
-0.03445733
0.02419053
0.03582480
0.02726799
0.04111196
-0.04496795
0.03221608
0.01954345
0.03321551
-0.02418196
-0.02809093
-0.00415713
-0.02432786
0.04450684
0.01408577
-0.00655650
-0.00311421
-0.00941300
-0.04638858
0.03228076
-0.02953313
-0.03302688
0.01791937
-0.00947894
0.02834699
0.07144919
0.00640889
-0.01968436
0.01147915
0.06400220
0.04348817
0.03934002
-0.01689853
0.04303846
-0.03777625
-0.00765292
0.03410142
-0.00520814
-0.03810984
0.04585354
-0.04331316
0.02114379
0.04380766
0.03624560
0.02799019
0.01844274
-0.02596368
0.04923933
0.04496854
0.00388377
0.00062435
-0.03616511
0.04270833
0.02206440
-0.01488212
0.00339678
0.03807163
0.02209634
-0.03001411
0.03676232
0.00938703
0.00806387
0.01590820
-0.04287865
0.00967032
-0.03679579
-0.03204072
-0.02225843
-0.04837083
0.00348707
0.03432427
0.04924517
-0.00139571
0.02458029
0.05655776
0.00993432
-0.01977104
0.04136044
0.03753629
-0.01652568
0.02128632
0.02839948
0.00135478
0.04688602
-0.04663264
-0.04873085
0.02682593
-0.02119280
0.02921318
0.04872184
0.02524533
0.01897510
0.02335889
-0.04041744
0.01013392
0.00856805
0.00921185
0.00722224
0.03157514
0.02773387
0.01630327
-0.02881531
-0.04512657
0.03181703
-0.01339765
-0.01046228
0.01888423
0.04499746
0.04700202
-0.00231660
-0.01980346
0.04607861
-0.04040161
0.06642187
0.01929194
-0.03908418
0.03091497
0.01840928
-0.02381863
0.04531457
0.01760809
0.05204965
0.02835638
0.00131863
-0.00483938
-0.02572703
-0.01931472
-0.02903792
0.02385595
0.04136321
0.01349643
0.00812212
0.03625244
-0.03370989
0.00231466
-0.02179237
0.04280362
0.03815462
0.01550058
-0.02587575
-0.00736838
0.04691729
0.03164463
0.01155841
0.00944951
-0.00029583
0.02464461
-0.03012226
-0.04648470
-0.00116661
0.01077238
-0.00151010
-0.02660156
-0.02852548
-0.04593335
-0.02321211
0.03254103
-0.01952208
-0.03514522
0.03307333
0.04848197
0.04478654
0.00068678
-0.04975690
-0.00961301
0.03093401
-0.01646129
0.04432663
0.02127069
0.03756930
-0.05625154
-0.00641326
0.00139087
-0.03628041
-0.01213011
0.03286703
-0.03294882
-0.01937764
-0.04126135
0.01768249
0.01747736
0.02693121
0.00741759
-0.00837712
0.04322125
-0.03900436
-0.02956083
0.00590658
0.03785418
-0.04889618
-0.01276484
-0.05207209
0.05026841
-0.05490015
-0.02607354
-0.03245721
0.01949860
-0.00141575
-0.00173897
0.03630344
0.00901078
-0.00264720
-0.00388100
-0.02204343
-0.04558444
-0.05744397
0.03296145
0.01264620
0.01344200
-0.03878887
-0.02819022
-0.01987287
0.01737159
-0.04820073
-0.04150919
0.02862047
0.04548800
0.02531492
-0.02138150
-0.05627088
0.03482059
-0.00294340
0.03925547
-0.05461843
0.04733023
0.02307756
0.02539903
-0.03886785
0.01383022
0.02690717
0.04747396
-0.04202492
-0.01471521
-0.04953881
-0.04226469
0.03931536
0.01880757
0.00546512
-0.00623594
-0.04787640
0.04124034
-0.03537923
-0.04901668
-0.00516309
-0.01958500
-0.04785434
-0.00122412
0.03888808
-0.02236729
-0.01410944
-0.03210303
-0.04256380
0.00589720
-0.03481780
-0.00757776
0.01719091
-0.00351462
-0.02308431
0.01266291
-0.00174113
0.00580146
0.01198187
0.03378550
0.01074229
-0.03272495
-0.03451683
-0.00338156
0.01347997
0.01698909
-0.00171067
0.01367225
-0.01046027
0.01475838
0.02565193
0.02655083
0.02222437
0.00940355
-0.02388306
-0.01940651
0.00818989
0.03809281
-0.04192149
0.04044111
-0.02309788
-0.01727057
0.02590286
-0.00438346
0.03778157
-0.00183890
-0.03534625
0.01725405
0.01914368
0.02503412
-0.01355801
-0.02369941
-0.01494866
-0.03390101
-0.03798605
0.04924483
-0.04762036
-0.03735645
0.00584855
-0.02599215
-0.04480409
0.02303375
-0.01222884
0.01297188
0.00972395
0.00847924
-0.02224287
-0.00980153
-0.01514072
0.04130663
0.01756357
-0.01991080
-0.00348032
-0.03348761
-0.02722530
0.05063348
0.02058917
-0.02104135
-0.00290614
0.04625829
-0.02243359
0.02282863
-0.03537484
0.02498194
-0.03733941
-0.00736638
0.00415745
0.03172391
0.02085759
-0.01297719
-0.01861497
0.02880006
0.04260166
0.00108360
0.04537878
-0.03364630
0.01789981
-0.04439051
0.03441680
-0.01571566
-0.01421436
0.03272811
0.02153949
-0.05239619
0.00731215
0.01232017
-0.05489897
-0.03364078
0.04570296
-0.02357154
0.01608343
0.01545918
0.02321697
-0.03658357
-0.02423343
-0.02880251
0.00489768
-0.04883486
0.00339993
-0.06464469
-0.00098546
0.04591534
-0.03254241
0.01300244
-0.03903240
-0.01592167
-0.00704243
0.00976325
-0.04888486
0.01298144
0.00871323
0.03296657
-0.03610407
0.01542981
0.02021888
-0.02919588
-0.06114957
-0.04082020
-0.03180011
0.02679876
-0.03808650
-0.01471690
-0.04413579
-0.00964104
-0.03734034
0.03273337
0.03563891
-0.01169973
0.00699988
0.06371230
0.00013775
0.01192263
0.05446336
0.03332347
0.05791448
0.02227188
0.01570557
-0.02834715
0.05206056
0.03941489
0.05181880
-0.03777620
0.04503820
0.04895455
0.00047575
0.00488153
0.07958620
0.04656665
0.00447390
-0.02445246
0.08408167
-0.01202908
0.06101802
0.02574745
0.06378639
-0.02364671
-0.01790266
-0.00079334
0.02313242
0.02221064
-0.04371192
0.01551861
0.04845577
0.05869092
-0.03330895
0.01455845
0.00149660
0.01790339
0.01103520
0.02507999
0.00915043
0.04354206
0.02491696
-0.04701502
0.02976110
0.03462533
0.00965241
-0.00161170
0.00973415
0.00618944
0.04753179
0.03824326
0.02763607
0.01427510
-0.04159042
0.01337652
0.02047907
-0.02584261
-0.04628861
0.03877715
-0.01719153
0.03709370
0.00239285
0.00000482
0.03474221
0.05557536
0.03551560
-0.04096096
-0.02039391
-0.00197943
-0.03686577
-0.04195074
-0.04386942
-0.01424333
-0.03485008
0.02458427
-0.00887693
0.03509524
-0.02190910
-0.00410756
0.04654156
0.08825018
0.01576557
0.03846774
0.06892613
0.00221114
0.00088437
-0.02236065
-0.00503161
0.00547421
0.03370207
0.01539567
-0.02192435
0.02560193
0.00198273
0.00042874
-0.01463900
0.04744712
-0.03337325
0.02134320
0.04479605
-0.00232267
0.02835190
0.03515124
0.04666919
-0.05084378
-0.03106647
0.05296747
-0.00459502
-0.04581118
-0.03010014
0.04752955
0.05714367
0.04405616
0.02613654
0.02959862
0.06956244
-0.02529518
0.00968677
-0.02849623
0.06168989
-0.00882235
-0.03560708
0.01937358
-0.03773805
0.01313837
0.04058091
0.01325766
-0.02305244
-0.01109351
0.03287504
-0.02949121
0.03551982
0.01241436
-0.01327186
0.01659223
0.02545272
-0.02937813
-0.03623436
0.02222724
-0.00777645
0.02973912
-0.04770823
-0.03186559
0.03536780
0.03014549
0.04467628
0.01470131
0.04500920
0.01436021
0.00166572
-0.04567835
-0.02595990
0.00294458
0.02038988
-0.04007486
0.00746559
-0.04842712
-0.00388086
0.00275544
-0.02893005
0.05227342
0.06078545
-0.03100993
-0.03849456
0.00683936
-0.00510593
-0.05075724
0.05681540
-0.04274879
0.01702404
0.01007036
0.04648738
-0.01247487
0.01030672
0.02229671
-0.03531418
-0.01105530
-0.03146375
-0.02200778
0.01316725
-0.03451522
0.04971853
-0.04388905
0.01782982
0.03167804
0.03390113
-0.03650585
-0.02351279
-0.03942296
-0.01999793
-0.03158398
-0.06393741
0.01738884
-0.02013215
0.03902826
-0.01374884
-0.05411635
-0.00416276
-0.04331103
-0.00433007
0.04430791
-0.00086958
-0.00511758
0.02094288
-0.00738276
-0.00546183
-0.02812355
-0.05197194
-0.08401344
-0.00763210
-0.00427477
-0.05412392
0.00128877
-0.01641218
0.03849358
-0.06406522
-0.01939354
0.01472330
0.04862291
-0.02371005
0.00003479
0.02097088
-0.00361147
-0.04664849
-0.02305901
0.03312037
0.00414665
-0.02325158
-0.02366404
0.00644111
-0.00357394
-0.04012835
0.03656085
-0.01791470
0.01074486
-0.01951370
-0.00615189
-0.00918941
-0.03022633
0.01874491
0.02308897
0.02648881
-0.01710362
0.00987103
0.02117977
0.03047105
-0.01614581
0.05800638
0.01080979
0.02731845
-0.04450672
-0.01679632
-0.00209962
0.04722194
0.00713894
0.02065561
0.01550388
-0.02388140
-0.04483972
0.03113688
0.04317961
-0.02326681
0.01055803
-0.02335860
-0.00249840
-0.00098096
0.02748256
0.01963527
0.04237786
0.00956261
-0.03311998
-0.05030458
-0.09342129
-0.06911349
0.03874991
-0.01259575
-0.01800517
-0.03890207
0.01606271
-0.06921153
0.00449688
-0.01189141
-0.05138068
0.02805857
-0.02344199
0.04554372
0.00399453
-0.04183419
-0.04272822
-0.01129413
0.03654492
-0.04450354
-0.05304639
-0.03388389
0.04154406
-0.00993203
-0.04293214
-0.03982807
-0.00334500
0.04342037
-0.04466536
-0.02095103
-0.04004095
-0.06158251
-0.06184269
-0.06749900
-0.04896183
-0.02447600
-0.02476884
-0.04722614
0.00486538
0.01269832
-0.01908000
-0.00110664
0.00276684
-0.03715028
-0.00241404
-0.01267353
-0.05216968
0.01054410
-0.04978635
0.02311203
0.03186878
0.01305802
-0.04899688
-0.00919652
-0.00833037
-0.05157939
0.02121302
-0.02922979
0.00559974
-0.04689303
0.00631134
-0.00127235
0.02993152
-0.06374985
-0.10724121
-0.00394727
-0.02128989
-0.08575279
-0.03644649
-0.07112635
0.02949314
-0.03360944
0.00969310
0.02487246
-0.00508095
0.03583341
0.03857092
-0.01487571
-0.02148519
-0.09889858
-0.05063269
-0.02460600
-0.03066429
-0.03419347
-0.05321505
-0.02288852
0.00334346
-0.06970838
-0.00113579
-0.05295343
0.03002526
-0.00541977
0.01578810
0.00154332
0.02926666
-0.08651792
-0.06877235
-0.03889719
-0.02805060
-0.06017233
-0.01918398
-0.05366332
0.01136104
-0.06260891
-0.01815614
-0.06785818
0.01521504
0.03069590
-0.00268209
0.00687146
-0.02309604
-0.01090131
-0.04132910
-0.07393721
-0.02787728
-0.02139186
0.04544426
0.02728315
0.03903322
-0.04530375
0.01306968
0.03469357
-0.01819739
-0.02159427
0.02762434
0.01455361
-0.02815306
0.00615933
0.03007054
-0.04723418
-0.00702244
0.04487939
0.00897296
-0.00751283
-0.02515183
-0.01429478
-0.02768024
-0.01091033
0.04050191
-0.04611645
-0.04101235
0.04062565
-0.04038305
-0.04643768
0.00823911
-0.00557925
0.00144799
0.03107242
0.02205958
-0.02221593
-0.01446257
0.01462684
-0.04488368
-0.02689965
-0.01888064
0.02681766
0.02276687
-0.00891747
-0.02774582
-0.00374390
-0.00987817
-0.03957934
0.03382847
-0.01281812
0.00575893
0.02720684
0.05078935
0.00938808
-0.01272925
0.02077374
0.02647859
-0.04749745
0.02991418
-0.00167288
-0.00938625
0.07920048
0.02926298
0.04793179
-0.03604671
0.01425691
0.06379186
-0.00733497
-0.01987264
-0.02557251
0.01519127
0.00447694
0.05484192
-0.03701511
0.03612638
-0.01373844
-0.02156858
0.10053025
0.02462316
0.01445465
0.01500874
0.08931436
0.02508077
0.05883703
-0.02369746
0.02753323
0.01079435
0.03950830
-0.01089494
0.03705669
-0.00879651
0.03492562
0.04723083
0.06507246
0.07664292
0.03516092
-0.03390802
0.05542430
-0.04075933
0.05175380
-0.02348148
0.03687887
-0.00008480
0.02482757
0.03289085
0.04434986
-0.02251499
0.04121558
0.00106739
-0.00588405
0.06904400
0.05437850
-0.02034160
-0.01495293
0.02198515
0.02748726
0.01772941
-0.01862811
-0.02136289
-0.00702716
0.03830314
0.03245895
0.00941481
-0.01523963
0.02264502
0.08630690
0.10356846
0.08637793
0.01037499
0.11073158
-0.00411140
0.06295199
-0.00670813
0.08529980
-0.00702622
0.04044078
0.02634222
-0.00213626
-0.03264453
0.03537318
0.00937048
0.01988502
0.11066509
0.11678094
0.03569843
0.03000937
-0.01206991
0.01006805
-0.04996606
0.04085483
0.04629984
0.06127080
-0.00028059
-0.03300112
-0.01311570
-0.00996107
0.01343928
0.05717331
0.06484514
0.01979531
-0.03835472
0.08064317
-0.03724724
0.02232724
-0.03325002
0.07959118
0.03172716
0.05210868
0.01842759
-0.01999921
-0.01050512
-0.00673928
-0.03552165
-0.05110243
-0.03527183
-0.00731915
-0.02901031
0.04659971
-0.04500434
0.02607132
0.01458874
0.04065418
-0.00740034
-0.00767051
0.03246497
0.02057035
0.04534440
-0.00185606
0.02274538
-0.00798772
0.00287478
0.03914294
0.01977730
0.04815760
-0.00530203
-0.04098891
-0.03149714
0.01264356
0.03599250
-0.03400338
-0.01319003
0.04914991
-0.01826408
-0.03600026
0.02750071
0.00478569
0.06150496
0.07317846
-0.01200917
-0.00819371
-0.00978788
0.01109071
0.02077714
0.05757807
0.04400266
0.04055035
0.02331579
-0.03800393
-0.00259727
0.02979423
-0.02852236
-0.02061290
-0.03681230
0.01897208
-0.00498951
-0.03005459
-0.02460217
-0.02607199
0.01144794
0.00899976
0.01342571
0.03381481
0.02671273
-0.00792205
0.04534462
-0.00713272
-0.03229898
-0.02874079
-0.05162612
0.01768181
0.01232214
-0.01923145
0.02111444
-0.01034659
-0.00347933
-0.02533866
0.03153880
-0.03335273
0.02905563
-0.04437824
0.00269129
-0.04836705
0.03704428
-0.01311809
-0.05355028
0.01481731
0.01624222
-0.06098528
-0.04171700
-0.02202205
-0.02343063
-0.06750537
-0.02845482
-0.01182217
0.00712486
0.00380040
0.01759727
-0.00773237
0.01317998
-0.07610060
-0.05798227
-0.05740116
0.00265800
-0.01658978
-0.01112983
0.01691077
-0.00594406
-0.06371158
0.02698396
-0.05006546
-0.01198524
-0.00164040
0.00339577
0.04588601
0.04454779
-0.03616042
-0.01463470
-0.03490606
0.03776893
-0.05322829
-0.03634369
-0.06809302
-0.03948390
0.01245880
-0.02781136
0.01274708
-0.00270293
0.01180894
-0.03985781
0.04304674
-0.02563380
-0.02499357
-0.06629196
-0.02305356
-0.02934052
0.00007208
-0.04872942
-0.04411328
-0.04161789
0.01312593
-0.03147578
0.03806414
-0.02155778
0.00752317
0.00224057
0.00094250
-0.03614584
-0.01157691
0.02507323
-0.00682792
0.03958257
0.00186872
-0.04983743
0.02480387
-0.04127609
-0.04158794
-0.00070036
-0.03240647
-0.04554929
-0.00094996
-0.04958199
-0.00078521
-0.01718218
0.01997485
0.01343153
-0.05129082
-0.03264431
-0.01123085
-0.04123567
0.00347210
0.00702820
0.00926542
0.03210306
0.03922358
0.02674900
0.02427108
0.01869209
0.01816565
-0.05904396
0.01530519
0.00718662
-0.04890939
0.03627820
-0.05728587
0.02032645
0.01145651
0.03892461
-0.06173840
0.04994492
-0.04182972
-0.04137458
0.00480448
0.01188116
-0.01731285
0.00807626
-0.01405233
0.04893307
-0.02039267
0.04621191
-0.02281679
0.03293913
0.03814771
0.01724699
0.05403315
0.00050686
0.04691458
-0.02617671
-0.01744804
0.03641944
-0.03958372
-0.01206038
-0.04092241
-0.03797895
-0.04834281
-0.03880939
-0.00457087
-0.02426356
0.03630039
-0.03131448
0.05103148
0.04631287
-0.01007611
-0.03541667
0.03002704
-0.00262709
-0.04658164
-0.00041899
-0.05512041
-0.07544688
-0.06379929
0.02538698
-0.03880834
0.02608708
-0.01519440
0.04987575
0.02359629
-0.04760889
-0.02209081
0.03288613
-0.01499771
-0.00636167
0.04605942
0.00533034
0.01106118
-0.01510215
0.03071992
-0.03991778
-0.00198350
0.00868261
-0.01322844
-0.03457253
0.01176507
-0.01235177
-0.00872849
0.04127183
0.03059538
0.01851604
0.01704079
0.02744103
-0.01093997
-0.04365383
-0.03387580
-0.01211695
0.01185596
-0.03980373
-0.04752447
0.01616677
-0.00450656
0.03608342
-0.03338074
-0.03042388
-0.03653923
0.03108327
-0.00268064
0.02451548
0.01971229
0.01863390
0.03350847
0.04249628
0.03201888
-0.03729241
0.01136845
0.00862186
0.03717417
-0.04908897
-0.03944469
0.01077385
0.03585253
-0.02751414
-0.01064393
0.04883568
-0.03254863
-0.02427750
-0.01048810
-0.02816307
0.00693509
0.01396854
0.00834114
-0.01050379
-0.00435734
0.04464173
0.04603190
0.00469064
0.02843455
-0.04036438
0.04395140
0.03360220
0.03649470
0.02395611
0.00146357
0.01350669
-0.00842165
0.04803183
0.01907385
0.01657278
0.02772585
0.04787726
0.02243131
0.01597000
-0.02178244
-0.03789172
0.03964064
0.04649627
0.04496538
0.01729300
0.04173851
-0.00384498
0.04568035
-0.00838893
0.01719583
0.04229544
-0.01775721
0.02573891
-0.03231050
-0.00766719
0.00385642
-0.03976368
-0.01618612
0.03159913
-0.01203328
0.00644828
0.00194505
0.00208737
0.01071733
0.02091240
0.00986646
0.03253198
-0.00644796
-0.04560198
0.02455839
0.01366979
-0.02431867
-0.01237874
-0.01716435
-0.03692012
-0.00825108
0.05304094
0.03490878
-0.01296385
0.02989247
-0.04535179
0.05332584
0.04580517
0.03344414
0.03868290
0.00315751
-0.03943616
-0.01102258
0.02578217
-0.03143225
-0.03578031
0.03775091
0.04581691
-0.01672786
-0.01009202
0.05031920
0.02365899
-0.02234868
-0.02616621
-0.01925470
-0.04657161
0.03645984
-0.03417643
0.01882583
-0.02754825
-0.04225579
0.01451644
0.00836313
0.05684206
0.01630964
0.03549179
0.04309202
-0.01946751
0.04451128
0.02180426
-0.01544978
0.04378683
-0.03436201
-0.01795325
0.04554873
-0.04289938
0.05136526
0.01443166
0.04126268
-0.01435679
0.04217648
0.04679237
0.06866164
-0.03456800
0.04379783
-0.04021560
-0.03023017
0.04978965
0.05562574
0.00520368
-0.00384913
-0.05046601
0.03621576
0.01360838
0.04220301
0.02407100
-0.00853068
-0.02251715
-0.04132053
0.01071886
-0.04482708
0.03233558
0.02436506
-0.02114425
-0.02100167
0.03013027
-0.02795153
0.02575720
0.01999325
0.02852423
0.04325671
-0.05544902
0.01429638
0.03596026
-0.04870877
-0.01235528
-0.04761137
0.01833214
-0.02014362
-0.01902023
-0.02290374
0.04100712
-0.03121861
-0.02726997
0.00360774
-0.01702997
-0.01660322
-0.02281794
0.02960940
0.04415619
-0.01783606
0.02540952
0.01947749
-0.01858543
-0.04197412
0.00612083
-0.03859377
-0.01453074
-0.04707710
-0.02970445
-0.01561045
-0.03561961
-0.02271063
-0.04497658
0.00002535
-0.03591005
-0.01572177
-0.00957900
-0.02589918
0.00773470
0.01331499
-0.02352954
-0.00708243
0.00742949
0.04800964
0.03509532
-0.04659756
0.01361689
-0.01371596
-0.02471454
0.02197620
-0.01559205
-0.01731069
-0.00680453
0.00221505
0.04659566
-0.01002887
0.03280421
0.02691405
0.03761197
-0.03701840
0.00745041
-0.03850785
-0.00492147
-0.00753329
0.02332314
0.04122270
0.02932483
-0.04795614
-0.00939853
0.01277839
-0.03621565
0.00147440
0.04719321
-0.04201219
-0.04419122
0.00695339
0.01527559
0.03097891
-0.01884687
0.02875317
-0.03390533
-0.03505083
-0.03430738
-0.01553458
-0.01813141
0.01320667
-0.00766019
0.01282647
-0.04200304
0.03966314
0.02686380
0.03005767
0.04266128
-0.01286561
0.02035076
-0.05398262
-0.05290917
-0.05576710
-0.00187242
-0.02505647
-0.00875380
0.01727941
0.04163725
-0.06267218
0.01680852
-0.05107995
0.02024595
0.01652728
-0.03720332
-0.01556603
0.03084798
-0.03129871
-0.03283943
-0.03299814
-0.02972272
-0.05871360
0.02791652
0.03537987
-0.02874742
-0.04135478
0.04143874
0.04281846
-0.03678389
-0.04105638
0.03042660
0.00116477
0.02862225
-0.01905430
-0.03613377
-0.03610855
-0.03051391
-0.03385011
-0.00321570
0.02458812
-0.00644160
-0.00882293
0.01869271
-0.00754047
-0.03475293
-0.02734606
0.02837157
-0.04171014
-0.03786312
-0.02467259
-0.03411488
0.03399800
-0.01322857
-0.02513325
0.03222372
-0.03097663
0.04403110
0.02174576
0.03724841
0.02003681
-0.02743318
0.03318308
-0.00418182
0.01370974
-0.00324394
0.04891936
-0.02315987
-0.01401831
0.02478331
-0.04051132
0.00210870
-0.02732898
-0.00090215
0.03032837
0.02390180
0.00440885
0.01524196
0.04080972
-0.02260599
0.02701905
-0.03939935
0.00136068
-0.04812135
0.03341341
0.04907762
0.02152075
-0.00118800
0.01385922
-0.00703461
-0.04264098
-0.03773859
-0.00882336
-0.02421832
0.03351749
0.02834162
-0.03714610
-0.00234216
-0.03087428
-0.03989508
-0.02951123
0.04142242
0.00635662
0.02670004
-0.04909914
0.00802719
0.03079101
0.00903548
0.01941197
-0.04009875
0.04138046
0.01874192
0.03783873
-0.01707879
0.00064393
0.03252452
-0.01352135
0.02124817
-0.00650189
-0.03929173
-0.02550508
0.01490124
0.04171237
0.02887907
0.04472590
-0.03910531
0.04981459
-0.03873579
0.04591301
-0.03251709
-0.04181800
-0.00548626
-0.02258705
0.00598378
0.01207961
0.04896743
-0.02713768
0.03977705
-0.02198749
-0.01856228
0.03310779
-0.04208894
0.01140831
-0.02407726
-0.03383275
0.03003131
0.01100076
-0.02514288
-0.02909271
-0.04205623
-0.02285592
0.00725700
-0.04142241
-0.00867848
0.04420823
-0.02062216
0.00424763
-0.04815758
-0.00701629
-0.02586445
0.02782587
-0.00969890
0.02232620
0.02596753
-0.01041999
-0.01947580
-0.03088087
0.04132682
0.01630850
-0.00842297
0.01752305
-0.03340126
-0.01164006
-0.02526860
-0.00589989
-0.03453849
0.00977367
0.04428047
-0.02030146
-0.05296686
-0.03466181
-0.02647885
-0.00027264
0.03986952
0.02122093
0.02759168
0.04140976
-0.00147353
0.04837111
0.00154918
-0.04660553
-0.03806499
0.02946286
-0.00136471
-0.03449754
-0.02807352
0.00467187
-0.02571428
0.00688126
0.01491750
-0.03626102
0.02168746
-0.01099010
-0.01033234
-0.00625593
0.01555916
-0.01953033
-0.04769110
0.01050489
0.04385517
-0.03397534
-0.02630668
0.05178675
-0.02039402
0.01093652
-0.01517177
-0.02753791
-0.00738455
-0.00782086
-0.03827049
0.02555134
0.03308808
-0.03958440
-0.01321423
-0.02262874
0.04187101
-0.01531396
-0.00171998
-0.03478886
-0.01867562
0.00271927
-0.01125141
-0.03630920
0.01838163
0.01611907
-0.01208155
0.03454036
-0.03979348
-0.04326526
-0.02812743
0.03377630
-0.01494015
-0.04714015
0.03754514
-0.02570756
-0.03258681
0.01366800
-0.02215391
-0.00597977
-0.02464724
-0.00265587
-0.04569963
-0.02736795
-0.04537853
-0.01665684
0.04353286
0.01324425
-0.04855598
-0.00560923
-0.04986118
0.02312881
0.01664222
-0.00900913
-0.02866673
-0.01583807
0.04206241
-0.00771515
0.03526585
-0.04334996
0.00808258
0.01522443
0.04429669
0.02207306
0.03955607
0.02197422
-0.02307087
0.01466051
-0.04090892
-0.00701500
0.03606672
0.00422929
0.01668146
-0.04698532
-0.03159549
0.03202953
-0.00066596
0.04255639
-0.04244792
-0.03763139
0.02592242
0.03133623
0.01956861
0.02413521
-0.02747926
-0.00483067
-0.02832760
0.02907805
-0.02320448
0.04786890
-0.04396442
0.01147581
0.04430800
0.02563716
-0.03028058
-0.01139216
0.00361392
-0.01224343
0.02553763
-0.01303144
-0.04001006
0.01483934
-0.02217301
-0.02764162
-0.02626299
0.03011162
-0.04039132
-0.02983009
-0.04585897
-0.02766060
0.02340470
0.03000931
-0.05044619
-0.02115615
-0.00375181
-0.01032564
-0.02039219
-0.03256902
-0.02081732
0.02705225
-0.00306637
0.01384999
0.02173703
0.01403774
-0.04937878
0.03992256
0.03607167
0.04319746
-0.00824343
-0.03933876
0.02685377
0.00328258
-0.01632426
-0.01811183
-0.02537619
-0.05481499
-0.01345886
0.02279839
-0.03299140
-0.04225980
0.02636961
-0.03493953
-0.01700335
0.04973207
-0.01627507
0.00003295
0.01864365
0.00593237
-0.01796707
-0.00860389
0.02245561
-0.03746818
-0.03947499
0.04151073
-0.04064916
0.00395592
-0.00234354
-0.00229081
0.04289957
-0.03969714
-0.00913552
-0.01645508
-0.04079845
0.05155632
0.01816728
0.00491899
-0.00978731
0.00976444
0.01868253
-0.00106798
-0.00066657
0.00816476
-0.02788267
-0.04493694
0.02419299
0.02495730
0.02310323
-0.00007531
0.06065112
0.06211016
0.00777585
0.05867406
-0.02810933
-0.01988554
-0.00620178
-0.01727692
0.00172013
0.03108889
0.01151153
-0.03769154
-0.05101841
0.04824940
0.02877000
-0.00388868
0.04758543
-0.00406775
0.02880697
0.00502667
-0.02731396
0.04820759
0.01555404
0.03477187
0.01169980
0.00736585
0.04144559
0.00686183
0.00903817
0.00331790
-0.00104511
-0.03818891
-0.03415186
-0.03580378
-0.01302406
0.02405218
0.02349276
0.00827034
-0.04110575
0.02523060
0.04382110
0.04247681
0.04964927
-0.00196527
0.04006060
0.04840172
-0.03578497
-0.00893984
0.03698361
-0.03176876
0.01331699
-0.00970953
-0.01908481
0.04993042
-0.02209664
0.03887805
0.03309120
-0.00000413
0.03831874
0.00510036
-0.00408844
0.00002504
-0.00725386
-0.02079741
-0.01388087
-0.04225686
-0.00076579
-0.03776248
-0.04363466
0.01459030
-0.04098520
-0.00486973
0.02810887
0.02631183
-0.00319946
-0.03656525
0.01658375
0.01366078
-0.04210135
-0.02170758
-0.00596040
-0.01252478
0.00474153
-0.03566855
0.01083142
-0.00877726
0.00012504
0.01429400
-0.00414858
0.04374583
-0.02786756
-0.03036657
0.04117134
0.00543533
0.01614022
0.01577029
0.04576220
-0.03121385
0.00296393
-0.04667138
0.02557785
0.03075323
-0.02627909
-0.03731590
-0.01182557
-0.02279625
0.00938089
-0.04258709
-0.01701974
0.03357683
-0.02757475
-0.04812676
0.01670358
0.01824366
-0.01012228
0.04433834
0.00767630
0.03432006
0.03455427
0.04092283
-0.02632666
-0.02656323
-0.01497660
0.03978732
-0.02318608
-0.01563215
-0.03710309
0.03849409
0.04085351
-0.03796326
-0.00718916
-0.00906170
-0.03552742
-0.00890493
0.00221783
-0.03889711
-0.01221264
0.03427567
0.02359455
-0.04778439
-0.04927758
0.04896243
0.00028252
-0.01750887
-0.04026955
0.03759652
-0.04524187
0.03971199
-0.04712256
0.02294808
-0.04059796
-0.03390653
-0.00319682
0.03835537
-0.00801663
-0.04345244
-0.02693045
0.01662143
0.04570593
0.04366895
-0.05095101
-0.00529907
-0.02199759
0.04028885
-0.01511515
0.01045857
-0.00369248
-0.00111900
-0.03550570
-0.03871386
-0.04384186
0.02908771
-0.04466598
-0.03180934
-0.02592218
0.03076983
0.01692857
0.00239594
-0.03637746
-0.02804929
-0.03979149
0.00600390
-0.00456400
-0.05286752
-0.02008270
-0.04274708
-0.00930371
-0.03495372
0.04640292
0.01910273
-0.04280684
-0.06090488
-0.04400295
0.00873746
-0.00039440
0.00646435
0.00195534
0.04062331
-0.00522095
-0.03600103
0.03159823
0.02536400
-0.02440486
-0.02067460
-0.00309206
-0.00250356
0.01782751
-0.03385469
-0.05374524
-0.06531731
0.00373658
-0.02596979
0.00259623
0.02902544
0.01713344
-0.02326690
0.00846623
-0.00940430
-0.02076520
-0.04363201
-0.03087614
-0.03612524
0.00554971
-0.03035233
-0.04088599
0.03066876
-0.00462628
0.01682489
-0.05005125
-0.00200128
0.01577305
-0.00987767
-0.03958599
-0.04385912
-0.01151835
-0.02495504
-0.00970945
0.03685553
-0.01479209
0.02413883
-0.05298776
0.01115695
-0.04670582
-0.02497677
0.02276132
-0.00426172
-0.00677097
-0.02065537
-0.02117491
0.04164230
-0.01309956
0.02431384
0.03003041
-0.02293565
0.02468055
-0.00626631
-0.03973809
0.00747187
0.04172003
-0.02534711
-0.01147201
-0.01022794
0.03503889
0.00994567
0.03205227
0.04161554
-0.02456747
0.03159131
0.02143279
-0.02798715
-0.04984601
-0.01469301
-0.01550849
-0.01916521
0.02300825
0.00190161
-0.03930967
-0.00095298
-0.00895047
-0.00522154
-0.04480100
-0.00884610
0.04633951
0.04294120
-0.02998623
-0.01066318
-0.04124835
-0.00306518
-0.03636950
-0.03089710
-0.04167863
-0.06174666
0.01520098
-0.04964072
0.00777879
0.03660497
-0.01127295
-0.02390384
0.02681405
-0.04119109
0.02095214
-0.04361051
0.01844896
-0.08021035
-0.03086577
-0.03416253
-0.01698001
-0.00320171
0.04592886
-0.06267820
-0.03147871
-0.00564478
-0.04391462
-0.03940962
0.00300891
0.03449949
0.02828435
0.03320725
0.03263877
-0.03179697
0.00013758
0.02126568
0.01128542
0.01069856
0.03620096
-0.04218050
0.01514328
-0.00158414
-0.02790529
-0.02087664
-0.00478980
-0.01671359
-0.00330530
-0.04791106
0.00638392
0.05347791
0.01674593
0.00204496
-0.01252682
0.04921873
0.03101739
-0.00466778
0.00123442
-0.02591830
0.02554274
0.03556791
-0.04129529
-0.00735764
-0.00823226
-0.04929193
-0.03350444
0.02248104
0.04499031
0.05017230
0.01243727
0.04372543
0.01198272
0.06293429
0.03359478
0.03838575
-0.04175239
0.02041714
0.02491956
0.03681892
-0.05090105
0.01945877
0.04048587
0.03550614
-0.01407428
-0.02456250
-0.04244554
0.03113938
0.03064310
0.05176516
-0.03432643
-0.01574901
-0.00231078
-0.00379924
0.03713245
-0.04726718
0.02346833
-0.01814582
0.02616309
0.05112335
-0.03152239
-0.05597112
0.02997347
-0.00519000
-0.02855243
0.01536513
0.01203658
-0.04289075
-0.01538846
-0.03458552
-0.03117443
-0.03968668
-0.01359669
-0.03223313
0.00080847
-0.05749174
-0.00648995
-0.01216423
-0.04750700
0.00020306
-0.00898528
0.00703366
0.01279852
0.02091329
-0.03154102
0.02818216
0.03849920
-0.00626378
-0.00491370
0.04913852
0.04119176
-0.01735076
0.04147672
0.00318637
0.03626592
0.01635170
0.01112166
-0.02430004
-0.02017010
0.03133949
-0.00667221
0.02807461
-0.02721457
-0.03786439
0.01296778
0.01689711
-0.00457680
0.02956507
0.07690422
0.02758178
0.02713653
0.03548467
0.01674199
-0.02058493
0.04887014
0.00197021
-0.01468473
-0.00058661
0.03935550
-0.04404717
0.01499832
0.04553241
0.05737321
0.04265798
0.06416091
0.08253703
0.01602192
0.03698207
0.00183056
0.04314521
-0.04866628
0.06882071
-0.03705540
0.00131017
-0.00999494
-0.02196582
0.02166203
-0.00466845
0.01501708
0.03497265
0.08188508
0.07495157
0.02059244
0.06457363
0.04908843
0.05969311
-0.04033767
0.07375551
0.02635661
0.03228384
0.00986809
-0.03722201
-0.00527251
0.03139071
-0.00949883
-0.01426339
0.01819209
0.01405825
0.03037042
-0.05727654
0.00818466
0.00695929
-0.03852955
-0.05340922
-0.03578684
0.03049203
0.01177201
0.02311958
-0.04047812
0.00365334
0.00357779
-0.06171249
-0.00966269
0.00460108
0.00764336
-0.05643311
0.03944384
0.02530661
0.00963326
-0.06731646
-0.01076931
-0.04915671
-0.02739935
0.03807223
0.00485388
0.04412397
-0.02145025
-0.07807859
-0.05136774
-0.06860580
0.04673206
-0.09300005
0.04493493
-0.03575412
0.04449199
-0.00120718
0.02580432
-0.06460226
-0.00208471
-0.04203081
-0.04234138
-0.03085768
-0.03085035
-0.00020127
-0.01909418
-0.09107047
-0.01277657
-0.04963454
0.03297220
-0.02783745
-0.04944186
-0.00668679
-0.00720387
-0.01554058
-0.03724474
-0.01964460
-0.01792946
-0.02376936
0.02468953
-0.01504964
-0.06515272
-0.07822576
-0.04649968
-0.10132982
0.00221115
-0.00684965
-0.03331846
-0.06259414
-0.02316316
-0.00324601
0.04967064
0.00284498
-0.02054270
-0.00016029
-0.00222016
0.05642766
0.04989946
0.07397178
0.02510103
0.07611308
-0.02286296
0.08375317
0.01204351
0.06992589
0.02043159
0.00338442
-0.00769585
0.01079325
0.01310231
0.01238124
-0.01876443
0.10594527
0.10361758
0.05203930
-0.03344749
0.09228767
0.05494331
0.07483844
-0.03737029
0.03146918
-0.03023091
0.04043921
0.00775405
0.05104880
0.04337120
-0.01717575
0.03517126
0.10016729
0.09365499
0.03628951
0.05710125
0.05683329
-0.00529863
0.02036276
0.00389800
0.02834661
-0.04834276
0.04809121
0.01068796
0.00366712
-0.03282081
-0.05578428
0.05484856
0.04529089
0.08617613
0.05233157
0.02985340
0.11591025
-0.01542079
0.08546672
0.01485752
-0.00283174
0.03527626
0.02076081
-0.00093180
-0.03588419
-0.03302533
0.02191695
0.06303244
0.07748135
0.04576187
0.06570616
0.01405377
0.00454201
0.04832589
0.04809327
-0.03922005
0.00463238
0.00786610
0.04114418
-0.01666555
0.00542832
-0.02576755
-0.01882433
-0.03195438
0.08177605
0.09431341
0.10179118
0.00813322
0.06898537
-0.00175053
-0.01506815
-0.03880040
0.01710801
0.04014089
0.06833509
0.00007518
0.03615771
-0.02767809
0.01304662
0.00908558
0.09429089
0.03492248
0.13305330
-0.01048072
0.08465540
0.00363204
0.06296787
-0.05414056
0.03937572
-0.04688849
0.08153660
0.03706687
-0.03911438
0.03634560
0.01453775
0.03607867
0.11894951
0.12049470
0.05110290
-0.03230953
0.04614145
0.02494606
0.08625162
0.01981054
0.06383292
-0.04600763
0.01193622
0.00848893
0.00288151
0.03104257
-0.04641537
0.00395085
0.03595010
0.05844242
0.05230647
0.04401773
0.05349779
0.05819898
0.05449346
-0.00423326
0.11675487
-0.03394615
0.02178613
-0.00903381
0.02428900
-0.03586295
-0.00046009
0.06514058
0.09292118
0.06303600
0.11528344
-0.01175320
0.07561767
0.05743753
0.05197451
-0.00408888
0.08683093
-0.04353905
0.03935020
-0.01036034
-0.04376246
0.04265119
0.00059851
-0.06920080
-0.06146073
-0.11931630
0.00392053
0.01216452
-0.10065509
0.00613244
-0.05214621
0.04066878
-0.00109237
0.04587223
0.01843903
0.01551334
-0.03032895
-0.02557433
0.04783490
0.02012031
-0.01652585
-0.08647162
-0.01847837
0.02607328
-0.01218308
0.01515008
-0.04868927
0.00519624
-0.03389992
-0.02287261
0.00031083
0.01872188
-0.01313134
0.00541213
-0.00962941
-0.06760962
-0.03097135
-0.09161951
-0.02755953
0.02261767
-0.04353558
-0.01771913
-0.03391360
-0.03549584
-0.01842909
-0.04032920
-0.03471912
0.02123682
0.03824117
-0.01796376
0.02533119
0.01988491
-0.05495111
-0.06411880
0.00788120
-0.02362300
0.01225251
0.01292255
-0.03705574
-0.00272066
0.02602513
0.04313887
0.02569709
-0.00672174
0.02690298
0.01842346
-0.01642808
-0.04225916
-0.08397502
-0.03713080
0.03604721
-0.04888120
-0.01405510
0.01695600
-0.07263181
-0.01036454
-0.04264724
-0.04869602
-0.04183662
0.02846601
-0.00527158
-0.01065299
-0.02675076
-0.00751555
-0.09346148
-0.08716112
-0.05609920
-0.00973917
-0.11978746
-0.01704858
-0.01622291
0.01844346
-0.05893449
-0.00824833
-0.06964388
0.02147176
-0.03883661
-0.03528519
0.02519402
0.00260838
-0.08715189
-0.10574085
-0.12754090
-0.02409865
-0.13268064
0.00422309
-0.02518650
-0.04002007
-0.09624086
0.01744106
-0.03564529
0.00004298
-0.02490112
0.01004128
-0.01848894
-0.03629946
-0.11523768
-0.13790271
-0.10613543
-0.00923449
-0.09888460
0.03718510
-0.06122736
0.00904246
-0.05023630
0.03746692
-0.07534914
-0.00804035
-0.01900935
-0.00551749
0.01734431
-0.02174596
-0.05736661
-0.11722677
-0.05066685
-0.00891906
-0.10080314
0.02918833
-0.02881617
0.04793612
-0.05463389
0.04392482
0.01389846
-0.04052138
-0.02533877
0.00346503
0.03863370
-0.01595156
-0.01396705
-0.09914626
-0.00994376
0.03452111
-0.03450099
0.02005150
-0.04658013
-0.02931712
-0.03295682
0.02420763
-0.01497996
-0.03279773
-0.00323908
0.04437488
0.04733690
0.02773852
0.00028865
0.00546042
0.04761853
0.00731873
0.03682363
-0.02781929
0.03387121
-0.02552150
0.02189947
0.01063538
-0.03851692
0.02399632
-0.04347219
-0.00825376
0.01426376
0.01063232
-0.02090704
0.03590606
0.04964462
-0.03617297
0.05948366
-0.00199896
-0.01560887
-0.03343724
0.04495851
0.01163897
0.03903028
-0.01152086
0.00342861
-0.02120772
0.03552323
-0.00552498
-0.02933900
-0.06774464
0.02240328
0.01280864
-0.04010379
-0.02191529
-0.04055484
-0.02946236
0.03480063
0.00145138
-0.01047799
-0.01531346
-0.04023739
0.04588364
0.01096321
-0.02394332
0.00657092
-0.04254392
-0.04778675
-0.02137920
-0.03004695
0.04372838
0.02881097
0.04852010
0.00728717
0.00439213
0.01264676
-0.01706884
-0.03077854
-0.04287995
0.04097784
0.03674087
0.04529442
-0.00586883
-0.00850123
0.03799899
-0.04807442
0.04193825
0.02715518
-0.04696800
0.00546886
0.03004730
0.03871547
0.03808286
-0.03254493
0.01488399
0.02891780
-0.01245979
0.06360594
0.03449115
0.02831438
-0.01168471
0.02595840
-0.04313952
-0.01478229
-0.05029624
0.03230694
-0.01754062
-0.01556702
-0.00199758
-0.00802696
-0.03551770
0.03440411
-0.00903378
-0.03970568
-0.07009820
-0.01379497
-0.04658264
-0.00130656
0.04072395
-0.03868219
-0.03583073
0.03364110
0.04454903
0.03319116
-0.00476607
0.02342663
0.02772871
-0.03545125
-0.03303667
-0.04013563
-0.04329551
0.00451387
-0.00455313
0.02877849
0.00851457
-0.06180751
0.02293789
-0.01714161
0.03342633
0.00362306
-0.03551937
0.03994789
0.03650914
-0.00914570
-0.02772864
0.01775577
0.07727598
0.00122010
0.05523809
0.03273424
-0.03692874
-0.00313754
-0.03279589
-0.01900229
-0.00982956
0.05879452
0.05100741
-0.01030762
0.03824570
0.01207979
-0.02605401
0.05205501
-0.00129757
-0.02816469
0.01934331
0.01281980
-0.04360710
-0.02358914
0.04881163
0.05933396
0.00345977
-0.00424640
0.05056265
-0.00617788
-0.03795587
0.02299795
-0.00767630
-0.00180017
0.01215666
-0.02323205
0.00292923
-0.04485754
-0.01587722
0.00518711
-0.03635861
-0.03463835
-0.00422321
-0.01336026
-0.03149252
-0.03003219
0.00987778
-0.00775366
0.01508814
-0.03639966
-0.07319328
-0.07425187
0.03173226
-0.01490232
-0.01688404
-0.04000323
0.00596682
0.02268530
0.02441158
0.02084062
-0.02350042
0.04050473
0.03303475
0.02919523
0.02528384
0.02302971
0.01877883
-0.00964047
0.02171775
-0.02462652
-0.04878674
-0.05927150
-0.02635626
-0.05518628
-0.00112498
0.02004099
-0.04617349
0.02652257
-0.00425705
-0.04964587
0.05119330
0.00591026
0.00110537
0.07198893
0.00078925
0.06608357
0.00431118
0.05426321
-0.00971015
0.04592034
-0.00623798
0.03556275
0.01523230
-0.03393902
-0.00914443
0.01642933
-0.03362720
0.04188716
0.05891961
0.02341346
-0.00704794
-0.02628309
-0.00076911
-0.00733275
-0.04579132
-0.02152180
-0.04003488
-0.04831381
-0.01720091
-0.02151107
0.04634145
-0.04670470
0.03307293
0.02592761
-0.00466059
-0.05844280
-0.00208374
0.00155857
-0.02617002
-0.06027163
-0.02886123
-0.05793842
-0.00527463
-0.04870439
0.01356885
0.01751610
-0.03516099
0.00007591
0.04117682
-0.08096402
-0.03847848
-0.02679199
0.03505009
-0.07254479
0.02939447
-0.00717732
0.04968356
-0.06432864
-0.00639073
-0.05693050
0.00468863
0.02798068
-0.00276295
0.00968897
0.01233294
-0.00987799
0.05015786
-0.00341206
0.03599219
0.00131858
0.02259650
-0.00083449
-0.01866622
0.01811431
-0.02179060
0.02363802
0.01141184
0.01954502
-0.01837688
0.03470869
-0.02853972
0.03117602
0.08506556
0.04878248
-0.01400413
0.07675415
0.02086676
0.04906074
-0.02693836
0.04199436
-0.00506273
-0.02590434
0.00283529
0.01956525
-0.04965333
0.01428275
-0.02282076
-0.04388632
-0.01356830
-0.01089982
0.02875345
0.00702449
-0.02609004
-0.00072271
0.03777596
-0.01845616
-0.04689763
-0.05122247
-0.01772326
-0.01388652
0.01486929
0.04815147
-0.00719472
-0.04000150
-0.05871261
0.01425916
0.03522455
-0.05565874
0.02727584
-0.00590892
-0.03043115
-0.02396250
-0.00021771
0.01604604
0.02376447
0.00628966
-0.01582578
-0.00524553
0.01133211
-0.01499216
-0.02096003
-0.04251003
-0.04033140
-0.06113296
0.02739148
0.00957889
-0.00187166
-0.05682957
0.03316780
-0.03924073
0.01914454
-0.00959953
0.01083826
0.03125804
0.00440457
-0.03654289
0.02979890
0.01497683
0.00236364
0.00814681
0.04278948
0.03805687
-0.01789492
0.02050030
-0.03769846
0.03095584
0.01603973
0.00393077
0.04435845
0.03886169
-0.01653779
0.07853090
0.04784047
-0.02497980
0.01644877
0.00207394
-0.03560174
0.01912328
0.04667877
0.04890835
-0.04084691
0.02155699
0.03824483
0.00647350
-0.02372467
0.02102958
0.03232176
-0.00398627
0.03345923
-0.04568081
0.03009394
0.03200033
0.02328295
0.04759206
-0.03230978
-0.04792378
-0.02502006
-0.01165867
-0.02980619
0.04432460
0.00176432
0.01329092
0.00774887
0.04713924
0.01187719
-0.04329856
0.01023866
0.03042933
-0.04902801
0.00926107
0.03374724
-0.02600643
0.04372427
0.02619753
-0.02508407
0.03157963
-0.01458243
0.03581908
0.03852287
0.02768891
0.04689781
0.02534815
-0.00969454
0.02881796
-0.04870281
0.00597714
-0.02746254
-0.03929177
0.02317324
0.03671614
0.00049380
-0.02186039
0.04286702
0.00901272
0.03323311
-0.02293694
0.02038917
0.03517269
0.00114386
0.02677194
0.00486426
-0.00024326
-0.02359585
-0.04174396
-0.04064358
-0.03263626
0.01881264
-0.04533197
-0.02778518
0.01165348
0.00980455
0.01373280
-0.04710994
-0.03983490
-0.04120583
-0.01711226
0.00578528
0.00062844
0.04199058
0.02780559
0.02091386
0.03019329
-0.02651819
-0.01178979
-0.02701128
0.00956615
-0.01524356
-0.00424996
-0.02720117
-0.05356726
0.04646717
-0.03389612
-0.00340923
-0.02481689
0.03105934
0.04047085
0.02413716
-0.04378217
0.01422926
0.04237896
0.01272692
0.03505348
-0.05523846
-0.03463216
-0.05314723
0.01000720
-0.04128039
-0.04528550
0.02094506
-0.03673941
-0.00583647
-0.03825003
-0.01864199
-0.02804970
-0.03139396
-0.02880933
-0.04111964
-0.03689846
0.02765006
-0.03687626
-0.02775036
-0.04456455
-0.03081036
-0.05739956
-0.01401117
-0.03687460
0.04895943
-0.04588749
0.03104967
-0.03750304
0.04552894
-0.02405882
0.00560981
-0.00547837
-0.01390127
-0.02249132
-0.03734882
0.01401960
-0.01753549
-0.03368453
0.01145848
-0.02369210
-0.04043512
0.00970485
0.03596057
-0.01688975
-0.00442743
-0.01926626
0.01690538
0.00835129
-0.04480271
-0.03790555
-0.01115817
-0.01898157
0.02601041
-0.00860959
-0.01586158
-0.01437443
-0.02786068
-0.04725588
-0.03619558
0.00029984
-0.01693629
-0.01726044
-0.02128669
0.03725349
0.00977096
-0.02967702
0.02247502
-0.02113906
-0.04015713
0.02862924
-0.02197304
0.01647792
0.01392863
0.02087886
0.03293956
-0.03411229
-0.00638880
0.01805481
0.02331397
0.03439832
-0.02093753
-0.05824912
0.01822808
-0.05581986
0.02020332
-0.00619064
-0.05119532
0.02259788
0.04793666
-0.05597268
0.04157490
-0.02754796
-0.03931602
0.03406135
0.01029679
-0.01771301
-0.04918708
0.03370717
-0.03557823
-0.03953626
-0.05251499
-0.01510290
-0.02624352
-0.02715317
-0.02264652
0.03051194
-0.02564957
-0.01612850
0.01263876
0.02932201
-0.00324880
-0.00477187
0.04984932
-0.05853984
-0.00861019
-0.06110035
-0.02227261
-0.01174707
0.00076602
0.03197312
0.01788980
0.01805986
0.00691176
-0.03017890
0.04443695
0.00435861
-0.02283226
-0.01809637
-0.01820630
-0.00712514
0.04696581
-0.04447483
-0.02780575
0.01189135
0.05184879
0.01484171
0.02046381
0.04723990
0.03686861
0.01317754
-0.01231897
0.03810979
-0.00091961
-0.01612504
-0.00998757
0.02102792
0.02690590
0.03929812
-0.01129057
0.06728155
0.01474298
-0.00231172
-0.01755932
0.01837170
-0.02115278
-0.00680688
-0.00099294
-0.01713437
-0.04458406
-0.00346528
-0.04211214
0.01925474
0.01338376
-0.03309693
-0.01272752
-0.03242635
-0.04167194
0.03836980
0.04654790
0.03340868
-0.00604952
-0.01113341
0.00533582
0.03133144
0.00912547
0.01747802
0.00637310
-0.03432132
-0.00171601
0.00298593
0.03974742
0.04348183
0.02551318
-0.03979629
0.02380834
-0.02295882
-0.01572318
-0.00842629
0.04852518
-0.03015979
0.00688287
-0.03954882
0.03730220
-0.02157261
-0.02276447
-0.00987469
-0.03634569
-0.02382401
0.04270517
0.05319189
-0.01503680
0.03111747
0.01628692
-0.01642931
-0.04483919
-0.00458433
-0.00679301
-0.03651697
0.05719659
0.07884615
0.08919983
0.05054910
0.04805735
0.04547121
-0.01370613
0.02130551
0.02999762
0.01659304
-0.00134288
0.01134239
-0.01085805
-0.03587118
-0.00649618
0.04557670
0.01982518
0.08244372
0.03076975
0.02733901
0.05053599
-0.01049298
-0.01566063
0.01091296
0.04214144
0.06984986
0.03751589
-0.00605060
0.03022425
0.01116248
-0.04398242
0.01621940
-0.04264718
-0.03903001
-0.02139328
0.03996225
0.03368923
-0.03320740
0.01343068
-0.04616948
-0.00458576
-0.04169669
0.01474769
0.04296101
-0.01097620
-0.01158261
-0.03582428
-0.01674655
0.02903690
0.03388944
-0.04227803
-0.03070014
0.03965121
-0.02885804
-0.04822161
0.00668224
-0.00430459
0.01406253
0.01993074
0.01261823
0.04208254
0.01220333
0.01433277
-0.01561265
0.03288702
-0.01687893
0.00503837
0.06045095
0.04015313
-0.02270171
0.01995142
-0.01480579
-0.04798840
0.02701796
-0.02226172
0.01431910
0.00829471
0.02779802
-0.04726970
-0.04625740
-0.00536372
0.01549041
0.08641495
0.04274745
-0.00646717
0.04970943
0.00917221
0.00575313
0.00105230
-0.00095243
0.02686181
0.03053726
0.01958906
0.04240718
-0.03387211
0.03187689
0.02969140
0.00481114
0.06948955
-0.02468493
-0.01244013
0.06732491
0.01015194
0.07377298
0.03291294
0.05632160
-0.04093387
-0.02889827
-0.01020833
0.01655572
-0.04918473
0.03765937
-0.02046625
-0.00455416
0.02924462
0.02447531
-0.00388117
-0.04716941
-0.04914028
0.01944002
0.04539868
-0.00463312
0.04848277
-0.04018257
-0.01121421
-0.02803692
0.04253333
-0.02244386
0.02805050
0.00746371
-0.01490609
0.02812165
0.01967003
0.02313600
0.04534455
-0.04454682
-0.04047722
-0.02040418
0.03645330
0.03938271
0.03852295
0.01401594
-0.00932710
0.02362781
-0.00377096
-0.00580993
0.02260671
-0.02892238
-0.02900664
-0.06396870
0.01516245
0.02609322
0.01332757
-0.01632517
0.00614416
-0.03520871
0.02617061
-0.00102728
-0.03126358
0.04404717
-0.06066407
-0.02996978
-0.08653590
-0.05378902
-0.04928417
-0.07115105
0.03723229
-0.01147428
0.04246430
-0.08311088
-0.03824572
-0.01430116
-0.01187884
0.02232704
0.01995439
0.02076809
0.02138356
-0.02369491
-0.10248918
-0.03231816
0.04217672
-0.09333575
0.02724011
-0.00703843
-0.01898935
-0.10174314
0.02796637
-0.00785498
-0.00089560
0.03511933
0.04145894
-0.03387544
-0.00790632
0.04953981
0.01428492
-0.00910831
0.03468403
-0.03319741
-0.00180627
-0.00669185
-0.02921834
0.04015914
0.00933372
0.01300066
0.03849380
0.00623147
0.01368313
0.00455830
-0.00831306
-0.01484361
-0.00114440
-0.01186496
-0.01125623
0.04644483
0.04620945
0.02119998
0.04409923
0.00815200
-0.01169619
0.04391192
-0.02682804
-0.04739626
-0.02205066
0.00925683
0.05230537
0.00257440
-0.01744054
0.05192354
0.00688358
-0.00572091
0.03232873
0.05188856
-0.02019567
0.03566594
0.00360712
0.04639890
-0.02064417
-0.00473415
-0.04964391
0.02095270
0.04978963
-0.01456855
0.05395097
0.02004789
0.02610882
-0.02394442
0.04662374
0.06793331
-0.00290876
-0.00681270
0.00074988
0.01436087
-0.00421880
0.04502724
0.03035294
0.01479946
0.04354079
-0.02834186
-0.04182405
-0.01318478
-0.01334087
-0.01316094
0.05324277
0.00605165
0.04746762
-0.02008747
0.03837695
-0.00525462
-0.03326022
-0.04561994
-0.01907371
-0.02741046
-0.03011705
-0.01434513
-0.07965199
0.01633721
0.04436196
0.00192822
0.01907847
0.00609350
-0.00752758
0.01420401
-0.00458941
0.02521401
-0.03167250
-0.02198903
-0.01037350
-0.00083612
0.03528538
-0.07074127
-0.01604548
0.00928781
-0.05107608
-0.06968035
-0.02305106
-0.01045046
0.03901802
-0.00416941
0.04144709
-0.05219621
0.02281861
-0.02680307
0.02266323
0.01594724
0.01507602
-0.03410108
0.06196349
0.02022958
0.03324923
-0.02111062
-0.05255881
-0.01782832
-0.00512720
0.03666523
-0.02244327
0.04085772
0.00766174
0.02928025
0.04250659
-0.00323555
0.05590843
0.08151485
0.03049413
-0.00550563
0.03913963
0.03569605
-0.03997050
0.01201382
-0.00171260
0.01783773
0.00568173
0.03184710
0.05697889
-0.00964525
-0.02384225
0.01350086
-0.02187927
0.04644796
0.05027059
0.01632805
-0.03688318
0.03703254
-0.00538702
0.03992499
-0.02136586
0.04010440
0.02805374
0.01943611
0.00516371
-0.00031862
-0.01767769
0.03523491
-0.05573316
-0.00678483
-0.07279783
-0.05208996
-0.04333688
-0.02244586
0.02884061
-0.02105311
-0.01694960
-0.05130055
-0.02412514
-0.01499077
-0.04204699
-0.02055510
-0.01250118
0.02400940
0.03764139
-0.03750513
-0.00131686
-0.04982638
-0.01647444
0.02851037
-0.02491537
-0.01621982
0.01040809
-0.04024463
-0.00564159
0.01746566
0.04500546
-0.00233507
0.01059183
0.00451221
-0.01380101
0.04288253
0.01846491
0.05797633
0.03043173
0.05459619
-0.02064291
-0.01150559
0.00394539
-0.01104883
-0.04568430
0.01833101
0.03280167
-0.04058890
0.03213492
0.03798432
0.02808158
0.03818433
0.04342657
0.03423584
-0.01491118
0.08188664
0.02794173
0.05165125
-0.04962118
0.02800643
0.04178154
0.02034342
0.03818071
0.04464030
-0.01025135
0.03123505
0.03455432
-0.01586325
-0.02810264
-0.01360605
0.00898359
0.03476029
-0.04993554
0.03883518
-0.00774773
0.02755569
0.03004151
-0.01803764
-0.00863284
0.04389493
0.04191317
-0.04195413
0.03333197
-0.01613574
-0.02016394
0.02926083
0.00684019
0.03638396
-0.03260595
0.03890709
0.04047995
-0.06419241
0.00971893
-0.01527755
-0.02209856
0.03515481
0.04177357
-0.02794692
0.05418468
0.06496479
0.05685412
0.01124862
-0.00949567
0.00015779
0.03787870
0.00449096
0.04352725
0.02870164
-0.02392259
-0.02083388
0.02884920
-0.02203257
-0.03464008
0.01863808
0.00112214
0.01988195
0.06421221
0.08599384
0.01615001
0.07509680
-0.03045879
0.05410243
-0.04747294
0.07410212
0.03692456
-0.01516935
-0.00552712
0.02351245
0.04394844
0.04296501
0.03188518
-0.02625415
0.05340305
0.02371096
-0.00335479
0.05147070
0.00365596
-0.02237736
0.02537999
0.05284600
-0.01403329
-0.02780100
0.02073364
0.03216440
-0.03570091
-0.01413674
-0.02662641
-0.01230941
-0.05614581
0.04191707
0.01931096
0.00561602
0.01883972
0.02757728
0.01420477
0.04636152
-0.04189765
0.00853197
-0.02841001
0.01313890
0.03111967
-0.00628249
-0.02842370
-0.06280407
-0.03747655
-0.08277563
0.02147960
-0.05468661
-0.02502134
-0.06847943
-0.00896786
-0.04535596
-0.04616610
0.00458937
-0.02233383
0.02101747
0.03490432
-0.01659603
-0.02628095
-0.10125228
-0.05806506
-0.08401329
-0.03802930
-0.03438374
-0.02746104
0.00856697
-0.01882184
-0.04960715
-0.00879806
-0.00121744
0.03831994
0.00703606
-0.02714848
0.02029928
-0.04910711
-0.02538928
-0.10640569
-0.04488075
-0.02745101
-0.08966946
-0.01715184
-0.06244324
-0.02599219
-0.09751746
0.04274727
0.01396636
-0.01651366
-0.03363949
-0.03954946
0.03016640
-0.03375814
-0.01919088
0.00248844
-0.06404030
-0.04622884
-0.09605993
0.03562329
0.01662396
0.01246196
-0.08920339
-0.02968867
0.00922002
-0.02904528
-0.04133520
-0.00608621
-0.02708062
0.02618837
0.00378494
0.04265938
0.01053561
0.00024916
0.00900961
-0.01958571
-0.02946921
0.03946002
-0.03941645
0.02455336
0.04253749
-0.00930235
0.04135878
0.02456820
-0.02486845
0.02644866
-0.06107728
-0.00418238
-0.00307812
-0.04304782
-0.05456088
-0.03112065
0.00651191
0.04611920
-0.07218924
0.04992598
0.02443656
0.03438587
-0.02267520
-0.03294752
-0.01078839
-0.01211345
-0.03777754
-0.07272562
-0.08838040
-0.04521553
0.00557421
0.02725486
-0.07078750
-0.01197159
-0.07226587
-0.02185112
-0.05279484
0.00247545
-0.00452025
-0.00321816
-0.00647559
0.00301298
-0.03308953
-0.00066977
-0.01618063
-0.02760241
-0.05311776
0.01303993
0.00264326
-0.00242396
-0.07661768
0.04982072
0.00235055
0.04711211
0.04506820
-0.04415405
0.00676648
0.00674032
0.03714845
-0.00130769
0.00593026
0.03089890
-0.04654677
0.05000073
-0.02637725
0.04268931
-0.04696533
-0.00020305
-0.01875014
0.03945351
-0.03581584
-0.02102376
0.01863453
-0.01595933
0.07134263
0.07199646
0.00330181
0.04009091
0.04338843
-0.00062327
0.04775261
0.00961337
0.01097083
-0.01140569
-0.01747966
-0.04743483
-0.01313711
0.03392265
-0.00806610
0.04712344
0.05121786
0.00996275
-0.04522435
-0.04765096
-0.02137386
-0.02328264
0.03016399
0.03133695
0.01325587
0.00068017
0.00244330
-0.00286245
0.03155540
0.04534369
-0.03042149
0.01703414
0.01264737
0.04205098
-0.04193643
-0.00032397
0.02007168
0.03665652
-0.03165574
0.01052462
0.04730624
-0.04757696
-0.04257930
-0.02114959
-0.01890735
0.00709126
0.04359697
0.04881496
0.02470764
-0.05356775
-0.02400660
-0.01105963
0.02226103
0.02505107
-0.00220120
0.00089815
0.04599756
-0.03171805
0.03936442
-0.02721933
0.00999400
-0.01279150
-0.05018724
-0.03853064
0.03781630
0.02922904
0.02589025
-0.03420765
0.03749567
-0.03616553
-0.02637710
0.03338968
0.00724911
0.02352703
-0.01598603
0.03967312
0.03552110
0.01340359
0.02866049
0.03143346
0.03270725
-0.00343109
-0.02759811
0.04612128
-0.02407599
0.01435008
-0.05066920
0.03924625
-0.00962770
-0.02866630
0.04354215
0.01881475
0.02739707
-0.04009192
-0.01539708
-0.03057004
0.04426097
0.09915024
0.06531643
-0.02717194
0.03173777
0.04778024
0.06616212
-0.02306985
0.04001016
0.00888567
-0.01442484
-0.01389721
-0.03691260
0.02616587
-0.01504457
-0.01464675
0.04586234
0.01581483
-0.01313986
0.01846198
0.08046050
0.01114006
0.07495742
-0.00348009
0.04771380
-0.04709550
0.04705937
-0.02712460
0.01343058
-0.00587771
0.04446721
-0.02890782
-0.01172035
-0.01970804
0.03778094
-0.04872362
0.03579198
0.00694246
-0.04321406
-0.01992766
-0.03391952
-0.02523874
0.01197891
0.03037504
-0.00144065
-0.02876566
-0.01416453
-0.00634117
-0.02221945
-0.02429045
-0.01671205
0.01015918
-0.03267851
0.00254154
-0.02776941
-0.00753659
-0.00502164
0.01065391
0.03050239
0.02463111
-0.02706679
-0.01322710
0.01861247
0.02360532
0.02317456
-0.05174730
-0.01545401
0.01159715
-0.03729675
0.01145545
0.02866599
-0.04044987
-0.04364619
0.03675627
0.01734222
0.04563814
0.00595236
0.00112411
-0.00524656
-0.01978574
-0.02765207
0.06380555
0.05748669
-0.04126827
0.06916191
0.02831481
0.05598637
-0.04764290
0.01082149
-0.03086468
0.04698264
0.05014845
-0.02445289
-0.00496200
-0.05188636
0.02328347
-0.01684166
0.00602473
0.06728771
0.04981614
0.05472169
0.03989691
0.05575322
-0.03180379
0.02241160
0.01497042
0.05668325
0.04231060
0.03612194
0.02777231
-0.04050268
0.03901709
0.03471146
-0.02941852
-0.02280435
-0.04288461
0.03073424
-0.01483956
-0.01086039
-0.05305155
-0.03424779
-0.00416342
-0.03263355
-0.03249871
0.01223861
-0.04054380
-0.03785619
-0.00494692
0.02055043
-0.02320991
-0.01195943
0.03460221
-0.01335091
-0.03874354
-0.00180327
-0.04050894
-0.00954100
-0.03733169
-0.00264043
0.03560190
0.04735588
-0.00835851
0.04226946
-0.01814022
0.00817156
0.03698329
0.02216237
0.01360927
0.02948661
-0.02479839
0.02976667
0.01239660
-0.03621142
-0.04735161
0.01186398
0.00826500
-0.02768558
-0.00465284
0.01023835
0.04651922
-0.03023550
0.01007787
-0.02059215
0.00949951
0.01617635
0.00474851
0.01419520
0.01811826
0.00172326
0.02457086
-0.00678570
-0.02606945
-0.03352685
-0.04452431
-0.03534630
0.05824618
0.02119786
-0.02769769
0.05010381
-0.01522305
0.02380435
-0.00809130
0.00312866
0.03201912
0.05049094
0.01979809
-0.01506448
0.03966216
-0.04619555
-0.03691377
0.02051457
0.01907434
0.04270152
0.02355734
0.04239037
0.03022174
0.00154448
0.02844884
-0.01611446
-0.03251622
0.03477413
0.04053377
0.05904501
0.01100285
-0.00147030
0.03520228
-0.03486388
0.04632672
0.01346739
0.07662918
0.05540195
-0.00403589
0.01280225
-0.03938991
0.03207806
0.01000223
0.01153946
0.00122735
0.00802439
-0.04238257
-0.02520184
-0.00909216
0.03670510
-0.02698990
0.00937232
-0.04879578
-0.01450001
0.01853410
-0.01412116
0.03901454
0.04194814
-0.01626169
-0.01680435
-0.03001131
-0.00225168
0.01304262
-0.04696827
0.04991919
0.02757536
-0.03142029
0.02793316
0.04598687
0.01360418
-0.03050462
0.00534907
0.00913279
-0.01034720
-0.04931095
0.02951916
0.00535650
-0.02942965
-0.02175999
0.03432836
-0.03011205
0.00951321
0.03214572
-0.00842256
0.04604414
0.01578794
0.03077945
0.01948954
0.05163524
0.02677720
-0.00784643
0.07308851
0.04313252
0.06062270
-0.02822007
-0.00215162
-0.01221040
0.01494572
-0.00730750
0.04230451
0.07493036
0.01255956
0.01259444
0.02098770
0.03368654
-0.00199632
-0.04486287
-0.01042140
-0.00835067
-0.02745632
0.03600486
0.02883662
0.04997924
-0.03509304
-0.03291903
0.09696413
0.03563476
0.02380969
-0.03749054
0.01252061
-0.00552230
0.01686089
0.04173876
0.06027778
-0.01372825
0.01841471
-0.00910589
-0.00427465
0.01954148
-0.02725773
-0.03283329
0.06179446
-0.00148490
-0.00325536
0.02956249
0.01333065
-0.02220520
0.03520195
-0.03201976
0.04968062
-0.01266000
-0.02691134
0.02033000
0.02207473
-0.04991392
0.03110529
0.00695700
-0.03713623
0.01881724
0.00385976
-0.04225411
-0.05886445
-0.00484846
-0.00291416
0.00664034
0.02916711
-0.04317527
-0.04908082
-0.04269527
0.04088606
-0.02819394
0.00433277
-0.01459068
-0.05261677
-0.07891369
0.01142381
-0.02742759
-0.06638180
-0.02637798
-0.03726227
-0.04788217
0.00192396
-0.01028476
-0.03562288
0.02171936
-0.02819644
-0.03773186
-0.04289574
0.03183797
-0.00213706
-0.03728323
0.01100981
0.01375332
-0.01526617
-0.03055603
-0.00520635
-0.00652018
0.02187162
0.02812784
0.02819415
-0.01013074
-0.03011684
0.02236556
-0.02208739
-0.04086054
-0.03572172
0.00585720
0.02452547
0.00062246
0.04671083
-0.01152896
0.00925918
0.04091255
0.05951130
-0.00972777
-0.00357301
0.00268677
-0.01294724
-0.03126248
-0.04876868
0.03389507
0.01739786
0.07809079
-0.00490077
-0.00742106
0.04617595
-0.01755654
0.06692480
0.01596464
0.04732660
-0.00758103
0.02281373
-0.02412413
-0.04068386
-0.03814582
-0.03550333
-0.04154297
-0.07801693
-0.07527311
-0.07777848
-0.03323277
-0.06547261
0.02637734
-0.04707725
0.00908968
-0.04064481
-0.02897911
-0.02332154
0.03243536
-0.01546548
-0.03347721
0.04281934
-0.05164978
-0.04503300
-0.08051695
-0.01909320
-0.01285395
-0.09698837
-0.02882322
0.00036888
-0.04031178
-0.06211749
0.00052046
-0.02030563
-0.05871928
0.00123841
-0.04485581
0.00109411
0.00420676
-0.10988241
-0.06981845
-0.03679492
-0.03054300
-0.11915382
-0.00494434
-0.01784315
-0.02016800
-0.10146211
-0.03639815
0.02355873
0.00041510
-0.04868690
-0.00458103
-0.03715197
0.03286432
0.01787318
-0.01415735
-0.00676674
0.02989098
-0.05110798
0.00050148
-0.02660988
-0.01333443
0.01977633
-0.01974570
0.01109871
0.03769518
0.00977103
0.00640752
-0.03467694
-0.01325288
0.05682833
0.03751105
0.06411251
-0.02670932
0.05508278
0.00183323
-0.02898464
0.04644390
0.00957005
0.00349798
-0.01496920
-0.01710854
0.02130434
-0.01219722
-0.00809857
-0.00707612
0.00421099
0.00040573
-0.05789720
-0.04841804
-0.02833963
0.02611768
-0.07457981
0.03500859
-0.06818470
0.00028987
-0.02622536
0.02063365
-0.03580909
0.00859554
0.01812442
0.00786754
-0.03150911
-0.05162720
0.00129288
-0.04645133
-0.08340745
0.00407524
-0.06499773
-0.03821493
-0.02070232
0.03108396
0.01233669
-0.03953247
-0.04549328
0.02908082
-0.00646979
-0.05159102
-0.07870231
-0.01464192
0.00824646
-0.03668728
-0.08029884
0.00433557
-0.04722996
-0.01395806
-0.06060643
0.03235696
0.03114445
0.03568770
0.02520257
-0.02976429
0.03557967
-0.02934006
0.03193128
0.04227269
-0.04378854
0.03564129
0.00249771
-0.04129850
0.03447796
-0.00938070
-0.02448352
-0.02191650
0.04458189
0.00015510
-0.03154666
0.03860232
-0.04860114
0.02151744
0.01002680
-0.01765466
-0.04227335
0.04418288
0.02093969
-0.01224145
0.04438988
0.01303989
-0.02688244
0.02472735
0.01672892
0.05143632
-0.01582585
0.01557146
0.04440093
-0.05163610
-0.07682752
-0.02651058
-0.06164203
-0.00084605
-0.05624837
0.01581010
0.02695610
0.03097203
-0.01953344
-0.04556498
-0.00683145
0.02114276
0.04407310
-0.00520217
0.00957615
0.03089223
-0.06392599
-0.00542789
-0.00721367
0.00774633
-0.01079245
-0.02240526
-0.04396065
0.01924941
-0.03783859
0.04024628
-0.05094310
-0.03256913
-0.02320241
0.03872682
0.03227014
-0.01582053
0.01057824
-0.00105832
-0.05271448
-0.03991053
-0.00205487
0.04964792
0.02720172
0.03308240
-0.04724051
-0.02311275
-0.02357355
0.00747879
-0.03866265
-0.04761747
-0.03640795
-0.04992585
-0.00123711
0.02139693
0.00539871
-0.00511074
0.03096505
-0.02267535
0.02719063
0.00507983
-0.01352947
0.04636789
0.03423354
0.03785229
-0.00695772
-0.01450187
-0.04024636
0.02159311
-0.00853043
-0.04425963
-0.05502344
-0.00017753
-0.05371223
-0.05069511
0.02509446
-0.03745226
0.00319286
0.03576094
0.02959426
-0.02410278
0.04579996
-0.03579412
0.03328862
0.01072819
-0.03197113
-0.03857405
-0.02018486
0.03160169
-0.07262363
0.03233693
-0.06973311
0.04886689
0.01563861
-0.04720017
-0.05019781
0.02947664
-0.02649427
-0.00590306
-0.03584567
0.05166131
0.01582940
0.03517742
0.00683334
-0.02989560
0.04379499
0.03496260
0.01028762
0.00878755
0.01784683
0.02268467
0.02659148
0.04126982
-0.00357178
0.01012353
0.00915094
0.04672410
-0.00003605
0.03493154
-0.00895432
0.03914807
0.02544492
0.01207799
-0.01305121
0.00397517
0.02782510
0.02004405
0.04666796
0.04938454
0.01388710
-0.01237838
0.03488790
-0.04766721
0.03898986
0.02038382
0.03480715
-0.03989898
-0.00529629
0.00885898
0.00843741
-0.01113257
-0.01412268
0.02470434
-0.00320905
-0.00545055
-0.01926816
0.01474112
0.03968574
0.00692668
-0.05652889
-0.02250650
-0.00530737
0.00446722
-0.00108983
-0.00980993
-0.04724099
-0.00717998
-0.04081956
-0.04187540
0.00482261
0.00960452
0.00519404
-0.01266554
-0.04871292
-0.01197976
-0.04456680
0.02171301
-0.06079355
0.02176839
-0.04534204
0.00503084
-0.06951531
0.04983085
-0.04322830
0.02351768
-0.04829853
0.00878847
0.02264469
0.05935619
-0.00767308
-0.00894978
0.00215268
0.02077164
0.05499270
0.01276387
-0.00480013
0.04304270
0.05651584
-0.01674098
-0.01598684
-0.01600650
-0.01049348
0.00813808
0.00346579
0.03150818
-0.01906846
0.01279242
0.05240596
0.00682116
0.01026618
0.04677536
0.02230801
0.01792836
0.07020817
0.00835415
0.05334856
0.01450743
0.04518208
-0.00817221
-0.04649626
-0.01030205
0.03922741
0.03473766
-0.00923780
-0.03886924
-0.07214267
-0.04064197
-0.04837233
0.00630868
0.00260383
0.03628221
0.01002574
0.02352748
-0.00848019
0.00593520
0.04523662
0.04223854
0.01351433
-0.02623539
-0.06469892
-0.03815292
-0.02653272
-0.00907353
-0.01674024
-0.04390124
-0.00437963
0.02877328
-0.05530659
-0.03459997
0.00613108
-0.00633311
0.04172783
-0.03329480
0.03521644
0.04369989
-0.00306452
0.00338194
0.01425118
0.04827247
0.00698151
-0.00930013
0.02831416
0.03740190
-0.01596936
-0.05110754
0.00482116
-0.02114622
-0.03194006
-0.00143571
0.02002827
0.04619921
0.03237976
0.07273252
0.05228653
-0.04178551
0.02784737
0.02065386
0.05374599
-0.02509611
0.05576604
-0.04200069
-0.00250187
0.02089630
0.03196176
-0.02777760
0.00896026
-0.03738417
0.01768528
-0.01113222
-0.01510623
0.00677398
0.04805229
0.04162370
0.04060537
-0.00060425
0.05952382
0.04081236
-0.02613638
-0.01760199
-0.02134927
-0.04925676
-0.00127572
0.02129266
0.02283621
-0.07997674
-0.01238564
-0.01344173
-0.01504329
0.02842105
0.01756894
-0.03629558
-0.02154354
0.00607644
0.01294066
0.04324006
-0.01585376
-0.03039579
-0.05075885
-0.03567146
0.01807353
0.02720937
0.00066049
-0.02924405
-0.02691914
0.00516164
-0.03555662
0.00695087
-0.03844289
-0.01837878
0.00495601
-0.01144383
0.03177811
0.02105710
0.00763537
-0.01032302
0.00467465
-0.06625094
-0.01904495
0.02104059
-0.00191471
-0.05072119
-0.01889758
-0.01265133
-0.00796834
0.02508404
-0.01855101
0.00403039
-0.04912578
-0.00827720
0.02913047
-0.04237135
0.02338650
0.02982317
0.01076245
0.02097164
0.02944136
-0.04123156
0.00616251
-0.00705880
0.04787181
-0.01178031
0.00182844
-0.02936344
0.02572254
0.04803006
0.01707367
-0.01730582
0.04349363
0.03925831
0.00699273
-0.04953178
0.05573275
0.02990091
-0.01288706
-0.02362936
-0.02333602
0.03236185
0.00244859
0.00090241
0.04728891
-0.03030568
0.00844243
0.02993354
0.03220275
0.02059436
0.02167504
0.01582041
0.03107987
-0.00243562
-0.02135058
-0.02790306
0.01456269
-0.00288962
0.00035019
-0.00133383
-0.03989246
-0.00246146
-0.02374185
0.00526426
-0.00575081
-0.03466051
0.01535604
-0.00787563
0.00559445
-0.02972364
-0.03951567
-0.01403971
-0.04044468
0.04164613
0.00829312
-0.00725090
0.03409777
0.00061941
-0.05068559
-0.04415057
-0.00211600
-0.02064004
0.01862516
0.02586767
-0.01516730
-0.03877008
0.02539724
-0.02710604
0.01188034
0.00153357
0.03365012
-0.01422471
0.02989105
-0.02183880
0.00445172
-0.01800106
-0.00100732
0.00535809
0.03208325
-0.00936962
-0.03251794
-0.02419882
-0.01783525
-0.03729609
0.03424092
-0.03883123
-0.02297815
-0.02085862
0.00613839
-0.02717469
-0.03794752
-0.01490174
-0.05367080
0.03259623
0.02613146
-0.03538008
-0.02009939
-0.04645479
-0.00685475
0.02621856
0.04059014
-0.01168862
-0.00018422
-0.01399792
0.01726480
0.02343558
0.01804426
0.04820398
0.01298964
0.02403081
-0.04084975
0.05167926
-0.02563926
-0.00404977
-0.03955052
-0.03276790
0.01771317
0.02410609
0.05032317
0.03428393
-0.01670098
-0.04485686
-0.03483459
-0.03495859
-0.01271674
-0.03570137
-0.01698447
-0.04472770
0.02003278
0.00148878
0.02698382
0.02720631
0.00884155
0.03961418
0.03497684
0.00207816
0.02677838
-0.01310608
0.04452062
-0.02164643
0.01891147
-0.00474177
0.00557249
0.02420556
-0.02004218
0.00040850
0.00556916
-0.02749312
0.02285872
-0.04834387
-0.00818116
-0.00180272
-0.00469434
-0.04640007
-0.01664409
-0.01417843
-0.00108503
-0.09003908
-0.04959318
-0.00250910
-0.04911206
-0.03600574
0.01503998
0.04819158
-0.05236362
0.02419248
-0.04332699
-0.01505661
-0.03610064
0.04081285
0.04626077
0.04499376
-0.03505537
-0.04616798
-0.01847009
-0.04136065
0.00401536
-0.01960815
0.00362604
-0.01117844
-0.03104521
-0.00005827
-0.04128973
-0.00199911
-0.03415310
-0.00500213
0.00946725
0.01870610
0.05009491
0.01645200
0.02375106
0.02851902
0.05480023
0.03317619
0.04983477
0.00202068
-0.01961702
-0.00563573
-0.02336063
0.01964269
-0.02789339
-0.04092526
-0.03954890
-0.02466980
-0.04767586
-0.08436576
-0.02036925
-0.05294856
0.00882222
-0.05485919
0.00629260
0.01222305
-0.03310073
-0.00731167
-0.05317817
-0.01103018
-0.03933965
-0.00369748
0.02716205
-0.01095926
-0.07575621
-0.06177934
-0.05223199
0.00208991
-0.00979207
-0.05276737
-0.07669491
-0.03867489
-0.00302556
0.02215435
-0.04374205
-0.00858781
-0.01869165
-0.00122073
-0.03407685
-0.03209242
-0.09764930
-0.10649472
-0.04264170
0.04172958
-0.08604341
0.01020700
-0.05111088
0.03277337
-0.04744293
0.03467271
-0.05282231
-0.04140430
0.01436475
-0.00862221
0.00863484
0.04243580
-0.02396427
0.04530451
-0.03800110
0.03524584
-0.01090505
-0.01753243
0.00652951
-0.03359557
-0.03532374
0.03774761
0.00731446
-0.04611292
-0.04047554
0.00925433
0.03848901
-0.01237977
-0.01232387
-0.00614403
-0.03283023
-0.04456204
-0.04789218
-0.02179499
0.05477449
-0.00268030
0.01465835
0.04720125
0.03378014
-0.02967321
-0.02931653
-0.02548671
-0.02522477
-0.02324894
-0.07394075
-0.05599103
-0.08285175
0.02261230
-0.09489395
-0.02070351
0.01785087
0.03283092
-0.05838585
-0.01275330
0.02142217
-0.01906764
0.03639742
-0.03680149
0.04404515
-0.03143911
-0.00815748
-0.04430748
-0.02504198
0.04139740
0.00262054
0.01572540
0.00653819
-0.04768914
-0.05835366
-0.04276367
-0.00093452
0.04005693
0.03468559
0.01958762
0.04310959
0.03210938
0.02049281
0.04175594
-0.02529106
0.00899574
-0.00862277
0.03031338
0.01646135
0.01259907
-0.05367209
0.03866213
-0.01343902
0.00832131
-0.02207008
-0.00476227
0.03897955
0.02434180
0.04604012
0.06842828
0.02258724
0.03533648
0.05423800
0.02539976
0.06810348
0.01351390
0.04702103
-0.01283087
0.03198263
-0.02582632
0.01732971
0.01377002
0.00055617
0.05469381
0.03378220
0.03255069
0.05150541
0.01832306
0.05576934
0.01717152
0.02689866
0.01835832
0.00256406
-0.04255787
0.02484062
-0.00166577
0.04511707
0.03862951
-0.02149300
0.02091931
-0.03822894
0.03562218
0.02944225
-0.01620822
-0.02887428
0.02142549
0.02369234
0.02630239
-0.01924168
0.01318678
0.04773382
0.01447823
-0.03965827
-0.00551794
-0.03953453
-0.01653209
0.04526911
0.00739547
0.00011485
0.01267293
-0.01883191
0.03412007
0.00433873
0.04269965
0.02673323
-0.02199017
-0.03752575
-0.03928608
-0.01168219
0.01157810
-0.01010024
0.01736786
-0.02200161
0.03496503
0.02609398
-0.00766327
0.06785557
0.04433134
0.05300701
0.00480527
0.02483091
-0.03586144
0.04194798
0.02095416
0.02508560
-0.02498958
-0.02049862
0.00469168
0.02840211
0.03185090
0.05692828
-0.02912867
0.01683589
0.01458640
0.03497890
-0.01684943
-0.00475738
0.04035649
0.00440482
-0.03046684
0.04876026
-0.04546531
-0.01206479
-0.02661204
-0.01092186
0.05566379
0.01811414
0.01657912
-0.01829083
0.01136925
0.02614564
0.01027870
0.05891314
-0.04594915
0.00699367
-0.00395220
-0.02478713
-0.00853423
0.01690227
0.02970054
0.07377645
0.01576340
0.06375578
0.04895725
-0.01727886
-0.00767586
-0.01665041
0.00873512
0.02082996
0.03188076
0.02177494
0.04309246
-0.03405429
0.05083887
-0.04690415
0.03363659
0.01399502
-0.00612294
-0.01620457
0.04482135
0.04904563
0.03460314
-0.01241873
-0.02618403
0.02695255
0.00139094
0.00126069
-0.01219738
0.00063111
-0.03311297
-0.03826343
0.04992588
0.06749404
0.02823985
0.03979792
0.03824044
0.00526956
-0.01470700
0.03847928
-0.02824257
-0.01549041
0.04779172
0.02489788
0.01768202
0.02233437
-0.00121582
-0.04781376
0.04662151
0.05448961
0.04299778
0.03258149
0.02874463
0.02691898
0.00296541
0.01753228
0.04814649
-0.01925645
0.03683495
0.04657176
0.03202385
0.00552105
-0.04879919
0.02091909
0.00161730
-0.00911195
-0.03492784
-0.04418536
0.02320978
-0.03381350
0.04753988
-0.02203085
-0.04191616
0.02057867
0.04807863
0.02101375
0.00016199
-0.02374617
0.01062679
-0.04521480
0.00068350
-0.01782818
0.05683991
-0.00602328
-0.03374881
-0.03390409
0.01289350
0.05573715
-0.01042793
0.01288490
0.04623676
-0.02085811
-0.00785693
-0.03362039
-0.02430766
0.03662580
0.04878744
-0.00085630
-0.01335881
0.04110058
0.04609517
-0.00343172
0.02972359
-0.03921914
-0.03938711
0.00288719
0.03253624
0.04577762
0.04719345
0.02951238
0.03245651
0.01234443
0.00950384
-0.00032847
0.06875696
0.00126667
-0.01520363
-0.00083469
-0.05007724
0.02407572
-0.02895178
0.05426447
-0.03574342
-0.03264759
0.01655959
0.00277655
0.05133016
0.03348360
-0.00188428
0.07733081
0.01527991
-0.00955763
0.04697390
0.05793744
0.01456042
0.00910032
-0.04304048
0.07219806
-0.02730029
0.03834158
0.00821032
-0.04002752
-0.03230108
0.03425240
0.02686656
0.08102862
0.06419835
0.02148924
-0.04189693
0.00146498
-0.00110502
0.04635022
-0.02845493
0.05258688
0.01237108
-0.00168602
-0.03034500
0.03134742
0.02352855
0.02673757
0.01166470
0.08371336
0.07299893
0.05453064
0.02834854
0.09026092
0.04208844
0.04736560
-0.01092389
0.07160228
-0.01481263
0.06154174
-0.01008344
0.03316412
-0.02273387
0.00641790
0.00707528
-0.07183774
-0.09341299
-0.01296801
0.02728241
-0.02419342
0.01292239
-0.03580914
-0.04001571
0.00066383
-0.00537357
-0.01640407
0.04190951
0.02459371
-0.02320171
-0.02113985
0.03599711
0.00416221
-0.01616813
0.02819114
-0.04429348
-0.00887882
-0.02662130
0.00271292
0.01975508
0.02050672
-0.04846538
-0.03408320
-0.04852415
0.01301078
0.05048416
0.00450634
-0.00167212
0.04234057
0.00777257
0.03790136
-0.00793792
0.01184971
-0.03825255
-0.02961667
-0.02756572
0.03302259
-0.00412685
-0.02632302
-0.03969868
-0.00119877
0.00255122
0.02604871
0.02321508
0.00918300
-0.03055377
-0.01375731
-0.04454463
-0.00955015
0.01214595
-0.04185123
-0.04706607
0.02076049
0.04824688
0.04536157
-0.00025704
-0.01411773
0.02092011
-0.00575526
-0.00940563
-0.03264402
-0.03901445
-0.00761841
0.00739339
0.03961881
0.00276886
0.00605202
0.00872147
-0.01327742
-0.00455092
0.04160447
0.01561158
-0.03309801
-0.03650298
-0.04252438
0.01425651
-0.06455848
0.00723871
-0.06368185
0.04489398
-0.06252196
0.00573994
-0.05568941
0.04371395
-0.07207084
-0.03250060
-0.01479349
-0.03035971
-0.04220516
-0.02495308
-0.04523672
0.03056780
-0.04253503
-0.02287292
-0.05071878
0.04795699
-0.06117884
-0.00391901
-0.02586438
-0.01924360
0.02088468
-0.00767334
0.02841090
-0.04825766
0.02101548
-0.02366743
-0.03550038
-0.02211319
-0.06516200
-0.05028480
-0.01435803
0.03828863
-0.07120661
0.02728521
-0.01933523
0.03378572
-0.01244734
-0.03449810
-0.00965527
-0.03638754
0.03541923
0.01748103
0.02034709
0.01779579
-0.07137530
-0.03391687
0.00200833
0.04531772
-0.01008253
0.03704954
-0.03035058
-0.04745838
0.02986764
-0.00181703
-0.01858756
0.04306164
-0.00897166
-0.00890396
-0.03633454
0.03198054
-0.03103804
-0.06362026
-0.01295700
0.00256084
-0.02886228
0.03700785
-0.05642485
-0.04957642
-0.01303140
0.03718570
-0.04719809
-0.01075900
0.00209293
0.03477401
0.03777352
0.01149747
0.04578849
0.03627341
-0.01811469
0.03739855
-0.01283205
0.02557197
-0.01268205
0.00348239
-0.00897052
-0.02334248
-0.04072030
0.02135524
0.02979657
-0.03626738
-0.04597312
0.03115732
-0.04503533
0.03597880
0.00210895
0.00009438
0.00405292
-0.02178487
0.01102876
0.01272886
0.00839564
-0.03664426
0.04332779
0.02262693
-0.04346915
-0.00727151
-0.00534029
-0.00175871
-0.00004535
-0.02601434
-0.05751736
-0.04185014
-0.01023842
-0.03639504
-0.05170476
-0.02000581
0.01510085
0.00686285
-0.02229298
-0.01464266
0.01859797
-0.04237237
-0.03546726
0.01490752
-0.01943754
-0.03096119
0.01967316
-0.00654464
-0.04124248
0.00908783
-0.04172616
-0.03335005
-0.02315228
-0.04387079
0.01760506
-0.05005628
-0.01526172
-0.04516515
-0.02897796
0.04732281
0.03267857
-0.03066366
0.00588660
-0.03903300
0.00753615
-0.02129246
-0.04907761
-0.04859825
0.01380269
-0.00189861
-0.04656163
-0.01243091
0.02660430
-0.01599750
0.04561999
0.01253844
-0.03605596
-0.05177979
0.00453418
-0.00023540
-0.03038999
-0.02022348
0.01333266
-0.02302407
-0.06505334
-0.00558425
0.02336987
0.04428493
-0.00753369
0.01488950
-0.01773411
0.01294701
-0.00205225
0.02018012
0.00886295
0.00853869
-0.05230282
-0.03666269
-0.02398138
0.04311801
-0.00266706
0.00727992
-0.01316333
-0.01023891
-0.01119904
0.02528109
-0.03793129
0.04778761
0.02776919
0.03381715
0.02459468
0.00482945
-0.01261117
0.00319444
-0.01198146
-0.04802256
0.03937173
0.00077187
0.02054112
0.00714485
-0.01858315
-0.01930058
0.04905842
-0.04665247
0.01021220
0.01428675
0.02231865
-0.00496060
0.03442511
-0.03226821
0.04524677
-0.01138724
0.00904224
-0.01437222
0.01317621
0.00814162
0.01487002
0.04535728
-0.01805566
-0.01481263
-0.03843076
-0.10463843
-0.09010156
-0.03919700
-0.05197395
0.03366207
-0.05973833
0.00828361
-0.06714034
-0.02589629
-0.06507156
0.02496217
0.01228812
0.03870640
-0.02773231
0.01264932
-0.09250651
-0.00853229
-0.03687022
-0.03990256
-0.04282166
0.01326258
-0.02099588
-0.00276096
-0.03472260
0.02146890
0.00882768
-0.03312982
0.03309210
0.00920955
0.03061526
0.03566583
0.02803806
0.00349851
-0.00413875
0.03847536
0.02633788
-0.01975803
-0.03569214
0.03165702
-0.02946969
0.03827780
-0.02771815
0.02107453
-0.00013759
0.00568309
-0.01025292
0.02490196
0.06266890
0.03427503
0.05423960
0.00384411
0.04896689
-0.01171454
0.00144981
0.03066497
0.01529245
0.01010585
-0.00783575
-0.02404634
0.04951829
0.03131518
0.04473023
-0.00913080
0.02643031
0.04892105
0.03169007
0.04300584
-0.00600116
0.01219478
0.04118867
-0.03617094
0.01470935
0.03517709
-0.03936700
0.04283008
0.04507800
0.00790216
-0.02237441
-0.01840888
-0.00834724
-0.08690838
-0.07472169
-0.01335875
-0.01471534
-0.00099612
-0.05763665
-0.01860821
-0.07213054
0.03333951
-0.01372649
-0.03392459
0.02638871
0.00675465
0.03111165
-0.03252481
-0.03874945
-0.02918757
-0.00472070
0.02363448
-0.07852605
0.00721707
0.01793135
0.01253941
-0.03578230
-0.01388068
-0.00125638
-0.02425977
0.01874162
0.03774270
-0.04005773
0.03064541
-0.03680339
-0.01551426
0.02363767
-0.01006033
0.00164296
0.02795530
-0.02818022
0.04518662
0.02083732
-0.01317325
-0.03443379
0.00809733
0.02639368
0.01972355
-0.03718874
0.03602284
-0.02537084
0.00511068
0.04933353
-0.00946924
0.05829453
-0.00037456
0.04287785
0.04431428
-0.01448839
-0.04047221
0.05450254
-0.00405063
0.02704290
-0.04901618
0.00588114
-0.01165499
-0.00296847
-0.02955345
-0.05298156
0.02968466
0.02871559
-0.00008581
0.02958667
0.01290500
0.04305493
0.00091234
0.03207979
-0.02613701
-0.01416238
0.00441351
-0.00200994
-0.04379215
0.01654101
-0.04379353
0.00861882
-0.01338511
-0.03514465
0.02171245
0.02311496
-0.01866054
-0.00747769
-0.02419785
-0.00613479
0.03974561
-0.04228078
-0.00018342
0.03011506
0.04426496
-0.01877430
0.00868737
0.02351248
0.02257782
-0.02632535
0.03231271
0.01275169
-0.01618819
-0.00742661
0.00034312
-0.00534490
0.03478197
0.02253281
-0.04652385
-0.01738408
0.01654476
0.03158225
0.04087685
0.01646808
-0.03023608
0.06280530
0.03787296
0.00531438
-0.00446528
-0.01277359
-0.02519983
0.05801591
-0.03384976
0.01279145
0.03210860
0.02463560
-0.02971621
0.02053840
-0.02429450
-0.01094074
-0.03151460
-0.01910385
-0.01471590
-0.03225538
0.04386269
0.05179654
0.03581635
0.04228913
-0.02616291
-0.01756821
-0.04119264
-0.00767595
0.04074772
-0.00056613
0.05228680
0.02831279
-0.01637368
-0.02903086
-0.01728814
0.00307477
0.03622543
0.05523539
0.02612497
0.02648118
-0.02091356
-0.04024052
-0.01933300
0.00059610
0.03325169
0.03624688
0.04632119
-0.02197665
-0.00668625
0.05843510
-0.01863764
-0.03481321
-0.01739601
-0.03299327
0.04812350
-0.01913346
0.04250990
-0.03212599
0.04908355
-0.02354936
0.03647333
0.02160283
0.00735346
0.03787540
0.02440251
0.03804428
0.02398827
0.04051446
-0.01862642
0.03393953
-0.02880093
0.01684336
0.00557369
-0.03156141
-0.02494301
-0.03165143
-0.03718786
0.03033988
0.03629185
0.01813838
-0.02605637
0.05754526
-0.05023578
0.04896403
-0.00888573
0.00251322
0.00869904
-0.01052163
-0.01915746
0.01586073
-0.03495586
0.01288618
-0.04163074
0.00969486
-0.01804718
-0.02205939
0.01774476
-0.04620174
-0.01377699
-0.04034787
-0.02608436
0.01140699
0.04079312
-0.01865963
-0.04310979
0.02258499
0.00971507
0.03907233
-0.01099427
0.02243652
-0.05748004
0.02576141
0.00321726
0.00917684
-0.00289873
-0.00347650
-0.02749025
-0.04455497
0.04054582
-0.02330544
-0.00984825
-0.03876318
0.01090730
0.02452176
0.01986630
-0.03812668
-0.00568074
-0.02729258
0.02786399
-0.04953082
-0.04848785
-0.00792063
0.00230409
-0.03632220
0.02068096
-0.02361457
-0.00481712
0.01388995
0.03551285
-0.04622465
-0.04062410
0.02924623
0.04335819
0.03922589
-0.01934261
0.02553402
-0.04548428
0.00657013
-0.03312316
0.03874573
0.01840211
-0.02962125
-0.01101523
0.03644092
0.02267230
-0.00415603
0.04183445
0.04262136
-0.03354985
-0.02617708
0.04904189
-0.02307213
-0.05300746
-0.00184656
0.04578860
-0.00591546
-0.01713124
0.02586253
-0.03167202
-0.02043695
-0.04245514
-0.04000990
0.03399188
0.00770449
-0.08693055
-0.02634485
-0.03533763
0.00592896
-0.05807257
-0.05389252
-0.04492737
-0.02059000
0.02141783
0.03034360
0.04113448
-0.01650491
-0.00131282
0.02959624
-0.01980454
-0.06592531
-0.06332649
-0.01278343
-0.05093766
-0.07147993
-0.00284899
-0.06899489
-0.04183860
-0.06879176
-0.03770123
-0.01662605
-0.03775468
-0.04282672
-0.03629315
0.01427162
-0.04563749
-0.07334514
-0.05466704
-0.04504186
-0.02125281
-0.08578032
-0.00951681
-0.05984100
-0.02474129
-0.02079839
0.00599084
-0.01140911
0.01742728
-0.02576275
0.03842858
-0.00676722
0.04974367
-0.01667088
0.02642181
0.01324810
-0.02517610
0.04054550
-0.00227215
0.04918304
-0.02474653
0.00554401
0.01354544
0.00485996
-0.02255079
0.02665906
-0.03596012
-0.00369605
-0.02095421
0.01839013
0.03600555
-0.02522034
0.02524984
0.02889134
-0.00402409
0.05130057
-0.00547097
-0.03459705
0.01543741
-0.04691808
-0.00097641
0.04009167
0.01136669
0.02179776
0.00748191
-0.04005719
-0.06212462
-0.01625818
-0.01056171
-0.06288700
-0.04011297
-0.04849250
-0.00900691
-0.06486397
-0.03736624
-0.07108685
-0.03994776
0.02431408
0.03731370
0.04379844
0.01161640
-0.05477991
-0.06394935
-0.05922477
0.01099780
-0.09753333
0.03792240
-0.06742186
-0.02153515
-0.07457614
0.04467402
-0.00344881
0.03179295
0.02443669
-0.02959192
0.01752129
-0.04005668
-0.05611434
-0.05433635
-0.00582212
0.04059337
-0.07032613
0.04831787
-0.01788322
-0.00981703
0.01851002
-0.00246169
-0.03042664
-0.04034997
-0.04586222
0.03512110
-0.02174527
-0.02803573
0.00542545
0.07116870
0.03678299
0.01475683
0.04390935
0.02188272
0.07408626
-0.00777251
0.05459226
0.03479202
0.04917907
-0.04009182
-0.01969595
-0.03217624
-0.02633256
0.01496378
0.05894606
0.07277710
0.04639793
0.00303440
0.09031243
0.01636466
0.01260944
0.01810510
0.06867445
-0.04326456
-0.00011477
0.03726555
-0.01391083
-0.02447909
0.01616379
0.02028356
0.05268019
0.05809924
-0.02464783
-0.00283476
0.02414212
0.00288360
-0.03522920
0.03327633
0.01414631
0.04929834
-0.02827847
0.03603556
0.00315663
0.00566573
0.00179991
0.02559430
0.05608702
-0.00877017
0.01176008
-0.00877312
-0.01589316
0.01650990
0.04928846
0.02005956
0.00587969
0.05151211
0.04627495
-0.01410119
0.04096751
-0.02837799
-0.04241640
-0.01127067
0.02255065
0.00406317
0.03467750
0.04891621
-0.00192673
0.01927021
0.02372018
-0.04776626
0.01355864
0.03728675
-0.00511434
0.00579120
0.00055266
-0.04103776
-0.01424757
-0.03635080
0.00019571
0.07336476
0.05136035
-0.04297042
0.00492671
0.02542817
0.00153598
-0.02035123
0.04770185
0.01849679
0.00891955
-0.02015182
0.01410054
0.00378796
-0.02507293
0.03301607
0.03889478
0.08185515
0.04433927
-0.03633673
0.05875535
0.00247845
0.02389509
-0.00342789
0.05301714
0.00151257
0.06006191
0.03176464
-0.01505057
0.02763302
-0.02790175
0.03931212
0.08816171
0.10095670
0.01625732
-0.01224861
0.00834795
-0.04214064
0.06080617
-0.02505529
0.05521213
-0.04300241
-0.02285074
-0.00398823
0.00226815
-0.02171054
0.00834408
0.00245556
0.04622140
0.04597107
0.00887693
-0.00716168
0.02019919
-0.00206424
0.01876917
-0.04841264
0.05402406
0.00207686
-0.02908896
0.04760489
-0.02176188
0.02047741
-0.04159481
-0.04233883
-0.05656461
-0.03475377
-0.04843125
0.04064810
-0.04811627
-0.05177156
-0.04604790
0.04664516
0.02956422
-0.03202121
-0.05226851
-0.01277945
-0.00810261
0.01663920
-0.00201698
-0.04925200
-0.01376098
-0.05296495
0.02839811
-0.01311899
-0.04303671
0.02018749
-0.00180223
0.02503852
-0.02665323
-0.02668130
-0.04771807
-0.05110237
-0.03695605
-0.01620777
0.04264338
0.01236723
-0.01194588
0.00436588
0.04117730
0.01407225
-0.03710037
-0.04691351
-0.04370283
0.01962256
0.00548275
0.00880977
-0.02128380
0.02936633
0.02816512
0.00967488
-0.03631932
0.04282597
-0.03510648
0.06052964
-0.00844073
-0.01557251
0.02830007
0.00316351
0.04018765
-0.02065133
0.00059145
0.00039868
-0.01643503
0.00182700
0.00348972
-0.01685269
0.00002172
0.00002015
0.04174278
0.04027669
0.05073666
-0.02152366
0.00913545
-0.00319762
-0.01580050
0.03440790
-0.03555216
-0.01336292
-0.03608006
-0.02343487
0.02584743
-0.00138968
0.03935084
-0.01005612
-0.02858429
0.02484739
0.01006533
0.03579578
-0.02492296
0.00532734
-0.03920498
-0.01976225
-0.01210778
-0.03354358
-0.02840860
0.03038067
0.00604355
-0.01935782
-0.00441947
-0.02645085
0.06070071
-0.03273053
0.00596273
0.03529296
0.01105228
-0.04469614
0.04899132
-0.03271622
0.00365841
0.03935936
0.01340089
-0.02193994
0.01149874
0.02035237
-0.04232443
-0.02502070
-0.04329464
0.01510091
-0.03735589
-0.03518825
0.00854188
-0.03990887
0.01690021
0.01616584
0.03468810
-0.00536385
-0.05078119
-0.00922169
-0.01322689
0.03021059
0.00530239
0.04410712
0.00202131
0.03858073
-0.02406889
0.03930321
-0.03750329
0.01080223
-0.03167979
0.02064062
-0.02335610
-0.01956289
0.01142758
0.03219360
-0.02170211
-0.00510458
0.00307272
-0.04431284
0.03792112
-0.00804634
0.01355039
0.02219718
-0.01273095
0.01350820
0.03162016
0.00205867
-0.01155778
-0.03905417
-0.04442577
0.01116704
-0.01017128
-0.00006798
-0.02704763
0.03028471
0.04501164
-0.01599011
0.01379600
-0.03087347
-0.03253624
0.02046831
-0.00967699
-0.01779105
0.03503139
0.00084576
0.02511496
-0.04713786
0.00521012
0.00689780
-0.04294284
-0.04085821
-0.03826728
-0.06368815
0.00832026
0.01240397
0.01608979
-0.02293201
0.02775295
-0.04690550
0.04657465
0.03673173
-0.05210655
-0.02880143
0.01426495
-0.02941336
0.03959931
-0.00807751
-0.05683837
-0.01810435
-0.04865798
-0.01498791
-0.03742279
0.02298097
-0.01622651
-0.01082403
-0.05513321
0.02393255
-0.02462393
-0.01888944
-0.00161777
0.02101760
0.04941233
0.03160569
-0.04672803
-0.03736173
0.01835745
-0.02828351
0.01695124
-0.01666524
0.01688413
-0.01034241
-0.02464827
-0.00403084
0.01312468
0.04563475
0.00511631
0.02120016
0.03532306
-0.02342281
0.02154750
0.01875813
-0.04098465
-0.04441753
-0.05211471
-0.02470442
0.03473647
-0.03388695
-0.04732466
0.03850049
0.02850829
-0.01483704
0.02090911
-0.02983062
0.00046610
0.00167955
-0.02759050
0.00633056
-0.00325319
-0.01671134
-0.00593896
0.02054935
-0.02666019
-0.03739429
-0.02395876
0.04677187
-0.03695590
-0.02983879
0.00187109
-0.01152137
0.01328604
0.02485075
-0.02440964
-0.06759314
-0.05839669
-0.00188907
-0.03674329
-0.00889538
0.02353202
-0.00271593
-0.01741238
0.03600343
-0.03900824
-0.01105405
-0.03177116
-0.03546242
0.03569648
0.03077628
0.01052582
-0.03527778
-0.04369114
0.04170224
-0.00427427
-0.03935138
-0.02765717
-0.04096645
-0.05691813
0.00018529
-0.01190996
-0.04897686
-0.02137752
-0.04580368
0.01351122
-0.02730108
-0.02756995
-0.05202026
0.02366698
0.01596390
-0.06156189
-0.05197918
-0.05453303
0.01685701
-0.04916683
0.02462000
0.00061826
-0.04205003
-0.00446176
0.04451272
0.01930270
0.02661599
-0.00078886
-0.02162870
-0.00407592
-0.04077864
-0.04722284
0.01424917
-0.01196344
-0.00645826
0.00129855
0.02701302
0.01933368
0.04700375
0.02401172
0.00391607
-0.01875537
-0.02491502
-0.05774951
-0.04881979
0.01554614
-0.03619751
-0.00178597
-0.01282017
0.03381488
0.01597478
-0.05585513
0.00525429
-0.04176971
-0.02019401
0.04067094
-0.01787958
0.02735552
-0.00277650
0.01096461
0.05471989
-0.01694674
-0.03708939
0.05311891
0.01484145
-0.00922271
-0.03915437
-0.02046875
-0.02608404
-0.00516379
0.04316279
0.03872041
0.03698076
0.00697800
0.02451978
0.01635022
0.04993566
0.01035882
0.01370725
-0.03975867
-0.04155005
-0.01586189
-0.03753984
-0.02124919
0.00057233
-0.03986552
-0.03808098
-0.00701052
0.02702620
-0.02411319
0.03081802
-0.01482446
0.05734476
0.01242381
0.01017630
0.01177493
-0.00884514
-0.00871864
-0.02466560
-0.04131677
-0.02969201
-0.04271453
-0.01464954
-0.02280226
0.03362589
0.03400825
-0.01293234
-0.01231946
-0.00209345
0.01822810
-0.02816247
-0.03982521
0.02222324
0.03117757
0.02276189
-0.02446377
0.01177810
-0.03481214
-0.04340037
0.00814850
0.01811478
-0.02573642
0.03183480
0.00588421
-0.00206405
0.01369032
0.04627187
0.00986699
-0.03280051
0.05266248
0.00706453
-0.00605140
0.00792759
-0.01807665
0.03600335
0.01448856
0.00179175
0.03966040
-0.03309371
-0.01532980
0.04663543
0.05720848
-0.01442579
0.05368730
-0.03307405
-0.00545481
-0.02442752
0.03522776
-0.01884363
0.02682569
0.00844203
-0.02115957
0.04693987
0.04734376
0.04341350
0.04416144
0.02097694
0.05726488
-0.02723444
-0.01566127
-0.03554612
0.03806327
0.04152565
0.07035298
0.05074109
-0.01839988
-0.00512381
-0.01294582
0.03622082
0.01477266
-0.01865684
0.02683119
0.06007024
0.06632403
-0.01845809
0.06421023
0.05305735
-0.00119056
-0.04902586
0.02224985
-0.04676686
-0.00100697
-0.02378951
-0.03736013
-0.01589182
-0.00462675
0.02972055
0.03877861
0.00615641
0.05808210
0.02417030
0.05698700
0.00884127
-0.02254937
0.01424191
-0.00036082
-0.04245594
0.04643018
-0.01677555
0.01047920
-0.00365612
0.04425124
-0.01100956
-0.01720356
0.02787882
-0.01842573
0.04780147
-0.03397818
0.01965736
0.02951168
0.02726670
0.01817692
0.02022519
-0.01976294
0.01587378
-0.03384904
-0.03529161
0.00680180
-0.02975798
-0.02435841
-0.04473983
0.00123648
-0.02176140
-0.02804395
-0.00907999
-0.01151464
-0.00088125
-0.03678537
-0.01291412
0.02720918
0.04075370
-0.04731414
-0.00758891
0.00386509
0.02010387
0.02606210
-0.00519487
-0.04995957
-0.02448164
0.00380232
-0.00377555
0.01830240
-0.01054931
0.03195715
-0.00160011
-0.00260318
-0.03039334
0.04227857
-0.02281933
0.01220596
-0.04652038
-0.04463662
-0.04383231
0.04195270
0.01943389
-0.02027041
-0.01067980
-0.02242335
0.00784189
0.02744740
-0.02352648
-0.03304765
-0.03848055
-0.04590197
0.02563122
0.03066305
-0.00622343
0.04300790
-0.01204709
-0.01926423
0.00874267
-0.03743820
0.05034230
0.02431106
0.03799919
-0.04518970
0.04137862
-0.01416169
0.01174559
0.02622079
-0.00066923
0.01230029
0.00317509
0.02380872
0.00727517
0.04593971
-0.02702036
0.01795861
0.03569378
0.02037894
-0.01316759
0.01789990
0.03129347
-0.01595104
0.02840095
0.04208446
-0.03176046
0.04765941
-0.03131890
-0.03432886
0.01882804
-0.04774934
0.00659302
-0.03664963
0.01119771
0.04423791
-0.03166013
0.02341288
-0.03801442
-0.00339918
-0.01771285
-0.04738027
0.03371831
0.02805331
-0.04357236
-0.02840632
-0.02849331
-0.02511664
0.04227670
0.03156418
0.00483253
0.02725487
0.03116525
-0.00978308
0.03942591
-0.04764830
0.02977934
-0.04244290
-0.02868927
-0.01209823
-0.00219503
0.00267559
0.03296118
0.02005381
-0.04652656
-0.03541559
-0.03967405
-0.02617013
0.01580081
-0.01761537
0.02184921
-0.02044261
-0.02195939
0.01767589
-0.00536084
-0.03209321
0.01941419
0.00651353
0.05329857
0.03428399
0.00102707
0.00263480
-0.00868024
0.05190700
-0.01771000
-0.03793075
-0.00189712
0.01314519
0.04931052
0.02323511
0.01464153
0.01099168
0.01033744
0.01029632
0.05392478
0.03615071
-0.04376368
0.02285137
0.03224114
-0.03219601
0.04811794
0.04499870
-0.04800896
-0.03615126
0.04484695
0.00901108
-0.03025921
-0.04151875
-0.01797346
0.04033502
0.00400787
-0.02828543
-0.03743572
-0.01628265
-0.03209461
-0.02426844
-0.01030799
0.02015637
0.00001203
-0.04336705
-0.03895134
-0.04922983
-0.01635421
0.00886681
-0.04703645
0.02835597
0.02476393
-0.00530020
-0.01765592
-0.00896642
0.02372081
-0.01536115
0.01000482
-0.04417512
-0.01372733
0.02884263
0.03233883
0.02705639
0.04608023
-0.00247049
-0.01866236
-0.04967270
-0.00888849
0.01201240
-0.03088106
-0.04676864
0.03566540
0.03764819
0.02899298
0.01097724
0.04171657
-0.02422429
-0.03668965
0.03680287
0.01138802
-0.00103782
0.02729906
-0.01640191
0.01734790
-0.00124698
0.01701351
-0.01628621
0.00332406
0.03354447
-0.01241708
0.02751118
-0.02309402
0.01830387
-0.03200393
-0.00577083
-0.04329563
-0.02079448
-0.03660169
-0.03140572
0.04278889
0.01076444
0.03017738
0.04780773
0.00206373
-0.02446032
-0.00746660
0.03250176
0.01143586
0.02517809
-0.01391144
-0.00048423
-0.02694280
0.04846590
0.00860452
-0.02914220
-0.04966803
0.03511167
-0.01059204
-0.02497318
0.04077829
0.03921796
-0.01060629
-0.03496444
-0.01293921
-0.00417946
0.03579252
0.02144928
-0.03013879
-0.02789085
-0.00416754
-0.03386573
0.01281177
-0.05146972
0.02710413
-0.04468745
0.00031525
0.03151829
-0.01096846
0.01201131
-0.03520015
0.04213050
-0.00971214
-0.03412050
-0.02633979
-0.03444286
-0.01399866
-0.04973277
-0.04374558
-0.00221547
0.04901877
0.00110210
-0.04273679
0.03305737
-0.03886199
-0.03232138
-0.04198892
0.02830250
-0.01681944
-0.01723320
-0.04048609
-0.00175541
0.03743641
0.01135474
-0.00734261
0.03683934
0.03280065
-0.05101173
-0.01458818
-0.01895786
0.01671593
-0.02745374
-0.01886896
0.04862874
-0.00632509
-0.01018261
-0.01050836
-0.03002613
0.04475247
0.01272186
0.03692308
-0.03169943
0.04338842
-0.01450518
0.03235689
0.02573188
0.03313716
0.02285852
-0.01604815
-0.04069899
-0.01840611
0.01583626
-0.01126589
-0.04572092
-0.02338335
0.01182815
0.00611225
0.01444926
-0.01084574
0.02013174
0.04926265
-0.00921295
-0.04041231
-0.04124301
-0.04318726
0.04558444
0.03358156
0.01997495
-0.03291509
0.00773763
-0.04878844
-0.03657649
0.02779066
-0.05425146
0.03659612
0.00369717
-0.03562027
-0.02359865
0.00741154
-0.04170368
0.02599775
-0.03863566
-0.01727454
-0.01728023
0.02246239
-0.03333434
-0.02377209
-0.04364733
-0.00524505
-0.00716981
-0.00328501
-0.02797823
-0.03448278
0.02052921
0.00409241
0.03839825
0.01460099
-0.02803970
0.01939451
0.04360170
-0.00458621
-0.04483747
-0.04079831
0.03869541
-0.01500470
0.00408609
-0.00540889
-0.00487999
0.03228935
-0.02052761
0.00970222
-0.02036281
-0.00757192
0.03982423
0.02174372
-0.00300895
0.01237565
0.02571676
0.02658028
0.02553427
0.03796561
0.02645723
0.01541333
0.01457514
0.01346027
-0.00356792
0.02724370
-0.00626735
-0.04471828
0.02035913
0.02689400
0.00969817
0.01746330
-0.02066389
0.06483462
0.05815258
0.02153033
0.05399889
0.01622200
0.04305686
-0.00274049
0.05026522
-0.04100941
0.02777775
-0.04823423
0.03858459
0.01538858
0.05230519
0.02341497
-0.03583961
0.06295122
0.08425081
0.08839156
0.06172778
0.00140511
0.09666489
0.05232027
0.04434856
-0.01466761
0.08698215
-0.02730853
-0.01763625
-0.02496830
0.00285451
0.04506036
-0.02186760
0.05590634
0.04532417
0.05875425
0.04224323
-0.01028288
0.06676901
0.05049491
0.03387255
-0.04081300
-0.00108020
0.03375364
0.00861757
-0.00011991
0.00231025
0.00172829
-0.04571569
0.02818977
0.01151989
0.05457515
0.03493194
0.04782052
0.06581991
0.00286607
0.06094121
0.04715246
0.00635190
-0.03508892
-0.02940073
0.05085531
0.03940293
-0.01955199
0.00494221
0.00541594
0.01062118
-0.00056742
0.04194548
0.00351284
-0.03807661
0.04867373
0.01362888
-0.01832917
-0.01586256
-0.04658037
-0.02516775
-0.03965927
-0.03189629
0.04894194
-0.05065984
0.01838327
-0.02272923
0.03281410
0.06224269
0.02347768
-0.01565138
-0.01420535
-0.02526196
0.02307460
0.04445571
-0.00830281
0.02384134
-0.02412754
0.02121316
-0.00177947
0.03317207
0.02594107
0.05049434
0.03870318
0.05051689
-0.03098159
0.06096433
-0.00981451
0.03321527
-0.00057780
0.00683288
0.01726591
-0.02825540
0.01754962
0.03591837
-0.02756280
-0.00523707
-0.01882849
0.05714590
0.04387836
-0.01074257
-0.02399317
0.00467514
0.00102726
-0.01342695
-0.01239993
0.05506770
-0.04016798
-0.03630027
0.00891137
-0.03253838
-0.00157907
0.02937809
-0.01049610
0.03303280
0.00482746
0.03999219
-0.03801204
0.00232183
-0.00954719
0.04857156
0.04171858
0.04361512
-0.04427071
0.03397923
-0.01716582
-0.03083260
-0.04626028
0.01663203
0.01025950
-0.04406265
0.03093931
-0.04302506
0.04151693
0.02488048
0.01225443
0.00276794
-0.04329493
-0.02192261
0.00276297
-0.02261783
0.01743594
-0.04769004
-0.04245275
-0.02552941
-0.06555105
-0.01614906
-0.08287017
0.02358763
0.02209118
-0.05486548
0.00389244
-0.02261840
-0.02221117
-0.04089649
-0.01609612
0.03508557
0.01574839
-0.05036605
0.03240588
0.04933941
-0.05203766
-0.02308612
0.02066178
-0.01631693
-0.04048315
-0.02765217
0.03294014
-0.06449237
0.01956429
-0.06144315
0.02614149
-0.00206709
0.03941557
0.04103977
-0.04266726
-0.01393233
0.01370156
0.05348561
0.00758324
0.06152310
0.00060760
-0.00636113
-0.00621943
0.03528310
-0.03097087
0.03777149
0.02650801
-0.01451866
0.04767501
-0.04815100
0.02453887
-0.00478154
0.00957725
-0.02714171
0.03690863
0.03201926
0.00028034
0.05301160
-0.01192321
0.04520787
-0.02726672
-0.03292360
-0.04032522
-0.02098239
0.01390203
0.00680671
-0.00948666
0.01961231
-0.01980449
-0.02191421
-0.05665097
0.02421506
-0.03575204
-0.06144116
-0.05079477
0.02043092
0.03233835
0.02883075
-0.00378853
-0.03019999
0.00890895
-0.03543339
-0.01295221
0.00780202
-0.00613853
-0.02947434
-0.10399645
-0.05896496
-0.03929422
-0.10166754
0.04401801
-0.03399060
0.02361305
-0.08604084
-0.04686113
0.00778970
-0.02511449
0.03318533
0.02397820
-0.05052045
0.02971098
0.03029925
0.02938556
-0.05125264
-0.01989554
-0.03813748
0.01993357
-0.06198140
-0.04540370
-0.04083245
0.01003930
0.00806825
-0.02114063
-0.03421814
-0.02330774
-0.01786400
-0.01856302
0.01042874
0.02947034
0.03335138
-0.02419260
-0.02782190
-0.02204243
0.03309060
-0.03385141
-0.02759578
-0.02256505
0.00154730
0.02376513
-0.02388895
-0.00741924
-0.00503538
0.01626704
0.03078547
0.05171650
-0.03302309
0.02991211
-0.01465954
-0.02968920
-0.01013845
-0.02699120
-0.01117287
0.03909188
-0.01654453
0.01540210
-0.04271914
0.02782026
0.01433293
-0.00808863
-0.03030781
-0.01226614
0.01129081
-0.01152672
-0.04935154
-0.05133550
0.01123602
0.04285588
-0.03555343
-0.03870678
-0.01738990
0.03926645
-0.02766819
-0.02363456
-0.02812358
-0.04898175
-0.03846570
-0.05148932
-0.05095290
-0.04759970
-0.06995961
-0.01707132
-0.00742589
0.00603544
-0.06240692
0.01752853
-0.04642152
0.01201373
0.03244316
-0.00130267
0.00123688
-0.00449043
-0.02591349
0.00519454
-0.02872337
-0.01806854
0.03408110
-0.02586397
-0.00968103
0.02553686
0.03300135
-0.00176151
-0.02208806
0.03341372
-0.04207054
-0.04361168
-0.03429264
0.02111961
0.03724474
0.02131430
0.01362830
0.04720549
0.00927546
0.01301880
-0.03344245
0.04622108
0.05114868
-0.01462201
0.02495146
-0.03354183
-0.03062126
-0.03357897
0.03026744
0.03727508
-0.00937667
-0.01747794
0.03224005
0.00981817
-0.00804342
-0.00061799
0.01366968
0.02833598
0.03914973
0.03957283
-0.00272583
-0.03023687
-0.04528696
0.03398355
-0.02648397
0.03469127
-0.06895526
-0.09470413
-0.05831474
-0.04709215
-0.03363718
0.02962328
0.01822963
-0.02047054
-0.00136194
-0.00172637
-0.06006148
0.00388240
0.01382805
-0.04852092
0.01412084
0.03043743
0.04801256
0.03819265
0.01761364
0.04632836
-0.01275177
0.00501619
0.01937388
-0.00708442
0.05770180
0.01795838
0.03107551
-0.04514728
-0.03172014
-0.00292628
0.01479251
-0.03299321
-0.00444013
0.03509519
-0.01165236
0.04173403
0.06635053
-0.00151636
0.02641863
0.00926518
0.01235469
0.02705321
-0.01756271
0.02803115
-0.00406771
0.01987509
-0.00166747
-0.02911510
0.05422107
0.07218873
-0.00012097
-0.03759871
-0.01946998
0.03165444
0.03843037
-0.01028522
0.03667089
0.01600426
-0.02970381
-0.01842512
-0.03176764
0.00110385
0.04405496
-0.02687502
-0.01161640
-0.00929614
0.03736179
-0.03522406
0.00974177
-0.02087984
0.02035396
0.03475462
-0.01257402
0.04985192
0.05804176
0.01428917
-0.04027150
-0.03094811
-0.03357312
0.05376673
0.01684907
0.04225089
0.00340970
-0.00914245
0.02157747
0.03745660
0.02502312
0.03561570
0.05822196
-0.03765376
0.04624879
-0.03993732
-0.01555478
0.00441521
0.04954398
-0.03907098
0.02623322
-0.00483346
0.04484511
0.02198353
0.00354522
0.02830524
0.01326648
-0.00371766
-0.04225412
0.04690443
0.04810970
-0.00617183
0.02530066
0.00561119
-0.03702111
0.02681901
0.03362972
0.01211035
-0.03938720
-0.02399196
-0.04354961
-0.03032620
-0.05529648
-0.00428006
0.01837225
0.00733362
-0.03045853
-0.02389133
-0.01453447
-0.03584316
-0.00477534
0.01737076
0.02583570
0.00232515
0.02710881
-0.04641140
0.02800575
-0.00719251
0.01809409
0.04242000
0.04285776
0.03640866
0.04267371
-0.00029108
0.02898154
0.03137493
0.02455240
-0.03855466
-0.02505375
-0.06378815
0.04558287
-0.04342447
0.01935786
-0.05552193
-0.05879031
-0.01342584
0.00635683
0.01609156
-0.04404632
-0.00779557
0.00242999
-0.02193180
0.01942100
-0.05330023
0.01702237
-0.05951806
0.03657303
0.00872462
0.00207169
-0.02294816
0.02164049
0.05005553
0.02166281
-0.03018264
-0.04204584
-0.04959833
0.04045516
-0.02501957
-0.02735728
-0.02698806
-0.10208318
-0.09515102
-0.03410185
0.01391662
-0.04435602
0.00818027
-0.03845257
-0.01899718
-0.05751108
0.04194565
0.02731553
-0.01070036
-0.05067608
-0.03931309
0.01932183
-0.00849646
-0.05571052
-0.05165434
-0.08380227
0.04152744
-0.06543911
-0.02827601
-0.08029481
-0.03872173
-0.07253487
0.01910344
-0.00167997
0.03423460
0.03328354
-0.05446206
-0.03288282
-0.00750669
-0.05818764
-0.09622743
-0.06036828
0.00079388
-0.04769607
0.03920625
-0.08542181
-0.03273194
-0.07762144
-0.02947475
0.03038420
-0.03192859
0.00183290
0.04577946
0.03689102
0.00216089
-0.02061279
-0.02689494
-0.04589159
-0.04592013
-0.08242410
0.02401705
-0.07436137
0.01360589
-0.03431549
-0.04036629
-0.03656054
-0.05291609
0.00495618
0.00920129
-0.01188243
-0.02989914
-0.08783703
-0.00265342
-0.05665061
0.04167660
-0.07496978
-0.00999196
-0.01574957
0.04217328
-0.02473451
0.01882480
0.01907133
0.04059298
-0.01621095
-0.03910171
0.01075913
0.03250270
0.00961974
-0.07946654
-0.06656095
-0.04762378
-0.04182579
0.00715325
0.01084281
0.00070529
-0.00654697
0.03490985
0.02056011
0.03813334
0.04616376
0.01543418
0.03373176
0.03301942
-0.04626267
0.00772623
-0.02295226
-0.01063822
-0.03645683
0.04215549
0.03004733
-0.03104392
-0.04328443
-0.01439046
0.03730899
-0.04371373
-0.02016428
-0.04737926
0.04288301
-0.03597957
-0.01653163
-0.00069844
-0.02304851
0.00557086
-0.04358942
-0.01436662
0.00436213
-0.00570950
-0.04863010
-0.03698759
0.01290358
-0.00449828
-0.03365187
-0.04686103
0.04513140
0.03414826
0.05208113
-0.03077077
-0.02509724
-0.04206606
-0.04453117
0.06141443
0.05605211
0.01862091
-0.04034486
0.00996222
-0.02178018
-0.01250214
0.00694274
-0.03276980
0.00227227
0.00464181
0.01517165
0.05510847
-0.04078406
0.03209743
-0.02374117
0.00940012
0.00419775
-0.03007012
-0.02775878
0.00015930
-0.04619693
0.04035879
0.04137293
0.02512621
0.01018704
-0.00384307
0.06061723
0.00556636
-0.02807013
0.02940634
-0.01286382
-0.00450461
0.02260774
0.02279893
0.04958917
-0.02914929
-0.02309120
-0.01676068
0.01283708
-0.02163235
-0.01771142
-0.01440199
0.05605697
0.06415954
0.03871586
0.04324567
0.07561602
0.03754576
0.02597173
0.01553416
0.00587469
0.05126588
0.03598534
-0.01038930
0.04323959
0.03074565
0.04391120
-0.02400725
0.10108357
0.10242739
0.06157654
-0.03327552
0.09050900
-0.01564304
0.07526064
0.04295676
0.05505991
-0.04627675
0.00468495
0.03619465
0.04515048
0.04574480
-0.00887007
0.03752962
0.07687353
0.01686887
0.07229497
0.02061917
0.07830980
0.01229601
-0.00507504
0.03755900
0.01014217
-0.00187902
-0.00994669
-0.03974992
-0.01328319
0.04432902
-0.02865082
-0.01224239
0.07568771
0.02023051
0.02864084
0.04348211
0.05596050
0.01637032
0.03431348
0.00252745
0.03638427
0.04064295
0.06057179
0.01259391
-0.04251376
-0.02459988
-0.03195919
-0.04407889
0.02316128
0.02368619
-0.03987969
0.02203140
-0.03177508
0.01160704
0.00569036
-0.00433230
0.02871364
-0.03763168
-0.01958175
-0.02635625
-0.03072284
-0.02872984
0.00057799
0.05055024
-0.01803227
-0.00660038
0.02883821
-0.00878840
-0.01338185
-0.03040586
0.00188096
-0.04515471
-0.01959986
0.03286840
-0.01543452
0.02480259
0.03107768
-0.00983045
0.02233020
-0.03040025
0.00254537
-0.02891228
0.03908207
-0.03771183
0.05159483
0.02802295
0.04020073
-0.00219118
0.00645314
0.01265689
0.02106499
0.00412268
-0.01360308
-0.04606162
0.03219173
0.02137755
-0.02564902
-0.02702630
0.02653179
0.02504376
-0.04041642
-0.01060551
-0.02025030
0.04156187
-0.05591817
0.04705072
-0.01010732
-0.03558118
-0.03962345
-0.00703771
0.00819661
-0.00257787
-0.00156363
-0.00483076
-0.02771726
-0.02625796
0.01138752
0.02461496
-0.05013480
-0.01539589
-0.01399536
0.02043711
-0.02189376
-0.03928767
-0.01898592
0.02328116
-0.03259617
0.01368651
-0.03708823
-0.01843935
0.00983179
-0.00278405
0.03397462
0.03898327
0.01458038
0.00361027
-0.04276745
-0.03899069
0.03901369
-0.01554813
0.04913263
0.02268281
-0.02653520
0.02224640
0.02822427
0.01779444
0.01179849
-0.04475059
0.03176221
-0.03808017
0.02944035
0.04720746
0.01598407
-0.01353291
0.01050272
0.04052739
0.04487281
-0.02307436
0.04830706
0.02216034
0.01731284
-0.06016710
0.00313833
-0.02349290
-0.00297581
-0.05355464
-0.04586048
-0.01173090
-0.03943158
-0.04618758
0.01604446
0.03982387
0.02443705
0.00145649
-0.01766624
-0.02836641
-0.04706161
0.01566541
-0.03951558
-0.01503420
0.00462178
0.01790430
-0.00474366
-0.04776064
-0.03385000
-0.03267207
0.01138809
0.04343148
-0.03133088
0.03146242
0.02525339
-0.00808516
0.02482012
-0.06845963
0.01256334
0.02302455
-0.06676157
0.00051122
-0.06105793
-0.04649695
-0.03675248
0.03765035
-0.03581423
-0.00615205
-0.00543513
0.01281936
0.00652061
-0.00947168
0.06054757
0.08075505
0.01264028
0.00574145
0.00472988
0.02859262
0.06093197
0.04239351
0.03307186
-0.01185141
0.05093703
0.05121956
-0.02164523
-0.00383217
-0.04242086
-0.00100447
0.05471697
-0.03989971
0.02940004
-0.03608302
0.00268763
0.00676256
-0.00062344
-0.01163764
0.03428305
0.03563738
-0.03616747
-0.03959097
-0.02861541
-0.00785822
0.01124642
-0.00706697
-0.06379922
-0.03618259
-0.01266973
-0.01406099
-0.03343640
-0.00381304
0.00401735
0.02138984
-0.06569453
0.01178564
-0.03510453
-0.02092696
-0.03294940
0.03706330
-0.03820773
-0.02754597
-0.05781342
-0.05952663
-0.00162461
-0.02754627
-0.06060223
-0.02048961
-0.05458936
0.02617220
-0.00239924
-0.03735505
-0.04452900
0.00089801
-0.04963781
0.02900499
-0.00146038
0.01600693
-0.04780904
-0.01036241
-0.03299768
-0.01383516
-0.03972663
0.00633093
0.00312265
-0.04206492
-0.01578715
-0.04039719
-0.03876453
-0.05132220
0.04169685
-0.01489656
-0.01895539
0.01717746
0.06714278
0.07579742
-0.00936093
0.04518205
0.06302647
-0.05158699
0.01156392
-0.02096033
0.06074029
-0.04845431
0.01140379
-0.02180509
-0.01754391
-0.02935674
0.03957680
-0.03639737
0.03413393
0.04886507
0.01120845
0.01860647
-0.02165745
0.02330173
0.05238637
-0.00231574
0.02232114
0.05216747
-0.04497584
0.04411512
-0.02850904
0.00341658
-0.00912267
-0.03536739
-0.04158515
-0.06041052
-0.02748395
0.02429799
0.03170352
-0.02602227
-0.00271948
0.00213476
0.03272903
0.02582049
-0.04646765
0.00912001
0.02152620
-0.03410462
-0.00927071
-0.00083457
0.02337820
0.03267367
-0.02759251
0.00620410
0.03457289
-0.03213156
-0.00832292
0.02005241
-0.00379190
-0.04082333
0.02384527
0.00647335
0.00474264
-0.01033195
-0.00809725
0.03794018
-0.05542909
0.02304542
-0.07312431
-0.00780788
-0.01339133
-0.02415463
0.00286366
0.03746469
-0.06581483
-0.04379566
0.00541315
0.00356649
-0.00964167
-0.01985980
0.01763557
0.04203470
0.01874333
0.06749859
-0.02866999
0.01650459
0.05371018
0.04714209
0.00604884
-0.03077292
0.02402347
-0.04734162
-0.01459455
0.01111569
0.01112059
0.04610708
0.02642236
-0.00493177
0.02230108
0.09765590
-0.01418724
0.01567941
0.08639180
0.01797332
0.06058356
-0.04843922
0.07743909
0.01698070
0.06185706
0.01943133
0.01840867
-0.00770771
-0.04277483
0.05088916
0.02366447
0.00213560
0.06245022
0.03350047
0.07874557
-0.04184543
0.03618078
0.01309513
0.03705173
-0.01836260
0.05581553
-0.03420301
0.00045480
-0.03060015
-0.01317444
0.02867514
0.02862027
0.06092373
-0.04069926
-0.01755913
0.02123103
-0.00954802
-0.04108007
-0.02893272
0.03470122
0.03314472
-0.01013263
-0.04462259
0.01523813
-0.02526136
-0.02916832
-0.05153599
-0.01943181
0.01844718
-0.03890435
-0.02196982
-0.04772336
-0.02665350
-0.02800587
0.04178079
0.02810143
0.01831361
-0.00362444
-0.00053244
0.02212462
-0.02656521
-0.03606737
0.04311147
-0.01340255
-0.01270930
0.04633101
-0.01078645
-0.02933268
-0.02853723
-0.01397956
-0.01953392
-0.02508795
0.01263277
-0.04273301
0.03503606
0.01021015
0.04160788
0.03068394
-0.01527983
-0.00109271
0.00103721
0.03545638
0.02299152
-0.03689038
0.04064319
-0.03341137
0.01786195
0.02362748
-0.02633785
-0.03238451
-0.02289301
-0.01775234
0.03466199
0.00131596
0.00060630
0.00845557
-0.09930680
0.00826539
0.04507960
-0.01132143
-0.02385618
-0.00008430
-0.00390534
-0.00168265
0.03157724
-0.01621387
0.00993184
0.03117540
-0.00077060
-0.02608550
0.04921817
-0.02398704
0.05148763
-0.02098374
0.01675165
0.01599885
-0.04153011
-0.04865677
0.00624936
-0.00091696
-0.04497592
0.05726082
0.04400220
-0.02635400
0.01467925
-0.02817053
-0.00117590
0.07115234
0.05827826
0.02166768
0.01438427
0.07422923
-0.00954626
0.06690754
-0.03183013
0.00671936
0.03816051
0.01343017
0.02244670
-0.02749916
0.02739774
0.04930496
0.02623531
-0.01845288
-0.02043624
0.02394681
0.01007171
-0.02741130
-0.03339313
-0.05299051
-0.02240041
0.00658408
-0.00918945
-0.02283750
-0.01294745
-0.00907701
0.00846155
0.03301251
-0.02669492
-0.06521665
-0.04938112
-0.08253001
0.02248995
-0.05598101
-0.05360811
0.01335696
0.01367182
-0.06347951
0.02330325
-0.02162718
0.03376347
0.01664130
-0.03761295
0.03269953
0.03609903
-0.09477255
-0.08597723
-0.08104242
-0.04874790
-0.10329790
0.01325864
-0.04110190
0.03094292
-0.04758704
0.00111685
0.00780499
-0.04242366
0.01066456
0.04040204
-0.03619570
0.02513701
-0.00666096
0.07038981
-0.01696535
0.02099579
0.03580714
0.03881378
-0.00900079
0.04177237
0.02833797
-0.02978252
0.00897660
0.01329939
0.04337625
-0.04173160
0.04067777
0.01499666
0.05262348
0.05262472
0.05225188
-0.01182351
0.08202356
0.03320485
0.00585664
-0.02710887
0.04288338
-0.00677928
0.03306295
-0.00723732
0.00058497
-0.03033454
-0.04166301
-0.01018568
-0.01304161
-0.06770460
-0.05969310
0.03725431
0.03318870
0.00066434
-0.02546493
0.03031088
-0.02358562
0.00040759
0.01235368
0.04698076
-0.02294235
0.01206787
-0.01352083
0.01825818
-0.05431015
-0.02833691
-0.00675039
0.04410176
-0.08335755
-0.00310849
-0.04997959
-0.01670232
-0.00912610
-0.04768875
0.00286783
0.01780796
0.01045098
0.00192708
0.01987747
0.02094382
-0.01726249
-0.04158313
0.00032326
-0.00991862
-0.02010489
0.03918292
-0.03530114
0.04211036
0.01516265
0.00526216
-0.00301819
0.03143948
0.04998335
-0.00910567
0.00863046
-0.03657531
0.02365535
0.03927003
0.05862237
-0.01363110
0.07100663
-0.00332644
0.00216948
-0.03768906
-0.02522665
-0.00551367
0.05828216
0.01617951
0.00381151
0.02424112
0.03832232
-0.01478967
0.03959836
-0.01201598
-0.02443830
-0.04663829
-0.02105012
-0.05592215
0.05079621
0.01915521
0.07137863
0.00032404
-0.03228665
0.03082683
0.04799864
-0.04043570
-0.02846453
-0.04450186
0.00504616
-0.03675881
0.03222860
-0.00824740
-0.00107163
0.05004596
0.03369339
-0.04864759
-0.04117015
0.04992213
-0.00117383
0.04754000
0.04334609
-0.03218943
-0.03307466
-0.00787539
0.03633140
0.01621687
-0.02662996
-0.04336384
-0.01813602
-0.01843467
-0.01991335
0.03720230
-0.01920506
0.02435260
0.04339006
-0.00704545
-0.00700376
0.03094026
-0.01197949
0.03672649
0.00516836
0.05594904
-0.02139964
-0.02642388
0.03618312
-0.02208639
0.02287194
0.02414467
-0.02472303
-0.02496491
0.01741496
0.04489692
-0.03432814
0.04371214
0.01343140
-0.01881677
-0.00564075
0.03552291
0.00701506
0.00241892
-0.01642014
0.01512342
0.02702734
-0.03553889
-0.02676176
0.01128379
-0.03743809
0.00366125
-0.03145560
0.04364163
0.02693096
0.00430693
-0.05470905
-0.04341249
-0.00503101
0.02527988
0.00504954
-0.02246244
-0.04489822
-0.00406021
-0.01113624
0.01934581
0.00337131
-0.02817801
0.01635174
-0.04377502
0.03544892
-0.04089053
-0.00580175
-0.02384844
-0.03014177
-0.02422867
0.02676341
0.01511511
-0.03152419
-0.01919540
-0.03390850
-0.04127603
0.03597130
0.03971505
-0.01103962
-0.03509455
0.04393992
-0.02593169
-0.03893257
0.00128363
-0.03226973
-0.00005075
-0.03347686
-0.01840384
0.00171618
-0.01966404
0.04755934
-0.00107266
-0.01423151
-0.04313997
-0.04101987
0.01447761
0.01634332
0.04216548
0.05281169
-0.01265410
0.04144164
-0.04690046
-0.02581464
-0.03886955
0.03721307
0.01380930
0.05197731
0.04350090
0.02002100
-0.00325432
0.02612787
0.02824629
-0.01596057
0.00618107
0.03110344
-0.01435801
-0.02380066
-0.01305369
0.03034793
-0.05550628
-0.04714005
0.04546364
0.02803813
0.00039149
0.04131713
-0.02366184
-0.03467775
0.04493771
-0.03005735
0.00926779
0.01076557
-0.07295876
-0.02899394
0.00407812
0.00035408
-0.05218870
-0.04636625
-0.03257661
0.01685547
0.01008165
-0.04965843
0.02972281
-0.01716698
-0.04686804
0.00132722
-0.00098972
0.03385226
0.06430127
0.04735170
0.04694554
0.05797800
0.03920342
0.05450310
-0.03759124
0.02837264
0.04447625
-0.03982988
0.00594255
0.03859469
-0.00362248
-0.00009613
-0.02359422
-0.00713613
-0.02700109
-0.01069739
-0.04822393
0.00101383
-0.02666018
-0.00317582
-0.03655895
0.03883543
-0.03139081
-0.02854032
0.03633105
-0.01765735
0.01643329
-0.00737385
0.02946817
-0.04122710
-0.07767082
-0.06780126
-0.00787697
-0.07568201
-0.03197417
-0.03559363
-0.01316223
-0.04894563
-0.01878964
0.03109635
0.01425834
-0.00377767
-0.03271578
0.01289810
-0.03851436
-0.08986171
-0.10039847
-0.08115521
0.01767267
-0.09033415
-0.01615254
-0.01270034
-0.05023557
-0.05345855
-0.04148618
0.02725022
0.00686068
0.03635162
0.02323692
-0.04343367
-0.02134145
-0.06587010
-0.08953531
-0.05028201
0.02971048
-0.06747913
-0.01189194
-0.06911622
-0.00276477
-0.01166514
-0.03934755
0.01354830
0.00943500
-0.04554168
0.01064747
0.02572789
0.01310070
0.06907291
0.06192663
0.02787700
0.02427094
0.00743728
-0.04607595
0.06302497
0.00289595
-0.00334960
-0.00433026
0.03031176
0.05071686
-0.01560972
0.02675202
0.02602482
0.04240209
-0.00816672
-0.01076689
-0.00726327
-0.02757475
0.01526441
0.04402545
-0.01687608
-0.02807687
-0.01451209
0.01412675
-0.04504559
0.02927963
0.00568191
-0.01007059
0.03615355
0.01412114
0.05901934
0.05930066
0.02487398
0.05016951
0.00020446
-0.01447428
0.02118688
0.00843932
-0.02470252
-0.03162900
0.00424151
-0.04644597
0.04309812
0.02559003
0.00228864
-0.01053186
0.02730504
-0.02543779
-0.02322187
0.00263261
-0.05807549
-0.03740210
-0.00667674
0.01396904
-0.04132621
0.01498068
-0.01763420
0.02745843
-0.03396859
-0.01782836
0.02260134
-0.02893554
-0.04913952
-0.02341982
-0.05435776
0.01589355
-0.06383885
0.04792266
0.01984474
-0.00869696
-0.07213324
-0.00934461
-0.04895326
-0.03027938
0.01620891
0.00072123
-0.00169718
0.03093439
0.03906412
-0.01749846
0.00983480
0.03841025
0.05444893
0.02588009
0.00761722
0.02822081
-0.03658609
0.00478301
-0.02880377
-0.02454610
-0.01208587
0.00033755
0.04300589
0.00370946
-0.02622480
0.07207830
0.03618987
-0.02208775
0.07135080
0.03246856
0.00597337
0.01212656
0.04307758
-0.01714591
-0.01342083
-0.03294570
-0.00289043
0.02766907
-0.02255517
0.05436857
0.01655298
0.06786820
0.01337686
0.03972690
0.06224551
0.04170576
0.01076800
0.00945705
-0.01537711
0.02321632
0.02202551
-0.04310231
-0.04052794
-0.03657859
-0.03044921
0.04426856
-0.01547906
0.03192089
0.01933374
0.03563596
-0.01688139
-0.02449936
0.00101076
-0.03068168
0.02954969
-0.01323305
0.00313490
-0.01551222
-0.04606681
0.00289054
0.03720927
0.00139788
-0.02337173
0.01419023
-0.04521479
0.03321771
-0.04279138
-0.01143954
-0.02301598
0.01338362
-0.02342594
0.03540916
0.01274860
-0.04843432
0.04089538
0.03578367
-0.04593845
-0.04975196
-0.03205450
-0.07647445
-0.04317255
-0.01770596
-0.07235352
-0.01691565
-0.00304139
0.02716378
0.01356009
-0.02353194
0.00117198
-0.01191347
-0.04017630
0.02288925
0.04098803
0.00525430
-0.05062237
-0.02762171
0.03745112
-0.04464220
0.02625923
-0.04198086
-0.03696724
0.03496537
-0.01555576
-0.02094987
-0.03758623
0.01849242
0.01067502
-0.04134500
-0.00042146
0.01429790
-0.00379895
0.04705887
0.01966814
0.04414140
0.03150628
-0.00522979
0.02516086
0.01155489
-0.01834309
0.02509748
-0.00174438
-0.03597008
-0.00032213
0.00502103
-0.03505796
0.05228573
-0.01667890
-0.00148949
0.03473303
-0.04628906
0.03642525
0.05095187
0.03061369
-0.04046563
0.04387233
0.03774096
-0.02514179
0.01570626
-0.04032037
-0.01390390
-0.03948353
0.00323347
0.02641106
0.01223000
-0.00568418
0.03319962
-0.02181179
0.00840804
0.04609421
0.02844746
-0.01214192
-0.04722193
-0.02769212
-0.01453061
0.03521181
-0.00378262
0.03787670
0.02658316
-0.09143632
-0.06272481
-0.08284904
0.02744408
-0.02443548
-0.03502158
-0.08454466
0.01143824
-0.03089495
0.00525731
-0.05890787
0.04104889
-0.01067498
0.02334224
0.00083322
0.00874775
0.00309359
-0.04850702
-0.02556306
0.00028436
-0.06892165
0.01914696
-0.00929320
0.04467531
-0.01684330
-0.00118334
0.00555027
-0.01614872
-0.01677559
-0.04378188
-0.04205979
-0.02968165
-0.06629474
-0.00837585
-0.00517636
-0.03670052
-0.04915472
0.02194191
-0.06768946
-0.02182908
0.00980803
0.04373650
-0.03661298
-0.01488322
0.00137115
0.01645471
0.00857891
0.05373121
-0.00948244
0.03134848
0.05308145
0.00573204
0.04779227
-0.02238092
0.01053908
-0.00908386
-0.01787980
0.03029185
0.03101383
-0.04475308
-0.03535463
-0.00160007
-0.04411118
0.03804862
-0.00797931
0.07045497
-0.01979170
-0.03087620
0.06651241
0.01985071
0.04613012
-0.02729451
0.03286419
-0.03294748
-0.02163020
-0.02531254
-0.03435531
