shape=[32, 400]
-0.04369153
0.05537307
-0.00189929
-0.01518578
0.02527104
0.15292275
0.05315894
-0.00378057
0.02202809
-0.01526382
0.09383954
0.06585740
0.01869125
0.07603089
0.05428270
0.05762603
0.04041290
0.04659990
-0.00821712
-0.01306544
0.02890568
0.04056563
0.01592591
0.01713435
0.00896989
-0.04814568
-0.04284105
0.01194444
0.04317870
0.02679600
0.01763992
0.02425743
-0.00279334
0.04665196
0.02856099
-0.02734254
-0.02085667
0.06843057
0.00051973
-0.00758291
0.07817516
0.01234715
0.04865713
-0.03199633
-0.04476174
0.03043314
-0.04230212
-0.05960715
-0.01379114
-0.02978165
0.02894871
0.05266647
-0.03563123
0.00608554
-0.00669299
0.01324231
0.09929559
-0.05319578
-0.00088589
-0.01859015
0.04293704
0.04056763
-0.03622309
-0.04639038
-0.05569988
0.04761626
-0.04373855
0.01844135
0.03864563
0.03475169
0.03365056
-0.02124534
0.07458705
0.02145516
0.04163557
-0.04298263
0.01148029
-0.03545696
-0.04380702
-0.07797461
0.02441601
0.04248418
0.03283541
0.07277697
0.01696503
0.00253030
0.11263458
0.04019741
0.16645758
0.03166975
0.09393743
-0.00302274
0.07868922
-0.03483843
0.02691627
-0.11811074
0.00897780
0.00764563
-0.02207996
-0.03162877
0.03972327
-0.03760485
0.02738357
0.03842730
0.11252099
-0.02874133
0.04476546
-0.02150545
-0.03787584
0.03601649
0.00435275
-0.11265382
-0.00924988
-0.04029547
0.00941699
0.04043166
-0.05639772
0.00135706
0.01546693
-0.00647497
-0.00347269
-0.01364575
0.02488534
-0.01116609
0.02592957
-0.06079189
-0.01418323
-0.10246748
-0.01366920
0.06868789
-0.03429792
-0.03773051
-0.02249301
-0.05900693
-0.00468467
0.01101715
-0.07142746
0.04137921
0.08782763
-0.02149393
0.01489249
-0.05467196
-0.05584637
-0.09222281
0.00901405
-0.03002843
-0.04895176
0.03102299
-0.03325474
-0.06219643
-0.05502321
0.05245466
0.07466655
0.00308442
0.05697485
-0.00724857
-0.04662126
-0.02206975
-0.00645905
-0.08862434
0.02146954
-0.01833133
-0.03798349
-0.05992859
0.02682673
-0.16227120
-0.14974256
-0.00281545
0.05690834
0.04351737
-0.02320534
-0.02261874
-0.10310850
0.00700453
0.01722955
-0.08337261
-0.01558741
0.00005552
0.03605871
-0.00379602
-0.00790048
-0.06329983
-0.09079967
-0.02250455
-0.03678535
-0.02768959
0.03199718
0.00650738
-0.08940505
-0.02068541
-0.00628894
-0.08783644
-0.01187738
-0.00277638
-0.00024117
-0.02416753
-0.05520721
-0.05971251
0.00795193
-0.01336955
0.00229251
-0.03571243
0.00676058
-0.03874583
-0.00531569
-0.02502344
-0.07243284
-0.09047979
0.03850275
0.04389837
-0.03770370
0.01795566
-0.01290668
-0.01344125
-0.09480535
-0.07347353
-0.06368675
-0.02259438
0.05275383
-0.02518837
-0.08756296
0.00528298
-0.04309383
-0.07218976
0.05353736
0.03310702
-0.01709121
-0.05690567
0.01375016
-0.08670124
-0.12703271
-0.05409546
-0.11444165
-0.02703831
0.02721186
-0.01178160
-0.01713608
0.00837174
-0.03177805
-0.07532071
0.02506104
0.02115761
-0.01001757
-0.05227880
0.02791096
-0.09110282
-0.09620591
-0.01394466
0.04363032
-0.02323464
0.04068609
-0.00740178
-0.04756932
-0.03755957
0.00562184
0.01336891
0.00660511
0.05280611
0.02535581
-0.02326616
-0.03102294
-0.07501043
-0.03083683
0.00055890
-0.02637848
0.03904516
0.04603922
-0.04269710
-0.05479829
-0.00825389
-0.03695495
-0.02335089
-0.03177245
0.06099292
0.04293900
-0.03243810
-0.01449774
-0.09370741
-0.05414284
0.01145575
-0.09211186
0.01649453
0.01414751
-0.01362117
-0.06110867
-0.05036921
0.04802041
-0.04450724
0.04887803
0.03325784
0.01433995
0.01808289
0.03443084
-0.05947519
-0.04400200
-0.05696878
-0.10136198
-0.03839471
0.01390317
-0.03958321
-0.00477663
0.03395507
0.00989222
-0.11022998
0.02841627
0.05313157
-0.00006183
0.00184718
0.01395695
-0.01477557
-0.02373566
0.00606605
-0.10814068
0.01425723
-0.02203348
0.02646805
-0.08326847
0.06167983
-0.01129489
-0.09416046
0.04705746
-0.03622837
-0.00894674
0.04825801
-0.01477305
0.05076186
0.01079429
0.00954148
-0.05559007
-0.05279364
0.07910529
0.04208406
0.09135791
0.03655703
0.03239769
0.09469867
0.02025432
0.01644121
0.03448804
-0.05813169
-0.02536962
-0.14251819
-0.06816050
-0.02791725
-0.08754123
0.05018574
0.02941431
0.03955729
-0.05593831
-0.03671479
-0.02713429
-0.03269123
0.04024709
-0.01590745
-0.03310069
-0.00314569
0.02164404
-0.07796471
-0.01917876
-0.00017119
-0.11120395
-0.04835005
0.06362856
-0.03257262
-0.07856756
-0.01526587
-0.03680369
-0.05756411
0.04120138
0.03452578
0.00319063
-0.04919556
0.01905162
-0.09572237
-0.03527602
-0.01549650
-0.05850210
0.00940332
0.03258941
0.02900788
-0.02683862
-0.00947199
-0.03163368
-0.06018333
0.00939047
0.02303935
-0.02880476
-0.02617586
-0.02271523
0.00474419
0.05749213
-0.00870861
-0.02415111
-0.00527214
0.06389236
-0.00818178
0.01645070
-0.00243032
0.03739866
-0.07494413
0.01824746
-0.05471574
-0.00660495
-0.04291423
0.03807836
-0.05819774
-0.01904255
-0.01586210
-0.02719921
-0.04613081
-0.05962941
-0.04933549
-0.04669491
0.04797180
-0.05257306
-0.03070270
-0.01493674
-0.02993972
0.02719355
0.02840886
-0.02899514
0.06614881
0.01792664
-0.03271943
0.05061156
-0.00242371
-0.04946057
-0.02471887
-0.06252297
-0.01839706
-0.00217768
-0.04609393
-0.00179672
-0.02548435
-0.03889009
-0.01096422
-0.00359252
0.07048881
-0.03736826
0.00227891
-0.03518263
-0.04693145
-0.01121933
-0.00624409
-0.00132583
0.03719120
0.02015451
0.00858473
0.01723367
0.03835252
0.03550421
-0.02582024
-0.02834093
-0.08251292
0.00413116
-0.00309582
-0.03713941
0.01704229
-0.01339567
-0.01821114
-0.00452918
-0.03615951
-0.00689348
-0.02354949
0.01097308
-0.03800353
-0.02470971
-0.04261456
-0.01085281
-0.09333013
-0.04994954
-0.02419221
-0.07107393
-0.05503000
-0.00905885
0.01790117
-0.04501137
-0.05113050
-0.04435742
-0.00256224
-0.00808022
-0.04282762
-0.02169064
0.03696374
0.01681074
-0.01324835
0.01939918
0.03995802
-0.02389548
0.00262634
0.03766570
0.00880220
0.03493303
-0.05933135
-0.03395952
-0.03338665
0.01843495
-0.02985721
-0.02396025
-0.03642305
0.02637304
-0.03739848
0.03124941
0.04084825
0.05601021
0.01860817
-0.00783987
-0.00914209
-0.00649730
-0.00382011
0.00778599
-0.04430413
-0.04632411
0.03383527
0.02786770
0.00604542
0.03695660
0.01969704
0.03372371
0.04396169
0.00729486
-0.02692342
0.02946540
0.00067703
-0.04572939
0.02385580
-0.01499961
0.03059132
-0.02362739
-0.00949108
0.00826487
-0.05865872
-0.01263784
0.04295174
0.01257671
0.03545938
-0.07270026
0.00754954
-0.02708947
-0.01743952
-0.04787821
-0.00882359
-0.02254518
-0.03845194
-0.02496938
0.01192859
0.02396471
-0.03502292
-0.03540854
-0.12078564
-0.02149195
0.02415033
-0.06115195
0.01209247
0.03648735
-0.01996263
-0.03744874
-0.05192823
0.02747506
-0.10904181
-0.02073971
0.05125959
-0.04628522
-0.03766421
-0.05025335
-0.17299867
-0.02689501
0.03844967
-0.05967848
-0.04348578
0.01762149
-0.03960691
-0.01318860
-0.09219973
-0.05183737
-0.06548363
0.01279431
0.04962727
-0.04101082
-0.03459702
-0.07286729
-0.18226133
-0.02142250
-0.03458523
-0.08068478
0.01959576
0.02811911
-0.00141885
0.01635454
-0.02523682
0.00856915
-0.10464109
-0.04370860
-0.03215332
0.02131295
-0.01726654
0.02678855
-0.06783301
0.02106318
-0.00755635
-0.01181367
-0.03176508
-0.02872593
0.03653122
-0.01460659
0.01441830
-0.04786009
-0.00781632
-0.00096245
0.00244191
0.01120385
-0.01480657
0.04681252
0.02822181
-0.01941200
0.00037625
-0.01382145
0.00188093
-0.03667336
-0.01155844
0.01505311
-0.02726758
-0.00358428
-0.01356952
0.02797750
0.02189575
-0.03467100
0.01791850
-0.05564855
-0.07581366
0.00886485
-0.05801694
-0.07813695
-0.05779152
0.03146630
-0.01406628
-0.04522386
-0.06926574
-0.02560346
-0.00387591
-0.04756339
-0.05956753
-0.00515484
0.00603689
-0.05338803
-0.30976254
-0.04193140
-0.07627924
-0.08797195
-0.02624083
0.02588977
-0.02793447
-0.06036579
0.00577946
-0.02063974
-0.11411719
0.04072897
-0.01728465
-0.01304880
-0.05408495
-0.07082151
-0.16028640
-0.01059323
0.01473564
-0.04365001
0.02276222
-0.03603777
0.01501919
-0.03213434
-0.04964451
-0.02630646
-0.06810701
0.01304034
0.02890622
0.03943740
0.01052648
0.02864427
-0.11146658
0.01680817
-0.03612931
-0.07035521
-0.02915261
0.02950348
-0.05979843
0.02581300
0.03912112
0.02893333
-0.04980685
0.01422986
0.02245054
-0.02135710
-0.05064953
0.01044932
0.00451243
-0.04039765
-0.02111743
-0.04225102
0.02786932
-0.00527325
0.02973087
-0.02617182
0.03500057
0.00217806
-0.04154874
0.01075006
-0.04105945
-0.00318793
-0.02205599
0.00347659
-0.07277758
0.04278386
0.04936896
-0.03109181
-0.04623861
0.05138253
-0.03347470
0.04633355
-0.05533049
-0.01147903
0.02899405
-0.05278901
0.01626693
0.01665428
-0.02378170
-0.01158687
-0.13513887
-0.05553742
-0.02610133
-0.06410077
-0.05199878
0.01890452
-0.05757895
-0.00130602
0.01979366
-0.04296170
-0.04562348
-0.03662244
-0.06101821
0.01529767
0.01152276
0.04621168
-0.14403705
-0.03785129
-0.05824409
-0.03762235
0.03308574
-0.01597963
-0.05581445
0.01777889
-0.00344853
-0.03527222
-0.01678169
0.01236875
-0.03616960
0.01351827
-0.04244556
0.00376700
-0.04446870
-0.05707750
0.00728063
-0.04929463
0.01905860
-0.01191261
-0.01787519
-0.05519025
-0.00412687
0.03121670
-0.01306595
0.03378362
-0.04477988
-0.01105635
-0.00444131
-0.01859445
0.03933040
-0.04759474
-0.00647394
0.01784395
-0.05752642
-0.00396005
0.01825738
0.03915283
0.03131188
-0.01268657
0.00537986
-0.00456597
-0.00568964
0.01843205
0.01314409
-0.04123678
-0.02133346
-0.03213030
-0.03029429
-0.07029999
-0.03305408
-0.04256073
0.02449015
-0.00173680
-0.03923490
0.00198814
-0.04118061
0.04422003
-0.01641992
0.02041907
0.03443871
-0.04744273
-0.17106277
-0.04968774
-0.03802862
-0.07743541
0.00582178
-0.01761337
0.00325139
-0.02800304
-0.03432903
-0.04841366
0.03195304
0.01646740
-0.00527784
0.04433253
0.03859872
-0.04502597
-0.14595298
-0.02035247
-0.10848697
-0.10689588
0.03885387
0.00514052
-0.00164697
-0.02344950
-0.01446656
-0.00763617
0.04002050
-0.01059751
-0.02915453
-0.05158614
-0.00105733
-0.00612248
-0.07864845
-0.08219113
-0.04802160
-0.08570705
-0.01406646
-0.05715244
-0.05533658
-0.11168425
0.00689012
0.03768563
-0.01302829
0.01056408
-0.04002902
-0.03517313
0.01025863
-0.04789388
-0.16656952
-0.03732706
-0.10193777
-0.10295663
-0.04246856
-0.02961755
0.04680484
-0.03550439
-0.00932995
-0.03165789
-0.11139910
-0.03527424
-0.06187773
0.03794255
-0.06329464
0.01516860
-0.20178746
-0.05234124
-0.02984725
-0.03445966
0.04911062
-0.05593916
-0.02567382
-0.06570667
-0.02183831
0.02971463
-0.27792314
-0.03605120
0.02625560
0.02749762
-0.02158835
0.05422514
-0.03054199
-0.04100835
0.01936989
-0.00391894
-0.01443703
0.00598810
0.05640992
-0.04367832
0.01454025
-0.01636004
-0.06583711
-0.05656169
0.00134065
0.03770585
0.01504417
0.01020082
0.01812043
-0.05183651
0.03641768
0.00697852
-0.00789297
0.02611093
-0.01581543
0.02439641
-0.01284171
-0.08524207
-0.13930611
-0.04941650
0.02977298
-0.04595533
-0.05408906
-0.00596113
0.03160670
-0.03689300
-0.01322720
0.01882560
0.03617034
-0.02638757
0.03042344
0.03031636
-0.02976389
-0.08240575
-0.04188117
-0.04927061
0.00530821
-0.00253722
-0.02896042
-0.02226246
-0.15774626
0.00383797
0.00045862
-0.02317199
-0.00803071
0.02009092
0.02651662
0.04961488
0.03737433
-0.01253682
-0.06142428
-0.02312747
-0.08258951
-0.04541540
-0.01328068
-0.05220551
-0.09356888
-0.03541348
-0.02815434
-0.08019814
-0.02840414
-0.08924162
-0.06741208
-0.06213668
-0.01290602
0.00569167
-0.15886973
-0.00118163
0.03737579
-0.03198756
-0.01408656
-0.02814480
-0.04909343
-0.00779219
0.03295638
-0.07916869
-0.02456731
0.01000725
-0.02392652
0.00481827
0.01724932
0.00150271
-0.07856212
-0.01613721
-0.02797765
0.02497371
-0.04678109
0.04628223
-0.01019697
-0.04437667
0.00440556
-0.07482813
0.00927841
-0.02602580
-0.02814624
-0.04455941
0.14467134
-0.02088456
0.09165767
0.02265085
-0.05293879
-0.05503067
0.01279929
0.01025686
0.11594923
-0.03358176
0.05194253
0.00839963
-0.03245452
-0.00998175
0.00626316
-0.06075486
0.09237332
-0.01463066
0.02820206
0.02263326
-0.00275721
-0.01534882
0.02804405
0.03233291
0.04195680
-0.02030156
-0.04453654
-0.09086486
-0.06188346
-0.05092269
-0.07391265
-0.01708881
0.07398563
-0.01280316
0.02698959
-0.05832953
-0.04747180
0.02487430
-0.08964857
0.05529045
0.15496786
-0.15320198
0.03177729
-0.07136443
-0.02740330
-0.07787613
-0.01126304
-0.06918157
0.03979331
0.01118030
-0.01773417
-0.03813980
0.00555937
0.00755869
0.01296194
-0.03016955
-0.24480626
-0.03432445
0.02215312
-0.05848961
0.03091991
0.01000653
-0.03191724
-0.00206380
-0.05808179
-0.02832785
-0.11956003
0.04312654
0.01960916
-0.03044573
-0.02612083
-0.04032677
-0.08160958
0.01081364
0.09730928
-0.03055093
-0.04472963
-0.01469775
0.00241751
-0.03407698
-0.02169552
-0.00762548
-0.04459291
-0.03351026
0.01403031
-0.01378982
-0.03804611
-0.01463198
0.05299897
-0.05651190
0.09970815
0.08540673
-0.01367409
-0.01231664
0.03231097
-0.06273706
-0.07839970
-0.04253387
-0.04965242
0.01681890
-0.01369099
0.01870303
0.03396739
-0.04215198
0.02142206
-0.05661124
0.11333625
0.01797473
0.01675969
0.01125840
0.03299562
-0.03172120
-0.02588971
0.01105764
-0.04792332
0.00340918
-0.01028346
-0.01314620
-0.06452160
-0.02359575
0.20389219
-0.01932512
0.05900333
-0.00951205
-0.06372281
-0.06740009
-0.04060097
0.00355316
-0.02797861
0.03177734
-0.06727371
-0.03412959
-0.01072595
-0.03656062
0.01595792
-0.01685591
-0.29566300
0.02391399
-0.01674247
-0.01776834
0.00453824
0.00100670
-0.03405667
0.04010121
-0.06707614
-0.03798284
-0.14644356
0.00722322
-0.04694598
-0.01337230
-0.00540275
0.02257250
-0.30567688
-0.04821584
0.05309513
0.08344716
-0.03581173
-0.08223343
-0.03554776
-0.08187727
-0.07467987
-0.06644583
-0.19448359
0.01838428
-0.01743994
0.01117091
0.02767546
-0.03990960
-0.24722441
-0.03015229
-0.02451659
-0.00097718
-0.02098232
-0.06012050
-0.00604911
-0.06189027
-0.10755683
-0.01757471
-0.23759314
-0.01168253
-0.02751243
0.02196265
-0.03103787
0.01990822
-0.10377665
-0.11666458
0.03909037
-0.07832985
0.02896340
-0.08548853
0.01991310
-0.07296859
-0.03272336
-0.03355436
-0.13256143
-0.04586586
-0.01946560
-0.00046192
0.03026916
0.00152818
0.02150688
0.04762223
0.07414223
-0.10941382
0.00101122
0.07021935
0.01991852
0.01698953
-0.00814416
0.02464171
-0.13458914
0.01955735
0.00067994
0.02649059
-0.00852377
0.00724823
-0.04320727
0.00547193
0.01153810
-0.02727135
0.00399254
-0.01329918
-0.00335721
-0.04767286
0.01177832
-0.08523383
0.02404721
0.00186758
0.02198420
0.04660628
-0.04975726
-0.02608158
-0.02656820
-0.04594984
0.01533671
-0.10948217
0.00845658
0.00497015
-0.04775136
-0.05949158
0.02717581
-0.03413086
-0.05028886
0.03050873
-0.01256143
0.00765500
-0.01297916
0.01751141
0.02013526
-0.03311953
-0.03213077
0.01047606
-0.03748690
0.03869427
-0.00733136
-0.01838739
-0.07295930
-0.02210601
-0.09367125
-0.01454927
-0.02538817
-0.00187094
0.03833149
0.01909916
-0.01628538
-0.06742296
-0.01343160
0.00027091
0.02213282
0.01442394
0.02467938
-0.00159722
0.04361566
-0.05686849
-0.03032525
-0.00065469
0.00538331
-0.00136920
-0.02563310
0.03351919
0.18607093
-0.00254737
-0.01323039
-0.06277320
-0.02736473
-0.05286097
0.00710326
-0.05670643
0.05630768
-0.04687298
0.00794031
-0.00889322
0.03572111
0.00201830
-0.00105533
-0.01416713
0.00874151
0.00620434
-0.00093233
0.02093774
-0.02097409
-0.02194508
-0.04066758
-0.05234633
-0.05938440
-0.05081544
-0.07038273
0.04441466
-0.04631346
0.01793432
-0.00931647
0.00583049
-0.04654917
0.01964901
-0.00885874
0.04906364
0.00058126
0.05379269
0.04732513
0.01283335
-0.00493775
-0.07780200
-0.12789994
0.03099951
0.06484162
-0.00280715
-0.02549133
-0.04088921
-0.15622325
0.03648382
0.05181748
0.09279080
-0.00939316
0.02737457
-0.00935968
-0.04681564
-0.05347557
-0.07712487
-0.17914484
0.00348831
-0.01408360
-0.00602976
0.00128319
-0.06270116
-0.10271277
0.01364540
0.09245875
0.14160815
0.00160156
0.01554723
0.02032232
-0.08162738
-0.06159788
-0.04785201
-0.15555049
0.00883330
-0.01118248
0.02735182
0.01247492
-0.02009198
0.00305330
0.02947267
0.07684259
0.32646352
-0.06499621
0.04091313
0.08164424
0.02165161
-0.04424446
-0.05808927
-0.05268503
0.02754673
0.00091725
-0.01904356
-0.03864523
-0.00352618
-0.05376790
0.04895724
-0.00568611
-0.07594958
0.01686499
-0.02036565
-0.04144209
0.01828595
-0.05439120
-0.01502999
-0.03620933
0.02518446
-0.01783458
-0.02788106
-0.03254661
-0.10595547
-0.14895789
-0.06963278
-0.05545431
-0.10810570
-0.05419175
0.02525508
0.01315803
-0.04918126
-0.05284708
0.00880819
-0.13564712
0.01173158
-0.04198766
-0.02335991
-0.08937474
-0.08098947
-0.17724442
-0.10486316
0.01444981
-0.10521610
-0.04069018
-0.01565603
-0.02353602
-0.13230751
-0.10493496
0.00951087
-0.17696349
-0.02772620
0.04356350
0.02754132
-0.09151073
-0.05873629
-0.25588888
-0.07449336
-0.01626820
-0.03074907
0.03784638
-0.04079250
-0.04052892
-0.14398943
-0.09711369
-0.02790190
-0.13851139
-0.01360829
-0.02595387
-0.02804192
-0.06486928
-0.11353916
-0.24189112
-0.08470482
-0.03541297
-0.04610810
0.03868312
-0.01648651
-0.03284442
-0.02826662
-0.05125819
-0.06508914
-0.23165743
0.01445324
-0.04712347
-0.00787338
-0.04075448
0.02062680
0.01572887
0.01026842
-0.02170819
-0.12118734
-0.05219023
0.01500309
0.03287876
0.04522909
-0.06288762
-0.03000701
-0.06216499
0.03371016
-0.05207188
0.01806595
-0.05047994
-0.02175440
-0.05057599
-0.10152986
-0.07357248
-0.12313601
-0.03066767
-0.05188119
-0.03518348
-0.02759493
0.03485898
0.04762703
-0.00946131
0.01837647
0.01960741
-0.01764269
-0.09476227
-0.06194229
-0.19264187
-0.10893334
-0.03338788
-0.11281002
-0.05370636
-0.02005782
-0.04257670
-0.14611194
0.04343313
0.06201735
0.05679106
0.01909201
0.01994131
-0.04069305
-0.03277205
0.02912107
-0.12789519
-0.14305133
-0.05650507
-0.10513261
-0.05303770
-0.03089692
-0.01863267
-0.07665279
0.04987368
0.06615535
0.10613230
0.00916999
-0.01738940
0.04433601
-0.02249909
-0.05889768
-0.00595838
-0.02618060
-0.09443197
-0.19265576
0.04048184
-0.05224231
0.02518150
-0.05513850
-0.00264921
0.01207871
0.02111103
0.01776909
-0.01918325
0.04996622
0.01215293
0.00155107
-0.04261366
-0.01798380
0.01425114
0.01900211
-0.00838990
-0.05091656
0.02257068
0.00455936
-0.01221526
0.04714387
-0.03910782
0.02031992
0.02701339
0.04267617
-0.04031323
0.01956391
0.16956176
0.01864886
-0.01698813
-0.17869654
0.00260666
0.04026783
-0.04571236
-0.02526562
0.03001607
0.05126895
0.10406148
-0.01247163
-0.04173593
0.02744310
-0.01643418
-0.00164296
0.25714213
-0.00720786
0.00591786
-0.17113970
-0.03407957
-0.04917922
-0.00787407
-0.05186639
0.03665246
0.06892610
0.10586455
0.02390266
-0.04425431
-0.00315553
0.02413438
-0.04719967
0.22548592
0.05887844
0.00240119
-0.06515061
-0.06168390
-0.01408138
0.00665092
-0.04575923
0.05341389
0.01427331
0.14316231
-0.00487453
0.03620775
0.03240606
0.01994522
-0.05709513
0.11499979
0.06756817
-0.05054533
0.04035895
-0.01097776
-0.00543576
0.05226032
0.01220985
-0.07268988
0.00644115
-0.06054277
0.02511045
-0.04129685
-0.03920795
0.04288692
-0.06915323
0.06067422
0.08541629
-0.03065370
0.12087800
-0.03900763
0.02897911
-0.03593142
0.06808945
-0.06864650
-0.08639007
0.01251463
0.03089093
-0.02443214
-0.04624721
0.04984891
-0.01889925
-0.21436985
0.01807581
0.03748357
0.14956656
0.00785202
0.00888657
-0.05940809
0.02643908
-0.11902805
-0.04559820
-0.19352317
0.01794352
-0.01730527
-0.02968995
-0.01522627
-0.06677943
-0.33384806
-0.06354966
0.05480798
-0.01529349
-0.04268610
-0.01519595
-0.03248125
0.01866355
-0.00475724
-0.00163633
-0.27312994
-0.02527980
-0.02140965
-0.03360517
-0.01961158
-0.04190972
-0.09415861
-0.08388638
-0.02139533
-0.09243872
-0.06924427
-0.02975657
-0.03029398
-0.02369437
0.01625771
0.03765481
-0.17607732
-0.05428943
-0.05200790
0.03825224
-0.01461025
-0.03432342
0.35038039
-0.02146387
-0.04033784
-0.12176528
-0.06582718
0.02220281
0.03838340
-0.12483914
-0.03286358
-0.01144100
0.15523231
-0.02673319
0.02120163
0.01177232
0.05813788
-0.01122901
-0.10372619
0.11291661
-0.05843943
0.03219736
-0.03598327
0.05031050
-0.01091711
0.00706339
-0.07968465
-0.08924927
-0.08589379
-0.00798894
0.03692773
-0.03963519
-0.03884885
-0.08205149
-0.33343062
-0.08528227
-0.03112498
-0.24823880
0.00769511
-0.06604180
-0.07919600
-0.00668759
-0.12665160
-0.00170811
-0.19113950
0.04469980
-0.05666475
0.03228810
-0.00263835
-0.02141034
-0.37859192
-0.04690735
-0.00737623
-0.24740565
0.01024942
-0.08851995
-0.02359520
-0.01479666
0.02938721
0.08113208
-0.18114544
0.02018405
-0.02786871
0.00878373
0.01648442
-0.07168470
0.01282434
-0.10059548
-0.06552289
-0.19458763
0.01851998
-0.03236145
-0.03718597
-0.09208246
0.02813671
0.01146088
-0.12022223
-0.03555958
0.02558393
0.02527599
0.11352123
-0.10896131
-0.01624962
0.14073852
-0.04465775
-0.03256420
0.00902191
0.02740454
-0.02319528
0.06040530
-0.07788670
-0.08415207
-0.16598426
0.02802193
-0.03199097
0.03540570
0.01949103
-0.07151446
-0.18094113
0.03861579
-0.05611401
-0.13551055
0.02491320
-0.03114260
-0.01774769
0.02659962
-0.09101399
-0.10024484
-0.19329472
-0.01441381
0.01314719
0.03836881
-0.07158293
-0.09776711
-0.35466933
-0.07391755
-0.03930546
-0.26284274
-0.00992786
-0.07191540
-0.00862694
-0.00591678
-0.07637458
0.02705647
-0.25581482
-0.01580526
-0.04213903
-0.02384573
-0.02647029
-0.04524045
0.07781782
-0.10482802
-0.02221523
-0.16073915
0.02265405
-0.03362269
-0.04352732
-0.13836357
0.01133917
-0.03493306
-0.09957360
0.01830100
-0.04561196
0.03158360
-0.04953153
-0.11108341
0.04592184
0.03676508
-0.02879560
0.04851764
-0.04836984
-0.07883141
-0.06064023
-0.02110664
-0.07149107
-0.10998338
-0.09491301
-0.03932248
0.02275061
0.01911009
0.10834745
-0.18191086
-0.10360958
0.20223953
0.03096319
-0.00376869
-0.01116551
0.01650936
0.08569597
0.20978671
-0.13934460
-0.08836953
-0.24715747
-0.03582614
0.02163832
0.00615960
0.05401928
-0.04910557
-0.15128112
-0.05210816
-0.06185882
-0.09976135
0.03427893
-0.05398038
0.01353430
0.03314560
-0.02304280
0.06413523
-0.03399765
-0.02797258
-0.03704958
0.01761499
0.01547336
0.01295875
-0.24376747
-0.06329396
-0.01390177
-0.22284155
0.02066430
-0.06377124
-0.06473029
-0.01562803
0.01763602
0.07288137
-0.13494083
0.01791573
-0.07742629
0.03122690
-0.05634434
-0.02484808
0.23484604
-0.02954275
0.01344376
-0.07846924
-0.04783852
-0.05921114
-0.09458429
-0.11579572
0.03702004
-0.01408380
-0.07690918
0.02164940
-0.04347570
0.00971242
0.08012561
-0.20740373
0.09241822
0.07554846
-0.05322701
-0.00192647
-0.02590306
-0.02468498
-0.00687183
0.17441204
-0.11613912
-0.06493390
-0.08388697
-0.05341180
0.06485334
0.04450078
0.06930391
-0.12794991
-0.34147188
0.02561930
-0.04421839
-0.20515396
0.00594637
0.03223016
-0.00120755
0.11744542
-0.26897052
-0.02428600
-0.32959893
0.00711059
-0.04489798
0.04974037
0.01381322
-0.00975403
0.04287670
0.08683541
-0.00295734
-0.11525977
-0.01129160
0.01883279
-0.03700050
0.05212775
0.04070961
0.00581066
-0.04066642
0.00738723
-0.10154966
-0.02538395
-0.00979229
0.06404074
0.29851720
-0.08099800
-0.02113473
-0.09877733
-0.03014612
-0.09504657
-0.06526785
-0.01876391
0.10492329
-0.03437227
-0.00810102
0.00258857
-0.02412215
0.04747852
0.06987571
-0.05323144
0.38698688
0.10188288
-0.06530257
-0.00495318
0.00134150
0.01570645
-0.06922641
0.08885401
0.06333415
-0.08678725
0.21678069
-0.04141303
0.02062960
0.03640674
0.04060865
-0.16805440
-0.08128007
0.03366244
-0.00891037
0.00118599
-0.03666417
0.01452349
0.01683738
0.17587613
-0.12245918
0.02102039
0.04337171
0.01001428
0.03708714
0.02276419
0.00443578
-0.14983909
-0.48556662
-0.14962567
-0.04026041
-0.14435741
0.04574591
-0.11388256
0.00376385
-0.02676887
-0.20510748
0.05362808
-0.24046159
0.00950976
-0.04163947
-0.02460986
0.03133852
-0.05282750
-0.21966614
0.05642214
-0.00907527
-0.01213061
-0.05241812
-0.03467169
-0.00050128
0.07817282
-0.01988947
0.03341212
-0.03716734
-0.01177624
0.02361899
-0.02823309
-0.01963740
0.05128114
-0.00085958
-0.06302578
-0.05164534
0.07991137
-0.05627456
-0.06887380
-0.04136650
-0.03438563
0.05430015
-0.00083783
-0.00789850
0.04986344
-0.02594624
0.01613626
-0.03622305
-0.04735643
-0.02157367
0.04661787
0.01183249
-0.05691516
-0.04960050
-0.02777276
-0.02597232
0.00016911
0.00536477
-0.05540549
-0.06111998
-0.00108297
0.04500512
0.03339229
0.03756902
0.00115547
-0.23115581
-0.03763858
-0.04038702
-0.10802402
-0.05432164
-0.04637115
0.03559368
0.00117008
-0.03825401
0.07437109
-0.11347726
-0.03331122
-0.01024729
0.04220365
-0.02865819
0.01260012
-0.24116400
-0.07806032
-0.06904420
-0.09952810
0.01266233
-0.01876254
-0.02805652
0.01578744
0.02186827
0.03027083
-0.07798489
-0.03770743
-0.02295873
-0.01050989
0.01164322
0.03030229
-0.08720229
0.05613898
0.00356751
-0.02490086
0.00472791
0.02749570
-0.00094239
-0.01794664
0.04350862
-0.01922384
0.05332980
0.03457330
0.01448265
0.01777717
-0.05676507
0.00491100
0.01212081
0.00512164
0.01216397
0.06297207
-0.02367653
-0.03198400
-0.03832015
-0.03237723
0.01572657
0.03803565
-0.07465697
-0.02789583
0.02362108
0.03768212
0.03269080
-0.01340148
0.06486870
-0.02335486
0.02452091
0.04376514
-0.02471683
0.00516332
-0.04758336
-0.02470762
-0.00213310
-0.03434488
0.04071363
-0.02786537
0.02407314
-0.03830992
-0.05061949
0.00299818
-0.05386338
0.00766648
0.01746703
-0.07722475
0.03098695
0.00797397
-0.00304156
-0.03535058
-0.00907704
0.03355750
0.02675963
-0.03943146
-0.05968663
-0.02701950
0.02000947
0.00878964
-0.01760932
0.02637756
0.04324312
-0.01253076
-0.05088373
-0.03387181
0.01600604
0.00545543
-0.00659265
0.03281002
-0.00840838
0.00311968
0.02373411
-0.01625574
-0.00200495
0.01046182
-0.09919580
0.03456946
0.01075775
0.11877536
-0.05439731
-0.04170452
-0.01342052
-0.06722502
-0.06341483
-0.01222086
-0.00756492
0.04051108
0.02034490
0.01800818
0.00935982
-0.01471864
-0.03785239
0.06842083
-0.00166812
0.18319079
-0.04310216
0.01230298
-0.00739871
0.01598781
-0.06111488
-0.01131629
-0.05759229
-0.00432393
0.04735357
-0.03712224
0.02445808
-0.03850291
-0.04573455
0.08064600
0.04014080
0.23460768
-0.00729688
0.03339789
-0.00657223
-0.01253974
0.01523353
0.01277730
-0.08435047
-0.00001649
-0.03578376
0.03812477
0.00030428
-0.05444273
-0.12670143
-0.01148543
-0.03670293
0.19379014
-0.03056386
0.04735527
0.04682772
-0.01380649
-0.00523323
-0.01226232
-0.06990843
-0.03010127
-0.01159998
0.03754288
-0.00957390
-0.01239177
-0.06058887
0.03834692
-0.01830218
0.20454447
-0.03295022
0.03348855
-0.00266252
0.00978167
-0.05313882
-0.02911142
-0.12572281
0.02617100
0.02553893
-0.01445736
0.01605361
-0.00195382
-0.15245435
0.02134789
-0.03845902
0.08513281
-0.01403666
0.00453956
0.01960753
0.00404336
-0.03131750
0.01853826
-0.09231141
0.04959253
0.03891920
-0.02067336
0.01252284
0.01892081
-0.20049642
-0.04750341
0.02681629
0.06416321
0.02003679
0.00335502
-0.01534676
0.00471394
-0.02405620
-0.00574432
-0.10288701
-0.04145277
0.04316390
-0.01370357
-0.00096148
0.01836575
-0.14017279
-0.03096997
0.01308175
0.02265886
-0.01506626
0.02439081
0.04184246
-0.00539440
-0.05311678
-0.03237894
-0.04063318
-0.00465300
0.03776069
0.04223869
0.00192433
-0.06571742
-0.12652841
0.00778099
-0.00321970
-0.10481845
-0.02888545
0.03999121
-0.02670618
-0.04496657
-0.04200283
0.03253755
-0.10612617
-0.02107873
0.03492266
0.02054089
-0.03460783
0.02360789
-0.12361055
0.01126698
-0.07427383
-0.16842474
-0.04810580
-0.04540793
0.02027744
-0.00487386
-0.03109316
0.04302926
-0.06881314
-0.03837962
-0.01230309
-0.03699618
-0.04801504
-0.00189484
-0.16015582
-0.02921022
0.01009339
-0.08684814
-0.00301183
0.06541775
-0.03850648
-0.04787805
-0.07795279
0.00724319
-0.13482949
0.00468938
0.00232354
-0.00457446
-0.00367963
-0.05134394
-0.19131495
-0.00134486
-0.01763815
-0.10724384
-0.01307958
0.01362030
-0.02377003
-0.05198921
-0.06016443
-0.06433329
-0.08643702
-0.04951454
0.02038084
-0.02034678
-0.00223770
0.01145205
-0.10568886
-0.03755180
-0.02406023
-0.09191468
-0.04803801
0.00261092
0.02570893
-0.07889896
-0.00068792
-0.02483208
-0.14672695
-0.03862621
0.04699896
0.02732634
0.02097962
-0.05596563
-0.10813736
-0.05580655
0.00788776
-0.05382803
-0.03065296
0.02598951
0.02992347
-0.07333175
-0.05620819
0.03521150
-0.06165923
-0.03378368
0.04872083
0.00475911
-0.05330673
-0.05990679
-0.08831728
-0.02924854
-0.00413005
-0.06756738
-0.02130751
-0.04635961
0.04520598
-0.01781174
-0.01402894
0.02351269
-0.04627202
-0.03701673
0.00738296
0.04425124
-0.07026494
-0.07042135
-0.18576930
-0.08849162
-0.04945146
0.07688206
0.00506290
-0.03950745
-0.02207211
-0.05205087
-0.04031293
0.01138578
-0.06217362
0.00716293
-0.04262714
-0.01900131
0.00842854
-0.03237949
-0.21653581
-0.11661752
-0.03553054
-0.01527679
0.02895720
-0.05493534
-0.02993299
-0.09821898
-0.03541161
-0.03109830
-0.11448589
0.00920787
0.03449507
-0.00993731
0.02298873
-0.03053009
-0.19801395
0.00043526
-0.04965365
-0.10424853
-0.03817724
0.00726065
0.01479871
-0.03976303
-0.09342019
-0.10146922
-0.17832139
-0.00410606
-0.04638828
0.02204388
-0.02341743
0.08215512
-0.10565592
0.02135551
-0.05705757
-0.15825637
0.03945305
0.03046398
0.01187689
0.03827843
-0.06311026
0.07740099
-0.07248067
-0.02609408
0.00936284
0.01582992
0.03408808
0.10684305
0.21798049
0.10244584
-0.02618174
-0.08326896
0.02404002
0.09388768
0.13584188
0.04020744
-0.00248209
-0.03694746
-0.10387432
-0.04053568
0.02115236
0.01143635
-0.00882881
-0.04733593
-0.14044064
-0.08215180
0.00417071
-0.12920690
0.04166058
-0.04926386
-0.04082787
-0.04570257
-0.09647350
0.01670799
0.00223474
0.00377998
-0.03176430
-0.02071338
-0.02770467
-0.10296959
-0.14523040
-0.02760456
-0.04696256
-0.21328917
0.05457928
-0.02767168
0.03391236
-0.03418181
-0.02360619
-0.06033243
0.02264364
0.00011863
-0.04151061
-0.01934694
0.01824754
-0.05740229
-0.16279443
-0.01147626
-0.04807442
-0.06479628
0.04875973
0.02033464
0.03562194
-0.04867109
-0.11985976
-0.02695544
-0.03504127
-0.04655870
-0.04189108
-0.00534028
-0.01858502
0.08151720
-0.08855621
-0.10350113
0.11329500
0.09276210
-0.00800164
-0.00993062
-0.01339481
-0.03585397
-0.02480161
-0.06896417
-0.20579848
-0.04409061
0.00963144
-0.03738441
0.01102831
0.13092187
0.16897470
0.15776891
-0.04362557
-0.17001250
-0.05100460
0.02473275
0.04133506
0.13688836
-0.02325489
-0.03809311
0.29340807
-0.00434914
-0.04536755
-0.04386404
-0.05771464
-0.05467294
-0.00954661
-0.11228607
0.01919501
0.07573467
-0.00911180
-0.04980636
0.03176006
-0.08241522
-0.04202688
-0.04984844
0.01174450
0.00215550
-0.03606860
0.00116139
-0.02200183
-0.06577323
0.03117126
-0.00583855
-0.04610813
0.02055367
0.03549618
-0.01994265
0.04643473
-0.04152829
-0.07819524
-0.11845450
0.00902048
0.00953620
-0.00663088
-0.01718921
0.00557000
0.03964719
-0.03027633
-0.05550452
-0.11851929
-0.23988993
0.01247619
0.00371099
-0.01949582
-0.06394953
-0.09786344
-0.13390495
-0.00987551
0.04114814
-0.08063129
-0.00628613
-0.02988493
-0.02287559
-0.13937370
-0.03980973
0.27640882
0.44194686
-0.00036792
-0.03323944
-0.02831843
-0.09502131
-0.05250176
-0.08339441
-0.04315676
-0.05083860
-0.04064549
0.00753742
-0.07266866
0.03424047
0.24126762
-0.01435098
0.19402096
0.72245532
-0.02963199
-0.03562787
-0.00986409
-0.10958023
0.00294005
-0.11246806
0.09552239
0.03425549
-0.01043766
-0.01233863
0.03783954
0.00872950
-0.10889067
0.04820237
0.01898093
-0.02261677
-0.01991018
-0.03355742
0.03102032
0.03997845
-0.03238593
-0.03907442
0.03416215
0.04620754
0.02753333
-0.05165318
0.01764058
-0.04273715
-0.11265154
0.04056007
-0.04676889
-0.13150874
0.04610716
0.05018596
0.00411843
0.03428821
-0.11279418
-0.04245267
0.04871986
0.03060396
-0.01163812
0.03615122
-0.07488279
-0.05650473
-0.21536314
-0.19070180
-0.10600466
-0.29500708
0.03227473
-0.02228189
-0.06172190
-0.13762733
-0.08197802
-0.06508477
-0.13225007
0.02483938
-0.03980034
0.04796186
-0.05374401
-0.10658166
-0.28161651
-0.12196554
-0.03344008
-0.26505482
0.03311211
-0.07188095
-0.05767811
-0.03869401
-0.12012121
-0.03145688
-0.13572702
-0.03106149
-0.04918047
-0.03645066
-0.08518647
0.00688561
-0.25881535
-0.22026438
0.14550789
0.23516832
0.02915571
-0.06505484
-0.03474940
-0.15297861
-0.06959820
0.00831167
-0.16237432
-0.03539459
-0.04201151
0.00643385
0.03046989
0.01009805
-0.13269010
-0.00188937
-0.01756701
-0.01290474
0.02855280
-0.03485946
0.00841718
0.05071357
-0.01703225
-0.07564882
-0.07287777
-0.03535817
0.01849784
-0.04383764
0.04129256
0.00084961
-0.14070684
0.02422615
-0.10453344
-0.09899396
-0.01816775
-0.02810769
0.01713862
-0.01576730
-0.08537852
-0.01124914
-0.10322778
0.03949849
0.03539400
0.02776044
-0.06454195
0.06720112
-0.13773559
-0.05491348
-0.06858549
-0.08511505
0.05417290
0.00329833
0.01152059
-0.11656526
-0.04381754
-0.05322143
-0.12519099
0.02766328
0.04155648
-0.00827799
-0.02356809
-0.03325398
-0.15623438
-0.00972786
-0.10095488
-0.22401094
0.05112039
-0.02564601
-0.02548967
0.03136579
0.03331447
-0.00727030
-0.14290273
0.04106018
-0.00281319
0.03331655
0.00995877
0.05892881
-0.17396894
-0.13469899
-0.02292724
-0.08568848
-0.03920524
0.03005236
0.02755936
-0.02323548
0.02603123
0.06936956
-0.13145587
-0.02744428
0.00854464
-0.03222102
-0.05783867
-0.02829110
-0.05001392
0.00199127
-0.01462529
-0.10228251
-0.03871682
-0.01080675
-0.02619421
-0.07259551
-0.03734978
0.00814952
0.02465347
-0.00528544
-0.01372210
0.02875133
-0.05682446
-0.01923722
-0.14992125
-0.06181490
0.00641113
0.02488705
-0.03046209
-0.07436350
-0.01117206
-0.08303356
-0.05255379
0.00114538
-0.10500027
0.03172304
-0.11034642
-0.00860143
-0.01557385
0.00417099
0.03097425
-0.06593043
-0.02876450
-0.02774489
-0.04608216
-0.08949698
0.00017694
-0.01426508
0.05967823
0.08337529
0.05783624
-0.04772116
-0.02373918
0.00165852
0.09291267
0.02931527
0.01428998
0.19782309
-0.08442482
-0.08422995
-0.02420956
-0.06022756
0.06075326
0.14327620
0.03060241
0.00486171
0.23785630
-0.01499646
-0.09835863
-0.03452649
-0.06384888
-0.03512407
-0.13518803
-0.05829968
-0.04829935
-0.03048454
0.02376687
-0.02294020
-0.02701385
-0.04353609
-0.05445853
-0.01823832
-0.13121879
0.00347875
-0.01686712
-0.03420021
-0.00183619
-0.09889068
-0.04574340
-0.09121186
-0.02718193
-0.09244701
0.04996350
-0.11218031
-0.00679775
-0.02822023
-0.02701693
-0.05281980
-0.09626761
-0.02330467
-0.08343099
0.00599802
-0.09907097
-0.05217418
-0.04076134
-0.11399178
-0.04961556
-0.09320901
0.02710413
-0.08947688
-0.02606335
-0.12343205
0.05927435
0.07017092
-0.14887677
-0.01120808
-0.04357312
-0.04625444
-0.01619598
0.07394098
0.07741350
-0.02064946
0.00271905
-0.17823081
-0.03731185
-0.08693715
-0.02270547
-0.02886187
0.02048894
-0.04081534
-0.06595690
-0.02667102
-0.05465521
0.04105988
0.12211696
-0.05662527
-0.12903722
0.23997207
-0.07645938
-0.13737296
-0.01842358
-0.00652049
0.00662453
0.19847107
-0.08639038
-0.08356030
0.02356665
0.04963322
-0.05898619
0.03277681
-0.00799909
-0.03763580
-0.26360473
-0.04884014
-0.07010014
-0.15626971
0.03799148
-0.03617332
0.00147442
0.02000451
-0.04395489
0.01751682
-0.16265672
-0.03862590
-0.07547258
0.03330509
0.02320099
-0.08221340
-0.09232656
-0.04245836
-0.07012601
-0.26883480
-0.03584420
-0.01555105
-0.07143231
-0.05690577
-0.00045708
-0.07852017
-0.08269807
0.03620689
-0.09869472
0.02123245
-0.02311303
-0.00198975
-0.13918258
-0.15037487
0.13735333
-0.02625051
0.01870912
-0.06281161
-0.07512098
-0.12939715
-0.05058750
-0.04495794
-0.16669160
0.04305840
-0.08735472
0.00314488
0.00652395
0.06209644
-0.10089724
0.00819430
0.01696260
-0.04146973
-0.04486175
-0.06019805
-0.03352021
0.00670224
-0.03604619
-0.07626597
0.00703297
0.01398598
-0.04792736
-0.00859163
-0.03082964
0.05266312
0.06190137
-0.00788510
0.03176865
-0.21276657
-0.04123489
0.01076157
-0.00734864
-0.00717829
0.02943237
0.00670940
0.19346727
-0.00480423
-0.08598311
-0.04568911
-0.04696388
0.04187676
0.16352640
-0.02449736
-0.03748333
-0.09124193
0.00015670
-0.01821963
-0.01595065
-0.06291112
0.14171140
-0.03434807
0.23694460
0.03117590
-0.09784230
0.04537815
0.01533114
-0.04175625
-0.08440049
-0.10328809
-0.06126867
-0.34768584
0.05121291
-0.12054033
-0.09444028
-0.01901385
-0.02506769
-0.03174857
-0.03208276
0.02396514
-0.04758913
-0.03888026
-0.09121400
-0.03415397
-0.07292596
-0.14516336
0.05656246
-0.13867870
-0.00309825
-0.12266632
-0.05066467
-0.02232824
-0.04620876
-0.00543721
-0.13147162
-0.03468367
-0.01871415
0.03699995
-0.04584720
-0.03807717
0.06768070
0.00092895
0.15008752
0.27582261
0.03702449
-0.01806584
0.04447434
-0.07952818
-0.07743962
-0.04632273
-0.10007565
-0.01117089
0.00281324
-0.00808284
-0.06079775
-0.03975193
0.06868852
-0.04467373
0.12139673
0.15411706
0.01363894
0.05538815
0.04365762
-0.06910680
-0.06745604
-0.03262305
-0.07933456
-0.04329189
0.03655950
0.04487668
0.00432334
0.03512625
0.19515878
0.14687599
0.01227195
0.06870544
-0.02631335
0.09900002
0.12942149
-0.03876530
-0.00405067
0.04039325
-0.05674548
0.02270542
-0.05031640
-0.02963229
-0.03408687
-0.02839464
-0.05718331
-0.03836284
-0.05648362
-0.17498118
0.04604345
-0.06007969
-0.01344296
-0.01015087
-0.06831051
-0.02374348
-0.00562269
0.04265150
-0.03970587
-0.03513239
0.03480900
-0.01682275
-0.13234715
0.04845415
-0.05374331
-0.21700013
-0.04103880
-0.02697693
0.04137313
-0.04837146
-0.02996109
0.00745502
-0.18774873
-0.03749532
-0.04708232
-0.00233736
0.01337063
-0.02037829
-0.13383240
-0.04092032
-0.02321810
0.10378714
0.04638653
0.06331349
0.05917377
-0.05069245
-0.02842188
-0.06891813
-0.15268435
-0.04389270
0.03863595
-0.04081739
-0.07328632
-0.02150648
-0.19300628
-0.07188141
-0.03676762
0.20149444
0.00715085
-0.01809078
0.04615825
-0.11264578
-0.01336881
-0.02362849
-0.27386618
-0.03865875
-0.04540725
-0.02079167
0.03254814
0.03858764
-0.16135742
-0.01366332
0.00218605
0.04156974
-0.03679577
-0.02548768
0.04680721
-0.05135472
0.01175151
-0.05519500
-0.18877093
0.00145776
0.02500081
0.04369227
-0.02107319
-0.02073542
-0.22993322
-0.03780492
0.03055060
-0.03879902
-0.06225706
0.02088634
0.00305601
0.03122761
0.00145837
0.03332290
-0.10416856
-0.04155791
0.01831450
0.04468315
-0.05253283
-0.07254548
-0.11842077
0.01984013
0.03662645
-0.00779781
0.01338248
-0.00495132
0.00179737
0.01726190
-0.03493620
-0.00495632
-0.04519663
-0.01598807
-0.03077299
0.04311029
0.02476277
0.02299709
-0.05077399
-0.04526187
0.00549991
0.02841525
-0.06089660
-0.04142395
-0.01319085
-0.07583268
0.00540345
-0.00000426
-0.01514544
0.00971383
-0.00835555
0.00451253
-0.01982460
-0.05500504
0.01021885
-0.02251403
0.03222438
-0.00497314
-0.07416936
-0.00684610
0.01600393
-0.04610287
-0.04856198
-0.00226547
-0.05188975
0.02574477
0.03674853
0.01664397
0.01096033
0.01575834
0.01520440
0.03046845
-0.01976243
0.02636359
0.00749519
0.03682766
-0.00205875
-0.00532066
-0.02499570
0.02337687
-0.09321564
-0.00486990
0.01234111
-0.02963113
-0.00683202
0.00937676
-0.19984281
-0.03261669
-0.06008261
-0.06948164
-0.01094628
-0.05586681
-0.00360612
-0.04217367
-0.05447419
-0.02197701
-0.00784082
0.02700825
-0.03427203
0.03119298
-0.03293872
-0.05234883
-0.16401014
0.02118430
-0.02407240
-0.05354406
0.02282397
-0.04030121
-0.00749002
0.00873358
0.01014475
0.01673891
-0.10130439
-0.00581901
-0.04565678
0.04016795
0.01444596
-0.02664800
-0.15238352
0.00099489
-0.00090606
-0.03552446
-0.06821582
-0.00176581
-0.06104352
-0.00278480
0.00277456
-0.04178708
-0.06812132
-0.02804814
0.00515778
-0.01228047
0.00797577
-0.04766069
-0.15886056
0.04652173
-0.01632558
-0.04350764
-0.03453938
0.03474491
0.00348204
-0.03192537
-0.08438105
0.01421731
-0.07539736
0.00579506
-0.02873111
0.00793988
-0.05615840
-0.02405643
-0.19148961
0.03455177
-0.03378846
-0.07199503
-0.03518289
-0.03776801
0.01676220
-0.00555656
-0.08153428
-0.00702118
-0.13147186
0.02094370
-0.06673290
-0.03173732
-0.06911066
0.02346481
0.09464473
-0.05209305
-0.01249267
-0.05588708
0.00949521
0.03821534
0.00619997
-0.01174519
0.04254840
0.01056983
0.08764727
0.01747535
-0.05179644
0.04171644
-0.06552074
-0.02317411
-0.01809452
-0.06182365
0.01613000
-0.07251183
-0.06285034
-0.05057983
-0.01495793
-0.07119735
0.03028697
-0.03395561
-0.03899824
0.01151532
0.02296462
0.00533266
0.00128507
-0.07788967
-0.08533754
-0.05211035
-0.01176823
-0.04057867
-0.03426895
-0.02842469
-0.01450071
-0.06701504
-0.06691103
-0.03555889
-0.06840131
0.04628674
-0.01324705
0.02562523
-0.02206292
-0.07020747
-0.20108676
0.00604001
-0.04673783
-0.03378268
-0.03653938
0.00972258
-0.01788805
-0.06867210
-0.09005107
-0.03423324
-0.07155459
-0.04882851
-0.00684873
0.02931335
0.00877507
-0.07158246
-0.41375491
0.02859680
-0.04827337
-0.10916530
-0.00829985
-0.04469654
-0.02588511
-0.04701305
-0.08223600
0.03104294
-0.13137522
-0.01890695
-0.01417710
-0.02196584
0.03100113
-0.04844977
0.10383073
-0.04883000
-0.02126179
0.01714282
-0.08223885
0.01566493
0.02922345
-0.05399822
-0.06809414
-0.04741638
0.00280210
0.02504883
0.01375660
0.02034917
0.00320640
-0.06295076
-0.09468311
-0.06467266
0.03333269
0.01294168
-0.06089475
-0.06159220
-0.02759024
-0.06191204
-0.04274064
-0.04978902
-0.05913197
-0.01591138
-0.04747264
0.02911055
-0.07256343
-0.07090282
-0.05267669
-0.00185800
-0.02741857
-0.02864069
0.01029725
-0.04317128
-0.03776615
-0.03847381
-0.06634779
0.03126443
0.01326715
0.00833029
-0.07366803
-0.03385988
-0.00382208
-0.04328001
-0.00527172
-0.06756699
-0.02426744
-0.03337868
-0.02016037
0.01666218
-0.00423398
-0.00252704
-0.06053058
0.01591971
0.02970797
0.01527748
-0.03468643
0.01827981
-0.04558520
-0.01327561
-0.17224276
-0.01628988
-0.01529670
-0.12305535
-0.06063840
0.02146597
-0.01113234
-0.03427832
-0.05916123
-0.05197827
-0.03392856
0.04419722
-0.05094945
-0.05123169
-0.01841530
-0.05905210
-0.06339164
-0.01811058
0.01958225
-0.03349118
-0.06625615
-0.04032281
-0.00630041
-0.04731463
-0.05158130
0.02139981
-0.03503486
-0.03821908
0.02124247
0.04465717
-0.00878402
-0.05899665
-0.07100330
-0.08286132
-0.03654560
-0.04498089
-0.02587659
-0.01796297
-0.04784660
-0.09308866
-0.02849250
-0.01683970
0.00106481
-0.03814109
-0.03094645
-0.01151376
-0.00040796
0.04191169
0.07598352
-0.05392310
0.04567920
-0.01598692
-0.04429172
0.02203541
-0.03592066
-0.03807142
0.04296640
-0.05614848
0.02007048
-0.01233336
-0.01194776
0.03398674
-0.07309116
-0.06435528
0.07538652
-0.05679913
0.04435736
0.03026555
-0.02337862
-0.04332352
-0.06114453
-0.08547999
-0.02980643
-0.03591196
0.00706835
-0.03376210
-0.01835546
-0.00135639
-0.01198958
-0.03039028
-0.00406957
-0.05282386
0.02206025
0.00863255
-0.04816478
-0.05012841
-0.00195967
-0.05643314
-0.08797588
-0.04194443
-0.03594494
0.02981071
-0.01375441
0.00528483
-0.01585126
0.02908796
-0.05668507
-0.12878600
0.01530780
-0.10766442
-0.05362525
-0.08230542
0.00042151
-0.15405796
0.13108397
-0.01003710
-0.07545959
0.01065077
-0.03596399
0.02921476
0.06252069
-0.01508597
0.05516025
0.04192258
-0.03287874
0.08237012
-0.05094021
-0.01363386
0.01042911
0.02726581
0.08588057
-0.05000695
0.15258035
0.03105328
-0.02545305
-0.04645012
0.06048043
-0.05461930
-0.03270074
0.02501168
0.02425871
0.01312694
0.03693603
0.06014628
0.00599956
0.06547003
0.00063015
-0.03549859
-0.04882942
-0.04757703
-0.02243467
0.04538263
-0.02332783
0.00487453
-0.18913417
-0.02952675
0.00210859
-0.12535886
-0.03571672
-0.01399381
0.02990289
-0.02513944
-0.04478126
-0.10029783
-0.04247028
-0.01208954
-0.07430327
0.03512815
-0.01990389
0.05645824
-0.05604914
-0.04075063
-0.12561947
-0.28748253
-0.00493533
-0.06397180
0.04516277
-0.05038926
0.03232381
0.08020071
0.05574481
0.03801040
-0.08461495
0.01069359
-0.04078202
-0.01040091
-0.02279261
-0.01264588
-0.02204830
0.07083531
-0.04602199
-0.01023071
0.06114686
-0.10186661
0.10594627
-0.04452505
0.07555543
0.03839372
0.01764126
-0.04764416
0.11966664
-0.04543186
0.06480417
0.18372771
0.00722115
-0.00247878
-0.01846077
0.13110982
0.06789862
0.13288184
-0.01638345
-0.11609378
0.02705431
-0.00204982
0.03587751
0.00474838
0.00724258
-0.06008933
-0.18137710
-0.00234421
-0.01696586
-0.07871602
-0.02785637
0.00833379
-0.02798074
0.03696287
0.05089460
-0.08510128
-0.14764881
0.04007836
0.00436815
-0.03415453
0.02865013
-0.03549200
-0.17521690
-0.00569992
-0.09969516
-0.10495478
0.00509285
0.00893461
0.01167210
-0.02657239
0.06357176
0.05559445
-0.08789261
0.01817856
-0.03927812
-0.02347137
-0.01264711
0.08783465
-0.00217655
-0.02998894
-0.08425121
-0.07318592
-0.01772798
-0.03450180
0.04403039
-0.07156006
0.09649840
0.11440293
0.06403691
-0.03937043
0.03900369
-0.01603239
0.07144364
-0.00251225
0.01681577
0.14186305
0.05188928
0.07763075
-0.05556623
0.05222651
0.05880891
0.12414555
-0.01832575
-0.05081515
-0.11077464
-0.05020723
0.01478273
0.00754798
0.04458014
0.02281991
-0.02972530
0.00988549
-0.04889872
-0.19213977
0.03515322
0.10636707
0.03644484
0.02876961
0.02946910
-0.06713767
-0.07607596
0.01980771
0.01067912
-0.02307515
-0.04085577
-0.00997331
-0.08140436
-0.04668206
0.02158490
-0.25356463
0.01881438
0.00589830
-0.01893637
-0.06591246
-0.02231049
-0.05568140
-0.09175781
-0.03061415
-0.01254395
-0.02658094
-0.00449442
0.08501039
-0.12134587
-0.04054053
-0.01707216
-0.14497463
-0.03233273
-0.03314591
0.03766604
-0.05796106
-0.01948545
-0.08046833
-0.25529996
-0.01066049
-0.03252458
-0.05008554
-0.00285368
0.10181850
0.04177528
0.07545582
0.00057421
-0.09590427
-0.02626640
0.03296288
-0.02702624
0.11189055
-0.02460158
-0.15429705
-0.08857142
-0.01424248
-0.00160177
0.00714217
0.03532085
-0.03346509
-0.08280342
-0.00825836
-0.01750391
-0.10013162
0.02759735
0.06055341
0.06559661
0.02327515
0.01103371
-0.04307211
-0.11529448
-0.01986083
0.05525341
-0.02967309
-0.04939748
-0.02463733
-0.15089387
-0.11442687
0.01208788
-0.20115440
-0.02195366
0.06871772
0.06978349
-0.11628767
0.00377894
-0.06685949
-0.15018545
-0.02806556
0.04312363
0.03157325
0.01973500
-0.08159398
-0.09450344
-0.06460835
-0.01324946
-0.09855217
-0.01197617
0.00033546
-0.00103539
-0.00542403
-0.09122089
-0.03344544
-0.08249259
0.01396869
-0.03649134
-0.05196366
0.02843922
-0.01660200
-0.11581951
-0.04941392
0.04862114
-0.06358552
-0.00489887
-0.08997220
-0.07196082
-0.03798798
0.02714259
-0.10694071
-0.03280582
0.01298982
-0.10055550
-0.01882197
0.04071910
0.04010240
0.15732089
0.06923774
0.06999581
-0.12723063
-0.01097969
0.02471695
-0.02766246
0.06201703
0.00512714
-0.11736886
0.21215773
-0.00664938
0.02783597
0.03027047
-0.07454417
-0.03662949
-0.09597788
-0.04793182
-0.02393286
-0.10058612
-0.01104145
-0.00674513
0.01475587
-0.06174324
0.02534042
0.01528204
0.01042274
0.03563446
-0.01899680
0.02744382
-0.01517220
-0.01928603
-0.14903480
-0.11231256
0.02843984
-0.07891570
-0.02299647
0.05078548
0.04248303
-0.07106446
-0.01169274
-0.06432904
0.01258936
0.05180058
-0.03676830
-0.00517603
-0.01947284
-0.06032950
-0.17484318
-0.15616208
0.01297227
-0.12983125
-0.03528228
-0.05545929
-0.05523363
-0.10392088
-0.00945469
-0.04051890
-0.05029172
0.02558147
-0.05834294
0.01360111
-0.00645745
-0.07176120
-0.22752549
-0.16234559
0.12547494
0.06336837
0.05025274
-0.06078775
-0.05607154
-0.06644709
-0.06087498
-0.08660915
-0.14221080
-0.01829120
-0.07024018
0.03663937
-0.04872483
0.01635886
0.01717266
-0.07869451
0.05889710
0.19931863
-0.06585605
0.04473415
0.01420739
-0.07298943
-0.02239081
-0.11871520
0.00727620
0.01935528
0.03033743
0.03324227
-0.04621989
-0.10918373
-0.41083631
-0.05653192
-0.07857554
-0.27111343
0.03141373
-0.05275276
-0.03486840
0.02689308
-0.13546467
-0.02678996
-0.37484705
0.00667714
0.02897754
0.03552538
-0.07831521
-0.01832349
-0.32547501
-0.15267278
0.02309643
-0.22389250
-0.02092934
-0.03299478
-0.10727914
-0.03652215
0.02797434
0.04244372
-0.27049851
0.03646953
-0.04120509
0.01825187
-0.03911892
0.01820554
0.12653272
-0.15943760
-0.06068279
-0.14001021
-0.03834913
-0.04715583
-0.04741057
-0.13353930
0.11234240
0.02469131
-0.04093329
-0.01566469
0.00932351
0.01010312
0.01697228
-0.03322449
-0.04826711
-0.01301326
0.04873200
-0.13626456
-0.02698373
0.01678381
0.07207489
-0.01030739
-0.05026789
-0.06395008
-0.00342671
-0.01471206
-0.00145851
0.04692952
0.06435294
-0.08661453
-0.18829973
0.01037252
0.00688016
0.08664186
-0.02093114
-0.03039261
-0.05847983
-0.00939730
-0.04589446
-0.03402450
-0.20923088
0.03616049
-0.02068024
0.00778129
-0.00016673
-0.01819693
-0.36502939
-0.03077439
-0.04317869
-0.17130102
0.03915410
-0.06172431
-0.00905172
-0.01111813
-0.03561670
-0.00657510
-0.31416258
0.00652042
-0.02518220
-0.04635920
-0.09514225
-0.00550827
-0.12157315
-0.14362599
-0.01353163
-0.16782270
-0.03857673
-0.04501678
-0.09975719
-0.11779709
0.15607631
0.04732042
-0.17349479
-0.03669659
-0.03838469
0.02097347
-0.05030942
-0.03643405
0.18654881
-0.04351273
-0.02052286
-0.02061843
-0.04338967
0.07165482
0.05774631
-0.13572447
0.05256171
-0.03514076
0.03257693
0.02380138
0.05870163
0.02949993
0.12311187
-0.10797872
-0.12374814
0.10381866
0.01120766
0.01674769
0.05238368
0.01535539
0.02141091
0.10330824
-0.08503515
0.00799565
0.00698201
0.01700630
0.01115599
-0.01749074
-0.02551587
-0.07673556
-0.33325359
-0.07576386
-0.00141726
-0.05978994
-0.02222881
-0.08519043
-0.02220472
0.02755762
-0.03352357
-0.07181378
-0.17981659
-0.01831097
-0.06215695
-0.01565168
-0.07389372
-0.07801946
-0.29187211
-0.12950920
-0.02798363
-0.26649389
-0.02353480
-0.08751445
-0.05210863
-0.04071131
-0.04369727
0.00101694
-0.18828514
0.01954530
-0.04907560
-0.02212097
-0.04056229
-0.04530463
0.08840492
-0.18337932
0.01092795
-0.14572318
0.00017502
-0.08976489
-0.07249150
-0.13269529
0.09487197
-0.05718922
-0.23983125
-0.05345580
0.03783578
-0.01534276
0.03242402
-0.09919322
0.14146884
0.01890392
-0.03501126
-0.14008974
-0.00335015
0.12665670
0.04602074
-0.00771264
-0.05880421
-0.07953278
0.01431319
-0.00401660
0.02535870
-0.02867311
0.04304883
-0.02427320
-0.22564125
0.00835264
0.02909650
-0.05072370
0.04074842
-0.06958441
-0.01985951
0.11909033
-0.02749405
-0.07518692
-0.06944783
0.02362100
-0.03267493
0.01398381
-0.00844731
-0.02270447
-0.28680244
-0.13243313
-0.05764296
-0.13606143
0.01406721
-0.13312256
-0.05070531
-0.07154842
-0.07592443
-0.04347144
-0.26385123
0.00397512
-0.01126947
-0.03128161
-0.02195769
-0.05789550
-0.07815346
-0.10256448
-0.07103609
-0.19928466
-0.01623855
-0.02349848
-0.00596243
-0.02627491
0.03106792
-0.08429145
-0.16263114
0.02224078
0.00832678
0.03856284
0.01430211
-0.08987417
0.04746059
-0.00317526
-0.01606447
-0.14760634
-0.03435763
0.03254504
-0.03542820
0.01490576
-0.06473772
-0.05490104
-0.06688054
-0.03882857
-0.01171780
0.00235325
0.04446165
-0.03180799
-0.02472170
0.03895267
-0.00316018
-0.02015834
0.01076543
0.06499783
0.01460647
0.04550264
-0.05429720
-0.01650073
-0.03818271
-0.01190683
-0.03161368
-0.02150663
-0.03829969
-0.05140483
-0.33798233
-0.14719790
0.01518394
-0.18699631
-0.02152381
-0.12457310
-0.04392673
-0.01427700
-0.08455002
-0.05712443
-0.14317563
0.03651681
-0.08687007
0.03905596
-0.09485260
-0.02540298
-0.28747392
-0.15469660
0.03337563
-0.14466092
0.00531500
-0.13890362
-0.12139381
-0.13921140
-0.08116116
0.03306474
-0.21180972
0.02859781
-0.05490397
-0.05034919
-0.04067323
-0.08121771
-0.09468434
-0.09146020
0.02336484
0.03692253
-0.03235931
0.03568240
-0.00638130
-0.03200227
0.05421744
-0.08961948
-0.04605571
0.02060162
-0.01766131
-0.00150621
0.00549166
-0.10933156
0.02567018
0.08049657
0.03657675
-0.02726498
-0.02231534
0.03052014
-0.01051941
0.02628377
-0.04735181
-0.04759509
0.03663623
0.01105974
0.04992061
0.03058722
-0.00338785
-0.04231755
-0.17133474
-0.13777955
-0.06067093
-0.06243388
0.00854389
0.01112670
-0.01266212
-0.02697440
-0.04072364
-0.06003550
-0.10929846
0.03944537
-0.07737388
0.02814964
-0.08103119
-0.06736087
-0.13824391
-0.14458866
-0.05372693
-0.17051148
0.03755176
-0.02740975
-0.04716961
-0.12184250
-0.00377777
0.01546562
-0.03350478
-0.01280817
-0.00551524
0.01615287
-0.10459553
0.00201729
-0.10811865
-0.16202953
0.00657421
-0.04879891
-0.05004292
-0.07360111
-0.01719640
-0.20069443
0.03541977
-0.04121589
-0.09379762
-0.02715546
-0.02849172
-0.03784018
-0.05349886
0.01852875
-0.22455502
-0.19396012
-0.03290257
-0.05867181
-0.03931796
-0.08926311
-0.07706869
-0.11053287
-0.07875771
0.02448189
-0.21803485
-0.01669282
-0.02714147
0.00765369
-0.08971879
0.01155050
-0.32248214
-0.13310865
-0.06387861
-0.10331696
-0.03700955
-0.14499296
-0.04961405
-0.10644696
-0.10866063
-0.01991408
-0.23374833
0.02601649
-0.04489100
0.04396514
-0.09564321
-0.06662718
-0.33955047
-0.20492212
-0.02394860
-0.13999434
0.00484226
-0.10171390
-0.10283970
-0.12099544
-0.06089925
0.06756184
-0.13919678
0.05311249
-0.06205479
-0.04951915
-0.05825418
-0.00409650
-0.39189747
-0.26401725
-0.04927628
-0.14924788
0.01503767
-0.17899437
-0.12298910
-0.13413578
0.14615390
0.08634587
0.03223674
0.03905259
-0.01153022
0.03683632
-0.09817822
-0.00201798
-0.10549659
-0.25009409
-0.01366343
-0.03922517
-0.03004150
-0.11504846
-0.09337633
-0.18141949
0.19355120
0.05021708
0.03846793
0.03299028
-0.04803313
-0.04681264
-0.02347013
0.05186057
0.00633101
-0.13431683
0.00006120
-0.10460562
-0.02549636
-0.14856517
-0.10733902
-0.07645144
0.00389721
0.10572878
-0.05732074
-0.03552115
-0.07390004
0.02214925
-0.11154469
-0.02061381
-0.05616855
-0.15198186
-0.10291774
-0.15325251
-0.00899224
-0.17039701
-0.06528277
-0.08189030
0.08165246
0.02068256
-0.12895717
0.05120275
-0.01744108
-0.00766724
-0.07427350
0.00771937
-0.05306328
-0.19776051
-0.00444388
-0.15487076
0.02793480
-0.15301260
-0.12610127
-0.09136873
0.11564212
0.07298063
-0.01858141
-0.03542203
-0.04336056
0.03222678
-0.04578857
0.03967455
0.10042001
-0.02934201
0.04273966
-0.06189136
-0.06122185
-0.09830698
-0.02117397
-0.05631567
0.19152583
0.01542064
0.04738905
-0.03950601
0.04306651
-0.00281585
-0.00716545
-0.01970996
0.17842548
-0.11278675
0.09047738
0.15396407
-0.02493919
-0.08292330
0.02365309
-0.05302925
-0.00947423
0.02510792
-0.19105233
-0.00295238
-0.07912822
0.01748042
0.01080485
0.03757386
0.00626616
-0.14443462
-0.07095103
-0.12461475
-0.02447366
-0.04094604
-0.06225017
-0.05426884
0.09124297
0.04710395
0.02427242
-0.04268571
-0.03261149
0.04577263
-0.03345126
-0.04048981
-0.10245185
-0.02877158
-0.02509385
-0.05210115
-0.02343093
-0.01715824
-0.08343028
0.01239650
0.06701043
-0.01642534
0.00540754
0.00203812
-0.01485056
-0.02251217
-0.00724299
-0.02853837
-0.16321130
-0.08076758
-0.04156293
0.11203592
-0.01466328
0.03332172
-0.02953846
-0.00773324
-0.01760240
-0.04216101
-0.14878044
0.02703525
0.00472541
-0.01605669
-0.00366408
0.00089722
0.00715507
-0.08271210
-0.00222232
0.27971384
-0.04458620
-0.06012321
-0.01956378
-0.01802429
-0.02500582
-0.06916906
-0.19970636
0.05322720
0.01687067
0.04107064
-0.01725340
-0.11172996
-0.05120527
-0.03953438
-0.01938572
0.26018491
-0.04957022
-0.05331201
-0.02810955
-0.09260393
-0.05199993
-0.05659048
-0.24944176
0.03863436
-0.02264855
-0.02361824
-0.01025452
-0.03853798
-0.16884038
-0.00843738
-0.11284293
-0.14640489
0.00712650
-0.04153302
0.03422737
-0.00966677
-0.08790883
0.02207808
-0.08833427
-0.00773130
0.05786113
-0.00191988
-0.03620484
-0.04539317
-0.09074152
0.00377158
-0.08339769
0.01312136
-0.03155980
-0.05354124
0.00753915
-0.02046275
-0.05714396
-0.05868025
-0.03296136
-0.00109750
0.02303392
-0.01192304
-0.05088388
-0.04681860
-0.22908799
-0.09989063
-0.05593559
-0.07009017
-0.02893823
-0.03247501
-0.01124867
0.01269496
-0.04070704
0.02067637
-0.07186667
-0.00452324
0.00649046
0.01645885
-0.06672306
-0.03598149
-0.20143729
-0.18632416
-0.05963080
-0.19862169
-0.01571753
-0.10961771
-0.11739302
-0.06349202
-0.08721662
-0.01947208
-0.16554473
-0.01654372
-0.05711370
0.01664532
-0.02535403
-0.08523923
-0.25624597
-0.10609926
-0.02653663
-0.12403746
0.02082791
-0.11561459
-0.02000076
-0.11373835
-0.11429570
0.03675950
-0.22164370
0.00656995
-0.05481258
0.00246634
0.02892598
0.02899838
0.06945907
-0.07113246
-0.01026050
-0.05341032
-0.02481530
-0.04483652
-0.04426451
-0.05451638
-0.01099206
-0.06654193
0.08675423
-0.07142553
-0.01747354
0.04289821
0.01332562
-0.03900830
0.10496344
0.09204853
-0.09044469
-0.07161285
0.01171497
0.04626111
0.00530531
0.07209227
-0.01803158
-0.07236663
0.08641660
-0.02888690
0.02149258
-0.01397549
-0.04502392
-0.08362880
-0.14669767
-0.02206306
-0.03426325
0.00481582
0.00302183
-0.03446907
0.01052328
0.05438424
-0.12292887
-0.03972732
-0.17513138
0.05311454
0.01637569
0.02620908
-0.03226190
-0.02613399
-0.33515608
-0.17552036
0.00613312
-0.05721808
0.04661951
-0.06379101
-0.09762742
-0.05101983
-0.11205733
0.01959131
-0.24363692
-0.01418099
-0.01621646
-0.01979044
-0.06826160
-0.04210462
-0.30328310
-0.10551952
-0.04603646
-0.11276896
0.06093569
-0.07800836
-0.07883213
-0.05666974
-0.11635251
0.02691910
-0.15046020
0.02694985
-0.00277455
-0.03939257
-0.03910964
-0.00777596
0.08509786
0.13107298
-0.02308389
0.04625760
-0.04515837
0.00400039
0.05175215
0.01632574
-0.07583167
-0.07904423
-0.15000468
-0.00766451
0.06174077
0.03027515
0.01409452
-0.00935571
-0.16681291
0.06320503
0.02245463
0.04172277
-0.00540649
0.00106027
-0.03721887
0.03769755
-0.05882944
-0.03437627
-0.21672751
-0.03200661
0.00638963
-0.04376106
0.03174587
-0.09048758
-0.22051068
-0.01580920
-0.05218343
-0.11077610
0.03922126
-0.04582249
-0.05944237
-0.05789965
-0.17309161
-0.02210586
-0.17478709
-0.03662512
0.02536734
-0.00420938
-0.00957655
0.02256699
-0.30448967
-0.11433510
-0.03997181
-0.17595962
-0.03432015
0.02427897
-0.03344955
-0.06357548
-0.06097988
0.02706223
-0.15751825
-0.04066781
-0.02568104
-0.00552637
-0.04663675
0.04760027
-0.09687454
-0.07851046
0.02845646
-0.05971640
-0.00964177
0.01762291
-0.07119698
-0.10860322
0.02820458
0.01690527
-0.04352120
-0.02980008
-0.01878205
0.00150131
-0.06501186
-0.00294719
-0.24684916
-0.07039230
-0.04559539
0.00858460
-0.03472557
0.04321600
0.00040214
-0.08596593
-0.03218874
-0.01078218
-0.18784407
0.01872135
-0.01619373
0.04689780
-0.02234337
-0.01101356
-0.22271658
-0.08542462
0.00184656
-0.14352775
-0.02689605
-0.01105025
-0.01262600
0.01393944
-0.08231222
-0.02314841
-0.22316991
-0.04608736
-0.05649037
0.02503723
-0.07359432
-0.01994294
-0.22256109
-0.08376811
-0.05194990
-0.13016668
0.03580713
-0.03396962
-0.04860552
-0.11397210
-0.08610288
0.03221754
-0.13059434
0.01863218
-0.00680458
0.00110097
-0.05347564
0.05305305
-0.13583684
-0.08831807
-0.04326157
-0.09655371
-0.02185861
-0.07700699
0.02076061
-0.00870739
0.06030338
-0.01024281
0.04808292
-0.00236273
-0.02385010
-0.01845864
-0.02594826
-0.02286699
-0.01113967
-0.01885670
-0.01132537
-0.08603560
-0.03313917
-0.01842505
-0.02568649
-0.08645322
0.04553203
-0.03058850
0.01441589
0.01375788
-0.01006486
-0.02886904
-0.08209062
-0.02212400
-0.09200888
-0.15719004
-0.06095675
-0.16840449
0.00268200
0.00007833
0.02603433
-0.07228783
0.03347693
0.09526773
0.20831376
-0.04052629
-0.03827119
0.02062931
-0.06565227
-0.02706185
-0.05729105
-0.12739220
-0.04544359
-0.04925496
-0.04919897
0.00460539
0.01206688
-0.12717323
-0.07363398
0.05226091
0.07711127
0.01383624
-0.06519074
0.04446706
-0.11110735
-0.02767052
-0.10324974
-0.08666560
-0.05699867
-0.06041506
-0.05481681
-0.09107098
0.00820527
-0.09636917
-0.00653653
-0.02626462
-0.07955090
0.01218098
-0.07257491
-0.04315231
-0.01200953
0.03262663
-0.16933270
-0.03776555
0.01778778
0.15442297
-0.05123293
-0.03565930
-0.00457217
-0.01640290
-0.05873443
-0.07522730
-0.24763544
-0.00341626
0.03618900
0.03517170
0.01275092
-0.09456867
0.00528909
0.02735840
0.01664977
-0.02440831
0.00010417
0.00570245
-0.00974026
0.05731284
-0.12181159
-0.07193638
-0.05058627
-0.01999005
0.00116579
0.00986824
0.03449238
0.00070944
0.10316726
-0.00114725
-0.06725848
0.04431869
-0.03347157
0.07139821
0.08803901
0.06374512
-0.03862681
0.03787962
0.27248231
-0.04125182
-0.03496293
-0.02435777
0.00886293
-0.06612577
0.20380081
-0.04344948
-0.06712162
0.04028281
-0.03657850
0.02798978
-0.03401649
-0.02330576
-0.06230461
-0.00195878
0.34011856
-0.03293777
-0.04142583
0.00510942
-0.07097344
-0.09185904
0.00554111
-0.04250268
-0.05757453
-0.06894325
-0.01560933
-0.01551107
-0.04152584
-0.04112457
-0.06812015
-0.04256324
0.08775665
-0.02681131
0.00372776
0.04804558
0.02114775
-0.12316116
-0.17904706
-0.02690277
-0.01528876
-0.08388657
-0.02708789
0.02278444
-0.00753147
-0.03324804
-0.10624254
-0.01317811
-0.13945311
0.02917879
-0.02805823
0.03510323
-0.02377557
-0.05821407
-0.28487432
-0.06923906
-0.08406461
-0.05394031
-0.00216186
0.00797703
0.05141839
-0.03613358
-0.05967535
-0.02803139
-0.19118443
-0.00035910
0.01193759
0.03313881
0.06469163
0.00802752
0.14156832
0.18963756
-0.03648685
0.01406344
-0.01118319
0.06577305
0.04677504
0.13122149
0.05108673
-0.01734858
0.13869563
0.00753264
0.01547296
0.02852847
0.04515204
-0.02547899
0.05865046
0.09266797
0.02335856
-0.00233603
-0.03271488
0.06200751
0.03752767
0.05862100
0.01776215
0.00224525
0.04480744
-0.04267181
-0.01169143
-0.03293636
0.01362613
-0.05713514
0.07529216
0.10555654
-0.02262396
-0.17595434
-0.00845334
0.04162391
0.02959818
0.12037253
-0.09088714
-0.05339773
0.00484821
-0.02100591
0.01052533
0.03837043
-0.04751015
-0.07584342
-0.25341326
-0.04559154
-0.02052577
-0.17954569
0.03374400
-0.02727113
-0.04125071
-0.04022377
-0.09425871
-0.06228773
-0.07760482
0.03921822
-0.02228737
0.00350216
-0.01362713
-0.08350164
-0.26536220
-0.13155854
-0.00440496
-0.15898748
0.02155529
-0.05324244
-0.01303052
-0.10176519
-0.02973157
0.00907795
0.03675217
0.00169086
-0.01620935
-0.01794348
-0.05208005
-0.03717350
-0.17650796
-0.01233509
-0.03588397
0.02251164
0.03482507
-0.08932460
0.00183616
-0.04739695
-0.07770187
-0.01011648
-0.12301999
0.00018227
-0.00115046
0.04221270
-0.03681104
-0.00901162
-0.14720671
-0.03375630
-0.04896773
-0.01757430
-0.04627526
-0.03351740
0.00643909
-0.06819592
0.07359105
-0.02507352
-0.08665339
-0.04253216
0.05646561
-0.00866363
0.04301441
0.00039823
-0.02500195
0.11244412
-0.02968719
-0.18829067
-0.00804170
0.03027429
0.03280054
0.06366644
0.01030467
-0.01885046
0.22094607
-0.02550945
-0.04008134
-0.01307900
-0.04471089
-0.02874634
0.03336515
0.00182142
-0.00718845
-0.07288310
0.02121887
-0.05277249
-0.01596757
-0.00203843
0.01080870
0.01934110
-0.09364182
0.00397702
-0.01840828
0.01185082
0.01535112
-0.06089844
-0.03417701
-0.08733983
-0.04633466
-0.07478093
0.03310678
-0.05837362
-0.03901043
-0.08314802
-0.00108877
0.01998487
-0.12304673
-0.03306542
0.02528155
-0.05025036
-0.04715806
-0.03059950
-0.20824520
-0.02762841
-0.02250939
-0.04436034
0.00290095
-0.07843598
-0.05046987
-0.00259814
-0.09895566
-0.04329120
-0.15307474
-0.02273761
-0.05111083
0.00388349
-0.03943446
0.09180795
-0.16973163
-0.07546198
0.00095920
-0.03912193
-0.04400164
-0.00552395
-0.05271447
-0.09558449
0.02920747
-0.04860839
-0.15963891
-0.03697899
-0.03416321
0.01752974
0.06818451
0.08806951
0.20597114
0.06798105
-0.03567209
-0.07674155
-0.01917983
-0.01524726
0.04635901
0.04511576
0.01476603
-0.00509633
0.24265631
-0.04189301
-0.02393746
0.00772891
-0.00606473
-0.06144302
0.07571941
-0.04348793
-0.05224965
-0.04222048
-0.04524006
-0.01193841
-0.08921155
0.00142765
-0.06023221
0.05431222
-0.05761544
-0.02777313
0.03047872
-0.01675227
-0.06560259
-0.05583426
-0.08499783
-0.02492767
0.02598796
-0.04785229
0.04664190
-0.03781302
-0.05131748
-0.10883446
-0.06706727
0.00870584
-0.22220896
-0.04215149
-0.03463740
-0.04711666
0.00002354
-0.08861872
-0.16092847
-0.02920963
-0.02149816
-0.13068292
-0.01305818
-0.03833790
-0.02273957
-0.01420171
-0.07704929
-0.01414856
-0.20791982
-0.01621211
-0.06717913
0.04180819
-0.06876080
0.08682302
-0.20895910
-0.09726158
0.06335998
0.00470218
0.03819747
-0.00515362
-0.02449049
-0.07477232
0.03323067
-0.03902064
-0.21260916
0.00536393
0.01812818
-0.05329315
0.04296398
0.02105524
0.17044514
0.02936345
-0.01341405
-0.11829331
-0.02828494
0.02624509
0.00585378
0.11860979
0.02646614
-0.03989220
0.21623510
0.03352271
-0.01205651
0.01108808
0.01952794
-0.14912079
-0.05801287
0.10946298
-0.03259457
-0.07864007
-0.03124864
0.02115525
-0.04480770
0.06967185
-0.09679198
-0.02307723
-0.01118942
-0.00659294
-0.00846282
-0.02865410
-0.07883490
-0.06771677
-0.19580337
-0.05904376
-0.00243129
-0.11106998
-0.04573532
-0.06592984
-0.00573581
-0.04230724
-0.08441930
-0.01493671
-0.16798070
-0.02182486
-0.02028350
-0.03492370
0.00181670
-0.10275978
-0.25268105
-0.04567176
-0.06586485
-0.17277227
0.03487514
-0.07650123
-0.02358786
0.02135071
-0.03789250
-0.05144534
-0.14746353
0.02736153
-0.04524323
0.00219122
0.01020056
0.07097173
-0.16137365
-0.13542429
0.09776716
-0.05770487
-0.03138040
-0.08630269
-0.11140382
-0.05296860
-0.03056001
-0.00060119
-0.15337461
0.01204376
0.00442498
-0.02824802
-0.02298684
0.06390682
0.20468365
-0.04389795
0.03485020
0.00856083
-0.04648813
-0.06580155
-0.01211730
0.02041829
-0.00878731
-0.04715122
0.27839810
-0.03049471
-0.00310475
-0.00673406
0.00173453
-0.07700508
0.04879605
0.02485083
-0.06618282
-0.14632702
0.03282732
-0.03907414
-0.03297922
0.07668019
0.04115297
0.04415832
0.20204216
-0.03721727
-0.00622012
0.03411704
0.02984688
-0.00633829
-0.14279412
-0.03161895
0.00768668
-0.14544335
0.03286367
-0.08458361
-0.04485662
0.00894586
0.01233789
0.05969475
-0.06624140
-0.04643296
0.00710579
0.03546392
-0.02255494
-0.12241590
-0.26473761
-0.10297770
-0.09004698
-0.21310318
0.02198428
-0.07531438
-0.04839619
-0.02878551
-0.06884480
0.02703192
-0.19181834
-0.01583582
-0.06094129
0.00733069
-0.06663748
0.01725908
-0.18338402
-0.14168690
0.13446236
0.16998376
-0.03521842
-0.06075695
-0.10666632
-0.06941248
0.00154618
0.01979365
-0.12836309
-0.00025613
-0.02893144
-0.00356541
-0.06894443
0.02864678
-0.02013456
0.00889240
0.11279164
0.24478543
-0.02740325
0.01215035
-0.08245737
-0.03839902
-0.07548264
-0.05591549
0.04166976
-0.02222668
0.00545128
-0.03310562
0.02758137
-0.04126877
-0.15107550
0.00490076
-0.01637336
0.08265691
-0.03399393
0.02868928
0.03125146
-0.03320067
-0.08057335
-0.04152316
0.03510738
0.02492187
0.02035378
-0.02261077
0.00405934
-0.00229425
-0.16685672
-0.02508144
0.00118473
-0.01270476
0.01747093
-0.00546205
-0.01968197
0.00239983
-0.03947238
-0.01981154
-0.11636530
0.02470298
0.05554347
0.01329032
0.09470230
-0.13652439
-0.08582670
0.13738923
-0.00732301
0.02851259
-0.00022038
0.16929461
0.07350444
0.10901386
-0.05007812
-0.09365775
-0.19156098
-0.04861487
0.04740460
0.04212729
-0.03450479
-0.10262943
-0.42660034
-0.07299418
0.01289944
-0.10766120
0.04160139
0.03437004
0.05112448
-0.12211942
-0.12701721
-0.13051945
-0.41421211
0.00528640
0.00961216
-0.00948311
-0.05268426
-0.11308660
-0.62470299
-0.07094084
0.01751802
-0.10195384
-0.03471782
-0.04166063
-0.04084850
-0.07219250
-0.04427228
-0.09707405
-0.36448514
0.01384113
0.02450867
0.02179064
-0.02936264
-0.00327165
-0.46126920
-0.24351543
-0.01556034
-0.08604524
0.01375659
-0.06131168
-0.01886868
-0.17627865
-0.08466275
-0.05419764
-0.24234244
-0.00769282
0.00563673
-0.01971647
-0.01545384
-0.07028367
-0.37514493
-0.13052709
0.02342487
-0.09435953
-0.04780727
-0.04985556
-0.02467784
-0.06986496
-0.07863650
-0.00407860
-0.23043840
-0.01308661
-0.03502855
0.00198799
-0.01118089
-0.12643906
-0.00236861
-0.10579663
-0.08416373
-0.19567682
-0.00695702
-0.05017972
-0.00910130
-0.06449320
-0.01336307
-0.02012385
0.05574571
-0.00951125
-0.02903279
0.02081119
-0.08254071
-0.05062304
-0.16638257
-0.16521682
-0.05821113
-0.29861352
-0.00767168
-0.06353872
-0.03344014
-0.02078091
0.00047177
0.03161964
-0.01184129
0.00356193
-0.02358739
0.02039799
-0.05833992
-0.01207265
-0.07434830
-0.18305799
0.00678219
-0.17189705
-0.05371067
-0.07830290
-0.01155912
-0.09440963
0.09006453
0.11749637
-0.00093692
-0.00290957
-0.05835628
-0.04420556
-0.08340172
0.00567584
0.18630707
-0.14460857
-0.01466411
-0.05455385
-0.02995980
-0.06978488
-0.05231604
-0.16065881
0.02531692
0.14071076
0.17461956
0.01030013
-0.05910781
-0.01621000
-0.06027033
-0.04878174
0.12850405
-0.09304508
-0.03722565
-0.07582433
0.02630425
-0.02222829
-0.02017910
-0.07227989
-0.00210694
0.08673746
0.13903512
0.05019329
-0.04825130
-0.05971900
-0.04458243
0.00551632
0.21697980
0.04204808
0.01424403
0.09275981
-0.07315990
-0.04889190
0.02387708
-0.09732878
-0.03474791
-0.02999948
0.10481302
0.00192645
-0.00759400
0.00026033
-0.02155836
0.04271168
0.35023275
-0.04334386
0.08600630
0.16590440
-0.05442049
-0.04700106
-0.02667597
-0.03051907
0.09267659
-0.00447519
0.18038267
0.03882048
-0.00915218
0.02899690
-0.01331676
-0.04117812
0.34765759
0.01443858
-0.00748227
0.01783884
-0.05630649
0.00308591
0.02533667
0.02237066
0.03158253
-0.07300207
-0.03223109
0.04086533
-0.02506868
-0.00956084
-0.00906871
-0.09053838
0.06176826
0.10286409
0.00622416
-0.07230624
-0.05246612
0.02665733
-0.09400392
-0.03121762
-0.08779411
-0.02285411
-0.11270349
0.02800444
-0.03074066
0.03613623
0.06762268
-0.00502748
0.10704175
0.06967518
-0.01736565
-0.14974928
-0.00745317
-0.04045785
-0.07711253
0.04323313
-0.04291821
-0.06763861
-0.11603317
-0.04918805
0.03528773
-0.03749897
0.03862501
-0.06942376
-0.24791420
0.01398799
-0.01658508
0.25043732
-0.01098989
-0.01827578
-0.04462622
-0.05879296
-0.05083970
-0.09891539
-0.21542466
0.05139939
0.02775407
0.02269171
-0.04098662
0.00560074
-0.28300303
-0.00633418
-0.08096378
0.31032071
0.03246123
0.02298635
0.05262397
-0.11405235
0.00306979
-0.01283615
-0.21135026
-0.03744870
-0.04194476
0.00649040
-0.01500230
-0.04737271
-0.37901109
0.05379159
-0.02153022
0.11162741
-0.04665047
0.05245460
-0.03905651
0.00129002
-0.09067381
-0.01981607
-0.21514615
-0.03636324
-0.03043552
-0.01161458
0.02893865
0.01983377
-0.26565546
-0.00404765
-0.08701105
-0.21412860
-0.04679858
-0.01732316
-0.05115225
-0.02676158
-0.04899444
-0.10892195
-0.14091142
0.02059372
-0.01325830
0.01254691
-0.03624048
0.01600192
-0.13416968
-0.00961037
-0.05434345
-0.28909487
-0.05709680
0.03927252
0.00655592
0.01288168
0.02636759
-0.05641437
-0.24342901
-0.01999756
-0.03845089
0.04170175
0.02528740
-0.10478873
-0.54027885
-0.06129119
-0.06045927
-0.22139040
-0.02064178
-0.00669275
-0.01752680
-0.02551318
-0.07214211
-0.11315473
-0.39435923
-0.03096310
-0.02402136
0.00338979
-0.02846259
-0.08348753
-0.45232835
-0.05984141
-0.02228968
-0.16668238
0.03175085
0.00341066
-0.05399838
-0.04430748
-0.05467293
-0.01744774
-0.26761273
0.01141833
-0.07699598
0.03578066
0.03471227
-0.00769911
-0.27947158
-0.01780166
-0.03073027
-0.11650559
-0.04102888
-0.08103542
-0.03012590
-0.04846038
0.01517167
0.02334657
-0.17246452
-0.05509767
-0.07830092
-0.01209832
-0.03143986
0.01476582
-0.00244563
0.12308155
-0.03277833
-0.19176869
-0.01223599
-0.03081157
-0.06704965
0.01953130
0.03550752
-0.02612945
-0.06187342
-0.01789377
-0.04605709
-0.03534381
-0.00079594
0.00856445
0.15429164
-0.01373484
-0.04047257
-0.31213236
-0.06289671
0.01074301
-0.00127714
0.03421994
-0.00859584
0.02727032
-0.11722461
-0.00512361
-0.03539762
-0.00007194
0.00572136
-0.00100688
0.04213716
0.02220400
0.05210505
-0.01632188
0.00525592
0.06704180
0.02615355
0.03877181
-0.01602813
0.00062453
-0.05111517
0.04602675
-0.00064554
-0.03183427
-0.00144585
0.04458523
0.03876561
0.09642704
-0.02302159
0.07472808
-0.00945642
0.06583573
0.02713909
-0.00518305
0.06510942
0.00953462
-0.12476657
0.04203077
-0.02719970
0.03235277
-0.00032491
0.01049556
0.06641229
0.07069161
-0.00480188
0.02729710
0.00620859
0.02927993
0.03218687
-0.03298680
0.04431522
0.01753226
-0.04276593
0.04802930
0.02053727
0.01807260
0.00691554
0.00559306
-0.00904652
-0.03193431
-0.00082303
0.01605012
0.01488611
-0.00394430
-0.00110975
-0.05689035
-0.00640630
0.03276213
-0.06625734
-0.04752053
0.02641757
0.04263568
-0.01915133
-0.01777827
0.00952427
0.02307518
-0.00314980
0.07357699
0.01326739
0.05185034
0.03169559
-0.03335280
-0.01556638
-0.05571065
0.01688965
-0.04256873
-0.03238235
-0.01695737
0.00674916
-0.01923900
-0.14362609
-0.03916328
0.05879146
0.03971995
-0.03209805
-0.01105465
0.03015321
0.03532037
-0.01573707
-0.05824826
-0.14463028
0.02586158
0.01386932
0.00849885
-0.06069643
-0.05635554
-0.10978878
0.01877496
0.00914017
-0.02325856
0.02877354
0.06033072
0.02528244
-0.06602568
-0.05762011
0.00240595
-0.07184800
-0.00954713
0.06316252
-0.03017566
-0.01399961
-0.01677316
-0.07325498
-0.00128794
-0.03508606
-0.02063809
0.00905990
0.00574329
-0.02531691
-0.03694356
0.00659910
-0.03384147
-0.09619119
0.03164630
-0.03941252
-0.01793268
-0.07013979
0.01095367
-0.03764888
-0.03649054
0.04486890
-0.00042066
0.02359774
0.06726263
0.03613359
-0.04459968
-0.04869101
-0.02032823
-0.08515956
0.02986935
0.03462372
-0.03931646
-0.03429331
0.03043496
-0.02318143
-0.03426386
-0.01910615
0.00270405
0.04096128
-0.00564207
0.05213004
-0.04727874
0.00581512
-0.06437083
-0.10527343
-0.02787590
-0.01772963
0.02974454
-0.09956580
0.00158433
-0.26296055
-0.15303014
0.03132448
-0.04201955
0.03502643
-0.11730800
-0.05954096
-0.13080744
-0.01834540
0.00840644
-0.10215997
0.02140112
0.01532115
0.03320137
-0.01074734
-0.06566405
-0.25100151
-0.08491331
-0.01478253
-0.09870284
0.03997124
0.00323009
-0.00039778
-0.09097085
-0.03227810
0.01910963
-0.15365498
-0.04544630
-0.02859259
0.02255525
-0.02022753
0.02407713
-0.16123909
-0.05372879
0.02368562
-0.11086129
0.01729464
-0.03727907
0.00299278
-0.05274602
-0.07004770
-0.05465345
-0.16326249
-0.03562290
-0.02628317
0.03253461
0.00909446
0.00004123
-0.13993721
-0.04856458
0.02636825
-0.07246298
0.02741814
0.00609932
0.00850783
-0.01495760
-0.05724624
0.03444902
-0.07962167
0.04735935
0.00352694
0.03508108
-0.00464976
0.01887092
-0.10543633
-0.04750966
0.03080991
-0.07437162
-0.03463079
-0.00358017
-0.05278425
-0.01207697
-0.01330528
-0.00755947
-0.11060908
-0.02463997
-0.06582321
0.01188480
0.01225414
-0.04461009
0.05635086
-0.09126572
0.03894711
-0.00397549
0.02053151
-0.06582404
-0.00308527
-0.05365312
0.08718874
0.03521594
0.23891203
-0.04232527
-0.04486366
-0.04330184
-0.05244607
0.00281965
-0.18440670
-0.01472431
-0.04331514
-0.06071038
0.03712507
-0.06008889
-0.04819457
-0.03326154
0.10848971
0.04087108
0.24562585
0.02118285
-0.06576053
0.03832917
-0.01275208
-0.01689459
-0.02841775
-0.13345672
0.00480101
-0.08554343
-0.00042025
-0.01087044
-0.00005103
-0.09867582
0.06499010
0.01670345
0.03100013
0.03734116
-0.00843000
-0.04714315
-0.06788017
-0.04376789
0.10747112
-0.05895140
0.01061814
-0.02152377
0.00378834
-0.02980322
-0.01225499
-0.03799177
-0.01564954
0.02554002
-0.02550322
0.02047968
-0.01050279
0.02277964
-0.01683014
-0.04641605
-0.00249638
-0.02480386
-0.02841689
0.05272245
0.02469816
-0.06934631
-0.00975064
-0.00264906
0.04714893
0.00640689
-0.02169167
0.04486486
0.01614847
-0.00735123
0.00516824
0.05606100
0.21701328
-0.00783189
-0.00027023
0.12924346
0.00481451
0.00594624
0.08657501
-0.09280705
-0.01402008
0.00665472
0.06897517
-0.02757633
0.02256002
-0.00575182
-0.01800030
0.01712876
0.21954869
0.02326678
-0.03729362
-0.10656653
-0.03069642
-0.00931315
0.07444825
0.01225108
0.01774481
0.03625028
0.15307458
-0.04086536
-0.04805171
-0.00615063
0.04594541
-0.01353753
-0.02647447
0.06200603
0.03783303
-0.05781687
-0.00310103
0.03275571
-0.00728638
0.01971611
0.03753371
0.03206675
0.06478088
0.01902519
-0.02928048
-0.02063944
-0.00201484
-0.04516119
0.07704668
0.04605879
-0.00651774
-0.06791286
-0.00891675
-0.04818615
0.03334866
-0.08842348
0.00436639
0.02357674
-0.00110657
0.01118704
-0.01318450
-0.04296892
-0.00407493
-0.03432344
0.00937585
0.01829384
-0.00135874
-0.01620980
-0.01522274
-0.01593297
0.01286339
0.03261432
-0.00319855
0.03425301
-0.08279724
0.03632620
0.00390719
0.01204581
-0.03119850
-0.03145270
-0.07732953
-0.02673242
0.01317634
0.01381409
0.01058431
0.00244912
-0.01300571
0.00518837
-0.04896884
-0.05431445
-0.01088841
-0.03974588
0.04908650
-0.02708140
-0.03086015
-0.04936926
-0.28504068
-0.05627582
0.02521332
-0.03362849
-0.02253275
-0.00682965
-0.05376760
0.00791314
-0.03615870
0.00910822
-0.07590850
-0.01338528
0.00334553
-0.04648615
0.01389056
-0.03494859
-0.24843480
-0.01084003
-0.03849629
-0.01604271
0.02578172
-0.03503914
-0.05205049
0.01193759
-0.01031963
-0.02288337
-0.08178511
-0.00099682
-0.05336877
0.00536986
-0.01036847
-0.04848984
-0.04602061
-0.01704566
-0.00928256
-0.04187767
0.04286277
-0.04811724
-0.00899123
-0.01095140
-0.00394271
0.03415073
-0.09617060
0.01825677
0.02604298
-0.01903509
-0.04875991
-0.03292108
-0.08867311
0.03982241
-0.03410303
-0.03615139
0.00647327
0.01512625
0.04255610
0.03143537
-0.05657262
0.00687539
0.00929651
0.02581784
-0.01071148
0.03182666
-0.02700048
0.03128542
-0.02453428
-0.03839039
0.01180355
-0.00882606
0.00689385
-0.04577458
0.03578100
-0.02764837
0.01214234
-0.00785180
0.00493579
-0.01459763
-0.04048044
-0.01299325
-0.02209900
-0.07362109
-0.16624019
-0.11699510
0.03105935
-0.06086849
0.01614100
-0.00856715
0.01349466
-0.01727359
0.00008134
-0.04925637
-0.07377539
-0.02787171
-0.00291279
0.02155103
0.02238409
-0.00503905
-0.25016406
-0.00626334
0.01234365
-0.07123799
-0.03699721
0.00814353
0.02111572
-0.06600516
-0.02413525
0.01021479
-0.13760924
-0.03602498
0.01662381
-0.03816104
0.01585249
-0.02620940
-0.07065012
-0.07090303
-0.00593217
-0.07646979
0.02600272
0.02625103
0.00746778
0.00423798
0.01693870
-0.03473043
-0.08222770
-0.03109071
0.04600332
-0.02203617
0.02273063
-0.05728799
-0.17507701
-0.01107118
-0.04875026
-0.03476561
0.04201413
-0.05548221
-0.02546504
0.02625013
-0.01793272
-0.01639404
-0.04740541
-0.00525498
-0.06131896
0.02174247
-0.01192795
0.04618987
0.09254531
-0.05671565
0.02610596
-0.06015769
-0.04008258
0.04389710
-0.03397077
-0.01315819
0.01342589
0.00820134
0.03508544
-0.03358204
-0.01612432
0.01153368
-0.06014549
0.00235563
-0.12611030
-0.04111251
0.01626276
-0.08514696
-0.01531871
0.01567148
-0.04398843
-0.04547665
-0.08534683
-0.02898321
0.01700815
0.04090545
-0.03232704
-0.03445026
-0.00624538
-0.00707092
-0.20480402
-0.08188232
-0.03061447
-0.10494961
0.04628415
-0.01831345
-0.05797790
-0.02594262
-0.07602164
-0.00212726
-0.08956707
0.02493028
0.03813745
-0.04499268
0.01535637
-0.01416836
-0.19727910
0.00983333
0.02947062
-0.07947087
-0.01982781
0.00286681
-0.02872025
-0.01324424
-0.02960266
-0.00356875
-0.11348195
-0.01550644
0.00370295
0.01642900
0.01260750
0.00999006
-0.11567313
-0.04531435
-0.00325763
-0.07410154
-0.04610875
-0.05741779
0.00999814
0.02999168
0.01371102
-0.03068346
-0.06845827
0.01026313
0.02429326
-0.02222897
-0.04260605
0.02827717
0.10416670
0.00020160
0.02167429
-0.08904129
-0.01004396
0.06442095
-0.03704090
-0.06762849
0.06303088
-0.07671806
0.02031938
0.02640445
-0.02652867
0.00092292
0.03626962
-0.05953197
-0.10223648
0.01345749
-0.04583770
-0.08424178
0.04506743
0.03699298
-0.02032487
-0.03755605
-0.08973731
-0.02603331
0.00758617
-0.02074781
-0.00302576
-0.00395414
-0.02507808
-0.02165820
-0.18946868
-0.05176420
-0.04248998
-0.07759675
0.03947654
-0.08511666
-0.05863569
0.00268168
0.02477165
-0.04056682
-0.06899335
-0.00237224
-0.04006356
0.00322930
-0.03783026
0.02937203
-0.16041102
-0.03040480
0.02849807
-0.03783329
-0.04776996
-0.01365961
0.01127466
0.03645039
0.03273919
0.04177056
-0.04875131
0.04675832
0.02272536
-0.03648799
0.01118990
0.02766043
0.03138554
-0.01519979
-0.04773241
-0.01896511
-0.05611417
-0.01710607
-0.01324737
-0.03350839
0.06972335
0.03618589
-0.09457470
-0.03024881
-0.03267552
0.04443054
0.03419247
0.00423154
0.06321584
-0.00996762
-0.05588582
-0.03650159
-0.05227613
0.00349628
0.01233311
-0.06347101
0.03403091
0.00706575
-0.06348198
-0.03528173
-0.03944641
0.01391932
0.00753565
-0.01084381
-0.17082572
-0.05263611
-0.01353816
-0.02334204
0.02886194
-0.02821953
-0.02983154
-0.00373037
-0.00722490
-0.02796099
-0.04980842
0.04480712
0.00269379
0.00377593
-0.03062882
0.00834866
-0.15119067
-0.07504117
0.00291560
-0.03064252
0.03233208
0.01202871
-0.06037835
-0.00299393
-0.03321568
0.01397187
-0.08454241
0.01729112
0.02096316
-0.00748032
-0.03444199
0.02134020
-0.18819071
-0.05635905
-0.06157004
-0.03793664
0.02972245
0.04191844
0.00423352
0.00213090
0.08360789
0.02958475
-0.00078918
0.00546686
-0.06033652
0.03443581
-0.02122083
0.00187308
0.15385661
-0.01346029
-0.00872574
-0.08064801
-0.04515922
-0.02658771
-0.04925085
-0.08701545
0.05032990
-0.05204761
0.04006659
-0.04741651
0.04438217
-0.04615429
0.01202965
-0.01052524
0.02888654
0.01385808
-0.02704985
0.00941170
-0.04391768
0.03422694
0.03069670
-0.04080087
0.01187801
-0.02895844
-0.05228066
-0.03180032
0.01731051
-0.02530210
-0.01280214
0.04054976
-0.03666809
-0.00689220
0.01738173
-0.04914963
0.01552771
-0.03821722
-0.02454081
0.00515497
0.03655453
-0.02885582
0.00013821
-0.02543564
0.03964322
-0.02646309
0.01350259
0.01267337
-0.06942288
-0.00924718
-0.01401199
-0.07826740
-0.02254557
-0.04250727
-0.01261997
-0.04192322
-0.00927091
0.01809072
-0.02150223
-0.01690020
-0.01043471
-0.00225455
0.01042282
0.01590721
-0.01911362
0.00168686
0.01620999
-0.08136392
0.02802890
0.02111483
-0.02591439
-0.03946542
-0.00953986
-0.02354659
-0.06982291
-0.03905084
-0.03580478
0.03891755
-0.02905720
-0.04361229
0.01912370
-0.04872063
0.02231269
-0.00164758
0.02595299
0.00134109
-0.06783336
-0.00924417
0.01179321
-0.00480000
-0.05981670
-0.04694586
-0.03984421
-0.01865904
0.01442834
-0.04284168
-0.02096390
0.00865645
-0.02616112
0.02757503
0.00071811
-0.01228761
0.02576674
0.01108964
-0.05096074
-0.01620291
-0.02687793
-0.00926620
-0.02989038
0.03229213
-0.00593648
0.03661371
-0.01609661
-0.02161742
0.01178710
-0.07194974
0.02197227
-0.01106267
-0.03593346
0.05248976
0.00039379
-0.04325189
-0.01770498
-0.04418166
0.04504230
0.01514039
0.01205239
0.01402975
-0.07111020
-0.01147043
-0.00086746
-0.04944167
0.04148442
0.03045358
0.00964127
-0.02941910
-0.03270598
-0.02994837
-0.00899390
0.01743952
0.01619835
-0.00597757
0.02814437
-0.00545691
-0.05700372
-0.04859756
-0.05135261
-0.04162151
0.02597533
-0.04973824
-0.07393941
0.00753670
-0.03789004
0.04495191
-0.12788086
-0.00024322
-0.01433100
0.03149958
-0.04354525
-0.02156054
-0.11238397
-0.12013578
0.01533818
-0.03782137
-0.04438925
-0.09937359
-0.09168366
-0.05282449
0.03232446
0.05187207
-0.00943808
-0.01206938
-0.03943591
-0.01386292
-0.04261110
-0.02726259
-0.02245514
0.02639252
-0.01614769
-0.06566145
0.02127720
-0.04270468
0.02703402
0.03361497
-0.00620592
0.00106300
-0.00755417
0.02026435
-0.00472926
-0.03931728
0.02605229
-0.05604156
0.00880943
-0.01750732
-0.05678087
-0.00615726
-0.00758868
-0.04129819
0.00852177
-0.02717918
-0.02505590
0.01066871
-0.07437158
-0.01261288
0.02198408
-0.04900708
-0.01090035
0.02701540
-0.09291494
-0.05117602
-0.02130322
-0.06603811
-0.01320617
-0.04207087
-0.00879311
0.01148846
-0.02824716
0.04537614
-0.11552219
0.05062656
0.00779732
0.02973319
-0.01338653
-0.02598524
-0.10684121
-0.05209696
0.00095868
-0.04086473
-0.04189513
-0.02960396
-0.06394852
-0.00006021
-0.02823832
0.05385263
0.01800562
0.02583640
0.01618490
-0.04768496
0.00348809
0.02720764
-0.07179755
-0.07668618
0.01818629
-0.06909913
0.02519544
-0.06412683
-0.09857603
-0.08918724
0.06654328
0.04186828
0.11222217
0.04487689
-0.02018874
-0.04031605
-0.04188521
-0.03929608
-0.03572249
-0.02615460
-0.02881803
-0.04196714
-0.04633579
-0.04176921
0.00195613
0.02683492
-0.00181789
-0.06208949
-0.07659429
-0.03374819
-0.00506536
-0.00351602
0.02462268
-0.04208962
-0.05471838
-0.01264929
-0.04291451
-0.01794674
0.02912453
-0.01579490
-0.03121120
-0.02702866
0.02176262
-0.02304310
-0.05081699
-0.00548308
0.03159645
0.01789987
-0.03727732
-0.00720628
-0.09092569
0.00308758
-0.03642431
-0.11340974
-0.03664097
-0.04294428
-0.04755202
-0.01880355
-0.01639621
0.05238515
-0.10880578
-0.01492937
-0.04496403
-0.01852090
-0.02711598
0.01164728
-0.10389345
-0.06000184
-0.01357751
-0.07014405
-0.03572754
-0.01483108
-0.05086079
-0.05167393
0.03331421
0.06820795
0.05674736
-0.03357629
0.04123237
0.00684109
0.03510178
-0.04087127
0.07539191
0.08329003
0.01327541
-0.03002531
-0.04536998
-0.00305882
0.00241405
0.03398425
0.02207934
-0.03786488
0.13954517
-0.02925185
-0.04642330
0.02513904
0.00342604
-0.00409984
-0.04197208
0.04276089
-0.03479481
-0.01856564
-0.03011883
-0.04197671
-0.02305690
0.03215669
-0.02723544
0.00204431
0.02860329
0.04295091
0.02067710
0.01217427
0.01512975
0.01049596
-0.08991381
-0.00518479
-0.03329172
-0.01084926
0.00512603
-0.05665611
-0.02212114
0.02067325
-0.02757519
0.05940199
-0.03771614
-0.02647583
0.02230294
-0.00525623
-0.02692517
-0.04707006
-0.02714047
0.00282835
0.02844262
-0.06269256
-0.03998235
-0.02425031
-0.06021544
0.03969240
0.05380772
0.04906724
0.02809196
-0.05414861
-0.03968739
0.03273119
0.04534007
0.00382355
0.07562285
0.00482689
0.04255635
-0.02645958
-0.03862801
0.00812908
0.00832532
-0.03724635
0.07248655
-0.04795558
0.00073688
0.03848474
-0.03383749
-0.03879120
0.06186972
0.01092812
0.13163491
0.03480218
-0.07820814
-0.05791477
-0.05493959
-0.00244405
-0.00270584
0.06594273
-0.00710208
-0.04036474
0.14916210
0.00351236
-0.03367389
0.02642378
-0.02838721
-0.03933902
-0.03650292
0.02539759
-0.05166067
0.14665987
0.01553850
-0.01733650
0.03287907
0.03033443
-0.13695766
-0.05293791
-0.15766577
0.06092830
-0.08348526
0.04504005
-0.03328566
-0.07854721
-0.26287633
-0.10987780
-0.02855141
0.12444285
0.03480842
-0.08446450
-0.01216859
-0.07613237
-0.14165914
0.06540100
-0.33263415
0.00498316
-0.07145909
0.00034158
-0.03837487
-0.00368740
-0.22271691
-0.08742600
-0.01766297
-0.00511336
-0.00164975
-0.06858692
-0.05131075
-0.07470573
0.06213779
-0.00004169
-0.10336588
0.02104338
-0.05519256
0.03846078
-0.09565651
-0.04582309
0.14285859
-0.10794128
-0.02695431
-0.10920183
-0.06935062
-0.00472886
-0.00694001
-0.17782252
0.00945692
-0.05295530
0.11766624
-0.04770346
-0.02686086
-0.02489341
-0.06632150
-0.04878139
0.15017644
0.04820082
-0.04456934
0.02909615
0.03029009
0.01065261
0.00613434
-0.01851028
-0.11065542
-0.13524982
0.00632022
0.04057732
-0.05761337
-0.02018302
-0.02266077
-0.04380021
-0.34771994
-0.04526432
-0.06013460
-0.14777343
-0.01829653
-0.02923671
-0.00805911
0.01483257
-0.18898799
-0.04390017
-0.17116159
-0.03620369
-0.02932462
-0.02028838
-0.07057180
-0.04825073
-0.44041970
-0.09841518
-0.05648345
-0.24445136
-0.01630399
-0.08613244
-0.03346321
-0.05213459
-0.01383376
-0.02921838
-0.16298348
-0.01320410
-0.07433578
-0.01961849
-0.05182498
-0.01314207
-0.01874737
-0.08629631
-0.05624127
-0.15466624
-0.02129028
0.01575108
0.00294602
-0.16957815
0.17277007
0.00796783
0.01388009
-0.06187950
0.02821964
-0.04373267
-0.07146031
-0.13846685
0.13039610
-0.03728713
0.01737025
-0.11723470
-0.00775430
0.06592429
-0.00657368
-0.06073973
-0.11745001
-0.10206445
0.11693756
-0.01451539
0.03518600
-0.01593780
0.06453712
-0.11155379
-0.12811947
0.04571750
-0.02671080
-0.12143399
0.05205943
-0.05014569
0.00476829
0.07489217
-0.18753693
-0.05271876
-0.12170426
-0.00818413
-0.02325443
0.03374978
-0.00482280
-0.12163861
-0.45284414
-0.13504311
0.00085411
-0.20026660
-0.01921491
-0.12196288
-0.06454606
-0.04184737
-0.08243876
-0.01688936
-0.22914937
0.00800671
-0.09523910
0.02010030
-0.05190484
-0.00990867
-0.16391020
-0.16795400
-0.02160642
-0.26202998
0.02348205
-0.11340818
-0.03468412
-0.13468882
0.09006277
0.03371615
-0.14380264
0.01636793
-0.00844445
-0.02665890
-0.10075572
0.02163055
0.23635180
-0.21952727
0.02777482
-0.12513277
0.02176835
0.00330761
-0.00773674
-0.14417057
0.06353123
-0.03199991
0.11549565
0.02817428
0.05469845
-0.04329035
0.04817126
-0.16169187
0.11943129
0.11169440
-0.06735811
-0.11979030
0.05174359
0.01910265
0.05327877
0.09413679
-0.10360106
-0.08842789
0.14991739
-0.03259382
-0.00798832
0.00332808
-0.06743014
-0.08484755
-0.48264211
-0.09269794
-0.01084876
-0.28711498
0.03326809
-0.10183465
-0.10161893
0.07446229
-0.10020148
-0.00279869
-0.25125581
-0.00781118
-0.03558654
0.04071850
-0.05224236
-0.06460557
-0.42837027
-0.15387900
0.01213871
-0.36950001
0.03634019
-0.14165221
-0.09919231
-0.05054716
0.07202118
0.01895349
-0.14692760
-0.03448654
-0.07854202
0.02598450
-0.06468756
0.02437376
0.08630691
-0.14160733
-0.00548329
-0.18200515
-0.06279004
-0.07414469
-0.02484423
-0.08316478
0.17554167
-0.06119852
-0.07971751
-0.00498529
0.03788648
-0.00303620
-0.06770808
-0.06640817
0.25580847
-0.07969414
-0.01370936
-0.11115415
-0.03226023
0.07590725
-0.00730686
-0.13604555
-0.07907847
-0.10265742
-0.03886167
-0.02314086
0.02853138
0.00666635
0.09988414
-0.12530616
-0.17817822
0.14713454
-0.00006209
-0.24580376
0.02024656
-0.05790616
-0.00533000
0.20218337
-0.17008944
-0.04464105
-0.06709315
-0.03155879
-0.08637752
-0.01399863
-0.05924824
-0.12601383
-0.38608974
-0.18667342
-0.07816006
-0.32697332
0.01642136
-0.15559538
-0.08695064
-0.07086132
-0.06622649
0.07006996
-0.20612960
-0.04260526
-0.02569161
0.01879627
-0.08069121
-0.05464607
0.10277108
-0.18260053
-0.02276564
-0.25675929
0.04266530
-0.11462919
-0.12539382
-0.02162069
0.15182783
-0.04836760
-0.04071805
-0.04597992
0.00787671
0.03077633
-0.11146903
0.01071327
0.28083193
-0.18994741
0.02986024
-0.04075534
0.01052115
-0.01409941
-0.00765498
-0.15994748
0.07725073
-0.10578132
-0.13617304
0.03287283
-0.00035984
-0.01634942
0.07810496
-0.12072864
-0.01878693
0.17463940
-0.03765047
-0.05856188
0.01626881
0.05880781
0.04828728
0.10634542
-0.18607190
-0.09142574
0.08557821
0.03820956
-0.00586247
-0.01721630
-0.05228322
-0.08627035
-0.41108429
-0.08817770
-0.05321770
-0.03460359
0.05194094
-0.01716941
-0.01501966
0.01433675
-0.09155738
0.02150993
-0.17528446
0.01798147
-0.01420411
0.02677235
-0.12354052
-0.09141645
-0.24714731
-0.13385290
-0.08911394
-0.23589309
-0.02460852
-0.14472136
-0.04509103
-0.14127582
0.04340052
0.00991554
-0.18495116
0.00396499
-0.04726988
0.00078860
-0.04216459
-0.04372675
-0.16839127
-0.07612836
-0.01613976
0.03969381
0.05002284
-0.03142593
-0.00450764
-0.00491711
-0.05736612
-0.04644238
-0.14956799
0.01755318
0.03852160
0.04183627
-0.00611490
0.05382845
0.04708471
-0.01017302
0.00587444
0.02985918
0.00136603
0.02692733
-0.04362025
-0.00519086
-0.00158080
-0.03234905
-0.02235147
-0.03676739
0.04065777
-0.02391719
0.00211956
0.03328874
0.14165309
-0.07297707
-0.00158424
0.03159363
-0.04885719
0.04816789
-0.05285642
0.00794654
-0.02171583
-0.07083040
0.03164363
-0.02606554
-0.00962947
-0.03430281
0.05264606
0.00315258
0.06086676
-0.04696087
0.01148786
-0.03973509
0.02357486
0.02011113
-0.05290755
0.02459905
0.01300636
-0.04833576
-0.02572416
0.04101749
-0.05124097
-0.03569000
0.01158751
0.04394926
-0.13329081
-0.01071139
0.00283630
0.01021843
0.04706860
-0.05489675
-0.02636845
-0.06051106
0.02037611
0.01677372
-0.05423352
-0.04070282
0.02202376
-0.00559356
-0.00420636
0.00896936
-0.20901081
0.01655768
-0.03636537
-0.08056802
0.01314544
-0.01992477
-0.05849110
0.01716091
0.03816069
0.01194358
-0.08857615
0.04333442
0.00715816
-0.03612723
-0.03231980
0.07807189
-0.10295586
-0.05165186
0.01534691
0.03448810
-0.00460814
-0.02134885
-0.04495437
0.01444872
0.01273303
-0.02181173
-0.01475661
-0.00358470
-0.01973782
-0.01739488
0.03517342
0.03680101
-0.02288190
-0.02919909
0.00360847
0.05127199
-0.03256456
0.05335110
-0.03700442
-0.00049509
-0.04877030
0.00275581
-0.03118674
0.02044468
0.05262891
-0.02800308
0.03993603
-0.02857860
-0.15447862
0.00912829
0.00884861
-0.04569082
-0.04131410
0.04232675
-0.04558936
0.04201110
0.01001257
-0.05200193
0.01055145
0.00282120
0.03904077
0.03345774
-0.05477012
0.04969806
-0.07308345
-0.02025648
-0.06813704
-0.03503038
0.03658345
0.03214216
0.02110596
0.02683607
0.00063852
-0.02454946
-0.03374982
-0.02975613
-0.03490787
0.00013981
0.04785928
0.03910215
-0.04831041
-0.04130904
0.01190748
-0.00035461
0.02663627
-0.00996909
-0.03630826
-0.00661416
0.06402113
-0.02948491
-0.01225375
0.04737809
-0.06092466
-0.00471626
-0.00410701
-0.02361791
-0.03917712
-0.00846704
-0.02133769
-0.00216122
0.00944160
-0.04638275
-0.01720168
0.00159342
0.00855978
-0.03698209
0.00488910
0.03264190
-0.01201993
0.00093152
0.00921682
-0.01551192
-0.10615952
-0.02421452
-0.01808745
-0.01168307
0.00351515
-0.01887235
-0.04964756
0.01292996
0.03371167
-0.01783630
-0.00215274
0.04740423
-0.00316191
0.01818319
0.02670833
0.01056728
-0.03653276
-0.07827288
-0.04400881
-0.10666189
-0.04400966
0.02914464
-0.02452298
-0.04028866
-0.00639211
0.02107727
-0.07689956
-0.01731419
0.01677681
-0.03000863
-0.04470958
-0.02959592
-0.09291504
0.01592053
0.00938326
-0.03835519
-0.00338428
0.02303291
-0.01535159
-0.00406766
-0.04511081
-0.04714485
-0.02940762
0.03442021
0.02595853
0.02306770
0.01405679
0.02214263
-0.01158931
-0.00833295
-0.00503945
0.02447823
-0.01053632
0.02521025
0.01760167
-0.06448027
-0.03736655
0.02609292
-0.00016330
-0.01339475
0.04325509
-0.04745212
-0.00749675
-0.01411303
-0.09624045
-0.05937491
-0.05741247
-0.08426862
-0.04168518
-0.03456414
0.00117250
0.03033791
-0.02122506
-0.00755611
-0.00106712
0.00062786
-0.03470970
0.04497959
-0.02121131
-0.04074939
-0.14285876
-0.04639752
-0.00323795
-0.05724255
0.05156825
0.01482126
-0.04780053
0.00185742
-0.01590923
-0.03016170
-0.08249426
-0.02230404
-0.00827773
0.04870053
0.01596424
0.04661280
-0.12915918
-0.00729840
-0.01010307
0.01159839
-0.00132848
-0.03443266
0.00639003
0.01570183
-0.03189956
-0.02474731
-0.05869502
0.02024493
0.01637364
-0.00072298
0.04084590
0.02863054
-0.11083142
-0.06340799
-0.03135504
-0.06211774
0.04943806
-0.00681656
-0.04496880
-0.04576460
0.03153228
-0.04927909
-0.09579629
0.00984819
0.00830464
0.01098804
-0.03648308
-0.05955151
-0.05143138
-0.03709249
-0.00106148
-0.05813122
-0.03563349
-0.04328596
0.01013980
0.03527180
-0.03802335
-0.04398216
-0.04468118
0.00032668
0.04561523
-0.02873286
-0.01044745
-0.00254015
-0.10934531
0.02365725
0.01714871
-0.07711022
-0.01874595
0.00266041
-0.04704781
-0.04325244
0.02103444
0.01300232
0.01160465
-0.04818846
-0.03468667
-0.00886050
-0.02485295
0.03283378
-0.13828823
-0.00297847
0.01041515
-0.06167095
0.05043627
0.02528808
-0.05588695
-0.01904287
0.00434465
-0.02052531
-0.07341763
0.00259824
-0.02086981
-0.00446523
-0.05894260
0.03690678
-0.10351004
-0.06813804
0.00804344
-0.07810827
0.03161883
0.02506217
-0.04582614
-0.04906176
-0.01781144
0.03432258
-0.02850026
-0.02425814
0.02691532
-0.01639575
-0.00589108
-0.03611905
-0.06589366
0.00112174
0.01266123
-0.01285708
-0.00204681
-0.06181068
-0.00946133
0.02224135
-0.03624175
-0.05418086
-0.00439223
0.03835969
-0.03231821
0.00662004
0.03287231
0.00796051
-0.03600478
-0.00184698
-0.01663949
0.00174386
-0.02179726
-0.03473881
0.05433439
0.07099791
0.02032312
-0.08555140
-0.16511853
-0.01852288
-0.00720052
0.00295311
-0.03765884
-0.01891934
-0.02192278
-0.00587808
0.01872350
0.00110257
-0.05205353
0.00036431
0.01148263
-0.05564879
-0.00757946
-0.02332285
-0.29526559
0.04720232
-0.00920085
-0.00001960
-0.04343059
-0.02323110
-0.05195151
0.01701278
-0.04893319
-0.09140586
-0.04143283
0.00827822
0.00874928
0.03134769
-0.03255695
0.03295172
-0.15103367
0.05487574
-0.01820916
0.03164596
0.00873111
-0.02690045
-0.05576368
-0.07726844
-0.05898743
-0.15479557
0.00452186
-0.07376015
0.01032856
-0.10599558
-0.03412747
0.07274178
-0.20828022
0.01672321
0.01571541
-0.00063346
-0.01594563
-0.00801391
0.04400074
0.10795392
0.03670142
0.04142843
-0.05643280
0.03743494
0.04058179
-0.05404002
-0.03581494
0.01094379
-0.10605843
0.04604084
0.02764285
-0.03985109
-0.01136970
0.01514577
-0.09143631
-0.07191515
0.05944216
0.03742508
0.01637211
-0.01555283
-0.00397056
0.02132511
-0.09419668
-0.04639797
-0.07598305
-0.03546434
-0.01146919
-0.02246571
-0.01318066
0.03445370
-0.20451437
-0.10856157
0.02245051
-0.03989157
-0.00935013
-0.04050457
-0.00095029
-0.05958094
-0.06878272
-0.00335091
-0.19457100
-0.02626570
-0.03552664
0.03571948
-0.06358059
0.00202301
-0.15096523
-0.12183445
0.09685685
0.11215396
0.02893952
-0.01765752
-0.02740798
-0.13730046
-0.05709230
-0.00750780
-0.16956519
0.03746030
0.00294107
-0.04756219
-0.01716687
-0.06505317
-0.12941137
-0.00646326
0.11414123
0.17525156
-0.00435219
-0.03497361
0.02414517
-0.04519529
-0.05489100
-0.05175177
-0.15286350
-0.01062621
0.06281134
0.04605880
0.03468115
0.00350112
-0.06226417
0.12034009
0.11287652
0.09748655
-0.03584365
0.03659442
0.07510608
0.11026364
0.03645984
-0.06936789
0.00540715
-0.03335090
-0.01032135
0.01586549
-0.05242024
-0.07381237
-0.25205863
-0.03436194
-0.05729458
-0.01209027
-0.00158525
-0.04458088
0.01823850
-0.02688869
-0.12594971
0.02441783
0.04946572
-0.00295312
0.00882048
0.03356875
-0.05614803
-0.08731343
-0.34866557
-0.16033405
0.04573152
0.01201796
-0.02236672
-0.13198504
-0.04135032
-0.16643927
-0.05411741
-0.02489546
-0.06680191
-0.04140779
-0.06215761
-0.05022887
-0.07176269
-0.05593733
-0.26383227
-0.08155687
0.00813974
0.08057543
0.04270411
-0.10128762
-0.04257783
-0.09955348
-0.10381750
-0.04146350
-0.16368464
-0.03721873
0.01485686
-0.01591518
-0.05234949
-0.14163975
-0.25267866
-0.10727117
0.11936455
0.08441358
-0.02054775
-0.04565739
0.01673857
-0.05574483
-0.07092620
-0.07153411
-0.28537521
0.00426498
0.04420602
0.01472097
-0.04507957
-0.07220675
-0.30249223
-0.02716025
0.14296043
0.11410548
0.00809920
-0.01664523
-0.00956121
-0.05576601
-0.09008000
0.00610113
-0.32438856
0.01022975
-0.07582780
0.01143815
-0.03065617
0.03602069
0.08607187
-0.11039088
-0.00894074
-0.03080549
-0.01766050
-0.02028014
-0.03856809
-0.05159427
0.16290285
0.13287063
0.36442608
0.00714306
-0.03901490
-0.03270160
-0.06771430
-0.07831760
-0.12439067
-0.18180116
-0.05390115
-0.10478082
-0.05663695
-0.14320168
-0.02653087
-0.07683726
0.05252825
0.11514470
0.34243646
-0.00583871
-0.08615640
-0.03830491
-0.09590679
-0.04765647
-0.14099936
-0.22685218
-0.00902787
-0.11709277
-0.02846351
-0.10250954
-0.10370758
-0.16167557
-0.00890068
0.12231437
0.14397684
0.03790713
-0.07606104
0.02846391
-0.05576890
-0.07584704
-0.21179989
-0.24081340
-0.01630604
-0.15514636
-0.03337192
-0.13921705
-0.03192951
-0.16741879
-0.02925924
0.10292069
0.07702770
-0.01452843
-0.06990710
0.02297755
-0.11597272
-0.08026702
-0.22569738
-0.21478365
0.04714431
-0.06632745
0.01107364
-0.10346762
-0.05080130
-0.13622162
-0.05540568
0.11577623
-0.14564246
-0.02269280
-0.07806368
0.00265804
-0.05491880
0.08639713
0.20784461
0.02162709
0.08284660
0.35326171
-0.05224171
0.00179185
0.01853471
-0.07177538
0.02908726
0.02696428
0.04230775
-0.00870167
-0.06588878
0.03852992
0.02438415
0.03624513
0.14363964
0.07892980
0.01641102
-0.04867003
-0.03118415
-0.00868997
-0.00988684
-0.01517407
0.11285423
0.01386020
0.48313075
0.03319917
-0.09276649
0.00133456
-0.06090594
0.03673370
0.20518716
-0.01405113
-0.03713592
-0.05534657
-0.06711251
-0.07874145
-0.02360294
-0.08108665
0.08772454
0.07208521
0.26031837
-0.04164682
-0.12399738
-0.03983896
-0.04962072
0.00372111
0.14699949
-0.06946614
-0.05805609
-0.11318290
-0.02689192
-0.09856350
-0.07598673
-0.01573040
0.01382312
0.00481678
0.25030652
0.01877331
-0.13178885
0.04594198
-0.06838652
-0.06703822
0.20519479
-0.14306700
0.03756552
-0.04642939
-0.03652002
-0.13033296
-0.07659987
-0.13269830
0.01090788
0.04455915
0.03225253
0.01311937
-0.05118240
-0.02912896
-0.04165733
-0.02073539
-0.15091144
0.04024740
-0.01875644
-0.07179058
-0.05314709
-0.03125292
0.01064367
0.03761732
-0.06455591
-0.04144845
-0.05473820
0.02404733
-0.03593039
-0.01952216
0.01845920
-0.01572169
-0.03367299
-0.07215956
-0.04809266
-0.02125892
-0.00021392
-0.04638691
0.01509548
-0.01576874
0.00693431
0.04392296
-0.02907615
-0.02658499
-0.01438407
0.03821824
-0.00961749
0.02195066
0.00009421
0.04249353
-0.01499386
-0.09360542
0.01958329
0.00780908
0.02453453
-0.00151019
-0.00634631
0.01085614
0.10135939
0.01443417
-0.02077245
0.00528842
0.02472668
0.00727801
-0.09190650
0.03788077
-0.03961633
-0.01187069
0.02768508
0.01808740
-0.02227766
0.01697833
-0.06925435
-0.02433251
0.07252922
0.02538599
-0.01038712
0.00371470
-0.04306876
-0.08648416
-0.16530095
-0.05498767
-0.05128459
-0.04013844
-0.01564918
-0.04617910
0.03707954
-0.01082799
-0.02083961
-0.01582773
-0.05478488
0.04377318
-0.02360100
-0.03291772
0.00931069
0.00129693
0.03491323
-0.00813675
-0.02607295
-0.18693540
0.02736749
-0.00111813
0.00509899
-0.03935348
0.05484385
-0.04199615
0.14419526
-0.03988877
-0.04991121
-0.05251726
-0.02599890
-0.04091486
0.08973371
0.00896636
-0.02961155
0.01440755
0.01744922
-0.01945573
0.01149058
0.03815580
0.02675539
0.01972151
0.01218791
-0.02287186
0.01141676
-0.04341742
0.01185914
-0.07486499
0.07641868
-0.05609081
-0.04071873
0.08105198
-0.03705078
0.03141083
0.04330854
0.01629044
0.05932711
-0.03019151
0.10308328
-0.01767007
-0.04721869
-0.03257941
-0.02561896
-0.03265070
-0.03043938
0.01399507
-0.01382225
-0.06235823
0.02486600
-0.00565688
0.06897450
0.02556221
0.00754063
0.01583918
0.10051876
-0.02304498
-0.05829914
0.01002793
0.02607757
-0.07864282
-0.18580759
-0.03815079
0.00127401
-0.09964656
-0.02590079
-0.02993619
-0.04071641
-0.03912518
-0.00602146
0.02543794
-0.11172085
0.03127491
-0.02158604
-0.03702244
-0.03584668
-0.08640538
-0.05735165
0.02598398
-0.03192432
0.10686096
0.02408679
0.10109384
0.00074317
0.01745989
-0.06513908
-0.08838174
-0.08593238
0.02774718
0.04439377
0.01112949
-0.02708800
-0.00927502
0.04357270
0.03839348
0.00364627
0.09148825
0.01243395
0.07453323
-0.00081801
-0.02611264
-0.05643836
-0.04082993
-0.09250376
0.01541481
-0.05120647
-0.02448079
0.00082992
0.02796478
0.06800934
-0.03664695
0.01149168
0.25269696
-0.00358878
0.00189964
0.03129902
-0.09435292
-0.05440131
-0.02136187
-0.17869206
0.00851316
0.02116130
-0.00556388
-0.00158128
-0.02070305
0.13292976
0.04784886
0.00236489
0.15622385
-0.01330096
-0.04026829
0.05899382
0.04870581
-0.00866135
-0.10916223
-0.07868626
0.03173904
0.02321883
0.02062595
-0.00257814
-0.10390598
-0.11675039
0.05465523
0.03493029
0.03794814
-0.04012155
-0.07455309
0.02857986
0.07294749
-0.07172776
-0.00308713
-0.12598470
-0.03835068
0.00164201
0.04325803
-0.02656732
-0.02016429
-0.23151784
-0.04020764
-0.01005666
-0.08158820
0.03626926
0.02605310
0.01811912
-0.02364226
-0.05260284
-0.07471438
-0.16621260
-0.00429474
0.02802277
0.02117981
-0.07412075
-0.05169336
-0.16074371
-0.08499311
0.02533478
-0.09701855
0.01060084
0.04249864
0.04207198
-0.06477389
0.00736658
-0.00526082
-0.09421740
-0.01653539
0.00307789
0.04066981
-0.06136693
0.00221248
-0.11559661
-0.06773337
-0.04776786
-0.09703645
-0.00236895
-0.06057880
-0.06260190
-0.08826569
0.00830840
-0.00446819
-0.18171979
0.02515014
-0.01763532
0.03169132
0.00689422
-0.05353603
-0.02408495
0.04408112
0.02453451
-0.10423306
-0.04368934
0.03288513
0.00652342
0.05081603
0.02969412
0.00415144
0.03258896
0.03391375
-0.06782780
0.03703589
0.00880575
0.00268207
-0.07119531
0.05206860
0.00857506
-0.20768178
-0.00424289
-0.05200467
-0.03948346
0.02485979
-0.01549645
-0.03441633
0.10553899
-0.03091095
0.03678545
0.00880157
0.00163873
-0.00411922
-0.20308498
-0.05440329
-0.00472043
-0.10203284
-0.05504833
-0.03418146
-0.03167782
-0.07603508
-0.04828912
-0.06596150
-0.09149487
0.01516398
0.02040126
0.03132820
-0.06134990
-0.05725668
-0.12977175
-0.09826146
-0.00240138
-0.04984732
0.00616453
-0.00645376
-0.06355307
-0.06777170
0.01954869
-0.04639519
-0.16544297
0.00339522
-0.04430521
0.00831135
-0.00066977
-0.04764018
0.04347115
-0.07082166
0.00515011
-0.19162831
-0.02739779
-0.06358093
0.02875088
-0.06691245
-0.02841092
0.00109365
-0.13829900
0.01580936
-0.07770376
-0.00360445
0.05506779
-0.01573487
0.07268086
0.13048723
0.04501215
-0.06712928
-0.00005858
-0.01411535
-0.04438777
0.04740386
0.01283020
-0.01994735
0.04687518
0.01138882
-0.05041901
-0.03436317
0.04931533
-0.07335207
-0.16045171
0.05208138
0.04227459
-0.05561479
-0.03768069
-0.02200458
-0.02320387
0.07195432
0.01612148
0.02416529
-0.00293399
0.01316181
0.02045340
-0.04850831
-0.03918635
-0.02418311
-0.32684630
-0.04143947
-0.02074940
-0.09304537
-0.07090756
0.02555265
-0.01255408
-0.00813718
0.01114557
-0.02204233
-0.07839682
0.02093091
0.00586292
-0.03026929
-0.01632657
0.03802411
-0.07031790
-0.00100261
0.08689792
0.02505145
-0.02651544
0.04012344
0.02763934
-0.05525785
-0.00442799
-0.03535718
-0.10037228
0.02375733
-0.07569345
0.01701656
-0.01542493
0.08502296
0.06043579
0.08325326
0.01522547
-0.03482979
-0.06891465
0.02362815
-0.00350330
-0.05264578
-0.04262476
-0.06034605
0.06189654
0.00702210
-0.02282551
0.02734115
0.01641564
0.20738287
-0.11128230
0.03065273
-0.02279256
-0.07514670
-0.05060392
-0.01541637
-0.02384045
-0.00656017
0.07041353
-0.03424698
0.04389320
-0.04508784
-0.03832576
0.03697464
0.04995021
0.00602556
0.04950273
0.11124436
-0.07429612
-0.10973161
0.00302459
0.05941187
-0.00495664
0.10490636
-0.02297284
-0.03566480
0.22197384
0.01604464
0.02742123
0.01131531
-0.00929685
0.01151653
-0.17720880
-0.00028696
0.01102207
-0.13659091
-0.04925920
-0.00379429
0.01037762
-0.02776519
-0.02740909
0.02841913
-0.08134105
-0.04556026
0.04012328
0.04196415
0.03197274
0.02870457
-0.01935916
-0.00112789
0.07028551
0.05129063
0.00316834
0.01420717
0.03887531
0.00698586
-0.04491431
-0.05058680
-0.12726057
-0.00667165
0.03431435
0.01858574
0.02393913
0.05533536
-0.13282862
0.02728353
0.08557325
0.25017866
-0.01681554
0.01144900
0.04697167
-0.07203386
-0.07163544
-0.04955378
-0.09117551
0.03416004
-0.03504564
-0.01576705
-0.03214307
0.07921828
0.07337672
-0.07396363
0.08071283
0.31487826
-0.04137180
-0.04642713
-0.02911770
-0.06628828
-0.01991516
-0.00776836
0.02086820
0.02703672
-0.00732504
0.03583560
-0.00644478
0.06782389
-0.01148422
0.04890876
0.00399495
0.27397272
-0.05771346
-0.03709777
0.00872924
0.02656041
-0.06557892
-0.06167866
0.22608407
0.03876313
0.02886743
-0.00823041
0.03242737
-0.08781241
-0.39711311
0.06691732
0.00144603
-0.09632845
-0.06201440
0.01517363
-0.04727066
0.04748270
-0.11923568
-0.00065785
-0.04896888
-0.00289912
0.05348156
0.00575985
-0.04295868
-0.04293094
-0.34129602
0.00467675
0.00882331
-0.09924577
-0.02965423
0.02751637
0.03926953
-0.03840763
-0.13522939
0.01950559
-0.11045673
-0.01915747
0.04633373
-0.00411764
0.03088450
-0.10412030
-0.56868333
-0.08981844
-0.00045881
-0.04732902
-0.04771895
-0.09216372
0.00991990
-0.02465071
-0.13552114
-0.04032439
-0.20512559
-0.03224162
-0.01736872
-0.04731743
-0.00442803
-0.04242043
-0.25040182
-0.03208017
-0.00805650
0.09921039
-0.05731956
0.02397546
-0.05395823
-0.01350916
-0.06613589
0.01435456
-0.18464950
-0.02564449
0.01112136
0.02813697
-0.01592216
-0.01566335
-0.18021467
-0.05958627
0.04566146
0.19714327
0.02179099
-0.00524949
-0.08545412
-0.02590256
-0.08048718
-0.01420650
-0.08196329
0.03658054
0.01774342
-0.00668389
0.01451642
-0.04114994
-0.26778072
-0.07243337
-0.07176631
-0.11987427
-0.07002942
-0.01092401
-0.01822351
0.03397252
0.00767063
-0.05362561
0.00712667
0.03022127
-0.05043669
-0.01345931
-0.02080241
-0.02269398
-0.34194764
-0.05916069
-0.01604352
-0.18378103
0.01464622
-0.01985445
-0.02894942
-0.02309664
-0.00917499
0.01166252
-0.01169260
-0.00941381
-0.06035209
0.00306831
-0.02193713
-0.03195275
-0.29364657
-0.02102160
-0.01785948
-0.22646087
-0.03023802
-0.03459172
-0.05898302
-0.08896269
0.04160158
0.03947170
0.01695686
-0.00619326
-0.04317312
0.02780160
0.00892422
0.03214975
-0.10646866
-0.07865649
-0.07806320
-0.20940059
-0.03592744
-0.05459039
-0.00680516
-0.03591808
0.02906854
-0.02071130
0.00453033
-0.03134022
-0.05857514
0.03990379
-0.02945727
-0.00872063
-0.09996770
0.04615736
-0.06011750
-0.06648661
-0.08058728
-0.04976245
-0.02770677
-0.04439912
0.01972576
0.03038023
-0.02576511
0.00471780
-0.00832572
0.00283689
0.01484827
0.02647536
-0.08902124
-0.03374111
-0.04831735
0.02663573
-0.02618519
-0.00785718
-0.01436893
-0.01525807
-0.01091376
0.00374505
0.02391754
0.01323090
-0.06094907
0.01835031
-0.07779440
0.08211896
-0.07915597
-0.00587792
-0.00223704
-0.00583693
-0.07837864
0.01894692
0.01977707
-0.06886918
0.06548328
0.00228393
0.07116967
0.04283102
-0.03879315
-0.01691332
-0.07153799
-0.00661064
-0.00982741
0.09822333
-0.03103446
0.01723698
-0.04126389
-0.00085574
0.01452781
-0.02256149
0.08212414
0.03029184
0.05962821
0.00190043
0.03199457
0.03108560
0.03636585
0.04128680
-0.02469257
0.13272500
-0.03590565
0.07210845
-0.00996892
0.07835530
-0.00856314
0.01981553
-0.08005188
-0.03088129
-0.12031278
-0.05276323
0.01732790
0.00893466
0.00350214
-0.10515530
-0.30314156
0.17524301
-0.06212989
0.07161868
-0.01614854
0.04729678
0.03926034
0.09221102
-0.16792516
-0.05782739
-0.21263647
-0.03909147
0.00179187
-0.01186225
-0.04405266
-0.02508533
-0.03885238
-0.01364813
-0.05493237
-0.02718838
-0.07712290
0.04055060
0.00257516
-0.04695594
0.01210043
0.00831880
-0.03354935
-0.03643369
0.01424166
-0.00259690
0.02836026
0.02174372
-0.11131480
-0.01574648
-0.00719246
0.00897451
-0.03068810
-0.00316489
0.02698064
-0.01748030
0.01894590
0.03808454
-0.06482027
-0.02109927
-0.03899949
-0.02052000
-0.00990682
0.02685361
-0.10707867
0.03344090
-0.04750603
-0.00479838
-0.01799894
-0.02701993
0.00970954
-0.06213605
0.01440147
-0.03468168
-0.00302503
0.02718731
-0.01203281
-0.03505196
0.01314133
-0.00119434
-0.17773765
-0.05993280
0.03306632
-0.07985757
-0.04885229
-0.04987117
-0.02802268
-0.05313004
-0.03492281
-0.01049410
-0.02712284
0.03269825
-0.02981384
-0.00073293
-0.04336509
0.05786515
-0.12621136
-0.02723780
-0.00414229
-0.07235520
-0.00985093
-0.03822024
0.01793146
-0.02339697
0.00903227
-0.05643765
-0.02644259
0.04917883
0.03245323
-0.03019264
-0.00548839
-0.02280244
-0.08409111
-0.03101240
0.04049580
0.01845938
-0.02498548
-0.03456721
-0.05894751
-0.01766169
-0.02206098
0.01766288
-0.02578786
0.03941061
-0.06530697
-0.04630370
0.01401088
0.07306499
0.02045306
0.02615330
0.03334930
0.02595954
-0.03905649
0.02282982
0.01637694
0.02176128
-0.04440010
0.00623291
-0.02835959
0.00809508
-0.04211653
-0.00411055
0.02028668
0.02913513
0.02488440
0.03020283
0.04768447
-0.02585863
-0.06701077
-0.04043182
0.02536960
-0.03975367
-0.05053705
-0.03001099
0.08724432
0.03484616
-0.06064238
-0.00495875
0.01490435
0.00405873
-0.01424438
-0.01407077
0.00211278
-0.05431399
-0.02124680
-0.06374814
0.03460639
-0.02131210
-0.05198314
-0.03228419
0.03987823
0.04836836
0.02787324
-0.03788496
0.00945378
0.00605660
-0.05523542
0.00419851
0.01838911
0.06535672
-0.03116050
-0.03331838
-0.04160595
-0.01461080
-0.09138711
-0.01657373
-0.03446950
-0.01029327
0.01493619
-0.04118311
-0.05289194
-0.00183101
-0.07580215
0.02946634
-0.00001417
0.00675547
-0.08049998
0.04379124
0.00183356
-0.05587632
-0.09463836
-0.00618127
-0.02738857
-0.00616300
-0.02535125
0.03019391
0.02552019
-0.03558568
-0.17995399
-0.02774102
-0.01451185
0.01714781
-0.00348162
-0.01201969
0.03472468
-0.04198616
-0.10030996
-0.03366853
-0.03334875
0.03393529
0.00891052
0.02558547
0.03221991
-0.03977089
-0.22054683
-0.02734022
0.04661373
0.06788357
-0.00910194
0.03082663
0.01877725
-0.02317639
-0.09202441
-0.01529106
-0.04273546
-0.00570292
-0.02321094
0.03904280
-0.01342570
-0.07730250
-0.20426056
0.01301293
-0.06459218
-0.00656389
0.01838542
-0.01067335
-0.04286651
-0.05482707
-0.07023735
-0.01381087
-0.10733837
0.00998462
0.00615461
0.05008329
-0.02967405
-0.08716910
-0.29599741
-0.02523006
-0.06774934
-0.02597257
-0.06241025
-0.01413230
-0.04156370
-0.02851900
-0.04996340
0.01137656
-0.13991277
0.04503484
-0.04794716
0.00803209
0.00548132
-0.02304370
-0.07975840
-0.01091088
-0.01005806
0.00013070
0.01935121
-0.00495850
0.03250388
-0.01459540
-0.09381506
-0.05608291
-0.02712451
0.03272048
-0.03676033
0.03913420
0.01955844
-0.02423030
-0.15166369
-0.07725888
-0.02233847
-0.06961996
-0.05786334
-0.03010082
-0.04363299
-0.03852933
-0.03290252
-0.05785118
-0.06854634
0.03917493
-0.05332977
0.00782156
-0.01609554
-0.01477453
-0.22425576
-0.08028173
-0.07038932
-0.11498859
0.03210740
-0.03918125
-0.05287894
0.02403504
-0.06448648
0.03466161
-0.06081375
-0.00707467
-0.04695247
-0.00281527
0.01473244
-0.03016072
-0.30997154
-0.04054459
-0.08840529
-0.11870120
-0.01001571
-0.07236819
-0.00010919
-0.05217795
-0.04968350
-0.00855076
-0.12166728
-0.03767088
-0.00027973
-0.00128649
0.03805836
-0.08970413
-0.26690671
-0.05322757
-0.01108697
-0.04549885
-0.02219819
-0.04538303
-0.00775427
-0.05470401
-0.17472389
-0.05631661
-0.15033020
0.04222109
-0.00272506
0.02338315
-0.00555873
-0.06132268
-0.05595259
-0.02730072
-0.06052978
-0.07575128
0.01449877
0.00709501
-0.02441180
0.00008725
-0.04303261
0.04084304
0.01849323
-0.01889396
-0.05056461
0.02669605
0.03512683
0.03019748
-0.11658803
0.01023192
-0.04103790
-0.01548399
0.01379895
-0.04854448
-0.03125558
-0.07115269
-0.05320288
-0.01918440
-0.00257122
-0.00414684
-0.02692860
-0.01342770
-0.02472225
-0.02790174
-0.18985330
-0.06268230
-0.08684444
-0.11836480
0.00860048
0.02079741
-0.03070838
-0.04795268
-0.02530456
-0.01673056
-0.01809630
0.03178956
-0.03293485
-0.02336865
0.02872952
0.00175127
-0.15972923
-0.02272994
-0.07955725
-0.11307885
-0.07557539
-0.05393888
-0.05273177
0.01959863
-0.06044531
-0.01166303
-0.01306733
-0.01431748
0.03068601
0.01579196
-0.05643907
-0.03387723
-0.09295897
0.03915149
-0.01576852
-0.07739951
-0.00743923
0.02348530
-0.04948063
0.00910856
-0.05266409
0.05080101
-0.04626721
0.03757033
-0.04482841
-0.03409524
-0.02000554
-0.06720001
-0.21303132
-0.03427892
-0.03449826
-0.04112900
0.02189998
0.04168690
-0.00867086
-0.01974807
-0.05807656
-0.01610652
-0.05181636
0.02581756
0.02033602
0.02136450
0.02694661
0.02358701
-0.13259842
-0.04789313
-0.01788327
-0.06359562
0.00490946
-0.00075345
-0.05394677
-0.02843513
-0.00038156
-0.00512788
-0.06620770
0.00967972
0.05007764
-0.03897449
0.02155185
-0.02520241
-0.05824465
0.02770180
-0.04410266
0.03024975
-0.02165584
0.05493290
0.00964902
0.02149187
0.02392028
-0.05846659
-0.07512166
0.01951475
0.00879145
-0.00516035
0.03309934
0.03682987
-0.02966357
-0.00736597
0.01033706
0.09814674
0.03624750
0.02890496
-0.03612455
-0.00537997
-0.02986237
-0.02219790
-0.05672144
-0.03939385
0.02178125
-0.03996759
0.05683833
-0.00792819
0.10543588
0.04143250
-0.03522755
0.09531485
0.02766952
0.06029134
0.03796558
0.07316837
-0.03675370
-0.03345637
0.07083112
-0.00779708
0.03989981
-0.04023720
-0.04495228
-0.04559703
-0.06226006
-0.05159737
0.01465539
-0.02863909
-0.04214419
-0.02846091
0.03485790
-0.03784210
0.00394024
0.04674483
-0.03105353
-0.00983877
0.03907657
-0.01551944
-0.05291156
0.00875689
-0.00160750
-0.08492473
-0.00417854
-0.00973661
-0.01763119
-0.03707320
0.00673491
-0.01331874
-0.04031834
0.02941011
-0.05715448
-0.04111047
0.00515636
-0.05402006
0.01853834
-0.03432749
-0.04239824
0.00281295
-0.04266468
-0.09114332
0.03275381
-0.03593790
0.02702718
0.01771109
-0.01440102
0.03030890
-0.06287508
-0.04896842
-0.02527137
-0.00659911
-0.06700648
0.01678100
-0.09001423
-0.02880433
0.05904645
-0.04174342
0.04685444
0.03418821
-0.01628247
-0.01360727
-0.01353041
-0.02852273
-0.04561417
-0.01851506
0.01028812
-0.01252402
0.01048699
0.03508889
0.02652321
-0.01201654
0.00553741
0.12459177
-0.02638136
0.01936100
0.00810441
-0.03867462
-0.03317874
0.02777619
0.06172752
-0.02527514
-0.01786633
-0.03783349
-0.04631343
-0.01539612
-0.03717706
-0.05987134
0.01411542
-0.02094744
-0.00118550
-0.00501104
-0.02444031
-0.03117125
-0.02862458
-0.03053918
-0.05949082
0.00318876
0.01151353
0.03705551
0.02951910
0.01314106
0.00341515
-0.05769563
0.01271012
0.00591840
-0.04454107
-0.06052503
-0.04225687
-0.04430073
-0.03119935
0.00078588
-0.00852684
0.01839772
-0.00225179
-0.02421885
0.01443695
0.02666584
0.03709865
-0.05389071
-0.04009967
-0.04214503
-0.04767264
-0.06499019
-0.05704465
-0.00507427
-0.00437695
-0.02302044
0.01281999
-0.00983303
0.03256723
-0.01187230
-0.02860189
-0.00566406
-0.08271368
-0.04294613
0.02435778
0.00040204
-0.01749755
-0.04898994
-0.03913785
-0.04298117
-0.05541678
0.01949248
-0.04361910
0.04651749
0.00769214
-0.00901195
-0.01238534
0.05845186
-0.11819395
-0.05103917
-0.04101794
0.02919779
0.00936938
0.01497086
-0.00451859
-0.03706542
0.01670293
0.02977737
-0.09727509
0.01750338
-0.01337377
-0.04391974
-0.01514895
0.00523583
-0.04047110
-0.03960509
0.02506689
-0.02959314
-0.03215778
-0.00426940
0.01792587
-0.05648862
-0.02325225
0.00646264
-0.03955691
-0.04400265
-0.01681388
0.04184831
-0.03094785
0.03262070
0.02405749
-0.01440790
-0.03278058
-0.00439199
0.04532804
-0.00151936
-0.00349055
-0.01572035
0.00349985
-0.00557393
-0.04419193
-0.01298355
-0.00384904
0.02669761
-0.01183107
-0.05855967
0.03422466
0.01201165
-0.01166006
-0.03936750
0.01104648
-0.01693494
-0.04906489
-0.03166554
0.01353561
0.01758247
-0.06675777
0.00155661
0.05094477
0.04542518
-0.04344029
-0.01660776
-0.02917272
0.04554507
-0.03129054
-0.02068084
-0.00404021
0.00986822
-0.00654203
-0.00041420
0.00133079
0.04216952
-0.07854880
0.02598086
0.00615760
0.00719804
0.00645356
-0.03233853
-0.07303978
-0.05985003
-0.01460944
-0.13078129
0.03364435
-0.03055589
0.00621275
-0.03950047
0.01306888
-0.01578319
-0.04903368
0.00212493
0.01883689
0.01321746
-0.03656332
0.02377689
0.01265766
0.01219355
0.00873656
-0.03702411
-0.04447708
0.02867788
-0.05511487
-0.06644455
0.01072805
0.04640903
0.01273297
0.04944031
0.00591739
0.01059960
-0.06236278
-0.03166045
0.00205856
0.00543586
0.03483970
-0.00925464
0.02678583
0.02302309
0.02418592
-0.03472495
0.02924430
-0.04319754
-0.08132239
0.00661779
0.01161053
-0.02565364
-0.04495215
-0.03641312
-0.04650479
0.02075705
-0.03811885
-0.03165097
-0.02611265
-0.03269315
0.03275825
0.02563963
0.01480193
0.04137251
-0.09217002
0.02457852
-0.01322944
0.01246398
-0.01520034
-0.04289433
-0.03980524
0.01416388
-0.07092801
-0.05240842
0.04783377
-0.04618064
-0.00515390
0.02485292
-0.02660424
0.03257777
-0.08485266
-0.01521190
0.03881342
0.02707762
0.04316312
-0.01632328
-0.06689490
-0.00575074
-0.00742216
-0.00509165
0.02992339
-0.02770151
-0.00248376
0.01501685
0.00180536
-0.02468552
-0.02405988
0.02306741
-0.02169882
0.01957575
0.04626168
0.03968827
-0.00563267
-0.07976132
0.02859002
-0.02103554
0.03054161
0.02070639
0.01019226
-0.05613150
-0.00643063
0.01338508
0.05630748
-0.00410110
-0.01256682
0.03051324
-0.04123627
0.02133571
-0.07583589
-0.03991006
-0.03798538
-0.00011681
0.00464029
-0.02383934
-0.07903724
-0.02661374
-0.05380868
0.02057169
0.00050412
-0.00360308
0.01408412
0.00716456
-0.03447949
-0.06655324
-0.01541986
-0.02693265
-0.04239042
-0.03298004
-0.00929594
-0.02869543
-0.00973553
0.00881743
-0.00136504
-0.02597925
0.07690480
-0.04344584
0.02742131
0.01852652
0.00456104
-0.02646529
-0.09796282
-0.01484421
-0.02454486
-0.04329000
0.00138206
-0.05846897
-0.07076585
0.01538984
0.03407096
0.02336724
0.00606804
0.00514379
-0.00847297
0.03955542
-0.00183774
-0.05373576
-0.10684377
-0.09567781
-0.01908938
-0.01415487
0.00842098
-0.02469682
-0.00291196
0.00685074
-0.04502364
-0.05523429
-0.07412615
-0.01286632
-0.00046098
-0.04571550
0.02557287
0.01135520
0.00977131
-0.04358857
-0.04749297
0.04878806
0.04488936
0.00274293
0.00461119
0.02360103
-0.03384101
-0.00306404
0.01912927
0.02812564
0.02153374
-0.00475738
-0.03946908
-0.02839299
0.05950655
-0.03535844
0.02099267
-0.03664289
-0.02620188
0.03235264
-0.02210242
0.01842450
0.02197803
0.00795255
0.10197224
0.04291806
0.02660962
-0.00830106
0.01513910
0.01341996
0.08727791
0.00343401
0.04108505
-0.04959884
-0.05285456
-0.02266618
0.01391088
-0.00624022
0.02805981
-0.04009513
0.12079166
0.04595931
-0.04344189
-0.00193057
-0.05234297
-0.04140629
-0.11500024
-0.01724255
-0.02925925
-0.05309750
0.02719994
-0.01094479
0.02436777
-0.00086788
-0.04664972
-0.01473616
-0.00233642
0.00393570
0.01547858
-0.01639225
-0.00911007
-0.02608511
-0.08838421
-0.07999732
-0.03757512
-0.04383530
0.01649321
-0.00275792
-0.02143656
-0.04231206
-0.02183501
0.03538105
0.01695954
0.03246557
-0.00409971
0.04656469
0.03615829
-0.06209273
-0.17724063
0.00515490
0.05277874
0.00782168
0.03535075
-0.01696537
-0.03853531
-0.02099975
0.00996941
-0.05118308
-0.08376521
0.01329553
-0.03192087
0.04756574
-0.03091115
-0.02673821
0.03855983
0.04521740
0.03417450
0.02434844
-0.01631161
0.02335500
0.03948152
-0.00730553
-0.00513162
0.00385538
0.04440859
-0.04418975
0.01149419
0.00968645
0.00819598
-0.02318726
0.06455797
0.01315286
-0.00238079
-0.02212010
-0.01105307
-0.03165254
0.01345538
0.00973187
0.00711340
-0.04286780
0.02762962
0.03423481
-0.00878950
0.04186269
-0.04537671
-0.03277579
-0.06787594
-0.02730043
-0.01423870
-0.07271253
-0.00473928
-0.04202862
0.01414587
-0.02448977
-0.02284890
-0.02914071
-0.07136873
0.00396065
0.03175484
-0.00593784
-0.03562867
-0.02718007
-0.09908484
-0.01187011
0.01529276
-0.06781164
0.01464777
0.00268751
0.01812450
0.02430232
0.01850098
-0.05478450
-0.00369314
0.03779902
-0.05035986
-0.03660337
0.02621766
0.00511040
-0.19390684
-0.01787390
0.03197520
-0.04887851
0.02000109
-0.06736469
-0.01748842
-0.01024944
-0.00160670
-0.06538274
-0.11400906
0.02075922
-0.01973364
-0.02220124
-0.00166257
0.04024562
-0.04978222
-0.04674720
-0.03647059
0.09603841
-0.04520858
0.01503889
0.02284916
0.02784204
0.01410611
-0.01036577
0.06796350
-0.04035462
0.03616769
0.03412477
-0.03145264
0.00527736
0.03849780
-0.00277580
-0.03204663
-0.03115277
0.03424805
0.03841471
0.00369217
0.00623864
-0.03645884
0.03593424
0.09561656
-0.01705145
0.02673842
0.02623451
-0.05033555
-0.03494289
-0.08969946
-0.03167972
-0.03403634
-0.08477043
0.01131015
-0.01047763
-0.05977874
-0.08323874
-0.06646547
0.00079873
-0.08976395
-0.04235164
0.01839370
-0.04583072
-0.03265307
-0.05003057
-0.00599266
0.02819746
-0.03257831
-0.02609199
0.04774855
-0.02996999
-0.00875103
0.01835009
0.00153926
-0.05200757
-0.02758353
0.04340464
0.02582735
-0.04993987
0.03587712
0.03569967
-0.09654676
-0.04073000
0.01904728
-0.01734319
-0.01006516
-0.01093334
-0.02717646
-0.04041931
-0.00819005
0.02809883
-0.01936122
-0.03379704
0.00266794
0.04132114
0.01881240
0.01927447
0.02726760
-0.02023213
0.02604803
0.09492786
-0.05025955
0.01909507
-0.01133088
-0.02981631
0.03047718
-0.00686951
-0.03053180
0.02974539
0.05068840
0.03398723
0.03518472
-0.01488427
-0.01740505
-0.00378305
-0.05214953
0.02679812
-0.00859087
0.01437888
0.00913786
0.07634863
-0.06740290
-0.01762834
0.00281305
-0.03619832
0.01294447
0.03666559
0.00153533
0.01116466
-0.14521958
-0.02665641
-0.02233546
-0.04889721
0.03468983
-0.02008582
-0.06674142
-0.05687603
-0.00229947
-0.00147496
-0.05491104
0.04048795
-0.00779084
0.04564628
0.03140179
-0.02874596
-0.01249817
-0.01614439
-0.02064908
-0.04303787
0.00799033
-0.02601673
-0.01043346
-0.04103177
0.00187102
-0.02795074
-0.01447365
0.03534392
-0.02738620
-0.00702886
-0.03221637
0.04021667
-0.00614796
0.00356288
-0.01397213
-0.02811067
-0.01523757
-0.02927441
-0.03517001
-0.05276335
0.03575917
0.02822539
-0.16665071
-0.02383212
-0.05964070
0.04706778
-0.07131951
0.07241614
0.23535396
-0.06215033
-0.00947432
-0.04555006
0.00968407
-0.03697293
-0.03115124
-0.09848052
0.06624509
-0.00409349
-0.06749067
-0.04217641
-0.01207660
-0.00484416
-0.04058452
0.13404155
0.26339686
0.00228354
-0.00106765
-0.09627129
-0.02162946
-0.01706433
-0.02180169
-0.11639067
0.03555504
-0.07061727
-0.00677636
-0.05068454
0.00799819
0.04050833
0.07364043
0.01189003
0.13471246
0.05943803
-0.05333593
-0.03461701
0.00043544
-0.01457522
-0.07389630
0.08776959
0.05370657
-0.14518352
0.09489125
0.04119742
0.00265984
0.03099997
0.02036610
0.03292440
0.18732013
-0.00089660
0.03817844
0.11505640
-0.01882725
-0.03906466
-0.13422796
0.05656088
0.09593622
-0.13028595
-0.13955006
-0.02075631
0.02565683
-0.02731282
0.04865597
0.08114738
-0.10369468
0.10438535
0.04522858
0.14189762
0.01156843
0.07823008
0.03386118
0.11869202
-0.00474023
0.00199643
-0.00319804
0.01328852
0.00702995
-0.01997363
0.02019035
0.03025900
-0.09013489
-0.03047018
0.13838831
0.36133471
-0.05808192
0.00718785
-0.08901426
0.00126108
-0.06070096
-0.03443904
-0.14174439
-0.00117810
-0.01033297
0.01337441
0.03314479
-0.07213197
-0.09663715
0.05458519
0.07397983
0.37361857
0.05237094
0.03747869
-0.03328658
0.07797536
-0.07447608
0.01212995
-0.23762928
-0.00043720
0.06535941
-0.04144599
0.03582431
-0.09473605
-0.16155024
0.03412675
0.01975334
0.25202581
-0.04084342
0.00051972
-0.08222785
0.03284017
-0.11674000
0.01385185
-0.27523333
-0.02113433
0.07504151
0.05143239
0.02400031
-0.04639382
-0.19852066
-0.05326580
0.07686859
0.40583771
-0.05232495
-0.04176012
-0.09069106
0.07010858
-0.08380303
0.00380203
-0.30552444
-0.01516817
0.02413822
0.02989223
0.03701563
0.00734323
-0.23060450
-0.01825362
-0.00272706
0.33301580
-0.00709042
-0.04876258
-0.08608106
0.05023857
-0.06737325
0.01126284
-0.11536206
-0.00802737
-0.01959320
0.05193611
-0.02566914
-0.05502117
-0.30179277
-0.01731559
0.03076300
0.28184769
0.02534278
-0.04324188
-0.12630810
-0.01476072
-0.01662182
-0.04290229
-0.04853629
-0.04197424
0.02465153
0.00844443
-0.00915754
-0.06169436
-0.31279460
-0.16083547
-0.05629463
0.08462833
0.04823619
-0.11644919
-0.13065784
-0.09781943
-0.08542570
0.01229726
-0.16713533
0.03684203
-0.01021536
0.04987458
-0.02560662
-0.05231176
-0.10244454
-0.28283918
-0.09569442
-0.16983293
-0.01021948
-0.07520587
-0.09479277
-0.10544994
-0.07967532
-0.00660282
-0.31684786
-0.01280723
-0.01218911
0.02370367
-0.09334940
0.02317622
-0.11098430
-0.19815224
-0.07172337
-0.33380333
0.02198042
-0.08195080
-0.03872729
-0.12165053
-0.03060359
0.03239509
-0.26755399
0.03695834
-0.07156529
0.00751713
-0.03930026
0.03203772
-0.12193119
-0.20228863
-0.08956250
-0.20800921
0.00106176
-0.09311107
-0.01342527
-0.07375658
0.02071117
0.08457504
0.00207947
0.00805139
-0.01647022
0.01010475
-0.06761677
0.01495953
-0.14326741
-0.15719163
-0.02774555
-0.25406983
0.01348060
-0.14105730
-0.12681451
-0.01392908
-0.01648296
0.12164053
0.15207782
-0.00277571
-0.02070422
-0.03148634
-0.01508839
-0.00459331
-0.12156232
-0.19664630
-0.03545647
-0.25484410
-0.01004664
-0.00357038
-0.04390255
-0.04657271
0.01317563
0.07122424
-0.00984346
0.01462054
-0.04444584
-0.00945456
-0.11408906
-0.01611753
-0.12782983
-0.25843775
-0.08579923
-0.25732481
-0.03504770
-0.11356529
-0.11724112
-0.18678503
-0.01872498
-0.00044992
-0.13051206
0.03860238
-0.01516534
-0.01166070
-0.05169449
-0.03066635
-0.06126174
-0.14432691
-0.08123603
-0.34100300
-0.00044956
-0.02564475
-0.03157246
-0.15133317
0.03667785
0.03761386
-0.10897693
-0.00807997
-0.03679560
-0.00587505
-0.05696967
0.09769353
0.13832526
-0.06178830
-0.02022240
-0.03464140
-0.02034341
0.00948003
0.07547627
-0.12243768
0.04759163
0.01911285
0.03142875
0.02008639
-0.06043415
0.03117448
-0.05134674
0.01280110
0.05165949
-0.06028877
-0.03739327
-0.14956756
0.03370253
0.05020536
-0.02047825
0.01865968
-0.00540762
0.04747251
0.18267894
-0.01809250
0.03248236
-0.02142268
-0.03124729
0.02902660
-0.03127427
0.00949270
-0.04171280
-0.11313646
0.02024122
0.02428608
0.06117909
0.10709210
0.04621309
0.01505310
0.28835580
-0.02437162
-0.01336891
-0.04300003
-0.05808011
-0.06048163
-0.07994658
-0.17459427
-0.10030854
-0.04086820
-0.00812520
-0.01965603
-0.08519356
-0.23944986
0.01386573
-0.06746040
-0.08327986
-0.02747255
-0.01772519
0.03089303
-0.06314975
-0.06287669
-0.04204524
-0.11375114
-0.01926559
0.01354924
0.00765316
-0.03689525
-0.11765531
-0.08941078
0.04093482
-0.09443390
-0.15138157
0.04372012
-0.02487955
0.00852167
0.04030750
-0.03289551
0.02983144
-0.01785878
0.01887770
-0.00495178
-0.05007461
-0.05827492
0.02114378
0.03780167
-0.02344556
-0.03773902
0.01017135
-0.00188005
-0.03287879
-0.04782226
-0.02699017
-0.04923807
-0.04442767
0.02389506
-0.04346849
-0.02910848
-0.03677494
0.01273242
-0.03107720
-0.02992945
0.02359943
0.02799130
0.01821090
-0.00275555
-0.01608947
0.04409296
0.00255266
-0.01804869
-0.13369864
-0.02375786
0.02394124
0.00246690
0.01498374
-0.06384164
-0.00251842
0.03311287
-0.02939127
-0.04196271
-0.01024618
0.00915661
0.00582982
-0.04065637
0.04077689
-0.03174634
-0.06820739
-0.02830638
-0.00893151
-0.03849895
0.02703531
0.04866888
0.00846840
0.03300769
-0.03666870
-0.01670646
-0.06541062
-0.03603073
0.03896575
0.03952791
0.05155546
0.00727474
0.03171586
0.02810047
-0.02662947
-0.04562762
-0.00088053
-0.03120469
-0.01513947
-0.02014164
0.04860243
0.02970596
0.01751548
0.02115107
-0.02136457
-0.05188291
-0.02139865
0.03555907
-0.03872038
0.00416681
-0.02698647
-0.06397016
0.04205684
-0.04505626
0.01841842
0.00280366
0.00235898
0.01002247
-0.00216768
-0.03394057
0.01400544
-0.00322882
0.04670064
-0.01684687
-0.03369427
0.02130986
0.02463843
-0.05222713
0.01427978
0.02231647
0.04561983
-0.02694927
-0.01052018
0.01018944
-0.05552778
0.00018410
-0.02013054
0.03684445
-0.04482702
0.01687195
-0.16470300
0.03807563
0.02786211
-0.03125124
-0.01808177
-0.01876291
-0.03774280
0.00144660
0.00944199
-0.04047971
-0.06082792
-0.02781200
-0.02590421
-0.03246252
-0.01166918
-0.03227326
-0.07999950
0.02810110
-0.02443065
0.02935750
0.01506787
-0.00057559
-0.02130036
-0.03725720
-0.04681220
0.03633686
0.01797987
-0.04632373
-0.01217862
-0.01411225
-0.01162627
-0.05151716
0.02478169
0.05931470
-0.04560772
-0.02767937
0.03824776
0.02928535
0.01032129
-0.02594521
-0.05704944
-0.04017394
-0.05211528
0.00089848
-0.00788141
0.03383431
0.01273337
0.01483793
-0.01107930
-0.01278319
0.04088123
0.01027452
0.00229531
0.02746310
-0.00641791
-0.05392716
-0.00768744
-0.04661546
-0.03826847
-0.04953469
0.02122944
-0.00227896
0.03743549
-0.06444387
-0.10232833
-0.03356071
-0.04438606
-0.05542397
0.01194524
-0.01249823
-0.04117549
0.00170867
-0.06837633
0.01331952
-0.04215978
0.04099120
-0.03962475
-0.03343546
0.00352686
-0.05063528
-0.08375047
-0.05050641
-0.00684038
-0.01313509
0.01372571
0.00567506
-0.02752607
0.00463026
-0.01112203
0.03129535
-0.03319048
0.01499846
-0.03398750
0.03118858
0.00361493
-0.04338041
-0.07777894
-0.02750999
-0.00620310
0.02620755
0.03542357
0.00228983
0.02069762
-0.02272047
0.03035874
-0.04889594
-0.00075688
-0.04161870
-0.04578864
-0.04378842
0.03462854
0.00059293
-0.07801503
0.03373349
-0.04773706
-0.01919974
-0.03305419
-0.00535816
0.03631785
-0.01628996
-0.00173305
-0.04824632
-0.06980503
0.03217151
0.01895218
-0.02453034
-0.02040089
0.01028409
-0.04963391
-0.02677486
-0.01869670
-0.05230583
0.01216355
-0.00189236
0.01065488
0.00924251
-0.04154586
-0.04667323
0.00793666
0.01619299
0.01694212
0.01175808
0.01115569
-0.00986988
-0.09680885
0.02948472
0.03039481
-0.03804256
-0.03247911
-0.06407072
-0.01157656
0.04726709
-0.06023842
0.02368494
-0.06356455
-0.04615771
-0.01432160
-0.04820850
0.02968207
0.03061494
-0.09547053
-0.04091801
0.01856962
0.00511206
0.02579474
0.02775066
-0.04609962
-0.02987798
0.02409505
-0.02187747
-0.00337457
-0.04360438
0.02629915
0.02951634
-0.01076419
-0.03944445
-0.03041741
0.00910983
0.03961450
-0.03661202
0.03693568
-0.06007675
-0.01059284
-0.00109009
-0.00833194
0.00037709
0.00677333
0.04722793
0.01741267
0.02694806
-0.04477880
0.03133497
-0.09550685
-0.05075631
-0.04121153
0.01133402
-0.02329140
-0.03661522
-0.05432153
-0.03591653
0.01094343
-0.03577685
0.01668914
-0.02012866
-0.00701248
0.04543299
-0.03264288
-0.00510658
-0.14050569
-0.00296566
0.02942010
0.00180142
-0.01937388
-0.00890312
-0.04277940
0.01368488
-0.00200274
0.01573169
-0.01185667
0.03682661
-0.04872260
0.03240198
-0.00501842
-0.06078399
-0.05951269
0.01700680
0.04038606
-0.06298170
0.00743096
-0.01637549
-0.02393899
0.01042994
-0.06513055
-0.02859636
-0.00683275
-0.04046622
-0.03374736
0.00031400
-0.00211058
-0.02351501
-0.07671013
-0.05946489
-0.02029273
0.00032160
0.01710408
0.00707215
0.00046171
-0.04360186
-0.03498690
0.00408455
-0.08993723
0.01187396
0.01170333
0.02801630
0.01542225
-0.02963902
-0.06795392
-0.04771303
-0.00297174
0.01840242
-0.04787511
-0.01798200
0.04441980
-0.05834563
-0.00338405
-0.04158904
-0.00940967
-0.00036519
0.00491564
0.00360713
0.02799344
0.02479143
0.00825203
0.00697182
0.04621617
-0.03432553
0.03603826
0.04008075
-0.00383953
-0.02082971
-0.02932250
0.02246517
0.00917192
0.04321914
0.03752843
-0.01760961
-0.04854995
-0.05730840
-0.01649154
0.03149328
0.03468276
-0.03444377
-0.04743437
0.03620429
0.01761550
-0.01632445
0.03743314
0.02068073
-0.04592399
-0.03575216
-0.00591949
0.00977795
-0.02407706
-0.02889705
-0.05686423
-0.02584215
-0.00041051
-0.04559579
-0.04747321
-0.05261881
0.02438509
0.01321263
0.03201663
-0.03130518
-0.07262937
0.02875101
0.01439950
-0.01473853
-0.00307525
-0.04253361
-0.07175114
-0.04006683
-0.00692017
-0.06360758
-0.01774353
0.00400571
-0.00194134
0.02103668
0.02162229
0.02038857
-0.12118413
0.01405894
-0.04690129
-0.00975653
0.00722413
-0.04155236
-0.03813848
-0.08821546
-0.03323906
-0.04304394
-0.01865375
-0.07399296
-0.05033711
-0.01538556
-0.05741218
0.00358388
-0.08477971
-0.03640246
-0.04916376
-0.04298506
0.02708036
0.03075373
0.01274194
-0.02705474
-0.00530977
0.00983994
0.00967139
-0.05003717
-0.07241782
0.00961679
-0.02567486
0.01990345
-0.02464791
-0.04594833
-0.01863614
-0.02011658
0.01016248
-0.00517864
-0.10946899
0.00798858
-0.04902405
-0.03018546
0.02512025
0.04366094
-0.00588570
-0.02003084
0.02483654
0.01189958
-0.00405356
-0.04046069
0.01656161
0.03322100
-0.04959814
-0.05951553
-0.07694019
0.02295864
-0.00357071
0.00374367
-0.01933405
0.01033229
0.01814909
0.00399025
-0.00358129
-0.04461044
-0.05300642
-0.01683265
0.01840024
0.03102038
-0.01699683
0.04701621
-0.03707677
-0.06855322
-0.02159402
-0.06987447
0.02340155
-0.06423212
-0.03059893
-0.03980527
-0.05593739
0.04149321
-0.05520993
-0.01752915
-0.02412409
0.03237206
-0.04318856
-0.02887205
-0.00281521
-0.01298684
0.02333333
-0.02245905
0.03262322
-0.05251735
-0.06577338
0.02162261
-0.00050505
0.00343072
-0.09527500
0.02727692
-0.02840316
-0.00174218
-0.01891664
-0.05528343
-0.07658803
-0.10415175
-0.02768598
-0.00159823
0.00183385
-0.02232931
-0.07230834
-0.09879196
0.06432398
-0.01596287
0.01871554
-0.03035219
-0.04960458
-0.04692056
-0.04694175
-0.05967215
-0.16035771
0.00295368
-0.05381131
-0.05381040
-0.03173623
0.01572022
-0.03993978
0.01855918
-0.06463072
0.04341855
-0.03598065
0.00293430
0.01714336
-0.01326813
0.00544721
0.03068460
-0.08127677
-0.05330277
-0.07704823
-0.03503794
0.04308619
-0.03420729
-0.01994268
-0.05530481
-0.03623747
-0.00347369
-0.03587795
-0.04104609
-0.05183931
0.01216872
-0.01100534
0.03590173
-0.11506128
-0.06392201
0.01026410
-0.02228522
-0.03486578
-0.03603662
-0.03821142
-0.02054799
0.04322615
0.00683257
-0.00323263
-0.05097715
-0.00459215
-0.00413478
-0.05400571
0.01956110
-0.12673292
-0.09152546
-0.00778687
-0.04288705
0.02813522
0.00193269
0.00706310
-0.05003019
0.01074300
0.04610758
0.01876104
-0.02200983
-0.00777037
0.01234975
0.02549041
-0.02092383
-0.15790142
0.03641945
0.01972055
-0.02032804
0.03557201
-0.04933662
0.00296249
0.02405858
-0.01932107
0.00308801
-0.02827378
0.01519725
0.01484626
-0.03543580
-0.01892521
0.03929130
-0.07798374
0.02344453
-0.07491452
-0.01082166
0.04130529
-0.01575940
0.01011727
-0.01707939
0.01898523
0.04192327
-0.01936123
-0.00257830
-0.02705748
0.01388108
0.01699754
0.01897360
-0.02867826
0.05080180
-0.03378267
-0.08953891
0.02664845
-0.04345160
-0.01526908
0.04256421
0.03018263
-0.00100039
-0.00428222
-0.03659755
-0.02627826
-0.02752127
-0.01767478
-0.00746156
0.01719487
0.03939907
-0.01783377
-0.08151599
0.04140279
-0.04859470
0.02522440
0.01507336
0.04281342
-0.02923774
-0.03211384
-0.05170973
-0.00340381
-0.03830171
-0.00528467
0.03926173
-0.02511468
0.02379510
-0.00457137
0.01353835
-0.01504391
0.02576171
-0.05701607
0.03631128
-0.07224084
-0.04320650
0.00274569
0.00153628
0.01326820
-0.03676473
0.05200982
0.01619730
-0.06605222
0.00407036
-0.00136084
-0.03224958
-0.05507435
-0.03200898
-0.02673084
0.02387582
0.03269675
-0.02492738
0.04271599
0.01290051
-0.03898670
-0.05200080
0.04567549
0.00233584
-0.02574588
0.00873873
0.01168548
-0.02557622
0.00696092
-0.05050455
0.03751203
-0.03657321
0.06635008
0.01404427
0.01577519
0.03634209
-0.00220531
-0.01960260
-0.02695114
0.00669146
-0.03231282
0.04320282
-0.02450017
-0.01772368
-0.02348791
0.02557067
-0.02579494
-0.00100127
-0.03967243
-0.06277136
-0.06125481
-0.04064325
-0.02834845
-0.02133509
-0.03968798
0.03306139
-0.05464561
-0.02548805
0.00044078
-0.01005473
0.02428282
-0.02402681
0.00630453
-0.00476348
-0.04565812
-0.00438845
-0.03866044
0.02192505
-0.04247223
0.01062074
0.03053755
0.00008239
0.02040808
-0.07072888
-0.05041030
-0.02231829
0.01640488
0.00919646
0.00974655
-0.05481221
0.02024707
-0.02197071
0.02639880
-0.06208054
-0.01169629
-0.04566271
-0.04246197
0.03365817
-0.02278722
-0.00391374
-0.02700908
-0.06558373
-0.05192309
-0.01686702
0.01961879
-0.06102336
0.02216971
-0.05418242
-0.01569540
-0.04361378
-0.01796041
0.04013478
-0.03568439
-0.02166302
-0.07961215
-0.00163104
0.01948748
0.03215785
-0.02880400
-0.00823836
0.02955326
0.01962916
0.01029086
-0.01506215
0.01058268
0.01163269
0.04329498
-0.03812209
0.01638899
0.01468441
-0.14904630
-0.03041044
-0.01170510
-0.00500643
0.03235896
0.00861645
0.00185539
-0.00780677
0.00561950
-0.00702438
0.07114355
-0.01268354
-0.00119207
0.03782265
0.03806872
-0.03714715
0.01230759
-0.02339102
0.03129359
-0.05151600
0.02544062
-0.00291411
-0.03629662
-0.02518675
-0.01079478
0.01706244
0.03908894
-0.03903512
-0.05078559
0.03812546
-0.01820443
-0.02109423
-0.07132081
-0.04995025
-0.04271169
-0.01802683
0.00689839
0.00492047
-0.05498619
-0.02464908
-0.02552954
0.01969917
-0.03245918
0.00390803
0.02605509
0.01012759
-0.02020058
-0.00836239
-0.12376742
-0.00549192
0.00428903
-0.02185034
-0.01912533
-0.01283084
-0.04776177
-0.00611729
-0.02051133
0.02565716
-0.00220120
-0.03000699
0.03615623
-0.03519807
0.03733144
0.02905069
-0.07452415
-0.03487442
-0.04353122
-0.00812382
0.04130814
-0.01763285
-0.05083081
-0.04327925
-0.06615729
-0.02828955
-0.01600565
-0.03173159
0.01129592
-0.00526380
-0.01406919
-0.02644090
-0.08312480
-0.04044001
0.02978238
0.02009362
0.03902398
0.00384585
0.01323842
-0.05187009
0.03971949
0.01513757
-0.09786720
-0.05172428
0.03904942
-0.02235162
-0.02530931
0.01033460
0.07457168
-0.05407058
0.02721557
0.02091297
-0.01170828
0.01310263
-0.05237444
-0.04929912
0.03926381
-0.04751725
-0.09596591
0.01190861
0.05075419
0.03223598
0.01314555
0.02507299
0.06351447
-0.00220005
0.03261768
0.00036847
-0.00224780
0.02089428
0.01926130
0.03780979
-0.05322594
0.00728699
0.01829757
0.03370852
0.01178062
-0.03579449
-0.02723996
0.02324142
-0.08285336
0.01187487
-0.00132491
-0.07264735
0.03480875
-0.01771212
-0.04359518
-0.04300768
0.02521065
-0.04182455
0.00010427
0.00496376
0.01480247
-0.03613883
0.04339752
-0.04739689
-0.08626021
-0.02385800
-0.04633024
0.01436610
-0.02277801
0.03281282
0.04556707
0.03482554
-0.05461321
0.02224731
-0.09387014
0.04344824
0.01490055
-0.02085598
0.00401771
-0.00378465
-0.13246231
-0.04508556
-0.02976870
-0.02956732
0.04856226
-0.03920556
-0.03510912
-0.04490273
0.01051069
0.03711247
-0.05393298
-0.00350161
0.01108240
0.04035829
0.00671221
-0.01580331
0.00670827
-0.03104593
0.03303498
-0.10164231
-0.01055303
0.02032299
0.01591129
-0.06854368
-0.01966527
0.01158899
-0.04668649
-0.02368291
-0.02781759
-0.05354344
-0.05170149
-0.01676926
-0.00713130
-0.01778481
-0.03066927
-0.03426095
0.00310082
-0.02125666
0.02773863
-0.00760081
-0.06266526
-0.02621631
0.02058966
0.04111325
-0.03940929
-0.01176529
-0.00286421
-0.05806020
-0.01234925
0.01119549
-0.00753159
-0.02202460
0.01092449
0.00614917
-0.02513754
-0.00987349
-0.04101947
-0.06171013
-0.06489443
0.01625773
-0.04576168
0.01976146
0.00189814
-0.03383697
-0.14781295
0.01782065
-0.05604772
-0.06328572
-0.03409033
-0.05664369
0.00665199
-0.04892636
-0.05167178
-0.02422545
-0.02614431
0.03595654
-0.02560130
0.02999018
0.04478142
-0.00920759
-0.14742278
-0.00321447
0.00412166
-0.07025496
0.03622428
-0.01020193
0.02463456
-0.03692954
-0.04687094
-0.04219125
-0.10816000
-0.05303100
-0.03727285
0.03492815
0.00876472
0.04989451
0.03062594
-0.04683793
0.01042220
-0.07587906
-0.05188511
-0.02000543
0.01230122
0.00130111
-0.00894376
0.00212498
-0.06244709
-0.01562442
0.00949583
0.03272949
-0.04112690
-0.05040380
0.06911895
-0.00185247
0.02888853
-0.01008556
0.02875441
-0.05815902
0.02995620
-0.02715234
0.00388157
-0.03068578
0.00674838
-0.02311254
-0.02246584
-0.00252957
-0.01537624
-0.04087936
0.00437073
0.02319337
0.01683788
0.02243125
-0.00446178
-0.02272426
-0.01094898
0.02960469
0.02682382
0.00161208
-0.07167234
-0.03489177
-0.00572735
0.04101978
-0.00691721
0.00740405
-0.12410319
-0.05600775
-0.05121550
-0.04657089
-0.03385047
0.02918705
-0.01900101
0.00245723
-0.03897278
-0.04426040
-0.07920691
-0.02088614
0.00265997
-0.02952440
0.00011935
0.01748831
-0.08667646
0.02345800
0.02390986
-0.04216421
-0.03825744
-0.03683216
-0.05751625
-0.05169909
0.02347104
-0.01468215
-0.01743460
-0.03049446
0.01411710
-0.01802001
0.01811937
0.01080215
0.07901098
-0.06351354
0.01584338
-0.05287929
0.03141019
-0.01611317
-0.02064398
-0.01768174
-0.00222226
-0.04270482
-0.03865831
0.00951426
0.04569273
0.02825911
0.01338926
0.01177556
0.08140756
-0.01685060
-0.00192673
-0.01860856
-0.02860535
0.02491175
0.00801654
0.01738520
0.03388847
-0.05518340
0.02551762
-0.04193542
-0.00078739
0.04556018
-0.05136703
-0.01273932
-0.12807375
0.00989178
-0.00419893
-0.03975220
-0.02958870
-0.05206965
-0.05492191
0.00835371
-0.03996512
0.01875850
-0.09781931
-0.03289708
0.01650513
-0.02227872
-0.00185205
0.01954402
-0.15012150
-0.00877350
0.02929576
-0.05412284
0.00601183
-0.00901283
-0.00004558
0.01863681
-0.03494842
0.00094637
0.06558710
-0.00973070
-0.00155458
-0.02021577
0.00876274
-0.02520086
-0.02602077
-0.01658305
-0.02508200
-0.09761193
0.00633089
-0.05844858
0.00323705
-0.04548135
0.02317672
0.02770774
0.01412273
-0.00796259
-0.01055806
0.01070294
-0.04245127
-0.03050347
0.02636496
-0.05703134
-0.05848932
-0.04216658
-0.02538611
0.00823428
-0.01921117
-0.01284938
-0.02148172
-0.03591179
0.01912059
0.05096062
-0.02648616
0.01059742
-0.01649511
-0.00719144
-0.09739923
-0.04106442
0.04767339
0.00383743
-0.05681104
0.00660527
0.03600487
-0.02992732
0.00060614
0.01128038
-0.05737964
0.00364952
0.03162955
0.04528131
-0.03496559
0.03227623
-0.05527763
0.04087798
-0.01938423
0.05553221
0.00823260
-0.01940918
0.01365710
-0.00697096
0.02730110
-0.05458343
-0.02523772
0.00742715
0.00508053
0.01436609
0.03519048
-0.06018881
0.03956826
0.04067637
0.01847773
0.00280843
-0.04205676
0.02346718
0.01410997
-0.00365231
0.02242363
-0.00316488
0.09231389
-0.04606572
0.00124196
-0.02747627
-0.05347111
-0.06968614
-0.14291701
0.00758582
0.04774258
0.00605246
-0.04308058
-0.07084553
0.03110302
-0.00259381
0.01329840
0.01273558
-0.04111812
0.00940895
-0.03513602
-0.03044664
-0.03315549
-0.03509866
-0.10558522
0.00029345
0.01698013
0.01748184
-0.00854778
0.04626567
-0.04186166
-0.03702864
-0.04943229
0.02810251
-0.04354176
-0.00227360
-0.02126082
-0.00741603
0.02240985
-0.04983055
-0.08574542
0.00513354
-0.01296473
-0.04867840
0.00896673
0.01109065
-0.04984541
-0.07925811
-0.01203645
-0.00337774
-0.12725237
-0.04179653
0.01218652
-0.03713576
0.01382464
0.01845039
-0.02879222
0.00216417
0.01918597
0.02444315
0.01746194
-0.01841640
0.02082909
-0.03823553
0.00858322
-0.04501759
-0.07673214
-0.00589611
0.04602983
0.03675581
0.01287891
-0.01233996
0.07293742
0.07196325
0.01827850
-0.02364094
-0.02748465
0.05942996
0.01579773
0.03771535
-0.01065382
0.01149465
-0.08631201
0.02934588
-0.03046898
-0.05117086
-0.03785198
-0.04133103
-0.10630074
-0.03761061
-0.05340309
-0.06843302
-0.01093447
0.01696538
-0.02553470
-0.01596341
-0.09425052
-0.00666800
-0.12790531
0.04059617
-0.03136901
0.00482118
-0.03102116
-0.02283698
-0.19386826
-0.01039393
-0.00670219
-0.11682190
0.01909308
-0.01141401
-0.01479468
-0.00802519
0.01048243
-0.00070321
-0.02714150
0.00935851
-0.03357438
-0.03928270
-0.02157931
-0.04585315
-0.09546869
-0.01759609
-0.04532091
-0.11515304
-0.03615631
0.01010195
0.03168850
0.00893709
-0.03876246
-0.01281132
-0.14228134
-0.02537289
-0.02043447
-0.04750421
-0.02641774
-0.02182780
-0.07337584
-0.02974147
-0.05700642
-0.06754685
-0.05512597
-0.03593731
-0.01794272
-0.09101869
0.01683696
0.02840365
-0.06410296
-0.05593177
0.04928920
-0.00976369
-0.00419187
-0.03257054
0.03146192
0.00034552
0.01550365
-0.05877179
-0.06454621
-0.00596524
0.00906126
-0.02372744
-0.07233483
-0.02651074
0.04728393
0.03596821
0.00583437
0.03104852
0.02562912
-0.08746568
-0.14614850
-0.06084644
0.00910187
-0.08954189
-0.04256885
-0.06041917
-0.04930587
-0.01243328
-0.09062801
-0.02870118
-0.11077890
0.02425200
0.03773964
0.00009541
-0.05931828
0.02035091
-0.11714014
-0.05450531
-0.03022727
-0.08749891
-0.05538293
0.01918387
-0.03079105
-0.01891655
-0.03805647
-0.04538339
0.02070307
0.02839335
-0.03037676
-0.00439658
-0.01850258
0.00352093
-0.06923877
-0.11081558
0.00599112
-0.06215153
-0.03217292
-0.01015859
-0.01502368
-0.07752807
0.00661714
0.00654252
-0.01721623
0.04011488
0.01864593
-0.02127014
-0.06246100
-0.04208240
0.00589410
-0.08529045
-0.06559549
-0.10634854
0.02816461
0.01077496
-0.02646311
-0.10502160
0.00976286
-0.01853369
-0.03802981
0.03430071
-0.02259949
0.02725157
-0.04346644
-0.03912761
-0.12976374
-0.06033362
-0.03250566
-0.10146162
-0.04132084
0.02901238
-0.02202171
-0.04409674
-0.04731692
0.04782173
0.07586019
-0.03674968
0.00899685
-0.02070591
-0.01752139
0.00884310
-0.06853292
-0.14535815
-0.00861224
-0.08179838
-0.03515738
-0.03402030
-0.01582337
-0.11131483
0.09342710
0.05490924
0.07996313
-0.01386677
0.01691885
0.00523821
-0.06031374
0.03423485
0.03649073
-0.07705542
-0.02548835
-0.03536491
-0.05891344
-0.03219902
-0.02383692
-0.12951298
0.08163507
0.01826219
0.15445337
-0.02310069
0.00274611
-0.00258429
-0.03734804
-0.00805779
0.01795646
-0.04454867
0.00018835
-0.05466720
-0.02717212
-0.03033966
0.02878419
0.00635546
0.04659735
0.05388490
0.25863874
-0.00790716
0.01163334
0.04072099
-0.03637312
-0.01102949
0.02061710
-0.03701267
-0.04208331
-0.01554027
-0.02287829
0.00160479
0.03809474
-0.01102675
-0.00377263
0.02094693
0.07906583
0.03344349
0.07107754
0.02681532
-0.00547715
-0.00032230
-0.04794705
0.03205091
0.01451211
0.07124808
-0.06634664
0.06694157
-0.02391789
0.05351946
-0.02412448
-0.05473056
0.02488777
0.00102087
0.01441397
0.01037907
-0.02375061
-0.00269948
-0.13587464
0.01191893
0.01826387
-0.03288957
-0.01681284
0.07004868
0.01684841
-0.04801310
-0.04113632
-0.07904615
-0.10078178
-0.00795555
0.04443118
0.02488934
-0.07870003
-0.07035907
-0.28906986
-0.11354508
-0.01630638
-0.09470478
0.00705966
-0.07955515
0.01043056
-0.03341009
-0.13807338
-0.09033443
-0.21101391
-0.05697945
-0.02537221
-0.04925442
-0.11045503
-0.07436640
-0.29076025
-0.20788680
0.00563246
0.01736576
-0.02074371
-0.06524400
-0.01304766
-0.15333618
-0.17574933
-0.10993983
-0.25521147
0.00889692
-0.00292270
0.00680712
0.01517216
0.00621740
-0.26514077
-0.06413031
0.00594743
-0.04660752
0.00287614
-0.07235857
-0.06894141
-0.04513636
-0.17197266
-0.06170354
-0.24010623
-0.03444609
-0.02617938
-0.02918560
0.03628786
-0.04665851
-0.12338458
-0.05706570
-0.03527942
-0.16470653
-0.03789079
-0.02527232
-0.05694812
0.02445545
-0.03386752
-0.04258285
0.00801962
0.05458967
0.03880460
-0.04097247
-0.03631335
0.00609640
-0.07723199
-0.08956048
-0.02906728
-0.18779770
0.02682736
-0.01453950
-0.04095600
-0.05121103
-0.03697222
0.01270758
-0.07848393
0.03016794
-0.02523732
-0.04698705
-0.09483241
-0.05564044
-0.17188032
-0.18577327
-0.08639101
-0.23017216
0.03655868
-0.14089124
-0.06917427
-0.15441424
0.05754276
0.06093924
0.04366042
-0.05166764
-0.08215605
-0.01533374
-0.07030979
0.06566249
-0.10695742
-0.12209942
-0.03369359
-0.12780523
-0.03088255
-0.10246869
-0.02194202
-0.05671373
0.03363851
0.09753451
0.22052599
-0.00039284
-0.07087187
-0.05090848
-0.07856192
0.02871589
0.05431844
-0.16982821
-0.02254671
-0.18462788
-0.03039581
-0.15872303
-0.12101066
-0.05665176
0.01553266
0.05259541
0.14067681
0.03123732
0.04409768
0.03927455
-0.01540311
-0.00614759
0.01169662
-0.00229799
-0.04053796
-0.18598942
-0.00302806
-0.00044168
-0.04466130
-0.02648162
0.08844608
0.03377889
0.16473576
0.04656749
-0.05669993
-0.02256438
-0.03735308
0.05374135
0.07709652
-0.10004020
0.02589208
-0.17951104
-0.07856204
0.00856219
-0.02909176
-0.05956675
0.15643869
0.04152566
0.17010607
0.00662396
0.05139534
0.03067143
-0.00869443
0.06377863
0.11845204
0.01778370
0.04938574
-0.02580474
0.00459885
0.06816421
0.03214107
-0.00460583
0.12467708
0.01205498
0.04799636
-0.05653234
0.01190623
-0.00630657
-0.00197257
0.01589486
0.08008889
0.00934027
0.06105078
0.15731108
-0.07119183
-0.03519290
-0.03773563
0.03756230
0.06087621
-0.05592400
0.03969632
-0.03663884
-0.02522369
-0.04079609
0.00467298
0.00907062
0.14536099
-0.00516974
0.01323583
0.14466412
0.01211210
-0.08438920
-0.09261236
-0.09921101
0.04013139
-0.00352382
-0.19828345
-0.05189848
-0.04145975
0.00909530
-0.00403266
0.00858561
0.06073027
0.03093180
-0.07592159
0.06366426
-0.04569547
0.01005783
-0.06855821
-0.02149642
0.01731316
0.00499851
-0.04386194
0.03738762
0.00441570
-0.03443677
0.00117271
0.02266630
0.00807481
0.06835994
-0.01870091
0.15157448
-0.07658721
0.03136908
0.00818364
-0.02881730
-0.02796387
-0.06997526
-0.17179562
-0.02624943
0.07846640
0.00707408
-0.01978928
-0.01922486
-0.06408923
0.07497390
0.05496358
0.24362367
0.01845093
0.06468846
-0.06291239
-0.05123550
-0.03098916
-0.03252910
-0.14228441
0.00113068
0.05957704
-0.04809842
-0.06575537
-0.08514003
-0.31445909
-0.05926770
0.06609900
0.37741280
-0.03169308
-0.04898674
-0.09566913
-0.15550102
-0.06214795
0.00934697
-0.23430581
-0.01585617
0.03028612
0.00393697
-0.00090511
0.02277273
-0.26573217
-0.05844420
-0.07058513
0.24853836
0.01727002
-0.12472860
-0.06816053
0.00431513
-0.08453011
-0.05711335
-0.40053120
-0.02039435
-0.05311316
-0.00522954
-0.00797553
-0.04725667
-0.02468082
0.02417315
0.05078461
0.12139656
-0.00295755
0.00461424
-0.05702526
0.00450238
-0.03321299
0.03667971
0.18073632
0.00027925
-0.09675902
-0.01508086
-0.03932556
-0.08696374
-0.16524479
-0.13776836
-0.01126228
-0.10839130
0.02500399
-0.07797165
-0.06141505
-0.01897837
-0.07996999
0.09987231
0.09299514
0.01483563
-0.07933618
-0.01426512
-0.12344844
-0.03776503
-0.28919971
-0.24718896
-0.02835278
-0.31757316
-0.04210077
-0.12848054
-0.11726853
-0.15037028
-0.05486026
0.05807561
-0.08572063
0.01920729
-0.05942313
0.01102464
-0.10079633
-0.04705840
-0.34450266
-0.21496195
-0.07813617
-0.31714603
0.01103366
-0.10681702
-0.10327940
-0.16063730
-0.06358135
-0.01276564
-0.02684801
0.02657270
-0.02806180
0.02467539
-0.05953980
-0.04611531
-0.16198103
-0.23588292
-0.06625504
-0.38192078
-0.00573631
-0.15833579
-0.17632551
-0.12859534
0.00387499
-0.00857364
-0.11633769
