shape=[32, 400]
-750.92956543
-496.61163330
-467.75534058
-786.35437012
-586.84460449
-690.06970215
-695.77557373
-418.44879150
-660.84851074
-718.28173828
-622.54656982
-810.53771973
-604.91760254
-702.12750244
-569.37164307
-580.77423096
-789.74023438
-541.51214600
-486.52905273
-815.38854980
-586.66479492
-695.20697021
-697.92993164
-405.02520752
-683.12152100
-739.14166260
-636.44683838
-816.26446533
-637.52838135
-712.34222412
-587.67376709
-591.37017822
-753.46765137
-486.43460083
-472.24841309
-775.14910889
-576.36450195
-694.30657959
-684.89642334
-414.59365845
-642.22363281
-696.87097168
-619.25408936
-795.06237793
-613.31628418
-721.14752197
-567.41497803
-587.24371338
-894.40600586
-617.40228271
-564.46228027
-955.25494385
-689.78100586
-819.99340820
-833.78967285
-482.38519287
-791.40051270
-868.25537109
-749.88580322
-957.31536865
-729.06646729
-818.78369141
-688.54083252
-677.62304688
-714.99084473
-497.52368164
-446.42687988
-706.48883057
-508.30075073
-609.13018799
-606.11901855
-350.44088745
-626.83337402
-658.75384521
-556.88104248
-705.20715332
-571.33709717
-616.29089355
-513.39398193
-527.79901123
-671.75152588
-456.06719971
-434.03970337
-715.71307373
-515.08532715
-606.27508545
-637.09899902
-347.34194946
-592.16528320
-666.37756348
-574.28320312
-755.72064209
-547.58984375
-649.58972168
-549.35614014
-527.03747559
-743.20751953
-516.29608154
-474.30480957
-784.53985596
-542.73712158
-647.41284180
-681.02539062
-368.63665771
-650.40612793
-728.74591064
-608.94622803
-798.78094482
-589.09191895
-671.75506592
-588.44256592
-570.52911377
-676.61395264
-452.61941528
-431.14468384
-728.09106445
-526.22674561
-611.98022461
-637.99572754
-352.70904541
-592.11334229
-667.37432861
-579.26196289
-776.15570068
-555.91412354
-666.83435059
-559.50439453
-540.84002686
-871.30493164
-608.41253662
-568.21685791
-937.54498291
-653.24194336
-791.77264404
-830.80969238
-450.52841187
-774.08056641
-870.27069092
-743.33428955
-948.25012207
-700.83544922
-804.42852783
-699.64038086
-667.29028320
-664.61468506
-480.06149292
-426.61651611
-681.73675537
-471.83062744
-559.95855713
-579.22943115
-311.46038818
-590.67059326
-642.19201660
-543.24743652
-704.23034668
-524.33221436
-588.11590576
-512.55615234
-508.42028809
-729.74645996
-487.64065552
-462.58877563
-778.48278809
-579.69006348
-687.68103027
-693.42004395
-414.97351074
-646.19195557
-707.67523193
-626.09497070
-808.61419678
-590.97900391
-702.18078613
-567.65936279
-573.77416992
-776.23895264
-537.58251953
-495.44696045
-818.23547363
-590.59509277
-708.64459229
-708.93981934
-412.70837402
-683.09698486
-743.86218262
-661.69439697
-838.76171875
-627.12573242
-727.82122803
-595.17358398
-604.14007568
-785.95001221
-525.07385254
-504.70349121
-838.62609863
-631.65521240
-748.55413818
-757.80065918
-455.58642578
-705.97625732
-773.74121094
-691.55041504
-891.46051025
-633.64929199
-773.40698242
-617.64678955
-630.14074707
-927.95916748
-651.27758789
-594.40106201
-1001.19293213
-713.76452637
-853.78814697
-869.72607422
-499.60968018
-825.05548096
-905.75433350
-800.49420166
-1015.70025635
-744.79821777
-863.07489014
-720.16955566
-720.89581299
-772.60803223
-540.14593506
-487.71734619
-773.02758789
-567.54968262
-670.32281494
-669.74145508
-392.21969604
-695.51879883
-732.80688477
-624.15740967
-800.16302490
-611.67480469
-680.74652100
-565.47369385
-587.00067139
-727.09558105
-492.33987427
-467.20336914
-763.82537842
-562.93695068
-662.12194824
-681.72662354
-389.66339111
-646.37432861
-711.45489502
-621.17352295
-804.82208252
-582.22937012
-694.22778320
-569.58746338
-568.50433350
-821.10845947
-561.46276855
-523.96313477
-872.72711182
-618.59588623
-734.40917969
-764.14251709
-425.63812256
-721.81958008
-804.22271729
-683.94854736
-895.22619629
-657.20471191
-760.57666016
-647.96276855
-636.82189941
-828.54736328
-550.95678711
-527.25451660
-886.52520752
-652.30236816
-762.23736572
-776.02526855
-456.28540039
-725.37536621
-806.60748291
-704.60015869
-935.16180420
-676.57995605
-802.85882568
-659.24444580
-667.01226807
-979.16668701
-676.38610840
-620.59619141
-1010.74707031
-726.56622314
-862.51922607
-887.83819580
-493.05450439
-871.58605957
-949.12762451
-804.20996094
-1033.92822266
-778.60223389
-884.88452148
-746.95776367
-733.85101318
-746.61260986
-522.91094971
-474.90142822
-756.58941650
-531.82141113
-634.78216553
-645.90191650
-360.92581177
-650.69580078
-702.28466797
-594.90753174
-772.34661865
-590.56597900
-660.05761719
-561.35321045
-574.45996094
-682.37615967
-444.90350342
-413.67211914
-713.00585938
-535.48040771
-622.70812988
-611.92370605
-378.57897949
-577.70867920
-632.04779053
-536.74304199
-719.38055420
-576.81958008
-640.86096191
-519.04809570
-527.82269287
-785.41711426
-514.86529541
-476.00503540
-796.64746094
-585.01312256
-694.36639404
-676.33074951
-405.56521606
-661.24652100
-709.26739502
-605.81066895
-782.64270020
-646.54614258
-714.00543213
-575.71978760
-581.51342773
-802.69476318
-526.87115479
-489.06884766
-839.34295654
-632.01116943
-728.75286865
-724.34698486
-440.98577881
-691.77160645
-756.81268311
-644.72131348
-860.58831787
-670.55957031
-761.95239258
-615.46575928
-618.26428223
-886.89617920
-600.66900635
-545.42327881
-916.30285645
-658.14782715
-781.81005859
-775.81756592
-453.74539185
-758.62823486
-820.56970215
-699.72363281
-907.97106934
-727.28259277
-797.83172607
-662.65032959
-668.96997070
-710.43713379
-480.40399170
-430.41302490
-695.19885254
-516.86218262
-600.12646484
-582.11486816
-348.75009155
-612.83697510
-641.46429443
-534.21295166
-698.27423096
-578.38458252
-619.98211670
-507.63088989
-523.68280029
-745.14141846
-492.05456543
-462.29724121
-779.15161133
-582.90972900
-682.77532959
-687.91247559
-416.24819946
-654.23138428
-711.58551025
-614.86730957
-802.23516846
-600.83294678
-694.36767578
-563.04479980
-574.63464355
-790.38073730
-539.83404541
-483.98358154
-815.27758789
-586.60540771
-695.29235840
-696.91351318
-405.49426270
-680.81439209
-735.19927979
-633.39178467
-812.59765625
-639.60485840
-710.12915039
-586.02587891
-589.26867676
-749.45263672
-483.04043579
-467.72500610
-767.72821045
-572.22540283
-690.08404541
-677.15631104
-411.17636108
-638.74432373
-690.83032227
-612.34552002
-786.24023438
-611.53289795
-715.65771484
-561.56842041
-581.36212158
-876.65820312
-605.39013672
-552.81713867
-934.45379639
-674.52905273
-802.92303467
-815.88830566
-472.83605957
-775.61431885
-850.41058350
-733.79602051
-935.82318115
-714.13604736
-799.18206787
-673.79101562
-663.08319092
-701.91333008
-487.70822144
-437.15628052
-694.94409180
-501.05987549
-598.93145752
-595.92596436
-344.96008301
-614.39965820
-646.23583984
-547.07916260
-694.43750000
-562.53717041
-607.01013184
-504.65328979
-518.32598877
-656.61529541
-445.52297974
-419.30346680
-697.34326172
-502.82608032
-587.71429443
-615.97064209
-338.46420288
-578.58294678
-648.75067139
-552.61157227
-734.86755371
-533.91149902
-628.68719482
-532.43670654
-516.04107666
-725.24407959
-500.98904419
-463.33761597
-763.28723145
-529.26336670
-637.03894043
-666.54681396
-362.49932861
-631.36193848
-706.24926758
-594.20025635
-772.15905762
-578.55456543
-659.03057861
-571.53393555
-551.42639160
-665.25762939
-445.14642334
-426.89425659
-718.46453857
-517.24047852
-603.82751465
-632.05346680
-346.68069458
-583.59747314
-659.61499023
-574.75378418
-767.68731689
-544.34313965
-658.91925049
-554.48803711
-532.67864990
-857.51092529
-600.54730225
-561.42572021
-924.57281494
-642.06201172
-779.77703857
-821.19323730
-442.18200684
-762.85345459
-859.47326660
-736.03900146
-937.10028076
-687.11047363
-792.06170654
-690.34057617
-657.66009521
-659.86962891
-476.58987427
-430.25759888
-681.89410400
-469.39379883
-556.56805420
-588.32562256
-304.78970337
-591.50146484
-646.27380371
-551.58856201
-710.76446533
-515.72674561
-592.71380615
-519.00903320
-508.04858398
-679.93115234
-453.78497314
-439.76837158
-741.51696777
-548.76239014
-659.12738037
-662.85076904
-396.93231201
-599.31561279
-665.33374023
-602.24249268
-770.48028564
-557.10345459
-673.53045654
-541.90563965
-547.63574219
-776.56390381
-540.25524902
-502.50357056
-828.01269531
-600.32934570
-721.61267090
-725.39587402
-421.30905151
-694.27246094
-759.06726074
-678.04229736
-858.63421631
-626.72845459
-737.92864990
-603.73406982
-611.44635010
-797.96209717
-541.13684082
-513.28283691
-861.85864258
-644.87408447
-756.31207275
-773.90686035
-461.13317871
-723.98779297
-796.90423584
-706.57800293
-918.04870605
-641.04534912
-782.31262207
-633.33410645
-643.03369141
-929.88714600
-649.41516113
-590.69134521
-993.42712402
-713.99707031
-853.03662109
-864.69842529
-501.89657593
-823.38909912
-900.36022949
-797.88861084
-1013.55755615
-746.10687256
-862.55474854
-713.28930664
-718.93994141
-799.12310791
-550.35742188
-507.74957275
-804.85296631
-593.28338623
-708.84460449
-702.95617676
-413.90734863
-714.09967041
-756.39941406
-657.58050537
-836.58843994
-633.12744141
-723.53466797
-589.57202148
-614.05139160
-728.26501465
-487.21813965
-470.18951416
-775.14672852
-574.28363037
-676.00610352
-698.01391602
-399.99087524
-649.72204590
-720.18768311
-631.30395508
-817.34851074
-584.50500488
-706.11730957
-577.73730469
-570.94293213
-850.41418457
-587.77160645
-546.35162354
-917.75170898
-649.02325439
-771.52362061
-800.56445312
-447.48101807
-751.41625977
-839.83520508
-723.82904053
-942.98980713
-688.58221436
-796.58929443
-680.07916260
-666.31207275
-864.21289062
-578.35162354
-549.50433350
-912.71246338
-678.48358154
-788.42846680
-804.77154541
-474.77005005
-764.96099854
-844.53820801
-729.25207520
-968.39843750
-699.76727295
-825.75299072
-677.79400635
-690.49481201
-972.08862305
-670.72454834
-610.23608398
-997.48211670
-709.32916260
-841.62512207
-867.69537354
-477.81417847
-856.45043945
-930.64685059
-784.09838867
-1015.09027100
-769.31909180
-870.72839355
-736.49468994
-725.14245605
-775.52099609
-527.63360596
-491.52685547
-792.03430176
-565.19616699
-673.70898438
-679.26690674
-387.48800659
-668.81658936
-727.73236084
-620.15942383
-812.14727783
-622.28454590
-704.04412842
-589.94610596
-603.08715820
-696.83489990
-454.16827393
-427.30606079
-738.56591797
-552.31176758
-648.75683594
-640.93011475
-395.96020508
-591.06396484
-652.38879395
-562.43127441
-745.94830322
-586.57220459
-665.61212158
-535.68725586
-544.31292725
-853.48663330
-566.87609863
-516.16967773
-872.76715088
-636.79870605
-748.27136230
-737.33831787
-437.86322021
-724.98889160
-779.69525146
-659.72369385
-857.87060547
-700.84802246
-769.37207031
-628.06555176
-631.07122803
-814.76861572
-531.24731445
-494.81814575
-839.43627930
-633.09130859
-731.48944092
-721.76770020
-439.40298462
-696.52880859
-758.07733154
-642.22863770
-859.87133789
-680.75732422
-768.80511475
-619.55041504
-626.23883057
-865.41369629
-588.52490234
-530.02215576
-884.72766113
-635.08190918
-752.33319092
-743.09375000
-434.92510986
-739.99377441
-795.21997070
-673.48620605
-875.77044678
-706.85467529
-769.53002930
-639.61914062
-650.57550049
-704.94219971
-468.40249634
-423.87042236
-700.20233154
-524.60791016
-605.16967773
-588.89117432
-355.78518677
-605.34539795
-640.35369873
-532.28979492
-701.12420654
-581.38952637
-625.80633545
-511.31277466
-519.74951172
-753.76409912
-498.36917114
-469.30249023
-787.03314209
-587.65960693
-691.50372314
-696.81079102
-419.99020386
-662.24682617
-719.61364746
-621.81469727
-809.57232666
-607.34405518
-702.01464844
-569.45715332
-581.56518555
-787.49896240
-539.15362549
-484.76989746
-813.02111816
-584.54541016
-693.90991211
-696.11383057
-404.39160156
-680.69055176
-735.26434326
-634.60363770
-812.63128662
-636.91467285
-709.87219238
-585.40429688
-587.33117676
-744.60748291
-481.09222412
-467.74578857
-766.55657959
-569.80657959
-688.22113037
-677.58679199
-409.70526123
-636.55554199
-689.56774902
-614.15905762
-786.77447510
-606.38159180
-713.55517578
-561.50872803
-580.18853760
-878.23089600
-607.79138184
-554.87292480
-938.96240234
-676.99615479
-804.83959961
-819.72576904
-474.19989014
-778.81866455
-853.34667969
-737.83117676
-941.02587891
-714.26452637
-802.71179199
-675.63342285
-665.51519775
-710.54156494
-492.41564941
-441.81924438
-705.96118164
-509.03054810
-608.40380859
-604.97943115
-351.18545532
-622.28033447
-655.92553711
-553.54626465
-704.77374268
-569.94909668
-615.89416504
-512.41003418
-525.88262939
-666.40911865
-451.89666748
-431.85534668
-709.49505615
-510.13098145
-602.91143799
-634.39703369
-344.36297607
-587.68701172
-662.31433105
-572.09149170
-751.10327148
-541.03668213
-646.75872803
-546.72998047
-523.61541748
-743.30633545
-517.80651855
-476.42767334
-787.13366699
-541.43914795
-648.02441406
-684.85888672
-368.40380859
-651.12811279
-731.82769775
-613.62170410
-802.48834229
-588.03344727
-673.82843018
-591.63452148
-571.34985352
-676.40527344
-452.86206055
-432.42175293
-728.60827637
-524.80718994
-611.27227783
-638.66595459
-352.86950684
-591.80755615
-668.47045898
-580.37536621
-776.36407471
-554.26977539
-666.20611572
-560.25360107
-540.10156250
-863.08325195
-604.20050049
-563.90454102
-927.57104492
-645.58050537
-783.65289307
-822.48901367
-444.90145874
-767.30004883
-862.60015869
-737.68927002
-939.16400146
-692.45416260
-794.71832275
-692.38305664
-660.86108398
-655.61853027
-474.12936401
-419.21389771
-673.10601807
-466.92248535
-550.26654053
-571.19635010
-306.89221191
-583.98699951
-634.79357910
-535.61883545
-696.73327637
-518.38952637
-578.62451172
-506.62902832
-501.50814819
-735.00524902
-491.29080200
-466.83947754
-786.16448975
-585.61779785
-692.94628906
-699.41748047
-419.25772095
-651.76324463
-714.48120117
-632.01892090
-817.69903564
-596.61547852
-709.49560547
-573.12933350
-579.62768555
-788.77276611
-546.93121338
-500.95751953
-830.63073730
-599.80419922
-719.45294189
-718.90338135
-419.37817383
-694.21533203
-755.31793213
-669.81536865
-850.63055420
-637.73309326
-734.41851807
-602.99713135
-612.74865723
-786.72509766
-523.51348877
-505.06970215
-835.79376221
-631.68078613
-749.46325684
-755.15484619
-455.05880737
-705.09130859
-770.75909424
-689.60913086
-886.37268066
-635.61737061
-775.21875000
-614.62725830
-628.03698730
-930.34893799
-652.97070312
-599.34899902
-1005.50689697
-716.85980225
-861.09368896
-877.36688232
-503.43563843
-828.31237793
-911.51275635
-807.29455566
-1023.40454102
-747.85998535
-869.28527832
-725.20977783
-725.15930176
-772.46258545
-543.90313721
-488.75286865
-773.45239258
-566.19042969
-668.06188965
-669.62249756
-390.24877930
-699.38232422
-737.11370850
-627.08514404
-803.30072021
-609.86090088
-678.59423828
-566.22998047
-588.04809570
-739.53308105
-499.90866089
-474.82934570
-777.28326416
-572.88305664
-671.93524170
-692.61694336
-395.23150635
-657.05895996
-724.07543945
-630.45721436
-819.36914062
-592.17529297
-705.45739746
-579.03698730
-577.51611328
-824.21301270
-566.02270508
-525.28045654
-872.39465332
-616.69415283
-732.56115723
-762.58441162
-424.03747559
-723.28601074
-805.36364746
-683.19451904
-892.88433838
-659.18218994
-758.31097412
-647.61633301
-636.80065918
-819.93627930
-542.50653076
-522.12207031
-877.98004150
-647.73944092
-757.57470703
-770.41442871
-453.28463745
-715.69799805
-797.41632080
-699.16156006
-927.08459473
-670.85034180
-799.42315674
-653.58508301
-662.00286865
-992.39971924
-683.76129150
-629.81781006
-1028.91992188
-740.99542236
-880.30511475
-905.61077881
-503.65939331
-883.33288574
-963.80285645
-818.04418945
-1052.95983887
-792.06774902
-901.43304443
-760.51922607
-745.51873779
-759.74853516
-534.48461914
-485.00784302
-767.74877930
-539.40270996
-645.01208496
-656.11773682
-365.64160156
-664.44201660
-715.01440430
-605.68402100
-782.58911133
-599.70629883
-668.71649170
-569.65875244
-583.81042480
-696.57879639
-455.47061157
-423.00286865
-729.58837891
-546.13916016
-636.26196289
-625.94268799
-386.01757812
-592.37023926
-647.85833740
-550.28631592
-736.93737793
-588.05676270
-653.92077637
-531.58514404
-538.74114990
-784.26745605
-515.66912842
-475.45275879
-791.89050293
-578.64624023
-688.91491699
-669.33471680
-400.00457764
-659.12921143
-705.85302734
-602.02496338
-776.95159912
-643.07531738
-710.20300293
-571.42895508
-579.17340088
-793.01379395
-519.03637695
-483.51882935
-832.42303467
-626.77471924
-723.18249512
-719.69677734
-438.03723145
-684.11761475
-749.83453369
-638.60223389
-855.13452148
-663.54327393
-754.98089600
-610.44226074
-613.76116943
-901.36022949
-610.35339355
-554.50561523
-936.24206543
-673.18273926
-799.02441406
-793.69146729
-465.86508179
-772.37597656
-837.43829346
-714.95153809
-927.21893311
-740.41632080
-813.49829102
-675.79321289
-680.92376709
-725.17285156
-489.16015625
-439.62255859
-706.71179199
-525.30834961
-611.83361816
-591.70880127
-353.54483032
-624.65765381
-653.08605957
-544.06616211
-710.03240967
-588.74176025
-633.74218750
-516.63500977
-534.53558350
-689.93627930
-453.19381714
-434.35217285
-729.70257568
-541.61126709
-646.85986328
-646.32983398
-391.66973877
-599.38336182
-657.07733154
-577.11462402
-745.93670654
-562.62335205
-655.11828613
-529.00787354
-539.85394287
-758.96252441
-519.65454102
-473.27828979
-789.36572266
-570.46997070
-678.75024414
-682.83782959
-395.80111694
-663.91668701
-718.55706787
-622.03033447
-795.56250000
-613.27160645
-695.36315918
-570.82586670
-572.16253662
-740.44555664
-484.25677490
-464.62255859
-772.97088623
-570.84692383
-678.73846436
-679.23321533
-406.18670654
-638.76043701
-697.06640625
-612.98016357
-795.57696533
-600.43676758
-707.02117920
-566.22717285
-580.43304443
-872.28833008
-600.31433105
-543.63177490
-921.74340820
-669.35339355
-792.45916748
-803.28424072
-469.71627808
-767.25854492
-838.35400391
-723.49584961
-925.23089600
-709.77532959
-791.66784668
-661.42456055
-656.23468018
-726.52673340
-493.57815552
-453.75466919
-722.15435791
-524.47180176
-634.56109619
-624.12670898
-366.59841919
-627.96301270
-662.98736572
-573.07379150
-723.17895508
-584.07501221
-646.22509766
-524.19500732
-541.67767334
-628.49713135
-421.77804565
-412.22451782
-680.84161377
-491.26809692
-583.62487793
-617.18768311
-334.11407471
-556.83099365
-634.22558594
-551.93634033
-720.68969727
-512.82891846
-622.88616943
-526.17468262
-496.18218994
-733.44500732
-517.16558838
-477.71026611
-797.84051514
-548.47229004
-658.44836426
-695.32653809
-374.40783691
-650.15844727
-735.02978516
-630.82196045
-818.35937500
-587.51336670
-682.11004639
-598.08642578
-575.66143799
-692.90069580
-469.63092041
-444.54244995
-740.04766846
-541.10003662
-623.89208984
-657.26989746
-363.69348145
-619.51226807
-696.34490967
-596.69287109
-800.22338867
-561.15075684
-675.04913330
-569.86761475
-552.66729736
-833.79040527
-587.16235352
-538.88043213
-889.78271484
-609.57775879
-735.95886230
-778.93823242
-414.47579956
-735.83642578
-824.81378174
-698.97308350
-898.40570068
-662.53594971
-756.82940674
-663.77319336
-635.34405518
-656.88763428
-460.33227539
-417.24856567
-679.29876709
-477.12133789
-562.96276855
-578.02178955
-317.69165039
-576.79241943
-632.06170654
-537.08660889
-706.37988281
-527.10284424
-597.61151123
-513.61041260
-508.49124146
-721.87615967
-482.08932495
-463.73028564
-782.82403564
-581.55401611
-693.48883057
-705.06085205
-421.24151611
-641.72979736
-709.14129639
-637.29772949
-816.30389404
-581.26080322
-707.82891846
-568.52947998
-574.23944092
-842.98889160
-588.05291748
-534.34136963
-899.28118896
-648.67218018
-769.58361816
-778.58843994
-452.92605591
-748.12042236
-818.92779541
-722.02453613
-922.15716553
-683.42413330
-784.61175537
-651.14453125
-656.06530762
-809.43127441
-536.89031982
-517.25341797
-849.89044189
-641.75329590
-761.57196045
-764.06671143
-460.42935181
-722.03240967
-785.31640625
-699.64416504
-903.39910889
-653.49224854
-791.03204346
-627.93115234
-644.27270508
-892.90960693
-631.15814209
-571.78125000
-950.40869141
-676.68151855
-809.48358154
-820.59582520
-469.10900879
-795.27764893
-866.65356445
-762.43536377
-967.72583008
-711.90368652
-819.58172607
-685.92797852
-691.21252441
-731.41693115
-507.95559692
-458.93374634
-740.80084229
-545.79260254
-639.45318604
-642.85937500
-377.55657959
-659.60888672
-700.16772461
-593.80340576
-765.90893555
-584.26013184
-648.13916016
-542.08422852
-554.53582764
-750.65075684
-504.08898926
-474.39392090
-793.20599365
-591.27075195
-686.53430176
-702.48205566
-407.86813354
-665.49066162
-736.47125244
-637.58947754
-841.63897705
-608.10852051
-722.83129883
-589.09259033
-588.59906006
-883.19122314
-601.21801758
-558.44409180
-922.84039307
-655.11596680
-784.23132324
-805.31835938
-455.09329224
-766.55316162
-847.32067871
-715.58184814
-929.31787109
-707.72912598
-800.24176025
-678.37634277
-673.03851318
-828.85565186
-548.69641113
-525.14678955
-873.62445068
-643.57281494
-753.02380371
-764.94720459
-442.74374390
-724.27813721
-799.95599365
-696.87536621
-920.48681641
-673.59490967
-799.64447021
-654.17456055
-654.33612061
-938.63348389
-651.98437500
-603.03356934
-979.73706055
-697.82287598
-833.76220703
-861.81207275
-476.42132568
-835.68255615
-918.40356445
-781.05456543
-1004.64227295
-750.17492676
-854.54754639
-728.96166992
-715.69006348
-724.64587402
-511.54058838
-463.21090698
-737.09259033
-519.11596680
-618.94580078
-632.68579102
-352.13476562
-638.19622803
-686.88629150
-585.59472656
-755.36596680
-568.12756348
-642.04309082
-544.75384521
-557.18170166
-681.96966553
-436.35659790
-408.99148560
-715.82098389
-535.50219727
-623.90997314
-612.28790283
-379.24566650
-573.63775635
-630.59204102
-530.74517822
-717.18316650
-580.44305420
-641.42742920
-521.73895264
-524.96478271
-779.20068359
-513.69415283
-475.59994507
-786.16125488
-577.74316406
-688.12567139
-666.39929199
-399.74734497
-653.30871582
-698.88677979
-600.87786865
-768.53265381
-642.50579834
-707.35443115
-566.94549561
-575.60815430
-799.79602051
-522.49224854
-493.29785156
-841.60156250
-632.45184326
-736.56616211
-735.79345703
-442.78878784
-691.33959961
-759.56066895
-653.85034180
-864.44323730
-667.97119141
-769.83648682
-620.66369629
-619.32641602
-890.30688477
-606.32421875
-544.04278564
-922.28472900
-661.75274658
-779.16931152
-773.40441895
-455.84362793
-760.35845947
-823.27996826
-696.78723145
-910.39251709
-729.10864258
-793.34411621
-662.89251709
-671.47094727
-711.49798584
-478.09637451
-434.61761475
-693.88568115
-518.01501465
-608.38824463
-586.29510498
-351.28674316
-614.53820801
-641.84271240
-541.24212646
-701.62731934
-577.38574219
-628.49334717
-507.17788696
-527.82025146
-761.12591553
-504.26318359
-473.23281860
-796.25036621
-595.17810059
-697.82000732
-703.85455322
-424.56173706
-669.90106201
-727.72186279
-629.19274902
-819.95104980
-613.12994385
-708.42810059
-575.47412109
-587.66278076
-795.18951416
-543.23529053
-486.84271240
-816.60638428
-588.61059570
-696.63433838
-698.22784424
-406.89031982
-685.80523682
-740.05316162
-634.84613037
-816.32177734
-641.59350586
-713.09942627
-588.61682129
-592.54821777
-744.11041260
-479.42816162
-465.62017822
-761.22650146
-566.47222900
-683.24627686
-670.83312988
-406.44219971
-632.66613770
-684.06054688
-607.53338623
-778.92144775
-605.98223877
-710.04119873
-558.12402344
-576.80242920
-878.89190674
-606.51544189
-555.76708984
-941.67297363
-678.82629395
-808.52667236
-822.75439453
-476.72262573
-778.41845703
-855.21209717
-739.12731934
-942.44628906
-716.40289307
-805.80242920
-678.53515625
-667.34112549
-709.92559814
-495.35107422
-441.68655396
-705.16015625
-507.72845459
-605.26422119
-603.82196045
-348.82357788
-623.83923340
-656.33508301
-553.69421387
-703.16467285
-568.72033691
-610.81970215
-511.40615845
-524.29644775
-675.14251709
-458.33206177
-436.39331055
-717.00177002
-515.89398193
-608.74530029
-639.65356445
-347.90890503
-596.15539551
-670.06774902
-576.84954834
-758.84484863
-549.51000977
-651.84466553
-551.80181885
-529.69897461
-734.51525879
-511.41934204
-469.72875977
-774.13763428
-532.77435303
-636.28027344
-673.07080078
-360.56918335
-643.48455811
-721.04638672
-602.26434326
-789.24597168
-580.45928955
-663.97668457
-582.80346680
-563.89587402
-663.00189209
-442.31939697
-425.53515625
-715.21411133
-514.65405273
-601.03442383
-629.52239990
-345.60263062
-578.76019287
-656.61065674
-572.14428711
-764.01263428
-543.71063232
-658.03240967
-553.24676514
-531.37847900
-864.95989990
-606.65441895
-566.27679443
-936.19165039
-649.42767334
-788.16607666
-830.88891602
-447.66680908
-770.99206543
-869.28918457
-744.80590820
-948.73461914
-694.73193359
-800.53930664
-698.51904297
-663.92919922
-662.36767578
-482.38928223
-425.94177246
-681.30084229
-469.38467407
-556.18878174
-578.89086914
-308.42987061
-591.97229004
-643.38525391
-543.46649170
-704.64208984
-522.26226807
-583.37408447
-511.98513794
-506.57498169
-739.10754395
-495.46841431
-468.74502563
-789.96258545
-586.51696777
-693.64123535
-701.28527832
-419.02899170
-655.11285400
-718.40441895
-633.36480713
-820.19665527
-598.37536621
-709.24359131
-575.81042480
-581.04022217
-774.77136230
-537.19433594
-493.97357178
-817.47131348
-589.51812744
-708.20379639
-707.39617920
-413.16287231
-682.07226562
-742.15209961
-661.37121582
-838.27838135
-626.22949219
-724.87451172
-593.49615479
-603.96264648
-786.95562744
-524.53680420
-506.43753052
-842.32135010
-636.87353516
-754.82244873
-762.68786621
-460.86688232
-706.59283447
-775.21533203
-696.97296143
-896.71868896
-635.87164307
-780.04663086
-619.34631348
-632.47045898
-950.44152832
-666.59790039
-610.35449219
-1027.69226074
-734.77685547
-880.05645752
-896.27386475
-514.85064697
-846.85559082
-932.21124268
-824.74334717
-1045.37438965
-763.07580566
-887.32672119
-740.64831543
-739.61608887
-786.03216553
-553.64416504
-498.07388306
-785.79956055
-574.35089111
-680.02496338
-680.38549805
-396.30389404
-711.20275879
-748.47198486
-637.19708252
-813.74359131
-620.57281494
-690.18927002
-575.09936523
-597.25878906
-745.55090332
-506.31930542
-478.75961304
-781.39178467
-574.48120117
-674.74743652
-696.07794189
-396.41796875
-663.18273926
-729.52453613
-634.50878906
-822.53582764
-594.86035156
-707.45629883
-581.13360596
-580.23590088
-822.97967529
-564.17730713
-523.12341309
-870.25762939
-615.64099121
-730.44525146
-760.08929443
-422.85589600
-721.08032227
-803.62384033
-682.14105225
-892.47290039
-656.78210449
-758.30059814
-647.23223877
-635.88739014
-833.73657227
-553.19360352
-530.05059814
-895.81146240
-659.11773682
-770.29522705
-784.56524658
-462.26718140
-728.52478027
-812.13098145
-711.10815430
-944.71124268
-682.84167480
-811.74114990
-665.44213867
-673.10034180
-1013.32409668
-696.91290283
-642.01495361
-1047.43017578
-754.35882568
-896.31536865
-921.38049316
-514.07073975
-900.29272461
-981.58209229
-831.55541992
-1070.17590332
-808.33721924
-917.12145996
-773.76959229
-759.90502930
-770.04541016
-539.87567139
-489.96569824
-774.95623779
-544.52404785
-651.02673340
-661.49114990
-368.58804321
-670.17987061
-721.48114014
-610.19281006
-789.02307129
-607.49011230
-677.10638428
-575.85772705
-589.82043457
-699.62481689
-457.49917603
-423.65863037
-728.12774658
-547.21728516
-636.77416992
-624.30444336
-386.28823853
-592.96405029
-647.05242920
-549.28399658
-735.92456055
-590.49707031
-654.86517334
-530.69305420
-540.64215088
-782.84417725
-512.62487793
-473.70834351
-787.89703369
-578.81958008
-686.98992920
-667.95666504
-399.10260010
-657.44714355
-703.23126221
-598.69232178
-775.87268066
-642.24713135
-708.48016357
-569.48217773
-578.87200928
-804.80078125
-526.45837402
-490.04122925
-845.32989502
-635.42907715
-733.55358887
-730.68164062
-444.50500488
-693.78906250
-760.48724365
-648.38378906
-865.36047363
-674.30114746
-766.11938477
-620.34063721
-621.20581055
-911.17333984
-618.14172363
-561.02050781
-945.78320312
-679.02032471
-806.33892822
-801.57434082
-469.31118774
-779.81939697
-845.37640381
-722.20837402
-936.42315674
-747.58404541
-821.77673340
-683.96356201
-688.19622803
-726.56286621
-491.16070557
-440.38330078
-707.78204346
-526.29724121
-611.64501953
-591.37384033
-354.10928345
-626.88232422
-654.43328857
-543.95672607
-710.52832031
-590.35882568
-632.35174561
-516.73602295
-535.29016113
-752.43994141
-496.92587280
-468.83953857
-787.11016846
-587.61157227
-691.95788574
-695.96618652
-420.47326660
-659.83514404
-717.97821045
-621.72259521
-808.24426270
-608.44921875
-702.97052002
-569.44311523
-580.63500977
-782.19342041
-537.36041260
-481.29458618
-804.82989502
-578.01080322
-686.06738281
-688.33282471
-398.92050171
-675.55255127
-728.89581299
-627.66705322
-802.81622314
-631.48175049
-701.26422119
-579.41552734
-581.76293945
-727.14135742
-468.78756714
-456.33544922
-747.59381104
-556.78454590
-671.46002197
-661.12976074
-400.90191650
-620.70910645
-672.49804688
-598.27734375
-767.05615234
-592.73687744
-697.89654541
-547.31835938
-567.12335205
-864.40692139
-597.38348389
-545.63977051
-923.58526611
-667.01245117
-792.34332275
-805.78125000
-466.79089355
-765.57617188
-839.94323730
-724.83538818
-925.84930420
-704.42852783
-789.55413818
-664.99920654
-654.64343262
-696.28216553
-483.10726929
-433.39508057
-688.85931396
-496.71688843
-594.95916748
-591.18682861
-341.98159790
-609.20587158
-641.42462158
-542.60321045
-687.42089844
-557.49285889
-601.20196533
-499.96099854
-514.12786865
-663.11651611
-448.71905518
-429.66394043
-707.73077393
-509.27017212
-601.83337402
-632.67572021
-344.47610474
-583.87841797
-659.52630615
-568.54589844
-746.77044678
-541.00604248
-643.99353027
-544.11413574
-520.07324219
-734.17230225
-512.93988037
-471.84735107
-776.45129395
-533.68920898
-639.96911621
-675.86090088
-362.60614014
-643.40661621
-721.88079834
-605.78576660
-790.13671875
-580.32031250
-664.55187988
-582.76043701
-563.91467285
-655.93072510
-438.47558594
-419.18798828
-705.72576904
-509.74713135
-593.38208008
-619.54711914
-342.26547241
-575.09478760
-649.34533691
-564.05108643
-756.59661865
-536.50628662
-648.15795898
-545.23065186
-525.82336426
-844.97747803
-592.44647217
-552.35699463
-909.41473389
-632.28112793
-767.16101074
-807.08111572
-435.17376709
-751.43969727
-845.26623535
-722.64575195
-921.03863525
-678.45471191
-778.27783203
-678.62390137
-647.06311035
-641.70043945
-464.14929199
-411.74719238
-659.87872314
-457.35498047
-540.95336914
-560.51324463
-300.75607300
-571.03894043
-621.80041504
-525.49432373
-682.54266357
-507.46746826
-568.29339600
-497.34692383
-491.29553223
-728.02221680
-487.11419678
-461.76922607
-779.78405762
-580.85394287
-687.54370117
-694.79956055
-415.35897827
-645.93310547
-709.11199951
-627.42852783
-811.54425049
-589.50836182
-701.72509766
-567.91583252
-573.63763428
-780.64288330
-541.01849365
-497.50259399
-823.29455566
-593.35375977
-712.38165283
-712.07409668
-415.14413452
-687.82543945
-748.58880615
-664.40264893
-842.89984131
-630.43762207
-728.72918701
-597.29736328
-607.93731689
-772.19805908
-514.70843506
-494.44052124
-819.44750977
-619.39636230
-733.57574463
-739.23852539
-446.23638916
-693.10992432
-757.35308838
-676.30230713
-872.28210449
-623.30865479
-759.45867920
-603.47656250
-617.07232666
-909.35406494
-638.17663574
-584.35314941
-981.39337158
-699.90203857
-840.30364990
-854.11816406
-490.72213745
-807.63281250
-887.75305176
-787.16516113
-996.48663330
-731.14123535
-848.13732910
-706.94000244
-707.60852051
-754.90979004
-530.74737549
-476.73910522
-755.43048096
-554.22100830
-653.88476562
-654.48004150
-381.60714722
-682.27911377
-718.84729004
-610.50219727
-782.75799561
-597.03155518
-662.48229980
-552.68756104
-574.00872803
-738.25402832
-500.36437988
-473.79516602
-777.05902100
-571.73278809
-671.38067627
-692.26470947
-394.34518433
-657.86370850
-724.20172119
-631.93518066
-819.96295166
-589.89990234
-703.83453369
-577.88018799
-577.10174561
-820.04370117
-563.48999023
-521.42169189
-867.96838379
-613.58172607
-728.09802246
-757.00268555
-421.54968262
-720.02178955
-801.11340332
-678.25500488
-889.19421387
-654.92346191
-754.31018066
-644.62072754
-634.60583496
-807.22814941
-535.23382568
-512.89727783
-860.13787842
-633.11376953
-741.28088379
-752.35522461
-442.09603882
-704.47167969
-782.29602051
-683.04791260
-907.22613525
-658.92980957
-782.33770752
-640.05950928
-649.26617432
-962.68707275
-662.78417969
-610.88964844
-996.20806885
-717.09204102
-852.74377441
-876.69458008
-488.27352905
-855.70776367
-933.61560059
-792.63885498
-1018.64495850
-767.38360596
-873.02172852
-737.59387207
-722.95458984
-735.41149902
-517.15344238
-469.55572510
-743.06604004
-522.52838135
-624.10369873
-635.62274170
-354.23263550
-642.97338867
-692.45141602
-586.38940430
-758.29602051
-580.43444824
-648.00732422
-551.76959229
-564.80566406
-700.65917969
-458.63659668
-424.91848755
-732.63146973
-548.73699951
-637.24737549
-628.44683838
-386.54980469
-595.80761719
-651.69036865
-553.22747803
-741.10369873
-591.23834229
-657.00201416
-534.94903564
-541.73016357
-779.17559814
-513.08117676
-471.92944336
-786.67883301
-575.86529541
-683.99615479
-664.75030518
-396.84799194
-656.65679932
-702.47320557
-597.50738525
-773.37921143
-639.89746094
-703.54077148
-568.82720947
-575.91534424
-773.52062988
-507.55828857
-472.96505737
-811.46350098
-610.96032715
-705.93566895
-701.90917969
-426.38607788
-667.82220459
-730.80285645
-624.38226318
-833.31555176
-647.24096680
-737.17352295
-596.11798096
-598.66992188
-875.02172852
-593.92285156
-538.06884766
-909.68200684
-653.22161865
-774.81451416
-770.42797852
-450.71911621
-749.92718506
-813.64495850
-694.28167725
-900.23687744
-718.32690430
-789.50585938
-656.85394287
-661.26007080
-704.36889648
-475.24401855
-427.47723389
-687.21520996
-510.98748779
-595.31640625
-575.84112549
-345.07061768
-607.26623535
-635.38098145
-529.25671387
-691.11511230
-571.63464355
-614.71307373
-501.53076172
-519.31762695
-749.73321533
-494.05462646
-466.14642334
-784.23919678
-586.98913574
-689.47235107
-693.28472900
-419.81970215
-657.29156494
-715.83325195
-618.30908203
-806.95043945
-606.15093994
-700.25006104
-567.78930664
-579.76361084
-796.77380371
-544.82983398
-490.41104126
-824.02294922
-592.73358154
-704.00738525
-704.93334961
-411.01217651
-687.42724609
-743.54669189
-641.00317383
-821.68127441
-645.39141846
-719.54510498
-592.32940674
-596.51708984
-761.53875732
-490.69357300
-476.24673462
-779.75708008
-582.63177490
-700.94281006
-689.10467529
-418.40811157
-650.33300781
-702.56311035
-623.56475830
-800.38946533
-619.80401611
-728.79467773
-571.52197266
-590.77246094
-894.36126709
-617.88037109
-564.15588379
-955.25366211
-688.62194824
-819.13189697
-833.53558350
-482.14971924
-792.03411865
-868.21667480
-749.62219238
-958.25335693
-727.95251465
-818.22430420
-688.65576172
-678.71087646
-717.23822021
-498.42678833
-446.87817383
-709.78393555
-511.60247803
-612.39941406
-608.58947754
-352.65396118
-628.34460449
-660.78039551
-559.31787109
-709.24017334
-573.79119873
-619.17266846
-515.62731934
-529.48657227
-658.10351562
-446.93255615
-427.55087280
-704.23645020
-505.19934082
-596.87237549
-629.15972900
-340.43801880
-581.32257080
-656.58142090
-567.73736572
-746.37072754
-535.42858887
-641.16125488
-542.51367188
-517.80175781
-743.40454102
-519.00646973
-477.92147827
-791.04772949
-545.01458740
-651.88604736
-688.64184570
-371.29071045
-653.31372070
-734.44055176
-617.62841797
-807.91003418
-589.29278564
-676.83398438
-593.71539307
-573.98388672
-680.39227295
-455.28640747
-436.37173462
-734.56451416
-530.09545898
-616.73303223
-645.70678711
-355.22360229
-597.49035645
-675.55987549
-588.21838379
-787.37396240
-557.49890137
-674.51611328
-566.94104004
-545.58715820
-877.46008301
-614.46209717
-572.08795166
-943.97839355
-656.86322021
-794.61621094
-835.69445801
-451.36560059
-780.48516846
-877.34100342
-749.15484619
-956.95587158
-703.92114258
-807.53515625
-704.81109619
-671.88226318
-665.57336426
-482.14132690
-425.84759521
-681.99975586
-471.56838989
-557.62799072
-578.00555420
-309.83761597
-591.24047852
-642.46990967
-542.18286133
-704.52514648
-525.06579590
-586.39343262
-513.21856689
-508.57196045
-739.07788086
-495.02243042
-469.63424683
-790.30627441
-589.47460938
-696.85327148
-704.44384766
-421.14956665
-657.13031006
-719.49157715
-637.77886963
-824.13537598
-597.19744873
-713.38824463
-576.99700928
-582.75067139
-796.08776855
-552.02337646
-506.45886230
-840.41986084
-606.00927734
-726.54541016
-726.93597412
-423.87982178
-700.42950439
-763.90277100
-678.30041504
-861.05877686
-643.45281982
-743.44641113
-609.99676514
-619.77020264
-803.81555176
-536.77331543
-515.21643066
-857.34429932
-646.28265381
-765.48211670
-774.16827393
-466.77670288
-720.81158447
-789.73004150
-705.16308594
-909.96911621
-650.18536377
-790.47454834
-629.95721436
-643.67687988
-942.08380127
-660.58319092
-602.45214844
-1013.84783936
-723.62927246
-865.43493652
-880.88244629
-506.45947266
-836.39190674
-918.22613525
-810.64685059
-1029.21374512
-756.30065918
-874.39538574
-730.19317627
-730.79345703
-773.15209961
-541.20404053
-487.84201050
-770.77239990
-565.29394531
-667.20434570
-666.42614746
-389.42071533
-695.77929688
-732.62609863
-622.48211670
-797.37329102
-611.87426758
-678.41076660
-564.11712646
-586.29882812
-747.43603516
-504.48791504
-479.69100952
-784.93804932
-578.77001953
-679.71246338
-698.40600586
-399.57858276
-664.00756836
-730.30645752
-635.94354248
-826.84814453
-600.03356934
-713.06158447
-584.35839844
-583.62847900
-839.71636963
-574.94958496
-532.82495117
-887.85839844
-628.75891113
-746.10620117
-775.32440186
-431.52175903
-736.18353271
-819.02679443
-693.44775391
-908.37292480
-671.70611572
-771.13793945
-658.33508301
-647.38964844
-839.65789795
-557.04693604
-534.61401367
-897.02331543
-659.37200928
-773.28607178
-785.76483154
-461.05258179
-731.53082275
-814.05126953
-713.51373291
-943.04016113
-685.33837891
-813.89288330
-666.95288086
-673.98468018
-990.93719482
-684.20245361
-629.09570312
-1023.22521973
-734.84313965
-874.76068115
-900.42791748
-499.26748657
-881.10754395
-960.51416016
-813.95544434
-1046.38781738
-788.98736572
-895.94219971
-756.82147217
-743.12921143
-748.71649170
-525.04254150
-478.01464844
-757.96545410
-532.23406982
-637.37213135
-648.05340576
-361.27301025
-653.38543701
-705.15563965
-597.36212158
-774.18835449
-590.53833008
-662.38098145
-563.52209473
-577.60144043
-695.63281250
-454.99569702
-422.15911865
-728.70385742
-546.44268799
-634.70324707
-624.58245850
-386.22518921
-590.12274170
-646.55834961
-548.06518555
-735.76904297
-587.68896484
-653.22271729
-531.34277344
-539.30883789
-793.05102539
-521.22528076
-481.30343628
-801.65173340
-587.22259521
-698.94964600
-680.44628906
-405.64230347
-666.93267822
-714.79956055
-610.72204590
-787.63061523
-651.39520264
-718.76019287
-579.61193848
-586.10192871
-806.81524658
-529.54309082
-492.22842407
-847.13281250
-637.70684814
-734.90411377
-732.81512451
-445.34576416
-696.57952881
-763.16082764
-651.23504639
-868.15185547
-674.69342041
-766.88415527
-620.96923828
-623.33825684
-900.28625488
-610.12072754
-553.97088623
-933.19659424
-670.06524658
-796.48767090
-789.14965820
-462.75729370
-771.01269531
-835.06304932
-711.37591553
-923.54638672
-740.20495605
-810.91223145
-674.18988037
-680.13281250
-720.31536865
-485.63314819
-437.47851562
-704.47808838
-525.05590820
-611.29534912
-591.00366211
-354.79138184
-621.55438232
-650.03399658
-543.67175293
-709.18670654
-585.94622803
-631.51458740
-514.23052979
-531.98474121
-696.16766357
-463.44378662
-436.70568848
-739.90722656
-551.92797852
-647.50061035
-659.18701172
-395.74984741
-617.29455566
-676.06573486
-588.60223389
-764.60253906
-560.03442383
-656.34423828
-533.30084229
-541.41833496
-770.19073486
-525.60180664
-477.71826172
-803.91424561
-579.50903320
-690.83435059
-691.51928711
-404.88137817
-666.33923340
-724.05224609
-633.46044922
-811.14349365
-621.47271729
-708.76214600
-579.11535645
-587.02130127
-733.79022217
-479.17059326
-461.25820923
-745.81884766
-557.94665527
-668.23321533
-658.67224121
-397.56347656
-635.24664307
-681.42327881
-603.78833008
-776.82885742
-589.90032959
-697.71203613
-548.38269043
-572.01379395
-849.51879883
-587.92694092
-537.40869141
-910.80120850
-656.23815918
-780.06793213
-795.69628906
-459.73272705
-753.50671387
-827.76580811
-717.18170166
-914.56402588
-691.01660156
-780.10968018
-656.12371826
-645.69677734
-692.27447510
-480.40740967
-431.17868042
-687.46429443
-496.03778076
-592.64312744
-589.69982910
-342.23123169
-608.03863525
-640.30914307
-541.08288574
-689.11553955
-555.26306152
-600.66406250
-499.60018921
-514.07855225
-665.94207764
-457.55032349
-432.29748535
-704.79968262
-508.42864990
-598.00518799
-630.11785889
-340.37951660
-593.98284912
-663.77398682
-576.08325195
-754.49780273
-532.89819336
-642.78533936
-541.64416504
-523.84576416
-734.05322266
-510.00402832
-468.20864868
-778.62933350
-537.92126465
-638.05438232
-676.40942383
-363.80288696
-644.89593506
-725.25842285
-604.12554932
-798.33605957
-582.56243896
-666.45025635
-586.58203125
-565.45922852
-665.43444824
-443.45303345
-426.38253784
-712.82836914
-513.99249268
-600.40142822
-626.20507812
-344.86462402
-580.59747314
-655.65130615
-569.21600342
-762.15905762
-545.70904541
-657.16564941
-551.90911865
-532.70050049
-844.10717773
-592.34814453
-551.58044434
-910.37951660
-632.65423584
-766.36175537
-807.08166504
-434.75360107
-751.95812988
-846.58685303
-724.07965088
-924.60205078
-676.93432617
-779.38842773
-679.48345947
-648.86596680
-642.43536377
-465.37326050
-411.45852661
-659.77795410
-456.63876343
-538.24023438
-559.23065186
-299.25640869
-573.02062988
-622.37030029
-524.07080078
-683.20227051
-507.33972168
-566.88653564
-497.09216309
-492.19128418
-733.43017578
-486.94671631
-462.52020264
-778.30096436
-580.35943604
-687.92993164
-689.68804932
-414.30050659
-644.67205811
-706.76696777
-620.97821045
-807.65710449
-600.37127686
-703.36346436
-569.01916504
-575.94293213
-770.46557617
-534.44152832
-484.70022583
-808.71673584
-584.53710938
-696.71380615
-693.70745850
-407.23095703
-675.71398926
-733.91998291
-646.64898682
-824.44604492
-625.57464600
-711.85302734
-585.55706787
-594.54711914
-768.62292480
-506.21258545
-490.93545532
-815.19213867
-617.17633057
-733.66729736
-735.28594971
-445.91979980
-682.56451416
-746.62451172
-669.08978271
-861.15899658
-624.64941406
-758.33929443
-600.02148438
-611.50170898
-915.44079590
-642.38385010
-586.49511719
-987.54742432
-704.47576904
-843.67089844
-857.91357422
-494.02120972
-813.67358398
-893.56439209
-788.31884766
-1001.54504395
-736.73376465
-850.77520752
-710.37127686
-711.16406250
-752.48431396
-527.40594482
-474.37527466
-749.83758545
-550.17358398
-649.51965332
-648.28704834
-378.48056030
-677.89874268
-712.78375244
-605.52685547
-774.97741699
-595.51275635
-658.83178711
-547.84454346
-569.44647217
-713.83709717
-482.74551392
-457.00588989
-750.35076904
-548.95397949
-643.43054199
-667.96606445
-380.28048706
-631.72943115
-697.78765869
-602.83428955
-786.62524414
-569.95941162
-676.02746582
-560.16925049
-557.48406982
-786.95123291
-542.91912842
-500.65365601
-831.03173828
-586.10028076
-696.68212891
-723.24774170
-401.93463135
-689.68048096
-766.19036865
-647.90423584
-845.42871094
-628.74481201
-716.11053467
-614.38909912
-604.17883301
-781.64282227
-518.02606201
-497.81756592
-847.32556152
-623.62432861
-729.67639160
-746.45336914
-439.18502808
-683.48449707
-766.65722656
-673.06732178
-891.92633057
-641.69842529
-765.78222656
-628.75207520
-631.34539795
-960.79138184
-662.84832764
-608.90765381
-992.21447754
-713.17010498
-848.24383545
-872.65393066
-485.17883301
-853.51715088
-930.24243164
-787.57379150
-1012.09393311
-766.34539795
-867.57574463
-733.15435791
-719.19744873
-725.82000732
-509.02471924
-463.06738281
-732.47894287
-515.26177979
-616.35571289
-626.87042236
-348.67514038
-632.54254150
-681.00933838
-577.70404053
-746.35913086
-573.16027832
-640.31665039
-543.83978271
-557.31231689
-666.85980225
-438.78326416
-400.83004761
-692.41424561
-521.40515137
-600.89074707
-589.88269043
-364.18411255
-569.79101562
-618.70922852
-522.52947998
-702.12609863
-561.42810059
-619.54071045
-503.67480469
-511.10614014
-741.27343750
-486.83905029
-450.45791626
-738.87731934
-538.85968018
-645.62286377
-629.09454346
-370.83822632
-621.34271240
-662.80334473
-565.09063721
-724.43493652
-601.69604492
-666.92718506
-535.26947021
-543.34613037
-764.00817871
-501.83129883
-467.39920044
-807.57708740
-607.26275635
-700.17095947
-698.47778320
-424.70297241
-660.69616699
-725.74145508
-619.28637695
-828.71679688
-639.42840576
-730.00518799
-592.02166748
-592.53674316
-865.63079834
-588.47967529
-533.77105713
-898.18170166
-644.45684814
-766.46148682
-760.60449219
-445.38558960
-741.57495117
-803.02301025
-685.92181396
-889.09503174
-710.50939941
-780.10192871
-648.08325195
-653.25354004
-692.85192871
-467.11697388
-420.74572754
-677.36407471
-504.18927002
-586.38061523
-567.97875977
-340.42684937
-597.97277832
-625.73468018
-522.49310303
-682.14141846
-563.08599854
-607.23455811
-494.12088013
-512.44079590
-726.78314209
-486.55938721
-455.56619263
-772.46380615
-574.41625977
-673.26330566
-687.07073975
-411.49197388
-645.85253906
-706.87860107
-614.96337891
-799.54266357
-584.26074219
-683.02734375
-556.77716064
-565.32806396
-794.63140869
-541.14855957
-492.03604126
-828.25244141
-597.33941650
-711.03479004
-711.67822266
-417.86663818
-688.16973877
-746.51562500
-651.69836426
-835.95898438
-641.48498535
-729.19073486
-596.56695557
-604.97906494
-760.19348145
-496.18789673
-476.01000977
-774.06604004
-577.92114258
-691.83361816
-682.25628662
-411.05532837
-656.39843750
-704.73815918
-624.11187744
-804.23187256
-612.26440430
-722.25299072
-568.48168945
-591.85028076
-880.65667725
-608.87152100
-554.81317139
-939.92938232
-678.22705078
-805.63574219
-819.58520508
-474.75875854
-779.65942383
-854.87390137
-737.46185303
-940.93280029
-716.73120117
-803.03784180
-677.07421875
-666.57421875
-701.67279053
-487.06726074
-436.21762085
-692.96655273
-499.20721436
-597.69262695
-593.26562500
-343.35263062
-613.48687744
-644.63500977
-543.94952393
-691.32427979
-562.30590820
-605.14660645
-503.32159424
-518.22589111
-700.97454834
-480.84100342
-453.77090454
-738.12750244
-532.67773438
-625.60253906
-658.16912842
-356.91659546
-624.63415527
-696.00402832
-600.53283691
-788.01269531
-561.12548828
-671.91479492
-567.56988525
-549.08746338
-754.90167236
-523.23706055
-479.38796997
-798.15350342
-550.78192139
-652.69903564
-691.36407471
-370.90527344
-661.11724854
-742.25396729
-617.33355713
-815.70166016
-599.26379395
-683.03070068
-601.28491211
-579.88360596
-685.12780762
-456.06719971
-438.40814209
-733.72393799
-528.57769775
-618.71240234
-644.50201416
-354.74740601
-597.18957520
-674.49560547
-583.59936523
-781.43835449
-563.01354980
-674.13616943
-567.04040527
-547.45758057
-859.70983887
-603.00445557
-561.82867432
-925.49542236
-643.25097656
-779.14172363
-820.28704834
-441.78799438
-765.22863770
-860.88421631
-735.44720459
-938.63885498
-688.92584229
-791.43597412
-690.54803467
-658.42669678
-646.27124023
-468.04254150
-414.26986694
-662.18109131
-458.02801514
-541.48712158
-561.73956299
-300.11898804
-574.73565674
-625.02081299
-527.40191650
-685.66040039
-509.80380249
-570.79638672
-499.59310913
-494.66024780
-758.36120605
-503.60076904
-480.06628418
-804.23602295
-598.99920654
-712.50250244
-713.49230957
-427.95712280
-666.92614746
-730.47131348
-642.58233643
-832.76770020
-619.49633789
-727.84948730
-588.19189453
-596.31097412
-791.50665283
-549.73803711
-500.37695312
-832.02728271
-601.39959717
-716.67193604
-716.06115723
-417.47445679
-697.26458740
-758.18005371
-668.40551758
-851.25683594
-640.62335205
-733.48028564
-603.71832275
-611.78076172
-787.68090820
-522.09100342
-504.97561646
-839.86975098
-632.67218018
-752.46417236
-758.09490967
-456.88168335
-701.38586426
-770.45080566
-691.43365479
-887.91784668
-639.17187500
-778.50518799
-617.72387695
-629.73431396
-933.24151611
-656.11840820
-599.70373535
-1006.82659912
-718.76123047
-861.28479004
-876.12548828
-503.04608154
-830.97979736
-912.21618652
-807.80230713
-1023.08630371
-750.21850586
-868.46783447
-725.62280273
-725.41717529
-762.09924316
-535.55725098
-482.02157593
-762.05108643
-559.04431152
-659.18927002
-660.00164795
-384.90054321
-689.38848877
-725.99591064
-618.05181885
-790.61730957
-602.78509521
-669.58160400
-557.51031494
-579.64636230
-740.81030273
-501.72174072
-476.01321411
-782.03308105
-572.66467285
-671.18798828
-696.37579346
-396.22244263
-656.23052979
-725.93566895
-630.42169189
-821.35174561
-592.00000000
-705.40264893
-583.51293945
-581.18487549
-827.37561035
-570.01245117
-527.46643066
-875.43969727
-618.03289795
-735.71740723
-764.39678955
-426.27407837
-726.33221436
-808.07263184
-684.55328369
-892.90734863
-661.35772705
-756.70690918
-647.80950928
-637.69512939
-820.21374512
-545.66253662
-522.55755615
-886.11260986
-650.73986816
-760.41174316
-778.89880371
-457.03900146
-718.75811768
-803.36761475
-703.36700439
-932.07012939
-671.66241455
-798.23095703
-656.05206299
-660.51049805
-990.14337158
-682.21917725
-628.28558350
-1023.58050537
-735.42517090
-875.01446533
-900.11816406
-499.73159790
-880.22662354
-959.40057373
-812.83105469
-1045.32739258
-789.53167725
-895.53399658
-756.49218750
-742.64141846
-747.03259277
-525.27514648
-475.88684082
-754.51879883
-530.22296143
-632.87500000
-643.74377441
-358.59860229
-651.62243652
-701.92175293
-593.64556885
-769.51116943
-589.54797363
-657.67645264
-560.37237549
-574.47491455
-700.35113525
-459.82290649
-421.35369873
-727.78399658
-549.36975098
-633.09674072
-620.58868408
-384.59661865
-597.85101318
-650.07104492
-548.04473877
-737.48791504
-591.22003174
-651.72808838
-528.68835449
-537.27783203
-783.53570557
-514.22442627
-475.66311646
-782.95507812
-571.59106445
-683.53643799
-664.84405518
-394.42318726
-655.83892822
-700.41705322
-596.10125732
-767.26043701
-637.60192871
-706.12207031
-566.05200195
-575.39062500
-801.66137695
-525.72583008
-489.66513062
-839.96423340
-632.18200684
-729.94616699
-727.18133545
-441.24829102
-691.28656006
-757.04406738
-646.66271973
-861.39489746
-669.32153320
-763.11737061
-616.70953369
-619.20318604
-896.23632812
-609.45916748
-552.02142334
-930.25726318
-666.99353027
-792.13330078
-787.48950195
-460.29330444
-767.87365723
-832.20544434
-709.44110107
-920.86029053
-734.17004395
-807.39044189
-671.90698242
-677.29779053
-713.09393311
-481.69638062
-431.95410156
-695.64422607
-516.31036377
-601.17352295
-581.24822998
-347.55352783
-615.49694824
-642.80364990
-534.41772461
-698.06707764
-578.37994385
-621.21923828
-506.78808594
-525.44842529
-742.71124268
-489.88085938
-461.62179565
-775.63769531
-579.90765381
-681.62396240
-685.71417236
-414.00091553
-651.51757812
-708.28283691
-612.57720947
-797.44628906
-598.93817139
-692.38104248
-560.71929932
-572.91162109
-779.53430176
-532.38781738
-480.54605103
-805.28790283
-579.46777344
-689.66516113
-689.80151367
-402.28173828
-672.68701172
-727.04901123
-628.33166504
-804.87622070
-630.63952637
-704.13488770
-579.51562500
-583.11950684
-745.73059082
-481.56484985
-468.40460205
-764.50543213
-569.96490479
-687.76092529
-676.53515625
-409.16253662
-638.00872803
-690.15911865
-613.49816895
-784.97595215
-606.17175293
-714.14587402
-561.09826660
-578.69470215
-877.54791260
-607.74322510
-554.87408447
-938.95629883
-675.86285400
-803.03887939
-819.57080078
-472.81060791
-777.73101807
-854.32232666
-737.61535645
-941.23614502
-713.44915771
-801.83929443
-677.30706787
-666.02557373
-703.37707520
-489.11218262
-436.66781616
-696.67028809
-503.05358887
-599.34405518
-596.53240967
-346.52532959
-615.93511963
-647.92169189
-547.05444336
-696.92541504
-563.68804932
-606.04113770
-505.63000488
-520.54199219
-652.80749512
-441.81320190
-423.90914917
-696.10729980
-500.80200195
-592.59442139
-622.76715088
-338.79333496
-575.35003662
-649.37622070
-561.57000732
-736.35095215
-531.55926514
-635.29528809
-535.78430176
-513.13000488
-733.22882080
-511.42422485
-470.65103149
-780.05682373
-538.18463135
-643.21575928
-679.88311768
-365.58102417
-644.00323486
-723.75836182
-607.94085693
-796.24383545
-581.64166260
-668.13928223
-585.96264648
-566.18469238
-675.88500977
-452.24520874
-433.29467773
-729.67150879
-527.07360840
-614.99963379
-642.89697266
-354.48870850
-593.41174316
-670.90319824
-585.16357422
-782.47509766
-554.20098877
-671.07324219
-563.38018799
-542.80029297
-867.55871582
-609.44256592
-566.21820068
-933.39764404
-648.27416992
-784.81121826
-826.36584473
-444.80606079
-773.50805664
-869.29113770
-741.90649414
-946.07476807
-694.74926758
-798.05139160
-696.69354248
-664.54321289
-647.95794678
-470.92269897
-414.75595093
-662.18597412
-456.34710693
-539.30566406
-560.31811523
-298.48303223
-576.71673584
-625.99298096
-526.33325195
-684.57098389
-509.87445068
-568.24560547
-499.02426147
-494.15985107
-723.07543945
-482.72866821
-458.04644775
-773.06762695
-576.84027100
-681.83178711
-687.66442871
-412.71194458
-640.64819336
-702.32019043
-620.86907959
-804.42871094
-585.91247559
-696.59490967
-562.92285156
-569.79321289
-783.23474121
-541.82427979
-498.37612915
-826.91436768
-598.26989746
-716.73138428
-715.79437256
-418.26568604
-689.38793945
-751.02972412
-666.64886475
-847.26544189
-634.98297119
-732.68157959
-599.65277100
-609.04962158
-797.74511719
-530.52227783
-510.70938110
-850.19519043
-642.11273193
-760.00274658
-767.56481934
-462.78045654
-714.11669922
-782.89288330
-699.00482178
-902.05853271
-645.01153564
-785.26464844
-625.03082275
-638.03173828
-938.39654541
-659.06628418
-602.26208496
-1011.43054199
-721.89990234
-865.67169189
-880.06518555
-505.84823608
-834.66296387
-916.71673584
-810.43212891
-1027.66333008
-754.45971680
-873.86334229
-729.20904541
-729.09344482
-760.00286865
-535.04455566
-480.44186401
-755.74047852
-553.76403809
-653.44012451
-653.83734131
-379.94308472
-687.16894531
-722.20867920
-613.05493164
-783.50842285
-599.35485840
-664.28796387
-553.69860840
-575.26416016
-724.53784180
-490.11758423
-464.69152832
-761.84399414
-561.29205322
-658.80816650
-678.99291992
-387.10028076
-644.23577881
-709.96295166
-618.09851074
-804.20477295
-580.01373291
-691.27832031
-567.71221924
-566.47320557
-820.28942871
-561.32427979
-521.02972412
-868.95092773
-616.19110107
-730.28106689
-759.40039062
-424.57525635
-719.36688232
-801.67504883
-678.69421387
-890.25433350
-656.20776367
-754.99322510
-644.93634033
-633.33288574
-829.85852051
-550.37567139
-526.84301758
-887.18719482
-652.48425293
-763.27783203
-776.54852295
-455.62683105
-724.12274170
-805.16583252
-704.18627930
-932.80572510
-678.08013916
-804.40460205
-659.64031982
-666.23663330
-990.69067383
-682.79174805
-628.60949707
-1024.47607422
-736.14483643
-875.83526611
-900.45037842
-500.44161987
-880.04620361
-959.93865967
-813.86242676
-1045.66052246
-790.05535889
-896.31915283
-757.79394531
-742.46636963
-742.59124756
-521.62359619
-473.49636841
-746.67736816
-525.42504883
-628.08233643
-637.89532471
-354.56253052
-647.23883057
-696.78796387
-589.70605469
-763.16027832
-585.19726562
-652.41967773
-555.06701660
-570.33197021
-683.43487549
-447.33416748
-414.73730469
-715.19836426
-536.11322021
-622.60205078
-613.71655273
-378.63299561
-580.83795166
-635.99847412
-539.46215820
-723.32543945
-576.13195801
-641.63690186
-521.33905029
-529.34124756
-777.82568359
-511.75564575
-472.28491211
-787.71594238
-576.69415283
-685.61950684
-667.90960693
-398.33978271
-654.60064697
-703.12109375
-598.86560059
-774.45336914
-639.15954590
-705.15716553
-570.24633789
-576.20928955
-795.76379395
-522.32452393
-486.05023193
-837.64221191
-629.20721436
-727.62994385
-724.85961914
-440.51599121
-687.10772705
-753.40429688
-644.35583496
-858.36193848
-665.42346191
-757.80017090
-613.33874512
-614.99334717
-893.84222412
-607.21478271
-549.50305176
-928.21655273
-665.29321289
-789.13641357
-784.42382812
-459.42944336
-766.23852539
-830.06060791
-706.76293945
-917.93127441
-734.03808594
-804.90411377
-669.76000977
-675.17889404
-708.26251221
-476.35290527
-429.35052490
-689.55847168
-513.35101318
-597.44110107
-576.53131104
-345.69223022
-609.59149170
-636.09265137
-530.15197754
-692.98706055
-575.32763672
-618.34490967
-503.10025024
-522.45397949
-732.53204346
-485.13204956
-458.17404175
-768.59527588
-573.93194580
-675.41778564
-680.64764404
-409.82797241
-645.32482910
-701.84997559
-609.37371826
-792.34033203
-591.22509766
-686.70471191
-556.14300537
-566.88330078
-771.51428223
-529.32781982
-476.37875366
-798.19110107
-573.99969482
-682.03826904
-684.95654297
-396.66839600
-668.35412598
-723.41857910
-624.93872070
-800.71411133
-622.46240234
-698.64318848
-576.45452881
-578.25805664
-735.51379395
-476.39062500
-461.89764404
-757.99334717
-563.18737793
-678.55206299
-670.64550781
-404.96826172
-629.69708252
-683.27093506
-607.30987549
-779.10784912
-597.16326904
-705.20147705
-555.60211182
-574.54974365
-876.79675293
-605.09118652
-554.18640137
-941.40411377
-679.59136963
-808.73956299
-823.05230713
-476.88595581
-777.53063965
-854.59234619
-741.50646973
-946.31695557
-714.86712646
-807.58648682
-678.33923340
-667.65893555
-721.09576416
-501.11373901
-450.15609741
-716.71563721
-517.96185303
-619.06347656
-616.18341064
-357.62228394
-633.58813477
-667.72503662
-565.48046875
-718.79394531
-578.21307373
-625.68664551
-520.62762451
-534.98822021
-658.62194824
-447.89059448
-427.94677734
-705.34429932
-506.06613159
-597.35003662
-630.28137207
-341.63897705
-582.27838135
-657.80987549
-568.82244873
-746.17370605
-535.83599854
-640.59417725
-543.07220459
-519.02099609
-737.73413086
-513.31884766
-473.78466797
-783.25158691
-540.02526855
-645.85589600
-682.54748535
-368.14285278
-647.33874512
-727.74981689
-610.88769531
-800.47290039
-584.49206543
-672.38397217
-588.75872803
-569.43707275
-673.06372070
-451.99984741
-431.29028320
-724.04467773
-521.59283447
-607.84729004
-635.77880859
-350.01022339
-590.54730225
-666.02832031
-579.44403076
-775.12200928
-550.16668701
-663.32165527
-558.06317139
-538.35675049
-868.32061768
-607.98138428
-566.93939209
-937.49182129
-652.67022705
-789.58886719
-831.03594971
-449.11975098
-772.91937256
-870.63500977
-744.55810547
-950.13818359
-697.44726562
-802.16467285
-699.12005615
-665.46752930
-672.20483398
-485.28341675
-429.99603271
-691.54028320
-479.32659912
-565.99920654
-587.79040527
-316.15884399
-597.84466553
-650.56494141
-549.71240234
-715.21508789
-532.04089355
-596.03625488
-520.97644043
-514.92858887
-734.66406250
-490.83892822
-464.78424072
-783.20837402
-583.77465820
-691.76818848
-696.85382080
-418.62359619
-650.38140869
-711.16442871
-628.53717041
-812.24664307
-594.39648438
-705.79644775
-569.38476562
-577.48089600
-785.36523438
-543.49224854
-498.49612427
-827.52990723
-598.56512451
-717.14990234
-716.20959473
-418.31982422
-690.17498779
-751.33465576
-666.96722412
-846.91180420
-636.36627197
-733.84985352
-600.10632324
-609.80249023
-790.75311279
-525.95898438
-506.97912598
-840.61883545
-634.13055420
-752.60015869
-758.10314941
-458.03356934
-707.12719727
-774.18817139
-691.96551514
-892.30859375
-639.17938232
-779.00878906
-618.20739746
-632.91412354
-938.40478516
-657.41015625
-601.63220215
-1011.31878662
-721.84082031
-865.47833252
-880.07208252
-506.74615479
-833.99261475
-916.12091064
-809.79064941
-1027.83532715
-754.33361816
-873.07080078
-728.60101318
-728.67266846
-784.79248047
-550.46240234
-495.41796875
-786.23291016
-576.57873535
-679.80010986
-680.00305176
-397.43524170
-707.71887207
-746.39556885
-634.06091309
-811.98425293
-621.90966797
-689.51049805
-574.03265381
-594.86437988
-726.65161133
-491.04925537
-466.46499634
-762.77911377
-563.45867920
-661.50170898
-679.66601562
-389.08023071
-645.61663818
-709.99395752
-618.54022217
-804.15289307
-583.58996582
-693.55419922
-568.41192627
-567.29467773
-820.17144775
-561.72448730
-521.51428223
-868.00628662
-615.13317871
-730.29620361
-759.86749268
-423.15399170
-718.94506836
-801.13537598
-679.41497803
-889.27667236
-656.77008057
-755.35968018
-645.19836426
-633.43414307
-821.19635010
-542.94506836
-521.73699951
-878.23883057
-646.80926514
-756.55407715
-768.85333252
-452.92391968
-715.18395996
-797.18841553
-696.95819092
-926.03863525
-671.29864502
-798.34210205
-653.51226807
-661.00189209
-989.75366211
-682.62548828
-628.83142090
-1024.29577637
-736.49169922
-877.00250244
-901.50170898
-501.17770386
-880.03552246
-960.88391113
-814.93597412
-1047.73645020
-788.77807617
-897.50982666
-757.69183350
-742.52081299
-761.69677734
-535.31561279
-487.83056641
-774.28625488
-543.31481934
-650.29895020
-663.00537109
-369.39514160
-665.54180908
-719.51324463
-610.34643555
-788.26959229
-601.68469238
-673.63415527
-573.44110107
-586.31201172
-676.52947998
-441.42834473
-410.56317139
-707.87542725
-530.99798584
-616.62756348
-607.31134033
-375.17858887
-573.67736816
-628.56616211
-532.84600830
-715.68884277
-571.69256592
-636.00073242
-516.02252197
-523.79614258
-776.80401611
-509.75201416
-472.03393555
-787.81048584
-577.36322021
-686.66925049
-668.47668457
-400.14553833
-653.41638184
-701.96337891
-598.69061279
-773.90063477
-638.84259033
-705.44769287
-568.86932373
-576.11749268
-790.06970215
-517.18353271
-480.99084473
-828.84991455
-625.26763916
-719.53015137
-715.97711182
-436.03033447
-681.91406250
-746.46643066
-636.91156006
-851.39227295
-661.18212891
-753.58813477
-608.14916992
-610.85028076
-901.10681152
-609.53179932
-555.79412842
-935.82366943
-671.83129883
-798.89666748
-794.22473145
-464.00845337
-770.50225830
-836.73553467
-715.14318848
-926.32043457
-738.84191895
-815.34161377
-676.41656494
-680.94726562
-735.77410889
-498.32067871
-447.59341431
-721.01696777
-535.20220947
-622.78387451
-603.87261963
-361.43762207
-635.89581299
-665.48333740
-555.18951416
-725.21472168
-597.93786621
-642.99658203
-525.82843018
-544.70214844
-725.90264893
-484.11071777
-454.53134155
-769.86395264
-574.10504150
-673.43615723
-684.15747070
-412.38696289
-644.44946289
-703.39794922
-613.00024414
-795.86090088
-583.79724121
-682.21966553
-554.88116455
-563.54559326
-796.63397217
-542.18176270
-493.11022949
-828.78997803
-600.07025146
-712.59796143
-713.42028809
-418.89642334
-689.75793457
-747.85827637
-653.04461670
-838.20074463
-642.95678711
-731.70574951
-597.86126709
-605.03985596
-762.90319824
-498.39633179
-478.00888062
-777.19342041
-580.05175781
-694.04620361
-684.48962402
-413.44067383
-659.33581543
-707.71520996
-628.01379395
-807.44982910
-614.01782227
-724.84228516
-570.77392578
-595.22161865
-888.14440918
-614.41949463
-560.72668457
-949.50140381
-684.20861816
-813.06604004
-827.83331299
-478.85202026
-787.03802490
-863.10003662
-744.78649902
-950.49530029
-722.19262695
-811.78131104
-683.37359619
-672.21130371
-716.22979736
-497.17141724
-445.12194824
-709.07470703
-511.14608765
-610.02478027
-606.65563965
-352.00878906
-625.30889893
-659.13232422
-554.99700928
-707.69384766
-574.50195312
-616.95483398
-514.48327637
-529.18023682
-690.17724609
-473.52017212
-447.62274170
-728.82147217
-525.50878906
-618.85937500
-650.97747803
-353.10693359
-615.47412109
-686.17193604
-594.70208740
-778.91131592
-552.77825928
-665.18841553
-560.60308838
-541.79388428
-755.92425537
-523.81188965
-480.76623535
-800.27508545
-553.56756592
-655.62524414
-694.38568115
-374.22860718
-662.39569092
-745.28265381
-619.59301758
-819.34942627
-599.78552246
-685.88867188
-603.27648926
-581.65765381
-690.13989258
-459.23995972
-441.02944946
-738.89160156
-532.24401855
-622.03778076
-648.78131104
-356.97753906
-600.79351807
-678.36810303
-586.77044678
-786.85284424
-566.94146729
-679.91571045
-570.86614990
-551.14251709
-868.78845215
-609.95843506
-568.17663574
-936.04254150
-650.25140381
-788.36883545
-829.26190186
-446.77050781
-773.54235840
-870.50073242
-744.02978516
-949.23156738
-697.25402832
-800.91735840
-698.84045410
-666.22546387
-656.97668457
-476.60778809
-420.37924194
-673.71527100
-464.92312622
-549.98388672
-570.94506836
-304.81201172
-585.43572998
-636.16723633
-535.97473145
-697.00097656
-518.08331299
-577.57623291
-507.72720337
-502.22045898
-751.00860596
-497.23147583
-474.10583496
-797.44268799
-593.97076416
-705.60742188
-706.84429932
-425.38256836
-659.37786865
-722.52728271
-636.03582764
-825.92059326
-614.56591797
-721.88739014
-583.70214844
-590.98400879
-792.87524414
-550.37127686
-501.99786377
-835.85888672
-604.89404297
-721.24993896
-720.16156006
-421.70172119
-698.38348389
-759.30615234
-670.34643555
-854.23571777
-644.65472412
-736.57293701
-605.23461914
-614.05413818
-792.84045410
-525.10784912
-508.61242676
-843.64031982
-636.75842285
-757.84899902
-762.38494873
-460.14892578
-706.65655518
-774.46850586
-695.88348389
-892.35198975
-642.85699463
-784.03704834
-620.58575439
-632.74896240
-943.52581787
-663.22271729
-605.90423584
-1017.66088867
-725.42803955
-869.09490967
-885.73950195
-507.44711304
-839.32794189
-923.06396484
-815.56359863
-1034.77685547
-756.50512695
-877.74230957
-733.84112549
-733.16400146
-771.69079590
-543.70642090
-489.36346436
-771.54956055
-564.69702148
-668.40234375
-668.60260010
-389.69876099
-696.93792725
-733.84332275
-625.20971680
-798.95782471
-609.69525146
-677.73773193
-564.02777100
-586.84466553
-731.79919434
-495.37265015
-469.80154419
-771.21514893
-564.57580566
-662.71417236
-686.85668945
-390.84066772
-648.66650391
-717.07086182
-621.59185791
-809.49395752
-584.54693604
-696.31292725
-576.51281738
-572.86639404
-823.63415527
-568.84106445
-526.07519531
-875.21734619
-617.50549316
-735.52069092
-763.94580078
-425.63052368
-723.61090088
-806.10095215
-684.46203613
-890.50927734
-659.61810303
-755.54327393
-647.39337158
-635.28356934
-822.88476562
-546.45861816
-524.07977295
-891.14440918
-655.68768311
-765.45800781
-784.05999756
-461.47863770
-721.35638428
-807.51348877
-708.26007080
-938.92999268
-674.69470215
-804.66162109
-661.03259277
-664.45214844
-1002.99530029
-690.00799561
-634.78424072
-1035.08325195
-744.53472900
-884.43151855
-909.49707031
-506.34039307
-890.08410645
-969.77972412
-821.50744629
-1056.54528809
-798.67712402
-905.89843750
-765.00262451
-751.28027344
-756.15008545
-529.53033447
-481.17303467
-761.28552246
-534.55737305
-638.93676758
-648.96557617
-361.57528687
-657.47393799
-707.60235596
-598.88452148
-774.73913574
-596.66571045
-664.02844238
-564.69342041
-579.18823242
-691.62280273
-454.22262573
-417.34967041
-719.30102539
-542.60449219
-626.64086914
-614.60723877
-379.83712769
-590.72033691
-642.51513672
-543.80755615
-729.63745117
-582.76293945
-645.12078857
-522.07897949
-531.04937744
-782.93951416
-514.95166016
-476.32174683
-784.45288086
-571.55480957
-683.43914795
-667.05529785
-394.58062744
-655.85229492
-701.00756836
-598.43597412
-768.79632568
-636.54046631
-706.72735596
-566.80847168
-575.30010986
-806.69750977
-529.07806396
-491.07968140
-846.62835693
-636.83746338
-734.01373291
-731.24938965
-444.49203491
-696.00439453
-762.26110840
-648.62915039
-867.25378418
-674.55102539
-765.38610840
-620.84497070
-623.16033936
-897.60028076
-608.79211426
-551.44201660
-928.94018555
-666.86120605
-792.59191895
-785.26446533
-460.84756470
-767.31787109
-829.91534424
-707.96374512
-917.84594727
-736.24304199
-807.61663818
-670.55468750
-676.90563965
-713.52404785
-480.43148804
-431.69949341
-692.59783936
-514.99426270
-600.33514404
-578.61987305
-347.13912964
-613.77191162
-639.46459961
-533.16186523
-694.68286133
-579.13897705
-622.19396973
-505.22949219
-524.88177490
-716.49951172
-479.24560547
-448.49096680
-761.84771729
-566.96862793
-664.30590820
-676.75219727
-405.92202759
-636.36016846
-696.70324707
-605.29168701
-787.31561279
-576.42987061
-673.64733887
-549.68212891
-557.47637939
-781.99993896
-532.67529297
-483.47940063
-812.34130859
-586.41052246
-696.85144043
-697.19000244
-409.70632935
-675.61437988
-732.24987793
-638.38421631
-820.25378418
-630.33941650
-715.05932617
-585.16033936
-594.03265381
-740.94403076
-482.04568481
-463.29782104
-752.75677490
-563.15332031
-673.60241699
-663.00140381
-401.05630493
-638.86267090
-685.89849854
-607.84649658
-782.32739258
-596.94494629
-704.27801514
-552.77899170
-577.01818848
-863.10540771
-596.28204346
-545.91851807
-924.94165039
-667.31268311
-795.26354980
-809.06646729
-468.79336548
-765.25677490
-839.72076416
-728.01483154
-927.25292969
-703.72668457
-792.62530518
-666.45977783
-656.06671143
-700.92279053
-488.49908447
-436.64349365
-694.99468994
-501.70202637
-598.45959473
-596.46472168
-345.56549072
-615.77301025
-648.01684570
-547.35150146
-694.52886963
-561.25366211
-604.26159668
-503.96240234
-517.46691895
-687.19018555
-473.00967407
-444.40524292
-725.23291016
-521.81695557
-613.02661133
-646.49481201
-349.50653076
-613.33148193
-684.10638428
-589.99847412
-774.35894775
-549.08666992
-659.13659668
-556.65148926
-538.13934326
-736.43200684
-511.43640137
-468.22103882
-776.38330078
-535.37493896
-634.84692383
-672.77972412
-360.55541992
-645.62097168
-723.82604980
-601.74713135
-794.44891357
-582.48168945
-664.86132812
-585.73907471
-565.19512939
-665.85333252
-441.96432495
-425.47067261
-713.52990723
-513.35601807
-600.25311279
-626.64379883
-344.64007568
-578.94232178
-654.65106201
-566.41571045
-760.02905273
-545.72204590
-655.43206787
-552.21142578
-531.20483398
-852.19592285
-596.97418213
-557.78430176
-921.36785889
-641.43701172
-776.94665527
-818.40081787
-442.12811279
-759.49169922
-856.45013428
-732.27813721
-934.45971680
-685.35430908
-788.92846680
-687.94677734
-654.42486572
-652.47473145
-474.45477295
-418.33441162
-670.16455078
-462.48049927
-547.30798340
-568.01074219
-304.40570068
-581.04125977
-631.65478516
-533.23364258
-692.79400635
-514.93286133
-575.48358154
-503.70260620
-499.15310669
-751.17114258
-500.00674438
-475.23690796
-795.45013428
-592.03729248
-703.85156250
-705.18389893
-422.72341919
-661.36700439
-723.93743896
-636.76666260
-825.56835938
-613.37713623
-719.96685791
-582.71752930
-589.90771484
-771.67633057
-536.15283203
-487.91317749
-811.04779053
-585.78454590
-697.35998535
-696.41857910
-406.15039062
-680.55145264
-738.27612305
-651.00042725
-830.32128906
-624.94189453
-714.52850342
-588.23254395
-597.40551758
-767.88140869
-508.31411743
-492.69479370
-819.48675537
-618.10406494
-736.66156006
-740.12402344
-446.74081421
-684.52429199
-750.45904541
-675.45324707
-867.03515625
-623.29400635
-761.15844727
-602.92468262
-613.97723389
-928.83978271
-652.23968506
-596.51135254
-1004.22418213
-715.99176025
-857.23303223
-875.14916992
-501.71704102
-826.39947510
-909.41595459
-804.81585693
-1019.91802979
-746.00970459
-865.57818604
-722.91986084
-722.45581055
-764.95025635
-538.60241699
-483.39166260
-764.76043701
-559.65466309
-659.78381348
-660.49792480
-384.92340088
-690.76031494
-727.65808105
-617.12365723
-790.92724609
-605.56292725
-668.65856934
-558.41448975
-580.75500488
-736.00140381
-498.04125977
-473.03649902
-775.42596436
-566.93975830
-667.36468506
-691.85351562
-393.09939575
-651.86346436
-720.66363525
-624.86248779
-812.87603760
-588.38165283
-699.89270020
-579.61614990
-576.76019287
-808.14147949
-558.13696289
-515.57971191
-855.18469238
-602.69427490
-716.76281738
-744.61779785
-413.90682983
-710.22186279
-789.24041748
-669.05572510
-872.04718018
-645.12585449
-738.69281006
-633.23016357
-623.47039795
-802.00860596
-533.36004639
-512.07629395
-871.40893555
-640.41717529
-749.09167480
-767.26037598
-451.19482422
-703.11560059
-788.20306396
-693.29150391
-918.06530762
-657.86218262
-786.74902344
-645.91406250
-649.14538574
-986.85607910
-680.72668457
-626.42486572
-1020.48864746
-734.29431152
-873.68560791
-898.27008057
-499.81237793
-877.51855469
-957.66992188
-811.66259766
-1043.75097656
-787.39428711
-894.06927490
-754.72943115
-740.28411865
-743.85174561
-522.90527344
-474.53027344
-749.44543457
-525.04168701
-628.68005371
-639.68988037
-354.53289795
-648.68365479
-698.32788086
-590.53240967
-762.42028809
-585.73724365
-652.99963379
-555.77429199
-569.54553223
-693.95837402
-455.01232910
-416.82098389
-720.19293213
-543.01574707
-625.67425537
-613.64794922
-380.28881836
-591.38568115
-642.95800781
-542.20269775
-728.76586914
-586.20306396
-644.21337891
-523.56494141
-531.32958984
-769.74194336
-505.01773071
-467.49755859
-766.99438477
-560.34686279
-671.74334717
-652.04345703
-386.96917725
-644.86431885
-686.26757812
-585.29003906
-751.59185791
-626.47070312
-693.08459473
-555.20703125
-564.62329102
-790.01318359
-517.34411621
-481.90246582
-829.88415527
-624.06933594
-719.14788818
-717.00262451
-435.68615723
-681.57226562
-746.93432617
-636.21282959
-851.34289551
-660.44622803
-752.75500488
-608.96441650
-610.84497070
-895.54162598
-606.65124512
-552.33221436
-930.09863281
-667.88452148
-793.70654297
-789.30358887
-461.22470093
-766.87457275
-831.62573242
-709.90454102
-920.70178223
-735.59967041
-808.56835938
-672.90112305
-676.62805176
-711.08367920
-481.48873901
-432.14544678
-692.83355713
-514.84124756
-599.88562012
-579.25646973
-346.59817505
-613.94116211
-640.25262451
-535.22930908
-696.60156250
-576.95629883
-619.93823242
-505.51855469
-524.75939941
-758.95849609
-502.20242310
-473.44320679
-795.28320312
-593.37579346
-698.69519043
-704.93402100
-424.59777832
-668.07489014
-726.47399902
-629.83856201
-818.91766357
-612.47717285
-710.23126221
-575.75976562
-586.24334717
-792.95758057
-544.36358643
-488.80563354
-819.73449707
-588.93646240
-698.49914551
-700.80920410
-406.66882324
-685.95086670
-741.82244873
-639.86212158
-818.92565918
-640.68530273
-713.09667969
-590.12145996
-593.15472412
-741.69085693
-479.37725830
-464.79415894
-760.47784424
-566.69360352
-682.88293457
-671.52465820
-407.11077881
-633.79339600
-685.30169678
-609.08532715
-780.94622803
-603.74536133
-709.27545166
-557.43103027
-576.64678955
-876.29547119
-605.09704590
-552.53509521
-936.63903809
-675.63171387
-803.24603271
-817.31085205
-473.76287842
-774.88336182
-850.34838867
-735.00762939
-938.09155273
-713.13067627
-800.93670654
-673.80712891
-663.77819824
-706.67401123
-490.68670654
-438.66149902
-698.74981689
-504.58538818
-601.97912598
-598.44757080
-347.63388062
-619.33227539
-650.36181641
-548.45062256
-697.33447266
-567.63256836
-609.10107422
-507.41867065
-522.19836426
-678.16674805
-460.57965088
-440.71997070
-725.27966309
-521.60522461
-615.90759277
-649.14233398
-351.97750854
-598.36157227
-675.79626465
-585.39196777
-766.72753906
-551.93359375
-659.81842041
-558.02795410
-532.65460205
-752.27996826
-526.11315918
-483.61846924
-797.77319336
-547.64392090
-656.43988037
-694.96185303
-372.35278320
-661.88012695
-743.03192139
-622.88824463
-814.01153564
-594.24432373
-681.72802734
-599.65985107
-579.04766846
-670.43139648
-450.00967407
-431.04025269
-722.11614990
-519.15563965
-606.52447510
-636.28808594
-347.54144287
-588.64843750
-665.85803223
-579.70440674
-775.13818359
-547.90606689
-664.22875977
-558.88085938
-538.46527100
-857.63183594
-602.52661133
-561.81970215
-925.30224609
-641.49194336
-777.08386230
-820.92071533
-440.64675903
-764.82366943
-861.57043457
-736.46514893
-940.12695312
-686.74902344
-791.95355225
-691.63128662
-658.53399658
-649.82470703
-472.26483154
-417.49407959
-668.45245361
-459.75500488
-544.54321289
-566.57604980
-301.51367188
-579.62860107
-631.03393555
-531.12585449
-691.71002197
-511.97143555
-572.83752441
-503.89767456
-497.81616211
-758.74493408
-507.34585571
-480.67370605
-811.50885010
-604.78369141
-714.10681152
-722.54663086
-433.02990723
-673.51989746
-738.16522217
-652.51263428
-844.47039795
-614.32812500
-730.09588623
-591.23962402
-596.96533203
-806.53430176
-558.64984131
-513.08190918
-849.35491943
-613.43212891
-735.71008301
-733.42895508
-429.11529541
-710.06164551
-771.39105225
-684.76385498
-870.10308838
-652.63470459
-751.84655762
-616.22552490
-626.76037598
-801.56884766
-533.51916504
-512.70794678
-850.16101074
-642.58306885
-761.46569824
-766.17913818
-463.55221558
-717.40197754
-783.73114014
-701.29650879
-903.17541504
-647.02392578
-786.76239014
-624.94458008
-639.55242920
-940.13629150
-658.80432129
-603.26757812
-1015.14929199
-725.61676025
-869.35156250
-883.57952881
-509.48425293
-836.24572754
-919.15051270
-813.06701660
-1031.63806152
-756.74530029
-876.99096680
-730.96435547
-731.23553467
-775.60998535
-545.53961182
-491.36712646
-775.29437256
-567.92572021
-671.55041504
-672.35583496
-391.31552124
-702.15502930
-738.59704590
-629.09771729
-803.30541992
-612.70690918
-680.17749023
-567.23815918
-588.06201172
-761.45629883
-516.42858887
-488.89691162
-800.39581299
-588.79962158
-691.89941406
-712.71435547
-407.03472900
-677.65515137
-745.52398682
-649.16247559
-842.09204102
-610.40765381
-724.44506836
-594.73272705
-594.46520996
-843.66381836
-578.16741943
-534.83599854
-889.30804443
-629.28521729
-746.29058838
-775.95989990
-431.44415283
-740.21331787
-821.90057373
-694.96124268
-910.36059570
-672.63604736
-773.11547852
-659.95629883
-649.29882812
-832.48864746
-552.02331543
-528.30535889
-888.84039307
-652.69281006
-764.35760498
-777.20556641
-456.24438477
-725.23870850
-806.64331055
-704.19281006
-934.91339111
-680.04296875
-806.06829834
-661.32525635
-668.93957520
-996.95806885
-686.14660645
-631.75805664
-1031.29113770
-742.38134766
-882.81054688
-908.17388916
-504.56152344
-885.94348145
-966.45104980
-819.81427002
-1053.21740723
-795.06011963
-903.58807373
-762.67523193
-747.85504150
-761.48278809
-535.52789307
-485.64398193
-770.24304199
-540.44659424
-645.65185547
-657.87750244
-365.43276978
-663.70751953
-715.93084717
-606.28833008
-783.55004883
-601.35089111
-670.36779785
-571.07470703
-584.84716797
-714.29827881
-468.01568604
-434.02740479
-746.99670410
-559.38531494
-650.61114502
-640.95141602
-395.00802612
-607.53295898
-665.03430176
-563.46014404
-756.10559082
-602.95642090
-670.19464111
-544.96063232
-553.45635986
-797.08587646
-523.83654785
-483.86767578
-804.49963379
-588.91973877
-699.49639893
-681.08862305
-405.80578613
-671.58703613
-718.75714111
-611.76831055
-791.07427979
-653.82891846
-719.99816895
-581.67114258
-589.55895996
-799.65985107
-525.27722168
-488.38592529
-839.52410889
-631.56347656
-729.45812988
-726.66265869
-441.62365723
-690.64471436
-756.77789307
-646.15551758
-861.55548096
-668.38580322
-760.87060547
-616.36810303
-617.58984375
-902.85369873
-612.26965332
-556.50793457
-938.28521729
-673.45391846
-800.00408936
-796.15124512
-465.13906860
-773.00915527
-839.88842773
-717.65832520
-930.34014893
-740.80120850
-815.48248291
-677.95086670
-682.57263184
-728.44024658
-492.84085083
-441.83355713
-711.88635254
-528.80920410
-615.44427490
-595.81408691
-356.30810547
-628.79571533
-657.45324707
-547.64489746
-715.56945801
-590.54302979
-634.70922852
-519.46960449
-537.48010254
-746.75518799
-493.48434448
-465.79547119
-783.85034180
-585.71667480
-687.72167969
-694.54193115
-418.62277222
-657.40991211
-716.24481201
-621.15899658
-809.44134521
-602.39355469
-699.61065674
-567.97235107
-578.15490723
-795.27838135
-545.59228516
-490.40878296
-823.67999268
-593.26226807
-703.66503906
-706.52008057
-411.06436157
-688.71319580
-745.34814453
-643.27410889
-825.64862061
-643.32135010
-717.92004395
-592.80450439
-596.25885010
-755.60314941
-487.59078979
-472.24188232
-773.52819824
-576.92175293
-694.67382812
-683.59307861
-414.21749878
-644.63208008
-697.10241699
-620.14263916
-794.84826660
-614.44921875
-722.12493896
-565.86206055
-587.07092285
-895.46411133
-617.41210938
-565.68566895
-957.76922607
-689.93933105
-821.68664551
-835.79125977
-483.22378540
-790.73046875
-868.21923828
-751.27655029
-959.79974365
-729.15075684
-821.26092529
-690.00933838
-679.38464355
-728.21508789
-506.78445435
-453.79415894
-721.13592529
-519.61627197
-620.99804688
-617.35644531
-357.57049561
-637.94989014
-670.72650146
-565.11499023
-718.28161621
-583.79010010
-626.83636475
-523.42803955
-537.61108398
-673.39898682
-457.57778931
-436.84130859
-720.17358398
-517.46490479
-610.89306641
-644.12670898
-348.70474243
-595.47918701
-672.10681152
-581.14837646
-763.58447266
-547.84106445
-655.75341797
-554.88238525
-530.60638428
-752.73468018
-525.00970459
-483.16845703
-798.15264893
-549.03680420
-656.17681885
-694.34875488
-372.72738647
-661.14215088
-743.05877686
-622.49414062
-814.33557129
-594.32263184
-682.29260254
-599.18090820
-579.82830811
-679.23699951
-454.66778564
-434.79852295
-731.64874268
-526.68969727
-612.88452148
-642.44696045
-351.66601562
-594.67608643
-672.47033691
-583.98144531
-783.69238281
-555.93908691
-671.95465088
-565.67718506
-544.05468750
-874.98797607
-612.08709717
-571.28820801
-944.34838867
-657.15008545
-795.54705811
-835.84576416
-452.39459229
-777.94763184
-876.68902588
-748.47528076
-956.64660645
-703.85668945
-808.52825928
-704.59210205
-670.85101318
-669.95184326
-485.77728271
-430.48107910
-686.23895264
-474.01446533
-562.78466797
-583.17779541
-311.78991699
-595.23535156
-647.57470703
-546.87988281
-708.59375000
-528.34179688
-590.92700195
-516.84674072
-511.14477539
-754.07482910
-504.09228516
-477.10485840
-804.77557373
-600.30279541
-707.83636475
-715.63018799
-428.77084351
-669.01995850
-731.97320557
-645.71478271
-837.09399414
-610.09289551
-723.75311279
-585.72540283
-593.35833740
-799.25579834
-552.39190674
-507.38537598
-838.50195312
-605.97711182
-727.06762695
-724.19213867
-422.86779785
-700.96124268
-762.26135254
-676.34326172
-858.58807373
-646.76025391
-745.29016113
-608.77532959
-618.86737061
-800.25366211
-532.44757080
-513.00518799
-852.31646729
-641.96160889
-762.74707031
-769.75231934
-463.60971069
-715.89538574
-784.11492920
-702.02801514
-903.58380127
-647.21801758
-787.43310547
-626.62780762
-640.45953369
-943.91131592
-662.93603516
-606.58734131
-1021.85229492
-729.73693848
-874.07562256
-890.52478027
-511.51263428
-840.73937988
-924.97320557
-819.09490967
-1037.87438965
-759.65856934
-880.95251465
-735.61883545
-734.49542236
-787.57794189
-552.55725098
-498.13348389
-788.30798340
-578.32482910
-682.45068359
-682.95642090
-399.22247314
-711.23992920
-749.13598633
-638.57128906
-816.65948486
-622.45111084
-692.86627197
-577.15179443
-598.70611572
-751.56591797
-509.31823730
-481.68771362
-787.32257080
-580.22680664
-681.21258545
-700.40234375
-400.08563232
-667.67523193
-733.74298096
-637.96697998
-828.36364746
-601.37365723
-713.02978516
-585.55572510
-584.81396484
-831.87847900
-568.90057373
-528.22064209
-878.73724365
-622.13708496
-738.05511475
-767.24847412
-426.17593384
-728.10137939
-810.81658936
-687.41107178
-899.79974365
-664.75964355
-765.93164062
-653.20404053
-641.49316406
-836.39471436
-554.26525879
-532.00360107
-895.69592285
-657.82757568
-771.53076172
-783.95367432
-461.17428589
-728.45159912
-811.84588623
-711.53393555
-941.62878418
-683.43395996
-812.40124512
-665.69860840
-673.06774902
-1006.02545166
-694.74407959
-639.11962891
-1042.97912598
-749.41412354
-892.42242432
-919.60375977
-511.04837036
-895.84326172
-977.67419434
-830.66778564
-1065.55664062
-802.31719971
-913.01928711
-770.03015137
-754.83135986
-767.79559326
-539.34423828
-489.93676758
-778.74768066
-547.50311279
-653.38610840
-665.19067383
-371.79559326
-670.88934326
-724.47760010
-613.12377930
-794.67248535
-607.46990967
-678.57757568
-577.89489746
-591.45599365
-699.87756348
-457.91296387
-425.05868530
-729.74542236
-547.53216553
-636.06591797
-626.20446777
-386.53591919
-593.07916260
-649.33435059
-550.85430908
-737.50134277
-590.26831055
-656.05371094
-532.30395508
-540.63830566
-786.90625000
-517.10089111
-476.86840820
-795.47741699
-582.13867188
-692.42846680
-673.85278320
-402.76797485
-661.99407959
-709.89672852
-604.57629395
-782.92535400
-646.31506348
-712.60198975
-575.71118164
-582.89300537
-804.57464600
-527.41375732
-491.25787354
-845.39416504
-637.21343994
-735.60040283
-732.22967529
-446.13253784
-693.74310303
-760.59265137
-650.11151123
-866.87585449
-673.51135254
-768.07476807
-619.76635742
-621.86926270
-919.88208008
-624.23138428
-567.81011963
-956.46447754
-687.27606201
-817.00781250
-812.25311279
-475.72045898
-788.89703369
-855.76678467
-731.65802002
-947.41772461
-755.40246582
-830.95544434
-690.65521240
-696.36401367
-739.86920166
-500.81085205
-448.56802368
-722.23724365
-537.63903809
-624.50823975
-605.25512695
-361.56900024
-639.40820312
-669.11090088
-557.22387695
-727.48779297
-600.53057861
-645.82238770
-528.23516846
-546.06268311
-704.51623535
-471.09866333
-441.85754395
-750.17669678
-558.24938965
-654.27435303
-666.62170410
-399.55252075
-626.34716797
-685.17156982
-596.45770264
-775.51104736
-566.13238525
-663.74536133
-540.91265869
-548.18218994
-774.38873291
-527.33764648
-480.25100708
-808.56835938
-583.81707764
-694.86596680
-695.19885254
-407.83877563
-670.11279297
-727.54522705
-636.69177246
-816.78601074
-625.99523926
-712.49389648
-582.31256104
-590.90490723
-739.76159668
-483.73806763
-463.30065918
-752.69482422
-563.25787354
-673.72656250
-664.15484619
-401.14028931
-640.75573730
-687.30493164
-609.43878174
-784.89154053
-595.76562500
-702.59039307
-552.84606934
-576.27661133
-858.28863525
-594.04089355
-541.06243896
-917.95104980
-661.48864746
-786.06091309
-800.65124512
-463.65148926
-760.64978027
-834.27160645
-720.76989746
-919.12579346
-698.63275146
-783.67047119
-660.33789062
-650.09954834
-690.19348145
-478.64871216
-428.64105225
-682.98144531
-493.03811646
-589.24938965
-585.10766602
-340.42398071
-603.74505615
-635.15399170
-536.13684082
-682.99578857
-554.07904053
-595.54077148
-495.62188721
-510.86889648
-679.49658203
-467.04306030
-441.51309204
-718.55401611
-516.71520996
-608.55432129
-642.21649170
-346.32946777
-607.64953613
-677.74743652
-586.07189941
-768.27972412
-543.57080078
-654.42095947
-551.59594727
-533.92449951
-740.39239502
-514.92126465
-471.82952881
-785.08288574
-540.67254639
-640.69567871
-680.29937744
-365.42776489
-649.86236572
-731.24920654
-607.13928223
-803.17523193
-587.27026367
-671.28143311
-591.16094971
-569.32977295
-670.81829834
-446.56219482
-429.85202026
-718.14605713
-516.38128662
-605.91296387
-631.90850830
-346.76788330
-584.63043213
-660.80291748
-572.70355225
-766.49774170
-549.89398193
-662.08959961
-556.20568848
-535.76306152
-845.25128174
-594.21093750
-553.19317627
-910.76031494
-631.47509766
-764.96716309
-807.19573975
-433.26168823
-752.99578857
-848.17504883
-724.54376221
-924.22125244
-676.12341309
-778.05920410
-680.74163818
-648.15881348
-632.04187012
-459.18475342
-406.06427002
-649.08367920
-447.11050415
-528.58154297
-550.30908203
-292.92498779
-563.69348145
-613.40502930
-517.39575195
-673.12017822
-498.66421509
-558.72869873
-490.52969360
-483.41491699
-747.81695557
-496.20593262
-471.98510742
-793.10919189
-590.92535400
-701.64801025
-702.60058594
-422.14660645
-658.04437256
-720.38122559
-633.46234131
-823.05615234
-611.49462891
-717.99304199
-580.44445801
-587.96258545
-782.42132568
-543.43029785
-494.36184692
-822.11853027
-594.84100342
-708.57000732
-706.99603271
-413.13861084
-688.77130127
-747.56604004
-659.36596680
-839.89996338
-634.81732178
-723.23327637
-596.34973145
-605.22125244
-775.99005127
-512.92535400
-496.33807373
-825.43695068
-624.30029297
-740.97222900
-744.98156738
-450.80645752
-691.01440430
-756.73388672
-679.29132080
-873.42492676
-629.72253418
-766.81945801
-606.88232422
-618.65423584
-921.84893799
-647.40380859
-592.21203613
-995.54876709
-710.47473145
-852.62890625
-866.31079102
-497.81829834
-820.65618896
-901.42736816
-797.70629883
-1011.20843506
-742.26831055
-859.85302734
-717.32702637
-717.46826172
-755.56109619
-530.88659668
-477.65219116
-754.58306885
-553.93591309
-653.76654053
-653.65704346
-381.39907837
-683.61694336
-719.48059082
-612.05639648
-782.78100586
-596.44372559
-662.03314209
-551.20709229
-572.97192383
-730.47900391
-494.84872437
-469.61315918
-771.01708984
-564.09692383
-661.57543945
-687.47973633
-390.28454590
-648.02014160
-716.53668213
-621.02740479
-809.01965332
-583.61334229
-695.37304688
-576.05645752
-572.47393799
-812.47094727
-561.61364746
-517.59307861
-859.95104980
-606.43627930
-721.35052490
-750.02600098
-417.65597534
-714.61230469
-793.92382812
-672.71502686
-876.53228760
-649.05841064
-741.81909180
-635.77917480
-625.84094238
-800.58551025
-532.53466797
-510.44754028
-866.38531494
-635.73699951
-743.39837646
-761.49597168
-446.72933960
-700.66973877
-784.38427734
-687.82739258
-911.56072998
-655.81842041
-781.38012695
-641.95385742
-645.10717773
-979.37567139
-673.70855713
-620.43066406
-1012.33642578
-727.67913818
-866.21246338
-891.02893066
-495.67745972
-869.44769287
-948.82556152
-803.56262207
-1032.59082031
-781.13800049
-885.63897705
-748.45880127
-733.22076416
-741.24584961
-520.15600586
-472.97711182
-747.68054199
-525.40789795
-628.58972168
-638.59173584
-355.69998169
-645.06573486
-695.32348633
-589.91827393
-762.65045166
-585.16815186
-652.50415039
-555.49084473
-569.44970703
-691.72668457
-455.47463989
-417.47586060
-720.57495117
-543.18041992
-625.57952881
-614.85754395
-379.07455444
-591.96887207
-643.87799072
-544.64196777
-731.02471924
-583.32891846
-644.31268311
-523.86657715
-531.00927734
-774.71197510
-508.88577271
-471.43328857
-774.60174561
-563.75775146
-676.08258057
-658.65411377
-389.19491577
-649.61743164
-693.63122559
-591.90435791
-759.15063477
-628.54553223
-697.83355713
-560.03070068
-568.97778320
-785.70050049
-517.17993164
-480.71746826
-825.85504150
-620.22467041
-715.83251953
-713.88763428
-432.88793945
-679.70202637
-744.91961670
-635.62780762
-848.07025146
-655.94860840
-747.36462402
-605.90051270
-607.99114990
-881.67077637
-598.51641846
-543.00463867
-914.67645264
-655.53399658
-779.29406738
-774.15008545
-452.44689941
-754.08233643
-817.80303955
-698.29418945
-904.41503906
-722.78125000
-794.17517090
-659.99139404
-665.73608398
-706.22509766
-476.37692261
-427.20190430
-688.49194336
-512.37646484
-595.53613281
-576.09179688
-346.19937134
-608.86096191
-636.26409912
-529.40991211
-692.12884521
-573.41149902
-616.04705811
-502.19555664
-521.52050781
-730.83654785
-483.47729492
-456.31204224
-763.27941895
-569.81750488
-670.38897705
-676.29180908
-406.48925781
-642.69982910
-699.44604492
-605.46722412
-786.25189209
-588.02575684
-682.33782959
-553.12640381
-562.97814941
-764.08874512
-524.41766357
-471.99295044
-791.34460449
-566.80859375
-674.60101318
-678.35968018
-392.27130127
-660.62072754
-716.29840088
-618.25628662
-792.46533203
-616.60992432
-691.11468506
-571.87591553
-572.60186768
-728.29046631
-471.18655396
-458.07937622
-750.33660889
-558.65972900
-672.65258789
-664.69537354
-401.44061279
-623.75720215
-676.85021973
-601.74047852
-773.55084229
-593.28356934
-698.33233643
-550.53826904
-569.37457275
-866.34863281
-599.36437988
-546.99603271
-926.03131104
-668.48706055
-795.35559082
-809.48583984
-468.28549194
-767.45605469
-842.53991699
-728.87292480
-929.55859375
-704.50817871
-792.60455322
-667.15008545
-656.79553223
-698.01586914
-484.62954712
-434.33630371
-691.06048584
-498.21978760
-596.01831055
-593.21343994
-343.07589722
-611.70880127
-643.21502686
-544.62536621
-691.37744141
-558.71276855
-603.73358154
-502.47607422
-516.27001953
-651.44329834
-440.93017578
-423.69534302
-695.35888672
-500.21829224
-592.86578369
-622.47454834
-338.53546143
-574.47235107
-647.43817139
-561.39831543
-735.38745117
-530.67315674
-634.77514648
-535.45935059
-512.57037354
-732.93139648
-510.80535889
-471.00497437
-778.97119141
-537.50122070
-642.42510986
-678.96325684
-366.19320679
-644.25244141
-724.15844727
-609.31976318
-796.81750488
-579.36645508
-667.03820801
-585.41632080
-565.88751221
-666.16711426
-446.91415405
-426.53094482
-717.30841064
-516.52801514
-600.94030762
-629.31719971
-345.83712769
-584.55609131
-660.53240967
-574.31933594
-768.13067627
-544.28881836
-657.81109619
-553.32714844
-532.93457031
-853.91308594
-598.57348633
-558.52136230
-920.31628418
-639.84625244
-775.09527588
-816.17041016
-440.48538208
-759.73565674
-855.99102783
-732.54296875
-933.65069580
-685.07800293
-788.62255859
-687.63049316
-655.22106934
-648.79785156
-469.83947754
-415.76324463
-665.67401123
-460.76559448
-544.61688232
-565.45227051
-302.90551758
-578.67840576
-628.63470459
-530.52752686
-691.12670898
-512.53375244
-573.18994141
-502.82037354
-497.08093262
-725.95343018
-485.24386597
-460.70004272
-776.77490234
-579.37231445
-684.87902832
-692.12005615
-415.17156982
-644.54290771
-707.11944580
-625.53161621
-809.13385010
-587.34350586
-700.38116455
-566.05749512
-572.41107178
-785.43823242
-543.70050049
-500.24108887
-830.04327393
-600.32720947
-719.48791504
-718.40679932
-419.94989014
-691.40863037
-753.83837891
-669.28253174
-850.63311768
-636.34191895
-735.02899170
-602.23168945
-612.24847412
-788.14691162
-524.85485840
-505.03485107
-835.07122803
-630.76324463
-748.20922852
-754.20800781
-454.97006226
-705.84289551
-770.37951660
-689.14050293
-887.48504639
-635.42718506
-774.36199951
-614.23870850
-628.98992920
-924.09454346
-647.78363037
-591.97772217
-996.55206299
-710.34674072
-850.84008789
-865.80279541
-496.92837524
-821.06481934
-902.48077393
-797.28015137
-1011.59558105
-743.17706299
-860.17858887
-717.98101807
-718.22521973
-762.23614502
-535.43164062
-481.26214600
-762.32623291
-558.60980225
-660.27648926
-660.22698975
-385.58618164
-688.29235840
-725.64587402
-615.97387695
-788.69891357
-604.05328369
-668.85577393
-557.52087402
-578.99816895
-729.33929443
-493.42898560
-467.05477905
-766.28790283
-564.98590088
-662.61401367
-680.85601807
-389.43896484
-647.94213867
-713.24145508
-619.98205566
-806.61828613
-585.48962402
-693.75921631
-569.67559814
-568.85748291
-822.57928467
-561.88525391
-521.03881836
-868.53863525
-615.93841553
-729.16326904
-758.09930420
-423.26040649
-719.91607666
-801.07446289
-677.37890625
-888.01959229
-657.97979736
-754.81750488
-644.04882812
-632.46417236
-815.55169678
-539.82476807
-517.47375488
-870.41534424
-640.61444092
-749.80963135
-761.14331055
-448.19363403
-710.19952393
-790.78564453
-690.96502686
-917.20721436
-667.91009521
-791.52429199
-647.70281982
-655.59881592
-975.64807129
-671.35467529
-617.94104004
-1007.04675293
-724.13262939
-860.92279053
-885.65625000
-492.45703125
-866.03955078
-944.08679199
-799.31915283
-1029.10400391
-777.51208496
-881.51043701
-744.98138428
-730.09057617
-740.78466797
-519.95300293
-472.51065063
-749.44610596
-526.09210205
-629.58618164
-640.68084717
-356.30300903
-645.49322510
-695.83764648
-590.45245361
-762.43017578
-585.68133545
-652.96044922
-555.46191406
-568.28601074
-678.39373779
-444.25976562
-410.98367310
-709.59179688
-532.06396484
-618.05389404
-607.79754639
-375.63525391
-576.53564453
-630.23059082
-534.35748291
-716.34008789
-572.41595459
-636.50860596
-517.06707764
-524.63067627
-769.54547119
-505.31008911
-467.04147339
-776.64288330
-568.41925049
-676.29064941
-658.08715820
-392.54177856
-646.99249268
-692.77203369
-590.43731689
-762.54821777
-631.38873291
-697.22631836
-561.84735107
-568.69354248
-779.17358398
-511.49526978
-475.35485840
-819.60137939
-616.26934814
-710.39160156
-708.27691650
-430.58026123
-672.23132324
-738.28503418
-628.64453125
-840.40606689
-652.72570801
-741.44982910
-601.76342773
-603.64434814
-877.93560791
-595.11529541
-540.84362793
-910.48992920
-653.76196289
-776.73028564
-771.29711914
-451.29818726
-750.86468506
-814.24932861
-695.29125977
-900.65789795
-720.62780762
-791.45849609
-657.00634766
-662.04736328
-707.36114502
-478.20111084
-429.80871582
-691.07684326
-514.02496338
-598.50756836
-579.68371582
-347.24252319
-609.99560547
-637.95117188
-532.53137207
-694.00079346
-574.04534912
-618.56262207
-504.22930908
-522.14508057
-719.52734375
-480.93408203
-450.58306885
-765.60943604
-569.11486816
-668.22509766
-680.18939209
-408.63287354
-638.89685059
-699.14520264
-608.48760986
-788.81591797
-578.95202637
-676.44470215
-551.01141357
-558.10150146
-785.43157959
-535.12176514
-487.58078003
-818.07586670
-590.26971436
-701.70281982
-703.14154053
-411.83807373
-679.58947754
-737.31726074
-644.48431396
-825.84539795
-633.65509033
-720.98461914
-588.89886475
-597.17443848
-741.58740234
-484.83142090
-464.57437134
-755.60644531
-564.39807129
-674.02111816
-664.70751953
-401.90350342
-642.12902832
-688.93646240
-609.11730957
-787.20458984
-597.08221436
-705.24963379
-555.18560791
-580.16589355
-868.50219727
-599.11437988
-547.77655029
-929.44171143
-670.54888916
-797.60052490
-810.61492920
-471.17318726
-767.44879150
-842.25726318
-729.03558350
-930.00585938
-708.17321777
-795.18353271
-668.41937256
-658.99023438
-707.43359375
-489.42645264
-440.10186768
-699.19775391
-505.61810303
-604.04821777
-599.87322998
-348.56741333
-619.46832275
-650.86376953
-549.77856445
-698.30853271
-566.05590820
-611.27209473
-507.90179443
-521.21380615
-689.66827393
-475.14169312
-448.04693604
-729.76757812
-525.92694092
-619.36535645
-651.81329346
-352.60476685
-616.45605469
-687.19647217
-595.76458740
-778.38049316
-552.34844971
-664.28106689
-559.43560791
-541.77471924
-746.01269531
-518.47113037
-475.07647705
-789.35034180
-546.07733154
-646.69079590
-684.59710693
-368.40002441
-655.61285400
-735.72058105
-611.30120850
-809.02105713
-592.38049316
-676.22277832
-594.95758057
-574.70300293
-670.31530762
-445.55255127
-426.85092163
-714.14520264
-514.13342285
-599.90057373
-624.67718506
-344.31439209
-583.71917725
-657.35644531
-566.70593262
-762.28747559
-549.53875732
-656.43792725
-552.27166748
-533.94659424
-845.02465820
-591.89495850
-552.25970459
-911.67993164
-634.32635498
-768.52050781
-808.82617188
-437.03253174
-752.53094482
-847.84564209
-724.92681885
-924.35858154
-679.12377930
-780.27978516
-681.10882568
-647.58874512
-647.61486816
-468.35440063
-416.02899170
-666.11279297
-461.15939331
-545.51776123
-566.50744629
-303.05599976
-576.43603516
-628.31390381
-531.03546143
-690.24072266
-512.03216553
-573.50421143
-502.65689087
-496.45785522
-754.18176270
-499.46160889
-476.11666870
-799.31549072
-594.67755127
-706.90142822
-709.37280273
-425.03067017
-662.68469238
-725.34735107
-638.71447754
-828.16058350
-616.02600098
-723.61608887
-584.74383545
-592.20593262
-785.88726807
-545.75836182
-496.78442383
-826.51342773
-597.95507812
-711.47174072
-710.73278809
-415.49423218
-692.59149170
-752.93457031
-662.54986572
-845.03186035
-637.59796143
-725.69128418
-598.98071289
-607.62176514
-766.50531006
-508.16235352
-492.10293579
-814.02844238
-614.49505615
-732.01422119
-736.17712402
-443.53393555
-683.28991699
-748.22595215
-672.02807617
-862.78045654
-621.00592041
-758.47167969
-600.09716797
-611.49560547
-916.12860107
-644.02215576
-588.90942383
-990.47271729
-705.11364746
-845.08483887
-861.76885986
-492.71026611
-814.98492432
-896.24523926
-793.86535645
-1006.45281982
-735.23858643
-854.38922119
-713.88018799
-712.58886719
-763.00213623
-536.82720947
-481.95666504
-766.91467285
-561.86010742
-661.30664062
-662.95635986
-387.41711426
-689.15686035
-728.29113770
-618.21148682
-793.57366943
-604.97729492
-669.44799805
-560.26220703
-581.08197021
-733.23315430
-495.15454102
-470.48931885
-772.78808594
-565.45001221
-663.89031982
-687.90496826
-391.65713501
-648.26129150
-717.27020264
-621.78369141
-810.74737549
-586.12512207
-696.61407471
-577.28521729
-573.91894531
-815.34887695
-564.24487305
-519.82409668
-863.53125000
-607.97973633
-724.31311035
-752.08837891
-417.75869751
-716.44836426
-795.67626953
-674.97717285
-877.76184082
-652.44018555
-743.55377197
-637.52789307
-627.18218994
-797.84887695
-529.38732910
-508.84036255
-864.77966309
-636.14953613
-743.15460205
-760.35076904
-448.69204712
-698.12280273
-782.34075928
-687.66168213
-911.03076172
-653.84277344
-781.39630127
-641.02966309
-645.12145996
-978.54168701
-673.78314209
-620.29937744
-1009.97137451
-726.52996826
-864.43713379
-888.98809814
-494.84451294
-869.65661621
-947.54351807
-803.53540039
-1033.35534668
-779.10626221
-885.39349365
-747.30560303
-733.68414307
-745.18188477
-523.85064697
-475.61495972
-752.02069092
-527.02197266
-631.25256348
-642.31994629
-356.46893311
-650.35858154
-699.44488525
-592.17803955
-764.28552246
-586.85205078
-653.85687256
-557.49359131
-570.37756348
-689.83160400
-453.89172363
-415.70602417
-719.00616455
-541.24829102
-624.14782715
-612.27508545
-378.23507690
-589.82055664
-641.94659424
-542.68786621
-727.85406494
-581.35870361
-642.49316406
-521.44311523
-529.63580322
-772.25408936
-507.50378418
-469.28894043
-770.19702148
-561.26727295
-671.78326416
-654.32885742
-387.03244019
-646.14465332
-689.80401611
-587.65203857
-754.28295898
-626.62011719
-693.15484619
-556.05743408
-566.03210449
-782.73919678
-512.94696045
-476.99877930
-821.31378174
-618.35430908
-712.52178955
-709.49945068
-431.54946899
-675.15856934
-739.63623047
-630.04473877
-843.54095459
-654.27709961
-745.11938477
-602.54248047
-605.47259521
-883.50170898
-598.19860840
-543.72619629
-916.39678955
-658.44885254
-783.03808594
-776.87664795
-455.37689209
-755.79479980
-819.43377686
-699.52624512
-906.67102051
-726.10687256
-798.31219482
-662.70074463
-667.25891113
-710.29711914
-480.90713501
-431.60400391
-691.72674561
-514.29064941
-598.77124023
-578.58843994
-346.01147461
-612.26757812
-639.25988770
-533.82464600
-694.38311768
-575.62042236
-619.24151611
-505.24462891
-523.59362793
-760.03759766
-501.15637207
-473.00524902
-796.53442383
-595.00402832
-699.62860107
-703.65539551
-425.43368530
-667.55816650
-725.74969482
-629.33270264
-819.17791748
-613.93304443
-710.00939941
-575.91033936
-587.10870361
-797.41937256
-546.07238770
-491.40063477
-822.86773682
-592.78881836
-703.69610596
-705.02905273
-410.57238770
-690.40142822
-745.27496338
-641.54785156
-822.56579590
-644.91278076
-718.23419189
-592.19219971
-596.37951660
-745.81610107
-481.29522705
-467.44787598
-763.96209717
-568.81506348
-685.88494873
-675.05493164
-408.22738647
-636.60156250
-688.41821289
-612.58825684
-784.80889893
-606.39166260
-714.09375000
-560.00488281
-579.00433350
-881.95001221
-610.03228760
-558.58459473
-944.96942139
-681.63134766
-811.56890869
-826.78204346
-477.18704224
-782.72131348
-859.92364502
-743.95306396
-948.69091797
-717.69793701
-808.84149170
-682.26184082
-669.70642090
-712.31176758
-497.43273926
-445.51602173
-708.40911865
-509.88006592
-609.67193604
-608.78082275
-352.13705444
-627.27954102
-660.87298584
-558.67950439
-708.77331543
-570.58514404
-614.93157959
-514.68066406
-528.01867676
-674.44976807
-457.80102539
-436.48718262
-719.90130615
-517.17883301
-610.05065918
-643.71386719
-348.33639526
-595.34973145
-672.14831543
-579.53314209
-761.73529053
-548.64520264
-654.18078613
-553.99407959
-529.58911133
-748.33721924
-522.38629150
-480.26199341
-793.37634277
-545.21606445
-652.93249512
-690.48486328
-370.88238525
-656.24505615
-737.04656982
-618.36053467
-808.44696045
-591.87921143
-678.73602295
-596.14520264
-576.08728027
-675.06018066
-451.53753662
-433.22994995
-727.29907227
-525.04156494
-611.59674072
-639.33996582
-352.41583252
-592.06146240
-668.04315186
-582.01281738
-779.62359619
-552.83355713
-669.43823242
-561.31707764
-541.20178223
-877.25677490
-614.38696289
-572.41827393
-946.33422852
-658.54357910
-796.59313965
-838.92016602
-453.74105835
-781.04522705
-879.54888916
-750.92883301
-959.04718018
-704.68475342
-809.38793945
-705.69323730
-671.84020996
-670.11499023
-485.79055786
-428.40701294
-686.17181396
-473.72250366
-561.08013916
-581.23046875
-311.49819946
-595.97418213
-646.95654297
-545.17120361
-707.83807373
-528.56243896
-588.76586914
-516.11126709
-511.42474365
-749.22967529
-501.31112671
-475.06365967
-800.37670898
-595.35052490
-705.39221191
-711.82427979
-426.18518066
-664.70776367
-727.84423828
-643.46197510
-832.28857422
-605.84552002
-720.08300781
-583.25933838
-589.41326904
-795.82220459
-552.10394287
-505.98367310
-838.10308838
-605.02770996
-724.75952148
-724.50915527
-422.43695068
-699.82153320
-762.02722168
-676.24993896
-858.75512695
-642.92443848
-741.28979492
-608.43865967
-618.32989502
-795.36206055
-529.35974121
-510.29067993
-848.83172607
-640.92706299
-759.22143555
-765.85137939
-462.44021606
-712.90930176
-781.26837158
-698.75695801
-901.14245605
-643.79943848
-784.33825684
-623.96441650
-637.68865967
-947.25634766
-664.44702148
-607.29388428
-1021.19519043
-729.61071777
-874.73303223
-889.23431396
-511.65600586
-841.77124023
-924.87774658
-818.37774658
-1036.63305664
-761.13134766
-881.77838135
-735.30346680
-735.87280273
-777.94036865
-546.72381592
-491.77670288
-774.23620605
-566.70098877
-670.45178223
-669.43292236
-389.69299316
-702.26861572
-737.09753418
-626.54071045
-800.16430664
-613.92504883
-680.86230469
-566.21496582
-589.12048340
-754.68475342
-511.16656494
-484.00653076
-792.13421631
-583.09826660
-685.10644531
-705.97998047
-402.19451904
-670.67517090
-737.76873779
-643.15490723
-834.69946289
-603.62792969
-718.04174805
-589.87475586
-588.47253418
-836.67169189
-574.24176025
-531.80267334
-884.34088135
-624.81097412
-741.94671631
-771.52880859
-428.94046021
-733.57830811
-816.71118164
-691.40832520
-905.52996826
-667.72253418
-768.29052734
-656.44219971
-645.60443115
-832.07958984
-550.87042236
-528.70434570
-889.34924316
-654.64465332
-765.69421387
-778.15185547
-457.72506714
-725.09069824
-807.68737793
-705.55072021
-937.07678223
-679.86883545
-807.19885254
-661.50292969
-669.29858398
-997.76867676
-687.65118408
-633.03790283
-1032.14843750
-742.78710938
-884.22558594
-909.36956787
-505.56491089
-886.83367920
-968.15930176
-821.43597412
-1055.70983887
-795.93676758
-904.65203857
-763.64428711
-749.03430176
-753.83398438
-528.99310303
-480.80984497
-761.02197266
-535.12823486
-639.24615479
-650.72912598
-361.62756348
-658.35986328
-709.33239746
-600.21051025
-777.49035645
-594.70776367
-664.78778076
-565.72070312
-579.42413330
-708.35748291
-463.14852905
-429.48181152
-741.05535889
-555.05047607
-645.47528076
-635.28088379
-392.09280396
-601.01251221
-658.74554443
-558.24621582
-748.99511719
-597.88385010
-664.85278320
-540.45739746
-548.73870850
-794.70227051
-523.02770996
-482.41043091
-802.31982422
-587.42864990
-698.57531738
-679.06866455
-406.40222168
-669.35369873
-716.65429688
-610.31372070
-788.71276855
-652.54669189
-718.42907715
-579.45324707
-587.94287109
-799.53289795
-524.23028564
-488.30535889
-839.34704590
-631.90454102
-729.09741211
-726.32409668
-441.57806396
-690.20111084
-756.07824707
-645.71221924
-860.96862793
-668.40710449
-762.21252441
-615.34820557
-618.07617188
-905.95977783
-614.14874268
-557.79443359
-941.72210693
-675.23144531
-801.68487549
-797.54260254
-466.64968872
-775.75396729
-841.41308594
-718.81579590
-932.11645508
-743.33892822
-817.82366943
-680.39251709
-684.80914307
-723.63183594
-488.58590698
-438.23040771
-705.75408936
-525.21752930
-609.96545410
-589.58569336
-354.01403809
-623.73956299
-652.02642822
-542.04858398
-709.59893799
-587.36810303
-630.41015625
-514.97302246
-534.13787842
-741.22491455
-488.73086548
-460.41458130
-776.09588623
-580.00720215
-681.55834961
-684.61492920
-414.34036255
-649.81018066
-706.44842529
-611.22448730
-796.06884766
-599.63568115
-691.61322021
-560.66229248
-571.46447754
-775.05145264
-530.04248047
-474.98464966
-794.91314697
-572.70922852
-679.45471191
-679.18334961
-395.51504517
-668.43347168
-719.57647705
-617.74621582
-791.49169922
-626.08520508
-693.59954834
-571.60198975
-574.90417480
-712.53729248
-458.67578125
-445.53250122
-728.69610596
-543.05029297
-654.73956299
-643.84741211
-389.55816650
-606.57580566
-655.76879883
-582.62811279
-747.29235840
-579.72448730
-681.24200439
-534.90740967
-553.71997070
-839.51239014
-580.24591064
-530.47906494
-899.36340332
-647.46258545
-771.03472900
-784.94708252
-454.46557617
-743.60559082
-816.38922119
-705.41485596
-899.86688232
-685.04473877
-768.97637939
-647.93530273
-637.00494385
-681.02886963
-473.16470337
-424.73706055
-676.53222656
-486.82690430
-583.37646484
-580.65625000
-336.49972534
-597.34930420
-629.54504395
-532.03063965
-674.83270264
-545.59613037
-587.99530029
-491.15441895
-502.99557495
-647.82409668
-439.58267212
-420.05911255
-691.99963379
-496.56378174
-586.58239746
-617.82159424
-334.52856445
-572.24462891
-645.04077148
-556.27429199
-730.98645020
-526.99383545
-628.71179199
-532.36145020
-508.63159180
-714.78948975
-499.49029541
-459.16415405
-756.41186523
-519.67956543
-622.41625977
-658.28155518
-352.64071655
-626.97418213
-703.02819824
-590.36102295
-770.30065918
-564.55633545
-647.35662842
-568.06060791
-549.48883057
-638.59112549
-426.98028564
-408.14822388
-686.62341309
-495.79220581
-576.78387451
-602.89172363
-331.86151123
-559.23095703
-632.63500977
-548.48101807
-736.27789307
-522.79443359
-630.92028809
-530.63153076
-511.34497070
-826.15417480
-579.19897461
-540.91876221
-892.06622314
-620.10400391
-752.47998047
-790.91461182
-427.34121704
-735.69757080
-828.08862305
-708.53918457
-902.04907227
-664.06799316
-762.32025146
-665.25976562
-632.61889648
-632.04138184
-459.07534790
-406.96615601
-650.93432617
-450.43939209
-533.26452637
-554.17382812
-296.53125000
-563.99719238
-613.61260986
-519.73065186
-673.08593750
-499.24591064
-559.78021240
-489.31393433
-484.65026855
-719.50738525
-482.54669189
-457.94949341
-771.10351562
-572.82757568
-678.32769775
-687.00360107
-409.46713257
-639.75744629
-702.07513428
-622.14025879
-802.42303467
-580.98376465
-693.55853271
-561.81774902
-567.20977783
-764.60351562
-532.03540039
-488.26370239
-807.60778809
-581.50732422
-697.44622803
-699.61431885
-406.45748901
-674.95220947
-735.86517334
-653.29217529
-828.76049805
-618.16601562
-712.22637939
-586.45672607
-596.08099365
-753.36328125
-502.37109375
-484.13681030
-802.48529053
-606.08770752
-719.14013672
-725.88714600
-437.73443604
-676.92926025
-740.46130371
-663.88879395
-854.62756348
-607.69348145
-743.19519043
-590.97082520
-603.86926270
-896.81683350
-629.44458008
-577.41632080
-971.41320801
-692.20764160
-831.52630615
-846.37634277
-485.39721680
-798.72613525
-879.19390869
-780.05920410
-987.47399902
-720.28240967
-839.74993896
-699.86529541
-699.30529785
-750.11517334
-528.03674316
-473.38058472
-750.88153076
-550.15679932
-647.56134033
-648.75366211
-378.51574707
-679.38598633
-715.32977295
-606.85748291
-779.01275635
-592.93542480
-658.09686279
-549.38867188
-571.01489258
-734.39086914
-498.05200195
-472.10101318
-772.75769043
-568.83306885
-668.12121582
-688.47955322
-392.11788940
-654.03295898
-719.66040039
-627.56329346
-814.23339844
-588.38177490
-700.59271240
-575.59429932
-573.69494629
-812.96264648
-559.46044922
-517.32244873
-858.70208740
-605.60888672
-719.48126221
-748.60192871
-415.61575317
-713.24993896
-792.57202148
-671.27331543
-877.19335938
-649.19378662
-744.32189941
-636.49542236
-627.24475098
-795.81268311
-527.34820557
-505.79125977
-850.23425293
-626.21069336
-732.78424072
-744.77740479
-438.26504517
-694.15820312
-772.11779785
-675.86486816
-896.88269043
-650.54675293
-773.61431885
-632.26586914
-641.00311279
-959.43444824
-659.86608887
-609.28491211
-994.71606445
-716.88867188
-851.87414551
-876.77777100
-488.43826294
-853.77191162
-932.04699707
-791.93572998
-1017.97918701
-766.06652832
-872.92846680
-735.81445312
-721.99090576
-731.88745117
-514.71728516
-466.41186523
-737.16131592
-518.28009033
-619.34008789
-630.38391113
-350.17657471
-640.08941650
-687.77124023
-582.02484131
-752.66857910
-577.07196045
-643.70971680
-547.48358154
-562.03472900
-692.67132568
-453.64132690
-420.08419800
-725.11633301
-542.37109375
-631.33666992
-622.83294678
-383.97500610
-588.73602295
-645.07604980
-546.55212402
-732.44256592
-584.25183105
-649.14184570
-528.63433838
-535.61694336
-769.20190430
-506.75201416
-465.33264160
-773.64068604
-566.47619629
-673.34692383
-654.06109619
-389.92254639
-647.04577637
-690.57916260
-587.58514404
-759.98114014
-630.29083252
-692.96362305
-558.52960205
-567.98181152
-763.09265137
-498.99154663
-464.53872681
-799.17913818
-602.40740967
-694.72589111
-689.91668701
-420.54022217
-657.54748535
-719.20715332
-613.27685547
-820.29724121
-638.70471191
-726.82141113
-586.51556396
-589.71057129
-872.58831787
-591.03710938
-536.97424316
-908.00885010
-652.62554932
-775.05755615
-770.57458496
-451.50088501
-747.85449219
-811.32733154
-692.92907715
-898.73028564
-718.22503662
-788.65277100
-655.85498047
-659.52728271
-699.41131592
-473.01861572
-424.21176147
-681.90521240
-506.41229248
-589.87451172
-570.49133301
-340.78930664
-604.13031006
-630.38067627
-524.96295166
-685.03741455
-567.97064209
-609.73358154
-498.23348999
-515.82421875
-743.87347412
-492.00271606
-463.84036255
-777.72186279
-581.14733887
-683.33715820
-689.44964600
-414.51605225
-653.81152344
-710.98193359
-616.27050781
-801.34216309
-599.73712158
-694.45281982
-563.84167480
-574.40338135
-774.31335449
-531.27276611
-476.86669922
-797.86737061
-572.46667480
-679.16680908
-682.79467773
-394.40048218
-670.15509033
-724.01623535
-622.19207764
-798.15527344
-623.70776367
-695.81127930
-575.51226807
-577.60491943
-721.47784424
-465.99822998
-452.18334961
-741.38531494
-550.75366211
-664.01776123
-655.30633545
-395.88980103
-615.21502686
-666.65679932
-593.02221680
-760.59582520
-586.40588379
-690.48223877
-543.58422852
-562.46508789
-856.25415039
-591.30224609
-541.99243164
-918.99475098
-662.23748779
-789.68328857
-802.90222168
-463.93939209
-758.48864746
-833.49139404
-723.47320557
-921.88098145
-697.10791016
-787.44097900
-662.19458008
-650.37097168
-700.44909668
-487.36859131
-437.57278442
-697.73034668
-503.20648193
-600.83923340
-599.14978027
-347.15814209
-616.32324219
-649.04193115
-549.26428223
-697.47412109
-561.78765869
-606.51794434
-506.38055420
-519.79595947
-662.30798340
-449.88790894
-429.99877930
-707.01690674
-508.57373047
-600.72460938
-631.85913086
-342.99935913
-583.84967041
-659.74560547
-570.89788818
-748.50231934
-539.81652832
-644.00854492
-544.92822266
-520.08636475
-732.87402344
-511.81277466
-470.75396729
-775.58966064
-533.98132324
-639.03088379
-675.77874756
-361.87905884
-644.20709229
-722.43640137
-606.71710205
-792.16229248
-579.21655273
-664.33551025
-583.81494141
-564.17346191
-655.89086914
-439.92834473
-421.69476318
-706.79461670
-508.80136108
-592.84997559
-621.75915527
-340.22790527
-575.90991211
-651.09527588
-566.44012451
-756.99493408
-535.55273438
-648.72833252
-546.82037354
-525.55157471
-851.73858643
-596.77795410
-558.56079102
-922.39971924
-641.27203369
-777.90319824
-819.82080078
-442.40332031
-759.50585938
-856.83331299
-735.91888428
-937.23590088
-684.37518311
-791.10302734
-689.67120361
-655.92517090
-657.58935547
-478.65734863
-423.30172729
-678.10070801
-467.88388062
-554.11566162
-575.95300293
-308.43872070
-588.17218018
-640.00921631
-541.44769287
-703.18347168
-518.74859619
-582.59008789
-510.47412109
-504.67938232
-737.73114014
-494.28366089
-468.40847778
-789.86218262
-588.01397705
-695.37316895
-703.10223389
-420.39108276
-655.59613037
-719.42199707
-635.64294434
-821.46380615
-597.08245850
-710.07501221
-575.30871582
-580.95770264
-782.22375488
-542.67102051
-498.34317017
-826.19360352
-596.69464111
-715.00616455
-713.99151611
-417.28686523
-689.04583740
-750.10827637
-667.73724365
-847.38037109
-632.67675781
-731.57562256
-599.71929932
-609.76708984
-784.19085693
-522.58959961
-502.62832642
-831.81250000
-629.57366943
-746.64575195
-751.77972412
-454.42785645
-702.72058105
-767.72650146
-687.67810059
-885.52215576
-633.22821045
-772.84027100
-611.95385742
-627.35443115
-935.53228760
-654.99896240
-599.19641113
-1011.06042480
-722.44152832
-864.16986084
-880.05242920
-506.91128540
-831.56677246
-914.67346191
-808.93371582
-1027.33032227
-752.25769043
-872.77923584
-727.59442139
-727.76275635
-781.56787109
-547.60809326
-491.91723633
-779.99792480
-572.39355469
-675.13446045
-673.93542480
-394.36898804
-705.21142578
-741.82696533
-629.69110107
-806.47888184
-618.50561523
-684.21026611
-569.60797119
-591.24194336
-744.99230957
-504.82928467
-477.29855347
-781.15637207
-575.41815186
-676.60021973
-695.96551514
-397.45129395
-662.66357422
-728.58306885
-633.33709717
-822.73168945
-596.71960449
-708.01000977
-581.76281738
-580.28228760
-825.09405518
-564.94812012
-523.24798584
-870.36730957
-616.58483887
-729.82946777
-758.77081299
-422.93310547
-722.51629639
-803.19555664
-679.14123535
-890.47424316
-658.71221924
-756.53076172
-645.79327393
-635.75311279
-815.88073730
-539.28375244
-517.59088135
-872.52355957
-642.63598633
-751.14941406
-763.31854248
-449.72680664
-710.86236572
-791.58599854
-692.18676758
-920.46826172
-668.66711426
-793.71887207
-649.85876465
-658.25085449
-987.61602783
-679.74060059
-625.18670654
-1021.74670410
-735.29986572
-873.77410889
-898.66418457
-500.90466309
-878.38464355
-957.12866211
-810.65032959
-1043.39550781
-788.32684326
-894.29144287
-754.65393066
-739.89587402
-754.10986328
-528.80206299
-480.77325439
-761.01092529
-533.52789307
-638.64892578
-650.48724365
-361.42761230
-656.38781738
-707.37988281
-598.66430664
-772.60473633
-594.83758545
-663.05041504
-564.08184814
-576.56115723
-693.50329590
-453.56002808
-420.22982788
-724.06634521
-542.48681641
-631.42590332
-620.56121826
-383.83007812
-588.32684326
-642.98846436
-545.44525146
-731.15814209
-585.84692383
-649.56243896
-527.76971436
-535.91937256
-775.84753418
-509.19802856
-470.86108398
-782.39398193
-573.49621582
-681.73370361
-662.46606445
-395.39434814
-652.57824707
-698.12432861
-594.99188232
-768.04229736
-636.80358887
-701.35406494
-565.84771729
-573.06262207
-781.36468506
-512.17089844
-476.57400513
-820.84442139
-618.66052246
-712.37133789
-709.47674561
-431.15390015
-674.34289551
-739.30346680
-629.98583984
-843.02142334
-654.43255615
-745.28784180
-602.75555420
-604.11175537
-891.34600830
-603.73937988
-549.30670166
-926.94165039
-665.07409668
-791.29400635
-787.18640137
-460.04641724
-762.66448975
-828.69396973
-708.70330811
-917.95190430
-732.15002441
-805.62841797
-670.38348389
-674.18457031
-718.99969482
-487.12872314
-437.48098755
-703.56488037
-521.85894775
-607.97766113
-590.18829346
-352.50411987
-621.14569092
-650.28454590
-543.30914307
-707.88732910
-582.92517090
-627.95953369
-513.75622559
-531.38049316
-726.55914307
-484.24047852
-453.52804565
-771.56835938
-575.59161377
-673.96795654
-685.47918701
-413.35742188
-643.11169434
-704.05371094
-611.26593018
-796.76464844
-585.04864502
-683.25573730
-555.10491943
-564.53955078
-800.95281982
-544.00006104
-493.79187012
-830.46923828
-600.42755127
-714.32635498
-712.69958496
-419.27984619
-690.28295898
-747.54266357
-651.88079834
-836.40722656
-647.03063965
-732.94598389
-596.96258545
-607.16149902
-753.51757812
-490.15502930
-471.77157593
-762.98211670
-571.15997314
-683.56964111
-672.67645264
-406.12628174
-649.57537842
-695.66113281
-615.53033447
-792.90100098
-607.06988525
-714.04589844
-561.29058838
-585.83129883
-869.66021729
-601.89971924
-550.91796875
-933.64044189
-673.38061523
-801.82635498
-815.94378662
-472.41766357
-771.54943848
-847.61083984
-734.58563232
-936.70367432
-709.30053711
-799.33337402
-672.50695801
-661.52307129
-715.14337158
-496.93444824
-446.27548218
-712.43121338
-514.23651123
-614.84057617
-612.07989502
-355.33554077
-628.02490234
-662.75573730
-561.03607178
-713.14367676
-574.54779053
-620.24389648
-516.65447998
-530.97686768
-684.42822266
-469.94384766
-441.61193848
-721.35351562
-520.08123779
-610.23114014
-641.46484375
-347.84918213
-609.93676758
-679.94158936
-585.59252930
-769.88964844
-548.26055908
-655.46746826
-553.36285400
-535.71710205
-743.16064453
-513.79132080
-471.70141602
-784.35992432
-542.34863281
-643.01934814
-680.00317383
-366.13839722
-649.92199707
-729.48278809
-606.10083008
-800.27032471
-590.87341309
-671.95208740
-590.65264893
-569.30029297
-672.22338867
-445.25790405
-428.76443481
-717.49383545
-518.32788086
-606.24951172
-630.44799805
-348.96316528
-583.51843262
-658.62115479
-570.65368652
-765.05786133
-552.09063721
-662.04980469
-555.24047852
-536.00347900
-864.57983398
-605.48315430
-564.53070068
-933.01715088
-650.06256104
-786.84509277
-828.71508789
-448.22656250
-769.89440918
-866.78961182
-741.27874756
-944.87957764
-693.82360840
-798.75427246
-694.80444336
-662.78857422
-666.58801270
-482.42724609
-425.79013062
-685.12359619
-474.62155151
-559.15600586
-580.65570068
-311.72558594
-593.17138672
-645.31915283
-543.53265381
-708.36822510
-527.05694580
-588.39031982
-514.77478027
-509.66052246
-740.21051025
-492.51504517
-469.32769775
-784.86248779
-583.36059570
-694.65258789
-697.29797363
-416.42160034
-651.66650391
-714.31616211
-629.26660156
-815.24285889
-604.20416260
-710.52252197
-576.13183594
-581.96588135
-769.53399658
-536.86651611
-487.63723755
-811.86108398
-583.96124268
-696.46490479
-697.65740967
-406.08050537
-678.52783203
-738.20831299
-651.30255127
-830.42291260
-623.17962646
-711.46221924
-588.36340332
-596.37133789
-765.11499023
-505.81823730
-490.10791016
-817.52081299
-617.69787598
-733.66516113
-738.00036621
-446.82275391
-681.45465088
-748.10626221
-672.05157471
-865.56024170
-622.39190674
-759.49243164
-601.21887207
-613.36657715
-932.09674072
-653.05419922
-596.92193604
-1005.44488525
-718.04003906
-860.78454590
-875.36199951
-503.27722168
-828.17675781
-909.58398438
-805.36254883
-1020.99493408
-748.70465088
-869.63665771
-723.96020508
-724.73999023
-774.63665771
-543.14117432
-488.51162720
-771.44775391
-564.78204346
-667.49114990
-666.73883057
-388.36074829
-698.04821777
-734.44702148
-622.92010498
-798.36999512
-611.97186279
-677.94488525
-563.92962646
-586.49420166
-732.61260986
-495.84146118
-471.50070190
-773.31311035
-566.63061523
-665.07446289
-690.45141602
-391.77905273
-649.54962158
-718.89074707
-624.12915039
-812.70629883
-585.41961670
-698.20117188
-578.44293213
-575.18591309
-809.13244629
-561.87518311
-516.67138672
-855.67950439
-602.85864258
-717.10479736
-745.19787598
-414.03024292
-712.25421143
-790.14385986
-670.75476074
-872.39672852
-645.97802734
-736.89025879
-632.44122314
-623.33728027
-794.86614990
-527.94909668
-507.67346191
-862.66412354
-634.64776611
-742.15283203
-760.18756104
-447.79479980
-696.91394043
-781.40032959
-686.82617188
-910.51538086
-651.09173584
-779.94879150
-639.81396484
-643.18377686
-980.90264893
-675.22326660
-622.44818115
-1015.79888916
-730.64996338
-869.43615723
-893.71679688
-497.38143921
-872.00677490
-951.78417969
-807.79302979
-1039.98547363
-782.79663086
-890.93829346
-751.37872314
-737.01312256
-749.99285889
-526.22247314
-479.66006470
-757.62048340
-531.87347412
-637.98059082
-649.08776855
-360.69454956
-654.52044678
-705.03295898
-598.84503174
-773.03283691
-590.72998047
-662.23425293
-562.84417725
-576.86706543
-695.43426514
-456.97503662
-417.99478149
-723.92230225
-545.87493896
-628.83087158
-617.02313232
-381.89904785
-594.01678467
-645.90997314
-545.31982422
-732.95788574
-586.85260010
-647.30633545
-524.85284424
-533.89666748
-772.59710693
-507.18572998
-468.95288086
-768.70983887
-560.47863770
-672.30493164
-651.87695312
-386.31759644
-646.49725342
-688.60723877
-586.94622803
-752.31011963
-627.62805176
-693.37530518
-556.14605713
-565.15045166
-784.30505371
-513.74102783
-477.90380859
-822.11572266
-618.84301758
-714.04278564
-710.23419189
-432.26345825
-675.61779785
-740.23864746
-631.70916748
-844.12670898
-655.48547363
-746.45501709
-604.09320068
-605.62158203
-889.15209961
-602.22900391
-546.96643066
-924.44439697
-663.39025879
-787.23461914
-782.51098633
-458.33593750
-760.74383545
-825.11682129
-703.86364746
-913.58465576
-731.17388916
-803.13995361
-668.24957275
-671.64880371
-718.01721191
-483.75027466
-435.42263794
-701.86676025
-522.21459961
-608.14489746
-587.78240967
-353.34426880
-618.73138428
-647.33868408
-540.17962646
-705.88317871
-584.34277344
-628.52246094
-512.74963379
-530.93371582
-740.21472168
-489.67013550
-460.60977173
-776.43536377
-580.39013672
-682.27032471
-686.86633301
-414.72463989
-651.84857178
-709.01147461
-615.09259033
-801.12872314
-598.46081543
-692.75323486
-561.87194824
-572.95556641
-784.29986572
-537.24066162
-483.13024902
-809.31475830
-583.19451904
-692.52862549
-694.25585938
-404.77627563
-678.32452393
-732.70678711
-632.51770020
-810.56292725
-634.10565186
-707.33789062
-582.28875732
-585.98187256
-744.83331299
-480.60388184
-466.73803711
-764.96716309
-570.12554932
-686.24749756
-676.00219727
-409.55618286
-636.15429688
-688.53247070
-612.27545166
-785.50964355
-605.79919434
-712.82977295
-559.91900635
-578.78857422
-875.89288330
-605.10479736
-553.26855469
-936.10406494
-675.49603271
-803.47991943
-817.37261963
-473.02307129
-775.93322754
-850.98681641
-735.40692139
-939.04425049
-714.22723389
-801.11621094
-675.09283447
-664.42700195
-699.81188965
-486.36395264
-435.42410278
-692.85028076
-498.55651855
-596.63073730
-593.49359131
-343.15756226
-613.97558594
-645.73681641
-545.00567627
-692.02856445
-559.27929688
-602.82147217
-502.99185181
-517.25457764
-664.00799561
-450.26257324
-430.66326904
-709.08013916
-509.37466431
-601.09490967
-634.48016357
-343.77978516
-585.88775635
-662.39447021
-570.71362305
-750.57287598
-539.05102539
-644.88793945
-545.23248291
-521.54992676
-739.67059326
-514.79235840
-473.81185913
-784.36071777
-539.10906982
-645.01373291
-680.92382812
-366.64514160
-647.91595459
-727.52026367
-610.01831055
-799.62762451
-584.79541016
-671.04498291
-588.82525635
-569.67749023
-672.46441650
-449.16949463
-430.21524048
-722.07708740
-520.76623535
-606.52575684
-633.55303955
-347.96173096
-588.84063721
-664.46588135
-576.65368652
-771.66015625
-550.04364014
-663.31158447
-558.05895996
-537.55657959
-858.53430176
-601.83288574
-561.09625244
-925.03790283
-642.55218506
-779.02246094
-819.88043213
-441.82083130
-763.58868408
-859.27185059
-734.31842041
-936.29602051
-689.45379639
-790.86523438
-690.52465820
-657.37292480
-649.18408203
-470.62890625
-416.72280884
-667.68774414
-461.01690674
-546.30255127
-567.76757812
-303.99829102
-577.96679688
-629.06842041
-531.90887451
-690.48126221
-512.97827148
-574.96118164
-502.69088745
-497.60021973
-734.50042725
-490.61627197
-465.61114502
-784.49468994
-584.73413086
-692.15490723
-696.94860840
-418.43017578
-651.40228271
-713.46478271
-630.62512207
-815.42071533
-595.12030029
-706.52331543
-571.84533691
-578.50604248
-784.83898926
-542.57897949
-499.73092651
-826.71716309
-597.51586914
-717.69097900
-717.02972412
-417.53125000
-691.13629150
-752.34143066
-668.35400391
-847.75317383
-635.77563477
-733.88763428
-601.17980957
-609.88360596
-787.58428955
-525.56951904
-505.86340332
-839.63226318
-632.91241455
-750.92010498
-758.39587402
-456.64205933
-706.47497559
-774.00000000
-692.70306396
-892.01879883
-635.45922852
-775.84869385
-618.13287354
-631.13500977
-929.00415039
-652.85510254
-596.23547363
-1003.27124023
-715.26702881
-856.98468018
-873.04467773
-501.23074341
-826.28717041
-908.31573486
-804.32495117
-1018.89044189
-746.00329590
-865.27813721
-722.30291748
-722.03192139
-766.65185547
-538.08020020
-485.26495361
-767.49841309
-563.63769531
-665.24108887
-665.34368896
-388.90106201
-692.34942627
-730.13629150
-621.63745117
-795.66186523
-606.60943604
-674.62213135
-561.60656738
-583.07550049
-733.90197754
-497.39801025
-472.00350952
-771.41595459
-568.33953857
-668.00347900
-688.00775146
-391.58364868
-653.62615967
-719.50866699
-627.50927734
-813.27539062
-587.21405029
-699.67675781
-575.56994629
-573.01898193
-827.50988770
-566.89227295
-528.23358154
-879.74725342
-622.18389893
-739.94201660
-770.73901367
-428.46752930
-726.98187256
-811.24023438
-689.18096924
-901.86065674
-662.74108887
-764.53979492
-654.01214600
-641.04406738
-829.58685303
-551.78631592
-527.24462891
-886.38024902
-651.77508545
-762.96673584
-775.83300781
-456.14886475
-724.54571533
-805.67315674
-705.00073242
-934.27880859
-677.46716309
-804.51300049
-659.08947754
-667.84661865
-987.46533203
-680.60504150
-627.29699707
-1020.38690186
-734.24804688
-873.23992920
-897.97631836
-499.11907959
-878.34582520
-956.90399170
-811.93756104
-1043.17797852
-786.63177490
-894.69323730
-754.71142578
-740.83978271
-749.76342773
-525.91656494
-477.83319092
-758.16607666
-533.62841797
-637.43255615
-647.72863770
-361.02722168
-654.30297852
-705.22784424
-597.04766846
-773.92230225
-592.63476562
-661.21948242
-563.24511719
-576.42236328
-695.23529053
-455.41903687
-423.59771729
-727.69873047
-544.77886963
-635.03021240
-625.97424316
-385.68072510
-590.64324951
-646.95410156
-549.92303467
-736.44458008
-586.18963623
-654.29956055
-531.33734131
-538.71679688
-794.69567871
-523.55938721
-482.43267822
-807.49768066
-590.87841797
-700.53778076
-683.98614502
-408.33914185
-670.37481689
-720.35351562
-613.27246094
-794.29632568
-652.47943115
-720.19830322
-582.61791992
-589.62878418
-799.08074951
-524.46466064
-487.15847778
-837.15411377
-629.82110596
-725.52178955
-722.17083740
-439.02017212
-690.16796875
-754.27978516
-642.31390381
-858.60681152
-667.82531738
-758.89843750
-613.72570801
-617.43548584
-892.65289307
-603.86871338
-549.66601562
-924.71356201
-663.94580078
-789.80468750
-782.51641846
-458.39544678
-763.16436768
-826.94024658
-705.17907715
-914.60791016
-733.37518311
-804.55883789
-668.24908447
-673.51715088
-716.87207031
-483.20135498
-434.31924438
-699.35809326
-520.45867920
-604.96124268
-585.49365234
-350.91610718
-618.13885498
-645.16986084
-538.31811523
-702.84210205
-582.06591797
-625.80889893
-510.94671631
-528.13397217
-709.56182861
-473.02413940
-444.58999634
-753.63470459
-563.01397705
-660.14794922
-670.62701416
-404.60247803
-629.58514404
-688.88433838
-599.73065186
-778.97467041
-571.52984619
-668.06347656
-543.44055176
-551.72918701
-785.79162598
-535.44580078
-485.02841187
-817.19787598
-589.54345703
-700.29663086
-701.21893311
-410.89422607
-678.88952637
-736.57977295
-641.03912354
-822.90441895
-632.95562744
-719.48535156
-588.25976562
-595.17150879
-749.32177734
-488.50979614
-469.24304199
-763.55157471
-569.98699951
-682.18585205
-672.67669678
-406.87411499
-645.81091309
-693.71270752
-615.01165771
-792.59802246
-604.76123047
-711.99011230
-560.29370117
-584.38836670
-877.02813721
-604.62805176
-553.62542725
-936.91656494
-675.76129150
-804.86877441
-818.00714111
-473.87823486
-774.76391602
-850.67663574
-736.19519043
-938.53625488
-713.66546631
-803.42572021
-674.73522949
-664.42004395
-712.50585938
-494.32479858
-444.27029419
-706.97882080
-508.70318604
-609.95532227
-607.22113037
-351.00289917
-623.55682373
-656.75122070
-555.67358398
-705.26892090
-570.96545410
-615.90582275
-513.60168457
-526.61865234
-674.48034668
-463.88098145
-438.75155640
-714.95086670
-515.46813965
-605.82250977
-639.35034180
-345.66412354
-602.72790527
-673.03875732
-583.54376221
-765.16101074
-540.79461670
-652.79388428
-550.29266357
-530.73730469
-740.98864746
-515.03839111
-472.88928223
-785.34539795
-542.29260254
-643.48297119
-682.99975586
-367.07907104
-651.13293457
-732.32183838
-609.44860840
-804.71618652
-587.99542236
-672.49493408
-592.59930420
-570.63610840
-671.94689941
-448.14129639
-429.39196777
-718.65075684
-516.30651855
-602.89239502
-629.75042725
-345.88265991
-584.30126953
-660.02239990
-570.80517578
-765.51824951
-550.70404053
-659.66491699
-556.04748535
-536.24694824
-855.94952393
-597.92095947
-560.64959717
-925.28839111
-642.93859863
-781.73834229
-822.07238770
-443.91778564
-761.47009277
-857.93554688
-735.88385010
-936.83239746
-688.98968506
-794.55426025
-690.78424072
-657.51196289
-661.39404297
-479.22634888
-425.54174805
-681.33117676
-471.39254761
-558.55230713
-579.66363525
-311.06503296
-590.18957520
-642.96478271
-543.97766113
-706.90570068
-521.98510742
-586.40319824
-513.06475830
-507.46969604
-748.86206055
-497.80422974
-475.58480835
-797.19299316
-593.88525391
-705.21502686
-708.88385010
-424.68115234
-660.87738037
-725.09576416
-639.61157227
-827.91406250
-612.58471680
-721.06817627
-584.19543457
-589.93365479
-785.62945557
-547.40722656
-498.92974854
-830.61578369
-599.06799316
-714.51904297
-715.52001953
-416.94924927
-693.57006836
-756.05090332
-667.46527100
-850.67468262
-637.90393066
-728.96820068
-603.08917236
-609.92755127
-773.86981201
-513.41546631
-496.34912109
-820.16107178
-619.76702881
-738.00366211
-740.82922363
-447.12789917
-689.65924072
-753.83404541
-677.97418213
-870.31475830
-626.06384277
-763.12500000
-603.68280029
-617.54364014
-925.84613037
-649.01538086
-594.08819580
-1001.94219971
-714.55346680
-857.03820801
-872.22235107
-500.70544434
-822.49298096
-905.71704102
-803.22967529
-1018.55596924
-744.54364014
-866.06054688
-721.51116943
-720.76501465
-785.85308838
-551.07348633
-496.92706299
-789.01434326
-579.06054688
-684.11505127
-683.89172363
-400.23178101
-708.78790283
-748.84973145
-637.06390381
-815.84082031
-622.83117676
-692.33264160
-575.98199463
-598.19384766
-742.83630371
-501.55044556
-477.26553345
-783.81719971
-574.23388672
-674.40106201
-698.90606689
-398.31509399
-656.90277100
-726.58270264
-630.56329346
-820.39501953
-594.37451172
-707.03314209
-584.78485107
-581.52276611
-830.07745361
-573.64141846
-529.34619141
-878.94415283
-619.56622314
-737.39550781
-766.61645508
-426.69354248
-730.36364746
-810.87945557
-687.80889893
-893.57769775
-663.96832275
-757.74157715
-649.38153076
-637.69360352
-802.73632812
-533.34185791
-511.69515991
-867.01928711
-637.83709717
-744.55700684
-761.56079102
-448.54354858
-702.42474365
-785.45568848
-689.65911865
-914.41033936
-657.71459961
-783.38964844
-643.12933350
-648.77087402
-984.96368408
-677.33526611
-624.46728516
-1019.61242676
-735.39520264
-873.86401367
-897.79022217
-500.26412964
-875.29040527
-955.91955566
-810.51074219
-1042.60034180
-786.21325684
-894.75671387
-753.99267578
-739.91320801
-765.05957031
-536.87072754
-487.22283936
-775.55859375
-545.87573242
-651.83953857
-663.64654541
-370.58975220
-667.57598877
-720.42779541
-610.17077637
-789.70477295
-605.35614014
-676.15655518
-575.36181641
-587.32757568
-696.18273926
-456.62319946
-419.65454102
-725.26995850
-546.67376709
-630.86682129
-618.69165039
-383.43417358
-594.52008057
-646.70422363
-546.90612793
-733.33697510
-587.50720215
-648.67407227
-525.55474854
-533.57812500
-785.85760498
-516.63458252
-477.82196045
-785.46472168
-571.39971924
-685.46783447
-666.96405029
-394.41415405
-657.84106445
-702.08380127
-599.23291016
-767.87567139
-638.55767822
-707.84197998
-567.38946533
-575.86462402
-787.86462402
-516.48547363
-479.03497314
-821.61016846
-618.90203857
-712.29345703
-708.42297363
-430.82241821
-679.04235840
-741.04888916
-629.63629150
-843.58605957
-657.66680908
-746.69958496
-603.22869873
-608.29669189
-887.40795898
-599.79980469
-545.55004883
-921.44226074
-661.58679199
-787.08477783
-781.59765625
-458.00082397
-758.19958496
-822.41314697
-703.10681152
-910.92639160
-729.20306396
-801.38488770
-664.89550781
-669.54858398
-728.79998779
-492.60873413
-442.51635742
-714.90447998
-530.86480713
-617.82910156
-599.01361084
-358.53152466
-628.75561523
-658.60675049
-549.73608398
-717.07086182
-592.24206543
-637.71374512
-521.27062988
-537.96734619
-754.67877197
-498.52233887
-470.75500488
-789.53710938
-589.74829102
-694.34387207
-698.83538818
-421.42251587
-662.45941162
-720.69946289
-625.02319336
-811.94781494
-609.07653809
-705.33972168
-571.91088867
-582.67486572
-787.98333740
-541.55145264
-486.35253906
-815.41247559
-586.30822754
-695.61328125
-697.94213867
-405.75515747
-681.69281006
-737.64019775
-637.25482178
-815.56372070
-637.54705811
-710.57995605
-586.84863281
-589.70483398
-749.02874756
-483.31924438
-470.24124146
-770.74316406
-575.96325684
-694.25842285
-683.35253906
-415.02764893
-639.84735107
-694.08447266
-619.38732910
-792.58831787
-609.67163086
-720.59185791
-564.46075439
-584.66638184
-891.36114502
-616.55743408
-562.69879150
-953.09790039
-687.38989258
-817.34790039
-831.91436768
-481.30175781
-790.87768555
-866.99249268
-749.30554199
-956.12847900
-724.40820312
-815.08673096
-686.68829346
-675.64654541
-718.23950195
-499.39456177
-447.97052002
-711.72674561
-513.44702148
-614.79443359
-610.98059082
-354.42651367
-630.33801270
-662.60107422
-561.23236084
-711.52917480
-575.04547119
-621.36657715
-517.39758301
-531.87475586
-670.51452637
-454.72113037
-434.64306641
-715.80566406
-515.05621338
-607.57745361
-640.52758789
-347.79956055
-590.99499512
-667.53784180
-577.26025391
-756.69183350
-544.72497559
-651.65081787
-550.71710205
-526.53155518
-751.80682373
-524.25970459
-482.20733643
-796.63745117
-547.96868896
-656.30853271
-693.72149658
-372.70111084
-659.59613037
-740.37292480
-621.69067383
-812.00231934
-593.59344482
-682.26727295
-598.42346191
-578.49554443
-681.76910400
-456.18041992
-436.78613281
-736.19512939
-530.48236084
-617.23175049
-646.33349609
-355.61904907
-597.58184814
-676.23925781
-587.83209229
-787.84979248
-558.70745850
-675.41674805
-567.51019287
-546.87231445
-878.40570068
-614.96917725
-573.91070557
-944.61340332
-657.80035400
-796.45806885
-837.77233887
-452.23794556
-780.99249268
-878.44586182
-750.15924072
-958.20367432
-705.61749268
-810.00915527
-705.70306396
-672.81622314
-666.27606201
-482.32043457
-427.73684692
-684.36535645
-472.96121216
-559.27294922
-580.54815674
-310.67709351
-592.68688965
-644.65924072
-544.24505615
-707.67291260
-526.13958740
-588.44128418
-515.74871826
-510.05682373
-741.92132568
-495.80395508
-469.89999390
-793.62536621
-592.21630859
-699.81213379
-706.16485596
-424.24600220
-658.20532227
-721.28637695
-637.20483398
-825.66076660
-602.19079590
-714.93591309
-578.31268311
-584.05126953
-798.06463623
-551.69671631
-507.60214233
-840.86999512
-608.12573242
-729.65924072
-727.60076904
-426.12564087
-701.29467773
-762.54705811
-677.83447266
-860.39300537
-646.07830811
-745.27093506
-609.11962891
-620.50177002
-803.44189453
-534.62207031
-513.79412842
-852.68554688
-644.03790283
-762.49713135
-768.17120361
-463.37686157
-719.95141602
-786.71112061
-701.09930420
-903.94018555
-649.21307373
-788.12310791
-627.42553711
-639.79858398
-942.29052734
-660.53222656
-603.86584473
-1017.45715332
-725.98059082
-869.65631104
-885.39331055
-508.94171143
-836.42333984
-919.32446289
-813.59356689
-1031.74743652
-758.68994141
-878.61779785
-732.82122803
-732.38684082
-781.77301025
-548.32232666
-493.01760864
-779.62445068
-573.02844238
-675.71093750
-674.22412109
-394.99279785
-705.06854248
-741.36102295
-629.84136963
-807.31158447
-618.76416016
-684.89160156
-569.53955078
-592.47906494
-743.88140869
-503.86090088
-478.01898193
-781.68762207
-575.64129639
-676.63165283
-696.95452881
-397.40936279
-662.25317383
-728.42333984
-635.01696777
-824.11590576
-594.94696045
-709.77752686
-582.57440186
-581.35882568
-831.71990967
-570.15545654
-529.53118896
-882.04895020
-624.05731201
-740.22027588
-771.32849121
-429.17236328
-730.71826172
-814.16564941
-691.13323975
-904.79583740
-665.89318848
-766.76983643
-655.01477051
-644.20007324
-832.54119873
-552.30535889
-530.00158691
-890.41076660
-654.93231201
-767.65502930
-780.94702148
-458.53369141
-727.36492920
-809.97686768
-708.92083740
-938.43121338
-680.23986816
-809.21771240
-662.77697754
-670.26123047
-994.97802734
-686.19140625
-631.46081543
-1029.15161133
-739.86364746
-879.69128418
-906.42687988
-502.90603638
-885.51708984
-966.26934814
-818.47045898
-1052.44018555
-792.24603271
-900.59423828
-760.75573730
-746.00531006
-754.18835449
-529.61199951
-481.09878540
-762.19842529
-534.67053223
-639.27142334
-650.26568604
-362.09387207
-658.25695801
-708.58996582
-600.50909424
-777.35229492
-594.56829834
-664.85876465
-565.59155273
-580.47802734
-702.62884521
-458.96417236
-426.76879883
-734.59680176
-550.88171387
-641.02020264
-631.26275635
-389.16961670
-595.92120361
-653.02075195
-554.85870361
-743.83239746
-592.51989746
-660.83947754
-536.67492676
-543.93768311
-797.38824463
-524.94598389
-484.26031494
-808.48962402
-591.84051514
-702.55383301
-685.01171875
-408.27239990
-672.34808350
-722.04248047
-615.50427246
-795.44757080
-655.10900879
-722.19732666
-584.64666748
-591.03125000
-805.98144531
-529.81018066
-492.76885986
-848.57812500
-637.88372803
-736.25482178
-733.89025879
-445.47491455
-696.68835449
-764.03204346
-652.61987305
-871.27447510
-674.24877930
-768.16900635
-622.36413574
-624.06610107
-907.27453613
-616.66479492
-559.68792725
-942.23223877
-677.40667725
-804.39398193
-799.03137207
-467.19274902
-778.78027344
-843.95593262
-720.19287109
-934.16308594
-745.00976562
-818.64593506
-680.78686523
-685.77819824
-722.38275146
-488.47991943
-438.22457886
-705.24786377
-523.91662598
-609.63220215
-589.48809814
-352.68536377
-623.83624268
-652.57324219
-542.89544678
-710.16107178
-586.71429443
-630.54254150
-514.91424561
-534.02624512
-702.57281494
-461.61065674
-444.51782227
-746.25292969
-553.45709229
-662.05059814
-660.99957275
-401.34887695
-610.53405762
-670.13842773
-591.35333252
-762.77178955
-574.39916992
-670.31964111
-539.94567871
-552.45343018
-784.60241699
-537.38562012
-489.35873413
-815.71368408
-592.12042236
-702.20501709
-708.06811523
-410.05737305
-688.66247559
-744.48400879
-646.10064697
-825.27801514
-634.31011963
-718.76818848
-591.07855225
-590.89666748
-760.85479736
-500.17315674
-479.27764893
-794.71301270
-585.53552246
-697.87884521
-697.81866455
-417.09860229
-657.27856445
-717.76409912
-631.88946533
-817.96856689
-616.70147705
-726.00823975
-583.15692139
-597.16455078
-888.50018311
-611.21459961
-553.82415771
-938.48986816
-681.46270752
-806.90155029
-817.79901123
-478.45764160
-782.72113037
-854.28302002
-737.51007080
-943.81640625
-721.47277832
-807.38482666
-673.63684082
-668.82012939
-749.04382324
-509.59963989
-468.60147095
-748.03906250
-541.96600342
-655.90673828
-646.28521729
-379.06777954
-646.74877930
-684.95697021
-592.96636963
-749.25860596
-602.54364014
-668.61401367
-543.50329590
-560.86053467
-643.73175049
-430.74188232
-420.22775269
-695.23468018
-503.95019531
-597.63775635
-629.75048828
-344.38998413
-568.05670166
-645.72058105
-562.67224121
-734.67150879
-525.60314941
-637.46557617
-535.57470703
-506.90100098
-760.27917480
-534.08776855
-494.42221069
-825.73651123
-568.79058838
-682.58422852
-719.84509277
-388.23950195
-672.37756348
-759.65673828
-651.14440918
-844.60119629
-609.83215332
-707.01849365
-618.63226318
-595.29852295
-717.67730713
-485.54980469
-458.63714600
-764.06170654
-558.70727539
-643.57476807
-676.11029053
-375.34869385
-640.10443115
-717.84783936
-613.95483398
-824.47650146
-581.69348145
-695.70617676
-587.67791748
-570.30224609
-850.89105225
-598.24908447
-549.89074707
-907.94085693
-621.34442139
-752.17590332
-794.34094238
-422.56744385
-749.68933105
-841.19964600
-713.44152832
-915.93756104
-676.43011475
-774.20312500
-677.82171631
-648.92407227
-679.89562988
-476.56423950
-432.27572632
-706.52148438
-497.38845825
-586.27111816
-602.20874023
-331.83337402
-597.87573242
-656.82598877
-558.13964844
-734.38116455
-546.23870850
-619.72027588
-533.87786865
-527.25567627
-723.83929443
-482.64913940
-464.94104004
-786.16394043
-584.85357666
-697.32843018
-708.14428711
-424.11505127
-642.81097412
-711.50738525
-638.22570801
-819.38635254
-584.85870361
-710.99749756
-571.48107910
-577.01336670
-856.77630615
-596.49768066
-541.07928467
-912.93579102
-658.77313232
-780.97546387
-788.70794678
-460.09826660
-757.49291992
-828.88952637
-730.98596191
-935.10058594
-694.75292969
-796.62384033
-659.52545166
-665.11706543
-824.74005127
-545.60998535
-526.86419678
-861.54833984
-652.01977539
-775.26916504
-775.22961426
-467.88262939
-733.10955811
-796.13671875
-708.83825684
-913.15625000
-666.12084961
-805.09521484
-636.81750488
-653.83898926
-912.47723389
-644.06347656
-585.19787598
-973.20300293
-693.27526855
-829.61486816
-843.07592773
-482.45846558
-813.51892090
-887.03894043
-781.91870117
-992.62969971
-727.84930420
-841.82043457
-702.47601318
-708.76306152
-761.42742920
-530.11468506
-477.75982666
-774.70495605
-569.96673584
-666.48736572
-672.28936768
-393.64331055
-687.89880371
-731.34100342
-620.11785889
-800.44909668
-610.08374023
-676.36743164
-566.72210693
-579.32080078
-747.10601807
-502.62210083
-473.45947266
-792.07745361
-590.20812988
-682.95996094
-701.19683838
-405.88565063
-664.56658936
-734.44189453
-637.90405273
-841.26080322
-605.58374023
-720.90576172
-588.20678711
-586.82159424
-885.73455811
-602.66741943
-561.58343506
-926.02362061
-657.77093506
-787.49688721
-809.50805664
-457.79656982
-769.98626709
-850.62738037
-719.28106689
-933.42132568
-709.89965820
-804.21655273
-681.71777344
-676.43316650
-835.98675537
-552.87554932
-529.66351318
-882.60150146
-650.91912842
-760.41015625
-773.57604980
-447.71359253
-730.49200439
-807.48205566
-704.95672607
-931.80584717
-679.16662598
-808.91387939
-661.15716553
-661.75811768
-963.36694336
-667.73858643
-618.31286621
-1007.58117676
-718.91418457
-859.08001709
-887.70135498
-491.82510376
-856.97998047
-944.21691895
-803.27343750
-1035.56640625
-771.56134033
-880.50250244
-750.37628174
-736.61791992
-759.77880859
-536.47662354
-485.51251221
-772.56463623
-544.41320801
-649.03643799
-663.89904785
-369.19705200
-669.87738037
-721.16235352
-613.59545898
-791.49011230
-595.67608643
-671.18951416
-570.28594971
-582.29534912
-688.83715820
-442.73947144
-413.92990112
-723.29321289
-541.07043457
-629.83374023
-619.17926025
-381.91207886
-581.11529541
-638.96630859
-537.09643555
-725.57977295
-586.65051270
-646.74603271
-527.55627441
-530.25543213
-778.15155029
-512.78363037
-472.40747070
-782.89007568
-575.15618896
-685.05297852
-661.84027100
-396.89508057
-650.54229736
-694.92864990
-597.24993896
-765.75524902
-641.15747070
-704.85943604
-565.30749512
-574.31549072
-806.89855957
-525.50445557
-496.24450684
-848.70788574
-639.30230713
-744.45422363
-742.26354980
-448.49447632
-695.64874268
-764.80059814
-656.90472412
-870.98004150
-675.86798096
-776.85803223
-626.51068115
-625.17230225
-912.33160400
-618.67431641
-556.33007812
-946.78387451
-680.76379395
-800.37023926
-793.99603271
-469.99697876
-778.78881836
-843.51373291
-714.13336182
-934.50775146
-748.29827881
-815.23205566
-680.00384521
-688.35937500
-743.98797607
-500.00845337
-455.14923096
-726.84216309
-541.75952148
-637.91436768
-615.70404053
-367.71209717
-642.02929688
-671.81781006
-567.69671631
-734.62542725
-604.37377930
-660.20306396
-532.03454590
-551.19958496
-716.51104736
-478.10015869
-447.84152222
-762.23339844
-568.80169678
-665.13195801
-677.13244629
-408.02053833
-635.63702393
-695.38061523
-604.46759033
-786.31530762
-578.20874023
-674.07409668
-548.73822021
-556.88159180
-797.50518799
-541.44635010
-492.15396118
-829.70886230
-599.84942627
-712.49499512
-711.90734863
-419.20932007
-687.19250488
-745.86401367
-649.31524658
-835.00463867
-645.10919189
-730.89904785
-596.68151855
-606.13305664
-761.21716309
-494.64938354
-473.48144531
-769.47399902
-577.04461670
-688.64147949
-676.76300049
-409.48434448
-656.15783691
-701.60235596
-618.50408936
-797.98773193
-613.58819580
-720.43127441
-564.76525879
-589.62481689
-875.68096924
-603.55450439
-550.86431885
-933.75372314
-673.07647705
-800.24603271
-812.81994629
-471.49234009
-771.95318604
-846.66271973
-729.59545898
-932.82550049
-713.20434570
-798.68963623
-671.49072266
-662.31170654
-705.49822998
-488.10833740
-436.59100342
-694.73223877
-502.31826782
-600.53112793
-595.04345703
-345.52362061
-615.48376465
-645.58624268
-544.80065918
-692.18579102
-566.07110596
-607.92181396
-503.85751343
-518.33367920
-678.97021484
-466.94445801
-441.18704224
-718.26159668
-517.02575684
-608.32507324
-641.55053711
-346.55606079
-607.14807129
-677.10583496
-585.97491455
-767.89013672
-543.16723633
-654.33367920
-552.27838135
-533.16174316
-739.20288086
-514.58331299
-470.82647705
-784.50567627
-541.07214355
-640.46185303
-680.25372314
-364.93826294
-649.82177734
-729.87591553
-607.42834473
-802.48291016
-587.01300049
-670.36932373
-590.66326904
-569.46472168
-667.85296631
-443.60076904
-426.33395386
-714.95159912
-515.54827881
-601.49591064
-627.56573486
-345.47561646
-582.30334473
-657.18920898
-568.64440918
-762.47705078
-548.76098633
-657.69140625
-553.43389893
-533.37500000
-843.34527588
-591.27362061
-550.71282959
-908.17614746
-631.77935791
-764.90838623
-805.45025635
-434.74945068
-750.72125244
-844.98046875
-721.20672607
-920.60919189
-676.66711426
-777.21771240
-677.70251465
-646.67785645
-639.44097900
-462.70739746
-409.92648315
-655.81219482
-453.73791504
-537.21112061
-557.21063232
-298.60787964
-569.37683105
-618.62994385
-523.06799316
-679.19128418
-503.38879395
-565.83074951
-494.71478271
-489.40136719
-748.80072021
-498.77731323
-475.70321655
-796.85369873
-592.94445801
-704.75872803
-708.39733887
-423.20513916
-660.80493164
-724.34692383
-639.38470459
-828.26464844
-611.69885254
-721.93786621
-583.99682617
-590.60992432
-785.47180176
-548.35784912
-498.15353394
-828.95385742
-597.76605225
-711.88116455
-714.09130859
-415.49472046
-693.80755615
-755.30828857
-666.57061768
-849.19329834
-636.12097168
-726.90728760
-601.49450684
-608.93707275
-770.22827148
-511.95822144
-494.80569458
-823.14855957
-620.28643799
-737.13195801
-742.97302246
-447.52926636
-689.15075684
-755.54656982
-678.06744385
-872.07318115
-624.47863770
-761.74145508
-605.90490723
-616.54980469
-912.43078613
-642.05273438
-586.51696777
-985.73742676
-702.83593750
-842.13342285
-858.26916504
-491.74069214
-813.26629639
-893.23181152
-791.68145752
-1003.57141113
-732.23773193
-851.45581055
-710.38446045
-709.76690674
-755.05841064
-530.35748291
-477.39465332
-757.06011963
-555.21423340
-654.97253418
-655.71319580
-383.07714844
-682.79541016
-720.12103271
-613.39392090
-786.36181641
-596.96527100
-665.02264404
-554.36248779
-575.49591064
-745.61486816
-503.55697632
-478.32211304
-786.83087158
-576.53295898
-676.34790039
-700.35021973
-399.37377930
-659.50518799
-730.20989990
-632.45483398
-825.35437012
-597.11071777
-710.27844238
-587.82617188
-584.71954346
-830.21197510
-574.83905029
-529.27697754
-877.70971680
-618.66668701
-736.82104492
-764.55560303
-425.88629150
-729.20513916
-809.34582520
-685.58453369
-892.10504150
-664.85083008
-755.97534180
-648.13165283
-638.06219482
-809.40405273
-539.70092773
-516.42669678
-875.11291504
-642.05865479
-752.22918701
-769.55828857
-451.85763550
-708.19873047
-792.69140625
-695.91259766
-919.76800537
-662.76977539
-789.10937500
-647.93353271
-652.11181641
-976.19909668
-673.43988037
-619.29980469
-1009.31549072
-725.31695557
-863.12658691
-888.31536865
-493.38568115
-868.23242188
-946.82635498
-802.65496826
-1032.32104492
-777.13189697
-883.60046387
-746.57751465
-731.82971191
-742.74725342
-521.34613037
-473.77743530
-752.06982422
-528.51446533
-631.08715820
-642.65490723
-358.01962280
-648.16680908
-699.37652588
-592.13500977
-767.43035889
-586.62744141
-655.22088623
-558.03692627
-571.22637939
-699.68121338
-459.33523560
-420.50299072
-728.02435303
-548.56622314
-632.45367432
-620.39123535
-383.75881958
-597.50488281
-648.81927490
-548.50665283
-737.33660889
-590.09533691
-650.40631104
-528.18768311
-536.14379883
-783.34484863
-514.41790771
-476.15386963
-780.55511475
-568.57836914
-681.09942627
-662.32720947
-391.50277710
-655.68548584
-698.55712891
-595.39514160
-763.57214355
-635.81219482
-703.36712646
-563.96478271
-573.52404785
-791.47546387
-519.33123779
-482.67788696
-828.00756836
-623.13397217
-719.77966309
-715.56701660
-434.80065918
-682.09033203
-746.13525391
-635.69934082
-848.53076172
-660.51562500
-751.82769775
-608.02691650
-610.90112305
-887.18054199
-601.53717041
-545.89263916
-918.96289062
-660.53234863
-785.04626465
-778.75604248
-455.90283203
-759.12756348
-822.42352295
-700.99212646
-909.49896240
-728.43981934
-797.92602539
-664.20129395
-669.16522217
-711.08447266
-479.15008545
-431.60110474
-694.34564209
-517.37194824
-601.82757568
-581.71673584
-349.52978516
-613.15838623
-640.68609619
-535.02410889
-698.15673828
-578.52856445
-622.53131104
-507.13088989
-524.69384766
-713.56219482
-476.87756348
-447.55865479
-759.67211914
-565.76776123
-663.56756592
-675.74426270
-405.16281128
-633.23168945
-693.53399658
-604.80914307
-784.92810059
-574.19384766
-671.96740723
-547.91516113
-554.60595703
-783.94268799
-534.17535400
-486.61636353
-817.23046875
-589.42901611
-702.57281494
-702.21264648
-412.26867676
-678.51489258
-736.01745605
-643.46539307
-825.45556641
-632.59088135
-721.35797119
-587.89636230
-597.77966309
-751.16668701
-489.58474731
-469.36547852
-763.60601807
-571.72003174
-682.58990479
-672.12689209
-406.67803955
-649.00781250
-695.82867432
-617.18640137
-794.70019531
-604.81634521
-713.79791260
-561.07653809
-585.65124512
-883.67388916
-609.72271729
-558.18615723
-947.97113037
-684.33325195
-813.96679688
-827.48431396
-480.40957642
-781.97583008
-859.32171631
-744.61407471
-950.52954102
-721.39306641
-811.82458496
-682.46411133
-671.98474121
-721.43719482
-501.70825195
-448.64913940
-713.46850586
-515.95043945
-615.41265869
-612.48663330
-354.75827026
-633.41113281
-664.70220947
-561.93261719
-712.78088379
-578.06079102
-621.90191650
-518.07513428
-532.79327393
-687.97589111
-473.80075073
-447.27590942
-728.54022217
-525.02703857
-617.31042480
-650.96234131
-351.64669800
-616.15570068
-687.17968750
-595.62451172
-779.25183105
-550.25994873
-662.58221436
-559.17291260
-540.37561035
-744.83331299
-516.54681396
-474.17898560
-788.66186523
-545.33215332
-645.12170410
-683.57165527
-368.11968994
-654.19494629
-735.56707764
-611.23034668
-809.75000000
-590.96527100
-675.75073242
-595.13281250
-573.80474854
-675.98022461
-450.08419800
-432.43597412
-722.54956055
-521.04187012
-607.77795410
-634.27984619
-349.41082764
-589.03820801
-664.87652588
-575.42028809
-772.36425781
-553.64270020
-665.93902588
-559.42987061
-541.17718506
-866.45751953
-607.28869629
-565.67517090
-935.51965332
-650.84423828
-787.51849365
-830.01531982
-447.57690430
-771.93316650
-869.43151855
-742.86071777
-948.49554443
-695.86889648
-800.19812012
-698.76135254
-664.10418701
-662.16772461
-479.63619995
-423.61926270
-679.68060303
-469.51675415
-556.09460449
-575.94543457
-308.75085449
-589.06536865
-640.65832520
-540.28118896
-702.30218506
-524.17834473
-584.20916748
-511.65802002
-507.20608521
-760.48547363
-504.66137695
-480.35513306
-805.70989990
-600.81164551
-713.39038086
-714.75555420
-428.94958496
-670.00354004
-732.03576660
-643.49395752
-834.00573730
-621.95770264
-729.35504150
-588.62683105
-596.25061035
-787.93511963
-547.93243408
-496.75112915
-827.59472656
-597.91149902
-710.62927246
-710.23931885
-414.76287842
-694.30462646
-753.37713623
-661.80847168
-844.59454346
-639.01721191
-726.25524902
-599.64892578
-607.71063232
-774.59613037
-512.32702637
-496.26501465
-825.01855469
-622.88403320
-741.12091064
-744.94219971
-450.44818115
-688.83343506
-755.12274170
-678.57910156
-873.33728027
-630.56439209
-767.39300537
-607.26269531
-619.73901367
-936.26544189
-656.78930664
-601.10125732
-1011.05670166
-721.19012451
-865.18225098
-879.97265625
-505.86624146
-831.91394043
-914.31036377
-810.26196289
-1026.41040039
-752.91723633
-873.14831543
-728.09356689
-728.29595947
-776.27532959
-545.77423096
-490.29638672
-776.86206055
-568.13073730
-670.62213135
-671.82080078
-391.24932861
-701.30358887
-738.69464111
-626.29266357
-802.08648682
-614.18041992
-678.35113525
-567.04760742
-587.74865723
-735.80847168
-498.17355347
-472.94705200
-777.51263428
-569.19866943
-668.75598145
-693.34002686
-394.40747070
-651.87030029
-721.13214111
-626.13507080
-814.23358154
-589.44000244
-701.35534668
-580.40356445
-577.32464600
-816.05395508
-564.57427979
-520.05657959
-862.21881104
-607.93853760
-723.07055664
-752.28961182
-418.62374878
-717.73461914
-796.58441162
-674.42285156
-879.02539062
-651.37841797
-743.37597656
-637.42474365
-627.21667480
-801.79968262
-532.22998047
-509.93179321
-868.62786865
-637.77722168
-744.79913330
-763.12615967
-447.96804810
-699.78106689
-785.65283203
-688.19390869
-913.70776367
-656.72985840
-783.37957764
-643.33166504
-647.01757812
-989.92858887
-680.93395996
-627.94177246
-1024.56689453
-737.22656250
-877.41491699
-901.56646729
-502.12741089
-878.56170654
-959.69140625
-814.44067383
-1046.32861328
-790.23260498
-898.56848145
-757.46612549
-742.15405273
-756.01617432
-533.38226318
-484.13674927
-764.65704346
-536.61669922
-643.15307617
-654.90972900
-363.19082642
-661.36981201
-712.30395508
-603.97680664
-777.75775146
-596.22058105
-665.20166016
-567.21130371
-579.77685547
-696.04888916
-457.99081421
-419.04797363
-724.56115723
-545.84967041
-627.65740967
-617.34899902
-381.49407959
-594.53497314
-647.78857422
-545.98461914
-734.41326904
-586.38134766
-645.88165283
-526.46252441
-533.56011963
-774.84576416
-508.85787964
-471.47967529
-773.75494385
-564.46051025
-676.79858398
-657.70434570
-389.84671021
-649.60430908
-692.96118164
-590.81744385
-757.93908691
-629.84216309
-697.30688477
-559.32104492
-568.45166016
-785.66204834
-515.14556885
-479.31576538
-824.58459473
-621.34259033
-715.32897949
-713.00433350
-432.84793091
-679.08654785
-743.43444824
-634.49255371
-847.15649414
-655.79852295
-748.66424561
-605.18658447
-607.10278320
-894.83679199
-606.47991943
-551.72833252
-931.27337646
-668.00897217
-793.43145752
-789.75451660
-460.76425171
-766.04943848
-832.37811279
-711.00836182
-921.90673828
-734.53479004
-809.20684814
-672.71350098
-676.38616943
-727.72491455
-491.50399780
-441.93801880
-711.41381836
-528.66876221
-615.81286621
-595.78472900
-357.38558960
-626.93017578
-655.61798096
-548.00842285
-714.37951660
-591.35595703
-635.06585693
-518.52117920
-537.58294678
-743.11523438
-491.48236084
-463.54147339
-779.00787354
-581.59088135
-684.42095947
-689.21832275
-415.86355591
-653.20373535
-710.63616943
-616.44982910
-802.08807373
-601.28265381
-695.85028076
-564.60888672
-575.23608398
-782.17108154
-535.92089844
-483.26040649
-809.32373047
-582.62164307
-693.16162109
-695.05712891
-404.80096436
-677.49633789
-732.52294922
-634.07891846
-811.19158936
-633.47723389
-707.76660156
-583.96081543
-586.67614746
-745.22692871
-481.95925903
-467.61050415
-764.76013184
-569.90521240
-685.78430176
-676.92150879
-408.65542603
-638.71398926
-690.73327637
-614.10424805
-786.74078369
-604.86413574
-713.61804199
-560.69464111
-579.32861328
-875.46862793
-604.97448730
-552.37445068
-935.83740234
-674.45977783
-801.04266357
-815.58331299
-471.69268799
-774.53137207
-850.44061279
-734.40563965
-939.15545654
-712.47039795
-799.63494873
-674.82855225
-664.14257812
-701.00628662
-486.06976318
-435.88238525
-692.35992432
-500.20343018
-598.54205322
-594.04992676
-344.86471558
-614.07501221
-644.55126953
-545.16149902
-692.68780518
-561.52807617
-604.74267578
-502.24624634
-518.10101318
-665.20501709
-451.32077026
-432.71295166
-711.42218018
-510.52886963
-603.70635986
-636.97064209
-344.54522705
-587.60626221
-664.26617432
-574.29663086
-753.42559814
-540.19311523
-647.14935303
-548.20129395
-523.05664062
-743.74975586
-519.82153320
-478.91525269
-793.22363281
-545.96179199
-652.68414307
-690.98742676
-371.17050171
-654.27453613
-737.36553955
-619.79760742
-810.24072266
-588.88177490
-678.38922119
-596.48339844
-575.34088135
-678.54388428
-455.33352661
-435.85287476
-731.95001221
-526.87567139
-614.53765869
-643.59246826
-353.09738159
-597.31823730
-674.73736572
-587.43225098
-784.64105225
-554.94433594
-670.92498779
-564.97552490
-544.57482910
-861.07598877
-605.03015137
-562.00268555
-926.15197754
-642.24243164
-776.46118164
-820.22509766
-441.29324341
-767.01092529
-862.57806396
-734.69262695
-939.45959473
-689.40759277
-789.93414307
-691.73071289
-658.48687744
-645.39013672
-466.74911499
-413.19174194
-660.43505859
-454.74151611
-539.98187256
-560.67987061
-298.96994019
-572.08605957
-622.73950195
-525.81744385
-683.36083984
-508.46301270
-569.97711182
-498.66409302
-493.26232910
-745.21655273
-498.03500366
-472.25650024
-796.84301758
-594.96942139
-704.79522705
-710.18652344
-426.52343750
-661.86779785
-724.47027588
-641.14117432
-828.80755615
-604.48950195
-718.87377930
-580.48822021
-587.43365479
-805.81085205
-558.64813232
-512.30963135
-849.44818115
-614.31915283
-735.69622803
-735.93682861
-429.00711060
-709.69573975
-772.88488770
-685.26837158
-870.06298828
-651.76214600
-752.44537354
-616.60156250
-625.70465088
-806.83453369
-538.02429199
-516.13299561
-857.77423096
-646.37725830
-765.19519043
-773.17803955
-466.22305298
-722.82135010
-790.25689697
-705.35400391
-909.69989014
-652.41088867
-790.44818115
-630.45019531
-643.73175049
-931.97955322
-654.12976074
-597.53857422
-1002.52368164
-715.78137207
-857.84301758
-871.46716309
-500.96298218
-828.83990479
-908.48278809
-803.59802246
-1018.03338623
-748.87957764
-864.96850586
-722.28564453
-724.18884277
-760.52081299
-533.90466309
-478.80642700
-758.73919678
-557.15844727
-656.00170898
-656.18884277
-383.31759644
-686.98901367
-722.59008789
-613.31768799
-786.30194092
-601.17041016
-666.54925537
-554.55346680
-575.82440186
-745.22601318
-503.75958252
-477.46432495
-783.25433350
-578.02014160
-678.37280273
-697.86822510
-399.61569214
-662.48907471
-728.50933838
-635.52728271
-825.77819824
-597.21069336
-710.73443604
-583.10644531
-582.01995850
-844.95953369
-577.71850586
-535.86236572
-893.04217529
-632.41149902
-750.99591064
-779.94976807
-435.27185059
-739.87072754
-823.89880371
-697.22766113
-913.24603271
-675.98394775
-776.08343506
-661.89434814
-651.06359863
-839.52130127
-557.11767578
-532.93713379
-892.94360352
-656.37780762
-768.59020996
-781.09204102
-457.91238403
-731.01757812
-811.87628174
-708.97723389
-937.47082520
-684.71508789
-810.52093506
-664.35137939
-671.40203857
-982.82086182
-679.06274414
-624.57824707
-1015.65240479
-729.82934570
-868.63867188
-894.67449951
-495.65429688
-874.27337646
-954.16986084
-809.69152832
-1038.59521484
-782.37963867
-890.32165527
-752.39703369
-736.96295166
-740.16442871
-520.94201660
-473.71209717
-751.43682861
-526.72894287
-629.91851807
-641.95593262
-356.69650269
-647.93347168
-698.73272705
-592.39208984
-766.93835449
-584.06152344
-653.41278076
-558.13830566
-571.15057373
-696.75097656
-455.72860718
-422.41589355
-730.57128906
-546.49664307
-634.85064697
-625.92883301
-386.00585938
-591.59356689
-648.93066406
-549.82141113
-738.51995850
-588.48126221
-654.81878662
-532.42700195
-539.52209473
-795.46008301
-522.64129639
-483.42462158
-806.71179199
-591.17492676
-702.40020752
-684.21130371
-409.07159424
-670.37255859
-719.46942139
-613.92327881
-793.35516357
-654.56213379
-721.41278076
-582.87359619
-589.73797607
-801.37927246
-526.21252441
-489.60913086
-840.39324951
-632.21984863
-730.25634766
-727.41656494
-441.73193359
-692.52301025
-757.08575439
-647.54156494
-862.86370850
-669.58319092
-763.74951172
-616.57763672
-618.67926025
-900.04028320
-609.99658203
-555.29046631
-933.78417969
-671.02435303
-797.89337158
-792.90502930
-463.52218628
-771.31634521
-836.79779053
-714.44805908
-925.89660645
-738.12585449
-813.34503174
-675.94824219
-681.02246094
-720.94714355
-488.53546143
-437.76812744
-705.48663330
-524.16680908
-609.27777100
-590.33221436
-353.63995361
-624.00195312
-652.41772461
-544.29315186
-710.47167969
-585.29528809
-629.95336914
-515.19976807
-533.64849854
-713.54852295
-476.41851807
-446.93347168
-761.09100342
-567.15899658
-664.15917969
-676.49645996
-407.10974121
-633.34234619
-694.50421143
-605.04370117
-787.77789307
-574.46911621
-673.68530273
-547.54211426
-556.48266602
-802.66088867
-546.01696777
-496.90289307
-835.77343750
-604.18518066
-719.23236084
-719.46166992
-422.23773193
-693.54443359
-753.46307373
-657.33135986
-843.76715088
-647.97802734
-738.26727295
-602.04595947
-610.58978271
-762.42327881
-498.36550903
-477.08459473
-772.37121582
-576.97576904
-691.21966553
-680.56384277
-409.78460693
-658.72326660
-705.13854980
-623.86523438
-802.74591064
-612.69238281
-721.36883545
-567.27166748
-592.51837158
-866.43927002
-598.99279785
-547.86596680
-926.01898193
-666.82434082
-793.72558594
-808.60461426
-467.50610352
-767.83636475
-842.29071045
-727.75988770
-928.81353760
-704.59594727
-792.96490479
-668.03204346
-657.30609131
-697.20117188
-485.17459106
-434.88708496
-691.97991943
-498.35491943
-595.78393555
-593.31451416
-343.20349121
-611.58691406
-644.14709473
-543.94030762
-692.41583252
-558.62963867
-603.47540283
-503.87515259
-517.74395752
-685.81787109
-470.62509155
-443.24084473
-723.05609131
-523.21331787
-612.78338623
-644.37872314
-350.01296997
-612.00506592
-682.03765869
-588.77783203
-774.17095947
-548.84301758
-659.14239502
-554.81091309
-537.89239502
-753.77435303
-521.37377930
-477.36370850
-796.73773193
-551.41619873
-653.52465820
-690.00756836
-372.37445068
-659.05139160
-739.77618408
-615.24011230
-813.93475342
-599.90899658
-683.27862549
-599.64337158
-579.32006836
-683.93212891
-454.31085205
-436.18572998
-727.34307861
-525.51739502
-614.67572021
-638.08697510
-353.52667236
-594.37274170
-668.57342529
-578.32653809
-773.78625488
-560.92742920
-670.50787354
-562.31292725
-543.83685303
-854.00201416
-597.96801758
-558.68316650
-920.70300293
-641.39025879
-776.89355469
-816.86840820
-441.70639038
-760.28656006
-855.52404785
-732.03271484
-933.28161621
-686.65472412
-789.40979004
-686.67938232
-655.02667236
-650.62713623
-470.75646973
-416.83425903
-667.18621826
-462.93072510
-546.35754395
-566.64300537
-304.35018921
-580.19793701
-630.04870605
-532.33203125
-692.70013428
-513.25970459
-574.65820312
-502.55392456
-498.39617920
-742.79876709
-492.05099487
-469.72100830
-786.49365234
-585.46820068
-696.20782471
-698.09918213
-418.08432007
-652.22229004
-714.62579346
-628.74829102
-816.14843750
-606.18560791
-712.75683594
-576.51202393
-583.64434814
-775.63635254
-539.90576172
-490.31982422
-816.44854736
-587.77557373
-700.53106689
-700.78198242
-407.11450195
-682.41210938
-741.70355225
-653.99334717
-833.00097656
-628.54089355
-716.95361328
-592.17864990
-599.18078613
-769.73071289
-509.82159424
-493.93048096
-821.22204590
-619.05029297
-737.61010742
-741.39605713
-447.75302124
-684.47882080
-751.46124268
-674.63629150
-866.38018799
-625.65588379
-761.31768799
-603.87780762
-615.36193848
-923.25634766
-647.81848145
-592.79174805
-998.22570801
-713.07385254
-854.10620117
-869.08660889
-499.56225586
-821.79473877
-904.31048584
-800.74316406
-1015.52801514
-742.00372314
-862.48327637
-719.32934570
-718.75750732
-766.56048584
-537.82940674
-484.77655029
-767.19726562
-562.90112305
-663.91857910
-665.06909180
-387.31787109
-693.52056885
-730.64666748
-621.48718262
-796.15136719
-606.26940918
-676.00366211
-562.14788818
-583.20013428
-724.79241943
-490.03195190
-465.67965698
-764.63446045
-559.29156494
-656.22094727
-681.56402588
-386.78781128
-642.13519287
-710.67425537
-615.94732666
-802.39849854
-579.39990234
-690.15197754
-572.05377197
-568.21917725
-806.48297119
-558.27337646
-514.78631592
-854.56970215
-603.14440918
-717.09393311
-745.03570557
-414.54122925
-709.76586914
-788.55474854
-668.86956787
-870.65509033
-645.25561523
-736.25531006
-631.95867920
-621.00579834
-796.19927979
-529.99407959
-508.45077515
-864.12927246
-635.33850098
-741.77508545
-760.28887939
-447.26004028
-698.09765625
-781.72540283
-687.27392578
-910.18640137
-653.00866699
-779.40490723
-639.86022949
-643.31927490
-980.39129639
-674.93389893
-621.58557129
-1013.97924805
-729.94506836
-867.99841309
-891.72277832
-497.29278564
-870.74560547
-950.47381592
-805.70678711
-1036.00085449
-782.22583008
-887.65258789
-749.33624268
-735.18005371
-750.45843506
-524.70330811
-477.54351807
-757.79058838
-533.94012451
-637.80432129
-647.71087646
-362.05880737
-653.88452148
-705.48596191
-596.27111816
-773.42926025
-592.85400391
-662.27783203
-562.96124268
-576.83483887
-685.67449951
-450.64135742
-413.55331421
-713.48321533
-538.13110352
-620.48260498
-608.97760010
-376.47570801
-585.78314209
-637.46972656
-539.29620361
-722.97796631
-577.70898438
-637.80133057
-518.05120850
-525.83398438
-764.83386230
-503.42248535
-464.29681396
-762.63836670
-555.00781250
-665.26159668
-646.84686279
-382.25885010
-640.22137451
-682.25213623
-581.32531738
-746.47430420
-620.63397217
-687.44720459
-550.86614990
-560.28027344
-781.30139160
-511.90484619
-475.67852783
-818.93566895
-616.69970703
-711.27154541
-707.51556396
-431.10479736
-672.91326904
-736.82910156
-627.69335938
-839.70214844
-652.89288330
-743.01873779
-600.36907959
-603.16760254
-882.40771484
-598.12841797
-542.35229492
-914.69909668
-656.89086914
-779.91534424
-773.89868164
-454.23461914
-755.20001221
-817.98577881
-696.39886475
-904.08105469
-724.65307617
-794.39501953
-660.70513916
-665.35748291
-712.72863770
-479.84106445
-432.06921387
-696.70971680
-518.97290039
-603.98602295
-584.84722900
-349.76757812
-613.93585205
-642.68328857
-536.52276611
-699.13262939
-580.07446289
-624.60882568
-509.24493408
-525.76831055
-732.40515137
-483.00228882
-456.45455933
-766.04174805
-572.97119141
-673.74084473
-677.98492432
-409.55224609
-642.90484619
-699.46166992
-604.75915527
-788.41888428
-591.45550537
-684.14782715
-554.49945068
-565.03900146
-768.82757568
-527.06427002
-473.72817993
-794.08795166
-570.75781250
-678.54095459
-680.43518066
-394.84088135
-665.23034668
-718.84991455
-620.43554688
-793.83312988
-621.35644531
-693.07531738
-571.98535156
-574.43444824
-723.01129150
-468.13723755
-454.35543823
-743.66107178
-554.60949707
-668.16479492
-658.76983643
-398.60382080
-619.87078857
-670.99499512
-597.58093262
-764.98181152
-588.51196289
-692.86218262
-545.66363525
-563.91967773
-850.98742676
-589.65417480
-538.78100586
-911.66186523
-656.93566895
-781.05340576
-795.48937988
-459.87313843
-754.60223389
-827.97143555
-717.22558594
-913.96685791
-692.28063965
-779.26452637
-656.16741943
-645.61938477
-690.85449219
-478.91165161
-428.78179932
-686.86834717
-495.33975220
-591.76989746
-588.96655273
-342.67025757
-604.85754395
-638.41015625
-539.08715820
-686.83941650
-554.69091797
-597.61871338
-498.21972656
-511.93411255
-646.26373291
-438.14190674
-420.61242676
-691.30712891
-496.27124023
-586.87615967
-618.67913818
-334.89157104
-570.64599609
-644.24639893
-557.97882080
-731.97637939
-525.59381104
-630.47381592
-532.75823975
-508.38153076
-730.67150879
-510.50579834
-469.76699829
-776.80120850
-534.80529785
-640.25091553
-677.32971191
-363.94171143
-642.89587402
-722.97357178
-606.69891357
-793.70611572
-577.92498779
-664.97302246
-583.08551025
-563.39593506
-661.87176514
-444.88891602
-423.96856689
-713.14349365
-512.56433105
-597.78082275
-625.96380615
-343.25750732
-580.93682861
-655.51007080
-569.45349121
-762.24621582
-541.68041992
-652.88043213
-549.43469238
-529.47790527
-843.98400879
-592.40014648
-551.97583008
-908.87377930
-631.78442383
-766.91210938
-805.75744629
-435.32873535
-751.29217529
-845.64538574
-722.95385742
-921.56713867
-677.25653076
-779.15130615
-678.58917236
-647.39892578
-639.15643311
-464.10885620
-409.46923828
-655.96563721
-453.34140015
-535.21374512
-555.77288818
-297.29660034
-569.35510254
-619.09259033
-521.01843262
-678.81292725
-505.13308716
-562.96533203
-493.59002686
-488.67752075
-727.01525879
-486.12661743
-460.50714111
-779.10284424
-580.33135986
-684.79168701
-693.53247070
-414.97204590
-645.74755859
-709.08526611
-626.93475342
-811.86248779
-588.48516846
-700.91601562
-567.58605957
-573.30780029
-783.38720703
-543.05560303
-497.59381104
-825.89404297
-596.86657715
-714.33880615
-714.44262695
-417.87362671
-688.35711670
-750.37048340
-664.65423584
-845.64520264
-634.71582031
-729.95135498
-598.99621582
-609.15686035
-778.68572998
-518.29919434
-498.54333496
-825.20300293
-623.88037109
-739.51037598
-744.25915527
-449.56616211
-697.31042480
-760.90533447
-680.24285889
-875.30084229
-628.23706055
-764.82739258
-606.43872070
-620.79443359
-913.92382812
-640.17773438
-587.40014648
-986.85675049
-704.52990723
-844.80944824
-860.07531738
-493.47122192
-812.92205811
-893.52355957
-791.23571777
-1002.63378906
-735.05340576
-853.23669434
-711.45989990
-710.65679932
-754.32012939
-530.99786377
-477.76385498
-754.29528809
-552.65283203
-651.80017090
-652.55993652
-379.67892456
-682.72607422
-718.68176270
-611.14801025
-781.59979248
-596.12835693
-661.04583740
-551.53240967
-572.92724609
-735.90673828
-497.56118774
-471.51177979
-772.43170166
-569.31604004
-668.20233154
-687.46826172
-392.45861816
-654.02966309
-719.97137451
-625.79510498
-813.42974854
-589.35961914
-700.63751221
-575.43243408
-574.06781006
-818.48925781
-561.69219971
-519.81756592
-864.43511963
-610.41162109
-724.25891113
-753.36523438
-418.89480591
-717.03094482
-797.12182617
-675.25408936
-883.44628906
-653.34002686
-750.51373291
-640.97351074
-630.03826904
-806.19805908
-533.25775146
-513.19854736
-861.66131592
-633.76885986
-742.81964111
-754.50640869
-443.89193726
-701.84381104
-781.73168945
-685.11120605
-908.54858398
-658.73565674
-784.45239258
-641.35919189
-649.98321533
-971.32171631
-669.67901611
-616.22174072
-1006.68292236
-724.35046387
-861.75616455
-886.35980225
-492.51715088
-864.29949951
-943.57061768
-800.44738770
-1029.26074219
-774.87225342
-881.70367432
-744.11804199
-729.38598633
-740.20892334
-519.89923096
-472.51730347
-748.19787598
-526.04351807
-629.30737305
-639.90032959
-356.53344727
-646.88421631
-696.50842285
-590.84936523
-763.32189941
-584.22338867
-653.09155273
-555.61120605
-568.81524658
-688.35205078
-451.20962524
-417.69152832
-720.51019287
-539.98858643
-627.75372314
-618.32171631
-380.71044922
-584.98785400
-640.69708252
-543.21160889
-728.57867432
-581.24865723
-645.71618652
-525.85961914
-532.74829102
-773.20562744
-509.06292725
-470.00753784
-781.17602539
-571.04547119
-679.18811035
-661.17218018
-393.47164917
-651.32672119
-697.38964844
-595.03887939
-767.28271484
-634.47155762
-700.11651611
-564.96276855
-571.40539551
-776.63793945
-509.16290283
-473.63882446
-816.16870117
-614.31707764
-707.73205566
-705.40118408
-429.29165649
-669.44616699
-734.49053955
-625.72021484
-838.20977783
-649.59130859
-738.55389404
-598.86541748
-601.37359619
-882.77777100
-597.45794678
-544.02386475
-917.66467285
-659.23480225
-783.55267334
-777.80035400
-455.73428345
-755.70086670
-819.54046631
-700.68426514
-907.86041260
-725.80828857
-797.97894287
-662.04968262
-666.76275635
-711.47320557
-480.28753662
-431.41247559
-694.71136475
-516.49224854
-600.84106445
-581.72686768
-348.29888916
-614.09155273
-641.90985107
-535.17730713
-698.90399170
-578.36560059
-622.37866211
-506.90814209
-525.91827393
-745.69030762
-492.02432251
-465.95465088
-781.00732422
-583.19531250
-686.72052002
-692.39984131
-416.73245239
-654.63800049
-712.46972656
-618.77813721
-804.57678223
-602.65399170
-698.51794434
-565.48712158
-577.26159668
-785.42205811
-539.53308105
-484.91802979
-813.59295654
-584.78363037
-694.42761230
-697.21667480
-404.70071411
-680.45446777
-736.42407227
-634.91406250
-813.87213135
-635.00347900
-708.84655762
-585.88281250
-589.20617676
-742.68090820
-480.53732300
-466.38018799
-761.89221191
-567.65130615
-684.07958984
-674.72692871
-407.67834473
-634.87310791
-687.06219482
-610.70019531
-783.16400146
-603.51165771
-711.35876465
-558.50177002
-577.12738037
-878.39996338
-606.12066650
-555.18243408
-940.66577148
-677.66607666
-805.84106445
-821.03106689
-474.85803223
-777.50634766
-854.47485352
-739.03601074
-944.15148926
-714.84802246
-805.86651611
-678.22735596
-667.47973633
-712.34429932
-495.76565552
-443.83700562
-706.07989502
-509.20208740
-608.57916260
-605.49200439
-351.45626831
-624.83245850
-657.71649170
-555.82220459
-706.47381592
-570.19769287
-615.52465820
-512.93218994
-528.01062012
-665.79260254
-450.44555664
-431.49322510
-711.66674805
-512.75329590
-605.29309082
-636.19683838
-346.42324829
-586.47851562
-662.30993652
-573.51470947
-752.72930908
-542.60882568
-647.83441162
-547.57977295
-523.07153320
-747.28686523
-521.41448975
-480.92514038
-793.39562988
-546.18365479
-654.83227539
-691.41412354
-372.41662598
-656.60009766
-736.57226562
-619.04614258
-808.86669922
-591.97406006
-679.25579834
-595.47888184
-575.65106201
-672.70495605
-451.83865356
-433.03619385
-725.58428955
-523.44152832
-610.60351562
-639.30151367
-351.86526489
-591.60424805
-668.21905518
-583.06982422
-779.12933350
-550.52978516
-667.38641357
-560.69866943
-540.65814209
-868.06066895
-608.01147461
-566.80908203
-935.56878662
-650.23052979
-786.42785645
-829.95507812
-447.50509644
-772.73107910
-871.24322510
-744.07800293
-950.98071289
-695.41308594
-800.91253662
-699.63745117
-665.83013916
-662.46875000
-480.20657349
-425.09564209
-680.15643311
-469.64276123
-555.41491699
-576.54113770
-308.23788452
-588.98236084
-641.54107666
-540.90002441
-704.49060059
-522.15563965
-585.18218994
-512.53125000
-507.59600830
-738.52691650
-493.09088135
-468.70910645
-790.68395996
-588.87939453
-697.43334961
-704.56689453
-422.20089722
-654.93902588
-718.85821533
-636.10021973
-821.79895020
-597.90570068
-712.39550781
-575.13793945
-581.42877197
-796.93408203
-552.15734863
-508.30624390
-842.64434814
-607.44586182
-729.50952148
-728.79870605
-425.31829834
-701.49884033
-763.88641357
-680.59362793
-862.50457764
-644.18804932
-746.74481201
-610.80120850
-620.67321777
-803.33172607
-535.70324707
-514.08428955
-853.65106201
-644.27532959
-761.99279785
-769.33081055
-464.16958618
-720.06304932
-787.41271973
-702.58605957
-907.40863037
-648.81018066
-788.53924561
-627.94226074
-642.41870117
-940.42401123
-658.66632080
-601.81463623
-1013.30352783
-724.29827881
-866.70880127
-881.02081299
-507.48471069
-836.02105713
-917.33917236
-810.57830811
-1028.94873047
-756.50384521
-874.86718750
-728.81054688
-730.04583740
-777.51177979
-544.61169434
-490.31726074
-774.89062500
-569.11016846
-672.08544922
-670.91821289
-391.88854980
-700.32617188
-737.09375000
-626.89794922
-801.60083008
-615.01135254
-682.13964844
-566.58538818
-588.70983887
-742.11102295
-501.32495117
-475.52865601
-780.81835938
-575.72161865
-675.90325928
-695.09552002
-398.16806030
-659.53649902
-725.99389648
-633.63018799
-822.30010986
-594.86083984
-708.03222656
-580.84320068
-579.90008545
-839.20465088
-573.55828857
-532.58801270
-887.58496094
-630.15008545
-746.89996338
-775.57543945
-433.45346069
-736.73889160
-819.09631348
-694.07366943
-909.87091064
-671.53729248
-772.94195557
-659.17669678
-647.29382324
-833.74121094
-552.94305420
-529.10937500
-888.30340576
-653.07586670
-764.04583740
-776.52655029
-455.67617798
-727.46606445
-807.01763916
-703.97308350
-934.49957275
-680.49249268
-806.11749268
-660.98907471
-668.71472168
-986.03198242
-679.60534668
-625.90466309
-1019.61273193
-732.07244873
-871.26666260
-897.09387207
-498.26239014
-877.08001709
-956.20001221
-810.64489746
-1041.95202637
-785.78448486
-892.44561768
-753.37615967
-738.54675293
-751.34155273
-527.06176758
-479.54376221
-761.46093750
-534.94763184
-638.59289551
-650.68066406
-361.83093262
-654.27752686
-707.61468506
-599.14562988
-776.54724121
-593.63250732
-664.18164062
-565.90148926
-578.66510010
-694.17150879
-453.62271118
-420.90036011
-725.75842285
-544.47808838
-632.42285156
-622.75677490
-384.10598755
-588.87542725
-644.37170410
-547.15631104
-734.43389893
-586.05969238
-652.67700195
-529.80139160
-537.99798584
-792.13818359
-520.90521240
-480.28186035
-802.50927734
-587.68853760
-698.09082031
-680.43377686
-405.95794678
-667.45062256
-715.60656738
-609.56530762
-788.86285400
-651.45092773
-717.08105469
-579.88659668
-586.26434326
-797.29626465
-523.66955566
-487.11709595
-835.83038330
-629.30371094
-726.66961670
-722.97009277
-438.84930420
-688.76812744
-753.30664062
-643.43041992
-856.66271973
-666.20220947
-759.14666748
-613.05609131
-615.50103760
-894.17614746
-606.51141357
-550.89276123
-927.68231201
-665.28649902
-790.08306885
-785.40765381
-459.05865479
-765.49407959
-829.54339600
-708.16888428
-918.83392334
-732.75885010
-806.03686523
-670.56268311
-675.66271973
-720.85900879
-487.66986084
-437.91690063
-706.99737549
-525.58947754
-610.97009277
-592.04937744
-354.60391235
-622.80181885
-652.99774170
-543.88653564
-710.62414551
-586.23266602
-630.73712158
-515.57086182
-533.56286621
