shape=[128, 256]
-0.00356332
0.05482865
-0.05259668
0.13896808
-0.04421652
-0.07191291
-0.01267930
-0.05637071
0.09959199
-0.02031603
-0.04680411
0.01130588
-0.00871756
-0.05860329
-0.06651453
0.04805185
-0.03191194
-0.02992387
0.00726179
-0.01926669
0.00655687
0.03668115
-0.04075043
-0.01149387
0.01907133
0.02299963
-0.03573767
-0.06182992
0.00956705
-0.06709991
0.06905133
0.02265519
0.04643291
0.10442036
-0.01624832
0.01924381
0.04023493
0.04722028
-0.00951260
0.13770722
-0.07329453
0.00762906
0.01077579
0.11382443
-0.01675048
0.00870330
-0.00737176
-0.07005565
0.01281462
0.06023863
0.05578991
0.00129278
0.04710139
-0.00220648
-0.04703575
0.05643548
-0.00405794
-0.06237114
-0.05562582
-0.02409582
0.03829635
-0.01702819
0.00276334
0.04503765
0.02878896
0.03122343
-0.03195707
0.06435520
-0.00203461
-0.03589125
-0.01556054
0.02647553
0.04374210
-0.00996740
-0.00705033
-0.09989802
0.07915606
-0.05177191
0.02997017
0.06303328
-0.04318002
0.03743348
-0.07653969
0.08028802
-0.08241095
0.01123851
-0.04438202
0.03075718
0.04100188
-0.05212826
-0.05882803
0.08123878
0.07564657
0.02329219
-0.02886946
-0.08735386
-0.00671526
0.01337576
0.05872757
0.02358399
-0.02986004
0.09788898
-0.06466942
0.01966194
0.03029990
0.00132469
0.03887969
-0.02666002
0.00688861
0.03602328
-0.00578936
-0.00032997
-0.03408241
-0.02607503
-0.06908842
0.11959102
0.00152521
-0.08124260
0.01083675
0.07712232
0.08546816
0.01121307
0.01514777
0.01833046
0.04327742
0.06495790
-0.01675742
-0.04179468
-0.08142076
-0.00047501
-0.07361288
0.02173170
0.04060293
-0.06884947
0.01571481
-0.00451763
0.07053348
-0.04939574
0.02754690
0.03331007
0.04000672
-0.00847823
0.02608927
-0.04949996
0.05818949
-0.02182277
0.03171289
0.07907982
-0.03641483
-0.04646248
-0.01953270
-0.10388613
-0.05062996
-0.03092416
-0.01684116
-0.06985258
-0.00489127
-0.02686475
-0.06127227
-0.03243678
-0.01692668
0.03642962
0.05366762
-0.00822514
0.04978258
0.01369904
0.04483017
0.07143809
-0.03979661
-0.08369423
-0.03499630
-0.08317109
-0.00854044
0.03215444
-0.00898293
-0.06150414
-0.02030314
-0.00525762
-0.02022145
0.04495390
0.01789064
0.07230976
-0.01692093
-0.06543166
0.03551959
0.08624551
0.04507355
0.00807113
0.09027795
-0.00287325
-0.03411160
0.03854042
0.00216731
-0.05465409
-0.01273463
-0.05976483
-0.04707185
-0.06283024
-0.00776769
-0.05685774
-0.04427135
0.04491599
0.00345285
-0.03339168
-0.06940565
-0.01219722
-0.09140561
0.06532138
0.11198557
0.02805415
-0.04567049
0.06585683
-0.17237936
-0.01357210
-0.01430123
-0.01107801
-0.03222838
-0.07107592
0.01507400
-0.00977933
0.04800017
0.02709663
0.03579571
0.03711700
0.03609958
-0.00055094
-0.03103258
-0.00647062
-0.01761563
-0.02470284
0.00792534
-0.04557310
-0.06231575
-0.04424006
-0.03186831
-0.10025862
0.00351025
0.00769045
-0.00400478
0.00518306
0.01693042
-0.10411402
0.05666631
-0.01603185
0.02685392
-0.05162010
-0.01796682
0.05729926
0.02702933
-0.04988820
-0.01457009
-0.00469208
0.01681617
0.04540655
0.02533663
0.05682069
-0.02296492
-0.03246348
-0.01334735
-0.02448070
0.01575163
0.02570566
0.00492220
0.01097692
0.04938556
0.01727514
-0.03583987
-0.00041579
-0.04964281
-0.03185812
-0.00908970
-0.04731554
-0.04857800
0.03019604
0.02981986
-0.04085216
-0.05211201
-0.03862268
0.01513251
0.04145025
-0.02479835
0.04479797
-0.00454327
-0.00148454
-0.02589782
-0.04540418
0.04744365
-0.03131738
0.03074395
-0.00175956
0.01461578
0.01059856
-0.03002120
-0.03806999
0.04009292
-0.02526502
-0.03211404
0.04640222
-0.04030772
0.04029166
-0.03073034
-0.05203620
-0.01851205
0.03622426
0.00341160
0.01829726
-0.02710458
-0.02162841
0.02632712
0.01597919
0.02350956
-0.03438801
-0.03405326
-0.04562071
-0.03272651
0.02278959
-0.00463081
0.03825007
-0.01948828
0.02714944
0.01127081
0.02868222
-0.03162518
-0.00705922
-0.00457338
-0.03331042
0.00487336
0.03459002
0.01255712
0.00219133
0.03725480
-0.03161178
-0.00803535
0.00841685
-0.04507942
0.00642812
-0.04838029
-0.04243461
-0.04350044
-0.03640962
-0.04294458
0.03271248
0.03887465
0.00938584
-0.03908119
0.04435799
0.02687650
0.02171307
0.00083751
0.04802429
-0.04220695
0.01106081
-0.04710800
0.03720471
-0.03488749
0.04255030
-0.01145105
0.01450210
-0.00498403
-0.02024338
0.03603549
0.00041393
-0.04165152
-0.00003048
0.01178055
0.04121840
-0.01370280
-0.05001884
-0.03296596
-0.04630654
-0.02703677
-0.01788387
-0.02014717
-0.03623522
0.03963452
-0.03656320
-0.04581996
0.02314519
0.01294726
-0.00013900
-0.03606620
-0.01003409
-0.00338905
0.03991472
-0.04802731
-0.05099932
0.04729875
0.01282609
-0.03904762
-0.01234302
0.00601341
-0.00174899
-0.03929558
0.04157796
0.01368547
-0.01015064
-0.03456479
-0.02839111
-0.02700327
0.02296909
0.03129110
-0.02421321
-0.04556520
0.02173356
-0.01641354
-0.01376825
0.04815804
0.02119167
0.01603180
-0.04454690
-0.03873407
0.02201767
-0.01149351
0.00176985
0.03995258
0.03102292
-0.00778599
-0.01382744
0.04821256
0.00356437
0.00689400
0.02435291
0.01444262
0.01116470
-0.04362325
0.00374086
0.03753641
-0.02467367
0.01436896
-0.05420247
0.04105040
-0.01364614
0.01990402
-0.02561760
-0.02355447
0.00598767
-0.03257023
0.01607911
-0.02662600
-0.00403620
-0.01582883
0.02539397
0.03146759
0.01582999
0.03766318
-0.04065218
-0.03003329
0.03472517
0.03011295
-0.05241198
-0.02112184
-0.02574011
-0.00732671
-0.00692285
0.00502879
0.02882694
-0.04551544
-0.04517592
0.03610538
0.02921187
-0.03361113
-0.02622628
-0.00783229
-0.03865583
-0.01789041
-0.01538794
0.04561946
0.00457909
-0.01289396
-0.01095924
-0.03997108
-0.03182958
-0.02137821
-0.05377233
0.02005241
0.01193800
-0.00408657
-0.04032484
-0.02997992
0.01818495
-0.01790568
-0.01094429
-0.00518322
0.02863589
-0.02525475
-0.00988629
0.05716354
-0.03899309
0.03243998
0.02638067
0.02367424
-0.03338721
-0.00595060
-0.02086531
-0.01491268
-0.02775640
-0.02602478
0.01870685
-0.01898985
0.03169147
0.01626797
0.00395411
-0.02540184
0.03822766
0.03570971
-0.04486829
-0.04645844
0.00229757
0.03466806
-0.00868156
0.00766588
0.03826883
0.02497107
-0.01952517
-0.00871434
0.06385934
-0.01647142
-0.02933529
-0.03634745
-0.06289499
-0.17237839
0.06512350
-0.01659791
-0.02750869
0.00420211
-0.00496204
0.01032940
0.05224967
-0.09299272
-0.06105880
0.05022641
-0.02003909
0.01161636
-0.05640448
-0.08505767
-0.08155292
-0.03108198
-0.01138618
-0.02921323
0.01677951
-0.03105036
0.13328975
-0.07505076
-0.02505909
0.02565120
0.14757143
-0.01943935
0.09142272
-0.00932955
0.03956368
0.00820810
0.04928062
0.11924062
-0.01474270
-0.05936075
0.01811803
0.07071690
0.05177228
-0.06623637
-0.00896105
-0.01699839
-0.00108442
-0.00740400
-0.01510135
0.15278296
-0.02338032
-0.04879747
0.06661564
0.01103746
-0.09753540
-0.01073461
-0.06594298
-0.00169279
-0.02603150
-0.11581245
-0.00154029
-0.00167277
-0.00904078
-0.00010557
0.05009484
-0.03099255
-0.02633321
0.02904073
0.08953834
0.06570603
0.06252737
-0.03762632
0.01062047
0.00819686
-0.03377777
0.10336095
0.05784997
0.02529717
0.03740184
0.03312915
-0.00845978
-0.03238422
0.01840196
-0.02420507
-0.00871110
-0.07739400
-0.01097871
0.05624478
0.00961980
-0.03267774
0.03355878
0.01260860
0.05814008
-0.06467966
0.00206030
-0.03482736
-0.00607846
0.08637761
-0.09147753
-0.05887653
0.04550512
0.08108938
0.03390774
0.03679982
-0.02625429
-0.07747272
-0.03792636
0.04541044
-0.04699082
-0.10149156
-0.01092142
-0.02341828
-0.03354867
-0.06686983
0.03657383
0.13049001
0.02478477
0.08821827
0.04226017
-0.04873813
0.10590876
0.01858645
-0.01891319
-0.02964926
0.00035277
-0.09838861
-0.05877547
0.02169904
-0.03288872
0.08193336
-0.00971753
-0.04467177
-0.03253167
0.04588564
0.04574177
-0.03175798
-0.12181375
0.01842262
-0.02464631
0.03251092
0.01961481
-0.00761514
-0.02121061
-0.05568530
0.07247903
-0.12339488
-0.04734330
-0.05607624
0.13702504
0.09275589
-0.01435760
0.03455754
-0.06906866
0.04725150
-0.08156811
-0.10316681
0.02645799
0.02742010
-0.04467088
-0.03045232
-0.06120231
0.03118938
-0.07467469
-0.03683119
-0.04966821
-0.01677503
-0.04990480
-0.03880386
0.06659126
0.00123002
0.07875680
-0.03339516
0.01070666
-0.04990280
-0.09267744
0.01762578
0.00361274
-0.04002436
0.03931041
0.02148008
-0.04278056
0.02206064
0.10858060
-0.03184873
0.07268731
0.13710999
0.11308531
0.02601534
0.01461599
0.01264201
0.04055785
0.02700676
-0.05639812
-0.05941350
0.08496036
-0.00926597
-0.01649200
0.04636358
0.02374236
-0.11093815
0.06110456
-0.02784235
-0.00421202
-0.09313029
-0.01473327
-0.01027257
0.02036348
-0.05545025
-0.05459550
0.08451366
-0.00276698
0.04234136
0.03105005
0.08983526
0.02682738
0.00751331
-0.00449332
0.06696113
-0.04409445
-0.02291986
0.00942019
-0.13951990
-0.11424579
-0.11196444
-0.05302120
-0.07954720
-0.04385313
-0.03743119
0.01950585
0.04934947
-0.07044292
0.03172908
0.07017108
0.16260254
0.07654877
-0.01392999
-0.03506815
0.00831310
-0.04904043
0.05650695
0.06552428
-0.00664352
-0.01946820
-0.06391044
-0.01865655
0.03786721
-0.03089713
0.01299760
-0.02227512
-0.08210552
-0.00407892
0.02193571
-0.04022077
-0.01157743
-0.01341374
-0.01562852
0.01787079
-0.02683965
0.03036625
0.00650883
0.00506241
-0.03688501
0.04063442
0.04675342
0.05197706
-0.03196741
-0.00151471
0.04502007
-0.05452890
-0.03234047
0.15832470
-0.04072335
0.04931726
0.01282858
0.01852496
-0.04179973
-0.02857826
-0.03388982
0.02359543
-0.00183699
-0.00530178
-0.01792352
0.05431302
-0.04438671
-0.02685158
0.00944283
0.07655976
-0.02086355
-0.00333092
-0.03036691
0.04966204
-0.03825469
0.03679921
0.04219598
-0.03130790
0.05060176
-0.04284899
0.04012511
0.01024740
-0.06800293
-0.04001251
0.10460062
0.03979240
-0.05286197
-0.05322058
-0.05732122
-0.06940315
-0.04387275
-0.05233112
-0.04327644
-0.03512577
-0.03002512
-0.01817276
-0.00438921
-0.00904590
-0.09279475
-0.03367992
-0.00295485
-0.00588455
-0.04566849
-0.06132527
-0.04431081
0.05445975
0.04996618
-0.02515498
-0.02714298
0.00097895
0.00992629
0.01289415
0.02065910
-0.01575699
0.06130243
-0.00630349
-0.10239399
-0.01411648
0.04423162
-0.01059571
-0.05945121
-0.00578427
-0.07149971
-0.04642456
-0.02395045
0.06410179
0.02239258
-0.07511169
0.07336590
-0.03654037
-0.00144662
-0.01415894
-0.10485327
0.01889601
-0.02656252
-0.01049893
0.00303688
0.00221100
-0.04209795
0.04307513
0.00106703
-0.03234151
0.07651053
0.02749362
-0.02488989
-0.04149221
-0.01641480
0.04245112
-0.02777657
-0.00680757
-0.03192464
0.06965575
0.01863744
0.07467511
0.03659638
0.10201944
-0.04767503
0.02128688
-0.00936406
0.05327372
0.02799324
-0.02753899
0.04794019
0.00666444
0.07155140
-0.03448403
0.01574239
-0.01485028
-0.05598934
-0.06370515
-0.01339775
0.02726186
0.10798770
-0.02851267
-0.00053622
0.00375517
-0.01740556
-0.04546547
-0.00863961
0.00226088
-0.04018094
0.06324313
-0.04216151
-0.03257475
-0.07831193
-0.04438258
0.02047011
0.01871343
-0.01221342
-0.00248517
0.02621931
0.04481970
-0.02841169
-0.03949538
-0.08195659
-0.04045289
-0.04615239
-0.04778210
0.05275589
-0.01393896
-0.00114851
-0.01107321
-0.10685426
0.03781385
0.09068282
-0.09573782
0.01155903
-0.09306154
0.03271580
0.04988096
0.03762707
-0.06048229
0.05633767
-0.08658356
-0.02636790
-0.05774191
-0.02529488
-0.06618341
-0.00459400
-0.05847792
0.06978784
0.00561568
0.03952160
0.00978557
0.05516360
-0.01439845
-0.06367288
-0.03852412
-0.01099309
0.04237705
-0.00411509
0.02766798
-0.09859953
-0.00096885
0.05301607
-0.05699117
0.05852136
0.00071081
-0.03411876
0.04989847
-0.01864549
-0.07893987
0.04290810
0.04063406
0.03587180
-0.01134980
0.06938574
0.02076445
0.06544394
0.02343513
0.04322749
0.03399471
0.03418871
-0.06909913
0.03918670
0.00372317
-0.05185526
0.04822961
-0.01145749
0.03674981
-0.07273965
-0.07351178
-0.06451238
0.01118078
-0.04513515
-0.01780688
-0.04558026
-0.04974595
-0.03784354
-0.00343162
-0.00594736
-0.00746900
-0.09544689
-0.02399235
0.03361265
-0.06149979
-0.03317345
-0.04906908
0.04163393
0.07674079
0.01836465
-0.03227692
-0.05665766
0.02151699
-0.01907271
0.02410494
0.04147897
0.00603928
0.01327759
0.02914694
-0.01538702
0.02289583
-0.00546362
0.00179458
0.03870347
0.03252392
-0.00027114
0.05203950
0.03653326
-0.05442601
0.00873311
0.05970731
0.00088804
0.04410488
0.01172596
-0.01559593
-0.02437200
-0.00931223
-0.03524535
0.10943664
0.03432288
0.00605086
-0.00827994
-0.00226949
-0.05221182
-0.03158416
0.03900290
-0.03547885
-0.01116982
0.08962012
0.06024563
0.07343236
-0.03544721
-0.04841045
-0.02809587
0.08219485
0.00027991
0.11928684
-0.02883619
0.11591364
-0.03095164
0.14157715
0.04205498
0.01447498
-0.04189915
0.03411917
0.00886417
-0.02592016
0.02330366
-0.03476471
0.01428162
0.03568959
-0.00493789
-0.07055538
0.01304515
-0.01631290
-0.05265079
0.06401350
-0.00669801
-0.00564013
0.04708952
-0.04449189
0.02933605
-0.01246404
-0.01210878
0.05877718
0.04018666
0.08006408
0.03458178
0.01145909
0.06320257
0.01480578
0.11648753
0.01840472
0.04895423
-0.00694005
0.00714547
-0.01478413
0.06073759
0.02893056
-0.02155636
0.12707447
0.06833392
0.03017429
0.09543326
-0.09498670
-0.00505852
0.03204430
-0.00783271
0.03725565
-0.04774003
-0.00951709
0.05588007
-0.07906970
0.03785395
0.01907925
-0.02876912
0.05126422
-0.13978516
0.02029425
-0.04431054
-0.03104122
0.11947759
-0.05521958
-0.02840139
0.08735748
0.10074110
-0.01077791
0.03164780
-0.07653078
-0.02139424
0.00323928
0.04230003
0.09932767
-0.06470802
-0.00324222
-0.11542613
0.01865870
-0.07573348
0.03834847
-0.02128797
0.07603343
-0.17283230
-0.01442142
-0.20221300
-0.06804428
-0.02857477
-0.01117471
0.01709151
-0.05606513
0.04587978
0.07461049
0.10600960
-0.00280506
0.06411439
-0.06294753
0.03428628
-0.06160298
0.02507613
0.05840590
-0.05116594
-0.15417303
0.03487613
-0.06235972
0.02273194
-0.00330472
-0.07008275
0.00271157
0.04350358
0.02869945
-0.09860704
0.03031290
-0.09074860
0.08050509
-0.08092836
-0.00508468
0.01053468
-0.07312323
-0.06397273
0.08522258
-0.07220911
-0.02986174
-0.02259508
0.02313078
0.06031864
-0.01186598
0.02511306
-0.01897574
-0.10692412
-0.08173057
0.09017646
-0.09889118
0.02074510
-0.02822411
0.02962265
0.07862469
0.08069213
0.04033945
0.04603265
-0.08646398
-0.14288843
0.02206103
-0.04532620
-0.08542012
-0.05863748
-0.03748895
0.05725480
0.09287281
0.05330903
0.08628760
0.02238583
0.02543909
-0.01802065
0.01336970
0.00097591
-0.04884041
0.00510487
0.04314973
-0.00834085
0.02593236
0.05225302
0.02278681
0.10752841
-0.01614271
-0.10632928
0.06068462
0.06476873
-0.04450787
-0.05717011
0.02336403
-0.08716887
-0.02463470
-0.02107425
-0.03660546
0.07303603
-0.04903705
0.05964599
-0.00494106
0.13311839
-0.04249103
-0.02834363
0.01233763
-0.06577556
-0.01351580
0.00304885
-0.03240270
-0.12825476
-0.08335454
-0.03874546
0.01453526
-0.00995610
-0.01618356
0.01758039
0.00820761
-0.05883099
-0.06838976
0.00147998
0.01199258
-0.00131074
0.00741311
-0.06086097
-0.02227696
0.03265274
-0.12218753
0.01343289
0.07396644
0.04191421
0.00269672
-0.06802808
-0.02090500
0.02401646
-0.01935737
0.01446698
-0.03680223
-0.05618909
0.04121501
-0.00555188
0.04390588
0.01474033
0.02712435
0.02882011
-0.01862073
-0.00981102
0.00492243
0.02221919
-0.02683734
0.00538935
0.06671517
0.04010947
0.04352101
0.04234521
0.05734922
0.00227081
-0.04450312
0.02439798
-0.06433077
0.02958125
-0.06675429
0.07801638
-0.06446353
-0.00449733
0.04639132
0.00053882
-0.02879332
0.03970939
0.00527776
-0.00479977
-0.00259479
0.03569259
-0.02354588
0.04803174
0.00603641
0.02910287
-0.03021968
0.00701080
0.12642522
0.02269026
-0.02362311
-0.05591438
-0.03640374
0.05900508
0.00805662
0.10190788
0.00176248
-0.00328577
0.04322924
0.03417942
0.01833734
-0.03731377
-0.02225855
-0.06528382
0.00416988
-0.02285602
-0.06808436
0.04573165
0.04637912
-0.02146098
0.05851629
0.02386278
-0.03193695
-0.00922896
0.03562651
0.01868501
0.00702329
-0.02865703
0.00147802
-0.02239180
0.00274232
-0.02760479
-0.03777231
-0.05507777
-0.04317192
-0.05010785
-0.00700552
-0.04595269
-0.02425797
0.04001447
-0.01771269
-0.04095055
-0.04132403
0.04972252
-0.14809074
-0.02922779
-0.03905364
0.03890584
-0.02229249
-0.02276758
-0.02707563
-0.04678269
-0.00446028
0.03418379
0.01028792
0.01437127
0.05192439
0.06323305
-0.03707852
0.03825862
0.00565513
0.02849550
-0.04223510
-0.02353728
-0.02905121
-0.05417154
-0.04086787
-0.04180198
-0.00386527
-0.00192757
0.04945025
-0.01633630
0.06536796
-0.00683529
-0.00345767
-0.00890482
0.00786083
-0.07417475
0.00388129
-0.01853741
0.02032007
-0.08309345
0.00794387
0.04649833
-0.01287866
0.03692694
-0.10396359
-0.07350861
0.06759223
-0.02061930
0.01616810
-0.01171163
0.01491458
0.00451172
0.03882299
-0.00368881
0.00402673
-0.00985978
0.02324260
-0.01223108
-0.01786657
0.01405956
-0.00740364
0.12513500
-0.03104522
-0.08609190
-0.00472851
0.04628049
-0.08496578
-0.00547080
0.07581395
0.06427965
0.00688710
0.00042465
-0.02819211
0.02989360
0.02523891
0.00312038
0.11072125
0.06916787
-0.03076486
0.00528168
0.06977165
0.03614129
-0.03697337
0.03003831
-0.03339345
-0.02858051
-0.04022291
0.07747067
0.05511957
-0.00392808
-0.05170006
0.04292776
-0.01765690
0.03092075
0.00698618
0.00412736
-0.02428257
-0.04258689
-0.02052427
0.05482950
-0.01552222
-0.02177465
-0.00386341
0.01453936
0.02870162
-0.05153250
0.06970331
-0.06611213
0.05941352
0.02666889
-0.04568862
-0.03488608
-0.02843330
-0.03810486
-0.02144128
0.10821466
-0.03848824
-0.02084062
0.00042975
0.00220543
0.01731231
0.06778980
0.11366384
0.08961762
-0.06284502
0.04148224
0.00605594
-0.05405426
0.02088011
0.03552711
0.00113538
-0.00792517
0.02402438
0.00425945
0.00968636
-0.00594228
0.02401129
0.00478665
-0.03735450
-0.00055373
-0.07959092
0.01814116
-0.01511920
-0.06565412
-0.01677970
0.08298165
0.03082090
0.06097110
-0.00421666
-0.02345125
0.00464384
-0.06626284
0.07131979
0.01204902
-0.03272504
0.00322213
0.01581829
0.03933495
-0.06748624
0.01925379
-0.00773635
-0.03943887
-0.00641769
-0.03869529
-0.01952588
-0.04664753
-0.03425814
-0.00512565
-0.03924837
0.02370814
-0.02466766
0.05391961
-0.00833657
-0.04445174
0.00815079
-0.01638289
0.00917536
-0.03950622
-0.07239217
-0.02959352
-0.07336505
-0.02660758
-0.01381553
-0.01981752
0.06180435
-0.03115281
0.02139342
0.06107481
-0.01713633
0.00671010
-0.01335556
-0.04444167
-0.04522051
-0.14015743
-0.03078367
0.07202014
0.01642673
-0.00399720
0.01804102
-0.02488618
-0.05459541
-0.04635266
0.01987520
0.02848841
0.00780246
0.03583428
0.04143637
0.04580503
-0.08609062
0.03459653
0.00139124
0.07588977
-0.03100494
0.12452473
-0.02786565
-0.06604374
-0.06147558
0.07947601
-0.07329815
0.01020038
-0.03307356
0.03164273
0.07555307
-0.00546144
-0.08092372
0.02502313
0.08888774
0.02031736
-0.12162404
-0.00056193
-0.05524909
0.01850769
-0.00392143
-0.04087419
0.03573016
0.01392374
-0.04485349
-0.15569323
0.00612872
-0.03515504
-0.01609619
0.04885317
-0.02027998
0.01263421
-0.00534189
0.02951506
-0.07805692
-0.07741065
0.02609404
0.00691462
0.01486603
-0.05573057
0.02361762
-0.06418598
-0.00914007
-0.00216277
0.03615267
0.04377751
-0.11975432
0.03973002
-0.03377755
-0.01544294
0.02557142
0.00880901
0.00071426
-0.05410982
0.02270452
0.03540903
-0.08151329
0.00618007
0.01268625
0.07977094
0.00588853
0.02177992
0.00454982
-0.05480399
0.06408592
0.12795666
-0.07394788
-0.04418586
0.00499592
0.00613325
-0.04600106
-0.03676167
-0.01526991
-0.06697740
0.01843362
0.08220459
0.04420120
0.06994499
-0.05223111
0.08440465
-0.01329701
-0.03760162
0.02365053
-0.04288175
0.00201044
0.12256481
-0.08887197
-0.02198796
0.02447847
0.03331989
0.00308706
-0.03436003
0.04480278
-0.01990481
0.00196534
-0.04160281
-0.04494782
-0.02563400
-0.01192805
-0.02067698
0.03781515
-0.03173369
0.05921462
-0.04024198
0.05972775
-0.03476159
-0.03054659
0.01083701
-0.00508285
0.00471184
0.04673695
0.12547196
0.04551855
-0.00002169
-0.02206006
0.03244485
-0.06281161
0.02879018
0.12093239
0.02076897
0.07000466
0.14646511
0.04206584
0.04775436
0.01323378
0.01139774
0.05188343
-0.01961328
0.00347846
0.08179516
0.03601436
0.05072687
-0.04704982
0.00344244
0.04616410
0.03136272
-0.07325710
0.03528683
0.00371754
-0.04303347
0.05300225
0.02397058
0.08680118
0.00987075
-0.06608018
0.02768653
0.11811633
0.05512634
-0.14269231
-0.06832547
-0.00154710
-0.08508573
0.01225618
0.01478344
-0.01212166
0.02394263
0.00820953
0.00066782
0.04388528
0.12518013
0.07310675
-0.01538113
0.02567369
0.00891486
-0.04009055
0.05485053
0.01514409
-0.04363152
0.08153636
0.02681614
-0.02035469
0.06844115
-0.03584218
0.07147720
0.08655164
0.08667754
0.10338957
-0.01876367
0.02144399
-0.03232140
-0.00204563
-0.02336273
0.05254422
0.00899247
0.02228992
-0.01679767
-0.02125637
0.02267490
0.11051963
-0.07688443
0.00610317
0.07055214
-0.04068946
0.01081234
0.01425761
-0.03112456
0.03691692
-0.00471169
-0.02622439
-0.00120577
-0.00832083
-0.00892250
0.02238979
0.00128981
0.02814651
-0.00075365
0.01157086
0.00500043
0.04636650
0.06662641
0.02057461
-0.02021597
0.02181260
0.04243620
-0.04024336
-0.04521581
0.00756710
-0.01495827
0.01668619
0.01193488
0.03905508
0.04896984
-0.00501643
0.00165164
-0.01433978
0.00689572
0.02881849
-0.01918754
0.00295073
-0.02964641
-0.01659623
-0.00396555
0.05097337
-0.02630580
0.03752129
0.02415892
0.04852231
-0.03732821
-0.03694049
-0.01299752
0.01154041
0.00726963
0.03102490
-0.01978720
-0.02312338
-0.02262722
0.03929895
-0.02921518
0.04648965
0.02297429
-0.04374681
0.01930260
0.03286701
-0.02179986
-0.01244865
-0.04051637
-0.03222736
-0.02918295
-0.01913968
0.04219485
0.01807224
-0.03997364
-0.01744571
-0.00659808
0.01215425
-0.01529090
0.03194071
0.04200228
0.01013024
-0.00504397
-0.02122463
-0.01015656
0.03856979
0.00250141
0.04795675
0.02280726
0.01294979
0.01071269
-0.05328646
-0.00377201
-0.01771260
0.03632213
0.01230809
0.04799613
0.00530345
0.02857386
0.01914734
0.02670947
0.04389602
-0.01796028
0.04612637
-0.02583678
0.01904555
-0.00500568
0.04280237
-0.01322252
-0.03729150
0.04713630
0.00383800
-0.04382427
0.04324808
-0.00569935
-0.02400503
-0.01696438
0.02341352
0.00086557
-0.01294858
0.01712059
-0.05226640
-0.03411479
-0.01786786
-0.02729437
0.01997476
-0.00751201
-0.04926591
-0.02696558
-0.00918036
0.02804756
0.01874093
0.01847558
-0.04146849
0.02968522
0.00321131
0.00173920
0.04142749
0.04559712
-0.01471615
0.00979738
-0.00692149
-0.00769171
0.04048401
0.00070074
0.03881108
-0.00024167
-0.03987969
0.00868187
-0.03507023
-0.02628153
-0.00782153
-0.01352585
0.00911417
-0.01652520
-0.04979448
0.04198487
-0.03391064
-0.01577290
-0.05070524
-0.02031519
-0.01570311
-0.02705530
0.04409945
0.00708715
0.04967393
0.00126016
-0.01592433
0.03199013
0.00420544
0.02400729
-0.00443518
-0.04844301
-0.03542071
-0.03206869
0.04787455
-0.00196387
0.03362400
-0.04924827
0.01847155
-0.04628100
-0.01121882
-0.02325299
0.01655834
0.05198949
0.04560336
0.01395493
-0.05025555
-0.00105501
0.03215725
0.00577624
0.01243286
-0.00934719
-0.00012201
0.04788506
0.00280676
0.04027084
-0.02972073
0.03288294
-0.02758303
-0.02225211
-0.01191920
-0.04572888
-0.00992544
-0.01036365
0.00770937
-0.00448261
-0.00274906
-0.04486923
-0.00638131
0.00639942
0.03831926
-0.04568840
0.02359341
0.03846572
-0.04209074
-0.02821456
0.02153423
0.01043604
-0.01431610
-0.03618297
0.03518602
-0.03208711
-0.00125128
-0.00093548
-0.00852042
0.03868769
-0.03901837
0.01644128
-0.01757300
-0.02709781
0.04556205
-0.03555558
-0.01884093
0.00382630
0.03741913
-0.03558869
0.03255346
0.02868645
-0.03884302
-0.01845052
0.01577190
-0.03787298
-0.02126533
0.03919545
0.04118311
0.01605598
-0.02123940
-0.01138582
-0.03212104
-0.00936085
0.03611823
-0.03168803
0.00158334
-0.00628467
-0.02275364
0.00251496
0.03740268
-0.03011497
0.01299208
-0.01329481
0.03605560
0.01888490
-0.04862825
-0.02985783
0.03465994
0.04425642
-0.01629310
0.01017907
-0.01772493
-0.01357457
0.02183472
0.01622755
0.00183068
-0.01950928
0.03705714
-0.03904194
-0.02255009
-0.00555003
-0.02351584
0.04557152
0.02793950
-0.02914501
0.03557759
-0.03310429
-0.03746072
0.03975359
0.03491347
-0.01869137
-0.06215931
-0.01930093
0.00074786
0.04611448
0.00245652
0.02062045
0.00992619
-0.01443516
0.02353469
-0.02695123
0.02989061
0.05280301
0.07850937
0.03548653
0.01398377
0.03811770
-0.04035451
0.04473374
-0.05693305
-0.07873362
-0.00688434
-0.01772629
0.00673785
-0.02821480
0.02641832
-0.00978753
-0.03960151
-0.00775071
-0.02952136
0.01467322
0.02458684
-0.01180055
-0.00241073
-0.00102993
-0.04229634
-0.04087087
0.07926595
0.03576128
-0.01502723
0.03291576
-0.02236514
0.00054969
-0.00604688
0.10762493
-0.07206946
0.00267279
0.05579627
-0.07749938
0.02368532
0.00471831
0.07484750
0.05411996
0.04051030
-0.02014909
0.01538488
-0.09329367
-0.02814543
0.05613752
0.04590549
-0.07161683
-0.02254384
0.05907390
-0.00611683
-0.03442295
0.02023215
-0.05800224
-0.02756919
-0.00122645
0.09162538
-0.02409658
0.02975060
-0.01007541
0.07007435
-0.02466281
-0.02292258
-0.08899365
0.05743573
0.06526831
-0.03556024
-0.06073226
-0.08442719
0.02003150
-0.03280690
0.00030019
-0.03888834
-0.02630790
-0.04226250
-0.03391349
-0.08278995
-0.04194648
0.03175857
-0.08645123
-0.03852564
0.03549088
0.04957211
0.01553100
0.01883616
0.01702799
0.02442306
0.01003283
-0.09408189
0.00927280
0.03219551
-0.12295084
0.04586329
0.05937190
-0.01060663
0.03376827
0.01081455
0.00295161
0.05085866
0.03757710
0.02665128
0.05288501
-0.09878440
-0.08215725
-0.02005921
-0.00506196
-0.06267314
-0.02024987
-0.00762339
0.01373620
-0.00053450
-0.01509448
-0.05737989
-0.05076669
0.07660664
-0.02733290
-0.01765241
-0.01695570
-0.01893670
-0.03648053
0.02040500
0.02474062
-0.04590869
-0.02646557
0.04907313
0.00647329
0.04043904
-0.02528994
0.11515868
0.07881954
-0.01520669
-0.03421882
-0.02870749
0.00531429
-0.06859056
-0.00112835
0.07319533
-0.03383854
0.13220367
0.05212183
-0.06768581
-0.02828916
-0.00542019
0.09931060
0.07168943
-0.00857285
-0.06986865
0.02373432
-0.03787660
-0.00518127
-0.00331351
-0.06657606
0.02347143
0.01077444
-0.06977776
-0.01858635
0.06405895
-0.01153072
0.11869438
0.04413638
0.09440707
-0.03063058
-0.00001474
-0.07674575
0.03672373
0.00945997
-0.08600446
0.01348685
-0.05540565
0.04304971
-0.02778594
-0.06718066
0.04605128
-0.06081502
0.06686158
-0.01658871
0.01934404
0.00523262
0.01713379
-0.02368020
0.00965870
0.00459149
-0.03610376
-0.00469599
0.00002581
0.11025962
0.02336616
-0.02087273
-0.07961810
-0.03075697
-0.03397779
0.04749852
0.00682536
-0.02452885
-0.14040165
-0.01835590
0.03299286
-0.09084056
0.01238570
-0.00025719
0.02925083
0.05990250
-0.01197723
0.03279303
0.14001009
-0.05900734
-0.04294912
-0.01902339
0.03220221
-0.05478351
0.04516809
-0.06060683
0.10191121
-0.01703395
-0.06454173
-0.08797764
-0.00768983
-0.10603837
0.09996466
0.02651242
-0.02664124
0.02667333
0.03365278
0.08275191
-0.01586788
-0.04450011
-0.04209369
0.02696345
0.10224883
-0.01023411
0.01825676
-0.03390940
0.01820580
-0.04173497
-0.12041929
-0.01161714
0.05264902
-0.00166285
0.03107243
0.03697832
-0.03652023
-0.03045852
-0.05191134
-0.01237262
-0.02234730
0.01350460
0.01628767
0.02866643
-0.04691730
0.02159011
-0.01763032
-0.02279703
-0.05896175
0.04236048
0.00004059
0.02911971
0.00291860
0.00905283
0.01257748
0.03779941
0.01205493
-0.00648884
-0.04071850
0.00779178
-0.01252363
-0.05027580
0.00441618
-0.01499506
-0.00693486
0.02467113
0.03730635
-0.02695796
0.03372696
-0.00625996
0.00091644
-0.03565948
-0.02027240
0.02214976
-0.02913764
0.01983695
0.00177861
-0.00092001
0.01410202
-0.01222747
0.02522872
0.01327406
-0.05454155
-0.05598524
-0.04698657
-0.03115798
-0.04026108
0.01963819
0.03080468
-0.01344842
-0.03367177
0.01242195
-0.00477283
0.02451983
0.01462857
0.01850824
-0.03088327
0.03177772
0.01426954
-0.05190846
-0.00654080
-0.04346203
0.01828914
-0.01107585
-0.04143006
-0.04822187
-0.02497042
0.02296862
-0.01687184
0.03347148
0.03969655
-0.03415925
0.02974076
-0.04054384
0.03522047
-0.03350053
-0.02106377
0.00964146
-0.04402445
0.01418935
-0.00699854
-0.05321238
-0.03844158
-0.00123043
0.00433466
-0.00369991
0.00482045
-0.03727085
-0.00606016
-0.02020046
0.01644240
0.03301685
0.03113519
0.00449319
-0.03473167
-0.04812439
0.04320928
-0.00508728
0.02915683
0.01166845
0.01908943
0.01572133
0.03638467
0.03840336
0.00932841
0.03194460
-0.03150737
0.00889245
0.04588416
0.01000490
-0.01193569
-0.02246233
-0.03582501
0.02062167
-0.03854712
-0.04229101
0.00114274
0.04084669
0.01359748
-0.00889014
-0.01687086
0.00114361
-0.04732826
-0.03669112
-0.02337774
0.02483682
-0.04232733
-0.02540936
0.02291685
-0.04596869
-0.01668064
0.02933719
-0.02965827
-0.00088366
0.00299351
-0.04077344
-0.03490550
-0.02081073
-0.02701305
-0.03884911
0.02962423
-0.03645249
0.02016206
0.01053998
0.01217073
-0.02269582
0.00786935
0.00166962
-0.01836442
0.01852751
0.00982365
-0.03754461
0.01070677
-0.02161159
-0.01575460
0.03380877
-0.01786275
-0.00179891
-0.04525464
0.01788474
0.00381685
0.03545334
-0.00532797
-0.00004179
0.01986035
0.03062463
0.01876449
0.02890561
-0.04646542
0.03552578
0.01155725
-0.03446961
-0.00579391
-0.02508961
0.00452119
0.03512168
0.04148174
0.04516738
0.00376480
-0.01411401
-0.04010031
-0.03106082
0.04630903
-0.02349730
-0.04560300
-0.03249282
-0.02186950
0.00501232
0.04829689
-0.04291448
-0.00025101
0.02468109
-0.05750060
0.01205857
0.04411830
0.02055075
0.03345611
-0.04025167
-0.02905429
-0.05050313
0.02361436
-0.01111422
0.00723682
-0.04503746
-0.00289734
-0.01100136
0.01764312
-0.01889968
0.02383860
0.03288697
-0.04905423
-0.00957009
0.02609367
-0.00428046
-0.04760115
-0.02213534
-0.01534299
-0.00589490
0.01381310
0.04213646
-0.00697015
0.02713148
-0.03698369
0.00504292
0.03053413
0.03852666
-0.01036563
-0.04603191
-0.01504435
0.00425548
-0.03440292
0.04140598
-0.04640071
0.02987914
0.03569596
-0.02818367
0.04144860
0.01955752
0.04803479
0.04961000
-0.04443606
0.03037119
-0.03907938
-0.02727905
-0.01574910
-0.00471314
-0.05905599
-0.01513028
0.00488320
-0.00618888
-0.00490983
-0.04120100
-0.04226805
0.02771468
0.03585843
-0.01130438
0.04017676
0.03103360
0.12942709
-0.02906762
0.02246360
0.01806115
-0.01065152
-0.15483154
0.08376179
0.02137047
-0.02394160
-0.04552227
-0.04233001
-0.03429858
-0.00041519
0.04535307
0.08609916
-0.04009893
-0.08287223
0.02651352
0.01823555
-0.01018725
-0.06406345
0.04092404
-0.08323715
0.02817587
-0.14767620
-0.04879205
-0.08375869
0.06800243
0.00576360
0.00324314
0.10636435
0.02791535
0.09494567
-0.06207839
0.11705542
-0.02299744
0.06023468
0.01461208
-0.00069256
-0.01346598
0.09113168
0.19736484
0.07891326
-0.01512376
-0.10452239
0.09301386
0.13787365
0.04700591
-0.10366985
0.05068382
-0.11073244
-0.08325342
0.02604253
0.02574820
-0.04162741
0.01607751
-0.10393402
0.02361312
-0.03584750
-0.11508308
0.07179467
0.02530793
0.02605376
-0.03534067
-0.17354015
0.01721821
-0.05372620
0.04598887
0.02997158
0.01485161
-0.04024522
0.07879423
0.05259159
0.03154591
-0.06356755
0.11248282
0.11418733
-0.10346138
0.04592239
0.00406770
-0.10322585
-0.05166242
-0.02504741
-0.04357927
-0.07377099
-0.02597261
0.00848968
0.03803025
-0.08614342
-0.01827504
0.11210438
0.00925583
0.09279167
0.03620396
0.03886233
-0.04850980
0.03665745
0.09237786
-0.05709818
-0.19355352
0.04713857
0.07294127
-0.03524337
0.00775101
-0.02892896
-0.09167396
0.00922839
-0.00651084
-0.00664626
-0.08171429
-0.03052575
-0.06969471
0.01593210
-0.03494714
0.00755559
0.08862424
0.10968616
-0.03075277
-0.00854948
0.01762882
0.00623267
-0.02471712
-0.05381847
0.07013816
-0.04416321
-0.01234799
-0.06322636
-0.02471256
0.05516146
0.12527174
-0.02790210
-0.00434028
-0.00051486
0.06533475
0.09309363
0.00758840
-0.07481140
0.01143819
-0.08927882
0.02887246
-0.02384419
0.05478823
0.05010879
0.04551607
0.00525005
-0.09739124
0.04148827
0.00312280
0.10984000
-0.01725443
-0.00630984
0.02002381
0.07197834
-0.07599676
-0.09624780
-0.05305045
-0.00820376
-0.03823092
0.01525718
-0.02652502
-0.00532488
0.07326072
0.01106854
-0.09397963
-0.05017343
-0.03620478
-0.09631830
0.05779792
-0.02016268
0.04171806
0.15322816
0.08751096
0.00009798
0.02351329
-0.08896738
-0.02049885
-0.06888232
-0.01883181
-0.00802967
0.01860039
-0.06772430
-0.00924893
0.07752028
-0.06133050
0.10663471
0.13444705
0.11652905
-0.08695690
-0.02241729
0.03729226
0.02840592
0.02493665
0.03234209
-0.10886002
0.00086094
-0.03588962
0.00330513
-0.02389706
0.03932841
-0.09907386
0.07544705
0.08273832
-0.13944493
-0.08036384
0.08958858
-0.06336974
-0.01638207
-0.04391919
-0.06792589
0.07380018
-0.09764571
0.02078848
0.02554328
0.14159034
-0.07467195
0.04887270
0.01858815
-0.07680926
-0.03516876
-0.02929896
-0.02679359
-0.09901007
-0.11167037
-0.16404997
0.01008239
-0.10778064
-0.00166819
-0.09822851
0.03592352
-0.06885120
-0.05530284
-0.03690817
0.08522307
0.01919073
0.09644391
-0.01338329
-0.08680795
-0.03167923
-0.02205299
0.10407383
0.11856423
0.05611349
-0.07212526
-0.03891219
0.08497266
0.04044109
-0.00139698
0.00771493
-0.00018275
-0.09581431
-0.04544499
0.04342269
0.04689701
-0.05501712
-0.04390668
-0.02495666
-0.04616774
-0.00140356
0.03863522
0.03234668
-0.05244409
-0.06868120
0.10047970
0.01637897
0.04566378
0.05556273
-0.02931645
-0.03498025
-0.06496774
0.00122759
-0.03287527
-0.10782026
-0.07717956
-0.01979468
-0.08455542
0.03197026
0.01319974
0.04889104
-0.06807966
0.03082641
0.05540366
0.08822981
-0.00600642
0.09749116
0.04482242
-0.03427858
-0.04534039
0.04898181
0.06277173
0.05874423
0.07653380
0.13160270
0.08654033
-0.03551715
-0.09905314
0.05014717
-0.03769898
0.05678744
0.00488765
0.00120623
0.09127782
-0.00734966
-0.01039803
-0.03972653
0.02512063
0.04432608
-0.11635712
0.01327343
-0.05722374
0.05173002
0.00818784
-0.03094057
0.07205154
0.02340060
-0.00109485
-0.05531670
0.02472089
0.03351168
-0.02096260
-0.03912295
0.03057282
0.11262920
0.00967655
0.00788055
-0.03258475
-0.00353248
0.03184556
-0.05915901
-0.05804279
-0.01336245
0.09343998
-0.08128344
0.01941018
-0.07597516
0.09512041
0.02976455
-0.16288190
-0.03261803
0.01210410
0.04140409
0.06503007
-0.03273780
0.03748487
0.06510176
0.00103114
0.01211560
0.03135207
0.00403323
0.03161749
0.00363575
-0.11552593
0.04235638
-0.01756188
-0.03336115
0.00314393
-0.00964110
0.03516991
-0.01048118
0.03929453
-0.06494117
-0.05642010
-0.00896766
0.02410156
-0.04983362
-0.01327812
0.05839087
-0.00292411
-0.03106757
-0.00810782
0.00721064
-0.08719894
-0.03287073
0.02646852
-0.07096255
0.03214905
-0.00328081
-0.04134146
0.04656600
-0.02607297
-0.00278581
0.09897026
0.09797198
0.00669724
-0.01045939
0.00758004
0.08073704
-0.05988769
-0.00887604
0.04217221
-0.02636046
0.02118720
-0.06045718
-0.01359400
-0.01505299
-0.07763022
0.01201908
-0.00677725
-0.04004114
0.00661199
-0.01676539
-0.07233609
0.03853356
-0.01234347
-0.02475140
0.06383701
-0.00859095
0.04077839
0.05769390
0.02571078
-0.07584518
0.06531524
0.04667225
-0.11272418
0.02928442
0.04840705
0.01177918
0.09692682
-0.05592046
-0.00617881
0.02378670
-0.05435093
0.03057217
-0.06198972
-0.00953804
0.07602445
-0.01465603
-0.04649270
-0.00418369
0.01815778
0.02309993
0.08210692
-0.00858840
0.03139715
-0.02757628
-0.10814486
0.04309547
0.10128274
0.03574612
0.07170998
-0.06993586
0.04781470
-0.03917066
-0.05764635
-0.04113559
-0.00698803
-0.06925419
0.03771609
-0.01704119
0.01196831
0.11789110
0.00727760
0.04233826
0.04938010
-0.02271262
0.04158232
-0.07624387
0.08381143
0.03041164
0.09753477
-0.07269593
-0.06726564
0.04104352
-0.04457982
0.06992762
-0.00690459
0.15943086
0.02647162
-0.02864978
-0.03847066
0.04579393
-0.03431904
0.01570501
0.03030705
-0.03784571
-0.02546467
-0.00237802
-0.00274154
-0.06108292
0.14038277
-0.09010702
-0.03421308
0.04473372
0.01282163
0.05162347
0.09950908
-0.01735331
0.01326223
0.03505560
-0.09055065
-0.01650687
0.03688513
-0.00926643
-0.08053938
-0.03632923
0.00136039
-0.03668822
0.09254669
-0.01532010
0.10969870
0.00772489
0.04435175
0.03078473
0.03739287
0.03362629
-0.00604193
0.02636980
0.04877172
-0.04836886
-0.01383371
-0.01578472
-0.01388188
-0.02087439
0.00292486
0.05607796
0.00336466
-0.04400876
0.02189368
-0.08108066
-0.04022773
0.00766626
-0.00774945
-0.01880042
-0.03063355
-0.00912693
0.03958667
-0.02362051
-0.02711766
-0.04376234
-0.05978639
0.10248619
-0.00128213
-0.06107742
0.01172450
-0.01431618
0.02853764
-0.04723131
0.03279180
0.02303517
0.11407869
0.01698182
-0.00117319
0.01536184
0.03180693
0.01935952
-0.03776616
-0.02398772
-0.03469004
0.00431438
0.06429233
-0.02187130
-0.04013474
0.00265381
-0.00789586
0.03578237
0.04369922
0.03343542
-0.05647177
-0.00846404
-0.00973637
-0.01135729
0.04692429
0.05346605
-0.00656559
0.09324960
0.04034836
0.07629831
-0.00957350
-0.03344658
-0.02541166
-0.02534142
-0.04362810
-0.02035897
-0.00464800
-0.03675107
0.03240642
-0.04297442
0.07506782
-0.01213437
-0.04123326
-0.02141174
0.06459329
-0.00724134
-0.02709638
0.00421092
-0.00846802
-0.04043414
-0.01449273
0.01270534
-0.05892509
0.04887832
0.02401203
0.01973666
-0.00443124
0.04661590
-0.01181658
0.00589551
0.03844530
-0.04285742
0.05126082
0.06690261
-0.06251829
-0.05085351
-0.05286261
-0.05266830
-0.00227371
-0.02292289
0.00150345
-0.08047909
-0.00041893
0.04800592
0.01502606
0.02607393
-0.06076093
0.08917284
-0.04778099
0.02665689
0.04769439
0.02692501
-0.03691372
-0.00061445
-0.02729340
-0.01685323
0.04738473
-0.02334728
-0.06415615
-0.01655143
-0.05430732
-0.05268782
-0.03425156
0.04322785
-0.01370055
0.02392402
0.05973211
0.02026570
0.11059879
-0.01890935
-0.02757222
-0.00102466
0.01920855
-0.06336562
-0.01980107
-0.07449739
-0.02843924
0.04453279
-0.00811147
-0.01287145
-0.04870662
-0.01132272
0.02582677
-0.05181592
-0.06416502
-0.04916438
0.02987493
0.01684512
-0.00565488
-0.00731032
0.05561728
-0.00454340
-0.01827215
0.04204319
-0.03609186
-0.04839975
-0.06812238
-0.00164202
-0.06502929
-0.04150643
0.00212130
-0.05358885
0.01267885
-0.00868382
-0.04023070
-0.00427309
0.01174079
-0.04142396
-0.06038858
0.06254838
0.04657040
0.02263059
0.06191640
0.00174762
-0.06530712
-0.01060736
-0.03949780
-0.00520562
-0.03643509
0.02961803
0.03049690
0.08039778
0.02593529
-0.03821942
-0.02544664
-0.04655944
0.01954428
-0.01053433
-0.05910208
0.02183741
-0.00834654
0.00485517
0.06216085
0.04560431
0.02808823
-0.01935190
0.04155652
-0.03380725
-0.00915655
-0.01170072
-0.01100343
-0.01546228
-0.09118989
0.04195132
0.08222048
0.02420257
0.03527579
-0.00610035
0.09196758
-0.07986066
0.01920873
-0.06903744
-0.01289717
-0.02596869
-0.05419872
0.00630598
-0.03026672
0.06440914
-0.04419471
-0.00776456
-0.03158141
-0.00445630
0.04473298
0.04241464
-0.07350177
0.02454741
0.03095471
0.09262702
-0.03632862
0.02828171
-0.00262880
0.02987995
0.02875800
-0.02365983
-0.00963844
-0.03010600
-0.01554547
-0.03936345
-0.01772785
0.07605270
-0.00125327
0.02258233
-0.01576547
0.02008528
-0.02345126
-0.05482190
-0.06662747
-0.01168593
-0.02795563
-0.00583292
-0.03109969
-0.01655393
-0.02515740
0.02125534
0.01735928
-0.01424638
-0.07969001
-0.02456864
0.04063699
-0.00796400
-0.01989292
-0.00848568
-0.03173599
0.02916331
-0.04481820
0.05263569
-0.00225437
0.01725359
0.05546794
0.02161590
-0.02655098
0.02301759
0.04562493
0.07473473
-0.07256615
0.00865197
0.10207611
0.03657088
0.00716960
0.01941794
0.05136003
-0.04023387
0.04069612
-0.00584019
-0.00642520
-0.03694449
-0.04579313
0.01921967
0.05737750
-0.10114410
-0.02945139
0.02972933
-0.04122283
-0.06354519
-0.01658549
-0.04722286
0.07790738
-0.04524580
-0.01540277
0.11662658
-0.02454770
0.01201807
-0.02544074
0.00914400
0.02764850
-0.04170427
0.03278139
0.05849947
-0.02741115
-0.00240887
0.00930021
-0.08984357
0.01544549
-0.10503308
-0.02662159
0.05606528
0.03430199
-0.00382038
-0.00767036
-0.01039014
-0.00242716
-0.05314415
0.04870781
-0.01824406
0.01008918
0.03197127
-0.00248415
0.03086093
-0.00179347
0.07960994
0.00978640
0.00497321
0.05886472
-0.01315744
0.05695570
0.02014987
0.01514046
-0.03275895
-0.01142163
-0.10000297
-0.06023929
0.05959959
-0.02659449
-0.03431831
0.04435361
-0.03105559
0.02943909
-0.07306887
0.04341879
0.05820319
-0.09279603
0.01250276
-0.01584186
0.00047752
0.00263473
-0.19450569
0.00981222
0.03678659
-0.04271828
0.03577277
-0.05509686
-0.06252287
0.01631729
-0.03212748
0.03117250
0.09325861
0.09601229
0.02327313
0.02639383
0.01067345
0.00984172
-0.07124718
-0.04752258
0.00534113
0.05140689
-0.00680801
0.18413360
0.13009068
0.07197628
-0.03990639
0.01383104
0.05370529
0.11475072
0.00409447
-0.01920662
0.02630602
0.00713872
0.05689362
-0.07775228
0.00762243
-0.02910830
0.02961764
-0.06724717
0.00711521
0.05397866
0.07118824
-0.02913262
-0.00458902
0.03670862
-0.00507083
-0.06740750
-0.04141513
0.00915712
-0.02360109
-0.02686783
0.05349948
-0.00340700
0.02611674
-0.09972081
0.05775839
0.06112406
-0.00817117
0.03831346
-0.03258593
0.09456261
-0.03742800
-0.03298058
-0.13186149
-0.01476872
0.04634178
0.03207756
0.05142843
-0.01037187
0.03710603
-0.00302090
-0.03838497
-0.02896485
0.05304408
-0.00848978
0.00651183
-0.00424296
-0.02955032
0.05443819
0.04564737
-0.02202972
0.05575498
-0.07048109
0.01764166
-0.06177187
-0.02358664
0.01106853
0.06599414
0.03575148
0.04315572
0.06920034
0.04750170
-0.03628018
0.10983736
0.04863606
-0.00630832
0.00165476
0.01228454
0.10970156
0.04179154
0.00953556
0.03628998
0.04453426
0.07221493
0.02416877
0.08861306
-0.02755529
-0.03174405
0.05323067
-0.02179604
-0.10220689
-0.01402588
0.08708364
0.00643578
0.01592674
0.07405160
-0.01409773
0.10290565
-0.07357156
0.00329197
-0.03890830
-0.04119226
-0.09661054
0.03693304
-0.06846336
0.05293275
0.03430275
-0.03581465
-0.03166797
0.01069275
-0.02352686
0.02423178
0.05693674
0.05112413
0.00535727
-0.00614882
-0.03685575
0.04068812
0.06050596
0.02321822
0.02924679
-0.09897764
0.05063098
-0.01534613
0.04552634
-0.01433766
-0.06076053
0.05193048
0.00808019
0.01082436
-0.06386852
0.01119487
0.02308036
0.02193835
-0.00660180
-0.03381449
0.02780186
0.07431001
-0.03972459
0.01030780
-0.01700340
0.00692157
0.05096729
0.01741307
0.05930292
-0.01675436
-0.06722863
-0.04100785
0.03345549
-0.01912057
0.04620695
0.06576523
0.01702840
-0.03223361
-0.00139576
-0.11236317
0.03160532
0.03263970
0.07330638
-0.06936889
-0.13866302
0.09357456
0.00130287
0.02875976
0.07449817
-0.01686223
0.01916593
0.04878579
-0.12612179
0.00134143
0.11225754
0.02773616
-0.03365254
-0.03575303
-0.15180820
0.01942996
-0.14695859
-0.00206813
0.06953459
-0.01307762
0.04293278
-0.09123512
0.03113178
0.01850689
0.02917646
-0.12394065
0.09120719
0.08370314
-0.10496414
0.01134119
0.02915057
-0.00207033
0.06397971
-0.03445862
0.08593572
0.02547547
-0.02592913
0.10883807
0.11942215
-0.01784267
0.00312475
0.02780025
-0.04724997
-0.01204509
0.10268760
-0.03027857
-0.04316205
0.01605022
0.04295135
-0.01919436
-0.04537951
-0.01267978
0.03267433
0.02029052
-0.08873637
0.03684141
0.03080241
0.01965408
-0.01066902
-0.07959953
-0.01131158
-0.08562613
-0.08806212
0.07851981
-0.09076709
0.08490259
0.03412544
0.04904352
-0.12893350
0.05923598
0.07347134
0.01439271
-0.04577745
-0.05844566
0.01291548
-0.04810085
-0.06445110
-0.12056707
-0.05778147
0.04468178
0.04104415
-0.03498622
-0.04606451
0.05407295
0.07642491
0.10410255
0.01801853
-0.06334808
-0.00470568
0.01876798
-0.02430883
-0.07053571
0.09521053
0.00671278
0.00589071
-0.09740862
-0.01629803
0.06301106
0.04200930
-0.02250781
0.01802197
-0.11114103
-0.02269957
0.05136544
0.05118778
-0.00414080
-0.02907816
-0.03014196
0.03177049
0.03898612
0.09579547
-0.09224427
-0.04545247
-0.06293691
-0.05515242
0.05588329
0.04007949
0.00923477
-0.02471817
0.03186617
-0.02539234
0.04079507
-0.15756591
0.07859366
-0.02649031
-0.06210513
0.01286780
-0.00800790
-0.00800383
0.01094621
0.00205054
0.08596451
-0.13655987
-0.06469873
-0.10028136
0.02189342
0.04746533
-0.11995860
0.07858081
-0.00324697
0.01381319
0.02181518
0.10561107
0.01727240
-0.04120966
0.05283597
-0.00595950
0.16228463
0.01420695
-0.08649243
0.06940433
-0.01988541
-0.01919286
-0.02118655
-0.07989677
0.00092983
-0.01167313
0.11716270
-0.05321936
0.04322471
-0.02397026
-0.06136645
-0.03401849
0.01826286
0.03164863
0.06926061
0.13378187
0.01228317
0.01384926
-0.00473460
-0.05557375
-0.08678546
0.00310056
0.01229937
0.01736900
-0.02860771
0.05266916
0.04382976
-0.04658897
-0.04021704
-0.05468366
-0.12134926
0.07755904
0.08888044
0.08800040
0.04170390
-0.00465376
0.05573406
0.10817778
-0.04405278
-0.06984370
-0.03258543
-0.03226634
-0.00832540
0.00404752
0.00710897
-0.01832897
-0.05733564
-0.09012395
-0.04499647
0.02034962
0.00600316
-0.21528386
-0.02799885
-0.00029108
-0.03308793
-0.05514539
0.02183617
-0.03438015
0.08449806
0.03572575
0.04741258
-0.03240770
0.03187985
0.02343743
0.06178045
-0.01762763
-0.07441303
0.05327875
0.03754582
-0.00541976
-0.02928612
-0.08344403
-0.00230241
-0.03298565
0.02801874
-0.11176635
0.01974364
0.12024775
-0.01964707
0.03619250
0.01190270
0.05574342
0.02402620
-0.07548087
0.00220130
-0.01635985
0.01556979
0.01358306
0.01731692
0.00117760
0.03891386
-0.00931777
-0.02912791
-0.01874645
-0.01853302
-0.01047558
-0.03983259
-0.00017673
0.02547268
0.04423765
0.02817087
0.01290794
0.03240075
0.02355321
-0.02975005
0.02466618
0.02655218
0.03197784
-0.01849454
0.02416056
0.00449097
0.02606806
0.00574606
0.03742330
0.01504859
0.00300569
-0.01199506
0.00775751
-0.00502151
0.01113014
0.03330861
-0.03454258
0.03882150
-0.04332107
-0.00691423
-0.04979214
0.00293674
-0.04029984
-0.01421237
-0.01591490
0.02268282
-0.01121276
-0.04749967
-0.01331174
-0.03768595
-0.00757565
0.00534168
0.00240463
-0.04671920
-0.03954053
0.00727413
-0.01932244
0.02357987
-0.02816221
-0.01146712
-0.00933855
-0.03616638
-0.03193196
-0.00843950
0.03673123
0.01978403
0.03268494
-0.00371221
0.00607458
-0.02952614
0.02558440
0.00088392
0.02472987
0.00240573
0.02927498
0.03407147
0.02391757
0.02743270
-0.01039891
0.01101338
0.04243212
-0.00660418
0.03260602
0.03676600
-0.00912924
-0.04948623
-0.00276394
0.01380997
-0.03016265
0.02087903
-0.04538796
-0.03762935
0.03156516
-0.01981291
0.01615266
-0.04236704
-0.01650927
-0.04421015
0.03071058
0.00265531
-0.01892989
0.05178991
-0.02555319
-0.04591451
-0.03992821
-0.01117960
0.04046854
-0.00116619
-0.01297490
0.02401644
0.01069430
-0.03148218
-0.02785911
-0.01487292
0.05114641
-0.05122992
0.03849115
-0.03184648
-0.04418491
0.00637299
0.03520675
0.01514528
-0.01377725
0.02530652
0.02293905
-0.00690602
-0.02591902
-0.04812592
0.05349097
0.04180718
0.03781178
0.03927222
-0.00065260
-0.02827501
0.00752893
0.03800393
0.03639834
-0.04332698
0.04593469
0.03740688
-0.04849615
-0.03573592
-0.00519493
0.05171326
-0.01189275
-0.02426108
0.01708923
-0.01446789
0.01517504
0.01128742
0.01797730
0.02482503
-0.02052896
0.02955580
-0.01514134
0.02241527
0.04708713
-0.01489541
-0.00841437
0.00720116
-0.03287709
0.03878262
0.02575696
0.02662993
-0.00420034
-0.02331111
0.01990477
-0.01483601
-0.04030133
-0.03116774
0.01468964
-0.01185590
0.02117753
-0.00956970
-0.01410802
0.00645653
-0.01502917
-0.03952747
-0.04393793
0.01234631
-0.04124243
-0.01575525
-0.03593651
-0.00643248
-0.02572222
0.00909903
-0.04261591
-0.01337642
-0.04704622
0.00643700
0.03178580
-0.03453061
-0.04389346
-0.04125704
0.04236826
-0.01663562
0.03887848
0.02592650
-0.00371146
-0.00893614
-0.04224590
-0.04933561
-0.04445758
-0.02335261
0.00434854
-0.01031028
-0.05368428
-0.01449213
-0.03052575
-0.02787099
0.02247719
0.01291120
0.02880700
0.03193421
-0.02462501
-0.00514350
-0.03675348
0.03180976
0.00421805
-0.03106521
-0.04147346
-0.00074680
-0.05278848
-0.01090421
0.03978520
-0.04334586
-0.00303214
-0.02134329
0.03082524
0.02819608
0.00507737
-0.01329010
0.04743638
0.00120160
-0.01622683
0.01174944
0.02938694
0.00676920
0.02589991
0.03337439
0.04053616
0.04220448
0.01352927
0.00060350
-0.03014664
0.00621552
-0.00066252
0.04949345
-0.05200418
-0.01887753
-0.04395533
-0.02235412
-0.00070899
-0.03217529
-0.04868950
-0.02371095
0.03762952
-0.04172812
0.00650654
-0.01090483
-0.06870426
0.01817250
-0.00674049
0.00187626
0.00449464
-0.00185675
-0.01036640
-0.05595272
-0.04215194
-0.01477040
0.00725196
-0.03247322
-0.00220860
-0.06780450
-0.12565476
-0.05556195
0.10555233
0.02408927
0.06102167
-0.01112866
0.02678797
-0.02965390
0.01041306
-0.04405142
0.12112181
-0.05020677
-0.01435074
-0.10191851
-0.06190309
0.03912240
0.03877097
0.01426068
0.11678365
0.03558945
-0.07700951
0.01131801
-0.06152999
0.03298031
-0.10415393
-0.07894887
-0.07345094
-0.11707653
-0.05503868
-0.02282956
0.00159005
-0.00508477
-0.05776640
0.05574675
-0.02094755
0.01604015
-0.02784100
0.11238405
-0.06849080
0.00961294
-0.07154046
0.05860116
-0.10850257
0.02878819
-0.04236923
-0.12037429
-0.07195841
-0.03783010
0.03287211
-0.02465340
0.06571615
-0.02095120
-0.04061493
-0.01503904
0.03217548
0.03198161
0.04851893
0.00367330
0.00083720
0.02181258
0.05710667
-0.06899791
0.01544755
0.04531262
0.03276489
-0.07215805
-0.00398126
-0.00307793
0.01043385
0.04921314
0.11483981
0.00302414
-0.02693589
0.05512596
-0.04881890
-0.07042264
0.01804924
0.04911479
0.03802588
0.04635431
0.03367430
-0.08833458
-0.03914737
0.03554873
0.03452318
0.10431336
0.04522881
0.03558625
-0.02143994
-0.04447738
0.00259120
-0.03170815
0.00977880
0.07052585
-0.04150627
-0.00778510
-0.00322867
0.01000425
-0.06740172
0.06254511
-0.01922044
-0.05423593
-0.07052604
-0.09325557
0.02457115
-0.01988259
-0.18602520
-0.03394915
0.00208287
0.00256125
-0.10717747
0.12588181
0.07941214
0.13803257
-0.01206322
0.15496744
-0.02171067
-0.07169195
-0.06589016
-0.09431825
-0.00326565
0.01548687
-0.09722309
-0.00877089
0.02812310
-0.03845383
0.06710627
-0.02001633
0.02438425
0.00638660
0.08568446
0.06450871
0.08563877
-0.03224306
0.00875751
-0.03359726
0.03786806
-0.01325744
-0.07151254
-0.08885303
-0.09878491
-0.03062386
0.02179467
-0.02667699
-0.00535197
0.03361592
-0.05971437
-0.01458466
-0.05571019
-0.00049843
-0.14208476
0.10491057
-0.02357136
0.00029340
0.01905769
-0.03258896
-0.01753360
-0.03381206
0.02193798
0.04891356
0.05176232
-0.07355367
0.00940183
0.03470530
-0.00453418
0.00448799
0.00131293
0.02025432
-0.11417646
-0.07778160
-0.07647993
-0.01167588
-0.02309341
0.01428230
-0.00867709
-0.00646644
-0.02600426
-0.04389934
0.00457021
0.01534369
0.03901538
0.01003347
-0.02145077
0.04891257
-0.08604753
-0.04718874
0.03041799
0.04939730
0.11025523
-0.05518776
-0.01766161
-0.05233632
-0.02466263
0.04432639
-0.09466450
0.06498661
0.17431618
-0.01906257
-0.02771416
0.01495852
-0.06704801
-0.01544069
0.04577090
0.04748454
0.11884836
0.01400205
-0.04234833
0.00595464
-0.05636679
-0.00854926
-0.02658476
-0.01735464
0.00934810
-0.00201568
0.01470502
0.01071460
-0.02991854
-0.05286374
-0.07068639
0.00421427
0.00416299
0.02146763
0.08106875
-0.03301824
-0.07321040
0.00599556
-0.01547787
-0.08478098
0.10284597
-0.00909630
-0.07728203
-0.00843395
0.02754866
0.04276646
-0.06569465
-0.03612995
0.03937860
-0.00090046
-0.00191666
0.02515103
0.04498493
-0.00474763
0.04461363
0.02681939
-0.08659751
-0.03574786
-0.02506498
-0.10979354
0.04887836
0.01288229
0.04761069
0.04961377
0.07323051
-0.04994293
0.04892578
0.00699140
-0.05885792
0.02955306
-0.01230513
0.01198266
-0.06048959
-0.04980486
0.00623735
-0.00286275
0.02353655
0.00819189
-0.03049764
-0.02570959
0.00824578
0.06979558
0.03748672
0.00660754
0.10513917
0.03312273
0.03421536
-0.00571391
0.08148862
-0.05492192
0.03921779
0.00004253
0.02905719
-0.03572719
-0.00839896
0.07714894
-0.02834668
0.05775777
-0.02880512
0.02631714
0.07328328
0.04789975
-0.01278660
0.03233653
-0.05138965
-0.02094427
0.07340252
0.00296127
-0.02609393
-0.03816920
-0.04325984
0.02160189
-0.02742841
-0.03183566
0.01916515
0.00541155
0.06108027
-0.03791083
-0.00943696
0.02244518
-0.01484380
0.03492050
0.00865073
0.05738247
0.00995153
-0.02867543
-0.00746930
-0.00833717
-0.06260528
-0.00819747
0.04812478
-0.05234107
-0.00352224
-0.05171286
0.02532397
-0.03122101
-0.05176872
-0.00745454
-0.05064509
0.00297144
-0.03430063
0.06510127
0.06023492
-0.01205362
-0.01107697
0.03210019
-0.05963389
-0.04918671
0.04608146
0.00789700
-0.03205943
0.03305112
0.03596976
-0.09544572
-0.04221964
0.01156840
-0.03088696
0.03696392
0.03117516
0.02676339
-0.02222374
0.05209323
0.00115663
-0.02655222
0.08582472
-0.00560192
-0.05727445
-0.07135724
-0.04517068
-0.04320370
-0.05454297
0.08547235
-0.02576604
0.03175519
0.04369641
0.04841287
-0.00875436
-0.09048580
-0.03991382
0.02949873
-0.06804476
-0.07645195
0.00934165
0.03608317
-0.03648445
-0.01825668
0.02889015
-0.02999946
0.00399811
0.05479590
-0.03178209
0.01544851
-0.09573223
0.04232014
-0.05259572
0.02084227
-0.05404224
-0.02881937
0.00987858
-0.00130496
-0.00658782
-0.02221115
0.01480249
-0.00137133
-0.09010168
-0.02651194
-0.08324609
0.03611134
-0.08177590
-0.10554858
-0.03093186
0.03433547
-0.07645782
0.04897520
-0.06091884
-0.00338695
-0.02975760
0.04062951
0.02790557
-0.00230815
-0.02366524
0.04625808
-0.03562310
0.04100492
0.09007011
-0.03349920
0.03002064
-0.01799089
-0.08536405
0.06421338
-0.06856614
-0.00117702
0.10065615
-0.03997725
0.00438115
-0.02541286
0.00781072
-0.02600881
0.02235966
0.05560208
0.03399046
0.04647518
-0.04670454
0.00125359
-0.01866153
0.04616158
-0.07891108
-0.05294006
-0.02115693
-0.01263969
-0.03894641
0.02329767
0.06931290
-0.07172112
0.01483062
-0.01337546
0.02497321
0.01644369
-0.00764384
0.02467679
0.04475115
-0.02434736
-0.02564736
-0.02951391
-0.02565708
-0.03004555
0.00176836
-0.00013302
0.00617841
0.02127928
-0.00879275
0.05620344
-0.11464990
-0.01137072
0.02005324
-0.06627203
-0.08234549
0.01509862
0.01001130
-0.08010707
-0.02194304
-0.06615014
-0.00584514
0.00770045
-0.06222880
0.04064174
-0.04552913
0.11904187
-0.04154839
0.04754709
0.04267772
-0.03305957
0.03519558
-0.02983883
-0.01136310
0.03790778
-0.03877858
-0.04698006
-0.01975180
-0.00606174
0.02012545
0.04823199
0.00388343
0.01625660
0.01452947
0.02906331
-0.01675338
0.03445796
0.03723190
0.00157406
-0.03777496
0.04526766
-0.04963667
0.00469995
-0.03326619
-0.03815885
-0.01628139
0.00103618
0.02985420
0.01936749
0.03928299
-0.00196733
0.01679614
0.02161181
-0.03117274
-0.04221828
0.04033821
0.02134470
-0.03862846
-0.04874643
-0.03372480
0.00711255
-0.03206675
0.02503436
0.00258103
-0.01869879
-0.01495831
-0.00979090
-0.03978182
0.01952186
-0.02099990
-0.00528665
0.00175408
0.03786925
0.01074207
0.06606312
-0.02484363
0.02314092
-0.00742547
-0.04319462
-0.04422902
0.02637804
-0.04874845
0.03333162
0.01743910
0.03280677
0.02604850
0.00893220
0.02576837
0.03509705
0.01169062
0.02834109
0.01278911
0.04097801
-0.02163591
-0.02046551
0.02803322
-0.04824365
0.00075975
-0.04565580
-0.02062624
-0.03439108
-0.05566054
0.01943121
-0.00727412
0.02195895
-0.01862954
0.00979242
0.04317411
-0.05336969
0.00711096
0.01860932
0.04100084
0.04716757
0.02443269
0.04587242
0.01042055
-0.03973922
0.01798204
-0.04586382
-0.01217831
-0.01196046
-0.01986430
-0.03797244
0.05021384
-0.01253267
0.03361697
0.01699786
0.03143314
0.00240385
0.00146687
0.05528036
0.00273845
0.00730745
-0.02891979
0.00433094
0.00783730
-0.01596011
-0.00681048
-0.04128909
0.03723712
-0.00467921
0.04245613
0.01748345
0.03911857
-0.04784902
-0.05103394
0.02561585
0.00704348
-0.00166231
-0.04693948
0.01723126
-0.00013956
0.03701309
0.02663218
-0.02286596
-0.03420608
-0.03293215
-0.03539096
0.01275314
-0.02204341
-0.04451163
-0.00845262
0.00976282
-0.00081047
-0.05578302
-0.02455183
0.01654764
0.02068519
-0.01674502
-0.03697775
0.03048328
-0.02187956
0.00388891
0.04295709
-0.04848657
0.03333728
-0.03495664
-0.01225470
0.03089640
0.01165660
-0.04108301
-0.02833073
-0.04494279
0.01934664
0.02797209
0.02737609
0.02455197
-0.04633505
-0.03836568
-0.04117090
-0.03360593
0.02426045
0.01312899
-0.02372541
0.02980894
0.03845258
-0.04840356
-0.01581743
0.02573463
-0.01046334
0.00509003
0.00144083
-0.00898582
-0.01012293
-0.04210981
-0.02876583
0.00088176
0.05917067
-0.03638643
0.04271639
-0.02428446
-0.04685562
-0.04557160
0.03281127
-0.00106523
0.02045681
-0.01027206
-0.03818347
-0.04429648
-0.03676630
0.00844196
-0.04392947
-0.00107224
0.05479066
-0.03559679
-0.00593590
0.03774384
-0.02320147
-0.01488049
-0.00950623
-0.01476513
-0.02997050
0.00527501
-0.01689148
-0.02208644
-0.00954899
-0.01391636
0.01409193
0.05042208
0.02091393
0.02584017
0.00354701
-0.00792960
0.03335029
0.04677851
0.01385816
0.03916198
0.03517250
-0.01856229
-0.04114289
0.01633813
0.00840008
0.04051243
0.02710733
0.01568609
-0.00377712
0.03290460
-0.02172595
0.00500654
-0.01657381
-0.05112809
-0.04590185
0.02063733
0.05357349
0.01503218
0.02671071
-0.00460387
0.04288229
-0.04603780
0.00575387
-0.03370067
0.02318944
-0.04507862
-0.02325076
0.00307612
0.02753030
-0.00730806
-0.04999962
0.01077822
0.03179439
0.03367007
-0.02506420
-0.03788996
-0.00973097
0.04607685
-0.01019968
0.04660719
-0.02369020
0.06478918
-0.00374005
0.03164300
0.02317969
-0.02347025
0.07717777
0.01464506
0.06651805
-0.01126998
-0.06244728
-0.05040526
-0.04117547
0.04481184
-0.03643376
-0.03968928
0.01201408
-0.04259450
-0.07335543
-0.13095659
0.02435304
-0.07518414
-0.01364710
-0.05428300
0.00214468
-0.07471149
0.07531319
-0.04927884
0.03720953
0.03581994
0.01960646
-0.01767061
-0.00390317
0.02892832
0.00667229
0.08446921
-0.03743473
-0.01477161
0.00785772
0.01846090
-0.00222725
0.00956787
-0.00932852
-0.01867999
0.12942207
-0.03034580
-0.04645888
0.05691515
-0.01900620
-0.11714537
-0.01610887
-0.00539654
-0.07318087
0.05822645
-0.03952756
0.03897960
0.04266668
0.04011546
0.05228267
-0.02677168
0.05706820
-0.01661381
-0.02900608
-0.05835405
0.07310294
0.04837553
0.02934682
0.07943243
0.01970922
-0.03803247
-0.03221986
0.04411882
0.04094578
0.02181011
-0.06563507
-0.10433490
0.03146274
0.06865639
0.00592895
-0.00866098
-0.00316695
-0.01237479
-0.09254593
0.00570985
-0.07520980
-0.05966453
-0.04411114
-0.04145423
0.08794229
-0.00276993
-0.05083586
-0.01667278
0.03273651
-0.00591608
0.02628898
-0.01163944
0.02746614
0.06443518
-0.05690263
-0.04478507
-0.13194945
0.05518503
-0.03520905
-0.04611593
0.01289137
0.00501636
0.07270328
-0.01299873
-0.01092707
0.01338399
-0.00831574
-0.01100534
0.05222198
0.08089518
-0.04227286
0.03377937
-0.09185198
0.03431119
0.00826896
-0.02484445
0.04630936
0.09133689
-0.01455602
-0.05209913
-0.01088696
0.09129893
0.01111774
0.06817811
0.04868446
-0.00953843
0.10691620
-0.02977122
-0.06958412
-0.10528135
0.03503490
-0.00568613
-0.01944602
-0.02592374
0.02165060
0.02833995
0.01377344
-0.03875486
-0.01562367
0.01730258
0.04621119
-0.02792060
-0.14782076
-0.09263381
-0.03049372
0.09167301
-0.05376203
-0.03268759
0.14623591
0.05384782
-0.08500764
0.06521295
-0.07409412
-0.00988296
0.01071392
0.00498005
-0.00367564
0.00217430
-0.11399498
0.00490192
0.05963195
0.02567774
-0.06184906
-0.00060068
-0.07314345
0.05736265
-0.00990592
0.01951138
0.09018583
-0.01381665
0.04930460
0.03438311
-0.07328137
0.03536877
-0.08994820
-0.04574431
-0.02718948
-0.04062824
0.04063146
-0.03428596
0.01505539
-0.00809842
0.05127765
0.02769013
-0.09414310
0.03001579
-0.04965137
0.01435543
-0.09849277
0.11347456
-0.01385155
-0.00580492
-0.05331691
0.04212563
-0.05634283
-0.01055563
-0.05235384
-0.08056965
-0.04770265
-0.02096612
-0.08823609
-0.06286817
-0.02677989
0.12259187
0.00050126
-0.11548693
-0.00389489
-0.10594641
0.06141957
0.01403896
-0.01117261
0.01737353
0.01719690
-0.11752398
-0.04047191
-0.03662989
0.03738975
-0.05408999
-0.05794145
-0.00793034
0.03785812
-0.00150369
-0.02590281
0.03283868
0.04764146
0.12283492
-0.06577906
-0.02026569
0.01310311
0.01736491
0.03903811
0.05598529
-0.05093720
-0.02752765
-0.01287339
0.02604621
-0.03068119
-0.01215630
-0.03386240
0.05320707
0.04328178
-0.01772577
-0.07149415
-0.04236951
0.00619768
0.06279442
-0.05481333
0.04892521
-0.00235925
0.02314886
-0.00126200
-0.01783773
-0.03172385
-0.00738551
0.00975427
0.04294766
-0.02098402
0.00025731
0.02580398
-0.00775984
0.01523770
-0.00296221
-0.00946450
-0.00946195
-0.05668790
-0.10563493
0.04307300
0.01477352
-0.02100074
0.05415301
0.03397588
0.03207815
0.01537909
-0.06312125
0.02273571
-0.01679453
-0.05357466
0.01592672
0.03676404
-0.00148509
-0.03467784
0.00422386
-0.02227907
-0.04794417
-0.04578002
0.00780936
0.07802881
-0.01140649
0.04093514
0.02093858
0.03644067
-0.02189664
0.05789792
-0.04012471
0.06314763
-0.04485927
-0.01421597
-0.03924343
0.05805809
0.04928736
-0.03460506
0.08503096
-0.01972444
0.00923187
0.02074646
-0.04520531
0.04277919
0.04025403
-0.01775677
0.04589536
-0.00903844
-0.07566763
-0.00464230
0.01318429
0.00563632
0.00928838
-0.03977607
-0.05115866
0.00508343
-0.05551909
-0.00599125
0.00756294
-0.00155995
-0.02657416
-0.06551003
0.06891960
0.01250963
0.07020842
0.02339804
-0.01096111
0.08062191
-0.00859837
-0.03600996
0.04616193
0.05257561
-0.00250574
0.02408011
-0.03138038
0.01218987
-0.04231123
0.01980661
-0.01510720
0.01171927
-0.02184058
0.02294954
0.01574096
0.00160711
-0.03243801
-0.03337799
0.00762236
0.04769707
0.05991664
0.08353793
-0.04242683
-0.00608105
0.02880361
-0.00015544
0.08220446
-0.00121853
-0.05130897
0.01577144
-0.01239487
-0.00499199
0.03825913
-0.04139604
-0.06926740
0.02621140
-0.03484994
-0.02026763
-0.06350590
0.02269462
0.01590478
-0.03491127
-0.04994581
0.05806507
0.05684678
0.02763703
0.00010131
0.01508944
0.05597184
0.09214371
0.03156039
-0.00490533
-0.05197598
0.04180114
-0.06829018
-0.05134358
-0.03509023
-0.00275015
-0.00393241
-0.02892412
-0.01918328
0.01272237
-0.02775967
-0.01361337
-0.04471379
-0.00921348
0.04661061
0.03307368
-0.05299305
0.02156068
-0.00979633
0.00645890
0.04247733
0.00601266
0.01660894
-0.01855785
-0.02070372
0.10556881
0.07561327
-0.03201345
0.04661855
0.06169792
0.02126789
-0.01089822
0.03290280
-0.02558968
0.00902114
-0.04031596
0.02989682
0.03704676
0.04791551
0.01815996
0.00276733
-0.09796765
0.06127264
0.01452598
0.05510645
0.00191959
0.04842327
0.02606874
0.00061902
0.05689868
0.02794878
-0.04483444
-0.01424164
-0.00212367
-0.02508382
-0.01428264
0.03402282
-0.00311524
-0.06033060
0.05739085
-0.01355142
0.03153592
0.08397774
0.01777934
0.04523362
0.02099747
0.02810967
-0.01395045
-0.01505337
-0.00865973
-0.04163881
0.06172883
0.07929404
-0.01640724
0.00850831
-0.02325829
-0.02771511
-0.00354828
-0.02365251
-0.05274082
-0.04532616
-0.03229282
0.01930457
-0.01187720
-0.06040547
0.05802291
0.08300097
-0.05248394
0.04574081
-0.05114011
0.03044693
-0.04959245
-0.03728522
-0.03588269
0.00285909
-0.00332734
0.01451626
0.04760909
-0.06943748
0.03494490
-0.07566131
0.01272487
-0.03761692
0.01764388
-0.08883984
-0.00601108
-0.01375146
0.02261654
-0.00821072
-0.01108277
-0.01500563
-0.03024341
-0.00405138
0.00823276
0.01181020
-0.07157552
0.00337650
-0.01709911
-0.05910647
-0.00760763
-0.00841909
-0.07914585
-0.04327131
0.04074590
0.03526386
0.01786623
0.02355751
0.00649583
0.00208221
0.01741462
-0.02865468
-0.01435330
-0.00962129
-0.03246008
0.04447298
0.02982431
-0.02027936
-0.03118192
0.02888020
0.02217589
0.00697458
0.01490664
-0.01092826
0.01811429
-0.03738050
0.04437206
-0.04618471
0.04531296
-0.04701306
0.04214252
0.03892100
0.01202094
0.02622060
0.02419219
-0.00629653
0.03707214
-0.01424191
0.02267993
0.03106154
0.00711121
0.01640418
-0.03604301
0.00185774
-0.00851147
-0.03766692
-0.03634776
0.01089967
0.04733204
-0.02101040
-0.01948281
-0.02521547
-0.01006678
0.02070307
-0.00854484
-0.04507257
0.00327036
0.00645659
-0.03457895
0.02764316
-0.03907184
-0.00819800
-0.02503069
-0.00900801
-0.04155682
-0.00979915
-0.03319803
-0.00584079
-0.02168491
-0.00976057
-0.00435548
-0.02538047
-0.01718807
-0.01425177
-0.02485639
0.04620210
-0.03622980
0.03559867
0.01890942
-0.00915996
0.01448782
-0.04174566
0.00731948
0.00799451
-0.03452268
-0.03145909
0.03155768
0.02767530
0.03056855
-0.02007520
0.00271522
0.01275954
-0.04969375
-0.03079185
-0.04237929
0.04916098
-0.01543315
-0.02800750
0.03282174
-0.04138114
-0.03859459
-0.00253423
0.00248818
-0.00471968
0.03591807
0.00047996
-0.04470412
-0.00211724
0.04141188
-0.04909192
0.04378612
0.01701185
0.02811374
-0.02161256
-0.00665282
0.03236160
-0.01228779
0.00391270
0.04326678
0.00323781
-0.02482379
0.02880384
0.02190305
-0.03813272
0.04527400
-0.02114130
-0.02177433
0.02920011
0.04619958
-0.01752513
0.04799281
-0.02168033
0.00592720
0.00825315
-0.01545329
0.02135159
-0.04041488
-0.03014146
0.02150539
-0.04524983
0.01758802
-0.03798047
0.02548865
-0.03730540
0.01732717
-0.00815187
0.00768593
-0.00872902
-0.02642586
-0.00075331
-0.02462399
-0.04147328
0.02564884
0.00096240
-0.01634607
0.01071891
-0.01592845
0.03409979
0.03533300
0.01791457
0.03425556
-0.01514094
-0.02823691
0.02944167
-0.00310120
0.02643965
0.00070487
-0.01591635
-0.01572408
0.02645551
-0.04377090
-0.04071989
0.04280881
0.00031978
-0.01435472
-0.02548982
0.00415051
-0.03163294
-0.02728396
-0.05007475
-0.03656669
-0.02237847
-0.01014558
-0.01169823
0.00590716
-0.02511231
0.04221747
0.02734594
0.04295943
0.03901658
-0.00824935
-0.03843651
-0.03363791
0.04003963
-0.02911375
0.03206099
0.04859524
0.03885068
-0.04841067
-0.02229342
-0.00305894
0.00734006
-0.04455663
-0.00678680
-0.04301037
0.00866599
0.04416752
-0.00596364
0.04832417
-0.03789396
0.00119579
0.00058031
-0.00782442
0.03456871
-0.04538127
-0.01609120
-0.04411934
-0.04148848
0.00814847
-0.02625163
0.03882280
-0.02647879
0.03926179
-0.03852386
-0.00411225
0.02876161
-0.02337060
0.03136883
0.02942749
-0.04963218
0.01439259
-0.02120831
-0.03312229
-0.03229166
-0.01376026
0.03005164
-0.04604478
-0.03064166
0.01881165
-0.03909314
0.02427566
-0.04613198
-0.04259238
-0.02195369
-0.02418748
0.00255220
-0.04624888
-0.01361197
-0.02756035
0.02519283
-0.02613120
-0.02542065
0.02656467
0.01018847
0.00857516
0.00360281
0.03956374
0.03755324
-0.00150825
-0.04425738
0.04612591
0.04478051
-0.04734720
0.01636020
-0.01792618
-0.02704891
-0.04490581
0.03901674
0.02551173
-0.01706543
-0.03411093
-0.01211999
0.01046347
0.02155548
-0.05028719
0.03459549
-0.02618341
0.02707308
0.02590313
-0.00601182
0.01507513
-0.00214180
-0.03233069
0.02481260
0.04789967
-0.00840059
0.03000505
-0.04351704
0.00949776
-0.01904472
-0.01957824
-0.02792544
0.03529795
-0.00680726
-0.03459875
-0.00231318
0.01921883
0.02816094
-0.03535298
-0.04556868
0.02734339
0.03131239
-0.03001637
0.03337780
-0.00139996
0.03490177
-0.04648663
-0.03948918
-0.00068605
-0.02685297
-0.02780103
0.00471673
0.03829929
0.01085118
0.03781703
0.00445045
-0.03020659
-0.00221245
-0.02109647
0.01764381
-0.01478738
0.03944127
-0.00792938
0.04411646
0.03121583
0.04746586
-0.00591223
-0.02310753
-0.00536827
0.01265572
-0.03719904
-0.01880495
-0.04807853
0.01782331
-0.04912807
-0.00308565
-0.03575939
-0.04497635
-0.04222722
-0.01726786
-0.04639381
-0.02038712
-0.05026496
-0.04414275
0.04651043
0.01670795
0.02580137
0.00742128
0.00344602
-0.03356079
0.04923510
-0.01770511
0.04227285
0.00114676
0.00618381
0.05153678
-0.00974285
-0.03469740
0.02026970
0.02537850
0.02265528
0.01284279
-0.04895768
-0.02117855
0.03192226
0.01258370
-0.02834317
0.02602963
0.01541690
-0.03387421
-0.03801034
0.03425397
0.03408802
-0.04771200
0.03120019
-0.03226686
-0.01824050
0.02126128
-0.00413910
-0.01483280
-0.00443819
0.00169717
0.02116442
-0.02440422
-0.03577738
0.04406613
-0.03455922
0.01593270
-0.01099518
0.03364490
-0.01223803
0.00929804
0.00773421
0.00685068
0.02318147
-0.00658522
-0.01592172
0.02265961
0.03312191
0.02233026
-0.00364092
-0.02855762
-0.00204493
-0.02999896
-0.03216502
-0.00930952
-0.04598014
0.02936957
-0.05179022
-0.00417085
0.02633350
-0.05244616
0.01762997
0.01442629
0.02654996
0.03208624
-0.01268767
-0.04004949
-0.02969924
-0.03873754
0.02460978
-0.05278187
-0.01905096
0.03114983
-0.03906332
-0.01955754
-0.04388722
0.03072848
-0.02782665
0.02663775
0.00541320
0.01465944
0.01201507
-0.02597025
0.02075710
0.02971248
-0.02048472
-0.04044808
0.02404292
0.02889751
0.02589568
0.03213961
0.01380883
0.00207392
-0.02081493
0.03408280
-0.03077650
0.01342251
-0.03823871
-0.01014353
0.00175992
0.03612759
-0.03942395
-0.01095206
-0.03103974
-0.04481861
-0.02633901
-0.03949895
-0.04379569
-0.00641717
0.01869865
-0.03389761
-0.04983507
0.00343977
-0.01517899
-0.03829347
0.01309309
-0.04007135
0.04438994
0.04232801
-0.00694850
0.01388060
0.02226747
-0.00473178
-0.03107852
0.01043229
0.00958878
-0.00602363
0.04854542
0.02107940
0.03682226
-0.00561596
-0.00163620
-0.02694257
-0.01185656
0.04637022
-0.03289690
-0.03356133
0.03370328
0.04773308
0.00956501
0.03580346
-0.04677969
0.01807092
-0.02473767
-0.02674017
-0.03640137
-0.02910013
-0.03629128
-0.04694057
-0.01052006
-0.00514969
-0.03523042
-0.03143507
-0.01189429
0.04357509
0.02093484
-0.01287125
-0.04182365
0.00159126
0.04074671
0.02615822
-0.01663347
0.03822581
0.04156658
-0.02171787
-0.03246342
0.01147673
0.01116781
0.02161444
-0.04320564
0.00763538
-0.04879133
-0.02111459
-0.00826285
0.02035159
0.05767910
0.02840642
-0.01318037
0.05423148
0.00589442
0.11693221
-0.01971769
0.02712070
-0.02938890
-0.01118269
0.03636844
-0.01690380
-0.03609899
-0.03256310
0.02021069
-0.03754123
-0.02269674
-0.11694662
0.05666046
-0.02803009
0.02139261
-0.00407850
-0.01607248
-0.03373373
-0.01532840
0.03836025
-0.05942497
0.02465963
-0.00171845
0.00566242
0.11237830
0.01155849
0.04925246
-0.01021854
-0.00480703
-0.03788384
0.00978132
0.04506226
0.08003343
0.00615495
0.00017769
-0.02650774
-0.03911326
0.04302494
0.00015824
0.06261046
0.00924069
0.04813107
0.03605986
0.01077605
-0.02992492
-0.10103247
0.13395159
-0.04304228
-0.08234971
-0.02107849
-0.09020710
0.01693385
0.01171845
-0.00520344
-0.05816987
0.03299116
0.05409394
0.06483702
0.02006610
-0.00076561
0.07509936
0.02868800
0.03118839
0.05061581
0.04311130
-0.01791001
0.00597495
0.08589476
0.01046895
-0.01844054
0.02145514
0.02192399
-0.00944334
-0.05144198
0.02580529
0.00607172
-0.03756310
0.00445393
-0.02773268
0.05338671
-0.00661698
-0.01949673
0.00925549
0.11436426
0.03938009
-0.02298839
-0.00870933
-0.05690435
0.06305110
0.01897720
0.04554724
-0.01737721
0.02025496
-0.07635514
-0.00126802
0.00094893
-0.00851108
-0.00471000
0.03214114
0.00946178
0.00207168
-0.02443954
-0.03238493
0.01301959
-0.05329017
0.04955107
0.10168189
0.00839274
-0.01679295
0.04826143
0.07893064
0.03320694
-0.01414564
0.02978530
0.08891745
0.03931936
0.01133884
0.06269196
0.00056718
-0.08677138
-0.03435745
0.00429116
0.00800278
0.05277037
-0.07992127
0.04210891
-0.01394168
0.09294730
0.03262914
0.04261610
-0.00895337
0.04273970
-0.03805484
-0.07075626
-0.01539966
0.15768304
-0.04646131
0.05801795
0.00798301
-0.08574454
-0.08139640
0.02290327
-0.04832863
-0.02920544
0.01134603
-0.01412455
-0.01275067
0.13714533
-0.13757092
-0.06442214
-0.02077498
-0.00684102
0.00393366
0.03497791
0.01805716
0.02067568
0.02501169
0.04237720
0.05596208
-0.07438508
0.01899650
0.05567461
-0.02353083
-0.02677244
0.00824949
0.02493491
0.04458293
0.00577210
-0.01366992
-0.00567639
0.03011683
0.01944517
0.09560343
-0.01833919
-0.03593408
0.02474718
0.00249549
0.04321695
-0.00726262
0.09872856
0.04001039
-0.00297805
0.01363711
0.01542277
-0.01487506
0.01298899
0.00500197
-0.08611425
0.02176385
0.04653483
-0.05449532
-0.00874237
-0.00492498
-0.00752382
-0.07183753
-0.08004721
-0.07702146
-0.01726090
0.05020625
0.10215549
0.05348244
0.04257078
-0.02789115
-0.04831617
-0.09214397
-0.01538463
0.01177984
0.01665182
-0.06075363
0.00748329
-0.00616402
0.05267419
-0.07777515
0.02132303
-0.03498043
0.01161373
-0.07955274
-0.05369158
-0.01331925
0.04292951
-0.04679248
0.02868268
0.00240710
-0.01400117
-0.05092246
0.04477554
0.04897764
0.05301070
-0.02663661
-0.02457988
-0.02179158
-0.00067497
0.01593746
0.00145437
0.05472638
0.04300223
-0.08835209
-0.08321337
-0.01345286
0.03966092
0.03594034
-0.02540014
0.03319063
0.03847487
0.03902707
0.03774435
-0.02007946
0.04108167
0.01899339
0.02428000
-0.03382909
0.02068135
0.03873937
0.02791575
0.02212418
0.01604920
0.04127648
0.02440092
0.02339016
-0.03667140
0.00254156
-0.00198196
0.02609127
-0.01356523
-0.02035711
0.01586163
-0.00559306
-0.03444065
-0.03762608
-0.04362182
-0.03013162
0.01884516
0.03773730
-0.00139215
-0.02922654
0.00367036
0.05901256
-0.04254179
-0.02826319
0.00554861
-0.00819557
0.00816266
0.01373831
-0.02462561
0.01363749
0.04225541
0.00833742
0.01350592
0.03475694
-0.02647845
-0.01025889
-0.01572139
-0.03533247
-0.01921541
-0.00897025
0.04965890
0.03991112
-0.00406785
0.02583763
-0.04911098
0.02865498
0.01546968
-0.03699532
0.03543686
-0.00270725
0.00005588
0.05127196
0.04092785
-0.02539621
0.01763844
0.02766668
-0.01353087
-0.02547341
-0.04628405
0.03403571
-0.04563665
-0.03507624
0.03089658
0.03095034
-0.03862415
0.03644527
0.02221391
-0.02974824
0.01633269
-0.00521593
0.00439280
0.01689843
0.00959404
0.02005688
-0.01115951
0.01143284
0.00035829
-0.02687529
-0.01757271
0.01448963
0.04528901
0.00811803
-0.03826708
-0.04237588
0.04463441
0.00811381
0.01575173
0.02791263
-0.03933784
-0.04218885
0.02105299
-0.02273938
-0.04401063
-0.01495939
-0.03054889
0.04636127
-0.02045912
-0.02604289
-0.02443494
-0.04628078
-0.04773974
-0.01943495
0.00639445
0.05252689
0.00314341
0.02027759
-0.02135353
0.02902310
-0.04363231
0.00879391
-0.01787611
0.00095649
-0.04491012
-0.04735423
-0.03960571
-0.02305504
-0.03140442
0.04480175
-0.00836422
-0.00434864
-0.00964232
-0.02473941
0.00103682
0.03667616
-0.00621806
-0.03095865
-0.04698280
-0.04612617
0.02420424
-0.04236767
-0.02985569
-0.01136997
0.04043914
-0.03555899
-0.00997131
-0.04105664
0.03613569
-0.04027559
-0.04295903
0.00295338
-0.01062042
0.00961412
0.02574450
0.00208898
0.02954998
-0.01474848
-0.04728919
0.00726172
-0.04646264
-0.01071393
0.05520527
-0.04798237
0.01209055
0.02325988
0.03656222
0.03666208
-0.03929485
-0.03917585
-0.01355307
-0.01693200
0.01184542
-0.03622305
-0.04264057
0.03208641
0.00304378
-0.04104134
0.03242344
-0.03935059
0.02747268
0.04782405
0.00655753
0.01527664
-0.00144609
-0.00282283
-0.02898544
-0.04142845
-0.04323184
0.02279451
-0.03968219
-0.03069946
0.00752802
0.00491436
-0.03464634
-0.00518832
0.03231278
-0.03318894
0.00073201
-0.02413220
-0.02868954
0.04254028
-0.00780104
-0.02507021
0.00569855
0.02713700
-0.04095848
0.05003515
-0.00992818
-0.02256528
-0.01994904
-0.03211801
-0.02546218
-0.01633156
-0.00912181
0.03173036
0.01185757
-0.03738191
-0.03208592
0.04393977
-0.03408290
0.03021406
0.03827417
-0.03132948
-0.02783009
-0.02937358
0.01438294
-0.00837467
-0.05712799
-0.02628981
-0.02251250
-0.04514007
0.00212688
0.04355897
-0.04012126
0.01472767
-0.01139350
-0.03331611
-0.02392149
-0.01694991
-0.04789322
0.04436261
0.02208334
-0.04329902
-0.03992037
0.02582835
0.02542355
0.00135802
0.03607401
-0.03791553
0.01637220
-0.04610506
-0.03459429
0.03710948
-0.02404886
-0.00183471
0.05248128
0.02828405
-0.03764462
-0.04056487
-0.04584140
-0.03083065
-0.00259574
0.02160207
0.03912710
0.01020958
-0.00412354
0.02122764
0.04151206
0.04621885
-0.03770282
0.04815098
-0.01750762
-0.00581106
-0.05826336
-0.01703398
0.03065526
-0.06614210
-0.08245436
0.00672820
-0.11154237
-0.06856299
-0.03193222
-0.04463997
0.00909391
0.04685354
-0.02413996
0.02170820
0.00946846
-0.06209923
0.12902312
0.03519743
-0.03901538
0.00703423
0.03307168
-0.03374894
-0.02166958
0.03053640
0.02689240
0.00935851
-0.06062474
0.01541108
0.01060243
-0.02841229
0.05905339
0.00027346
0.00122242
-0.01453511
-0.01736866
0.06670493
0.06979927
0.04148179
0.03054636
-0.07128801
0.06916700
0.02056845
-0.00692430
-0.00534826
0.04946416
0.06856790
-0.08892801
-0.00620142
0.04249124
-0.00964438
-0.02597626
-0.00134819
-0.04504333
0.07137592
0.11769892
-0.06490420
-0.02984605
0.01748712
-0.00987824
-0.03261579
-0.00766367
-0.05467971
0.03749629
-0.06607158
-0.07142126
-0.02509839
-0.02550467
-0.06171696
0.00953984
0.05023553
-0.03651590
-0.04284885
0.06323514
0.02750944
0.03466434
-0.01141648
-0.03596539
0.02569882
-0.02405109
-0.06634589
-0.06176811
-0.04498460
0.05892164
-0.05662617
0.06420200
-0.01828001
-0.00884257
0.05637445
0.05006253
-0.04679036
-0.01249991
-0.04231372
-0.04043086
0.01472550
-0.03525960
0.03028795
-0.08075128
-0.02267260
0.08816458
-0.00564835
-0.01200073
0.00004766
-0.02579257
-0.09900920
-0.04787602
-0.03648175
0.10819586
-0.00825216
0.03926479
0.03725554
-0.04258166
0.00861031
-0.00031462
0.01256517
-0.05044114
-0.02757853
-0.09391641
0.00750730
-0.06228171
-0.03864406
-0.07003406
-0.05015792
-0.05130694
-0.05852526
0.03955611
0.03012816
-0.00713488
0.00429151
0.00420004
-0.00907701
-0.02063117
-0.02055328
-0.00838460
0.00446035
0.04154227
0.01690678
-0.01348535
0.05084946
0.03285646
-0.04144758
0.03199862
0.04409587
0.05771575
0.01761384
0.07483073
-0.01990758
0.01804808
-0.03466396
-0.03961829
0.01982682
-0.05305961
-0.00063576
0.12624373
0.05535545
-0.02663477
-0.03492793
-0.03730440
-0.02139149
0.03023703
0.00597624
-0.02181637
0.06120267
-0.06733823
0.03351136
0.00291388
0.02480056
-0.02860940
0.01083783
0.04007305
0.01713672
-0.00488333
-0.03529389
-0.02318595
0.01185244
0.01589428
0.01829139
-0.01316449
0.04491001
-0.02797775
0.00005158
0.03221814
-0.02873787
-0.04228911
0.04163864
0.02770395
0.02295414
-0.02508383
0.05341105
-0.00145938
0.00598734
-0.07118543
0.05286338
0.04681854
-0.00792669
0.08456541
-0.02020195
0.02977924
0.08091927
-0.03537289
0.05648859
-0.03042899
-0.00674498
-0.07470313
-0.02325068
0.02358237
-0.02225605
-0.03580254
0.00502558
0.04795318
0.00874553
0.00679286
0.05686805
-0.10702407
-0.04901886
0.07714459
-0.01538531
0.06333035
0.03004838
-0.06288478
-0.00446834
0.01093897
-0.07546116
0.01145848
-0.03419119
0.05820815
0.00049301
0.00791642
0.00582710
-0.04799759
0.02005346
-0.01807922
0.06911168
0.02315047
0.05561971
-0.00700941
0.04429523
-0.04775214
0.03704612
-0.01152067
-0.00810031
-0.03111785
0.03394658
-0.02992139
0.04667254
0.00505780
-0.06281735
0.00348007
0.05440196
0.03517440
0.06908493
-0.10604696
-0.09400762
0.06783964
-0.00151829
-0.03955280
-0.01970465
0.00823586
-0.03262520
-0.03667417
0.01950872
0.02138497
-0.02527680
0.01558836
-0.01836232
0.03192603
0.08761641
0.00313678
0.03644871
0.03490324
0.07577290
-0.00889008
0.06843191
0.00466117
0.01051065
0.03625746
-0.09220264
-0.00843014
-0.12876546
0.04114477
-0.01355723
0.03400774
-0.07823206
-0.01403413
-0.07203876
0.04714382
0.06016321
-0.04655188
-0.00096840
0.06286657
-0.04042199
-0.00031472
-0.10166468
-0.03161701
-0.00443622
-0.10290939
-0.02772568
-0.00485892
-0.10806916
-0.00791459
0.09033553
0.06793751
0.00910807
-0.02810659
0.02630731
-0.03498928
0.04271105
0.00753915
0.02406886
0.01926087
0.03169470
-0.09822226
-0.01005101
-0.04476886
0.01925299
-0.06538637
-0.01927467
0.03526732
0.08362430
-0.00230176
0.02458995
-0.08460237
-0.01864523
0.01064794
-0.00971720
0.03353887
-0.01406754
0.05727297
0.02275847
-0.03723973
-0.05564322
0.06786741
-0.02640715
0.05726222
-0.06762034
-0.00395590
-0.02206222
0.00543047
0.00032481
-0.01787081
0.00115010
-0.04688416
-0.02300882
0.01377578
0.03012903
0.05314200
-0.06619944
0.00134184
0.02759282
0.09534294
0.02820292
-0.01298830
0.04476970
0.01183017
0.08067665
-0.06276140
0.05979361
0.09344821
-0.00607161
0.09947418
0.05688378
0.00800897
0.01206213
-0.08971797
-0.02036528
0.10629873
0.01768383
-0.03180690
-0.03377744
-0.03398900
0.02088987
0.10600729
0.09108006
0.01669000
0.02356361
-0.10162538
-0.02179346
0.06729426
0.04630998
0.03433041
0.03036360
0.04603826
-0.03032566
0.02023073
0.01015769
0.10285664
0.00262650
0.01633430
-0.01782296
0.02514080
-0.04758967
0.05900165
0.02708638
0.06734575
-0.01087455
0.01226035
-0.07958975
0.05393949
-0.02020388
0.02124846
0.02452776
0.03877629
0.06303325
0.00124242
0.00775417
0.04089157
-0.08236431
0.03145814
-0.03101196
0.07316166
0.00374564
-0.00279048
0.09664446
0.06140969
-0.02777837
-0.02235807
-0.09605209
-0.01099602
-0.03304620
0.08888242
-0.03092799
-0.00813429
0.00187564
0.05182989
-0.04657162
-0.05814376
0.00816146
-0.00834343
-0.03436364
0.01130477
-0.06017501
-0.00705408
0.06148909
-0.04772177
-0.03252190
0.01256505
-0.04527269
0.01672772
0.05674336
0.08691408
-0.03995690
0.01762764
-0.08590058
-0.07014116
-0.01092882
0.01591887
0.01065741
0.00988732
0.01239211
0.11672080
0.02070101
0.00341917
-0.03021702
0.01743980
0.01459345
0.06973903
0.01326841
0.00389542
-0.00024678
-0.00834453
0.01769830
-0.00299931
0.06751480
0.04919453
-0.02532776
0.01190862
-0.00782938
0.04271957
-0.02235454
0.16898187
0.04631996
0.02975987
0.00404486
0.01633573
0.05443738
0.02310272
0.06115679
0.03376329
-0.05498381
-0.04702418
-0.04077318
-0.00939272
0.01553398
-0.02772545
-0.03990864
-0.00010523
-0.08226670
-0.00676308
0.03433384
0.04760245
0.03118895
-0.03459072
-0.03444595
-0.01788138
0.04381202
0.09409457
-0.07893252
0.02131590
0.03466892
0.01436774
0.05520274
0.04180884
-0.02359296
0.03465930
-0.03912287
0.01056880
0.05178285
-0.06927462
-0.03638120
-0.01963224
0.02314934
-0.00504109
0.02925318
0.04205701
-0.04250961
-0.04029906
0.05799007
0.01742537
0.02169943
0.15812425
0.00946944
-0.03367946
-0.02880363
0.01683385
0.02942168
0.00261788
-0.01128243
-0.00410109
0.09472131
-0.00837862
-0.02576694
0.00387996
0.00627343
0.01404772
0.03704912
0.00922327
0.03756222
0.00363230
0.07245758
0.11111426
-0.01948289
0.00678248
0.02885477
0.03349693
0.09694903
-0.05797730
-0.02803058
0.02555843
-0.05394315
-0.03370142
0.03658824
0.02732818
-0.02203559
-0.03318680
-0.03650596
0.06961092
0.00130976
0.02295494
-0.02366399
0.06156050
0.03136352
-0.06167575
0.08866172
0.00230724
0.02222211
0.03578817
0.02278619
0.00716322
-0.05120591
0.01754401
-0.00354550
0.00975373
0.04159627
-0.01916853
0.03851198
0.00477599
-0.00317160
-0.01075009
-0.00568605
0.03548666
0.04172338
0.08533249
-0.05336112
0.03505531
0.02377999
-0.02620790
-0.00379340
-0.03654929
0.06715247
0.09981594
-0.09404793
-0.02607660
0.01188114
0.03382597
0.09702535
-0.07115094
0.03858773
-0.01814852
-0.03133479
0.06498323
-0.04545036
0.04495002
0.04248769
0.07713631
0.02289305
0.00468107
0.03884617
-0.00997292
-0.00541390
-0.01482609
0.02453697
0.02635325
-0.02892775
-0.04013288
-0.04101252
0.07180231
0.05936948
0.00109327
0.07373323
-0.04970505
0.04635276
-0.03087481
0.02975304
-0.01560783
-0.00719995
0.09105074
-0.00500933
0.05011288
0.11520630
0.10947734
-0.01942050
0.08252425
-0.04534888
-0.04910817
0.00025281
0.03466095
0.06246830
-0.00303488
-0.03380809
0.04011383
-0.00109862
-0.02572312
0.02747813
-0.04157599
0.04242542
0.04096420
0.03388564
0.01350099
0.00721800
-0.00447175
-0.02060201
-0.00078496
0.03102476
-0.01276297
0.02046814
-0.07416829
-0.02443820
-0.04790456
-0.04082926
0.04243464
0.05245760
-0.04115009
-0.04733599
0.01513729
-0.00768379
0.02125862
-0.07311206
0.09979571
-0.04938112
-0.03230507
-0.02245918
-0.01332637
0.01027964
0.03690973
0.01054143
0.07639780
0.03107571
0.01172096
0.02468086
-0.00875102
-0.06099975
0.05741131
-0.01947955
0.03760093
-0.02815545
-0.03300545
0.04115848
0.07279957
0.01315453
0.01243590
0.00622466
-0.01535629
0.10265572
0.03921192
0.02523341
0.02570331
0.05182136
0.00228102
-0.06103615
0.03720149
0.03689685
-0.00987130
0.09143244
-0.00193825
-0.03418583
-0.01557175
-0.02141764
-0.04921347
-0.04379191
0.05210633
-0.02196052
0.06370217
-0.03094827
0.02815988
-0.02206027
0.09356660
-0.03375070
-0.04935796
0.07331860
-0.01123715
0.00584167
-0.04404403
-0.04875967
-0.04149936
0.01920800
0.00828969
0.04500230
0.00783087
-0.00305546
0.01735354
-0.02243680
-0.00008330
-0.02730409
-0.02931388
0.03953340
-0.05276476
0.07473214
0.01048388
0.00544103
-0.03703048
-0.10495987
-0.02506698
-0.01895870
-0.02156969
-0.01006853
-0.02713863
0.02239348
-0.03219415
-0.00807444
0.01895874
0.06603099
-0.07560581
-0.08701582
-0.03848364
0.01937263
0.00581882
0.00035641
-0.02992993
0.04343376
0.03586546
0.01947010
-0.03690532
-0.04005780
0.02222839
0.05722190
-0.00673880
0.01657674
-0.03440295
-0.03372432
-0.04124153
-0.02369909
0.01253378
-0.00059197
-0.02899949
0.04885432
-0.03184989
-0.03498952
-0.02752969
0.02015096
-0.01072387
-0.01897802
-0.02237831
0.03030576
0.04028157
0.02219274
0.04347753
0.05596337
-0.00175525
-0.04422989
-0.00912351
-0.01394735
0.02227898
-0.00392947
-0.00325803
0.03691756
-0.00917835
0.02939483
0.02409076
0.03636440
0.00156698
-0.04896775
-0.03475550
-0.02330386
0.01289486
0.00997175
-0.03980791
-0.02255416
0.01944884
0.03755265
-0.04237872
-0.04287523
-0.01699376
-0.02857881
-0.04230002
-0.03123602
-0.03109649
0.01857506
-0.01447786
0.02334127
-0.01739200
-0.03503975
-0.01663425
-0.01265598
0.03109779
0.03991709
-0.03826668
-0.04420686
-0.01452887
-0.00645888
-0.02617832
0.02214998
-0.01764666
0.02153678
0.01678663
0.02964625
-0.03993152
0.02721073
-0.02646310
-0.02206901
-0.01808566
-0.03724583
0.05056633
-0.04019490
-0.00276282
-0.03689341
0.04454051
-0.00662282
0.03491257
-0.01631148
0.01279305
-0.04443173
-0.02742174
-0.02771607
0.00753509
-0.01076474
-0.03691719
-0.03794833
-0.00497415
0.02287474
-0.01886358
0.03887603
-0.03619742
0.00003082
-0.04537641
0.00469888
0.03119314
0.04501092
-0.00905562
-0.01587635
0.04124411
-0.03820704
-0.04592359
0.00565686
-0.03930990
-0.03949828
-0.01191940
0.00853311
-0.03728663
-0.03007434
-0.04109106
0.00895756
-0.03463302
0.01968367
-0.05315378
-0.03661407
0.00635300
0.02169074
-0.04329076
-0.03436620
0.02206037
-0.03147251
0.03846980
-0.05042297
0.00467853
0.01776159
-0.01960068
-0.03218345
0.01326943
-0.00836952
-0.01722125
0.00220489
0.02963183
0.03734368
-0.03946463
-0.04163511
0.04088717
0.00443985
0.04790854
0.02470062
-0.01065465
0.02908451
0.00245529
0.02631814
-0.03682841
-0.01864678
-0.04540327
0.03543075
0.02500649
-0.00917270
0.00019146
-0.01356920
0.02007802
-0.02233183
0.04435653
0.02909446
-0.00063753
0.04769823
0.04613939
0.01592018
0.00964042
0.03898965
-0.03064774
0.05131560
-0.03265054
0.01300637
0.04968463
0.02386399
-0.02990997
0.02668918
0.00406554
-0.03463557
-0.01319999
-0.02800376
0.03254794
-0.01314362
0.04357246
0.01366359
-0.02600946
-0.03318381
0.00809680
-0.02930555
0.04943020
0.03880191
0.01148108
0.01619645
0.04120711
0.02292377
0.01715628
0.01724811
0.03193532
0.03316085
-0.04876930
-0.03003750
-0.02905488
0.01262034
-0.00859924
0.00778230
0.00052612
0.01584900
0.03022482
-0.03722494
0.02205555
0.00267098
-0.02972457
-0.02901734
0.03817384
0.03999281
-0.03506791
0.00911105
0.05193126
-0.03054518
-0.04068143
0.03871030
-0.04077703
-0.03975359
0.04136093
0.00404313
-0.00236154
-0.00079141
0.03546538
-0.03883613
0.01054909
0.00700029
-0.04381644
0.04315460
0.00108755
0.02481838
-0.01102994
-0.02885193
0.00671934
0.03085544
0.04905482
-0.03615922
-0.00554199
-0.03984695
0.03654817
-0.01406545
-0.02199746
0.02314423
-0.02345390
-0.02515625
0.04550292
-0.02440492
-0.00117499
-0.03012831
0.04523325
-0.04154668
-0.03359890
-0.00559740
-0.00511466
-0.04713457
0.03378922
-0.03301469
0.00575493
-0.01042024
-0.01764750
-0.02201874
-0.05190447
-0.01763933
-0.01182158
0.03767745
0.02133670
0.00647624
-0.01028817
0.04559293
-0.00308920
0.03270202
0.02682144
-0.04175700
0.01445370
-0.03389350
-0.01297198
0.03914571
-0.04915555
-0.00195437
-0.00041943
0.03836538
-0.02807751
-0.04414967
0.00174432
-0.03476499
-0.05268167
-0.00955708
-0.01823575
0.02372982
-0.05583675
-0.03689049
0.02764178
-0.04996564
-0.03801314
-0.05013841
0.03614068
-0.02272992
-0.04018061
-0.00502733
-0.00632619
-0.00541875
0.02629817
-0.03792563
-0.03675660
0.03356131
-0.04263096
0.01958522
-0.00067776
0.03586148
0.02714555
0.02925801
-0.01625629
0.00827342
0.00960185
0.00441315
-0.04565007
0.03446520
-0.03947469
0.02357696
-0.04409183
-0.04203358
0.01223308
0.01016626
-0.00681635
0.00911031
-0.02009323
-0.03292359
-0.02703482
0.03076924
-0.04594670
0.02398990
0.00953907
-0.04886232
0.01596331
-0.03291078
-0.03909266
-0.00881323
-0.01614796
0.00900933
0.03060870
0.03772250
0.01127379
0.00817889
0.00869858
-0.04154878
-0.01253897
-0.03881282
0.03331542
-0.00201510
-0.01717784
0.01736995
0.03230669
0.01776953
-0.04410727
0.03786442
0.02021930
0.00109144
-0.03709630
0.01907889
0.02655900
-0.00721675
-0.03954916
-0.04968654
0.03269671
0.03462433
0.02933336
0.04564811
0.03892315
-0.02928093
0.01810562
-0.01797139
0.03864211
0.01196669
-0.01876635
-0.01130858
0.01953376
0.02907734
-0.01856685
0.04124937
0.03748386
0.03858280
0.02684520
0.01808006
-0.03603607
-0.01034920
0.01847486
-0.04192087
0.02047815
0.02568286
0.02456019
0.02599915
-0.02070177
0.03116887
-0.01770804
-0.01394797
0.01341534
-0.02012308
-0.02995486
0.01299588
0.00702203
-0.02138196
0.02111834
-0.04574673
-0.03634480
0.01953867
0.01737619
0.04400625
-0.00898953
0.01876942
-0.00208773
0.03147987
-0.00502735
0.01820731
-0.04774606
-0.00680142
-0.00585727
-0.00655834
0.03733450
-0.01915992
0.03432498
-0.04188569
0.01678337
-0.03068863
-0.01960871
0.03850973
0.01066578
-0.04860540
0.04012147
0.03728465
0.01485385
-0.01497608
-0.02606101
0.03976371
-0.01055168
0.00716999
0.01662954
0.03178759
-0.00121542
-0.02882610
-0.02632970
-0.04608023
-0.02486983
-0.02974693
-0.00080249
0.02939315
-0.01363445
-0.03733049
0.02096695
-0.03582949
0.00215817
-0.04430538
0.01644730
0.01027026
-0.01238326
-0.03068015
-0.01262187
-0.03273165
-0.04613858
0.00361848
0.03268942
0.00383986
-0.02406105
-0.00883993
-0.04674528
0.04254884
-0.02388290
-0.03613072
0.04422152
-0.04125401
-0.04114434
-0.04796958
0.00888372
0.00752816
0.02266508
0.04631082
0.02027259
0.03083699
-0.01939998
-0.03035972
-0.03886425
0.02569745
0.03255761
-0.01380319
-0.00792684
0.01055386
0.04407582
0.00786346
0.00792676
-0.02919133
0.03619243
0.01174441
-0.03875971
-0.03644713
0.01458766
0.01686385
-0.01207530
-0.00288433
-0.02499566
0.03838379
0.00890214
0.02478097
-0.02280029
0.02372906
0.00560488
-0.03250138
-0.03512943
0.03615241
0.00210075
-0.03118962
-0.04305873
-0.02800038
0.02972941
0.03916544
-0.00362388
0.01927745
0.01059373
-0.03826627
-0.02875601
0.03889316
0.01982853
-0.02577160
0.00852696
-0.02803560
-0.03954791
-0.03630854
0.01247685
-0.02626278
-0.02035602
0.00239428
0.00456246
-0.02235100
-0.04282875
0.00149585
-0.01715708
-0.00197894
-0.04339542
-0.01262349
-0.02503601
0.02315593
-0.03823736
-0.01712829
-0.01700599
-0.00053415
-0.04351119
0.00140320
-0.03464710
-0.02245910
-0.02493748
-0.02293458
0.01316492
0.04231518
0.04664604
-0.00789704
0.01202495
0.02532562
-0.01418029
0.02201855
-0.04775428
-0.03865657
0.00868985
0.02099469
-0.00682792
-0.00412219
0.01472164
0.01685498
0.01648070
0.01219453
0.01620026
-0.01473487
-0.03739731
0.03884276
-0.03349992
0.00465700
-0.02095946
0.02310117
-0.00681012
-0.00214443
0.03649295
0.00840406
-0.02414792
-0.02731484
-0.05125741
-0.02569305
-0.04993385
0.00516472
0.03378195
0.00911255
0.00204617
-0.01898211
0.02107688
-0.04231657
0.00477520
0.00365792
0.00824525
-0.01539053
-0.03638804
-0.03973649
0.02322013
0.03004717
-0.00186223
0.02577533
-0.03591143
0.04485524
0.04003984
0.03524785
0.00866968
-0.01602347
0.00266763
0.01723668
0.00212843
-0.01935903
0.02707760
0.02782545
0.03612289
-0.02205823
0.00131978
-0.02824197
0.03779505
-0.04425796
0.00777362
-0.01252862
0.03919097
-0.01678542
0.02425422
0.02403546
0.02269042
-0.04060220
-0.04143943
-0.04465279
-0.03993304
-0.03609112
-0.01684471
0.02473993
-0.00168709
0.03207486
-0.02265770
-0.04877353
-0.00446231
-0.02076375
-0.01662047
-0.03250663
-0.01390877
0.01734287
-0.01885777
-0.00347855
-0.03804474
-0.03513773
-0.00087426
0.00654666
-0.03218471
0.00798872
-0.03352477
-0.00374147
-0.01808590
0.02874510
-0.03953804
0.02730817
0.03994126
-0.02669683
-0.01378334
-0.00252154
-0.01309510
0.03495925
0.02009383
-0.05134387
-0.00341756
0.00572150
-0.01081908
-0.03401980
0.02485687
0.03105725
-0.03207374
-0.04167394
-0.02813189
0.04714036
0.01978568
0.03299084
0.01016665
0.03091687
-0.04542909
-0.03046446
0.05098889
-0.00846284
-0.02482823
-0.03030971
-0.04424279
-0.01060679
0.00671461
-0.01107384
-0.02015917
-0.03964404
-0.04397241
-0.01461123
0.00830942
-0.02571525
0.04136050
0.01681588
0.02924068
0.04745035
-0.04355448
0.02813980
0.01737585
-0.02017958
0.02326850
0.03904296
-0.04344501
-0.00146686
0.03552771
0.01820885
0.01220468
-0.00222455
-0.02706300
0.02200417
0.03676843
-0.04573614
0.04238950
0.04777039
-0.04189907
-0.00962890
0.03124708
-0.04178356
0.01937540
-0.04569609
-0.01237788
0.04994728
0.00999895
-0.03606594
0.02112332
-0.00152531
-0.04530492
0.00930400
-0.02268632
-0.01993878
0.00845542
-0.00035149
0.02890321
-0.00838622
-0.04447398
-0.02056132
0.04135853
0.01245293
0.02274607
-0.03084931
0.03726619
-0.04074301
-0.03859242
0.04338031
0.00132004
-0.01318507
-0.04407181
-0.02538580
-0.00939036
-0.04312820
-0.00778175
-0.00055502
0.01760330
-0.01723231
-0.01261671
0.04132617
-0.01935372
0.03338845
-0.04111758
0.02278167
0.00165059
0.01486363
-0.01640000
0.03759615
-0.02558267
0.05889399
0.00309004
-0.04202931
-0.00300242
0.02386696
0.05696443
-0.00470305
-0.04222632
0.03472175
-0.02647171
0.00252075
0.00577899
-0.01341053
-0.01275858
-0.05473717
0.02991528
-0.04997602
0.04013380
-0.06590950
0.01459505
-0.04286597
-0.02489067
0.03532451
0.01425201
0.04542625
0.02595410
0.04284396
-0.02088118
0.08857273
0.04714210
0.06879069
0.02472747
-0.00099951
0.01004052
0.03502293
-0.01656259
0.00740212
0.07756148
0.07977261
-0.00028566
0.01834357
-0.01215435
-0.04320000
-0.08099929
-0.01463746
0.01203866
-0.03936928
0.03844465
-0.09404252
0.03260829
-0.04774758
-0.01338530
0.01008561
0.00161075
-0.03011524
-0.04248815
-0.11520477
-0.07784025
-0.00887361
-0.02437150
0.00286109
-0.00815110
-0.02157366
0.05532408
0.02332168
-0.03269085
0.04219504
-0.02545956
0.04637735
-0.04794721
0.06964140
-0.01011720
-0.02514610
-0.06722987
-0.04395884
-0.00512220
0.05112265
0.07637367
-0.00648179
0.02296283
-0.06408914
0.09963409
0.09159283
-0.04499626
-0.01655551
0.01956012
0.00720307
-0.01234998
0.03873965
0.01262815
-0.04726746
-0.02236641
0.08910103
0.06842580
0.03739023
-0.07007255
-0.05335472
-0.01700151
0.00840778
0.00790939
0.03228764
-0.01535631
0.02620620
-0.09649137
0.03019178
0.02095837
0.00083143
0.00202295
0.09066660
-0.07545106
-0.00708318
-0.08244728
-0.10198617
0.03730845
-0.05087290
0.04998950
-0.04973358
0.02171230
0.00043718
0.04825417
0.05273495
0.06630559
-0.04478237
0.00949513
-0.03255428
0.04458593
-0.00777748
0.02039493
-0.04247908
0.01562607
-0.03329216
0.05483238
-0.01111322
-0.02155382
0.05893011
-0.02241764
0.06553586
-0.05030902
0.02554218
0.03412521
-0.01062766
-0.07741269
-0.02087623
0.01119106
0.06115491
-0.00298852
0.02087392
0.01838963
-0.05683813
-0.03800143
0.02707726
-0.03268649
0.01295863
-0.03454887
-0.00808782
-0.05215241
-0.11398470
-0.02665123
-0.04352010
-0.00899592
-0.07149607
0.04485483
-0.00065614
0.09615535
-0.05644793
0.01305283
0.02774702
-0.01154305
0.05060505
-0.00385696
0.01948327
0.04472760
0.04232752
-0.00024404
0.11149910
-0.05541609
0.08261381
0.04978346
-0.04326437
-0.04499105
-0.01594011
-0.04202543
0.01640184
-0.01835895
0.05216993
0.03467238
0.03355044
-0.04180508
0.04551202
-0.04606952
0.02371904
-0.06616925
0.05426763
-0.02616175
-0.09024537
0.03281718
0.01563752
0.03200907
-0.01877313
-0.03929543
-0.01121095
0.00412990
0.01967928
-0.00454774
-0.01015638
0.08174087
-0.08994466
0.06985992
0.01427181
-0.04022266
0.05748081
0.01541870
-0.03361182
-0.08178021
-0.06656455
-0.04371010
-0.00962417
-0.04973214
-0.00282322
0.00194477
-0.01370645
-0.01229473
0.01735769
0.02122793
-0.06667276
-0.04028098
0.03421883
0.02291318
-0.03608153
0.04722488
-0.03013604
0.02858979
0.06197175
0.04197550
-0.03582087
-0.03687417
0.06852680
-0.02313177
-0.02331854
0.03820098
-0.02415623
-0.04415051
0.01525065
0.02069524
0.00941600
0.01443411
-0.02507267
-0.00816639
-0.06218440
-0.05587681
-0.00840385
-0.01635796
-0.00223727
-0.03309342
-0.06014844
0.03332471
-0.04206054
0.00505060
0.01513913
-0.03350145
0.04815697
-0.01645783
-0.02802214
0.02030329
-0.04152165
-0.03967182
0.01372209
-0.05412439
0.00744214
0.01387775
-0.03178222
-0.01944335
0.05367463
-0.02807038
-0.00261366
-0.08026873
-0.01258363
-0.01577319
0.04436321
0.03616891
0.02274096
0.03806810
-0.04629825
0.03215512
0.01134266
0.02822774
0.01793507
0.00033157
-0.02446722
0.00942669
0.03447331
0.03634495
-0.04799951
-0.02745259
-0.01868212
0.05220954
-0.05215791
-0.10129867
0.03424972
0.04407641
0.01206550
0.04034438
0.04606793
0.00968076
-0.04120944
-0.02605321
0.01211277
0.00857989
0.03054767
0.00797336
0.00972280
-0.04277129
-0.01987782
-0.05293275
-0.02282690
-0.00061769
-0.01784901
-0.00761729
0.01673191
-0.01428208
0.01277414
-0.02838551
0.05381193
0.00177628
0.00230492
0.03614368
-0.02304678
-0.07793894
0.04304123
0.04471322
-0.04189156
0.01078243
0.03303966
-0.02119523
0.03905740
0.02755846
-0.02424110
0.02992045
-0.04928655
-0.02802847
0.00282637
-0.01657947
-0.03400800
-0.01947690
-0.03921476
-0.05049694
-0.04919974
-0.01363237
-0.03570000
-0.02115348
-0.03136921
0.04077289
0.04599059
-0.01010304
0.03559642
0.01360731
0.03400499
-0.00101138
-0.04201237
0.05141490
-0.07599695
-0.00146605
0.04229554
0.04059276
-0.04180568
0.00337954
0.02344038
-0.05988320
0.02240798
-0.02127567
0.01808319
0.00606775
0.03006366
0.04216669
0.00934158
0.05802880
-0.02620111
-0.03040454
-0.04175625
0.02124784
-0.04476683
-0.00270081
-0.01936178
0.01719141
0.00547530
0.03621503
0.02377571
-0.00851721
0.05035960
0.02664756
0.02413854
-0.04257829
-0.06000911
-0.04155772
0.00656569
-0.00078172
0.01173919
-0.01169015
0.03542055
-0.02418628
0.01048400
-0.02691217
0.00905338
-0.04122034
0.03315798
0.04992434
0.03059606
-0.02356998
-0.00440129
-0.03342861
0.01113316
0.00256188
0.00959018
-0.02367506
0.02820174
-0.00264950
0.00547851
-0.02679145
-0.04856223
-0.01914612
-0.00513623
0.01235947
-0.01006312
-0.02348965
-0.00288104
0.04855063
-0.05219262
-0.02368147
-0.01727223
-0.03357563
0.05054955
-0.03119476
-0.02392825
-0.00011906
0.02269440
0.06273371
0.02694069
-0.01287999
0.00333799
0.03822372
-0.04743444
-0.00540242
0.04434725
0.02535885
-0.05349061
0.01470400
-0.00323692
-0.04023952
-0.02545473
-0.00766496
0.00906962
0.02161151
0.00811130
-0.04513747
0.02311438
-0.08316756
-0.01616714
0.06627629
-0.01598305
-0.03139713
-0.03002908
0.03145601
-0.01898791
-0.02358862
-0.02920387
0.05389038
0.01568929
0.02220565
-0.00105300
0.01661683
0.02927137
0.08861012
0.02974952
-0.02093813
0.00682022
0.03535376
-0.01681774
-0.00645693
0.00611188
-0.03248227
-0.02526699
0.03292609
-0.02820957
0.02626644
0.02116412
0.03906333
0.02307349
-0.01683507
0.01333784
-0.02501492
-0.02183718
-0.04350168
-0.05493148
0.04385679
0.06338146
-0.03528014
0.01715461
0.02898447
-0.04671597
-0.04025018
-0.01192539
-0.01093187
0.03727538
0.03008677
-0.02543536
0.01341473
0.03316109
0.03936902
0.02386924
0.09497351
-0.06329332
0.04719790
0.01605379
-0.02379838
0.07836700
-0.04085679
0.00111087
0.06517415
0.00566387
0.04536872
0.04783842
-0.12291388
-0.01715883
0.02826491
0.03710899
-0.04745768
-0.00703901
0.05208929
0.01297452
0.00276796
-0.08631519
-0.03222187
-0.05760129
-0.00010277
0.00962201
-0.02038125
0.05746172
0.03601747
0.02539225
-0.07867722
0.02969710
0.03590553
-0.00481582
-0.02652814
0.11403742
-0.05704236
-0.03001985
0.01113830
0.01016117
0.07284375
-0.04158643
0.00771258
-0.04752883
-0.14368756
0.01969213
-0.02961047
-0.06381206
-0.03961372
0.08374854
-0.02806227
-0.04990182
0.01929409
-0.00851543
0.09127200
-0.00052085
-0.00589674
0.02228661
-0.00408279
0.00126722
-0.11890086
-0.00485170
-0.06239096
-0.06898815
0.00550964
-0.08134510
-0.00474739
-0.07012514
0.03867986
-0.06262904
0.06184794
0.07406464
0.01472532
0.01270012
-0.10196673
-0.01159099
-0.00106965
-0.03596136
0.04233101
0.05317036
0.10861319
0.01784140
-0.06799048
0.07502244
0.14653760
0.01002280
0.01210567
-0.03618618
-0.08080496
-0.02621164
0.03586915
0.03653238
-0.02065420
0.01186085
-0.04854356
0.02966862
-0.05907434
-0.03980185
0.09997844
-0.00797503
0.13800253
-0.02984276
0.09080334
0.01215716
-0.01757297
0.04768731
-0.05572126
0.08091318
0.03561245
-0.02126445
0.06453967
0.06747046
-0.04598847
0.02214477
-0.06655420
-0.04087912
0.01729346
0.00594381
0.05461955
0.07114863
0.07954855
-0.11244962
0.01655360
0.03618687
-0.04248456
-0.05353131
-0.00848864
-0.03114463
-0.00354500
-0.04744559
0.00728823
0.09705744
0.03771045
0.00943778
0.02824993
0.01872614
0.01312706
0.00430993
-0.04248835
-0.07256293
0.01837700
0.06808013
0.07857040
-0.16133438
0.00331673
-0.08862545
-0.01244341
-0.02835315
0.03505774
-0.09355213
-0.01454041
-0.04531013
0.01838611
-0.01707909
-0.00806163
-0.03622419
0.01742614
0.02587031
-0.03696746
0.08489642
-0.04210621
0.08374532
0.05396282
-0.03202835
-0.01815789
-0.04645715
-0.05690803
-0.04916886
-0.01424146
-0.01031712
-0.00594887
0.02825792
0.06889836
0.04564280
-0.04920130
0.02706952
-0.02547356
0.03796366
-0.00500909
-0.07996855
0.04165938
-0.01672058
0.00545099
-0.02319501
-0.02802364
-0.03037681
0.05265817
0.06255718
-0.03740807
-0.02606372
0.04300890
0.03459806
-0.06999648
-0.05366088
0.00398842
-0.07125329
-0.05452259
-0.00838349
0.09747580
0.03230044
0.05421130
-0.01996183
0.03460996
0.06740070
-0.05112268
0.01601225
-0.04935693
0.01866456
-0.01718879
0.02632674
0.04682579
0.06877436
0.03968219
0.03510793
0.02066850
-0.05222741
0.02782660
-0.04479388
0.13775963
0.03606412
0.07513909
0.00982479
0.07578263
0.01766985
-0.00691668
0.02895928
-0.04125740
-0.04004486
-0.11467615
0.01615674
-0.01779865
-0.02874098
-0.04307406
-0.03945325
0.01311035
0.00988848
0.01534650
-0.00749705
0.06659563
0.00907554
-0.03373859
-0.05262970
0.00781859
-0.04676071
0.12073210
0.08156322
-0.01601064
0.05157486
-0.03875896
-0.01142832
0.04066484
-0.00454982
0.02955194
0.01747513
-0.02239334
0.02392215
0.01706408
0.03071298
-0.01029106
0.02350168
0.00777898
-0.01212905
0.10666812
0.03357634
0.00443593
0.02436784
0.08063073
0.09601442
0.00353430
-0.00045580
0.01655895
0.03013712
0.04308089
0.00293132
-0.03027412
0.06484487
0.02767815
0.10279802
-0.14229029
0.03820624
0.00165266
0.02665206
-0.04056941
0.08491751
-0.03847878
-0.07168094
0.01226446
0.04695676
0.08101385
0.00747219
-0.00971973
-0.03131652
0.06406208
0.04747470
0.01689177
0.01404784
-0.02211085
-0.12850711
0.03997544
0.03247460
-0.00082741
0.05581055
0.07769421
0.02633555
-0.00443423
-0.03189552
-0.02691877
0.00045246
-0.02717903
0.02131495
0.04100914
-0.00685065
0.04597126
-0.01871842
0.02106581
-0.06821644
0.01104340
0.02881000
0.06939158
0.05899585
0.00836427
0.02875387
0.03198078
0.02667111
-0.00143871
0.00277845
0.03827848
-0.03260852
0.12358095
0.00580256
0.02627202
0.08901759
0.08231530
0.01082400
-0.00740862
-0.00300984
0.02022544
0.02718837
0.06779698
0.06120172
-0.08093091
0.02375950
-0.02380623
-0.04123907
-0.03230411
-0.00966533
-0.01084992
-0.03590046
0.01790426
-0.06220561
0.04802317
0.01883542
-0.02509713
0.00571574
-0.00569095
-0.02816785
-0.06366509
-0.04704337
-0.04100160
-0.06803789
-0.01647932
-0.02269524
-0.02896454
0.03330459
-0.03733469
0.02655035
-0.00003610
-0.04713821
0.01807722
-0.01778210
-0.08594844
0.05751370
-0.03128513
0.01602719
0.02363470
-0.09289904
-0.13235776
-0.01274761
0.03736662
-0.00635252
-0.00165735
0.01321644
-0.02974192
0.01318644
-0.00091494
0.04788235
0.00723804
0.00567991
-0.02444460
-0.00092200
-0.09341260
0.01445744
0.07555830
-0.02320679
-0.00153841
-0.05881217
-0.03125802
-0.01383015
0.00559224
-0.00080660
-0.01247307
0.07580072
0.04491862
-0.03614542
-0.02219420
-0.10179960
-0.01633040
-0.02975653
-0.02703827
-0.00506911
-0.00327257
0.11505513
0.02130443
-0.03558113
-0.07715811
-0.07613356
-0.03528880
-0.08001963
-0.00420392
0.00502255
-0.00518966
-0.01978649
-0.02282468
0.08605625
-0.09235621
-0.08291968
-0.03205962
-0.03619218
0.02784046
0.02352139
-0.02839273
0.00893501
-0.05882337
-0.00074236
0.04253088
-0.02350405
-0.00326417
0.04725191
0.07680372
0.02063479
-0.03823319
0.08504483
0.02173580
0.03232286
-0.10727450
0.04553032
0.01888780
0.05480713
0.06581205
-0.12369247
0.02171133
0.00009684
0.07840595
0.01477432
-0.07686416
-0.03233744
0.00285096
-0.04096556
-0.00648099
-0.00208446
0.11109608
-0.00485957
-0.01942361
0.02393635
-0.02082671
0.09368888
-0.00265905
-0.02695078
-0.04783981
0.05870308
0.02360367
0.00346795
-0.09446640
0.03664104
-0.06262322
-0.00297038
0.00105324
0.01976203
-0.10428176
-0.07035302
-0.05082802
0.02891792
-0.03056966
0.02644866
-0.03364630
-0.04391485
0.00394705
0.05630898
0.01297928
-0.00938778
0.02159461
-0.06382107
-0.02558311
0.03001868
0.02862567
-0.11327706
0.06703782
0.02863756
-0.01781967
-0.06322100
-0.01636126
0.02443090
0.00416422
-0.03985797
0.04085212
0.00417568
-0.04779330
-0.03677857
-0.04422205
0.02261484
-0.05489754
0.02260096
-0.06905288
0.01307502
-0.01393151
-0.00239133
-0.03523544
0.01488372
0.00510156
0.01430553
0.01949830
-0.00842451
-0.02559871
-0.04812915
-0.06842501
-0.04620130
-0.04126346
-0.06488864
0.01981977
0.02653578
-0.01212260
-0.05455323
0.00307164
-0.07303642
0.06639626
0.03442710
-0.02081659
-0.03168018
-0.00117551
-0.05462124
-0.03484356
0.07226238
-0.00916914
-0.00171034
0.00430698
-0.07281723
0.01345442
-0.03370786
0.07661527
-0.02719332
0.07164134
0.05263804
0.03640447
-0.00784569
-0.07382046
0.00947927
-0.04976718
-0.10881742
-0.03619412
-0.08052009
-0.00270567
-0.03165564
0.06273683
0.01275043
-0.00004876
0.00345580
-0.07002024
0.06472788
0.04356158
-0.01439079
-0.04571060
-0.02099494
0.00353069
-0.00872690
0.02921966
-0.08713945
-0.07061424
-0.03373796
0.01830720
-0.04255037
-0.01520177
0.04039570
0.01539277
0.05425055
-0.04867048
-0.04891155
-0.02029585
-0.13128448
0.00268342
0.02656277
-0.06721745
0.02992584
-0.03772981
-0.07065181
-0.04670085
-0.07118831
0.06198381
0.04553885
-0.02781386
-0.01639553
0.00526709
0.03721359
-0.01546760
0.03462417
-0.00286065
0.02853107
0.01245518
-0.02951818
-0.05109914
0.04004581
-0.00598307
-0.05154314
0.02199013
-0.01258082
0.08663017
0.14291227
0.02743256
0.02859075
0.03126362
0.01708979
-0.00094123
0.00636961
-0.00460716
0.06129361
0.02185225
-0.03592698
-0.04762207
0.00583133
-0.00996721
-0.08893770
0.00738315
0.00552997
0.09697592
-0.02802179
-0.03062145
0.03512825
0.06500998
0.00264051
-0.00220996
-0.01811271
-0.03022589
0.02333506
0.04176728
-0.01204063
-0.03480530
0.07805655
0.12554651
0.03083317
0.01534234
0.01972537
-0.03920183
0.00139429
0.08620399
0.03081421
0.04139236
0.02614169
0.00392559
-0.03531056
0.04064126
0.09818584
0.04856819
0.02023985
0.04270127
0.00676293
0.03607367
-0.00802926
0.02014281
-0.00623987
0.01878883
0.00491165
-0.03788163
-0.09017088
0.03177720
-0.02770213
0.02686418
-0.04215644
-0.02542912
0.05560625
0.01835415
-0.07180607
0.04223795
0.08319858
-0.04846856
0.04035802
0.04740826
0.00361185
-0.04101411
0.04420105
-0.04290497
-0.06026231
-0.08510859
0.03937454
-0.03767561
0.04079443
-0.05192157
-0.02376194
-0.04563307
0.03445438
0.01323627
0.04153545
0.09226245
0.02226320
0.04962536
-0.01775567
-0.01201044
-0.04369831
0.02841488
-0.04852810
0.03454880
-0.00720792
0.13514468
-0.05457672
0.03081067
0.04161617
0.03305498
-0.00890876
0.02949348
0.02607552
0.01877255
-0.00349642
-0.02007288
0.05309557
0.01896858
-0.00305214
-0.02658536
0.00827714
0.00549637
-0.02858414
-0.10129979
-0.02591457
-0.03202238
-0.00080040
0.03700795
-0.04668838
-0.10528484
0.07982744
-0.02718550
0.02593353
0.01440113
-0.09185302
-0.00895261
0.03843354
0.02540402
-0.04779374
-0.04574099
0.06196222
0.02161172
0.04110973
0.05071052
0.01879502
-0.04602001
-0.03776747
-0.03881393
0.03761554
-0.03251312
0.00617460
0.05864947
0.01641488
0.00027229
-0.03450733
-0.02081706
0.03414114
0.01664569
0.06249524
0.00143457
-0.04595279
0.04742982
0.01282103
-0.06433260
0.04705007
0.06685796
0.04334658
0.02623178
-0.01721295
-0.05910253
-0.05759971
0.04289125
0.00843337
0.00326716
-0.07729093
0.03509169
0.03105744
-0.06112035
-0.00081462
-0.03329496
0.04250269
0.00128511
-0.08103034
0.04966127
0.02319456
0.11738358
0.04152112
-0.02550490
0.00017723
-0.05076908
-0.00830913
-0.03285759
0.11354301
-0.02147123
0.02289438
-0.07896190
0.05008702
-0.04670208
0.02376198
-0.03952239
0.08384869
-0.03091879
0.00264083
-0.00190974
0.00993847
-0.01329434
-0.03703735
0.02439052
-0.11038677
-0.05897399
-0.06332298
0.02146291
0.02106150
-0.05115440
0.04872057
-0.03979870
0.00112168
-0.02544486
0.07664543
-0.03769447
-0.02230588
-0.02265942
-0.03197394
-0.03158196
0.00735486
0.06485326
-0.03257712
-0.07472769
-0.01315565
0.03081333
0.06650370
0.00466293
0.04268710
-0.02845550
0.02317095
-0.10144588
0.01821249
0.06196820
-0.07636445
-0.02645580
-0.02880105
0.01260269
0.00443483
-0.03790051
-0.02467155
-0.02336005
0.00798887
0.04272076
0.02781468
0.04006687
-0.06494141
-0.10006039
-0.04145599
0.06089775
-0.02477149
0.00713692
0.01872176
-0.01918595
0.05862339
0.04562892
0.02835587
0.00807596
-0.04716616
-0.01252997
-0.01215033
-0.06388835
0.07089339
-0.01459952
-0.02505516
-0.02605728
0.11541707
-0.02546034
0.05891066
-0.03405701
0.07626179
-0.03321849
0.01717492
0.01539991
0.08112980
-0.03328749
-0.09037767
0.03009086
0.05400466
0.00575368
0.01899482
-0.07922555
-0.01011439
0.03438439
-0.05247089
-0.03137382
0.01606896
0.07364628
0.03132855
-0.02388924
-0.07225191
0.00415411
-0.05010274
0.05496804
-0.06633782
-0.03672994
0.01307391
-0.00361826
0.02304953
-0.05435835
-0.02232222
0.04050678
-0.03435043
-0.06050117
-0.01834798
-0.00595474
-0.00757037
-0.06765965
0.05073112
-0.02993134
-0.01079763
-0.01306969
0.03556256
-0.01721725
0.01463663
0.01535067
-0.00277092
-0.02536939
-0.03485807
0.00952380
0.00992001
0.01798652
-0.04957526
-0.00173268
0.04622267
0.01804974
-0.03488068
0.09501284
-0.05727373
-0.03853374
-0.04434058
0.00452403
-0.01033829
-0.01717446
-0.06158887
0.05566034
0.10084165
0.02625371
0.10389886
0.04631481
-0.02177468
-0.09343489
0.03287862
-0.04883799
0.00775061
-0.06356141
0.00945621
0.03053360
-0.04118169
-0.00213112
-0.00604799
-0.06353423
0.00494793
0.01312916
0.09282347
0.03417313
-0.10862681
0.01511713
0.00733491
-0.05040290
-0.02881657
-0.05530590
-0.01505861
-0.06530990
-0.00931428
0.03074513
0.03694788
0.00966483
-0.04267077
0.04873110
0.02300009
-0.00482350
-0.09996381
0.04160254
-0.03696222
-0.12927103
0.00439329
0.02192276
0.00169698
0.01642381
0.00114618
-0.07515859
0.04829298
-0.03612698
-0.03813190
-0.02416958
-0.08296341
-0.05564342
0.02619053
-0.01004233
-0.04641324
0.04057292
-0.06967334
0.06750941
0.10088001
0.03108926
-0.00078919
-0.05741804
0.07627587
-0.00578996
-0.01892002
0.01650485
-0.01412670
0.04561176
-0.03757414
0.00361460
0.03324159
0.01446510
0.02836489
0.00120302
-0.04149380
0.01594292
0.01730535
0.00484360
0.02531776
-0.07161882
-0.03329997
0.03024871
-0.00752840
0.00236292
0.02896260
-0.05108057
-0.03887559
-0.02942524
0.03929452
-0.01627288
0.01953081
0.01349223
-0.00105837
-0.05914564
0.03128810
-0.01581907
-0.03498234
-0.01489909
-0.05661993
-0.00761968
-0.03357290
-0.04422552
-0.06513390
-0.02695594
0.10705920
0.00437026
0.01092523
-0.00251511
0.07098211
-0.02509651
-0.06589878
0.06961431
-0.00592189
-0.01323410
-0.02308684
-0.05887537
-0.01952741
0.00187179
0.02892542
0.01279282
0.04422177
-0.04388190
-0.03680756
-0.03857174
0.00891008
0.01001007
0.06291630
-0.00928157
-0.01236106
0.03178102
-0.04552798
0.00560511
0.03214188
-0.04114227
-0.03314129
-0.04824901
-0.05156934
0.05430674
-0.02867480
-0.05940662
0.03973453
0.05198353
0.02197253
0.01319226
0.03540726
-0.00386410
0.01723332
0.03061942
-0.00270755
-0.03259502
0.01411498
-0.01221172
-0.04128974
-0.01380883
-0.06678727
-0.02402178
-0.00420935
-0.00367887
0.02044044
-0.02740578
-0.03979781
-0.00722530
-0.03915926
-0.06389059
0.04734175
0.00484411
0.02373538
-0.05707239
-0.00838155
-0.02702871
0.04644601
-0.04499659
-0.01121450
0.00180988
-0.06345117
0.03562802
-0.02420363
0.03516630
0.07967526
-0.01211163
-0.01383337
-0.00699963
-0.01778909
-0.05401727
-0.00056874
0.01277524
-0.07528380
0.02805801
0.13130741
0.07465919
-0.00454120
0.04040811
0.02589247
0.00231479
0.03139837
-0.00936979
0.03945135
0.00419463
0.03760765
-0.03745166
-0.03757425
-0.03848007
0.00461636
0.04633477
0.04462667
0.04913275
0.00778629
0.05617441
0.04046467
0.00332783
0.01379318
-0.03388885
-0.00336132
-0.02323411
-0.02176812
0.06734356
-0.00779021
-0.02106549
-0.03559703
0.02251816
-0.02641352
-0.02355234
0.03111365
0.06879150
0.01269365
0.02771451
0.02391764
0.06630368
0.01129470
0.00428318
-0.00360444
0.04537945
0.02954112
0.03974812
0.00841681
0.04341982
0.01089730
-0.08004244
-0.01085429
-0.01540756
0.03688335
-0.01213917
-0.04220495
-0.03483022
0.08325472
-0.00384519
-0.04114409
-0.00973040
-0.04851680
0.05726512
0.01421814
-0.02511672
0.03399988
-0.02703624
0.02426499
-0.01368077
-0.05395374
-0.05667750
-0.00244584
0.07817598
-0.01263199
0.01919874
-0.04934928
-0.00726675
0.05722361
-0.02193252
0.02485746
0.02030282
-0.03829502
-0.00142798
0.01231910
-0.01966541
0.02292520
0.04386467
-0.00981059
0.00563276
-0.00861927
0.03896788
-0.01146963
0.01958714
-0.01644332
0.08043119
0.03020197
0.05759815
-0.03357595
-0.04376509
0.01308382
-0.03063131
-0.03471069
0.01784827
-0.05740628
0.05400978
0.02917581
0.03278543
-0.00685165
-0.01782246
-0.00140493
0.09986138
-0.04280340
-0.03673364
-0.04865793
-0.05094792
0.00912557
-0.02155278
0.05520763
-0.00793316
-0.02399787
0.05106404
-0.01628216
-0.02647981
-0.01567499
-0.03958896
0.02029518
0.02352640
0.02689387
-0.02869026
-0.02553369
-0.05119782
-0.03383570
-0.02786938
0.02155871
0.03565610
0.02472655
0.03149332
0.02194985
0.00864207
-0.04448868
-0.05724586
-0.02314288
0.03561382
-0.01385276
-0.02231228
0.04985774
-0.05011616
-0.02806490
0.00331045
0.02920600
0.01518071
0.00621236
-0.03765557
-0.01570900
-0.01011485
-0.01509733
-0.01695891
0.03196266
0.00563014
0.01305810
-0.03183631
0.05484999
0.01233407
-0.04654078
-0.00058543
0.04179189
0.03236198
0.13688411
-0.01639766
0.12000825
-0.04438824
-0.01875445
0.03496525
0.02170554
0.00511507
0.17062034
0.04685121
0.00581260
-0.01806856
0.00355349
0.09921660
0.03662077
-0.09263441
0.00339506
-0.00068609
0.00896830
0.02939119
-0.04672466
-0.00523950
0.02446291
-0.00084687
-0.01850595
0.05086557
0.00846018
-0.02859533
0.03779234
0.00444855
-0.03949239
0.05493449
-0.06680111
0.04614355
-0.04657291
-0.08746690
-0.03348297
-0.01280766
0.10648372
-0.03294131
0.01248395
-0.04216370
-0.03859257
0.08981241
0.03309718
-0.00403705
0.00611771
-0.02963855
-0.00928967
0.04219612
-0.00471328
-0.02263397
0.00102623
0.03744412
-0.03358802
0.01103239
-0.04663766
0.00660282
0.00136694
0.05394276
0.06630884
-0.02730234
0.02522315
0.04934524
-0.04138522
-0.08563764
-0.03308170
-0.05901118
-0.00501436
0.00365435
0.01020296
-0.00999409
-0.02486229
0.10466624
-0.02779044
0.00435805
0.05165796
0.04918528
-0.02035790
-0.05212652
-0.04422553
-0.05215646
-0.02075737
0.02247918
-0.00914091
0.04060312
0.02289744
-0.06747549
-0.02365454
0.00481254
0.02843692
-0.01047502
-0.03219566
-0.09212124
-0.00459320
-0.10000481
-0.01711360
0.00400306
0.02543943
0.03364896
-0.05381114
0.10522785
0.09554523
0.12067223
0.03649988
0.08182179
-0.04049957
-0.05205807
-0.01787963
0.00997509
0.02596164
-0.04617906
-0.08101933
-0.01574495
-0.02744577
-0.07930351
0.06282853
-0.03844594
-0.02066048
-0.00163128
0.01097096
-0.07785174
0.04110194
-0.01370682
0.05408191
-0.02445928
0.10717640
-0.02829165
-0.03036885
-0.13565482
-0.05198467
-0.06272727
-0.02526332
-0.05208824
-0.05769822
0.04715437
-0.03854164
0.01899333
-0.01524632
-0.03149678
-0.10055897
0.00806616
-0.08494853
0.03137829
-0.02064357
0.03277208
0.05688497
0.02559479
0.00799612
0.09982648
-0.05803856
-0.06292028
0.02044266
-0.03164168
-0.08522265
0.01056416
-0.05304801
0.06494387
0.05119862
-0.05447080
0.01147169
-0.01284678
0.01752352
0.03996906
-0.01422697
-0.03678842
-0.04233376
-0.02786239
-0.02464456
-0.02308885
-0.01316751
-0.02583639
-0.07851205
0.12982461
-0.03862908
-0.09674434
0.01174586
0.03466601
0.02867074
-0.04090461
-0.04451948
-0.04819331
0.01794943
0.01205121
-0.03239584
0.08216311
0.04342744
0.05028524
-0.05301932
0.04385823
-0.01556340
-0.00339297
0.07907963
0.00931992
0.02142889
-0.04465327
-0.00289506
-0.10147195
-0.10134704
-0.09205494
0.01873304
0.01072541
-0.00352187
-0.05490564
-0.06089753
0.02652170
-0.09714152
-0.04365742
-0.05770822
-0.04176987
-0.01761137
0.03048317
0.06938748
0.01296191
-0.05117989
0.04104767
0.07577299
-0.00912786
-0.01702706
-0.05931388
-0.03970402
-0.02311899
0.00861647
-0.00620029
-0.05238616
-0.09770820
0.03697176
-0.01705809
-0.01729451
-0.03817078
0.00176688
0.02721701
0.07772768
0.08112288
-0.02771359
-0.04219753
-0.04235795
-0.13734263
-0.00284897
-0.01897038
0.02024813
0.06006127
-0.03352754
0.03826870
0.03258706
-0.03065798
-0.00434448
-0.07935591
-0.05149528
-0.06587892
-0.08736461
-0.07063141
0.02792102
-0.02104300
0.01856723
-0.03479682
-0.02831100
-0.03835297
-0.04509997
0.06452186
0.14156418
0.05344020
-0.00574854
0.06512617
-0.02288211
-0.02737431
0.05214669
0.02994805
-0.04758986
-0.04239353
0.00861875
0.09513725
-0.01234171
0.08541685
-0.01558957
0.01301728
0.08267553
-0.02974914
0.06997918
0.05159359
0.04728565
0.01881531
-0.08938976
-0.05715426
0.10234797
-0.04441033
0.00779255
0.02638064
0.05021532
-0.06717018
0.00202256
-0.11760385
-0.07196742
-0.00165323
-0.06904364
-0.01257748
0.07801080
0.07988689
-0.02859230
0.02541572
0.02770686
-0.05405490
-0.02558118
-0.07323949
-0.06503692
-0.04944992
0.01069872
0.01289671
-0.10201080
-0.04827922
-0.07742272
0.02555497
0.04799614
-0.06395537
-0.04415229
0.02757058
-0.04170680
0.00641243
-0.05218685
0.05775204
0.05152488
-0.07477480
-0.03300278
-0.06772508
-0.02547755
0.08723829
-0.00325837
0.00020623
0.03403807
-0.07632420
0.02105588
0.05101532
-0.00381292
-0.00408233
0.02196929
-0.04004933
0.00105736
-0.10084968
0.01968354
-0.08951501
-0.05496334
0.08500019
0.06746954
0.07737762
-0.07242315
-0.08072168
-0.03073644
-0.05650803
-0.04769062
0.07269365
-0.03656469
0.16408281
0.07001970
-0.05983716
0.03627410
0.00996905
0.04162159
-0.08597837
-0.01231210
-0.15713347
0.00201836
-0.06098748
-0.05420455
-0.10225192
0.01991375
0.00031664
-0.02905584
-0.01382133
0.12889396
-0.02196062
-0.04201642
0.07535851
-0.01542579
-0.05042087
0.02761743
0.03751980
0.04067519
0.07551832
-0.04875123
-0.05350742
0.05283235
0.02471585
-0.07093973
0.00530887
0.02674291
0.11524791
-0.03833453
0.05831719
-0.05009154
-0.00461708
-0.03132986
-0.05544770
0.05463583
-0.07747655
-0.02130679
0.12105484
0.08713576
-0.03353850
-0.03116692
0.01632052
-0.02917870
0.04596068
0.05826317
0.03042789
0.02823449
-0.06984562
0.12235025
0.11211745
0.04134047
-0.01549512
0.08672626
0.00630888
0.02755494
0.06057717
-0.08138912
-0.07744420
-0.02166703
0.07452988
-0.01432092
0.04221613
-0.01198423
-0.03468335
-0.05356184
0.03352016
0.02602020
-0.02791269
-0.01851321
0.06535554
0.05319022
0.03266089
0.11803406
0.04105960
-0.02152046
-0.03670201
-0.00084639
-0.01477336
-0.01809786
0.08981837
-0.03797897
0.05226826
0.12010724
-0.00833937
0.04840036
0.05311156
-0.02891105
-0.10897689
-0.10867438
-0.06469596
-0.02023193
-0.00797258
0.01704606
-0.03739924
-0.03880735
0.01445021
-0.00225460
-0.12556726
-0.05903884
0.00564110
0.02205023
-0.06038661
0.09903618
-0.02272109
0.02208389
-0.01102515
-0.03661801
0.12044626
0.00079631
0.00762096
0.03590537
-0.00247613
0.14037958
-0.02847044
-0.06235508
-0.05922689
0.07462836
0.05140682
-0.02523437
0.00667962
0.02230229
-0.03523869
0.00414218
-0.03414987
-0.01512442
0.03824759
-0.02754482
-0.02093962
0.05176877
-0.01534070
0.09126384
-0.07806658
0.06322822
-0.03608990
0.01923651
0.06056261
0.07581166
0.02266612
0.02683898
-0.01381875
-0.03357032
-0.04717924
-0.00937419
0.08405800
0.02406192
-0.03828886
0.05087893
-0.09781438
0.00514595
0.00263070
-0.03784464
-0.01367495
-0.02392242
0.00364967
-0.03921891
0.06466646
-0.05392894
-0.03652599
-0.02161139
-0.03226754
0.00410308
-0.02246623
0.03126528
0.05878283
0.07334832
-0.03129634
0.09930642
-0.02698432
0.09286487
-0.09282469
0.13556385
-0.03409495
0.01063005
0.05452511
-0.06516432
0.03943980
-0.00443635
0.00968589
-0.08475667
-0.17571293
0.01692054
-0.08668361
-0.05984984
0.01272559
0.02724045
0.03218307
0.01286655
0.10947532
0.04657360
0.11154254
0.05150550
-0.00104581
0.08814748
0.00629707
-0.05269566
-0.00371746
-0.04784355
-0.03316776
-0.01291656
0.04399273
-0.02503630
0.00822070
0.01667544
0.07380114
0.03792711
0.04828225
0.10578024
0.02310111
0.05353551
-0.04786343
-0.05702864
-0.07799941
0.03837755
0.05148298
0.04872778
0.15574059
0.03337442
-0.02685414
-0.02676659
0.10783087
0.08383889
-0.03580813
0.02299944
-0.09962359
0.11170044
-0.01745602
-0.00959585
0.05454430
0.02443560
-0.04671676
0.05173591
0.05242161
0.00096285
-0.00028625
0.00621381
0.06845483
0.03086750
0.11169638
0.02566248
-0.02646509
-0.01061924
-0.06250648
0.06695770
-0.04231639
0.02275044
0.05602952
0.07792034
-0.11042463
-0.03490470
-0.08931657
-0.01235685
0.05080882
-0.03924458
-0.00351314
0.05779782
0.06685130
-0.05704737
0.10007060
0.04487831
0.11263558
-0.02918416
0.06803681
0.03432091
0.00515371
-0.00453396
0.00945994
-0.11002605
-0.00883027
0.03556594
0.11005048
-0.04223518
0.00055561
-0.00103020
0.03083928
-0.00564829
0.02401316
0.05284258
0.04023620
-0.01358680
-0.03973214
0.01715987
0.01533322
-0.02877048
0.01306212
0.04870279
0.00073616
0.03073591
-0.00094377
-0.05537497
0.05285191
-0.01333901
0.02871771
0.01316333
-0.10769954
-0.06231165
0.02177959
0.03191135
0.00907961
-0.01801175
0.04203315
0.01857293
-0.01088091
-0.05267732
0.07442260
-0.08275034
-0.05862173
-0.02512063
0.04346851
0.03175629
-0.03506896
0.03237299
-0.00290311
0.05743980
-0.02784384
0.02180709
0.07804435
0.00212441
-0.00105576
-0.03381267
0.04462403
-0.05337593
0.01864973
0.06877637
-0.04310724
0.03434028
-0.05906888
-0.02700635
0.03981309
0.03510544
-0.02909962
0.01377045
0.04678418
-0.08053029
0.07195567
0.02301452
-0.03662882
-0.00733030
-0.02086723
-0.00270748
-0.03546490
0.04253783
0.04479565
0.05513780
0.11758176
0.00239259
-0.00115891
0.01207481
-0.01425302
0.07472651
-0.03599626
-0.01420235
-0.02616227
-0.06618584
-0.01103288
0.02255270
0.00615455
0.01566688
0.06935482
-0.01670493
-0.08537348
0.02969566
0.03068851
0.01763423
-0.12850371
0.05873157
-0.01014156
-0.01376243
-0.01641566
-0.14441900
-0.00926053
0.07323414
0.04800820
-0.00496807
0.00700888
0.04626734
-0.01105445
-0.00503629
0.03591599
0.01061478
0.02446595
0.13201681
0.04439434
0.02373353
-0.04296319
-0.03570527
-0.01628736
-0.02641403
-0.00717383
-0.04505883
-0.04546741
-0.08978093
-0.06043666
0.06217301
0.00558637
0.02369610
0.01597549
0.13499889
0.07953250
0.00211398
-0.01607481
-0.09236743
0.00647710
0.00137890
0.02563017
0.00901336
-0.06088597
-0.00346459
0.02383814
-0.03930245
0.01509604
-0.07409879
0.04735226
-0.04245783
0.05003465
0.05096669
0.04042378
0.01091141
0.02582720
-0.11660247
0.01143821
0.12229630
0.03600439
-0.07961287
-0.07994451
-0.02982038
0.06477890
0.01506886
0.08099050
-0.00120201
0.04094419
0.06668907
-0.02524026
-0.00581605
0.04391064
0.02486937
-0.00279071
-0.03066158
-0.01589351
-0.07846427
-0.00038824
0.06243568
-0.01635711
0.01457957
-0.04470319
0.04692052
-0.07727030
0.00086017
0.05056075
-0.00581902
-0.01345734
0.00041046
0.01048128
0.03064316
0.05546409
0.01616976
-0.02565735
0.04485959
-0.04055811
-0.01860448
-0.00642483
0.08047674
0.01861143
0.01696155
-0.04124101
-0.03990993
0.03158889
-0.02803713
0.00850808
0.01036689
-0.00170649
-0.01075694
0.04857209
0.03339863
0.00953220
-0.01232973
0.01345613
-0.02531006
-0.01270532
0.06350561
-0.09137188
-0.03649959
0.03877458
0.00633499
0.00891698
-0.06119585
0.05463543
-0.03633741
-0.00440763
-0.00467036
0.08957316
-0.01227409
-0.00620991
0.00165110
0.00393066
0.09883674
-0.02742293
-0.01529571
0.04479540
-0.03749831
0.01442838
0.03196708
-0.01450935
-0.02572816
0.02586471
0.00036305
0.07189777
0.02463410
0.04657770
0.01230887
-0.02566134
0.10311952
0.00337635
0.00147711
-0.02234928
0.05001303
-0.14050087
-0.07618545
-0.02484878
0.03888737
0.03532912
-0.04802040
-0.01480501
0.09886339
0.00279778
-0.05778198
0.01766492
-0.00413121
-0.01811729
0.03187675
-0.05914388
-0.03512871
0.01312070
-0.02747993
0.02165806
0.03075262
0.03169159
-0.03011147
0.01663279
0.11830203
0.08326153
0.06212685
0.02491108
-0.06486809
-0.03631363
0.03258113
-0.05937446
0.12062207
-0.07878072
-0.06278348
0.06719368
0.01261122
0.03658753
0.04406373
-0.02853165
0.10651721
-0.01253538
0.00992029
0.03830894
0.03096863
-0.02010563
0.05768390
0.01478152
-0.08636030
0.04250348
-0.01118314
-0.02683024
-0.01249081
0.06933642
-0.01745116
-0.07207415
0.06234387
-0.03860513
0.02838931
0.07319158
0.02200838
-0.06394153
0.01654753
-0.02889834
-0.00837092
0.12807317
0.00611421
0.07316694
0.04253513
-0.07150540
-0.00675964
-0.03651711
0.03954860
0.03502674
-0.05692749
-0.03486826
-0.08264924
-0.05538597
-0.00086537
-0.06846751
0.00216324
0.07502276
-0.04934597
0.01640430
-0.01405656
-0.05119182
0.11638550
-0.05928793
-0.04765655
0.07026777
0.02402898
0.04168629
-0.00187184
-0.02721106
0.03221610
0.02385710
0.02136893
-0.08706532
-0.02782705
-0.04112777
0.01696333
0.03808346
0.04479291
0.01088858
-0.03549700
0.05555538
-0.02631091
-0.00276147
-0.05820017
0.01311299
0.03118420
0.00683385
0.01853303
-0.02438651
0.03111550
-0.02759445
-0.08957308
-0.00918452
0.03447764
-0.00848790
-0.00804526
0.05022037
-0.03963228
0.00328393
-0.03481440
-0.02850464
-0.00392110
0.02576418
0.01858905
0.02059417
0.03424144
-0.05159206
-0.02621092
-0.04668066
-0.01621275
0.04541705
0.02705532
-0.01954110
0.01539693
-0.03082734
-0.01287887
0.02546893
-0.03309595
0.02499872
-0.00384697
0.04190947
0.03290853
-0.01660272
-0.03111229
-0.04092610
0.00027437
0.03486154
0.03900526
0.00228100
-0.04940748
-0.01675041
0.01489434
-0.00251156
0.00422361
0.04343191
0.02249417
0.01952740
0.02254139
0.04685076
0.01914037
-0.01668354
0.01177082
0.01179905
0.00897080
0.00578015
-0.01860387
-0.02785272
-0.04402294
0.01033923
-0.01588653
0.01660596
-0.03614159
-0.00685697
0.05958442
0.04909073
-0.02198490
0.00482204
-0.03867707
-0.01798300
-0.03299790
-0.03408438
-0.03760449
0.02832655
0.00348060
0.04388745
0.01824790
-0.01516122
0.05745490
0.01033864
-0.01245894
-0.03310646
0.03986564
-0.02580985
0.00437060
0.00557605
-0.04214148
0.03648721
-0.03059377
0.02435231
-0.02701242
0.01062521
-0.03451262
-0.01689931
-0.01813803
0.03524841
-0.00015623
0.00837847
0.02753156
-0.04531120
0.01249482
-0.03398664
-0.00204585
0.01447500
0.02273250
0.01088278
0.03979717
-0.03171371
-0.03333119
0.01081816
0.04607597
0.01314659
-0.00913034
0.00209109
0.05653578
0.04653589
0.01956786
-0.04189840
0.03375516
-0.01084920
0.01450140
0.04119265
-0.00245648
0.04539963
0.02232759
-0.01846223
-0.03357865
0.01799632
0.03044047
0.01722256
0.04295905
-0.07024547
0.04684518
-0.01397613
-0.00613303
0.03808737
0.01732680
0.00078764
0.01558315
0.01179759
-0.04466341
0.03553763
0.02518466
-0.03968548
0.00386962
-0.03523346
-0.00929011
-0.03991287
-0.03806653
-0.03607161
0.03733059
0.00455194
-0.00894141
-0.04845491
-0.02701165
-0.04721374
0.00088289
0.02759832
0.02873158
-0.00347789
-0.01104749
0.02963341
-0.03703467
0.00246434
0.02870327
-0.01842010
-0.02191688
0.01019231
-0.05224422
0.03326038
-0.00889916
0.01018155
0.01149277
0.03251034
0.02659976
0.03187598
0.04441141
-0.05831366
-0.04808118
-0.01634509
-0.02862716
0.00593863
0.02011299
0.04107958
0.02345593
-0.02659519
-0.05279913
0.04026162
-0.01216817
0.01014927
0.01668417
-0.01992436
0.02105150
0.02922711
0.01325871
-0.04831217
0.02660876
0.01526083
-0.03738557
-0.01730388
0.01494391
0.03897653
-0.00390503
-0.04753206
-0.04530814
0.00091781
-0.00026507
-0.01914048
0.02097574
0.00477162
-0.03624444
-0.02289541
-0.05020367
-0.00736961
0.03972643
-0.04705849
-0.02074931
0.02385431
-0.03272384
0.03099393
0.03097080
-0.00578054
0.02655600
-0.05071621
-0.00166851
-0.02002630
0.03822597
-0.02356990
-0.04365802
0.03411198
0.03940823
-0.04422043
0.05178285
-0.00188445
0.03583644
0.01381378
-0.01697776
0.04295845
-0.02372767
-0.00268978
0.01727094
0.02110504
0.01480138
0.01330473
0.00263716
0.03723129
0.01774097
0.01149640
-0.02745542
-0.03496367
0.02952511
0.03037322
-0.03363031
-0.03103790
0.00072177
-0.04312374
-0.04390945
0.04693590
0.03036947
-0.03852520
-0.02939067
0.03408071
0.03346854
0.01589557
-0.02093890
0.04613486
-0.03339482
-0.02550570
-0.01586804
-0.04470379
-0.03196049
0.03015626
-0.10405008
0.02458718
-0.04407451
-0.09600156
0.03051491
0.00248180
0.00498463
0.04254768
0.00180153
-0.07074580
0.03267657
-0.07661294
-0.09335372
-0.01448897
-0.08093317
0.09452641
-0.00990603
-0.00213327
0.09115045
-0.06779032
-0.02890252
0.00848185
0.00847433
0.06411973
0.15434459
-0.00624312
0.02313268
-0.05570953
-0.03895694
0.02373582
-0.03826162
-0.02474803
0.06930536
0.05313842
-0.02797449
-0.08089941
-0.07664786
0.02046391
0.11033294
0.09368695
0.01271712
0.04954759
-0.03979961
-0.08399392
-0.05704509
0.04371332
0.03518995
-0.01162908
0.05378269
0.05220603
-0.04956107
0.04933094
0.02506308
0.04186033
0.00827270
-0.04649048
-0.03652804
-0.08116642
0.00205531
0.01580576
-0.01333968
0.05963241
0.08306110
0.04819791
0.02459980
-0.01977157
0.02955543
0.05714471
-0.05612879
0.02630350
0.07233433
-0.03575684
0.05747655
0.04056648
-0.01092634
0.03202009
-0.08360741
-0.00422236
-0.09735417
0.03676122
-0.04159508
0.04043077
-0.08767818
0.00435646
-0.01917849
0.04263611
0.02206315
-0.10682987
0.02593672
-0.02380166
-0.04228987
-0.08462951
-0.00526172
-0.02372620
-0.00307071
0.07591593
0.05119149
0.06562689
-0.00209173
-0.03843971
-0.00623703
-0.05402771
0.05498303
-0.01248829
0.03516988
-0.05676428
0.01870935
0.02388469
-0.06225156
-0.04313768
-0.00974563
0.00310666
-0.00171841
-0.00747608
-0.06782127
0.07189360
0.04473992
0.06240874
0.08361252
-0.02590413
0.10976300
-0.04926858
0.07185089
-0.14238742
0.05288038
-0.05244755
0.00706357
-0.10685842
0.00991542
0.08633109
0.06793286
-0.03111187
0.01778296
0.03782911
0.05817953
0.04483628
-0.13655233
-0.00499702
-0.01858591
-0.00755750
-0.03971960
0.00014963
0.01857213
0.04227454
-0.05227788
0.03979852
-0.01855113
0.01021395
-0.01954802
0.01124113
-0.01247522
-0.07319202
0.08083279
0.02561932
0.00202580
-0.01580200
0.00477538
-0.00673368
0.05168732
0.04813547
-0.01073302
0.16925678
0.04701641
-0.02467261
0.07340328
-0.07340202
-0.02084190
0.04795066
-0.09200855
-0.00759980
0.01828503
0.03584420
0.02499595
0.01513465
0.00788208
-0.01634436
-0.07353596
0.01309943
-0.03877458
-0.02528511
-0.03004118
-0.03249924
0.04088588
0.04091194
0.00196212
-0.01304860
0.04063628
0.03185454
0.09211960
-0.01774822
0.00406363
0.12330637
-0.05848482
0.01942169
-0.10359507
-0.05841895
-0.03704244
0.06428167
-0.02036604
0.02432223
-0.00247413
-0.02892110
-0.05490193
-0.00820430
-0.01510999
0.00702895
0.02429775
0.04894864
-0.08508328
-0.00358407
-0.01691475
-0.04855299
0.04687928
-0.04128033
-0.04436279
-0.00760476
-0.14529207
-0.00314783
-0.00376025
0.08940223
-0.01104836
0.02675067
0.00483170
-0.00979589
-0.02050533
-0.02819398
-0.09394027
0.04997754
0.04326425
0.03433425
-0.01733297
0.07764634
0.00217155
-0.00224193
-0.01699314
0.04871112
-0.09585413
0.00054236
-0.05465581
-0.07276873
-0.07086708
0.02299261
-0.05934491
0.02767756
0.05112244
-0.02957502
-0.02369723
-0.00423353
-0.01594691
0.04828222
0.03200850
-0.02443845
0.04800669
0.01124806
0.03910925
-0.05420001
-0.05921260
0.04691333
-0.03682237
-0.01202733
0.04865686
0.08421398
-0.04319588
0.02724126
0.11975314
-0.00258368
-0.04049394
0.00000626
-0.01141704
0.02019420
0.00700256
-0.01845038
0.03692508
0.00337147
0.02676959
-0.00497968
-0.00154275
-0.02987502
0.01673331
-0.00261155
-0.07665712
-0.08264237
0.01593200
-0.04250253
-0.02158898
0.01356965
-0.00671517
0.02558418
-0.00798088
-0.06975310
0.05183931
-0.03845876
-0.03451433
-0.06846698
0.02233508
-0.01384096
0.00909455
0.03041243
0.01254789
-0.03767111
0.02705602
-0.05367566
-0.00030976
0.00084241
0.08455011
0.00412285
-0.03841616
-0.01761959
0.08786061
0.04677488
-0.07826791
-0.00103830
0.00957237
0.05177312
0.05253734
-0.01548070
0.04849307
0.04523852
-0.04308031
0.00481883
0.01935510
-0.02997050
0.01936963
0.04494685
0.05688269
-0.01067003
0.06215225
-0.02768107
0.04677373
0.01431448
0.06069823
-0.03085976
-0.01219230
-0.03816092
-0.09893509
-0.00643295
0.02410381
-0.04216993
0.00779535
0.09304855
-0.02996844
-0.05398376
-0.06913770
0.04472819
0.00724297
0.01327703
0.01864078
-0.05027010
-0.02830159
0.00303615
-0.02712508
-0.01592098
0.01878169
-0.08255634
0.03655162
0.02653728
-0.03247544
0.01123820
-0.02422023
-0.01360780
-0.04615178
0.07137689
0.06669343
-0.07095105
0.02796224
0.04912735
0.02132941
0.00292798
0.09279048
0.06548510
0.01661586
0.05023957
-0.03784525
-0.07295781
-0.04371185
0.03484966
-0.05874194
-0.03718736
0.05525031
-0.01447524
-0.02704005
0.07549606
0.00752140
-0.02651761
-0.03049524
0.04314117
-0.01505820
0.03774410
-0.05645840
0.06339747
-0.00134703
0.04908387
0.00591950
0.04238290
0.06216180
0.07688380
0.01941286
0.00765617
-0.03584689
-0.02683524
0.05675780
-0.01458995
0.01903534
-0.03411559
-0.01773464
0.01792450
0.03677018
0.01884074
0.06985945
-0.03896563
-0.05653662
0.04280321
0.01217793
-0.02379983
-0.02198808
-0.05843670
-0.01996508
-0.04887569
-0.05564775
-0.04209683
0.09486951
0.00404132
0.03701379
-0.01927117
0.02119634
-0.02439485
0.00923523
0.00948627
-0.05800287
-0.02988086
-0.05209807
0.03004687
-0.00823984
-0.01236730
-0.02660290
0.00420357
0.06391527
-0.01315014
0.05944890
0.06341022
-0.04144885
-0.01673287
-0.01434466
0.05390604
-0.05368471
-0.00032808
-0.04624780
0.02603740
0.02485014
0.05988992
0.02582113
0.01474970
-0.01593305
-0.02256511
0.02038554
-0.02826465
-0.05335638
0.01142136
0.02503538
0.02721532
-0.01544017
-0.08208516
0.04541759
0.00035355
-0.01587337
-0.01572701
-0.02285772
0.02800727
0.04502792
-0.07197389
-0.00281591
0.02186377
-0.01834850
-0.02517145
0.04311536
0.04731570
0.00962264
0.01993049
0.04009159
-0.01737756
-0.04457066
0.02698262
0.03299985
-0.01185889
-0.01072282
-0.01907594
-0.01707148
-0.03913573
-0.01286585
0.01764723
-0.04152660
0.00427511
-0.02057986
0.04124918
0.01631854
0.04078281
-0.05820557
0.01992212
-0.00615009
-0.04518935
0.05221543
0.04494406
0.00223210
0.04987395
0.02434560
-0.01309641
-0.04199537
0.00376230
0.02127703
-0.04248215
-0.06840015
0.00618052
-0.05005944
-0.00864413
0.06125999
0.00561492
-0.08860075
0.00881387
0.03856796
-0.01269800
-0.04954347
0.01183521
-0.02149269
-0.05985335
0.03758541
0.01082793
0.07054017
0.04719944
0.08539077
-0.00244049
-0.03323232
-0.00838776
-0.05261309
-0.00800786
-0.04039251
-0.02730101
0.03992990
-0.00448517
-0.10007345
0.01040693
-0.00609520
0.00273919
-0.02777483
0.02817231
-0.09924653
-0.04334653
-0.04729440
0.06036979
-0.03431930
0.11167596
-0.03660437
-0.09341830
-0.03275130
-0.04424261
-0.05838590
0.04177967
-0.00194021
0.02310845
0.01492474
0.02943543
0.00168650
-0.00007579
0.07702246
-0.03473534
-0.04440267
-0.02036395
0.04194124
-0.04796735
-0.00040446
-0.05236943
0.01977081
0.04321953
-0.04192331
0.01037611
-0.03729569
-0.05506664
-0.03495137
-0.05290814
0.06132503
-0.07250850
0.03982183
0.03100818
-0.03562306
0.04120645
0.00874338
-0.05116378
-0.04485941
0.05806526
0.03536722
-0.00452873
0.07226051
0.04567885
0.02807891
0.01970927
-0.02193794
-0.04252197
-0.03511298
0.04511228
0.00707085
-0.06485400
-0.01308554
0.04466476
0.06318963
0.01866588
0.04042865
-0.04709788
-0.01785656
-0.06880307
-0.00333956
-0.01148704
-0.02545894
0.02259397
-0.01719091
-0.00161325
0.07005282
0.01707645
0.03494719
0.00999840
-0.04459395
0.02508940
-0.06004240
0.04444846
0.03828974
0.03758074
0.09180862
0.07207549
0.03879789
-0.02009624
0.03888322
0.03502151
0.00348490
-0.01864338
-0.03667408
0.05029194
-0.03166171
0.03394807
0.00835800
0.05046399
-0.07628669
0.01077949
-0.05551039
0.00178767
0.02944626
0.03900459
0.04460508
0.00033371
0.03669974
0.04479510
-0.01016082
-0.08263307
-0.02571261
0.02980030
-0.03584768
-0.01496213
0.07358955
-0.01958530
-0.02904943
-0.00007753
-0.07015581
-0.02749025
0.02185187
0.03335905
0.05382837
-0.06541456
-0.02413516
0.02241798
0.11411967
-0.03343925
-0.01917474
0.00316573
-0.02591187
0.01943374
-0.03288328
-0.05427838
0.02620667
0.03283315
-0.02898250
0.05130115
-0.04837741
-0.01364129
-0.00230010
-0.03590281
0.08109554
0.00052314
0.07608181
0.02260527
0.00426321
0.01047009
0.05428438
0.03852263
-0.01008510
0.02141841
-0.10887399
-0.03511287
-0.09503584
0.06648715
-0.02660315
-0.03314716
0.03617601
0.07117753
0.04844690
0.01111896
-0.02443054
-0.09729236
0.00696040
0.02019117
0.01275960
0.06497057
-0.07243088
0.14091456
-0.01586204
-0.06514191
-0.03358664
-0.02369276
0.04482737
0.04483262
0.00483132
0.11621800
-0.06037116
0.02968133
0.00018372
-0.02424131
-0.01468735
-0.04505146
0.00110012
-0.04693390
-0.04308261
-0.01419852
0.06904421
0.00442961
0.01787364
0.04493880
-0.03655956
0.06594787
0.05546280
0.05294309
-0.03555573
-0.00193043
0.03499394
0.03394153
0.06608000
0.04947282
-0.04025398
-0.07614727
0.00547866
-0.03973604
0.02392306
0.00836372
0.01974210
0.00560430
0.00563998
-0.04461522
0.00384444
0.03815629
-0.00055433
0.04999577
0.02139986
-0.02328374
0.00371962
-0.05365776
-0.02555654
-0.04308072
0.01824323
-0.01030230
-0.04841488
-0.04113808
-0.06720778
-0.00938892
-0.08439043
-0.04497109
0.02594611
-0.05656301
0.06135722
-0.05073024
0.02048960
0.04910555
0.02070708
-0.00136833
0.03882624
-0.03109733
-0.04800455
-0.12080353
-0.08864164
-0.08357548
-0.11326674
-0.06646973
0.06781961
0.02794848
0.01644657
-0.00764441
-0.06406075
0.01705071
0.00349136
0.14455037
0.15147917
0.01205422
-0.00674735
0.02417884
-0.02877945
0.01680170
0.07671528
0.08001302
-0.00450496
-0.01934764
-0.06916963
0.11699543
-0.05721228
0.07758489
-0.09540386
0.02652155
0.09627042
-0.10188667
-0.02609792
-0.00398617
0.05430186
0.10041223
-0.04246592
0.11432041
-0.00146505
-0.02898858
0.01628105
0.03830593
0.00178626
-0.11483336
-0.01515205
-0.06915876
0.03939517
0.05581889
-0.00031494
0.01519172
0.11118906
0.09119236
-0.00313054
-0.01271024
-0.03901098
-0.11126186
-0.01518935
0.00765039
0.02618282
-0.07548079
0.00841074
-0.06492726
-0.06271309
0.01898635
-0.02802883
0.01023769
-0.02338558
0.01517863
-0.01832910
0.01751716
0.02502920
0.02282814
0.01797314
0.03782052
0.03468154
0.02804168
-0.10180151
-0.04488419
0.04258564
0.02797308
-0.06630924
0.10024749
-0.03979333
-0.05564481
-0.00405674
0.10119601
-0.12639436
-0.10027229
-0.03493723
0.02371298
-0.07536970
-0.00148327
0.03926985
0.00918883
-0.03224707
0.09055881
0.02659367
0.01819709
-0.03652032
-0.04671108
-0.06007278
-0.07423752
-0.05882483
0.04949456
0.02652641
0.12406241
0.06033316
-0.03577433
-0.02767401
0.02512661
0.09080308
-0.12610230
0.07264230
-0.06215617
-0.00199528
-0.11629438
-0.01661822
-0.05965666
-0.04091207
-0.01557439
-0.00681226
-0.00832068
0.12841253
0.02190325
-0.06270892
0.05399609
-0.00539271
0.05123340
0.02444300
-0.00750457
0.05755495
0.13384417
0.00730142
0.00113683
0.01452755
0.03350807
-0.07480896
-0.01828402
0.06037003
0.06719645
0.01687347
0.02535219
0.03598817
0.05200076
0.02489824
-0.04831045
0.07027323
-0.09133880
-0.00646783
0.19283140
-0.04443414
-0.00201958
-0.06164796
0.00893204
0.05855826
0.00440281
0.02104386
-0.03219249
0.03967690
-0.05707172
0.07954754
-0.03699845
-0.00522866
-0.01358093
0.05415746
0.05447673
0.13383086
0.03094406
-0.09084688
-0.02241054
0.09727546
-0.00049107
-0.05589221
-0.03910240
-0.03374749
0.00451962
0.02263726
-0.03849656
0.00094089
0.04939417
0.05860098
0.06458250
0.00231110
-0.04556849
-0.03978578
0.07989321
-0.05237217
-0.10932716
0.09580936
0.01635833
0.00833136
-0.02467392
0.03224937
-0.05276412
0.12909189
0.06874151
0.05289425
0.00774314
-0.02263513
-0.02634812
-0.05275482
-0.04863231
0.00045683
0.03880367
-0.05803922
0.04726557
0.00537151
-0.00493127
0.09177361
-0.08692086
-0.03087464
0.02377346
0.01514386
-0.00743979
-0.02278684
0.01833929
0.05492364
0.05371235
-0.08200971
-0.00601515
-0.04892513
0.05246368
0.01196728
-0.03463456
0.08835100
0.00908413
-0.09088706
0.00693948
0.02648475
-0.02050082
-0.03744677
-0.03327573
0.02526450
-0.03562180
-0.04785401
-0.03029213
-0.00149426
0.00207276
0.02290355
-0.02438266
0.01264236
-0.04160878
-0.08896265
0.03869781
-0.01705427
-0.01395424
-0.04232134
-0.08383936
0.01881948
-0.01821888
-0.01679594
-0.01224593
-0.00988103
-0.02171369
0.00527475
0.05565136
-0.02193926
-0.07628431
-0.04128036
0.05134403
-0.02026273
-0.01575315
0.03447192
0.02087456
-0.01206933
-0.01930901
0.07400937
0.05697479
0.00841232
0.05283957
-0.03497396
0.00272192
-0.00507522
-0.04003600
-0.07483392
0.05406690
-0.04022659
-0.02073089
-0.02790323
-0.06343565
-0.02208643
0.04672693
-0.03203641
0.01707031
0.01243941
0.00645946
0.04787998
0.02068823
-0.01394688
0.01276922
0.00160740
-0.03132894
-0.04630401
0.00556986
-0.11806165
0.03182968
-0.02501313
0.02917461
0.05343756
-0.02405967
0.03576709
-0.08862454
0.02841028
0.05769528
-0.04302140
0.04036286
-0.02322902
0.00707300
0.01253153
-0.01771415
-0.06173204
-0.06534982
0.03037327
0.00568196
0.02326125
0.01736701
0.05482304
-0.09620833
0.00735310
0.02770044
0.03746193
0.06819621
-0.06158806
-0.00481259
0.00678900
-0.02409476
-0.02053928
0.03973818
-0.00814499
-0.03307584
-0.01808992
-0.00010894
-0.05475710
-0.00591650
0.02391167
-0.01817394
-0.05238763
-0.04845842
-0.00681916
0.04479761
0.03428092
0.07334237
-0.05475437
0.00043171
0.04812638
-0.00795637
-0.02912424
-0.01359771
-0.03437291
-0.00788761
0.10447972
0.02800212
-0.00695079
0.08077685
-0.02614669
0.06572995
0.00820518
-0.06934428
0.01356331
-0.06017272
-0.04928967
0.05547549
-0.00364890
-0.03787304
-0.00997960
0.00821255
0.01612746
0.06412698
0.09200832
0.06543653
-0.04921782
-0.00971394
-0.06641972
0.04719914
0.00955567
-0.01088092
-0.00645494
-0.01706675
0.03055124
0.02458175
-0.01220540
0.06480098
-0.04077319
-0.08706012
-0.04106953
-0.02379176
0.02022752
0.04851701
0.07074565
-0.00348775
0.00510923
0.01805606
-0.00796065
-0.02308610
0.02723875
-0.03958746
0.01595370
0.10450479
0.01927052
-0.00818775
0.04895812
-0.01584200
0.01772914
0.02561368
-0.01846988
0.03415560
-0.06518415
0.07510386
0.00745025
0.02232994
-0.05250651
-0.03198760
0.00947736
0.01806094
-0.04091704
0.07836902
0.06239611
-0.06249047
0.05926359
-0.00693456
-0.04222568
0.03623549
0.01202188
0.02746805
-0.00710665
-0.02776206
-0.01187361
-0.05757574
-0.01656624
-0.04932524
-0.01746867
0.00001445
0.03057390
-0.04502508
0.04543158
0.08098003
-0.02551650
0.01134405
0.02008566
-0.02819132
-0.03234065
0.05534143
0.04995685
0.06811842
0.06429548
0.05635599
0.01484607
-0.05001657
-0.00982219
0.02520368
0.03435059
0.10708749
0.06344078
-0.00917275
0.00902409
-0.05298200
0.05494093
-0.04596882
0.00892555
0.03072192
0.01650146
-0.04393446
0.02437470
0.02328845
0.03972977
0.08604518
0.06164361
0.05284116
-0.03509383
-0.01529976
0.05669346
-0.03141675
0.00526171
0.02681481
-0.01802463
0.01316923
0.05123209
-0.04131183
0.01220879
0.04325770
0.03273445
-0.02204980
-0.04176173
0.01541583
0.05212807
0.00028763
0.07707728
0.01572560
-0.04045957
0.01563331
-0.00612062
0.05376320
-0.02742341
-0.01399917
0.02146698
0.04191285
-0.03168700
0.02634330
-0.06826057
-0.03832201
-0.06338792
-0.03524162
-0.04467316
-0.05595428
0.03108494
0.01143108
0.00247019
0.02207385
0.10364244
-0.01412218
-0.00753357
0.01114195
-0.00777253
-0.04425339
0.01995387
-0.06734099
-0.00534832
0.00732106
-0.00661335
-0.00269616
0.01765927
0.01581467
-0.03978213
0.04431937
-0.01202676
0.02056698
0.05992695
0.03899837
0.00678688
-0.02618744
-0.02580795
0.04285357
0.05037997
0.04232104
-0.05831176
-0.01058395
0.00206414
0.03573392
0.01426246
0.02953068
-0.01695712
0.01380531
0.05070449
-0.02783998
-0.06081005
-0.02073176
-0.01512873
-0.01544388
-0.02049805
-0.03872394
-0.09159669
0.03135115
0.06142985
0.04551196
0.01726812
-0.07279695
-0.03362484
-0.04628857
-0.03191241
-0.03220867
-0.03780153
0.01167648
-0.01117782
0.05971903
0.05338473
0.05217142
0.01876998
0.00873384
0.05244330
0.00351069
0.01775960
-0.02330855
0.05811655
0.03663697
0.01535811
0.01106243
0.00550324
0.03072455
-0.09158526
-0.01847771
-0.01414908
0.01688176
0.02520065
-0.02813696
0.00096892
-0.01964937
0.04814244
0.06499685
-0.00057824
0.01802187
0.02614086
0.00247883
-0.02887267
0.00470956
0.02838924
0.02472063
0.00483144
0.02463229
0.02186582
-0.06265297
0.03791001
0.04795607
0.00143698
-0.00209619
-0.00529692
0.02162816
-0.02786171
0.04514349
-0.04803995
-0.01273487
-0.01275813
-0.06714345
-0.02750280
-0.04753980
-0.04642260
-0.01998160
-0.01410038
0.05640336
0.00768721
0.02468635
-0.00707428
-0.02875663
0.04196213
-0.00748066
0.02687404
-0.02816355
-0.02823639
-0.02155786
-0.05732846
-0.00028044
0.04971533
-0.01390300
0.01649724
0.02759149
0.05359956
0.00349702
0.03042939
-0.01515315
0.01217312
0.01813807
0.02417511
-0.02344902
-0.07158130
-0.00264707
-0.03447425
0.04154385
0.04604751
0.02996707
0.04842206
0.02509318
0.03532979
0.05974799
0.06198983
0.00779694
-0.06021574
-0.02723145
0.02027971
-0.04423704
0.05425829
-0.03921673
-0.02733106
-0.02284304
0.01068619
0.01419300
0.00119340
0.01111590
0.11832274
-0.01502550
0.01041312
-0.02987562
0.02235379
0.00882581
0.03534913
-0.00494618
-0.00147938
-0.03237968
-0.01586313
0.03602951
0.06763431
-0.03039086
0.03287043
0.01170483
0.06254862
-0.07684023
-0.07359393
0.03725663
0.01537462
-0.06483502
0.03135020
-0.01186545
0.00256862
0.07896781
0.03785723
0.04212843
0.05121835
-0.02895855
-0.05191555
0.01443062
-0.01324535
-0.00817936
0.00159322
-0.05571644
-0.05175381
-0.01646820
0.02782958
-0.07145753
0.08562343
0.01217774
0.02453433
0.00200894
-0.03324000
0.04552970
0.03192995
-0.03767229
-0.03165959
0.00373664
-0.00114640
-0.03912203
-0.01053017
0.00028570
0.01289977
-0.00390513
-0.01333316
0.02208801
-0.00390495
0.03999854
0.03749289
0.01460214
-0.02858840
-0.02116419
0.00179836
-0.01898682
-0.05418397
-0.01802129
-0.05271751
-0.04591810
0.00639521
0.01935503
-0.03974180
-0.03045929
-0.00685416
0.02749159
0.00375624
-0.01947168
0.05204413
-0.00445991
-0.00764315
-0.01731449
0.05695370
0.04091684
-0.01503894
0.01994920
0.02050627
-0.03770160
0.02835430
-0.04291468
-0.01678468
0.01979253
0.04029822
-0.01827469
-0.03960224
-0.04960960
-0.04003400
0.02012130
0.05067820
-0.02786424
-0.05248271
0.02397412
-0.00193138
0.02058093
0.05383596
-0.01996784
-0.02934279
-0.00035583
-0.03187675
0.03451974
-0.02571346
-0.04600812
-0.00294054
-0.02620227
-0.01337810
0.00166033
-0.04482556
0.04169079
-0.00522923
-0.02353976
0.02170236
-0.01058091
-0.03093524
0.04727834
-0.04213653
0.03302751
-0.03272605
-0.01012875
-0.03549296
-0.01638994
0.01513661
-0.02580870
-0.04050892
-0.03405971
-0.02231927
-0.05050527
-0.00056675
0.04413673
0.05044297
-0.04035687
-0.00554812
-0.03478871
0.03702192
0.00826248
-0.02536445
-0.02443437
0.04986952
0.01888808
0.00362350
0.02179582
0.03741281
0.02688036
-0.03836083
-0.04781181
0.00733432
0.03660213
0.01963686
-0.03078554
0.01907398
0.03277604
-0.05044633
0.03186921
0.02424802
0.02861102
-0.03392673
0.01309504
-0.03149469
-0.00835917
-0.01578376
0.05577106
-0.05049682
0.02033332
0.00294147
-0.02079195
-0.01777015
0.04304717
-0.03470591
-0.02280005
-0.03059984
0.05059295
-0.00211355
-0.04293080
0.01955791
-0.02955177
-0.03503320
-0.00021224
-0.02624553
0.02043817
-0.00480784
-0.00535815
0.01399035
-0.00189198
-0.03821573
-0.00106128
0.03306383
-0.02186756
0.05307163
0.04053886
-0.03636454
-0.03578020
0.00090752
0.00043531
-0.02950759
-0.02661401
-0.04327039
0.02234033
0.02346486
0.00198413
0.01258512
-0.04119173
0.01308792
0.00095094
0.00639334
-0.01091659
0.00599212
0.02479865
-0.03697525
-0.00798545
-0.02175834
0.00022582
0.04441530
-0.02483229
-0.04097224
-0.01042234
0.00776217
0.00577299
-0.00974130
-0.04252636
-0.03054209
0.04710753
-0.00407144
0.04249411
0.02244033
0.02659427
0.01619360
-0.04765676
-0.01027381
0.05146389
-0.00766133
0.00273367
-0.03784120
0.00230582
-0.01476785
-0.00401222
0.04741738
0.00851204
-0.03720458
-0.04213337
0.00101301
0.00237540
-0.04311075
0.04454424
0.02730945
0.00248206
-0.02765721
0.03522002
-0.02989643
-0.00536311
0.02000209
0.03641523
0.03510679
0.02097395
0.01273215
-0.01192276
-0.04450560
0.04381542
0.00525320
-0.05600218
0.03967818
-0.05669644
-0.04532951
0.04798122
0.02101159
0.01302707
0.04790167
0.00844888
-0.03584926
-0.04648424
0.01171960
-0.03592889
0.03463505
-0.04949193
-0.03764780
0.00997390
0.02573735
-0.00152124
0.02040611
-0.00850928
-0.01773669
-0.01657735
0.00224967
-0.01526025
-0.01107645
0.00722634
-0.01532014
-0.06282198
-0.04094067
0.01509459
-0.01557578
0.02562227
0.00477271
0.00259989
-0.04840329
-0.00001110
0.04571615
0.03300421
-0.01503304
0.02039728
-0.00205742
0.02479780
0.04399511
-0.02578260
-0.03857858
0.01805681
-0.00045971
-0.00650137
-0.03491987
0.00799480
0.02539104
0.04630754
0.01524974
0.00669193
0.02120273
-0.00898479
0.01528117
0.01755217
-0.01361688
-0.03376710
0.02942914
-0.05552059
-0.03230283
-0.05023861
-0.05948380
-0.02482559
-0.03168518
-0.04106430
-0.03003267
0.01250205
0.02777385
0.00433835
-0.04709225
0.03050682
-0.04300476
-0.00848657
-0.02838334
-0.02469118
0.02242190
0.00802847
-0.00760413
0.04129913
-0.02430995
-0.00346721
0.02338909
-0.02810826
-0.02532468
0.02728467
0.00187885
-0.03880223
0.02214893
-0.00387815
-0.00122109
0.02252883
0.04321428
0.00392416
-0.02309701
0.03992087
-0.03046102
0.01529175
-0.03199027
0.01672797
-0.03260797
0.00752324
-0.04649560
-0.03724084
-0.03805668
0.04461731
-0.02023517
-0.01744258
0.02363712
-0.01380976
-0.01107001
-0.03041153
-0.01012355
-0.03189774
-0.01269237
0.00905709
-0.04852340
-0.04795679
-0.01415268
0.01663890
-0.04170587
0.03133523
-0.02194734
-0.05981913
0.01311189
0.02458444
0.05751056
0.02178035
-0.04582049
0.02371371
-0.00958309
0.00675276
-0.01201786
0.03733499
-0.02298112
-0.01381294
0.04026565
0.03730370
-0.02407302
-0.03943781
-0.03131853
0.01347362
0.02331728
0.06103350
-0.03201006
-0.00550343
0.00182308
-0.00266868
-0.04966918
-0.02554580
-0.02212967
0.04673764
0.04640325
-0.05801363
0.01802646
-0.01689933
0.01057321
-0.01145188
0.03551110
-0.01084576
-0.01933559
-0.01262252
0.06368592
0.05167665
-0.03994550
-0.03167707
0.03219137
0.00581599
0.05443765
0.02307095
0.01567996
-0.02669989
0.03124364
0.00889930
0.02019090
-0.00179672
-0.03873898
0.00564469
0.04594575
0.03134938
0.01941808
0.01743821
-0.05051571
0.00354295
0.04229103
0.00602182
0.03240641
-0.04049034
-0.05035254
0.02567068
-0.00621408
-0.01713788
-0.01341555
0.04259245
-0.04019190
0.03651312
-0.03593340
-0.02959861
0.01417987
-0.03321000
-0.04261343
-0.00294457
0.03146199
0.02895478
0.00136250
0.03275567
-0.00911402
-0.00674819
0.03421214
0.02483938
-0.03282472
-0.02908501
0.03026185
0.02616821
0.04051936
0.02339013
-0.03719598
-0.04651278
0.00287233
-0.01709724
0.03369543
-0.04095468
-0.05186166
-0.00177925
-0.02875707
0.02766548
0.03617682
0.04470538
-0.04682073
0.02429034
0.04591487
0.03262306
0.01986875
-0.02229145
-0.03980539
-0.03375722
0.03827273
0.03581154
-0.01233601
0.00449014
-0.04413044
0.05802779
0.00254514
0.01937638
0.02658397
-0.04629286
0.04676914
0.02781670
0.03131391
0.01973289
0.01781008
0.03730354
-0.03610695
-0.03803694
-0.05844673
-0.02713146
-0.03220946
0.01709769
-0.02000392
0.04728434
0.05651803
-0.01069639
0.03835785
-0.04601829
0.00070145
-0.01056771
0.02274123
-0.02690455
-0.00355187
0.04436951
-0.01311559
-0.05388676
0.00187174
-0.06373433
-0.04742435
0.01508081
-0.04751019
-0.02118764
-0.00768647
0.04204774
-0.04034723
-0.00739292
0.00076066
-0.03797069
0.00729080
0.02336941
-0.00047735
0.02891876
0.05756728
0.04746234
0.04410924
0.03340520
0.02499561
0.03722508
0.03979771
0.00484865
0.00066189
0.04491568
-0.03223219
-0.01104459
-0.04663587
-0.03212969
-0.04842070
0.02868563
0.02926557
-0.01697757
-0.00909986
-0.01266375
0.01003167
-0.00269738
0.01867084
0.01179567
-0.01931250
0.02854741
0.00534466
-0.00674632
0.01989060
0.00656114
-0.05255037
0.04608822
-0.01829846
-0.02443257
0.03755241
-0.02721466
-0.02265690
0.01563587
0.01766614
0.04321013
0.01159207
0.01284761
0.09223821
0.00489857
-0.03166601
0.05087782
0.01826163
-0.03872127
0.01984545
-0.00554592
-0.00831869
0.00401718
0.05192415
-0.07418002
0.02724527
0.01611109
-0.05376273
-0.06690805
-0.01708405
-0.03040817
-0.06212357
-0.06524729
-0.00135469
-0.04100721
-0.00968491
0.01086553
-0.01360849
-0.02366384
-0.09108088
0.07046118
0.06958839
-0.01770122
0.12721437
0.06223695
-0.03594431
0.00763004
0.11791492
-0.09615290
0.04837395
-0.12009262
-0.00018974
-0.08440589
0.13241680
0.06882983
-0.00053682
0.02666267
-0.00117651
-0.02532724
0.12099057
0.05928442
-0.10706770
-0.00606196
-0.08269639
-0.06502321
0.09918001
0.01609386
-0.02924310
0.03006663
-0.09737257
0.00734430
-0.03763795
0.10107969
0.00415133
-0.00160990
-0.02453610
-0.01837623
0.07006282
-0.00902011
0.03239718
0.01244942
-0.04565945
-0.04594802
-0.03673144
0.02355774
-0.06379031
0.05824126
-0.05360033
0.00067607
0.05058752
-0.01450850
0.00335353
-0.06248996
0.05537947
0.00250632
0.01822837
0.00990332
-0.03122115
0.02450361
-0.02378480
0.06527835
0.08335941
-0.02076061
0.02366244
-0.00425910
-0.11905733
0.02833629
0.02263894
-0.01326128
0.03682462
-0.03568658
0.07155836
-0.08653742
0.00596881
0.06536946
0.03368146
-0.05869144
-0.04391434
0.04001359
0.00394768
0.03475775
-0.08433159
-0.08215327
0.05243569
-0.04634918
0.08354956
-0.06468526
-0.08114008
-0.07326300
-0.03454781
0.07076287
-0.00913097
0.03154228
0.00339402
-0.04588784
0.13025023
0.00891010
0.04089892
0.08215576
-0.02050691
-0.09088184
0.04352205
0.10173449
-0.07866858
0.06254283
0.05518926
-0.00584113
-0.01846717
0.05813478
-0.01178898
0.03805890
-0.04202477
0.04317906
-0.04480375
0.00763255
-0.04775923
-0.01860259
0.03385721
0.05807047
0.00545259
0.02422321
0.02981716
-0.06216392
-0.10756645
-0.02064771
-0.11566114
0.13356939
-0.03155240
-0.14487611
0.01740824
0.01666072
-0.07190362
0.04159926
-0.03385766
-0.05532909
-0.00200005
0.02388243
0.08019876
-0.09473538
-0.00048998
-0.03411086
-0.09511062
0.03600068
-0.00403713
0.00820457
-0.02562848
-0.00912725
0.01407464
-0.01943448
-0.02750880
0.01414787
0.09314261
-0.02422304
0.01028048
0.00289089
0.04546584
0.04567435
0.00959223
0.07227870
0.06217613
0.04290505
0.03132325
0.03550677
-0.01082358
0.03933465
-0.06016275
-0.05233025
-0.06056663
0.05877800
-0.09956404
-0.06516661
0.12044465
-0.08462768
-0.00055853
-0.05839728
0.02928683
-0.08492061
0.08422469
0.02830882
0.04609986
-0.05533697
-0.00249942
-0.13960382
0.01643449
0.02158311
-0.03616956
-0.04444008
-0.05491068
-0.02646980
0.06436282
0.00442705
-0.09806835
-0.00124494
-0.04331155
0.08604639
-0.05787943
-0.06201508
-0.05807243
0.00788159
-0.01876286
0.06292895
0.03006124
-0.00490478
-0.09151664
-0.04342816
-0.06769402
0.05664245
-0.04589225
0.03134686
0.02822436
0.03365946
-0.02482939
-0.02546760
0.03896114
0.00428896
-0.05367244
0.00369336
0.02187637
0.00099806
-0.03642833
0.04016212
-0.03585459
-0.05078021
0.01855962
0.02390087
0.02743231
-0.01403663
0.06982781
-0.04495881
0.07582043
-0.00484672
-0.00139768
-0.03425756
-0.01532630
-0.07852148
-0.02520592
0.00310436
0.00798210
-0.04069684
-0.09013011
-0.00483872
0.05558040
-0.00072742
0.08204804
-0.05625380
-0.07649671
-0.00449156
0.00793999
-0.05935088
0.02561538
-0.00341433
-0.03914309
-0.02757077
-0.09915506
-0.04544349
0.01328869
0.05544882
0.01795943
0.04136564
0.08698745
0.04050157
-0.01223935
-0.05954454
0.03885210
-0.00900622
0.00091084
-0.07421508
-0.03343423
-0.02814904
0.01558805
-0.03206980
0.00316584
-0.02411396
-0.03019219
0.00161605
0.08516183
0.06801620
-0.01180662
0.04924361
-0.14420505
-0.09825052
0.05257237
-0.04089890
-0.01985634
0.01172376
-0.02199351
-0.02080791
-0.00560968
-0.04385558
0.03196851
-0.02938242
0.00000666
-0.03508750
-0.00415224
-0.03552519
-0.05083850
-0.03481101
0.03597583
-0.05388575
-0.03750509
0.04221859
-0.03841089
0.04649812
-0.00812099
0.01763785
-0.03688485
-0.11065692
-0.06848440
0.05158664
0.07164060
-0.05902384
0.01259774
-0.01340289
0.00515255
-0.05238575
0.03705152
-0.02552401
0.05272945
-0.07164831
0.06139502
-0.01934675
-0.06811318
0.03494720
-0.01184044
0.02763565
-0.04023938
-0.02369640
0.01227250
0.00457352
-0.00431334
0.00367506
-0.00294760
0.05251816
-0.04874122
0.01707073
0.02812274
-0.06843616
-0.00817470
0.03544594
0.04246090
0.02033699
0.07486213
0.04499881
0.02083343
-0.02120814
-0.00251125
0.08967672
-0.00274946
0.13699770
0.07122383
0.02273838
0.08189406
-0.03182291
0.02678176
0.07623275
0.00442151
-0.07031197
0.04218327
-0.05645282
-0.04909296
-0.04591647
0.01096167
0.00796988
-0.00152706
0.01529768
0.05335872
-0.00151292
-0.14025892
0.00181638
-0.01683088
-0.08478060
0.01360148
-0.00951222
0.10355438
-0.03742794
-0.01584878
0.05508421
0.02500570
-0.04567795
-0.08881956
-0.03269608
0.04018267
-0.01777610
-0.07930306
-0.04755081
0.05415919
0.04803796
-0.04076798
-0.03736191
-0.01741548
0.00137656
-0.01472349
-0.03039251
0.12920927
-0.02550919
-0.04495083
0.02220697
-0.10465604
-0.03720288
0.08206416
0.03815696
-0.06382456
-0.00098952
0.05487622
0.06991842
-0.03207101
-0.05357795
0.06361406
-0.04015478
-0.02162438
-0.00721786
0.04230592
-0.03419134
0.02647953
0.07329432
0.04880124
-0.00475242
0.01386461
-0.01053149
0.01924121
-0.06009370
-0.05215689
-0.02658669
-0.04043888
0.07430737
-0.02184246
0.02066593
0.05314881
-0.00745857
0.01644013
-0.04655709
-0.06849123
-0.00464655
0.08298724
0.07806303
0.03035460
0.07107361
0.03451482
-0.08581772
-0.01161977
0.02757931
-0.02906612
-0.04316653
-0.13102482
-0.04248292
0.03756537
0.01770533
-0.10880404
-0.03937604
-0.00694463
-0.08794713
-0.06468769
-0.11160425
0.01681773
-0.01905947
-0.04687534
-0.02277546
-0.01056524
0.00608344
-0.01770526
0.01818603
-0.03495843
0.06001073
0.02802029
-0.00790104
0.00051606
0.02320583
0.00590233
-0.01959303
0.08390564
0.06627858
-0.01575205
0.03765833
0.07980656
0.00501814
-0.05337449
0.00291559
-0.04601142
-0.07685983
-0.06204135
0.03194604
0.02538483
-0.02070700
-0.01356201
0.03534864
-0.02656540
-0.00472850
-0.03837024
-0.02057042
0.01357840
0.02036216
-0.00364061
0.04245928
0.04552558
-0.02362274
0.01988845
0.02928384
-0.04928918
-0.05795071
-0.03344160
-0.00948521
0.01108518
-0.04034701
0.00438548
-0.01126783
-0.01968012
0.03335598
-0.03819424
-0.03012752
0.04638121
-0.01371423
0.06019127
-0.01144803
0.01452433
0.01950020
-0.01433134
-0.00047979
-0.02017412
0.03030071
0.03226811
-0.02195232
0.04433893
-0.01024967
0.00356535
0.04806999
-0.02877229
0.04791616
0.03414297
-0.02472068
0.02458951
-0.04685317
0.01205720
0.02099265
0.01830201
-0.01275861
0.01552839
-0.04745433
-0.00255927
-0.01232802
-0.01592117
-0.02299692
-0.03055047
-0.00947833
0.00153689
-0.02782320
0.01714111
-0.00765985
0.01818567
-0.01444954
-0.02528102
0.00056068
0.01587987
0.02230483
-0.03071294
0.01561361
0.04370451
-0.01333464
0.04020757
-0.01299588
-0.03341428
-0.02814379
-0.03786836
-0.04660734
-0.01618598
0.02946645
0.00678067
0.03635603
0.01973840
0.01386986
-0.01009686
0.03468627
-0.02164811
0.01850363
-0.04344303
-0.05693938
0.04580586
-0.00832270
-0.02467415
-0.02447529
-0.04023170
-0.04029056
0.03805560
0.05839364
-0.01338075
-0.03901422
-0.01881832
-0.01843595
-0.02079765
0.00268269
-0.01563142
-0.00476836
-0.01615895
0.02577314
-0.05166804
-0.00850725
-0.04210038
0.02133638
-0.02353509
-0.01469687
-0.03579262
-0.03008217
0.04713413
-0.00184346
-0.03428291
0.00883063
0.05026983
-0.03866459
0.00108320
-0.02805745
-0.02202801
0.01240781
-0.00308197
0.00893959
-0.01260722
-0.01106021
0.02247521
-0.00154370
-0.04289290
0.03484502
-0.05541560
0.03514802
-0.01579359
-0.01179073
-0.02935617
0.02876963
0.02417833
0.05931411
-0.02039166
-0.00305364
0.00432678
-0.02629943
-0.03081996
-0.03532732
-0.02881939
-0.01716889
-0.00132530
0.03235278
-0.00067227
-0.01060869
-0.01607117
0.01245573
-0.02221284
0.00752613
0.03854940
0.02199602
0.01490570
-0.03336879
0.00152815
0.02251290
0.00232573
0.01954792
-0.00875396
-0.02007625
-0.02867282
-0.02073563
0.00693247
0.00711352
0.03152089
0.00413399
-0.04751452
-0.04758373
-0.00702022
-0.00844761
-0.01899895
0.03238916
0.01958285
-0.05599820
-0.01845515
-0.04973491
0.01575245
-0.03527804
-0.01167225
0.00944155
-0.02200590
0.03199817
-0.03535252
-0.04150586
0.00522682
0.04661071
0.05156587
0.03098600
-0.03447378
-0.01555278
-0.02823002
-0.04085711
0.02122054
0.02704943
-0.04584147
-0.04976540
0.01152641
-0.01794428
0.01475191
0.02137735
0.03030219
0.03292713
-0.05413179
-0.00015434
0.01803686
-0.04135491
0.03399428
0.01373885
-0.03464987
-0.00230751
0.00814846
-0.04609420
-0.03982114
0.04022332
-0.02435251
-0.00922002
0.01669241
-0.01163986
0.04402214
0.00956619
-0.01223505
-0.02680515
-0.02868091
0.03003553
0.03870381
0.04984437
0.02498708
0.01390808
0.00247562
-0.01070116
-0.00273466
-0.03277810
0.03941689
-0.00404466
-0.00503430
0.04833593
-0.00270391
0.01731625
-0.03593046
-0.01523623
-0.03681905
-0.04924939
0.01578697
0.03619775
0.01994858
0.04455162
0.00520949
0.02041590
-0.02194015
-0.03841491
-0.00612623
0.02093063
-0.01380002
-0.02174269
-0.04598964
0.02559223
-0.04045119
0.03068655
-0.04618876
-0.01805782
-0.03955193
-0.01637015
-0.03181202
-0.05187450
-0.01141870
0.02887510
0.03434462
0.00094976
0.02954280
-0.01022473
-0.01922670
0.01244333
-0.00818625
-0.03876096
0.04189897
-0.00523492
-0.01763662
0.01534008
-0.02420228
0.02832909
-0.05173700
-0.01670464
-0.05867430
0.03709526
-0.05458271
-0.03898805
-0.02538896
0.00289052
-0.02807275
0.03000159
0.04142963
-0.00353206
-0.03461237
-0.00960602
0.02645141
-0.04558108
0.01425944
0.03211855
0.00032191
-0.00123752
0.01866417
-0.02351431
-0.01237821
-0.04005460
-0.00403112
0.01612677
-0.03352423
-0.04697019
0.02345835
0.03602822
0.00153657
-0.03719731
0.03724685
0.03544447
-0.04823114
0.00599598
0.02307560
-0.03663358
-0.04131095
-0.02686005
-0.02644675
-0.02025498
-0.04936410
0.01758711
-0.00894745
0.03562657
0.04427690
0.01771385
0.02124911
0.00030658
0.04441939
-0.03345719
-0.01253927
-0.01332216
-0.00111048
0.02781325
0.04063902
-0.01922570
0.03151210
-0.00445701
0.05227627
-0.01171738
0.01411211
-0.03480573
0.01138130
-0.05049106
0.04797490
0.05348622
-0.00400917
0.02149331
0.00194896
-0.00440250
-0.05132360
0.02804182
0.01158995
0.01116660
0.04028905
-0.03470339
0.02594246
0.01197083
-0.02619004
0.05134228
0.03386932
0.00075507
0.03711159
-0.01994028
0.03015769
-0.00925461
-0.05203143
0.03800575
0.00991513
0.03603174
-0.01295083
0.08831684
-0.01195801
0.05521432
-0.00568328
0.07111754
0.03887498
-0.02334979
0.02291456
-0.01158062
0.02508928
0.00489003
-0.00500815
-0.03697296
-0.01379662
0.00569698
-0.04831990
-0.00417660
-0.03663668
-0.04606240
-0.00669310
-0.03558045
-0.00476847
-0.02223948
-0.01591622
-0.04607551
0.01056339
-0.04352397
0.01242711
-0.00551256
-0.02709395
0.05116949
0.03807775
-0.04463811
-0.04715787
0.02258910
-0.02203903
0.03491653
-0.02276975
0.00497548
-0.04610254
-0.04146257
-0.05103783
-0.01531622
0.00197724
-0.02618207
0.03149514
0.02601813
-0.04024916
0.01671094
0.01026103
-0.04931423
-0.00181806
0.05378253
0.01808386
-0.04451544
0.00818998
-0.00010995
-0.07002259
0.02515377
0.02151919
-0.01457849
0.03975601
0.05017621
-0.02819219
-0.02470859
-0.00709033
0.01405959
0.02217890
0.04542061
0.04133020
-0.01526488
0.01407156
-0.00141936
-0.02309808
0.03371082
-0.01707830
-0.00961313
-0.03128699
-0.02775586
-0.01820221
0.01190001
0.04636174
0.01868868
0.00977097
-0.01359972
-0.02115948
0.01089615
-0.02325621
0.06268747
-0.04001478
-0.03392101
-0.00983286
0.00482320
0.01428835
-0.04256683
0.03377672
-0.03823689
0.03467741
0.04203801
0.03882296
0.02281127
-0.03287714
0.02473941
0.01028870
0.03064336
-0.00971623
-0.00251088
-0.02471307
0.00788121
0.03366703
-0.00271625
0.04255594
0.02964862
-0.04558631
0.02504907
-0.01607753
0.01253267
-0.03415839
0.01162298
-0.02682725
-0.00376952
0.03363220
0.00416319
0.03268357
0.01850233
-0.03326752
0.04881283
-0.02368918
-0.00245759
0.00185246
-0.00113052
-0.04123479
-0.05017835
0.03104104
0.04527586
0.02354007
-0.02892606
-0.04908376
-0.03412937
-0.01186632
0.00514815
0.07880520
-0.03506392
-0.01320437
0.00316087
-0.06534792
-0.04249186
0.02369815
0.02825290
-0.01002475
0.00073805
0.04962518
-0.02671610
0.01751731
-0.02391264
0.00377168
0.06200891
-0.04972976
-0.05433373
-0.05428577
0.02894502
0.00809981
-0.03408957
0.00309752
-0.00560810
-0.06874293
-0.00203661
-0.00671169
0.02373912
-0.05725162
0.01708240
-0.03412523
-0.02113288
0.02669504
-0.01232405
0.02924274
-0.07226405
-0.01910927
0.00456797
-0.04617685
-0.03872709
0.06933518
0.12046091
-0.03755261
0.01191912
0.05737446
-0.02331009
-0.02751829
-0.05956258
0.00324975
-0.01176950
-0.00030183
-0.01546933
0.00592666
0.01545356
-0.01951960
-0.02406500
-0.03456597
0.00697972
-0.04213662
-0.01785451
-0.01418100
-0.01364292
-0.03131653
0.03347773
0.01713230
-0.03539217
-0.08859327
0.02133635
0.03028405
-0.04515706
0.01842107
0.03412339
-0.02410104
0.01482840
0.03715869
-0.01236070
0.03295981
0.03793205
-0.04671916
0.03634593
0.02905702
-0.00434585
-0.00890571
-0.06755983
0.02858107
-0.04474339
-0.04614522
-0.03282192
-0.04373686
-0.02200702
-0.01869315
-0.01930101
0.04011141
0.00882829
0.03394718
0.04867146
0.01803494
-0.03153537
0.03826753
0.02955805
0.01923504
0.02151601
-0.09021517
0.03115083
0.02886772
0.00592557
-0.04393458
-0.00808814
-0.00748553
-0.06708595
-0.03315927
0.01012436
0.03865515
-0.07060215
0.06121228
-0.04289314
0.02870595
-0.03628688
-0.00133787
0.00130302
-0.01604328
0.06988534
0.05063457
-0.00690295
-0.00466368
0.05394416
-0.03106005
0.01765917
-0.04745334
0.02386564
-0.03801432
-0.02319132
-0.05628287
0.02859175
0.02643750
-0.00879674
-0.03833262
0.01871674
-0.08365561
-0.02841864
0.01638922
-0.04919803
0.02411480
-0.06018177
-0.04260875
-0.05836751
0.01927274
0.05226075
-0.01010628
0.04373460
0.01756475
0.03882484
0.02090997
0.01179737
0.01647531
-0.01944727
0.05752742
0.02737137
0.00751399
-0.04886940
-0.01319908
-0.05535155
-0.03098584
-0.03123580
-0.03934769
-0.01109804
0.02636135
0.03112739
-0.03935888
-0.01840413
-0.02304818
-0.04643635
-0.02861100
0.03143456
-0.02237357
0.01656678
-0.03661552
0.03550379
0.05728372
-0.02559928
-0.02914103
-0.01794957
-0.02721534
-0.01547343
0.00674915
-0.05026368
0.04045027
-0.03574374
0.00510252
-0.04652050
0.00329841
0.04127185
0.03432666
-0.05806307
0.01979269
-0.04228568
0.04268562
0.00492375
-0.01750072
0.06236474
0.03700631
0.04285028
0.04905614
-0.03331055
-0.05420339
-0.02440346
0.02245621
-0.01219257
-0.03336434
0.00456425
0.02962834
0.01488638
0.00554708
0.05503924
0.00792441
0.00699417
-0.01580388
0.04289413
-0.03111540
0.01027382
0.00455510
0.02522358
-0.02898046
0.01112979
-0.05213146
0.00585552
0.03207444
0.04751036
0.02050511
-0.03582979
-0.01880617
0.00018527
0.01318717
-0.02547711
-0.00336579
0.01319701
-0.00398824
-0.04553347
0.01011876
0.07966529
-0.02594348
0.04073477
0.04020379
0.02640597
-0.03166709
0.02078159
-0.06058349
-0.01868281
0.07009277
-0.01138739
-0.01600852
0.00387548
0.10035899
-0.00640847
-0.00711724
-0.01700854
-0.03273232
0.02609535
-0.04924057
0.01778129
-0.07101154
-0.04579258
0.05361039
0.02551933
-0.00006195
0.01951189
0.05763318
0.01111833
-0.06622569
-0.02678975
0.03427511
0.06072323
-0.10369996
-0.09803113
0.01322814
-0.00874307
-0.08961553
-0.02394092
0.10247200
0.02059583
-0.05198243
0.11317237
-0.09222225
-0.04351037
-0.09183119
-0.06812933
-0.04516440
-0.00818555
0.00137291
0.00926608
0.07072565
-0.01986822
-0.09512269
0.00899266
0.01314247
0.01314225
-0.01431620
0.07079015
-0.10905287
0.00103615
-0.01741663
0.05246822
-0.00718914
-0.02715330
0.03307338
-0.07508162
-0.05729762
-0.01616881
0.07187284
-0.05235808
-0.05439813
0.02714075
0.00643743
0.06199230
-0.05496666
-0.00530701
0.02773943
-0.03461437
-0.05622285
-0.06673029
0.05507719
-0.10958257
0.09026176
0.06227476
0.10857441
-0.06025958
-0.16817707
-0.02111005
-0.03694117
-0.00047912
0.09895092
0.00687535
-0.00247201
-0.03606165
0.03609907
0.01832151
-0.04912828
0.08142430
0.11176029
0.07555977
-0.04170462
0.05823102
-0.03122091
-0.02577383
-0.02997577
0.05216870
0.06068390
0.00759951
-0.02419401
-0.03686218
-0.01292938
-0.02930404
0.01175849
0.06859697
0.03038100
0.06308331
-0.02868513
0.11837085
-0.18750399
0.00301354
-0.12841877
-0.08130746
-0.05927636
-0.08766228
0.00454198
-0.02044142
-0.18635215
0.02991209
-0.00481881
0.00472271
-0.00615585
0.05960479
0.02635040
0.11391973
0.04445735
0.09745482
-0.02541837
-0.10752963
0.00324863
-0.02300702
0.02769019
-0.01654954
-0.00841381
-0.02286000
0.18641528
0.05001251
0.04430441
-0.14556861
0.00595599
-0.06825715
-0.09725314
0.07133390
0.09274340
0.01512128
0.11946050
0.01886672
0.02572570
0.03095011
-0.04117443
0.02104406
-0.00300147
0.01490075
-0.03122346
0.02123333
0.01511708
-0.01837209
0.12542009
-0.05977429
-0.00285461
-0.06947061
-0.01520867
0.14257956
-0.04412725
0.02172303
0.22340722
-0.00472477
0.03722771
-0.02274957
-0.00944097
0.04409175
0.03736629
-0.08533099
0.07469419
0.03298436
-0.07064737
0.03713366
0.11137195
-0.10133672
-0.09914383
0.02391149
-0.04802334
-0.10548359
-0.02106687
0.06916195
-0.05155019
-0.06888609
-0.07301338
-0.03617393
0.03053756
0.05994137
0.08487264
0.03863680
0.08561534
-0.01774965
-0.14180128
-0.00051741
-0.01945974
0.06398471
0.09488257
0.02332338
-0.09916303
-0.06776249
-0.02920613
-0.03946690
0.02995852
0.05371036
0.09465513
-0.03671217
0.03331685
0.01442608
-0.03071649
-0.01897036
0.05199883
-0.03161681
0.12324670
0.02277306
0.01952698
-0.10505878
0.12259095
-0.03882433
0.06428903
0.11525630
0.04921688
0.00963408
0.10511541
-0.00897856
-0.04829120
-0.05988831
-0.06045580
0.09964789
0.04304064
0.00663463
0.01419274
0.04048153
0.05143606
0.03470786
0.01878513
-0.06534122
0.09870332
-0.07170806
-0.00792383
-0.04009574
0.02969918
-0.00450058
0.00885554
-0.01891345
0.02957624
-0.01416114
-0.02638546
0.00026016
-0.08010117
-0.01923718
-0.07410052
-0.02503846
0.04433461
0.00465608
0.02317763
0.05737885
0.08638702
-0.04394254
-0.02542506
0.02534135
0.03360680
0.15405099
-0.05718347
0.13747427
0.10451945
0.08952272
0.05211400
-0.08517791
-0.04759387
0.09512928
0.02171484
0.00529466
-0.05188080
0.01679633
0.01782427
0.01060929
-0.18576220
0.04473083
0.04815210
0.01472949
-0.06582767
-0.02444151
-0.07326907
-0.00915547
0.02172845
0.09301574
-0.13074164
-0.03482539
0.01324899
0.02244062
-0.04624437
0.03958909
-0.09061275
0.00547942
0.05806506
-0.00895916
-0.00722006
0.01212097
-0.04623346
0.01778391
-0.04534505
0.00044005
-0.14872018
-0.07140637
0.07532886
0.04553436
0.09993446
-0.06601038
0.01100123
0.03925237
-0.03990113
-0.03558807
-0.03652089
-0.01497551
0.00840098
0.04352023
0.06808917
-0.00393601
-0.10415669
-0.02867102
-0.00030260
0.00028847
-0.06861912
-0.04713757
-0.04267633
0.06332953
-0.04371829
-0.09492791
-0.06009451
-0.06242616
-0.07959059
0.01314711
0.01088710
-0.01664580
0.00710450
-0.00649943
-0.02388144
-0.05001529
0.08715833
0.00227435
-0.00575051
-0.01083737
0.04270888
0.01552794
0.00930841
0.07291569
-0.02039897
-0.03391188
-0.05296643
-0.00034474
0.02360137
-0.14322484
0.01818803
-0.01148036
-0.04251058
0.00745266
0.03544568
-0.00108306
0.08713050
0.02408014
-0.03148768
-0.00270372
-0.07276858
-0.00896873
-0.09161115
0.01043423
-0.03775816
-0.07050616
0.00003361
-0.00740425
0.01402108
0.01876711
-0.14014281
-0.05087331
0.11886726
-0.00635802
-0.10142762
0.00409254
-0.02709198
-0.05975681
0.07206119
-0.03606348
0.03859818
-0.00475263
0.06273948
-0.04830199
0.04215599
0.01259628
0.14619534
0.10286808
0.04549365
-0.08444858
0.04608903
0.01311795
-0.09321564
0.09413211
0.09934238
0.00647032
0.09012682
0.05760681
-0.00416729
-0.01248921
0.03656524
0.02718007
0.12265776
0.02934990
-0.06978628
-0.02126951
0.01374033
0.02501084
0.11048807
-0.07653268
0.07205553
0.03567740
-0.02043985
0.01967665
0.08818928
-0.07144105
0.09197032
0.02997589
-0.03654577
0.02426877
-0.01487303
-0.07825317
0.00851772
-0.03122726
-0.00041269
-0.02257360
-0.01981162
0.02559939
0.06664971
-0.08261953
-0.11933506
0.00447044
0.05106430
-0.16289280
-0.05676733
0.01280656
0.03427497
-0.01614320
0.00707382
0.00616622
0.07468689
0.06435722
-0.02518099
0.01268281
0.07733428
0.00222319
-0.09761881
-0.03608945
-0.05332538
0.09533760
0.02227518
0.08309232
-0.17690411
0.05873199
-0.01182382
0.01382273
0.04128948
0.06106060
0.01846304
-0.03568407
0.04153698
0.01026070
0.10128720
0.04328097
-0.07586513
-0.04484231
0.07326162
-0.01040717
0.00517539
-0.07019364
0.05492761
0.02175921
0.04666657
0.00311212
-0.04630459
0.00703523
0.07669044
-0.00279971
-0.00870753
-0.01791425
0.08184428
0.02590481
0.01463634
0.00874900
-0.07472613
0.04750813
0.15595983
-0.04978472
-0.00175185
-0.03481752
0.02597622
0.05089030
-0.08545832
0.00590747
0.00483154
-0.02397813
0.02190236
0.09029822
-0.04619433
0.01743446
-0.02713805
0.02004190
-0.04920419
0.03056070
-0.03437216
-0.02446537
0.04239528
-0.04061881
0.01669447
-0.03861953
-0.03880722
0.01368618
-0.03122624
0.04172138
-0.05019351
-0.00327172
0.01180859
0.03696574
-0.02818525
0.05239530
-0.04388909
-0.02587233
0.05672935
0.04219611
-0.02668583
0.00885022
-0.04681337
-0.00124999
0.04080328
-0.04085342
0.00496994
0.02150793
0.01314204
0.00047702
0.02304954
0.03059038
-0.03257919
-0.04040683
0.00640866
0.04267973
-0.06428917
0.00037456
-0.03866702
0.00649865
0.01175636
0.02108297
-0.03549339
0.02844824
-0.00422980
-0.02047817
-0.01342570
0.02290270
-0.00753925
0.01065623
-0.02215115
0.02993015
0.05173130
-0.04982055
-0.03051920
0.03089531
-0.01529575
0.05080270
0.01074263
0.04793675
-0.01321550
0.02059839
-0.05050907
0.02059248
0.02482622
-0.02657642
-0.04089555
-0.03264100
0.05251271
-0.01269148
-0.01761607
0.02569020
0.00512159
-0.04946037
-0.00820874
-0.02781377
0.02776148
0.00328214
-0.04220707
-0.02252680
0.06316271
0.00897144
0.01451351
0.02707954
0.03889850
-0.05750047
-0.01687038
0.00176943
-0.00149305
-0.06184249
-0.01426556
0.03063549
0.00211925
-0.01459892
-0.02730656
-0.02013579
0.04861605
0.00727854
0.03973800
-0.02558518
-0.04157273
0.01408350
-0.03170330
-0.05026267
0.00555246
-0.01397726
-0.04500066
-0.03861947
-0.00633342
0.01615917
0.01545947
-0.04144254
0.04845607
-0.00341116
0.01832110
-0.00083768
-0.03192897
-0.02665187
0.03007194
-0.03711582
-0.03395244
0.02202301
0.00089209
0.03374373
0.01014367
-0.02594340
-0.05266947
0.03699990
-0.02383313
-0.01176309
0.02309926
0.03579342
0.03159659
-0.00748841
0.01216179
0.01211214
0.01796253
-0.02128592
-0.01491775
-0.04728970
-0.02994079
0.04284582
0.03407664
0.04625313
0.01985494
-0.01563254
-0.04798232
0.03401211
-0.00563003
0.03616194
0.02077010
-0.00677513
0.01249599
0.01473793
-0.04176709
0.05526652
0.06553203
0.02263336
-0.02472259
0.03543116
0.00728026
0.02515063
-0.05646560
-0.02010672
-0.00805628
-0.05245785
-0.02779225
0.02450645
0.02326742
-0.03093123
0.00311638
-0.05924773
0.04105309
-0.03290370
0.02405087
-0.01641687
0.02144268
0.04536876
0.01791441
-0.04398668
0.02980182
0.04578624
-0.03841965
0.02639639
-0.00702360
-0.02930975
-0.01059147
0.03049238
-0.02716862
0.00563868
-0.04450466
0.04525936
0.03876198
0.02377138
-0.04586547
-0.05025991
-0.01397791
0.02672485
-0.02963976
0.04263235
-0.01275657
0.01646728
-0.04426062
-0.05250520
-0.04770165
-0.03481505
-0.02135302
-0.03735761
-0.03884473
-0.04370894
-0.00595070
-0.03554298
-0.03118997
-0.00074743
-0.01239580
0.01909134
-0.02969670
-0.00255293
-0.03991431
-0.01662417
-0.02448858
-0.01980590
-0.01508499
-0.03411897
-0.02551305
-0.03393896
0.01328706
0.03665442
-0.01484401
0.04186846
-0.02502930
-0.02282448
-0.01337920
-0.02512195
-0.04083059
0.00141901
-0.00759111
-0.04847582
0.03912944
0.02843273
0.01867203
0.00372535
0.01860015
0.04120111
0.00998490
-0.03777505
-0.00928488
0.03542423
-0.01559264
0.02625097
0.03019719
-0.03037153
-0.00247575
0.04331875
-0.02233831
-0.04507626
-0.01485804
-0.00561620
0.03836387
-0.00014656
-0.04039097
0.03740634
-0.00906934
0.00953275
0.03540078
0.01980630
-0.03143517
-0.10291383
0.01527087
-0.05583481
-0.05965240
-0.06980889
0.08480924
-0.15621042
-0.01652624
0.01215962
-0.03790025
-0.03093686
0.05584300
0.03129979
-0.01401404
-0.05896562
-0.11633060
0.06368868
0.03080865
0.03509862
0.06214883
0.04082704
-0.02017669
-0.00156149
-0.03848561
-0.06199633
0.04192398
-0.07393600
-0.00054670
-0.01389198
-0.00323332
-0.00326850
-0.05869241
-0.05943744
-0.03096643
-0.01364241
0.10211673
0.02293267
-0.03297501
0.02013431
0.04853037
-0.05931431
0.10434110
-0.04482052
-0.06868549
-0.05324800
-0.06975965
0.01154176
-0.03566856
0.05410061
-0.07833540
0.00485318
0.03249147
0.03872327
0.05254691
-0.02577442
0.01125581
0.00792147
0.00841240
0.04573388
0.00199878
0.02862128
-0.04703187
0.01105413
-0.00507326
-0.02062711
0.00972616
0.05798040
-0.04290448
-0.02527187
0.12177939
-0.07069698
-0.03576390
0.05511727
0.02570204
0.04352091
0.04233727
-0.06261602
0.09476018
0.02491629
0.03255932
0.00273068
-0.03992687
-0.01366286
0.00769204
0.01376887
-0.04550138
-0.01487037
0.09152260
-0.01537640
-0.05439753
-0.04001079
0.02389578
-0.06181691
0.00710827
0.02843950
-0.02724287
0.02960823
-0.03673578
0.07527557
0.05630960
0.00400996
0.07529295
-0.01301787
-0.02789856
-0.03784188
0.01585010
0.07947656
-0.03505713
-0.01157924
-0.02276707
0.03283712
-0.01941959
-0.00038022
0.03748739
-0.04180396
-0.03828670
-0.02861583
-0.01204757
0.06315164
-0.08293474
-0.05326771
-0.00388005
0.05836520
-0.06856783
0.02618150
-0.02703019
-0.03279179
0.04873596
-0.06570335
-0.04658910
0.04155972
-0.06938200
-0.00972566
0.04498104
0.00787762
0.03178618
-0.04853709
-0.04745700
0.00453167
0.03192845
-0.02133116
-0.07639898
0.09634156
-0.10955448
0.00574597
0.04283591
0.04409822
0.00873931
0.04290619
-0.04495366
-0.05351001
0.01773477
0.02687856
0.01603239
-0.09107273
-0.02447315
0.03646426
-0.02119933
0.04390823
-0.06260449
-0.01683197
0.04145755
-0.02705798
0.11846302
-0.05122665
0.01967847
0.03992353
0.08698506
0.01674840
0.02622796
-0.03283281
0.04463296
0.11552427
0.00493981
0.03326111
-0.00532245
0.01358954
0.02233558
0.06245315
-0.03090425
0.00679542
-0.01266956
-0.06750177
-0.03123357
0.00275287
-0.01482391
-0.02869120
0.01267159
-0.02326518
-0.11869048
-0.10720356
0.01661030
-0.03327022
-0.00304600
0.09135918
0.06070880
-0.01807277
0.02749007
-0.12819940
-0.01211515
-0.03994696
0.00231203
-0.01721974
-0.09117455
0.02940401
-0.03314530
0.06138800
0.00909330
-0.04750073
-0.03527343
0.07640777
-0.02741831
-0.00902918
-0.00054034
0.03330134
-0.03229913
0.06276190
0.02311589
-0.01763082
-0.02026273
0.01181563
-0.05991371
-0.01096573
-0.01195328
0.00733099
0.06011850
-0.04267982
0.03108461
-0.02072070
-0.04515700
0.03221354
-0.03534756
0.03022441
0.00149655
-0.01855812
-0.01244522
-0.04365950
-0.02760217
0.02452203
0.09028789
-0.00149364
-0.00648173
0.02395461
-0.02345861
-0.02361624
0.02278146
0.01058045
0.01178779
-0.02899759
-0.00078074
0.02296659
-0.03452887
-0.00156076
0.02136916
0.04235991
-0.00524234
0.04410420
-0.02090876
0.06306304
-0.01127477
0.11570839
0.08059000
0.00848824
-0.00728067
0.01412313
-0.04743095
-0.04426325
0.00602441
-0.02285130
0.07750119
-0.01470690
0.07947818
-0.03584972
-0.05973108
0.00480107
0.01289146
-0.04982029
0.05663268
0.01590621
-0.08338002
-0.03635361
0.02364269
-0.00274445
0.02673608
-0.03468635
-0.08466906
-0.00604805
-0.02982423
-0.00258219
-0.02056566
-0.07106353
-0.00490606
0.04279661
-0.04543632
0.03523235
0.03897885
0.07130668
0.01427197
0.01747008
-0.01683103
-0.02106273
-0.05874734
0.03725682
0.01857334
0.01603140
-0.04190558
-0.01442162
0.03070683
-0.05779970
0.02994141
0.03457302
-0.02925487
0.03893292
-0.05110003
0.05724660
0.03031732
-0.04344511
-0.00610470
0.02680147
-0.03149180
0.03996298
-0.00261986
-0.00238138
0.04774847
-0.03971724
0.05583504
0.05924727
-0.02471716
0.04633420
0.03896580
-0.02030335
0.03220166
-0.00819868
0.00555401
-0.07889289
0.00224566
0.04348179
-0.04484607
0.03850297
-0.04467650
-0.04502872
0.01705953
-0.00472157
-0.06834681
-0.04049501
-0.02478003
0.04987713
-0.02113559
-0.04642401
-0.03080685
0.00504744
0.02654216
-0.03446753
-0.02136709
0.00114988
0.03373852
0.01546878
-0.02631622
0.05441869
-0.00540743
-0.07322183
-0.06339867
0.04811237
-0.02727032
-0.01694736
-0.06068493
0.00585679
0.06332667
-0.02075037
-0.07861853
0.02572387
-0.00050279
0.06098862
0.01901128
0.03246919
0.09217792
-0.06244628
0.00428360
-0.08740886
0.06819656
-0.02493751
-0.02254390
0.02764674
0.04134528
-0.01319098
0.00143344
0.01133627
-0.01780427
-0.01671997
-0.00386664
-0.04412141
-0.02899861
-0.01134755
0.05284044
-0.01872789
0.07150839
-0.06470086
-0.10555035
-0.05415256
-0.06948734
0.00178164
-0.02882477
-0.00264901
0.01822508
-0.04822154
-0.03868611
0.01457934
-0.00939545
-0.00588677
-0.01066437
-0.01217146
-0.01177494
-0.03490072
0.00913206
0.04103508
-0.02229206
-0.04466313
-0.01753544
0.02806721
-0.08450735
-0.04449250
0.02268311
-0.00620717
0.04855354
-0.03853960
-0.03614192
-0.01394661
-0.01047168
0.02721042
0.00752230
-0.01495023
-0.03391702
0.04650732
0.00816472
-0.02504390
-0.04035489
-0.04456639
-0.03785435
-0.00212996
-0.02931982
-0.02391799
-0.00618746
0.07774850
-0.08839321
-0.07489923
0.03999912
0.11018432
0.01426327
0.00284821
-0.10153031
-0.01974854
-0.01432531
0.03302465
-0.03384044
0.06718548
0.04321687
0.03034626
-0.03954257
-0.03608255
0.02385996
0.00363616
-0.00948332
0.01225315
0.09078082
-0.01185389
0.04100990
-0.04436305
-0.01359502
-0.00084064
0.02331708
0.02818749
0.02469785
-0.02983246
-0.00919800
-0.00524380
-0.00748260
-0.01229976
0.06961675
0.03846506
-0.04199733
0.03405899
0.00570235
-0.02133929
0.02011105
-0.00154737
-0.04726182
0.01906371
0.04569003
-0.03049410
-0.05415176
0.01605685
-0.04542464
0.03049104
-0.06907743
-0.05261184
-0.04802419
-0.01982436
-0.05159767
-0.03640373
-0.00346598
-0.04977300
-0.03379676
-0.02123435
-0.01401273
-0.01446416
0.04100228
0.00513649
0.01011288
0.00206203
-0.00898238
-0.03111845
-0.04892135
-0.05226554
-0.00485908
0.02913308
-0.02257017
-0.07086995
0.01715490
0.00205068
-0.00722384
-0.05151756
0.03183584
0.03110128
0.00791285
-0.01171385
-0.04485954
0.01473919
0.01515570
-0.02184220
-0.02551937
-0.04703451
-0.05280626
-0.03501128
0.01441288
0.00660880
0.02755577
-0.03097180
0.03094088
-0.00946321
-0.04310921
-0.00067113
0.01974413
-0.00279304
0.00245998
0.03228388
0.00142748
0.00716322
-0.05133003
0.02623369
-0.04862369
0.03082682
0.06154726
0.04750969
0.03011776
-0.01819732
-0.01041414
-0.02156569
0.00223589
0.01295620
-0.04542999
0.02334936
-0.01357865
0.01615268
0.02392338
-0.03298286
0.00926516
0.02406718
-0.00179939
0.00818946
0.00514272
-0.03572142
0.00484168
-0.02916743
-0.01628894
-0.04652415
-0.01714994
-0.02070407
-0.01202988
0.01717537
0.00376340
0.02060779
0.01766507
0.01511377
-0.02608789
-0.02136577
-0.01931749
-0.03752277
-0.03175114
0.03879074
-0.02277945
0.02073679
-0.01759528
-0.01355078
0.02848909
-0.00235484
-0.04249977
-0.01988762
0.02712020
-0.02838533
0.06085656
0.00737280
0.00516629
-0.01513458
0.04051122
-0.00314210
-0.02322692
0.00824057
0.03313359
-0.01682255
-0.00747895
0.01582787
0.03126242
-0.00993934
0.02713761
0.01567820
-0.04274053
0.00181615
-0.01531668
-0.01509698
-0.03373475
-0.01162705
0.00845529
-0.03253360
0.01181362
-0.03887549
0.06277476
-0.03350779
0.01274353
-0.01175484
-0.02051315
-0.05805854
-0.03205827
0.03186071
0.02317685
-0.03872449
0.03075083
-0.01284757
0.04042055
-0.00103314
0.03573954
0.01316681
-0.04580545
-0.04109252
0.03893134
-0.00408403
-0.02127688
0.01269570
-0.03371214
0.02172162
-0.01297485
0.03233651
0.01294398
-0.05144089
-0.01686233
0.03342746
-0.00461276
-0.05154172
0.04759848
0.02712545
-0.00517184
-0.04381817
-0.02378480
0.02624554
-0.04397604
0.03496896
-0.01003407
-0.05040593
0.03979797
-0.04395910
0.00814959
0.03059269
0.03469520
-0.00933369
-0.01154129
-0.05483901
-0.04636236
-0.04132813
0.04721994
0.04169871
-0.03511423
-0.03677485
0.00951099
0.02365321
-0.03905884
0.04695867
0.00759150
-0.04185297
0.02465646
0.00564079
-0.00261226
-0.02336284
-0.00482575
0.01629151
-0.00362202
-0.03244544
0.02236663
-0.01559109
0.04264596
-0.02182819
-0.00961765
-0.01913638
0.04754285
0.03031342
-0.00609489
0.00800126
-0.03674459
0.03830915
-0.01581052
0.02796971
-0.00469805
0.01821158
0.02740817
0.02632581
-0.03402603
-0.05427007
-0.01243961
0.02835710
-0.03608136
-0.00904709
-0.02400599
0.00424852
0.02326950
0.01379763
-0.03439306
-0.00242340
0.03423246
0.04890636
0.02657074
0.03144687
-0.03019016
0.02369522
0.01601846
0.01959210
-0.01359669
0.00487167
0.01464241
-0.02153184
0.03210023
-0.01644446
0.03132579
0.02131878
-0.03415269
-0.06018475
-0.01384324
-0.01800490
0.04467564
-0.03292612
0.03184381
0.03967514
0.02152172
-0.04039445
0.03591225
0.01928703
0.01509705
-0.04618410
0.02421251
-0.04015861
-0.03699809
0.02485085
-0.01028970
-0.01097939
-0.00456836
0.06282222
-0.03209705
0.02453521
-0.01759889
-0.03083150
0.02477875
-0.00163130
0.01178475
-0.06779205
0.02362097
0.01808190
0.01140451
-0.02499497
0.01971667
0.06028929
-0.03849562
-0.03501627
-0.05253617
-0.00469905
-0.03201465
-0.03477852
0.00517773
0.04316492
0.05745741
0.03699266
-0.03678400
-0.00771407
-0.06142628
-0.04600846
-0.03227044
-0.01301072
-0.05672720
0.07309249
0.02942896
0.02122934
0.01778992
0.05521119
0.02040482
-0.01193072
0.09204632
-0.04730134
0.01002493
-0.05225502
0.08352145
0.07810773
0.00453591
0.03189075
0.11978064
-0.04301082
-0.06148788
-0.03123870
-0.00067008
-0.06249698
0.00241950
0.03656462
-0.01514458
-0.01149514
0.00079848
0.00288887
-0.02608188
0.01990117
0.05401276
0.06434491
0.05501065
0.02447805
0.01333871
0.02094363
-0.00804427
0.01473224
-0.03092054
0.02905596
-0.03862477
0.05167982
0.02355009
0.04652013
0.00587754
-0.00211168
0.02524328
-0.04472306
-0.02317677
-0.09192838
-0.02901186
0.05429359
0.02890030
0.02569479
-0.02994319
0.05769729
-0.00282612
0.07543346
-0.07131747
0.01573270
0.04100325
0.00185282
-0.04059665
0.03066943
-0.03394915
-0.07830182
0.03012983
0.05974611
-0.03107453
-0.09655988
-0.00550630
-0.07464165
-0.04800462
0.03110983
-0.03041266
0.00454754
0.03801505
0.03082448
0.02254689
-0.01749901
0.03287936
0.07005747
-0.03670374
0.08641814
0.00107480
-0.00198480
0.01067240
-0.02127179
0.06398470
-0.12550768
-0.00393910
-0.03483636
-0.01831260
-0.04944217
0.04271709
-0.06267831
0.02632896
-0.02562631
-0.00482159
-0.03519135
-0.00695896
0.05130132
-0.00818549
0.04184398
0.00234607
0.04197093
-0.01504249
0.00455165
-0.02849695
0.01710617
-0.06474303
0.01450335
0.05364521
0.06498015
-0.03498229
-0.04343612
0.05194134
0.06876840
-0.08212337
0.05876796
0.05363144
0.01862141
0.02613190
-0.02513764
0.06185625
0.00538788
0.05076756
-0.05352725
0.04436138
0.05837823
0.01364589
-0.04686531
0.04750454
0.04898285
0.03951872
-0.03624993
-0.00042267
-0.03815432
0.03782271
0.08246536
0.00196675
-0.05524558
0.06187368
0.06395868
0.03398970
0.00917770
-0.03986354
-0.02107682
0.04126568
0.03499631
-0.04469329
-0.01017411
0.03313733
-0.04891042
0.02522089
0.04508603
-0.01931624
-0.04553621
0.05375915
0.04003377
0.07244375
0.04608781
-0.07378665
0.01332323
-0.02921686
-0.06508084
-0.05072429
-0.02491864
0.02007414
0.05566997
0.02009329
0.08144352
-0.00866956
0.04191268
-0.05240694
-0.03197731
0.05170645
-0.03676976
-0.04302115
-0.02074034
-0.04825036
-0.01976556
-0.02164625
0.04188321
-0.00932144
-0.03864101
0.02017808
-0.04384281
0.00920799
0.02482342
0.02244669
-0.08511333
0.01713900
0.04673151
0.06317030
0.00768682
0.03640495
0.07044539
0.02435539
0.03710674
0.04145886
0.04412016
0.06546002
0.04901605
0.02533087
0.01505404
-0.04277547
-0.03413519
-0.05520326
-0.03060637
-0.05129858
-0.03233701
-0.03091977
-0.03905303
-0.02457677
0.00014996
-0.00232030
-0.04244876
-0.01688673
-0.03882920
0.03658012
0.04148066
0.03632128
-0.00162131
-0.01963333
-0.01719349
-0.01147102
-0.03393964
0.04471328
0.03908565
-0.02974309
0.00490372
0.01378523
0.00195523
-0.02239680
0.02018729
-0.02593368
-0.04319651
0.01001856
-0.01950238
0.03015785
0.02113356
0.00586798
0.01902229
0.00421599
-0.01364174
0.03344681
0.03275214
-0.00223462
-0.01843833
0.02765441
0.03723790
-0.01563616
-0.02800216
-0.03561781
0.03327907
0.03211860
-0.02954763
0.05339436
-0.00648151
0.00499047
-0.00156624
0.01141777
0.01805547
0.03165682
0.01809848
0.02203540
0.03460170
0.00136127
-0.03380140
0.02243733
0.00246059
-0.04861070
0.02208205
-0.04089919
0.03554863
0.02755805
0.00150958
-0.00396114
-0.03912702
-0.04112266
-0.03166648
0.00884451
-0.03033276
-0.00577142
0.01561966
0.01535804
0.01713898
-0.00886852
0.03962886
-0.00443596
-0.03955186
-0.04044796
0.01738331
0.04923121
0.00339057
-0.02897163
-0.00972520
0.03155259
-0.03072182
-0.01729550
-0.01237220
-0.02374276
0.02081712
-0.00863157
0.03205975
0.02148807
-0.00281977
-0.00657156
-0.00860116
-0.00830660
-0.02739158
-0.04130515
-0.03206417
0.01885047
-0.01669546
0.04039850
-0.04338795
-0.03462707
0.01172602
-0.05097770
-0.04473757
-0.02111351
0.00465270
-0.03044254
-0.02999634
0.01638443
0.00247573
0.01031811
-0.03814479
0.01249243
0.00539520
-0.02544866
-0.04657383
0.01122298
-0.00879843
-0.02894774
-0.02840284
0.02275089
0.02151765
-0.00045813
0.00299559
-0.02714034
-0.03310931
0.00744713
-0.00535645
-0.01535703
-0.02622060
0.01587483
0.00300465
0.04800751
-0.04528416
0.00311049
0.01399947
-0.00783473
0.03516892
0.01280580
0.04938175
-0.03875490
-0.00586637
-0.02205682
-0.00612060
-0.01466678
-0.03000503
0.02410312
-0.03302459
-0.05420276
-0.05120874
0.01789787
-0.05256074
-0.01802014
0.04294774
0.01051514
-0.05253683
-0.01176867
0.00858048
-0.03576786
-0.02378724
0.00138259
-0.04253784
-0.03590490
0.01248746
0.00333440
-0.04762509
-0.03488686
-0.03254255
-0.02244053
0.02933608
-0.00975582
-0.02628763
0.02510369
0.03841915
0.03047850
-0.00608641
-0.00738434
-0.04888787
-0.01052764
0.05059251
0.04293785
-0.02810664
-0.00584935
-0.04321972
0.01226683
0.02550492
-0.01048455
0.04133313
0.01541881
0.01632667
0.01633112
-0.05217355
0.04865007
-0.03191740
-0.02437919
0.03791988
-0.03254937
0.01030478
-0.02106741
0.02841369
0.02119085
0.00482526
-0.01225075
0.04885149
0.01882439
0.01848732
0.03959991
0.00938388
0.01761013
-0.04484671
-0.03115697
0.00906714
-0.02464726
-0.02180552
0.02770765
0.02026669
0.03379055
0.02894344
-0.00132660
0.00910563
0.05155386
0.03887605
0.04002499
-0.02678666
-0.02357026
-0.02889104
-0.02094310
-0.03263111
0.00529080
0.02140412
-0.01361357
-0.00558334
-0.04857649
0.02328782
-0.03963101
-0.05351936
0.01226164
-0.03986008
-0.03968358
0.00503790
-0.04664512
0.03442572
-0.01633609
-0.01260156
-0.02587784
-0.03503204
-0.02848353
-0.01961120
-0.00924216
0.01458444
-0.00311260
-0.01058306
0.01202952
-0.04332903
-0.01735906
-0.02688590
0.01509346
0.03946767
-0.06273107
0.03303795
0.06298432
0.03217334
0.07086958
-0.06630063
-0.04311511
-0.01490960
0.02336466
0.00376101
-0.18100350
0.10396322
-0.04597034
0.00734494
0.07290265
0.07353539
0.11966716
0.01012387
0.06138758
0.09683854
-0.00845268
-0.00598907
-0.01689416
0.01041029
0.01991551
-0.03215563
0.02399230
-0.06980400
-0.10452987
-0.04565974
0.02776953
0.03512163
-0.05877979
-0.04917643
-0.05295396
0.03675326
-0.17539178
0.10649655
-0.05838919
0.08903955
-0.05467120
-0.11808431
0.00621208
-0.03178160
-0.01399088
-0.00391925
-0.10077725
0.00788330
0.03973958
0.07528433
-0.00929393
0.04137161
0.08709283
0.01472479
0.00083491
0.04296365
-0.03343324
0.08572462
-0.01379258
-0.04087708
-0.02120724
-0.01294110
-0.00198540
0.02441101
-0.05867926
0.04005175
-0.02475525
0.03282997
-0.00502556
-0.04785622
-0.03059394
0.01436205
-0.06027661
0.00724042
-0.06113894
0.00284319
-0.02537868
-0.02721917
-0.00431962
-0.02718140
0.11310641
0.06256687
-0.03834863
0.05943726
-0.01271105
-0.03743587
0.03881427
0.03863149
0.03136557
-0.02390163
0.01417731
-0.05388012
0.04933128
0.01076226
-0.01559143
-0.00304209
0.00928143
0.00206521
-0.01654446
0.04359748
-0.00356439
-0.00057818
-0.00504566
0.00970115
-0.00004282
-0.03976584
-0.02296596
-0.08035267
-0.07905139
0.00247159
-0.06712333
0.03176891
0.00183962
0.10612753
0.01332921
-0.03904133
-0.03417437
0.00464022
0.04114486
0.02870774
-0.05568551
-0.05956414
0.01161811
0.02647283
-0.11111674
0.11450389
-0.03112195
0.02728142
-0.05120518
0.00585105
0.07262718
-0.06712131
-0.02439121
-0.07178027
0.05765444
-0.05347370
-0.00479260
0.01146444
0.09711627
-0.08330116
-0.03767848
-0.01078960
-0.01240355
0.01221040
0.04685582
-0.03426781
-0.01519786
0.05644021
0.03205927
0.04887319
0.08368024
-0.03580528
0.01680752
-0.02843928
-0.12346665
0.08424727
0.07116160
0.04118356
0.04613051
0.01782790
-0.00792670
0.05791926
-0.00289674
-0.07366909
-0.04233931
0.02216211
0.01401805
-0.00983691
-0.01281075
0.02818345
0.01680668
0.05355198
-0.00650826
-0.05999739
-0.00451764
-0.00575442
-0.04193993
0.06519852
0.04288221
0.06329616
-0.00493571
0.08221006
-0.15980966
0.02311918
-0.02683388
0.01352972
-0.00021339
0.00610428
0.01712207
0.02216328
0.02616803
-0.04891367
-0.03593696
-0.03666567
0.00177556
-0.01597006
0.00266041
0.03589793
-0.10600732
0.06904642
-0.01544506
0.04398600
-0.00595331
0.00992240
-0.01975624
0.04795512
-0.00475988
0.11660491
-0.01402874
-0.01220911
-0.00024378
0.01510532
0.05205142
-0.02441042
-0.08026680
-0.00711798
0.02472401
-0.05453999
0.11114869
0.01518180
0.04132519
0.00237143
-0.02112346
0.00297947
0.06063196
0.00579286
0.04558920
-0.00541459
0.04172531
0.02677260
0.00515166
0.01938306
0.02023366
-0.00582402
0.01868909
-0.03275044
-0.02217531
-0.03763842
0.07020245
0.00829930
0.02686446
-0.03377385
0.06237045
-0.04179723
0.03501561
0.03323840
-0.01943666
-0.01585195
-0.06503709
-0.07571580
-0.02146172
0.00036598
-0.02964685
-0.05551093
0.04324021
0.00698512
0.01541781
0.01732911
0.05543917
-0.06595181
0.02737724
0.01048386
-0.01538227
0.03958200
0.00002480
0.04592234
0.01513277
-0.14113061
-0.04638071
-0.03294999
-0.09618989
-0.11864919
-0.01239544
-0.03900778
0.06621498
-0.06143998
0.05559240
0.00560523
-0.02166706
0.03604208
0.10290480
0.03221929
-0.03729625
-0.03772961
-0.09782135
-0.04463459
-0.01959790
-0.02958197
0.13359688
0.00624128
0.00221457
0.03390602
0.08938909
-0.08462450
-0.02867360
-0.10710897
0.07174455
-0.05428327
-0.09609812
0.04103070
-0.08560207
-0.00061771
-0.01043641
0.00133658
-0.04412150
-0.09934495
0.11483680
0.10263932
-0.01766153
0.00918838
0.04620378
0.02132653
-0.00582889
0.03597259
0.03613151
0.06902511
0.05667316
0.03749423
-0.03575326
0.08168351
0.02157423
-0.06758005
-0.04584660
-0.03676783
0.03743968
0.01681704
0.01249577
0.03731085
-0.03283430
-0.06940920
0.00515015
-0.00372032
0.02507308
0.10248145
0.08750044
-0.01747545
-0.01167466
0.07353371
-0.00072738
-0.02024874
0.01473778
0.12779406
0.02810779
0.02483936
0.01704459
0.00436415
0.00455941
-0.01857228
0.03926565
-0.16393073
-0.01778150
-0.09930617
0.03944243
0.01813271
-0.03757300
-0.01276744
0.07045972
0.04724381
0.03939768
-0.07231593
0.04014687
0.03994211
-0.03575782
0.02045759
-0.02149832
0.04736341
0.04280566
-0.14095767
0.01511114
0.06942297
0.02863347
-0.03743915
0.01729230
-0.12310106
0.00822423
-0.10769509
-0.06245599
-0.03631626
0.05050795
-0.01240536
0.03761344
-0.01612411
0.09395352
0.14765362
-0.01390991
-0.05771123
-0.04945851
0.10612477
0.00277190
-0.00060451
-0.03614624
-0.02090357
0.01058750
0.02610372
-0.05496939
-0.09535461
0.00214187
-0.06793045
-0.06428809
0.01061746
-0.00532217
-0.02810178
-0.02081303
-0.01914542
-0.20640148
-0.03667311
0.01782861
0.04271848
-0.10972814
-0.06881434
-0.08943407
-0.07537542
-0.02551929
0.01201449
0.00106369
-0.02459065
-0.06431963
0.00755358
0.00377400
-0.05758427
0.00642751
0.00407532
0.08420884
-0.00456521
-0.08963922
-0.03137238
-0.09876714
0.04565727
-0.03549510
0.02777245
-0.02161527
-0.14484300
0.00123727
0.08785471
0.04794342
-0.01504428
0.08040269
0.07075950
0.10124475
-0.09822390
0.01739910
0.09390839
-0.03690645
0.06000039
0.05778927
-0.06264352
0.00311494
0.00091211
-0.06006755
0.02052838
0.05576116
0.00699652
-0.03666659
0.01871588
-0.03630318
-0.03296341
0.11810344
-0.03747111
0.17048144
-0.07489689
-0.02315605
-0.08112863
-0.04947874
-0.01444447
0.04453674
0.05647479
0.10950529
0.02762087
0.02632147
0.00269082
-0.03882284
0.01060306
0.10011142
0.03411223
0.00441109
0.02952335
-0.03723106
-0.00489916
-0.02040198
0.08820892
-0.02551901
-0.06054997
0.00316555
0.10223957
-0.06311817
-0.03515771
-0.04121290
0.00416994
-0.01222985
-0.05654962
0.02486701
0.01519432
0.01371659
0.01024294
-0.20450170
0.01600271
-0.02563713
-0.02542112
-0.00634830
0.02571072
-0.01765344
0.03616886
0.01845179
0.05167273
0.01452916
0.05149173
-0.08049837
-0.01381742
-0.02205591
-0.04056590
-0.03344569
-0.04143741
0.06886747
-0.05183754
-0.03213295
-0.02973166
-0.05518243
-0.11047791
0.05454005
-0.00086596
0.03369428
0.05294928
-0.03794523
0.03807736
-0.05997318
0.01893163
0.03817856
0.00853439
-0.05987618
0.07687700
0.00627678
-0.01113560
-0.03611759
0.08326845
-0.00411194
0.02417931
0.02500380
0.03002163
0.06031774
0.01536474
0.01041810
0.04611725
0.08956800
-0.02643172
0.13154033
-0.02449384
-0.07769606
-0.01648136
0.15266296
-0.00163891
0.09088413
-0.02128087
0.01401778
0.15695372
0.05108474
-0.04474364
-0.07321069
-0.01485147
0.04666945
-0.03150874
0.00239381
0.05043887
-0.02689361
-0.07164180
0.05159564
0.03910704
-0.07624330
-0.04705815
-0.05210061
0.01182439
0.03107834
-0.01484325
0.02732653
0.01825571
0.06964161
-0.00581373
-0.12594180
0.10232957
0.06314265
0.09274220
0.05898059
-0.03367844
0.08356128
0.03363128
0.03002446
-0.01849015
0.03688961
-0.03790576
0.06145436
-0.02430134
0.05657562
0.05145306
-0.02755292
-0.02892651
-0.05718938
-0.00617825
-0.05031636
0.02301222
0.04063986
-0.02617335
-0.02868775
-0.09614592
-0.01457376
-0.03360816
0.11831182
0.08105062
-0.06586730
-0.06773945
0.01939591
0.01453744
-0.00956085
-0.07506595
0.01153255
0.05135459
0.00119703
-0.01637817
-0.12083815
-0.09301884
-0.00198064
-0.01868338
-0.00532864
-0.01874243
-0.03711048
-0.00787859
-0.09444723
-0.11000609
-0.00314979
0.03150364
-0.01785559
-0.01840489
0.00569150
-0.02206725
0.02752477
-0.02184882
0.01061497
-0.01008336
-0.00562135
-0.00930217
0.05212988
-0.01989332
-0.01951394
0.10132501
-0.05695938
-0.06884596
-0.06116176
0.02527230
0.05105344
0.00425075
-0.14335662
0.03357527
-0.04184600
-0.07867926
0.07677186
0.03060116
0.01418638
0.01765679
0.00602702
-0.11185176
0.03659890
-0.08139943
0.22308564
-0.00901992
0.03151773
-0.00925501
0.00491904
0.01151057
0.03565397
-0.04972464
-0.04528031
0.02445271
-0.04926311
0.04565569
0.06356062
0.03265337
0.00629510
-0.04209969
-0.02563769
0.05274606
-0.06541640
-0.00414293
0.02025422
-0.03082550
0.08776464
0.05007362
0.06109970
0.04994074
-0.06117417
-0.01228454
0.02213901
-0.02350899
-0.04552336
-0.02331792
0.00014971
-0.03460978
0.08465424
0.01075335
-0.00058152
0.03616545
0.00925540
0.01598866
0.01750994
0.00572363
-0.00519937
0.05598018
-0.00389890
-0.09260172
-0.01845133
0.05834544
0.04293060
0.02238786
0.05827045
-0.08585917
0.07469627
-0.06514803
-0.07289951
-0.08334704
0.01803477
-0.07774117
0.02402629
0.01582049
-0.03798738
0.02448669
-0.03280050
0.03420851
0.02383318
0.02697155
-0.04753765
0.04290864
0.02048862
-0.05256667
-0.01240878
-0.00686882
0.02680006
-0.11945439
-0.11180204
-0.14329450
-0.02409789
-0.01122232
0.04844302
-0.09111905
0.12318356
-0.00747485
-0.02593179
-0.02154023
-0.01706254
0.03513617
-0.02649806
0.02720468
0.00113464
-0.03678535
-0.09729642
0.07685584
0.11193500
-0.02705329
0.01134112
-0.02938499
0.01055666
0.02955577
0.01303593
0.01185485
0.00019244
-0.07967587
0.05811951
-0.04118940
-0.02325837
0.00248339
-0.04409568
0.05239748
0.00190108
0.06087490
-0.05975787
0.03149173
-0.00253624
-0.06617291
0.09302766
0.01035524
0.00657644
0.02229741
0.05064512
0.00302683
0.02157546
-0.01546524
-0.03361983
-0.05231857
0.02846434
0.00017150
-0.05373892
-0.01260142
-0.06467471
0.00436899
-0.02139971
0.04592068
-0.03642915
0.01856065
0.03754249
0.05118347
0.10363634
0.01498434
0.03312375
0.04849751
0.03963229
-0.02547162
0.07301930
0.03255713
0.02442664
-0.06484614
0.03718976
-0.04174739
-0.00555836
0.06294290
-0.06020302
0.03547011
-0.01694117
0.01514995
-0.01282650
0.05637490
0.03298667
0.07204576
-0.02183384
-0.03578587
0.00520543
0.00882971
-0.04172614
0.01128498
-0.01826387
-0.05445436
0.03306197
-0.01726290
0.02182100
0.02910255
0.04120927
-0.04176422
0.04144488
0.06697913
0.00860608
0.02085126
0.03815659
0.04704343
-0.01105814
0.01127645
0.03745662
0.05300760
0.05800592
0.04371692
-0.01039496
0.01248737
-0.04676453
-0.02735960
0.02120182
0.01490121
-0.04231540
-0.00492274
-0.02829624
-0.06246580
0.00638698
-0.01413922
0.06591327
0.00071380
-0.01883424
0.05922765
0.10608848
-0.02778261
-0.03364054
0.01871419
-0.04761894
0.06853617
-0.04139034
0.03477199
0.02135187
-0.01067778
-0.04202828
-0.01672662
-0.00669141
-0.05928219
-0.00133460
-0.01402743
-0.02365299
-0.00370272
0.01601742
0.06114056
-0.00736506
-0.05333640
0.00855651
0.02172705
-0.01665704
0.02839088
0.02023468
-0.01264035
0.00947829
0.04729978
0.02238505
-0.03518797
-0.03111897
-0.08181367
-0.05701757
-0.06158649
0.04540227
-0.01876924
0.00453802
-0.03485169
-0.03275273
0.02670636
-0.00225160
-0.02256582
-0.02409878
0.03750646
-0.00752953
0.02873264
0.01829560
-0.01045139
-0.01500839
-0.04104800
-0.02853569
-0.01413553
0.00957324
-0.03122149
0.07236236
0.08112684
-0.00782454
-0.03486446
0.01298516
0.02401081
0.00866718
-0.00736232
-0.07409403
0.01191938
-0.01653270
0.00834441
0.06717988
0.00599745
-0.00056156
0.00717337
0.00631874
0.02721166
-0.01305047
-0.02429958
-0.01147483
0.01642483
0.08148753
0.04605956
0.04141058
0.01731127
0.01229875
0.05948572
-0.03861454
0.00606294
0.06185206
0.06132185
0.01454784
-0.01256164
0.05152377
-0.04432324
0.02047626
0.04409467
-0.02906308
0.04094486
-0.01615232
-0.04524428
0.04917378
-0.00391369
0.01511189
-0.00303115
-0.01840394
0.02279929
0.00458103
-0.00202202
-0.04595565
-0.01711190
-0.00162844
0.00790348
-0.04065321
-0.07876914
-0.06339236
0.06009543
0.01926220
-0.03919880
0.01160416
0.00718085
-0.03613915
-0.01560540
-0.04329507
0.00750563
0.01633814
0.00503648
-0.05555388
-0.05618117
-0.03541468
-0.01690552
0.03760611
-0.04625064
0.03718286
-0.06300559
-0.02477850
-0.02722585
-0.03778246
-0.04723134
-0.02353954
0.01397112
-0.01811758
-0.01438467
-0.01661294
0.05828981
0.00749923
-0.01664752
0.01017415
0.04267267
-0.03167337
0.03239715
-0.02383771
0.02451369
-0.02582251
-0.03251009
-0.08726980
0.02825588
0.02269551
-0.04641693
0.04319376
-0.02781554
-0.01588915
-0.02557903
-0.01414861
0.01022505
0.01621894
-0.00434741
0.07886619
-0.05580997
-0.03082051
-0.06096501
-0.00880950
0.06112673
-0.00543013
0.02223687
0.03037340
0.02235685
0.03036943
-0.04954792
0.07256696
-0.08351309
-0.08936518
0.01989499
0.00723601
-0.17542860
-0.00418333
-0.04074146
-0.05669171
-0.01299777
-0.03756563
0.01602387
0.01856935
-0.06042815
-0.14388661
0.07602587
0.03607464
-0.02074914
0.05531551
-0.01108234
0.04635245
0.01241434
0.01151308
-0.07204709
0.01330697
-0.06714208
0.06262601
-0.02541774
0.11248230
-0.02069660
-0.02603173
-0.01169536
0.01778599
0.00533353
0.05008025
0.08563924
-0.07480852
-0.03821844
0.02152454
-0.06740934
0.04645028
-0.06340317
-0.06258629
0.01170418
-0.07635281
-0.01294068
0.00263180
0.07537195
-0.11106027
-0.00860747
0.01673856
0.07029717
0.13761947
-0.02864083
0.03260599
-0.04626345
-0.00658372
0.07180745
0.04849408
-0.03575151
-0.01578012
0.01003778
0.00839265
-0.01586875
-0.04144323
0.07473802
-0.03814540
-0.14007686
0.04535951
-0.10893959
-0.05177421
-0.01407695
0.00140704
0.11352579
-0.07750862
-0.03161678
0.01808847
0.06649131
0.00099691
-0.01904695
-0.01351423
-0.01224683
0.06994215
0.01006824
-0.03912910
-0.06676888
0.11741365
-0.01780813
-0.08938238
-0.04206325
-0.04416139
0.06881496
0.00206998
-0.00809430
0.04189085
0.10601050
-0.05338471
-0.09166242
0.05555066
0.08911324
0.02184900
-0.04639102
-0.03694713
-0.04044000
-0.03875043
0.14345568
-0.05213203
-0.04069677
-0.06260506
-0.00663133
0.08276790
-0.06986750
0.01302642
-0.01977858
-0.13766763
-0.05411320
-0.02399721
0.02725183
-0.03118211
0.02214598
0.03109185
0.00590720
-0.02144643
0.04332281
0.02725816
0.00485212
-0.00145888
-0.08785477
-0.03177090
0.07222190
-0.05218215
-0.03979893
0.04055452
-0.05335172
-0.04219794
-0.03561014
0.00150333
0.05484349
-0.00563315
-0.00783531
-0.11394817
0.02758869
-0.09221747
-0.06002298
-0.07699738
0.02486403
-0.06683632
0.00107544
-0.03428024
-0.03056922
-0.02524439
0.03043641
0.09075705
-0.08384586
0.01315523
0.01905088
-0.04595582
0.01980456
0.04625863
-0.10126346
-0.01954186
-0.00239584
0.05543554
0.03373604
0.01036962
0.05656682
0.12789887
-0.02811575
0.00787993
-0.02401041
0.07527673
0.07235484
-0.05868857
0.05957628
0.02738028
-0.00214172
-0.03739692
0.03193556
-0.10554574
0.02814590
-0.03582828
-0.00988224
0.02340521
0.01836974
-0.07590160
0.02673488
0.04242011
-0.07453430
-0.11691575
-0.06711350
0.08040787
0.02196776
0.00706293
0.05217896
0.05640349
-0.08383182
0.04216359
-0.07936017
-0.00834051
-0.00572078
-0.02866434
-0.05389890
-0.00135349
0.01716442
0.01588146
-0.01141968
-0.09216982
-0.03909065
0.03602438
0.08972311
-0.04570692
0.04748722
0.01202337
-0.04882746
-0.02223385
0.04651001
0.01728598
0.06389437
-0.01779159
0.01329865
0.04776553
-0.00086424
-0.06646326
-0.02940883
0.01184747
0.02236141
-0.00112708
-0.00678247
-0.07316983
0.07124531
0.01584135
0.01188242
0.02752123
0.01298623
-0.03106869
-0.04585081
0.01944859
-0.01391794
0.08143616
0.00408515
0.00657656
0.01893229
0.06206221
-0.02690937
0.00816975
0.01780115
-0.04309354
-0.03049637
0.02299472
-0.03781560
-0.05097234
-0.03099917
0.02201253
-0.04095180
0.01240590
-0.07772203
-0.02418315
0.02884034
-0.00291597
-0.03487173
-0.08536769
0.04282499
0.00420315
-0.02336876
0.03773088
0.00326122
0.00793797
-0.02764131
-0.03205384
0.05768270
0.09112251
0.03303049
0.00466734
-0.02582800
-0.08060819
-0.02442612
-0.05530230
0.03385402
0.02267730
0.03075615
0.04806102
-0.08558211
-0.00673033
-0.02264953
0.04623784
-0.00720803
0.03378280
0.05721108
-0.01667114
-0.00565964
0.02808908
0.03525503
0.06177095
0.00031057
-0.03892158
-0.03226553
0.01876386
0.05398937
0.00891155
0.03828358
0.01502115
-0.03669526
0.00822142
-0.06944655
0.07256613
-0.00589871
-0.00613630
-0.01133841
0.08427083
-0.01196614
0.01180812
0.02245285
0.04282203
0.02420206
-0.02909910
-0.01192785
0.07243015
-0.04491638
-0.00858410
0.03484646
-0.00550187
0.00163880
0.00404911
-0.01709720
-0.03473119
0.07462586
0.01060948
-0.02915833
-0.00583368
-0.03593302
0.02472686
-0.01359557
-0.06806235
-0.07939981
0.02787650
-0.06027965
-0.01391743
-0.05755152
-0.05196105
0.00801280
-0.01162043
-0.01231143
-0.05193381
0.02602165
-0.05128864
-0.01434592
-0.01151630
-0.02981724
0.01659419
-0.01782434
-0.03327286
-0.01971913
-0.00399067
0.00168486
0.04108931
-0.04394739
-0.04654427
-0.01910749
0.08005272
0.00419082
-0.00744332
-0.02063891
0.02985349
0.09016970
0.04498010
-0.00295056
0.05823432
-0.02291588
-0.00992410
-0.09442464
0.06019243
-0.00450916
-0.03184588
-0.05100045
0.01793230
0.02863599
0.03584183
-0.03744105
0.01469410
0.03825187
-0.03058876
-0.02933502
-0.07077109
-0.06279211
-0.06724922
-0.04737858
-0.01969712
-0.03138647
0.01833453
0.01447229
-0.02191095
0.04460021
-0.06853377
-0.00698160
0.00488712
-0.04617690
-0.01184758
-0.08367951
0.04331877
-0.04135174
-0.00636907
0.04468114
0.05228936
-0.01480105
-0.06411766
0.02070465
-0.03485668
0.03680054
0.04708874
-0.02618834
0.06678645
0.02051593
0.00210213
-0.04814509
-0.00259727
-0.03114266
-0.04093486
0.06395825
-0.03858477
0.05667402
-0.01515400
0.02959515
-0.04421037
-0.03641359
0.01065177
-0.00060742
0.06695511
0.01466186
-0.03216270
-0.05103904
0.01116572
-0.01621941
0.00960500
0.02514123
-0.00372042
-0.04242232
0.03096545
0.04522817
-0.04777150
-0.05477294
-0.04054113
-0.03650269
-0.01431581
0.02188525
0.00425770
0.01941417
0.02138712
-0.02504182
0.04897803
-0.06968733
0.03747584
-0.00935444
0.02155134
-0.02037260
0.01966831
0.05560030
-0.04672240
0.00111062
0.02135498
-0.00108371
-0.03733307
-0.01105945
-0.10797708
-0.00660570
-0.01224949
0.04760014
0.02854742
-0.01436231
-0.03279373
0.05833900
0.04700681
0.03650668
0.00177924
-0.01056270
0.02050999
0.01443953
-0.03231676
-0.02856425
0.00623255
0.05113695
-0.03148837
0.00513940
-0.07352007
-0.02435706
-0.00268189
-0.01264324
-0.01295092
0.00038915
-0.00033483
0.02627960
-0.03660952
-0.04651495
-0.04715052
0.06288948
-0.04477394
-0.03099659
0.00442204
-0.02681344
0.02441880
-0.00748131
-0.06533796
0.01946932
0.02986106
0.03045514
0.02730211
-0.02826471
0.00604185
0.03401000
-0.03327813
0.03167028
0.04075969
-0.03117231
-0.03939922
-0.04299947
-0.00691046
-0.01851152
-0.05932130
0.02888860
-0.04384560
0.00572100
0.07393233
0.01247751
0.00547200
-0.02998086
0.02021119
0.04746977
-0.01987086
0.03343184
-0.02109578
0.02549665
-0.00987494
-0.02314639
-0.09103027
-0.03569055
0.05596181
0.05696933
-0.04780509
-0.02938588
-0.02771324
0.04298753
-0.03100886
-0.01643433
0.03718800
-0.02245113
-0.02743241
-0.02402002
-0.02850174
-0.06148592
0.04381789
-0.02137513
0.00509087
0.05480206
-0.13510224
0.01971430
0.08392446
0.04602416
0.06788211
-0.01868696
0.03757818
-0.07145127
0.06861650
-0.02651418
0.01299284
0.01079757
0.00709896
0.02738377
-0.00536648
-0.05334955
-0.06406149
-0.00740011
-0.01971251
0.02163732
0.01464408
-0.06786549
0.03187449
-0.00504249
-0.03089043
0.01688394
-0.01803531
0.00015734
-0.07543900
0.04918790
0.01678155
-0.01931371
-0.03841116
0.03355715
-0.01329612
-0.01062249
-0.07250047
0.01664073
0.00401263
0.03256353
0.06747143
0.01566695
-0.06501853
0.02853324
-0.04604157
-0.00000006
0.01209966
0.05280631
-0.01561783
0.02321374
0.01023011
0.01476909
0.03707587
-0.02346277
-0.01649117
-0.01765404
0.08459010
-0.00325078
0.04880488
0.06708460
-0.04978257
0.08970535
0.06410316
-0.02998315
0.04364431
-0.04914297
-0.03967541
0.03587067
-0.02517045
-0.02756716
-0.07811975
0.02552852
0.03259629
0.05676187
-0.00400246
-0.02619648
0.00777210
0.02790385
-0.05361328
0.02203776
0.02991266
-0.02099724
0.04285209
0.00161259
-0.02942269
0.01015225
0.06414202
0.08184321
0.00133790
-0.03528238
-0.03381830
0.03872165
-0.03171461
0.03418421
0.04482977
0.03023326
0.00744836
-0.02800436
-0.03095838
0.01831542
0.06330711
0.04117456
0.08520374
0.14096591
0.02012588
0.00505657
0.04044587
-0.04400419
0.01715551
0.00138052
-0.01084691
-0.01181320
-0.01359325
0.08104086
0.02386441
-0.01880021
-0.05870224
-0.04702997
-0.03886120
0.03607598
0.05212272
0.06201937
-0.00406934
0.01536905
-0.03903390
-0.03924882
-0.03928244
-0.03223773
0.03061878
0.04338285
0.00068889
-0.06205099
-0.01887704
-0.06463188
-0.03990021
0.02721052
0.03664596
-0.06560398
-0.01197807
-0.04494199
0.04311319
0.10514741
0.00477378
0.00361759
-0.01793818
-0.07058802
0.00305805
0.06357024
0.07397363
0.05987604
-0.00057436
0.06555128
-0.03488671
-0.01625415
0.00087508
0.03374181
0.06870764
0.03797276
0.05109251
-0.06035914
0.02471961
-0.00173495
-0.01557005
0.02806930
0.01499247
0.03451983
-0.03114411
-0.01011641
0.03957904
-0.04417673
0.04960660
0.04732164
0.00452212
-0.00169683
-0.01616962
-0.04462102
-0.00183056
-0.01445866
0.01056613
0.04259010
-0.04997174
0.00274910
0.02433675
0.04069183
-0.02640524
0.03088802
0.01996121
0.02163582
0.00795002
-0.05242893
0.00716559
-0.00155178
0.07095898
-0.04822905
-0.01259341
-0.04627179
-0.01787595
0.07728459
-0.02392179
-0.01611971
0.01020471
0.01970588
-0.01467665
0.02054577
0.03570794
0.03586784
0.02008124
0.03119031
0.02824887
-0.02899075
0.03156246
-0.04241472
-0.00827943
0.01036804
0.02734564
-0.02023601
-0.02826411
0.02089924
-0.01219621
-0.04039045
-0.02170038
-0.03773373
-0.05106751
0.01175493
0.00462772
-0.03793281
-0.02231309
0.03435050
-0.02763770
-0.04600580
-0.00841179
-0.02660359
0.05087140
-0.00924516
0.02165153
-0.04640228
-0.04073608
0.00203725
0.00063600
-0.03695859
0.02747451
0.01822538
-0.05044415
-0.05772253
0.03919064
-0.02109364
0.01491136
-0.02472063
-0.04094018
0.01968456
-0.03156079
-0.01282403
0.03430649
-0.02229282
-0.04411160
0.03228056
-0.04074795
0.01330466
-0.04298413
0.03619868
-0.02190029
-0.01860259
0.01411407
-0.04089219
-0.04897846
-0.01557980
-0.00973151
0.04048884
-0.04185342
0.01435640
-0.04251189
0.04935122
-0.04265505
0.04472401
0.01425154
0.01570322
-0.00911771
-0.00147298
-0.03305507
-0.01825563
-0.04893281
0.03018142
0.02099468
0.00970920
0.03328241
0.02540768
-0.00527936
0.03243983
0.04591344
-0.04486812
0.03771924
-0.03282817
-0.05008448
-0.04280046
0.01622523
0.04905887
-0.00318712
-0.02510260
-0.02838471
0.02263608
-0.01010996
0.02597660
0.05101163
0.03575401
-0.01218465
-0.00431156
0.03577211
0.01527773
-0.03477116
0.03294256
0.02024789
0.04417953
-0.00296266
-0.01385453
0.01550626
-0.05413987
0.00906069
0.02268260
-0.01943281
-0.02917204
0.01598179
0.03760125
-0.02625884
0.01050614
-0.02602630
0.00954052
0.00942624
0.00309571
0.03708754
0.00489270
0.00674049
-0.04066923
0.03239629
-0.00449961
0.03065760
-0.02489951
0.02775933
0.02358420
0.02431223
-0.02828651
0.03596156
0.03111904
-0.03140648
-0.05389096
0.00573633
-0.01239472
0.03344438
-0.01856912
-0.00839440
0.00348396
-0.04289472
-0.02386335
0.04021163
-0.04036029
-0.01739987
0.01256593
-0.00018028
0.03039350
0.00354866
-0.02720337
-0.00107263
-0.04398596
-0.02470763
-0.01490288
-0.02557359
-0.02296507
-0.03412673
-0.04957097
0.01671443
-0.02834626
0.03574241
0.01384562
0.02703978
0.03720112
-0.03134312
-0.05450835
-0.00573934
0.00191097
0.03529405
-0.01021333
-0.02470359
-0.03220374
-0.01477954
0.01336329
-0.02517113
0.00382337
0.03132937
-0.02721703
-0.02508114
-0.04557572
-0.02735011
0.04665760
-0.01794103
-0.01070799
0.03347060
-0.04306962
0.03631297
0.02709540
-0.00976789
0.00063062
-0.00587194
-0.01882373
0.01802730
0.01411854
0.00680170
-0.00893332
0.00577886
0.03800438
0.02833391
-0.01394912
0.01110332
-0.04087006
-0.01579860
-0.04747336
0.03083202
0.02306006
0.03703399
-0.02831028
0.00365664
0.04877594
-0.02670216
-0.03251701
0.03416138
-0.04535140
0.04549315
0.01234100
0.03854139
-0.04084646
0.02114948
0.02972574
0.03183499
0.02642913
-0.00755739
-0.04301777
-0.01916926
-0.01806719
-0.04758035
-0.03923895
0.04341208
-0.00369770
0.03500548
-0.03332873
-0.05224253
-0.03785931
-0.04695347
-0.05150219
-0.04841032
-0.02979560
0.00735994
-0.02941459
-0.04838922
-0.01285983
-0.00717375
-0.01686303
-0.04260300
-0.04986843
-0.03547881
-0.00662628
-0.02175776
-0.03825649
0.01128033
-0.02369003
0.08404727
-0.04020631
0.07109017
0.15008956
-0.00251915
0.00990980
0.02360033
-0.05984867
-0.02980508
0.06099724
0.01396692
0.03612940
0.04277528
0.09638890
0.04846844
-0.03934552
-0.02714402
0.05939774
0.02919756
-0.01458972
-0.00147800
-0.03068155
-0.01026205
0.00745272
-0.04765109
-0.02949531
-0.02875917
0.00141512
-0.00607748
-0.01225661
-0.03776123
0.04446040
-0.04715177
-0.03634352
0.05309930
-0.00075543
0.06009425
-0.06667975
0.01167289
-0.03039749
-0.03535184
-0.01387992
0.02556516
-0.04962806
0.02058472
0.06740073
-0.00569256
-0.18162745
0.03869588
0.05952357
-0.06814703
-0.03153874
0.07461254
-0.05563815
-0.04705974
0.02336568
0.02207338
0.12306066
0.01171467
0.02566310
0.04739866
0.01269622
-0.04501010
-0.07537018
0.04817523
-0.02841327
0.02216974
0.04346193
-0.01481657
0.02025791
-0.03806305
-0.04247505
-0.06395833
0.09313403
0.02427079
0.00153743
0.01651906
-0.08951150
-0.00217591
0.02546250
-0.03373349
-0.01235668
0.07875730
0.04162115
-0.03986105
-0.02495202
0.02443955
0.09329602
0.00045353
-0.06531765
-0.06421605
-0.08540374
0.02549017
-0.05541350
-0.04404118
0.01253918
0.02521927
-0.07117966
-0.03426099
-0.04982043
-0.03666933
0.01747412
0.01798661
0.11413112
0.00634270
-0.01440011
-0.03786006
0.00012703
0.05361908
-0.00774532
0.06624801
0.03566888
-0.07356460
0.05545340
0.00027433
0.06518299
0.03423750
-0.07505221
-0.02254005
-0.02836968
-0.00278750
0.01245966
0.05194572
0.07258918
-0.04576258
0.02585807
0.02424932
-0.08227352
0.02328049
-0.00874606
0.01092678
-0.04012917
0.02539541
0.01383785
-0.05909966
0.00550502
0.05508437
0.07108696
0.00134327
-0.01169318
-0.06592587
-0.01498075
0.02941415
-0.04843897
0.02886063
0.04482062
-0.06350235
0.02014758
0.00493598
-0.02745128
-0.06675944
0.03021825
0.01002715
0.01218280
-0.04097586
-0.03420511
-0.01357464
0.01132785
0.02417593
0.02756898
0.03701664
-0.07119282
-0.03208631
-0.04830515
0.05598293
0.00274044
-0.04620375
0.02194272
-0.07195598
-0.01680234
-0.04744972
-0.00330690
-0.07980563
-0.06251711
0.04685433
-0.01207014
0.01921049
0.05638158
0.02977236
-0.06444703
0.03079198
0.07635050
0.00037333
0.02706109
-0.01719872
0.02109774
0.04472758
-0.03118865
-0.07350163
-0.03195652
-0.01065591
-0.07552961
-0.02209572
-0.03283612
-0.00887739
-0.00539914
0.03024866
-0.03991869
-0.06268148
0.03747562
-0.01914512
0.01788698
-0.01958511
-0.01152234
0.06214337
-0.00903195
-0.02600133
-0.04086414
-0.04863617
-0.01613726
-0.00762170
0.00521607
0.09362283
0.01514125
-0.06273361
-0.02560456
0.07917734
0.05034117
0.00358166
-0.00610354
-0.01134193
0.05523268
0.02816474
0.04466894
-0.03486267
-0.00932013
0.03794305
0.01539389
-0.02059251
0.03504232
0.00456375
-0.09959534
-0.04446076
-0.04086695
-0.04531495
0.00323194
-0.06487052
0.00940630
0.01198671
0.05591058
-0.00045348
0.04384436
-0.03896876
-0.02248978
0.02923318
0.04154262
0.01065394
0.06113321
0.01627170
0.00105692
-0.03964579
0.01948852
-0.02337630
-0.00385065
-0.03394733
0.04629141
-0.01618020
-0.01001767
0.02746017
0.01146563
-0.00605844
0.03913653
0.04770927
-0.04235533
0.00661192
-0.00600562
-0.00442080
-0.03596710
-0.01955215
-0.01999703
0.02427069
-0.01473328
0.04071226
-0.01921034
0.02387604
0.03914922
-0.00316295
-0.02519480
0.03593354
-0.01208788
0.03733835
-0.05249649
0.05536775
0.02947824
0.05139997
0.03942714
0.05171674
0.00533761
0.00660560
0.02807096
-0.03106678
0.06065477
-0.00843535
0.02834318
-0.03282233
0.01015109
0.00002531
-0.01338904
-0.02422883
0.00960742
-0.03527081
0.03659801
0.03849373
0.04672163
-0.04743110
0.04436187
0.01483568
-0.01132010
0.02496343
0.03311042
-0.04362365
-0.01583404
0.02632897
-0.04967486
0.02212613
-0.02038047
-0.01087741
0.00372845
0.00900474
-0.03314541
0.00472200
0.03973245
-0.00871856
0.04762594
-0.00626309
0.02583838
0.00361050
0.00596916
-0.02579575
0.03632737
-0.00719270
0.01312936
0.03737178
-0.05031243
-0.05884643
-0.04994899
-0.02658793
0.04493637
0.00281599
0.03633694
-0.03293367
0.02335392
-0.04452067
-0.00997082
-0.00804772
-0.03653082
0.05693968
-0.02300315
0.01557037
-0.02812416
-0.03490970
0.05474110
-0.04061610
0.03329929
-0.00545663
-0.00761813
-0.03160704
-0.03914232
0.03119349
0.02794209
0.04449286
-0.00890971
-0.02120035
0.02855401
0.01912185
-0.01362649
-0.00116943
-0.03604994
-0.00037228
-0.01904963
-0.04329566
-0.04444367
-0.00008173
-0.04120775
0.03099632
-0.02742700
0.03370690
-0.03629229
-0.04877296
-0.03101146
-0.02031789
0.00645141
0.00860376
-0.02760994
-0.03619314
-0.02521314
0.04124567
0.04209821
0.04150020
-0.00620231
-0.03779411
-0.01525091
-0.04299745
0.02120412
0.02803191
-0.04107699
0.02641510
0.01760575
0.02273533
0.01824046
0.04022046
0.03238895
0.02899013
0.02453109
-0.02787566
0.02183220
0.03043571
-0.02914710
-0.00845267
0.04781257
-0.05300271
0.03264691
-0.00197136
-0.03679686
-0.01997223
0.00006989
-0.04941296
0.00800215
-0.05334823
-0.04479723
0.04532870
0.03847951
0.04825485
0.04133239
0.03699685
0.04079098
-0.01295254
0.02870182
-0.00020456
-0.05225093
-0.03708256
-0.05023492
-0.01927317
0.01504928
0.01503254
-0.00909269
0.03330557
0.02956270
0.01621975
-0.02882390
0.00801363
0.00355768
0.04668689
-0.00043300
-0.01115803
0.04578282
0.03503109
0.04379100
0.05250161
-0.01800802
-0.01497700
-0.04694307
-0.02816588
-0.02301427
-0.01634289
0.02259590
-0.04654062
-0.00658243
-0.02354416
-0.05288659
0.00220237
0.02288296
-0.01729183
0.02243022
0.00209798
-0.01251267
-0.04327054
-0.00316593
0.01470194
-0.00468381
-0.02695126
0.04092994
0.02251410
0.04686160
-0.03735802
0.03568140
-0.04827391
-0.01011562
-0.04694180
-0.04048192
0.04348551
-0.04081014
0.00430951
-0.01003948
0.03020918
0.03984955
-0.04133703
-0.01992194
-0.01192867
-0.04095176
-0.02581217
0.04663018
-0.02245089
0.01344020
0.02509659
0.01839191
-0.04375600
-0.04333661
0.02086290
0.03059046
-0.03537646
0.00158176
-0.04432265
-0.02491129
0.00217570
0.04461297
0.02425836
0.02618425
0.02023073
-0.01414079
-0.04408395
-0.00474128
-0.01590462
-0.00151145
-0.00556532
-0.04880314
-0.04221920
0.00497343
-0.01567238
-0.01437606
0.04126378
0.02269189
0.03256407
-0.02288967
0.00176918
-0.05561746
-0.00748507
0.04883616
0.02337039
0.02344698
0.06318620
-0.06566548
-0.00166230
-0.02190137
0.03289699
0.05475597
0.05281299
0.00007984
-0.01252979
0.04792850
-0.09096798
0.02879215
-0.06674398
0.05475405
0.04411346
0.04388779
-0.01494437
-0.07738492
-0.02352002
-0.03279319
0.02722061
-0.08696132
0.04382731
0.00325193
0.01980237
0.01532104
-0.01190650
0.03491949
-0.01442699
0.01635738
0.04875006
0.09732407
-0.03054414
0.06032393
0.10050973
0.02211302
0.03036191
-0.00548306
-0.01442488
-0.02931463
-0.00042369
0.05947135
-0.04590094
-0.01148956
0.07825248
0.02882342
-0.00479844
-0.05040538
-0.03586376
-0.01513221
-0.03799089
-0.02064601
0.05455679
-0.05142708
0.00631476
0.01951357
-0.07444146
0.01710976
-0.04184836
0.04013639
-0.01203100
0.03857037
-0.04680366
-0.02315490
0.00032442
0.02963290
0.05389149
-0.04111593
-0.02217789
-0.02580528
-0.00135501
0.00077632
-0.03023625
-0.11697169
0.00476683
0.05743651
-0.02131207
-0.02021625
-0.01825179
-0.02889996
0.04106222
0.02178637
0.01767914
-0.00495918
0.02983119
0.00150236
-0.03789927
-0.00667929
0.02717137
-0.00170220
-0.00726977
-0.06283686
-0.00220213
0.01003084
-0.01886356
-0.02434815
0.03429006
-0.00251286
0.02282265
0.06548868
-0.03030405
0.00040791
-0.01153559
0.02053510
0.05782169
0.03372316
0.00779927
-0.03065268
-0.03615500
-0.09241969
-0.01868103
0.05408106
-0.00599990
-0.00095612
-0.04857922
-0.02202568
0.03854133
-0.00213035
-0.00476116
-0.00572936
0.00195455
-0.06226300
-0.02426130
0.01364409
-0.04498003
0.08726542
-0.05653577
0.04668015
-0.10362843
0.01255616
-0.01615722
-0.04041854
0.01498769
-0.02015116
-0.02750644
0.06752618
-0.01067407
0.05914433
0.05037315
0.01158756
0.02994747
-0.00309619
0.03563613
0.08420644
0.06903481
-0.07950755
0.06003241
-0.02134186
0.07204425
-0.03632388
-0.05540481
0.00635141
0.00437752
-0.01886035
-0.00862822
0.02645296
-0.01393171
0.03839818
-0.02761085
0.00072146
0.06178671
0.02875453
0.03043745
0.01754506
0.01306222
-0.00426807
-0.01528384
-0.05750568
0.02129607
0.00251786
-0.01995892
-0.04552373
0.01452505
0.09474009
-0.01991565
0.03597397
-0.00299377
-0.05906070
-0.05565563
0.03287432
0.00652071
0.02284261
0.00416704
-0.06079924
0.04077061
0.03916237
0.00125425
-0.04122551
0.06993152
0.02690042
-0.02612393
0.05598823
-0.00063816
-0.04733166
0.02639026
-0.02170862
0.05844134
-0.03528271
-0.05746599
0.02065386
0.00629878
0.01300462
0.01860772
-0.00460772
0.00073921
0.00240800
0.03234400
0.02378649
-0.03201679
0.01443040
0.07125776
0.05057022
-0.02561290
0.01743821
-0.00107038
0.01827153
0.00551939
-0.01117136
-0.03207217
-0.04131801
-0.00187186
0.01993830
0.00470258
0.03981463
-0.00031165
-0.03115801
0.02257124
0.04886705
0.00880798
0.01510469
0.02633073
-0.01258358
0.01258289
-0.01910610
0.00106922
-0.02473916
-0.03241617
-0.02607326
0.08224359
0.04066696
-0.02343209
0.01946416
-0.03083857
-0.06063569
-0.01814655
-0.04904159
-0.02075327
0.07038615
-0.00502912
0.08146901
0.03849304
0.12894343
0.07952936
-0.00682100
0.02786150
0.07889952
-0.01173116
0.02874505
0.01011133
0.01289612
0.03995708
-0.02643272
0.01958712
-0.02546929
-0.00817015
0.01235083
-0.01997497
-0.05044489
-0.07227362
0.00306159
-0.06241765
0.04591825
-0.03751825
0.05184038
0.05178423
0.01578989
0.01345642
-0.07219446
0.01852444
0.04337564
0.05061543
-0.00278565
-0.04603107
0.00951775
-0.00084640
-0.04544898
0.03511423
0.08398192
0.01429288
-0.01963663
0.04614575
0.02099849
-0.06945746
0.01476481
0.03705806
0.01246110
0.03126702
-0.03926890
0.02881928
0.03820922
0.01403417
-0.06424305
0.03342214
0.01708840
0.05556897
0.06454549
0.04681889
-0.03161098
0.02551720
0.02633120
-0.00958549
0.05133999
-0.04937251
0.04713393
-0.01000258
-0.03219909
0.07358374
0.03200896
0.03462707
0.01640566
-0.06239197
-0.00672674
-0.05747723
-0.01280645
0.05537833
-0.03020342
-0.00691029
0.02793496
-0.06954017
-0.06408857
0.01786208
-0.05142246
-0.00194568
-0.05847576
0.03795399
0.00828228
0.02414928
-0.00957336
-0.01848144
-0.06345502
-0.00711295
0.07175059
-0.05205469
-0.04407739
-0.03149749
-0.05547363
-0.01824079
-0.03118849
-0.06882083
-0.04673686
-0.05406480
-0.06378924
0.01464156
0.04761604
0.00437691
-0.03362668
0.03524046
0.01934526
-0.04209880
-0.06705270
0.02256349
0.05180077
0.01495183
-0.07216850
-0.01174185
-0.02495345
0.06396461
-0.04096939
-0.01551095
-0.06426702
0.03605898
-0.03527056
-0.05299378
0.02818290
0.03042712
0.03941045
-0.06498629
-0.03920066
-0.01553382
-0.01670953
-0.02964423
-0.06455284
-0.06755213
-0.04341259
-0.07648208
-0.06467815
0.02958636
-0.04496320
-0.07436226
0.01102154
-0.04371937
-0.02789732
0.01682094
0.04102255
-0.01940863
0.02182730
0.03377096
-0.00189837
-0.00909914
0.05923653
-0.04565724
-0.07878499
-0.02985190
-0.03026973
-0.02701932
-0.00654880
-0.02453631
-0.04480274
-0.03583898
-0.06173797
-0.05808537
0.03061788
0.00567104
-0.04604148
0.03034369
0.03420043
-0.04464884
-0.05296295
-0.00999840
0.07389586
0.00854512
0.01984173
0.03987183
-0.03864881
0.01355629
-0.04942841
-0.07621843
-0.00788089
0.00634009
-0.05330872
-0.00087033
-0.02261006
0.02609487
-0.03222303
-0.03759854
-0.02283567
-0.03462956
0.03443670
0.05650349
-0.07690439
0.01844270
0.01736136
0.02075765
-0.06062395
-0.04263016
0.00464982
-0.01538660
-0.03939645
0.01231385
-0.01800064
-0.00296077
-0.00216682
-0.05015635
0.02015817
0.03472374
0.00504869
0.01559103
-0.00513553
-0.00893237
-0.02302177
-0.02818601
0.06766862
0.02693183
-0.03979264
-0.01839949
-0.00119061
-0.01707713
-0.02905905
0.09186955
0.06451193
0.00115370
-0.01722394
-0.06355793
-0.03570071
-0.02225597
-0.01475281
0.04335526
0.00938230
0.04823410
0.00984515
0.00449370
0.02582755
0.03048257
-0.03301929
0.03328346
-0.05053836
-0.03439796
0.01347869
-0.00384003
-0.02663286
-0.02539401
-0.01965825
0.05348419
0.01147662
-0.07110932
-0.03533047
-0.02355975
-0.16783518
0.03389428
0.02697669
-0.03162231
-0.03196229
0.04413402
-0.00113665
0.05987282
0.05211680
-0.07289013
0.06258477
-0.13603088
0.04338839
-0.10127635
-0.08902430
-0.03400896
0.04040166
-0.06808836
-0.00002487
-0.06986197
-0.01401261
0.04839330
0.08127066
0.03917659
0.02128043
0.10254844
0.04930990
-0.00194142
0.01108686
0.10973920
-0.10309491
0.13651922
-0.07495828
-0.00347244
0.01639672
-0.04118799
0.12728897
0.01418560
0.06450266
-0.01268271
-0.03854287
0.14963572
0.06572796
-0.04591919
0.03703560
-0.11139961
-0.07870588
0.07837331
-0.01098102
-0.00391649
-0.00106005
-0.00622710
-0.04558147
0.01944271
0.07884941
0.03514145
-0.03663808
0.05158270
0.00595148
-0.01157060
0.02957843
0.00445359
-0.02347795
0.02275601
-0.02218738
-0.04132737
0.01374742
0.01319644
-0.05877520
-0.05723823
0.10528008
0.07095802
-0.10043423
-0.03545735
-0.05805527
0.00720069
-0.03735112
-0.04080276
-0.05580165
-0.13030137
0.04288148
0.02347228
0.00543484
0.02223182
-0.02367344
0.07971619
0.02093327
-0.01596347
0.04561591
0.08902322
-0.08448434
-0.03038702
0.01011061
-0.06871775
0.00275663
-0.00809812
0.03387179
0.00821062
0.07595902
-0.05868977
0.00732598
-0.02387341
0.04892869
0.13747796
-0.05945382
0.08795237
-0.02731401
-0.02962461
-0.09302613
-0.05275734
-0.02803368
-0.09108435
0.00298757
-0.03466332
0.03649390
0.08778227
-0.01945799
0.00131891
-0.09908182
0.04096249
0.01512441
0.01123523
-0.18852630
0.03914943
-0.00726886
-0.05151458
0.03139119
-0.00516405
0.02012679
-0.04294292
0.02377003
-0.00583002
-0.03547805
0.04057750
0.05043706
0.03771865
0.00131836
0.04441233
0.01660894
-0.00878122
-0.00731754
0.09512397
-0.06447855
0.18920198
0.00578016
-0.05812212
0.04616703
-0.06981110
0.14061253
0.08805356
-0.06281420
-0.05438823
0.05554182
-0.03072253
-0.03193495
-0.02241043
-0.03521597
-0.04054911
-0.03379037
-0.09001391
0.04440374
0.00284913
0.01847252
-0.06885556
0.01409273
0.09994192
-0.02366254
-0.05441358
0.00979068
-0.05866204
-0.00829114
-0.05960628
-0.02281832
0.01236974
-0.00225907
-0.01968548
0.00787633
0.11058328
-0.06058313
0.07038800
0.03963354
0.03055945
-0.01961300
0.04911774
0.00584503
-0.02891578
0.06207706
-0.00721799
0.00454162
0.03393126
-0.03167072
0.02118814
-0.05284662
0.06035113
-0.10642248
0.01308284
-0.04915171
-0.02284815
0.08265459
0.02621191
0.00124280
-0.01795912
-0.08886217
0.02800791
-0.03351044
0.01761482
0.05858992
-0.02627558
0.02366323
0.01342207
-0.02634636
-0.04055100
0.01846646
-0.11207056
0.00353627
-0.05800997
-0.12139253
-0.10773633
-0.04349795
0.02237934
-0.02303994
0.01835872
-0.08557870
0.06802586
-0.04929898
-0.07189875
0.02408914
-0.01761703
0.06364039
-0.02252234
0.04335349
-0.06484523
-0.02584612
0.07816950
0.02404296
0.10100845
0.00838618
0.02167195
-0.02799444
0.02114301
0.02605400
-0.00040041
0.01506870
0.01689409
0.03734072
0.00504126
-0.02759637
0.04631351
-0.01165706
-0.02000454
0.04628003
-0.04606271
0.01258748
-0.03685410
-0.04430921
0.03013810
-0.06758420
-0.00998899
-0.03867574
0.03239397
0.02708774
0.01039753
0.01794945
0.02196638
-0.00943418
-0.01915207
-0.02411542
0.01456025
-0.03570075
0.01652860
-0.03123105
0.00942936
0.00550546
0.01478707
-0.01623346
0.05437538
-0.02377887
-0.07246365
-0.06942853
0.03893802
0.04271398
-0.00888129
0.01201885
-0.04551331
-0.04261332
-0.00723805
0.04831867
-0.13544247
0.01468299
-0.00154541
-0.03790478
-0.03042273
0.03530496
0.03825323
0.00991386
0.05105602
-0.05297109
-0.02820938
-0.04867981
-0.03105317
0.03141113
-0.01051559
0.05663249
-0.07310791
0.02906628
0.04665647
-0.02091422
-0.00052112
-0.00861961
0.04143509
-0.02102800
0.01441299
0.01092911
0.02024574
-0.03825819
0.01063470
-0.02979103
-0.04023743
-0.00733891
-0.03377466
-0.01340304
-0.01375068
0.03349411
0.03528057
-0.07024225
-0.04515363
-0.05123670
-0.04491203
-0.05737094
-0.00659923
0.01820456
-0.06638157
-0.00795064
0.04459342
-0.04673997
0.00181353
0.04224551
-0.02015916
0.01972022
-0.06152947
-0.04462244
-0.03133525
0.00394727
0.08791924
0.07394172
0.05238035
0.05326376
0.03269095
0.00460357
-0.00235286
0.04923560
-0.06625986
-0.03421764
-0.02223515
0.04826406
0.03720827
-0.00640485
-0.03397629
0.08958890
0.02057798
0.00994581
-0.01576779
0.02810993
-0.12187382
0.00724671
0.05213884
0.03392294
-0.05969573
0.01312840
-0.03476123
-0.01787585
0.00153307
-0.00792331
0.01926281
-0.04621036
0.00051860
0.08394380
-0.03726489
0.05167501
0.01183264
-0.04177103
0.01937744
0.04711521
-0.00080737
-0.02839926
-0.01145487
-0.02042971
-0.07160708
-0.02768797
0.11330182
0.07101269
-0.02329975
0.00348562
0.01774595
-0.04028215
-0.03041844
0.09370324
0.05668761
0.04530815
0.09800941
0.02506129
-0.05721301
0.03174443
-0.00658614
0.01085950
-0.03577768
-0.03981537
-0.01599892
-0.02438456
-0.02051347
-0.05218684
0.04023949
-0.03577589
0.04531516
0.01756051
-0.00599756
0.04723635
0.06125600
-0.02833687
0.07310865
0.04020827
0.02699800
-0.03191085
-0.00444655
0.05625962
-0.01143727
-0.01614999
0.01798142
0.03317041
-0.03215194
0.04047535
0.04262402
-0.03051430
-0.00534521
-0.04647569
-0.01088089
-0.02581390
0.00790363
0.01739658
-0.05151204
-0.01094868
0.03322043
0.01265666
-0.03888430
0.03566594
0.05017198
-0.03354345
-0.03852129
-0.03646688
-0.03420240
0.02884293
-0.04961126
0.04016173
0.00799399
0.03256736
-0.07126736
-0.00202585
-0.03475032
0.03443770
-0.00943223
0.00913554
0.04633259
-0.04227275
0.01573047
-0.05209417
0.05060071
-0.02826382
-0.04474475
0.01084894
0.06106044
-0.01870921
0.03608504
-0.00636013
0.05066122
-0.01840630
0.03504346
0.05804878
0.01428277
0.00639772
0.09459998
-0.02864831
0.03307195
-0.02894877
0.00130924
0.02123415
0.02873077
-0.05102362
0.03958649
-0.00716303
0.07793988
-0.04870231
0.02554621
-0.04251963
0.02998971
0.05463702
-0.08497779
-0.03919547
0.00940103
-0.00398857
0.00142148
0.01203783
-0.02669619
0.01656241
-0.02654226
-0.02276940
-0.03275341
-0.02948216
-0.06027353
0.00107838
0.00435537
-0.02352466
0.06868378
-0.02316213
0.00919672
-0.04089284
0.00048659
-0.00759292
0.04489851
0.06651311
0.01863839
0.09612696
0.01077233
0.06692919
0.02647889
-0.11286992
0.00805277
0.01382294
-0.05433515
0.02415752
-0.04209275
0.01152586
0.02072672
-0.04654076
-0.09397709
-0.05208800
-0.00488397
0.04809271
-0.10614844
0.02690792
-0.06746604
0.00316788
-0.02046205
-0.04085344
-0.06278238
-0.02506998
-0.04562739
0.00903387
0.02548007
0.01688438
-0.08298711
0.04986552
0.03745940
-0.04505682
0.05321608
0.04607964
-0.02532253
-0.10583726
0.00789235
-0.06845993
0.00381849
-0.01752524
-0.00005175
-0.01955278
-0.01592647
-0.04154015
0.04979346
0.04757674
-0.04517908
-0.02173035
0.01974069
-0.02960666
-0.01223021
-0.03550823
0.02853584
-0.00900029
0.01954878
-0.05443256
-0.07412482
0.03785717
0.01245477
-0.06144110
-0.01727213
0.00075328
-0.00013095
-0.03751199
-0.04379584
-0.03424247
-0.01701405
-0.01186951
-0.00879330
0.03151508
-0.00706786
0.09598310
-0.03150976
0.04089863
-0.04275609
0.00395499
0.04986424
-0.03834320
-0.02831195
0.04743537
0.04141887
0.00559156
0.00980084
-0.03638595
-0.00495717
0.05718684
-0.04820156
-0.04451029
0.00108597
0.03728319
0.02782971
0.06636817
-0.02130719
0.01785099
0.05635454
-0.04079880
0.07577880
0.01144863
-0.09655156
0.02679193
0.04164115
0.00142417
-0.04548960
-0.07248023
0.01320682
0.02309043
0.01902365
-0.01408088
0.00902125
0.01722935
0.05996084
0.04493067
-0.04473022
0.00263820
0.02020516
-0.00085752
0.04129123
0.05021491
-0.00123382
0.00715162
-0.00518692
-0.00464656
0.07880013
-0.02246187
0.02999314
0.05884721
-0.03929256
-0.02776311
-0.02614927
-0.05343304
-0.05468657
0.04335204
0.06010345
0.05394710
0.05224044
-0.02343477
-0.04613488
0.03055869
0.06299759
0.06075272
0.06294509
0.02352169
-0.00198327
0.02765709
-0.03727979
-0.00241599
-0.03020880
-0.06267520
0.06557757
-0.02153394
-0.00330209
-0.04053225
0.03232441
-0.02646757
-0.07316276
0.03267023
0.05281772
-0.04623597
-0.00860219
0.02608518
0.05539427
-0.00255052
-0.03129306
0.03370054
0.01104034
-0.05144140
-0.04465384
-0.03752697
-0.08968766
-0.01179584
-0.00907784
-0.08496496
0.05088344
0.02873247
-0.02065775
-0.02329973
-0.03253462
-0.00016179
0.04745818
-0.01466854
-0.01315145
0.05822436
0.03174357
-0.00495311
-0.03581841
0.05368251
-0.07099445
0.05152486
-0.04922449
0.10014084
-0.02921882
-0.01070541
0.01929756
-0.05111708
-0.00960828
-0.02947517
-0.00774565
0.02244387
0.01636663
-0.01497919
0.11540495
0.02101476
0.00437102
-0.00609136
0.02985112
-0.03450326
0.03453995
0.01656983
-0.05661314
0.00326287
0.05185626
0.00185920
-0.01453123
-0.02461024
0.05452988
-0.03413719
-0.02106132
0.01389073
0.02609859
-0.00810787
-0.01269249
0.06490485
-0.01535457
0.00907058
0.05041269
-0.04145247
0.00289308
-0.00511859
-0.00053807
0.04612852
0.02084297
-0.05105128
0.05785232
-0.05089582
-0.03290237
0.03263837
-0.02545762
-0.05010230
-0.03777443
0.00917493
0.05751191
-0.04858906
0.06688046
-0.03708058
-0.02693008
0.03372906
-0.03416832
0.09243671
0.05607014
0.05195408
0.00353101
0.01375648
-0.01052222
-0.01090156
-0.03367690
0.01463800
0.07410951
-0.05733774
-0.10904295
0.02213535
-0.06035236
0.02529332
-0.00997506
0.04862732
-0.02801976
-0.02544886
0.01316645
0.04051955
-0.02143732
0.04093617
0.07231879
-0.01324024
-0.04348217
-0.01769265
0.02916045
-0.00990204
0.00520550
-0.00132406
0.05450229
-0.05234030
0.14161183
0.02392556
0.01571628
0.11808820
0.04900659
-0.02580273
0.01791820
0.00917155
0.03001052
0.03442106
-0.00084845
-0.00122753
-0.04360374
-0.01427996
-0.02824884
0.08701390
0.02078186
0.04350960
-0.01763571
0.07356839
-0.00455343
0.01220909
0.10735054
0.02387483
0.04526485
-0.06422454
-0.06437090
0.00528150
0.00054753
0.04513792
0.04061221
-0.00767970
0.03462288
0.00877505
-0.01537548
0.06655507
-0.01423219
0.04945759
0.04843972
-0.02135972
-0.03764600
0.06073062
-0.09909709
0.01042122
-0.00593810
0.00562925
0.01383039
0.03269998
0.07043859
-0.02701629
-0.04484786
-0.03275404
0.01219086
0.01792083
-0.04940284
-0.07091164
-0.02157582
-0.05232273
0.02535405
0.03882112
-0.07808720
-0.04432420
0.08584996
0.06955292
0.02049432
-0.04494528
-0.05080235
-0.01118313
0.00388696
-0.04538447
0.03843860
-0.05602796
-0.05921077
-0.00116274
-0.04831539
-0.03354134
0.07296089
0.03811225
0.07695133
-0.04054745
-0.02725367
0.01079412
0.07376875
0.03365638
-0.05745097
0.05402593
0.01105768
0.02377722
-0.00130389
-0.01780920
0.03681183
0.05337694
0.03634536
-0.00363357
0.02458686
0.07436249
0.01144938
-0.03258975
-0.03385349
0.04431722
-0.01895072
0.02372664
-0.05688255
-0.05442161
0.01535703
0.03487470
-0.05829482
-0.00607227
-0.05129365
-0.03525564
0.03286972
0.01821227
0.02443762
0.04368354
0.00771354
-0.06263306
0.05112599
0.00129051
-0.04760923
0.02039654
0.07139727
-0.02977541
-0.03949287
0.03747792
0.02144177
-0.07158500
-0.02626378
0.01409074
-0.02878570
-0.02452727
-0.03870464
-0.03315726
0.01264009
0.00246335
0.01205733
0.07415499
-0.07942281
-0.01055537
-0.07946943
-0.01049020
-0.02198529
0.05406987
-0.02543264
0.02228482
0.11337094
-0.02320367
0.10038619
0.01709003
0.02354126
-0.06404862
-0.00453015
0.01336500
0.06193309
0.02121208
-0.01775602
-0.01283532
-0.00055336
-0.02977384
-0.00878123
-0.07037263
-0.02687814
0.00830441
0.08564047
0.06209844
-0.15059048
-0.05480657
0.00208305
-0.01604756
-0.01972700
-0.02832538
0.01761268
0.02715521
-0.07038070
0.06168018
0.02931045
0.00716123
0.04132017
0.00517180
0.04248236
-0.02477165
-0.10177422
-0.05774526
0.00081337
-0.13463092
-0.00832590
0.00641332
-0.03312248
0.02718414
0.00818670
-0.00853590
-0.03553948
-0.00221984
-0.02436431
0.01578731
-0.00340374
-0.02862242
0.03181536
0.01229702
0.00115543
-0.03508744
-0.01417718
0.06709299
0.12478931
-0.03785659
-0.05165276
-0.05731460
0.06176870
-0.01325400
-0.01571927
-0.03453184
-0.03804542
-0.04983874
-0.03423995
-0.04571455
0.04294664
0.00355052
-0.03219396
0.01163041
-0.01986654
-0.00080810
-0.01951318
0.03276361
-0.00058722
-0.00937298
-0.01070898
-0.03761785
-0.02022336
-0.04705728
-0.04436512
-0.05168282
0.02629306
0.00479830
0.03313069
0.01763728
-0.04025577
-0.03403274
0.04741082
0.02876450
0.05038457
0.04945745
-0.04740536
0.02701431
-0.00045792
-0.05482759
-0.03670853
0.01474157
-0.06276940
0.01254273
-0.03303328
0.01842487
-0.01565807
-0.00764649
-0.03760963
0.03252932
0.02274164
-0.05464771
-0.00873281
0.01159156
0.04843348
-0.01689030
-0.03760199
-0.03730828
-0.00452768
0.00036095
-0.03117286
-0.02494061
-0.03711425
-0.00035518
-0.04783669
0.01664436
-0.01133354
0.02384782
0.03157663
-0.04597014
-0.02855593
-0.02422560
0.01600339
0.02926335
0.03939570
-0.03709204
-0.01965863
0.01839814
-0.01534232
-0.03602007
-0.04340572
-0.02434123
-0.01712066
-0.01116436
-0.04806347
0.01199296
-0.04086160
0.02309224
0.04850552
-0.00532421
-0.00976099
-0.01287335
-0.01904165
-0.02282037
-0.00930688
-0.00612979
0.04394736
0.00884589
0.04050682
0.00522486
0.03071540
-0.03416392
-0.02648215
-0.03933958
0.03041014
-0.02862046
0.00768997
0.00402922
-0.02994046
-0.01912415
0.01300426
-0.04693442
0.02065743
0.01409442
0.01155492
-0.04744230
0.00014089
-0.00592207
0.03530848
-0.01121042
-0.03095937
0.03035128
0.02189677
-0.01844299
-0.00203435
-0.04123640
-0.00319665
0.01062720
0.02944193
0.04255397
0.03622125
0.02825679
0.04771124
0.02563768
0.02003786
-0.04760484
0.03665086
-0.02305624
-0.03262997
-0.01608401
-0.05285225
-0.04106184
-0.04596418
-0.03300945
0.00048190
-0.01641494
0.00995451
0.02420293
-0.04608801
0.02031156
0.00779902
-0.03867842
-0.03176710
-0.03228885
-0.04063212
0.00789936
-0.00401197
0.02084325
0.01894519
-0.04316185
0.03722337
0.03421183
0.01740520
0.03441103
-0.04877467
0.00960345
-0.00317757
0.03339024
0.02856294
0.00022736
-0.01317391
0.00233601
-0.01864658
0.03274297
0.01853317
-0.03772619
-0.02232844
-0.01155383
-0.03402910
-0.02251338
0.00869060
0.04183990
-0.03619669
-0.04773276
0.03603613
-0.04070745
0.00044972
0.00759822
0.03312957
0.00047434
0.01316821
0.03500346
-0.02345009
-0.05353975
-0.02142196
0.01825210
0.01920610
0.01187628
0.01271607
-0.05292305
0.01221407
0.04165524
0.01074667
0.04341008
0.01471059
0.04682561
0.05023868
-0.02624350
-0.04856132
-0.00981880
0.00470808
-0.00497369
-0.03561308
0.03839875
0.04458524
0.04725217
0.01666627
-0.04105434
-0.01321150
-0.00563460
0.02890429
0.04026905
0.03629110
-0.01596159
0.02422307
0.00245979
-0.03283282
0.03612525
0.03230396
0.03488155
-0.02331141
-0.01893101
-0.00640925
-0.01694443
0.02980770
0.00769197
-0.03744481
-0.01958689
0.01883372
-0.02334182
-0.01908765
-0.02399795
-0.02581991
-0.01030834
0.00290929
-0.02238501
-0.03699280
0.00625597
0.01605739
0.01422129
0.04595554
0.04253795
-0.04594056
-0.01253888
-0.04126778
-0.00520803
0.00459010
0.03057579
-0.02684294
-0.01738615
0.03207041
-0.01180028
-0.03110269
-0.04809638
-0.01642917
-0.00948625
-0.02516626
0.01709870
-0.03966576
0.02209834
-0.04276182
-0.02503770
-0.03823882
0.03777914
-0.04330475
0.02256461
-0.03823068
0.00168853
0.03285414
-0.03822361
0.02382202
0.01744343
-0.01551352
0.02322181
-0.00801060
-0.01885278
-0.01139980
0.01537459
-0.04571143
-0.01499015
-0.00762433
-0.01345055
0.01194790
-0.00917339
-0.03202092
-0.00916401
0.03544356
-0.00255674
0.00723902
0.00560699
0.03974632
0.03775343
-0.00987965
0.04872685
-0.01402262
-0.01252840
-0.02036357
-0.04527530
-0.05114220
-0.04660796
-0.03903767
-0.03958701
0.02310642
-0.03107474
-0.00195273
-0.01839798
-0.02805186
0.01822000
0.01127117
-0.00932223
0.05603048
0.04959619
-0.00892656
0.00901915
0.02340022
-0.03754345
-0.02856771
0.00719104
-0.01810190
-0.00198506
0.01363460
0.04991935
-0.03305094
0.01493246
-0.00883727
-0.04200221
-0.00750617
-0.04187558
0.02947981
0.02652847
-0.00989615
0.04390403
-0.01293698
0.02130414
0.04770562
-0.04278260
-0.00289049
0.01097021
-0.01569256
-0.05012269
0.02547925
0.02261782
-0.03850218
0.04823559
0.00242444
0.01154630
-0.00630229
0.04673515
0.05745533
0.01812158
-0.03763156
-0.02809826
-0.02831156
0.02601815
0.00350180
0.00844694
0.00757714
-0.04001379
-0.04722757
0.03808746
-0.04426069
0.03659379
0.00202173
0.02857627
0.02219899
0.01049920
-0.04830536
-0.03837207
0.02406919
-0.02920128
-0.03808704
-0.02767410
-0.04838139
-0.00982982
-0.05741135
0.00995818
-0.00902059
-0.03284340
-0.04846488
-0.04812016
0.00001891
-0.04243523
-0.03846290
0.01931140
0.00624945
0.00159428
0.00148269
-0.03699734
0.04441637
-0.01307566
0.04667827
0.01256188
-0.04822776
0.04562527
-0.00594727
-0.04709527
-0.04768580
0.04441826
-0.00128193
0.02777727
-0.00302446
-0.03804290
-0.03418943
0.00870216
0.02726016
-0.00093581
-0.02299258
-0.04095126
-0.02061696
-0.02748400
-0.00422597
-0.01241849
0.01869777
0.03000924
-0.06448077
0.03080836
-0.01830937
0.01411127
0.00674232
0.03939630
-0.03796630
-0.04841338
-0.00432282
0.04430743
0.03413279
-0.01436197
-0.03009194
-0.00283511
0.03052000
-0.01464467
-0.03446554
-0.02719768
-0.04389444
-0.01516674
0.04613689
0.06610882
0.04182488
0.01101246
0.04780602
0.00598594
0.05323172
-0.00970274
0.01517121
0.04256193
-0.03494912
0.01038872
-0.03764924
0.05569584
-0.02625123
0.02094626
0.03793269
0.00522078
0.00459880
-0.01581518
0.01120301
0.02118156
-0.00361148
-0.01065206
0.04567440
-0.03299300
0.02464302
-0.05067226
0.04743018
-0.04263745
0.02775701
0.01581502
-0.00446182
-0.03958164
0.01684237
-0.01176276
-0.00092471
-0.03943855
-0.01233819
0.04090093
-0.04121963
0.02744840
0.02720441
0.00598272
0.03416679
-0.02734076
-0.02912033
0.01323861
-0.03852371
-0.01346280
-0.00361557
-0.01476313
0.04732349
-0.02486823
0.00476356
-0.04311740
0.03083350
0.02420478
0.01951586
0.03023776
-0.05078371
0.05042700
0.00162246
0.01551881
0.04890648
-0.03469189
0.03668059
0.01045593
-0.01768539
0.00374546
0.01687840
0.03390260
0.02948025
-0.02148622
-0.03129515
-0.03333328
0.01212579
-0.02300707
0.00110169
0.01760885
0.00840876
-0.00644933
0.00720724
0.05018014
0.01888094
0.02514599
0.05981892
-0.06650876
-0.01583098
-0.01913201
0.00274639
-0.03244402
-0.05777168
0.00267056
0.02977485
-0.09051287
0.01900304
-0.09372661
-0.07731703
0.09461726
0.09977116
0.00853277
0.05731650
0.05774619
0.02326522
-0.01594649
0.08004106
0.02468192
0.13166296
-0.00034628
-0.00157413
-0.02198786
0.00464665
0.04208561
0.07495712
0.03482454
-0.04033741
-0.01535213
-0.04512372
0.01988770
-0.01393075
0.08863859
-0.04643350
0.03169964
0.01921388
-0.02327358
-0.09377819
0.05555487
0.00283000
-0.05492713
0.06442527
0.04321846
-0.03770072
0.01954953
0.02657540
0.06269860
-0.00391851
-0.02271406
0.11281041
0.02558323
0.03257301
-0.09815352
0.07412442
0.04357242
-0.03822721
0.04089076
-0.03119674
-0.02593270
-0.08434468
-0.00069155
0.05456730
-0.05739425
0.02027557
0.02318228
-0.00233718
0.05379945
-0.01655044
-0.07357802
0.00972268
-0.03051052
0.01566670
0.04785858
-0.08586103
-0.00019086
0.05324482
-0.06024691
0.02665688
-0.07624961
0.00507382
-0.00178969
-0.11209190
-0.01060220
-0.02166397
-0.06025117
0.04188132
0.03209253
-0.01188625
-0.02482123
-0.00945065
0.04254529
0.00796968
-0.01336539
0.01116058
0.02446219
-0.01976989
-0.01609359
-0.00525005
-0.01201710
0.03137881
-0.07182386
-0.01130851
0.02502842
0.00203157
-0.02377797
0.09954532
0.08752507
0.11786050
0.04734855
0.01376684
-0.06626704
0.02953924
0.08558511
0.03379560
-0.04331606
0.00764715
0.09337578
-0.08014379
0.08664366
0.10746451
0.03505257
-0.04853792
-0.02989645
-0.01307758
-0.02620723
0.02813500
-0.00130296
0.01242204
0.01135007
0.05431036
-0.00189524
-0.05545356
-0.13235909
-0.04734839
-0.06119585
0.05724090
0.06552132
0.07980900
-0.01901922
-0.06930166
0.03572462
0.03071224
0.00403287
-0.02354548
0.02445262
0.01019616
-0.16807176
-0.00619982
0.02763811
0.12075322
-0.01816943
0.08111273
0.00421207
-0.12534009
0.05229929
-0.03886533
0.02450874
0.03220589
0.03096800
-0.03391657
0.00921932
-0.07705570
-0.01692847
0.06503455
0.07053979
-0.02818769
0.07641657
-0.02559264
-0.00584084
0.02927987
-0.02152294
-0.05821273
0.05518481
0.03590371
0.09188987
-0.04389317
-0.05267951
0.00375216
0.08187298
0.01550996
-0.05638832
-0.02575668
-0.01503902
0.01227444
-0.04249765
0.03617444
-0.05998459
-0.02923944
-0.00889736
-0.05355586
-0.03432760
-0.03441479
0.06926869
-0.00569937
0.00325512
-0.00920033
-0.06461339
0.09103742
-0.02849841
0.01757605
0.11826800
-0.08079079
0.09974915
0.06723159
-0.05749284
-0.02781438
0.01068361
-0.11707977
-0.01460421
0.00154042
-0.03580142
-0.01176284
0.02274086
0.03703018
0.01359276
-0.07060780
0.02756014
0.03991794
0.06108801
0.00986874
-0.00454952
-0.06917657
0.02094637
0.01191038
-0.01654666
-0.02426217
-0.13098750
0.08969412
0.00969337
0.04803482
-0.03502775
-0.03832063
0.04411720
-0.00195211
-0.02724929
0.04711970
0.00548047
0.07238217
-0.00074474
-0.03168294
-0.03564151
0.05118107
-0.09051418
-0.07953258
-0.03532490
-0.02971044
0.02737273
0.02279061
-0.00164358
-0.02229275
-0.04169784
-0.05753326
0.00385337
-0.07142728
-0.05506272
-0.08596554
-0.01929301
0.00781854
-0.00695449
0.14129430
0.05552590
0.00646893
-0.06771074
-0.10680385
0.04078477
-0.00093039
0.19288813
-0.02400979
0.02446584
-0.00047902
0.04846577
0.01797025
-0.01245487
-0.00117810
0.01717980
0.21933497
-0.23442158
-0.01446511
-0.01590276
0.00365709
-0.02693335
-0.08023489
-0.05718659
-0.10274190
0.04416932
0.00275895
0.12177393
-0.01067850
-0.01271948
0.06918411
0.00947264
0.00875643
0.02112271
-0.02026768
-0.15132074
-0.11731318
0.00914016
0.05355090
-0.02470054
0.13132495
0.09731737
0.12877166
0.01276459
0.09363153
-0.04656517
-0.11923622
-0.05732838
0.00834507
-0.04473096
0.08994631
-0.00890409
0.06611422
0.00990486
-0.03505119
0.05303209
0.09521771
0.03199696
0.04878074
0.11937753
0.11782423
0.02935291
0.10067373
-0.01302205
0.12603937
-0.00022357
-0.01969488
0.05311086
-0.02594086
-0.09303965
0.03297711
0.12521687
-0.00777360
0.02471367
-0.06052314
0.01335605
-0.06768619
0.02121266
-0.00121995
-0.13751778
-0.00418676
0.03164792
0.00409314
-0.17845123
-0.02639665
-0.00989066
0.01897205
0.06523769
-0.09697612
-0.02030428
-0.15465844
-0.04136027
-0.00312959
0.11987264
0.06768422
-0.01248698
-0.04825998
-0.03715735
-0.08529737
-0.03854163
-0.04654036
0.06515965
-0.10361698
-0.04062952
0.17136686
0.14513910
-0.02150268
0.15715419
-0.02223738
-0.08670580
0.07846805
0.03413734
0.01971443
-0.08629356
0.04832598
-0.05940964
0.01751999
0.04062589
0.01080487
-0.10922056
0.06593205
0.11132528
0.01979991
-0.05536043
0.01797182
0.04229896
0.01315866
0.03979623
-0.01285949
-0.04561475
0.03235758
0.12749436
-0.07085846
0.03844460
-0.10216342
0.01830894
-0.00500336
-0.07891713
0.06258973
0.07092071
-0.00625358
0.01027524
-0.00068337
-0.07311585
-0.16900831
-0.08047765
0.01375220
-0.01393110
0.05049641
0.02991361
0.06871510
-0.00089514
-0.03304515
-0.00839929
0.02331313
-0.07427321
0.10632345
-0.02956221
0.08222049
0.03705707
-0.02282143
-0.06944934
0.13194597
-0.00677708
-0.16727482
0.03353513
-0.07305776
-0.04054767
0.02723627
0.00305558
-0.00400782
-0.13838473
0.08535273
0.05591822
-0.09633752
-0.04747979
0.02198100
0.10166676
0.04799153
-0.05089741
0.06269490
0.06180473
-0.07048567
0.04713022
0.10150111
0.01875122
-0.01882668
0.01541589
-0.16559435
0.02959803
0.03306544
0.03085755
0.03742254
-0.05814382
-0.04256782
-0.05981982
0.04282696
0.02349627
-0.02816072
0.15518306
-0.07762904
-0.04632113
-0.05707914
-0.06415009
0.09830461
-0.06075818
-0.01944200
0.03316371
-0.04291046
0.04361628
-0.00255024
0.09705823
0.01397345
0.16878022
-0.00650701
-0.09920488
-0.00553069
-0.07950325
0.00675992
0.11823289
0.01963637
0.02059623
0.08099337
0.10115869
0.03493314
-0.07199215
0.11023837
-0.03805208
0.01230813
-0.05357760
-0.00183430
-0.06541134
-0.10120829
-0.04666324
-0.22847347
0.04201435
0.03009151
-0.02469726
-0.02539411
0.12004895
-0.08111245
-0.03188344
-0.04667919
-0.03630850
-0.05898993
0.01516961
0.06977417
-0.00029141
-0.01330855
0.05725853
-0.03195006
0.01846394
0.03623254
-0.00321821
0.01815386
-0.01000828
-0.00094799
-0.01023399
-0.01772863
-0.09129639
0.05544470
-0.00527464
-0.04130248
0.01255893
0.04110294
-0.08376113
-0.05072052
-0.04467567
0.04163956
-0.00266758
0.00240512
-0.01835107
0.06562401
-0.05120808
0.02741019
-0.04569831
0.03421801
0.00429157
0.05489884
-0.02316567
-0.01049025
-0.08913397
0.10388083
0.04433130
0.10802981
-0.03390458
0.00626047
0.09192545
-0.01773847
0.02876770
-0.05217172
0.02659344
0.02286427
-0.03631228
-0.01147202
-0.00930555
0.06079729
-0.02599057
-0.00250665
0.01242808
-0.00920133
-0.01761203
-0.05903509
0.01017991
-0.04856504
0.02176634
-0.03970068
0.01999209
0.09559980
-0.04711277
-0.01904310
-0.00540068
0.06168981
0.02902199
0.02259396
0.04167590
-0.03020630
0.03331324
0.07276510
0.06483597
0.08390559
0.03140743
0.08405007
0.05370336
0.04549032
-0.05777727
-0.06005566
-0.01750303
-0.04527527
-0.00306480
-0.03390232
-0.00459923
-0.09531150
0.01684538
0.01231316
0.02952594
0.06294195
0.01859329
0.00508294
-0.11127464
0.04699276
-0.01363392
0.04248505
0.08137234
-0.01443374
-0.06897092
-0.05790529
-0.02405273
0.01949297
0.01942785
-0.03599029
-0.09857901
-0.00912972
0.06763644
0.02696792
-0.00186279
-0.03101876
-0.01788300
0.04654851
0.01856254
0.05975856
0.04454658
0.03639907
0.03914383
-0.02340795
-0.06577748
0.00374345
0.02433340
0.03607037
0.04747682
0.00297914
-0.09031412
-0.00723668
0.00177466
0.00675251
0.06182630
0.05305637
-0.04790600
0.04807034
-0.04883420
-0.01220628
0.00552430
-0.08216602
-0.01897928
0.04073820
0.03053865
0.05406743
0.04528370
-0.01328563
-0.04840872
-0.04325229
-0.04528305
-0.08708503
-0.02513711
0.08557580
0.03552851
0.06199046
0.05139495
-0.05942903
0.00748013
0.02622697
-0.06646319
0.00942748
0.01664516
-0.06935684
-0.00332455
-0.01194923
0.05583500
-0.01623233
-0.07654506
-0.11704656
0.02202570
0.01171602
-0.00713506
0.09334592
-0.04386074
0.03826333
-0.01631197
0.06718402
-0.05067172
-0.10213111
-0.07948332
-0.02626783
-0.01129666
-0.01903329
0.05452710
-0.04867276
-0.02647548
0.05556909
0.05207429
0.04607422
0.01395353
-0.01069974
0.01329688
-0.02073848
0.04212980
0.00456040
0.01189144
-0.06263491
-0.00888600
0.01744842
0.01524287
0.03909909
0.07798024
-0.04823466
-0.10719218
-0.00940135
0.00970133
-0.10517325
-0.06540170
-0.06908522
0.03719374
-0.00601134
0.00637192
0.06100294
-0.02604874
-0.10257251
-0.00711846
-0.03787123
0.07258469
0.00472297
-0.02344991
-0.07058407
-0.04623006
-0.07213186
-0.00038625
0.00953260
0.05642727
-0.04453536
-0.04946585
0.01430016
0.04246877
-0.00769441
-0.03696438
0.00033421
-0.05112584
-0.05560075
-0.00493404
0.05706789
0.04409731
-0.02557844
-0.07310426
0.05694811
0.03266445
-0.11492062
0.02240383
0.04612331
0.02615138
-0.05869362
-0.06549734
-0.12451367
-0.02804283
-0.01989727
-0.04314116
0.05237342
0.01378933
0.06318031
-0.02464379
0.01793460
0.03535517
-0.01523564
0.00820142
0.00753276
0.05031557
-0.06242684
-0.00546359
-0.03422331
0.01255735
0.01901937
0.02120371
0.00968206
0.00437933
0.04582994
0.02285161
-0.01256050
-0.09994461
-0.02604553
0.01297520
-0.03385253
0.01880210
0.03935014
-0.03652862
-0.00180939
-0.03543032
0.00696476
-0.00761031
0.01337639
-0.00119944
0.05619147
-0.06160775
0.03917427
0.05091797
-0.02098788
-0.01882030
0.03359862
-0.00790994
-0.03018834
-0.00633882
0.04315727
-0.01231289
0.04325312
-0.01574649
-0.03029797
0.06122464
-0.03843702
-0.06035213
0.01548952
-0.05422941
-0.05625195
0.00935777
0.00100128
0.05397741
-0.02189226
-0.04487230
0.06776325
-0.00229508
-0.01493076
0.02828856
0.01707802
0.01222229
-0.03484486
-0.05862673
0.02962036
-0.02384121
-0.00976384
-0.02913346
0.00079869
0.05736791
0.01475894
0.00591662
0.00320662
0.01148277
0.03566152
0.01391422
0.06493579
-0.02979434
0.06512481
-0.00626842
-0.03657132
0.04661689
-0.04356965
0.00977011
0.03990075
-0.03151995
-0.04623228
-0.00611595
-0.03693632
-0.02748564
0.01948920
0.04208736
-0.03626460
-0.03973965
0.02198405
0.05055392
0.01316930
0.02297229
0.01458221
-0.00670965
0.03322369
0.02659828
0.01065853
-0.05597426
-0.02394647
-0.05325088
0.03076704
0.06637514
0.01021072
-0.08561186
-0.01835461
-0.01130893
-0.04433455
-0.04452067
-0.02447433
-0.01799201
-0.01053804
-0.06378186
0.02854214
0.03390418
0.01818409
0.06414172
-0.04970111
0.04080661
0.06526109
-0.04086198
0.03442594
-0.05267681
0.04379850
-0.01766397
-0.01693551
0.03001526
-0.03334680
-0.05269006
0.03568964
-0.03308743
-0.03031685
0.04019281
0.02988932
0.02502877
-0.05430882
0.02645049
-0.00837567
-0.05015126
0.05883078
0.04347841
0.04295894
0.03156879
-0.01788346
0.02722031
-0.01108833
-0.05474662
0.02016758
0.01925062
0.05105874
0.03161035
0.03280356
0.05301708
-0.06375611
-0.06523020
-0.03157590
-0.01868445
0.01193908
0.01940455
0.04772890
-0.03574871
-0.03889465
-0.04757000
-0.06588089
0.05844520
0.03590259
0.00306311
-0.02508291
-0.03437641
0.07582258
-0.02411572
0.06063000
-0.02272632
-0.02849351
-0.00572435
-0.05468081
-0.01050328
0.01295185
-0.03036199
-0.01287931
0.01613948
-0.02187311
0.01122658
0.02602004
0.04240307
-0.03214353
0.05011406
-0.03743079
-0.00170177
0.01467621
0.00464766
-0.03460206
-0.03184167
0.04930013
0.01093666
0.00771392
-0.00388352
-0.00084171
-0.05601551
-0.02114491
0.02901696
-0.02053620
-0.07316992
0.03326540
-0.03424025
-0.03673214
-0.03027914
-0.03445118
0.08038288
0.00309603
-0.02323792
-0.02080844
0.01153543
0.01783678
0.03388794
0.03284907
0.02061906
-0.05841748
0.03568728
-0.04033138
-0.06061894
-0.01562614
-0.04420365
-0.03992585
-0.06623605
0.02624991
0.00677564
0.02443047
0.02100721
-0.04211817
-0.01484519
-0.01825710
0.02970059
-0.01067561
0.03315121
0.02786273
-0.02259481
-0.00259563
-0.03081318
-0.04272607
-0.03337963
-0.02025906
-0.03400889
-0.08483387
0.04409552
0.05004854
0.04776563
-0.01345221
-0.00952450
0.02730413
0.04083235
0.03171530
-0.05306056
0.03034789
-0.01457718
-0.02447949
0.06321955
-0.06018700
-0.00410188
-0.05120769
-0.15187021
-0.04116270
0.02201272
-0.01185696
0.03117851
-0.09382273
-0.04284432
0.01641023
-0.03809472
-0.02823438
-0.03213870
-0.02768189
0.00190527
-0.01125331
-0.01724482
0.00385153
0.01779278
-0.00519939
0.02331219
-0.07077266
-0.05953193
-0.01832334
0.00617330
0.04601773
0.04964223
0.03689227
0.04735343
-0.09706894
-0.02583416
-0.00480726
-0.03868188
-0.00871361
0.06366643
-0.04948482
0.09884617
0.00359306
-0.07416623
0.03230059
-0.06856323
-0.05800401
-0.01490343
-0.03329267
0.01870000
0.01828026
0.03450177
-0.08705948
-0.03632301
0.09196263
0.03850812
-0.00526933
-0.03414840
-0.02454703
-0.11074024
0.01281357
-0.07695543
-0.03322908
0.00261815
0.00896162
0.06131189
0.09092387
0.02482519
-0.03064428
-0.03058453
0.06944272
-0.10216071
0.01607667
0.00368900
0.00365714
-0.03962331
-0.03829648
-0.01122757
-0.08588573
-0.02680643
-0.04155222
0.03380776
0.08066049
-0.01592274
-0.00544403
0.02018389
-0.07533994
-0.04765541
-0.03109745
-0.00304250
0.03698445
-0.06397888
-0.03968693
-0.06168069
-0.08453760
0.10786642
0.01392873
-0.03776307
-0.02424648
0.00470273
0.08796854
0.04662684
-0.06632969
-0.04340789
-0.01843025
0.01639248
-0.01419280
-0.10929094
0.03509358
-0.06082570
-0.05337531
0.00940726
0.04551154
0.02418605
-0.02066595
0.00044214
0.00535129
0.04754949
0.02553202
0.08665948
-0.03811110
0.13680673
0.04074848
-0.01473544
0.06384007
-0.01071485
-0.01095047
-0.13713939
-0.03850751
-0.05654081
0.03591595
-0.09663066
-0.00611992
-0.06540862
-0.00286416
0.02426454
-0.04911055
0.02447305
0.12198711
0.02004211
-0.03079550
0.01793400
-0.00271201
0.05157788
0.03536972
-0.02604826
0.11730707
-0.00370798
-0.07295934
-0.01550921
-0.02232985
-0.00851222
-0.03014165
0.00244377
0.06778260
-0.01032988
-0.10256416
0.05667868
0.05139901
-0.03234324
-0.01128099
0.03296068
-0.03411387
-0.05836822
0.04322588
0.06207585
0.09111210
-0.00653075
-0.04653111
0.04571134
-0.02851553
-0.00278149
0.08925828
0.05748218
0.05944202
-0.05031496
0.04434670
0.10840079
0.06023894
0.00827034
0.01869097
0.06160484
0.00471435
0.07197487
-0.09134863
-0.03489802
-0.04136125
0.06414116
0.06236808
0.02288930
0.02692617
0.00399821
0.03289472
-0.00853390
0.02899576
-0.08689982
-0.01781444
-0.02873631
-0.04688908
-0.00788230
0.06160652
0.02345757
-0.11823867
-0.05076832
-0.00243647
-0.00987712
0.02605930
0.03978010
-0.06056524
0.10352594
0.02711097
-0.08523814
0.00048084
-0.03747963
-0.02354197
-0.00296431
-0.08282123
0.01922966
-0.00201640
0.00256894
-0.06831491
-0.03900898
-0.04555698
-0.04067997
-0.07961641
-0.00850194
-0.03701903
0.03134149
0.01464179
-0.01300229
-0.02951141
0.02483563
0.06909629
0.01675996
-0.03055066
0.05983645
0.05964494
0.07420906
0.05759759
-0.03052819
0.05987502
-0.03604054
-0.00934464
0.04128029
0.00423080
0.01652345
-0.01731605
0.00832956
-0.03321401
0.00902029
-0.01762251
-0.10018010
-0.03362233
-0.02865483
0.01465792
-0.00577039
0.03510398
0.04047249
-0.01581412
-0.02612582
-0.04853047
0.04575405
-0.03829830
-0.03180002
-0.04990869
0.02027644
-0.00022310
0.04766879
-0.04935415
-0.02872749
0.03761610
0.02142405
-0.02208976
-0.02753318
-0.02167500
-0.05003702
0.00483565
-0.01660505
-0.03852244
-0.03845388
-0.04313542
0.04088034
0.01392686
-0.01998846
-0.01970662
-0.03636839
-0.06829539
-0.01384673
-0.03149225
-0.04063196
-0.03112582
-0.03572890
-0.02314386
0.00382190
-0.02077783
-0.03504580
-0.00979223
0.00807034
-0.04993800
-0.02653772
0.02467593
0.03399504
0.01979864
0.00030874
0.02170865
-0.01091389
-0.00095935
-0.01224274
0.03290318
-0.02705657
0.02930710
0.01814380
0.02633352
0.00469709
0.02073456
0.04222344
-0.00860374
-0.04876313
-0.01879599
-0.03383652
0.00608685
-0.04941213
0.05149421
0.02496449
-0.04997312
0.00802003
-0.00454620
-0.01323647
0.00306846
0.02582924
-0.02271441
-0.04610063
0.04045487
-0.02374332
-0.00570965
0.02835954
0.02919688
-0.01518252
-0.02355296
-0.03115739
0.01877708
0.04345958
0.02436532
0.01008450
0.00177518
-0.03317258
-0.00503490
-0.00079170
-0.00675616
-0.01926337
-0.02801576
-0.00117718
0.00668215
-0.02551994
-0.02476975
0.03954334
-0.04495205
-0.02777785
-0.04548637
-0.04104284
-0.04445853
0.01874182
0.03686842
0.01277090
0.01412036
0.01273904
0.02287864
-0.02677133
-0.04593528
0.01580711
0.01339860
-0.00900879
-0.04494586
0.04135992
0.01447147
-0.05286554
-0.04616794
-0.01559447
-0.02918107
-0.03901963
0.00526048
-0.00555386
-0.03194221
-0.03601884
0.02134222
-0.01591326
0.03101951
-0.01388451
-0.04042711
-0.00935467
-0.02146870
0.04283944
0.03098506
0.01867158
0.02236027
-0.04956841
-0.04369938
0.01426930
0.02020073
0.00371177
0.02553286
0.04421113
-0.03510976
-0.02383993
0.02971320
-0.03527773
0.01789243
0.01280491
0.04393293
0.00869328
-0.03863034
-0.02369069
-0.04450407
-0.02684889
0.00879360
-0.03644043
0.02777984
-0.01106774
-0.02359491
-0.01037071
-0.02822172
-0.01963060
0.03554599
0.02108908
-0.03135737
-0.00641318
-0.02571804
-0.04445301
-0.02939076
-0.02610247
-0.05152951
0.00483545
-0.02346801
0.01742540
-0.04185382
-0.00697595
0.00594153
0.00608788
0.03542326
0.02003404
0.03991514
0.00929304
-0.04408326
0.00295882
-0.00815422
0.01046194
-0.01677665
-0.01655906
-0.02814414
0.02692917
0.00939282
0.02759720
0.04924755
-0.01202306
0.02733247
0.02748485
-0.01939273
-0.03719822
0.05116404
0.05355729
0.03804510
-0.04264085
-0.04354584
-0.00309914
0.03569810
0.03013344
-0.03506476
-0.02443500
-0.02735264
0.03432202
0.02317565
-0.01109479
0.00844440
-0.00473145
-0.01331366
0.03354163
0.02001290
0.02024764
-0.00051414
0.01425883
-0.01906761
-0.00569953
0.03996734
-0.00227922
-0.04229827
-0.01115693
0.03964788
0.00351775
0.00222846
0.03956392
-0.04489817
0.01231085
-0.00401487
-0.03917503
0.02334801
0.04784280
-0.01249251
0.02863276
0.00351980
-0.04491966
0.03536967
-0.03829664
-0.00505240
-0.02298936
-0.01604536
0.02803198
0.00848527
0.03552230
0.02628247
-0.01790376
-0.01346686
-0.01236140
-0.01540398
0.01442243
0.09765495
0.01496715
-0.11165621
-0.01668969
-0.06797323
-0.00627953
0.06379326
0.02196171
-0.00710482
-0.00925144
0.01841219
-0.05203893
0.01015836
-0.07077324
-0.13542345
-0.03345066
-0.01937754
-0.11209442
-0.04607342
-0.02491932
-0.00473218
-0.04248110
0.02161844
0.04688933
0.02353234
-0.10124075
-0.11376005
0.11872328
0.15950586
0.05126674
0.10232693
0.07437493
-0.03268889
-0.02366348
0.10358647
-0.08162242
0.07501976
-0.15270561
-0.00086560
-0.00742768
0.03272914
0.04455379
-0.03711179
-0.05055464
0.01373767
-0.05835235
0.07776190
0.02990987
-0.08933416
0.04400734
0.02681057
-0.04794532
0.07108289
0.03325261
-0.05808141
-0.05591386
-0.05777397
0.00786655
0.04808988
0.09874523
-0.00560174
-0.04578887
0.02156979
0.01487656
0.08499186
0.05452737
-0.00092925
-0.00494032
0.03092437
-0.00870477
-0.01379484
-0.01494491
-0.09656828
0.03217139
-0.03797889
0.00231537
0.00749372
-0.05097436
-0.02051384
-0.13962619
0.06941600
-0.05192000
-0.01803501
-0.00060894
0.01288782
0.05359546
-0.00404833
0.01937219
0.04094796
0.02815702
-0.03235226
-0.06334849
-0.08670835
0.05703917
0.08044674
-0.04083450
0.02984074
-0.03324310
0.09614228
-0.01668935
-0.03990701
-0.06196313
0.04628651
-0.02211311
-0.01766847
-0.02464486
0.06230004
-0.01242035
-0.06915065
-0.04546151
0.11390139
0.00874605
-0.01745353
-0.08370503
-0.14540531
-0.01228845
-0.03399153
0.10412054
-0.03604483
0.04483335
0.04329663
-0.02718561
0.08968997
-0.04244663
0.06873345
-0.08623796
-0.10216259
-0.06120978
0.06350233
0.01211874
-0.06326853
0.00904409
-0.03883764
0.03839728
-0.00613783
-0.00436475
0.04326914
0.02723946
-0.00919816
-0.00176959
-0.02057989
0.01886620
-0.05271860
0.00638478
0.02710803
0.02959117
0.00518630
-0.03506308
0.04924944
0.02832330
-0.05682043
0.04523822
-0.09315314
0.08997287
-0.05598854
-0.18587022
-0.04851565
-0.03711728
-0.06281827
0.04865023
-0.01487433
-0.07536273
-0.02455131
0.05118849
0.09995221
-0.02704114
-0.09766042
-0.01542415
-0.01933555
0.04863974
-0.03624780
-0.04210901
-0.03678468
-0.01848617
0.05573852
0.04933627
0.02188488
0.00288012
0.02600973
0.04994177
0.02369001
0.00040723
0.03099617
-0.01160979
-0.08497863
0.03122916
-0.00335670
-0.00814823
0.04317909
0.01917658
-0.07345548
0.00130771
-0.05098616
-0.04441851
-0.03093174
0.09912313
-0.04225225
0.02649055
0.11016400
-0.09069803
-0.12174113
-0.05588539
0.00958063
-0.04000726
0.04912759
0.05607501
0.02284469
-0.07379189
0.08403496
-0.14450622
0.03740797
0.04278129
-0.05990016
-0.10682882
0.01706927
0.04268066
0.01896668
0.03565823
-0.05960938
-0.04058327
0.02904680
0.14971898
0.00628426
-0.10338990
-0.04654577
0.02595306
0.01922500
0.07425346
0.06975400
0.01989737
-0.09607314
0.03247801
-0.06709051
0.09148860
0.00102450
-0.02106106
-0.01422988
0.03819451
0.03664445
-0.01702423
-0.02776029
0.05376627
0.05114214
-0.03157130
-0.04136141
-0.04592314
0.02116398
0.00949405
0.02007942
-0.04679444
0.05883287
0.01611372
-0.00946363
0.03149096
-0.03339871
-0.00676265
-0.00931722
-0.00524058
-0.01778826
0.01259895
0.02223434
0.03485376
0.01071574
0.01286476
-0.04624706
-0.01226811
0.01346183
-0.00288818
-0.03350787
-0.00483052
-0.04590912
0.03052374
-0.02880764
-0.00230446
0.00156179
-0.02361810
-0.00214612
0.02335452
0.01451992
-0.02003649
-0.01628684
-0.03298991
-0.01882487
-0.03472010
-0.03483804
-0.00091453
-0.04315063
0.02414577
-0.01880180
-0.00819466
0.01587807
-0.04019132
0.00575222
-0.04071993
-0.03705147
-0.04185497
0.05196191
-0.02773448
0.00644699
-0.02493904
-0.01310487
-0.02168961
-0.01623370
-0.02233043
0.00432322
0.01276422
0.05204275
0.02011633
-0.05249544
-0.00617516
0.04316445
-0.03149878
-0.02414831
-0.03305821
0.00423394
-0.01955394
0.02107302
0.01950805
-0.05647198
-0.04651691
-0.02535445
0.01065691
0.00736154
0.04698547
0.03229677
-0.02020882
0.04203701
0.04652473
-0.04857298
-0.03143613
-0.02389723
0.04004233
-0.00167755
-0.00787058
0.00211680
-0.00147437
0.03398434
0.01977615
-0.00709940
-0.02651549
-0.02778762
-0.00136288
-0.01284409
0.03042851
0.03326653
0.01369297
0.00628280
0.02049774
0.03813674
0.01438349
-0.03885434
-0.03503298
0.00910269
-0.01961531
0.02196406
-0.02890608
0.03796804
0.01199201
-0.00075261
0.01920837
0.02296445
0.00833651
-0.02791644
0.03045372
0.00147359
-0.01759372
-0.03657244
-0.05175069
-0.00299292
-0.00464077
0.01686069
0.02464079
-0.02437544
0.00983344
-0.02845725
-0.03426552
-0.03902425
-0.00950735
0.03249297
0.03001454
0.01822947
0.04266037
0.05364681
0.00946039
0.03009688
-0.01027402
-0.00520366
0.04998243
-0.03200121
-0.04176316
0.01981315
-0.03730097
0.00353382
0.02336617
-0.02160008
0.04612356
-0.03557816
-0.02123172
0.01229483
-0.00702953
0.02478823
-0.01626161
0.00461449
-0.04678641
-0.05263697
-0.00894646
-0.02795017
-0.04240107
-0.05135843
-0.04022592
-0.05200235
-0.02213753
0.00305971
0.00758078
-0.01520588
0.03977975
-0.01177531
-0.02614794
-0.00249265
-0.03096178
0.01759268
-0.03047013
0.02488872
0.01373533
-0.01897006
-0.00420851
0.01314660
0.01652349
-0.00178903
-0.00031233
0.01204306
-0.01729215
0.04033021
-0.03156639
-0.00384997
0.03835600
0.01403121
-0.02925776
0.03406888
-0.02865605
-0.00582692
0.01941902
0.02404661
0.00437514
-0.02742820
-0.02547545
-0.04820127
-0.03973880
0.00728524
0.02085118
-0.02898726
-0.03494199
0.03651339
0.01819623
0.00635073
-0.02571404
0.00041113
-0.02741003
-0.02505772
-0.00777773
-0.02750706
0.04083500
-0.00457488
0.00749783
0.01147870
0.05074915
-0.01078193
-0.04118692
0.02178799
-0.00101607
-0.02908445
0.03429658
0.04734536
0.01194787
0.03383707
0.02257916
-0.02219820
-0.02342506
0.01756641
-0.02616218
-0.02266037
-0.01217514
0.04977467
-0.02260963
-0.05596404
-0.03444088
-0.01534208
-0.03512078
-0.01636025
-0.00676933
0.03346405
0.02327400
0.03910480
0.01119865
-0.01912876
0.01814832
-0.03443952
-0.02641014
0.01697345
0.02123806
-0.03290206
0.03868034
-0.00932205
0.03783337
0.04079012
-0.02016428
-0.00335886
0.01309428
0.02467171
0.02987402
-0.01517630
-0.01319818
-0.07363852
-0.05173360
0.05727798
0.03782632
0.04248553
-0.04630842
0.03220053
0.01818493
-0.00132719
-0.03226121
-0.05193250
-0.00929342
0.03800774
-0.09065224
0.03217976
0.02490530
0.06575495
-0.01750278
0.01334793
-0.02318733
0.01278614
0.01084415
-0.03820819
0.02992288
0.00214794
-0.07208846
-0.03015168
-0.01312630
-0.02759261
-0.03972521
0.06149869
-0.03484457
0.05222366
0.02040744
-0.01096689
0.03734963
-0.07301384
0.10776643
-0.02020535
-0.01821026
-0.07288907
0.02653950
0.00210110
-0.07488366
-0.01726450
0.09439457
-0.03301083
-0.02726836
0.04917840
0.07151990
-0.08010853
-0.01248010
0.05410147
0.00450312
-0.10040012
-0.01614752
-0.06594611
0.07253789
0.03898254
-0.12071106
-0.04277067
-0.03789327
-0.01508905
-0.01256391
0.00821215
-0.07842707
0.02029821
0.00555846
0.04449095
-0.07686963
0.05890319
-0.02035697
-0.01542161
0.04985350
-0.01312217
0.01383023
-0.00475108
-0.07085158
-0.00986320
0.04850810
-0.05175557
0.00331062
-0.00645307
-0.01165713
0.06611249
-0.01817278
0.03331942
0.07518871
-0.04081364
-0.03689240
0.04477505
-0.01023628
0.06624828
-0.02975762
-0.01504752
-0.02293844
-0.03433396
-0.02997519
0.02520995
0.02211598
0.03651730
0.06641734
-0.04817973
-0.00524697
0.04017809
-0.02154329
0.00733168
-0.00501555
0.03972355
0.03718295
0.01287913
-0.05958159
0.04386591
0.00851551
-0.00790861
0.00850436
-0.03109531
-0.05212352
0.00277414
0.04963929
-0.07120100
0.01428571
0.02093534
0.05502588
-0.10727283
0.07699850
0.02327558
0.08102611
-0.02201313
0.07518660
-0.00667736
-0.05301685
0.00011346
-0.01364199
0.02842154
-0.03774191
-0.07080758
-0.02081582
0.01921536
0.00579436
0.01466675
-0.09635565
0.04712206
0.04631594
-0.02487114
-0.06323129
-0.01820747
0.02628997
0.02099183
-0.04165228
0.01711094
-0.01239287
-0.00201297
-0.05238531
-0.07500385
-0.01837997
-0.04076996
-0.04844899
-0.03759795
-0.01054323
-0.01886949
0.01960798
-0.01464090
-0.08104662
-0.04558818
0.06608582
-0.08270414
-0.00475678
-0.00918258
-0.04249823
-0.01651985
0.05397258
0.01197769
0.07276014
0.00387689
-0.01862831
0.01213974
0.05035061
0.00161256
0.04203255
-0.03539199
0.09406695
-0.08764264
-0.02126729
-0.04497394
0.00859583
-0.05575071
-0.00857932
0.01032219
-0.04025999
0.04440565
0.00444619
-0.00101215
-0.06885798
0.01643184
-0.04563920
-0.02984226
0.02154761
-0.08916909
-0.03231141
0.08256964
-0.02783986
-0.05697199
-0.06283282
0.02650324
0.04035599
0.04018334
0.09048131
-0.07458146
0.11061419
0.07939914
-0.03040489
0.00098696
0.05599815
-0.07980081
-0.00257454
-0.00775087
-0.00844737
0.10487346
-0.00527699
-0.01602151
-0.11111677
-0.05979092
-0.07970496
0.07865187
-0.04407801
0.03063664
0.06289681
-0.04684440
0.01809895
-0.03963722
0.00496330
-0.03992401
-0.08495429
0.04319706
-0.04166787
0.01701270
0.03667547
-0.00787667
-0.02820732
0.07787713
-0.04255331
0.07272771
-0.01235920
0.09357602
-0.01738624
0.00690114
-0.04082429
0.05701961
-0.06949918
-0.00211037
0.01252708
-0.00849086
0.03487435
-0.01083594
0.00705659
0.01053086
-0.05580413
0.07065761
0.03439660
-0.04724137
-0.00554136
-0.01636477
0.02319075
-0.03011878
0.01407077
-0.09458522
-0.00486987
0.03129777
-0.05140605
-0.02842198
0.03796418
0.03714200
-0.01727004
0.03753348
0.07022525
0.00359694
0.01796452
0.02080087
-0.01845630
0.10285998
0.03867529
0.14191823
-0.09250760
-0.09063774
0.02003738
-0.01207658
-0.06943922
0.09715361
0.00026945
-0.04132314
0.02150368
0.06259661
0.08469702
0.03941974
-0.08283281
-0.01613001
-0.03738709
-0.00224521
0.00040233
-0.04485027
-0.03432665
-0.08852136
0.02588818
-0.00995819
0.02829527
-0.01524064
0.07906670
0.01205281
0.03839399
-0.08120103
0.00957616
-0.10868245
0.05411949
-0.00908064
-0.01923415
-0.03084311
-0.03123862
0.11078393
-0.00878570
0.02542982
0.04277891
0.03812567
0.05841353
0.06256635
0.13253582
-0.00887231
0.02206847
0.00562662
0.02249025
0.06897174
0.05678995
0.04829846
0.03531535
-0.02996848
0.03604350
0.05674519
-0.01570013
0.04399923
0.04081006
0.07325038
-0.05546907
-0.00686140
-0.02053618
0.02146583
-0.05644079
0.05901953
0.00134857
-0.01222312
-0.01229361
0.02637751
-0.05701841
0.04390321
0.06705488
-0.01658908
-0.00908907
0.05412532
-0.02133273
-0.04941139
-0.04795125
-0.01905812
-0.01018470
-0.01591333
0.03040490
-0.05729237
-0.03135103
-0.03757909
-0.01918645
0.00066724
0.04748180
-0.03100334
-0.03604230
-0.02993318
0.01199174
-0.01481052
-0.13325922
-0.05768011
0.05648319
0.01039291
0.02117069
-0.12901166
0.07406100
0.10853603
0.09727865
-0.00836227
0.08522890
0.06795648
-0.01814405
-0.05156523
-0.07553397
0.01768602
0.01701520
-0.11074551
0.03905925
0.09647629
-0.01476584
0.02790918
-0.03520537
0.01188969
0.01523746
0.01813409
-0.10886025
-0.00612868
-0.08210969
0.08282292
-0.03560719
0.04207202
-0.00476573
-0.14051647
-0.04104917
-0.06969757
-0.02911382
-0.03318931
-0.03668602
-0.03315005
0.03581019
0.01840575
0.01782953
-0.06202447
-0.03375519
-0.11685169
0.03823474
0.00425745
-0.06834677
0.01471777
-0.02357120
-0.02893871
-0.07322248
0.07624071
0.02556381
-0.06774938
-0.07774799
-0.01188562
0.01358668
0.01188168
0.01419551
-0.04905722
0.00643193
0.03869670
0.07047682
-0.04852021
-0.04725023
0.05996572
0.03592826
0.04667782
-0.05006014
-0.04099397
-0.04180197
0.03112235
0.01273783
0.03810634
-0.00420318
-0.01169650
0.08126118
-0.07989544
-0.07061460
0.03570791
0.09563918
0.07203930
-0.07764803
-0.09820081
-0.01157201
0.01340093
-0.03826256
-0.07874479
-0.02184735
-0.00008224
0.03728937
0.02495262
-0.00396663
0.00664047
-0.01002321
0.00661268
0.01338199
0.06203898
0.03544780
0.03614183
0.02836801
-0.01888663
-0.04972498
0.02323856
0.01497211
-0.00922567
-0.01523686
-0.03859856
-0.00418817
-0.06900771
-0.02628971
0.06030032
0.06727564
-0.04016002
-0.05595085
0.02143201
-0.03407787
-0.04714033
0.03064885
0.01354223
0.03314655
0.00059325
-0.05819550
-0.07243864
0.01909051
-0.04566148
0.02808121
-0.01136338
-0.12102136
0.07186663
0.02879465
-0.04679687
0.02011149
-0.04252391
0.02606170
0.00594416
0.04896625
-0.02335271
0.00915155
0.02246368
-0.00164790
-0.02419898
0.01388375
0.03464072
-0.01528959
-0.01478619
-0.04229172
-0.03834464
-0.01338536
-0.00344570
0.03473486
-0.03400439
0.02916746
0.00676099
-0.04228275
0.04656541
-0.02259350
0.04502973
-0.02805077
-0.04510721
0.03058477
0.00462429
0.02910043
0.00663206
0.00452032
-0.04275484
0.00869051
-0.03283235
0.02457480
0.04545759
-0.02823051
-0.01970911
-0.00895762
-0.03285123
0.02061230
0.02311155
-0.03474144
-0.02462855
-0.04753317
-0.01095656
-0.00448545
-0.01840850
0.01512585
-0.00368806
-0.03158991
0.01894905
0.02252812
-0.02627618
-0.03344725
-0.00578457
-0.00479499
0.00748674
-0.02576850
0.04123297
-0.03040605
-0.00062774
-0.00623881
-0.00476291
0.01856124
-0.04163545
-0.03252753
-0.02933764
0.01938040
0.00564606
0.04493346
-0.01685769
0.03961837
-0.00970798
-0.04829624
0.03680089
0.05193599
-0.00951267
0.01003161
-0.04939403
0.00286500
-0.01889579
0.02694573
-0.00600805
-0.02248456
0.02864344
0.02639122
-0.01613614
0.05207565
0.00156661
0.00724154
0.03390250
-0.00085523
-0.02951651
0.03585218
-0.00082692
0.03900594
0.04016999
-0.02631488
0.03014985
0.04023191
-0.00831573
0.00709481
0.03410722
-0.02630539
-0.00694938
-0.00173263
0.04247110
-0.01309087
-0.03830583
-0.04578667
0.03794880
0.01921135
-0.02619894
0.04336659
-0.01004639
0.00034469
-0.02634512
-0.01234894
-0.03142520
0.04156225
0.00435573
0.02073158
-0.02755211
0.04348195
-0.03311957
0.03872602
0.01930664
-0.02397237
-0.03991654
0.03623629
0.04667656
-0.00455264
0.00560144
-0.00536525
-0.04141830
-0.04814180
-0.00716388
0.01310772
-0.00281221
-0.02299702
0.02205430
0.00774882
-0.04020111
-0.03171211
0.04650873
0.01474769
0.00706974
-0.00735309
0.00268421
0.01432236
-0.03946932
0.01265812
0.03189856
-0.00998701
-0.00330549
-0.03545055
0.03475371
-0.00215932
0.04066732
-0.03930584
0.03157035
-0.00517826
0.03280756
-0.03234460
-0.03460725
0.03954335
0.04068487
0.03392779
-0.03826058
-0.04493140
-0.04124707
-0.01817190
-0.04078937
0.00964655
-0.00481891
0.02791782
-0.04773495
-0.03552388
-0.02368831
0.01239228
-0.03428142
-0.00639470
-0.03988633
0.01674326
0.01211438
0.02362305
-0.03259471
0.02906305
0.02953548
0.03060039
-0.01019295
-0.03371195
0.00693849
-0.04334540
-0.00718677
-0.04772268
0.00962730
0.02437197
0.00331040
0.03209308
0.00643662
-0.00553629
0.00417252
-0.00642546
-0.00681454
0.02089648
0.01753952
-0.03980435
-0.04263975
-0.04059394
-0.01345057
-0.04659300
-0.03970717
-0.02959134
0.04857368
-0.02854969
0.01215522
0.01262727
-0.04734312
0.00416163
-0.04902825
0.02948586
-0.02850246
-0.00825979
0.03369030
0.00594176
-0.03697775
-0.03761779
-0.02512799
-0.01527591
-0.03448807
0.03262636
-0.02410962
-0.03809675
-0.02455214
-0.02818870
-0.02439688
0.01912425
0.05403375
-0.00811721
0.00425625
-0.03239621
-0.02713516
-0.01926195
-0.00793421
-0.01978764
-0.03072804
0.01112991
0.04191411
-0.05003072
-0.04968651
-0.02831030
0.03657888
-0.03859107
0.01477211
-0.00137030
-0.09897258
-0.02262682
0.09757139
-0.00791542
0.04466818
0.08335023
0.02025630
-0.10122474
-0.02529114
0.04048348
-0.12267529
0.07547539
0.02857523
0.03200945
0.03367530
-0.02796586
0.10439664
-0.06168999
0.10037637
0.05296339
0.05558987
0.03786464
-0.04979587
-0.01812712
-0.06824341
0.01006278
-0.16095248
0.05550596
0.07250775
0.02392087
-0.00856816
0.00917367
-0.03603087
0.02154258
-0.09788744
0.02359988
-0.23459119
0.08434965
-0.09637030
0.17221650
-0.13353662
0.13437137
0.03224462
-0.02035453
0.02576594
0.02138993
-0.11868756
-0.05133575
-0.00493172
-0.00251466
-0.05590033
0.00953408
-0.00002287
-0.04789108
0.05498309
0.03290805
0.05133196
-0.04813967
-0.04086810
-0.06214589
-0.02782083
0.00931425
0.00328343
0.02576372
-0.10252164
0.13867785
0.02988646
-0.00991156
-0.06386142
-0.14653644
-0.00930122
0.01914230
-0.07632322
-0.02422998
0.01254923
-0.01749298
-0.06997997
0.05679142
-0.02490292
-0.07439563
0.03705994
-0.05492065
-0.05935577
0.04540559
-0.04107743
-0.05761171
0.00362606
-0.00311162
0.04604346
-0.04744053
0.00719094
-0.04374232
0.06760709
0.06290556
-0.04960574
0.07787345
-0.05212099
-0.09992518
-0.03398488
0.05827339
-0.06516750
-0.02821159
-0.04233251
0.00658202
-0.03634772
-0.02545232
0.01869310
-0.06579820
-0.09952032
0.09683799
-0.03794565
0.03180749
0.02330285
0.05004558
-0.01086708
-0.08656218
0.02872063
0.01677642
0.05277789
0.03825303
-0.08906025
-0.05290356
-0.04639050
0.07522625
0.06099772
-0.01579299
-0.07560600
-0.06199659
-0.01820349
-0.09452316
0.03181033
-0.14215223
-0.04278575
0.02861940
0.02850687
-0.01506198
0.09482662
0.01699758
0.16864301
0.01374665
0.00523718
-0.04899606
0.04452366
0.08146033
0.02413277
0.03945489
-0.01910478
0.06163663
-0.00754594
0.06835089
0.08641754
-0.03449036
0.19478332
0.01977982
-0.06591914
0.11270035
-0.01963243
0.00995013
0.03110159
0.05121845
0.16570926
-0.03075367
0.06810519
-0.02381153
-0.10009620
0.02938358
-0.06923719
0.05723096
0.06946687
0.01732293
0.02803286
0.01093758
0.08747085
-0.03701011
0.02486150
-0.02205513
0.01004362
-0.02141706
0.01477309
0.02541376
0.07377285
0.01367017
-0.24201392
0.01982299
0.00682188
-0.16212186
-0.09431677
0.00238119
-0.04231368
0.02365034
0.04201445
-0.01431088
0.06176191
-0.12345400
-0.03001026
0.00481684
0.15554412
0.02153553
-0.17073634
0.11240020
0.00977665
0.00305008
-0.02321366
0.09049695
-0.02840741
0.15450959
-0.04325924
0.16701184
0.08459684
0.10629484
0.01311773
-0.04752553
0.05047134
-0.08764527
-0.05904302
0.03257897
-0.07231972
-0.06610969
0.17443019
0.00375432
0.02743019
-0.11346360
0.06707086
-0.06443897
0.10524181
0.09640514
0.02907762
0.00223192
0.07042532
-0.02457928
0.03781879
0.02340234
0.06854919
-0.09456066
0.00665218
-0.02823771
-0.03990642
-0.00809239
0.16642219
-0.02736324
-0.00788081
-0.04733402
0.07887715
-0.04786792
-0.01557831
0.00596703
-0.05892063
0.01281766
-0.04910191
-0.05573571
0.02605969
0.02643027
0.02892679
0.03559957
-0.04407519
-0.04339076
-0.07809761
0.01981851
-0.01039128
0.02805081
0.06759467
-0.04947049
-0.04266741
-0.05293145
-0.00465539
0.02288115
-0.02646115
0.00194590
0.01943095
-0.00553089
0.03608662
0.04674867
0.10781809
-0.04876215
0.08625462
0.00714464
0.02590235
-0.02877520
-0.03100917
-0.05511665
0.01361833
0.03475920
0.03588955
-0.01079684
-0.08304518
0.00686232
0.00585969
-0.00561805
-0.00434847
-0.02568515
-0.04394498
0.06231785
-0.05084712
0.13357924
-0.05576725
-0.02661278
-0.11113565
-0.09652384
-0.02231971
0.00347117
-0.02140730
0.08166369
-0.11961295
0.06363047
-0.03813859
0.02613032
0.00669000
0.04791031
0.08220968
-0.02091551
-0.09577315
-0.03131339
-0.04646338
0.06749561
-0.02612701
-0.10152953
-0.07872527
-0.05731902
0.06454194
0.03046121
0.05346649
-0.09183942
-0.08057220
-0.00384603
0.03291551
-0.04556718
0.06536269
-0.03439313
-0.06182209
0.06025058
-0.00428922
-0.05069725
-0.04216097
0.03982505
0.00064815
0.06150942
0.09546635
-0.00922377
-0.00607930
0.00234753
0.01646855
-0.08565430
0.04442271
0.03755885
-0.10359325
-0.03483924
0.06753901
-0.05551191
0.10220955
0.06757899
0.02705297
-0.09078186
0.00912001
-0.01955622
0.02004430
0.03410495
0.00333917
0.04095215
-0.03704147
-0.06083768
-0.00986938
-0.02059608
-0.02324766
0.00085764
-0.06172438
-0.00938463
0.00476625
0.02100644
0.01244839
0.04272425
0.08621325
-0.00598177
-0.04174967
-0.00250024
0.04333717
-0.00156721
-0.07842673
-0.03426475
-0.02138827
0.07940862
-0.11443719
0.10206001
-0.03289402
0.09611881
-0.00344853
0.07886801
0.00080488
0.00398995
0.02026915
-0.03576152
0.04626498
-0.05733231
0.01292324
0.00011283
0.13843605
0.04457430
-0.02545140
0.03878156
-0.02122201
0.00927553
-0.00093529
-0.04695261
0.09640982
0.03202266
-0.00981270
0.01999363
0.08053402
0.00952443
0.00265102
-0.05525734
-0.13232954
0.02503739
0.03010801
0.02530207
0.00961722
0.03599046
-0.03719735
0.05559165
0.05443086
-0.12402660
-0.08265000
0.06137275
-0.00263239
-0.03549656
-0.04281514
-0.00472348
-0.00665422
-0.00830389
-0.04354149
0.05340684
0.00365087
-0.01874001
-0.00792553
0.02347209
-0.05231934
0.03862062
0.04039266
0.05233030
-0.07696006
-0.02431116
-0.06688097
0.01366646
-0.07004187
0.04173322
-0.00142806
0.03058871
0.02713363
-0.02913679
0.02082100
0.04439188
0.03173074
-0.08850396
-0.00905651
0.09733886
-0.12759353
0.00103134
0.09195559
0.15040590
-0.02722853
0.00698336
-0.00311954
0.03141466
-0.01433793
0.11444297
-0.05099682
0.10017157
-0.01110523
-0.04475516
0.03000606
0.00717933
-0.11284658
0.05172717
0.01804848
0.04139596
0.15478890
-0.04267994
0.02964001
-0.07263812
-0.03325075
-0.01810872
0.01460235
0.00515149
0.04274895
-0.01092025
-0.03668945
-0.01318014
0.01933176
0.00351924
-0.01407777
-0.07136485
0.02620984
0.00398004
0.03388973
0.01839017
-0.02309522
-0.03998236
-0.01461923
-0.02398587
0.06181910
-0.03589801
0.03820992
0.00388740
-0.03576728
-0.02806472
0.00405114
-0.07322060
0.00364699
0.04776930
-0.01111346
0.03231982
0.01681016
0.04599090
0.03153183
-0.06527827
0.04227109
-0.05268828
-0.01283494
0.00388027
0.09121208
0.00168790
-0.02169967
0.00170791
-0.12172893
-0.00235547
0.00459859
-0.02756806
0.02678752
-0.07358724
-0.04471835
0.03121953
0.03281122
-0.00201151
-0.05946200
-0.02706870
-0.00672950
0.03359232
0.04146807
-0.00490753
0.01441916
-0.04356885
-0.02298599
-0.04320693
-0.03169108
0.00219592
0.11194583
0.04876859
0.02878956
-0.03614602
-0.07893343
0.01973604
0.02095970
-0.09129270
-0.06583801
-0.00988232
-0.02222145
-0.00800655
-0.07089560
0.01781861
0.03122270
0.00249553
-0.00925622
0.05474497
-0.00978307
0.01837441
-0.07948404
-0.02661473
-0.09777784
-0.00700901
-0.08352084
0.02953068
-0.04874152
-0.09600240
0.04016077
-0.02017669
0.01472015
0.01414625
0.05525276
-0.02597858
-0.06557444
0.06107485
-0.02077927
-0.01304549
0.01427864
0.00314423
-0.05188866
0.06232109
-0.00331244
-0.04957376
-0.02167029
-0.05964223
0.02506765
0.03508000
-0.09883664
0.00716869
-0.03185593
-0.00644472
0.00319181
0.01662032
0.06361324
0.05538407
-0.02579123
-0.03856398
0.01859739
-0.01310956
0.05202001
-0.03881909
0.00866447
-0.00190238
0.03454424
0.06693386
-0.07321480
-0.01966439
0.10076848
0.06130231
0.00878322
-0.08932694
-0.05163148
-0.00150006
0.01345678
-0.04444483
0.02707877
-0.04372542
-0.00700924
-0.02104612
0.05542780
0.01276600
0.01471897
-0.00997523
0.03520261
-0.13594238
0.01971103
-0.02868636
-0.02477470
-0.01939707
-0.03876510
0.00517659
-0.00026343
0.14204912
0.00088146
0.02467859
-0.00407854
0.07918203
-0.01001675
-0.06152117
-0.05325765
0.00762835
-0.04100247
0.02933196
-0.06361867
0.03921175
-0.02365699
-0.08078040
-0.02150890
-0.09236956
0.01187769
-0.01628940
-0.03185349
-0.07231414
0.04603756
0.00065377
-0.02131556
-0.03351162
0.07512980
0.03563606
-0.04018989
-0.09149679
-0.02539999
0.03388039
0.00309068
0.01001708
-0.02726701
-0.01986192
0.01273943
0.04933081
0.03796729
-0.08580949
-0.06695218
0.11056260
-0.10224402
0.03753325
0.02576991
0.02368347
0.01977441
0.07015109
-0.05498517
0.10668889
-0.01206412
-0.07857183
-0.05180041
-0.02974231
-0.01837369
-0.02853474
0.02514974
0.09328768
0.06573864
0.00367030
0.02560461
0.05303860
-0.01594447
-0.06483668
-0.03542425
-0.04185401
0.01708635
-0.03926237
0.03112652
-0.03753520
0.02899775
-0.02961924
0.02288748
0.07102539
-0.02773051
-0.10266350
0.01593911
-0.04459198
0.01204373
-0.07380781
0.03453333
-0.02880630
-0.04247424
-0.01519115
-0.05740540
0.05415454
0.05759829
0.04105312
0.04760385
0.00806259
-0.05585254
-0.03148256
0.04774798
0.00743321
-0.01727917
0.03388629
0.04362932
-0.11966744
-0.08951909
-0.09617631
-0.00007336
0.06612484
0.04625158
-0.07115736
0.00715332
0.03338773
-0.07583720
-0.04034759
-0.02578222
-0.02871404
-0.01548080
-0.01240563
0.03142304
-0.02844200
-0.01486654
0.01955721
0.11279076
-0.08037101
0.07665946
-0.01368728
0.06297334
-0.02030760
0.03171393
-0.02585251
-0.03367183
-0.03637052
-0.01446212
-0.01074429
0.04728563
0.03212194
0.03840424
0.02770369
0.02962162
0.00366905
-0.05111887
0.01120689
0.01713357
0.01537219
0.02555551
-0.02190226
-0.00143257
0.01788939
-0.01274617
-0.03831238
0.02109584
0.03601574
0.03354898
0.03595838
-0.03232700
0.02192813
-0.04650947
0.03346266
0.03370938
-0.03562453
0.04280727
-0.03509650
-0.05668161
0.01013339
0.01404951
0.01345138
-0.00005292
-0.02595796
0.04708371
-0.00879391
0.02240047
0.03492736
0.03520276
-0.04055180
-0.04718721
0.02623919
0.04322403
-0.05753936
0.02234164
0.00335279
0.02656438
0.03670758
0.00179182
0.02571394
-0.02051272
-0.03579371
-0.02800757
-0.00532514
-0.01096794
-0.04705629
-0.00014178
-0.00972076
-0.05441713
-0.00161708
-0.03914608
-0.02146289
-0.03543110
-0.03132889
0.01793645
-0.02921101
-0.02732290
0.01791273
0.06542979
0.04947364
-0.00691210
-0.03838632
0.03551237
-0.02221392
0.00551285
0.03699083
-0.04105436
0.04543383
-0.02984994
0.03874545
0.02422424
-0.05117570
-0.00289569
-0.00001106
0.02130689
0.02205364
0.04844008
0.01857880
0.04699917
0.04173830
-0.04348331
0.01727071
-0.01384945
-0.04011315
-0.01443246
0.00716177
-0.00676229
-0.01478093
0.01654444
0.00811965
-0.02187479
-0.01329101
-0.01114186
0.01451853
-0.02809849
0.03559936
0.01079165
-0.00712361
0.00150053
0.03446278
0.01841632
-0.03071881
0.01609611
0.02593736
0.02072883
-0.05537647
-0.02387617
-0.04941649
-0.05006859
-0.02459515
0.00042179
0.00057341
-0.01204848
-0.06115508
-0.02905006
-0.04524479
0.05464004
-0.01194845
-0.02628320
0.02372093
-0.05071393
-0.02191763
-0.04506332
-0.04388401
0.04638152
-0.05488215
-0.04428830
-0.02733862
0.04000356
-0.04412359
0.00206358
-0.01471731
-0.01898235
0.03295652
-0.02048783
-0.01269866
-0.03474364
0.03442898
0.01546179
0.05427974
0.00782035
0.03908301
-0.01102996
-0.04100910
0.02178748
-0.05424172
0.00028537
0.02473525
-0.03777413
0.02126664
-0.00905540
-0.01988704
-0.04638117
0.03603796
-0.00020488
-0.02334719
-0.00032537
0.01273490
0.03150782
-0.00849808
-0.05329802
-0.03921389
-0.00840127
0.01708275
-0.00147080
-0.01732886
0.02395192
-0.05088953
0.03231133
0.03733755
-0.04652950
-0.03681169
-0.02796596
0.01435106
-0.02675310
0.04147935
0.01213027
0.01019940
-0.00727661
0.03020421
0.00549903
0.00151357
0.03340483
-0.03640433
-0.00448656
0.02205167
0.01087285
-0.03884690
-0.02794910
0.02926716
0.00431612
0.03982359
0.05237230
0.01682639
0.02521884
-0.04986960
-0.04698656
-0.04691115
0.03479660
-0.01830463
0.04085211
-0.01775373
0.02821944
-0.05214865
0.01813904
-0.00437159
-0.02949338
-0.00046399
-0.03032192
0.04004771
-0.04567719
0.03458804
-0.05495435
0.00707510
0.01108206
0.02234148
0.00255830
-0.02428563
0.00222550
-0.03529010
0.01168913
0.04473900
0.01279673
-0.01519942
-0.01135444
-0.02832855
0.00735191
0.00243620
-0.04799419
0.03977436
0.02759784
-0.03011040
0.02021350
0.01702838
-0.01457468
-0.02022186
-0.03638817
-0.01077100
-0.00424510
0.00437809
0.03985379
-0.00618697
0.01698291
-0.01768418
0.01236942
0.04724440
-0.02016016
0.01859641
0.00414625
0.00190830
-0.06314492
0.05494574
0.01681475
-0.00701752
-0.00761001
-0.09352981
0.00824232
-0.02046456
-0.01475167
0.01277945
0.01208618
-0.04905400
-0.01708343
-0.08191939
-0.04450207
-0.06910058
0.02891595
-0.02507968
0.01183080
-0.02943908
0.02317398
0.04607550
-0.01858550
0.01932834
-0.00646146
0.01612502
-0.01435641
0.00127754
0.06778359
-0.02814118
-0.01350899
0.03579168
0.08350806
-0.03177484
0.02315981
0.11301719
0.05432740
-0.00547001
-0.04920813
0.01996833
-0.08483259
0.08397955
0.05058759
-0.05999809
0.04977950
-0.00574589
-0.02339492
-0.00320139
0.05409760
0.06751992
-0.11998127
0.04576415
-0.01703010
0.03208025
-0.03998208
0.02602004
0.05942649
-0.00536973
-0.02659073
-0.10312100
-0.04145327
0.01313870
0.02954154
0.01197954
-0.05982418
0.00538000
-0.01491142
0.02405551
-0.03484271
-0.05381257
-0.02945152
0.02159889
-0.01367691
-0.00704788
0.07962606
0.03198584
0.05688912
-0.00270086
0.02212693
0.05912245
-0.02255098
0.03515983
-0.03310522
0.00360050
0.07463688
-0.06647073
0.01998348
0.06464610
-0.01829965
0.03390452
-0.01923983
0.05236556
0.05377323
0.01689259
-0.06042835
0.05225823
0.04392026
0.07602185
0.03673361
-0.01006364
-0.00493293
0.02084935
0.02502039
0.02569181
-0.03110000
-0.09468225
0.04689941
-0.03728943
-0.03885652
0.10824250
-0.01645352
-0.00401995
0.07315671
0.02569795
-0.00091128
-0.02233589
0.00659310
-0.07969633
-0.03622228
0.00718570
-0.00296488
0.03529305
-0.00435025
0.00721562
-0.03372027
-0.02925679
0.00822497
0.03363702
-0.02163047
-0.02515106
-0.03756800
-0.07621681
-0.01198446
0.03034218
0.05654157
-0.02327442
0.03951226
-0.02124230
-0.03893189
0.04866604
0.05055093
0.02808979
0.08713739
0.03842833
0.04287595
0.00358691
0.04576219
-0.01763643
0.04359632
0.01740840
0.07182809
-0.05915498
0.00530977
0.01907801
0.00743779
-0.00419958
0.02828644
-0.04704702
0.03053923
0.01135086
0.03885911
-0.03684704
0.00601659
-0.07762220
-0.03106124
0.05606747
-0.06618407
0.05734016
0.00146781
0.01445254
-0.01810777
0.06930500
0.00531489
-0.01440712
0.05764163
-0.00603097
0.05892186
0.05911439
-0.05960397
0.06511986
0.00449733
0.05801260
-0.04189110
-0.01307547
0.00771396
0.04623967
-0.02727454
0.03748706
0.04507102
-0.01599007
-0.00950764
0.01415336
0.03017978
0.00238422
0.01542762
-0.03746950
0.02804447
0.04191105
-0.08222555
0.02294540
0.08223429
-0.00332861
0.00136045
-0.10240301
-0.06344596
0.04511013
-0.01482416
0.06264495
-0.03263096
0.09178743
0.01613236
0.00767464
-0.02679458
0.04102231
-0.01969302
0.00344644
-0.00950513
-0.03987027
0.06111156
-0.02163269
-0.00864746
-0.06115150
0.01912262
-0.05973802
0.03285662
-0.03046496
0.03393187
0.06187332
0.05887857
-0.04159139
-0.04302487
0.00559820
-0.01993536
0.04233998
0.06264222
-0.05299073
-0.01581591
0.02529650
0.00908167
-0.04737577
0.07744961
-0.05690511
0.07286694
0.00298763
-0.02582797
0.04680603
-0.00454364
0.04215403
0.00706140
-0.02509989
0.02923256
-0.01373583
0.02299043
0.02765303
0.05034588
0.00696628
-0.01494095
-0.02015099
-0.03727856
-0.04557106
0.04514466
-0.02290326
-0.05962697
-0.06003044
0.04524862
-0.02843722
-0.01882927
-0.04405797
-0.02717642
0.03172041
-0.04400334
0.03085857
0.01221534
0.02787835
0.03992428
-0.00122167
-0.00037166
-0.02512684
0.03556884
-0.02759317
0.02286785
0.04152431
0.06647649
0.02693307
-0.09724870
0.01707460
-0.04743846
0.00916762
-0.00676344
0.02984058
-0.04829324
0.02834851
0.01572936
-0.03541651
-0.02031049
-0.01334912
0.02323477
-0.04545724
0.03070554
0.00747761
-0.02728663
0.00170874
-0.03371865
-0.02520771
0.00550299
-0.04848229
0.08634361
0.02940290
-0.05410935
-0.03870342
0.01729660
0.04090086
0.08150276
0.01571521
0.01047282
-0.01182447
-0.03629501
0.04592089
0.00008426
0.03558007
0.01410480
0.04500047
0.00595823
-0.00016287
0.02738289
0.02872289
-0.01422976
0.02030369
0.00697402
0.00115973
-0.03773539
-0.01699944
-0.04968230
0.03240066
0.05356235
0.06536186
0.04408280
0.07738106
0.05331159
0.05421894
-0.02615273
0.02598296
0.04419413
0.01947073
0.01074465
0.00334493
-0.02077715
-0.03274639
0.05596415
-0.07479437
0.02594879
0.01729400
0.02416258
-0.01393480
-0.00505931
0.01907733
-0.03869384
0.06023644
-0.03353428
-0.04851949
0.03072642
0.06438034
0.02175292
-0.03759690
-0.02213965
0.04416814
0.03108539
-0.05404750
0.03871824
0.10284599
-0.03901778
-0.03758275
0.06172248
-0.06892574
-0.01554981
-0.01239201
-0.07086282
0.01301696
-0.00996382
0.03910771
-0.01007650
0.01357848
0.02953481
-0.01852657
-0.04334838
-0.02566863
-0.01834789
0.03837564
-0.00694337
0.01734831
-0.03627947
-0.05580391
0.04148776
-0.03169011
0.02416274
-0.00469947
0.00520585
-0.02051971
0.01890887
-0.02872784
0.01390772
0.02536033
0.03634812
-0.03037655
-0.10165896
-0.03384545
-0.00550464
0.02886114
0.01221991
-0.06587508
-0.07606545
0.08316881
0.04755943
-0.00499570
0.01210744
-0.00481650
-0.01936634
0.02903603
-0.01347598
0.05818455
0.00161430
0.05950803
-0.03154527
0.00159275
-0.02025562
-0.03250942
-0.05349645
-0.04156472
-0.02603245
0.07136574
-0.00144339
-0.03310439
0.02835906
-0.00841468
-0.00729199
-0.01943896
0.00104538
0.00418238
0.00254270
0.06019912
-0.00441117
0.03497773
0.00973796
-0.03650783
-0.00916057
0.05489472
-0.01259938
0.01826325
-0.02523094
0.04793607
0.02044501
-0.04076336
-0.03792759
-0.03203529
-0.11029162
0.06535388
-0.01197018
-0.01392596
0.04006384
-0.06419477
-0.00096061
-0.01764746
-0.04843127
0.05878671
-0.01671913
0.02453618
0.03929012
0.03670794
0.01337600
-0.03356876
0.00417683
0.02326162
0.01237256
-0.01802875
-0.00680060
-0.02894419
-0.04923008
0.05890124
0.00162266
0.02410099
0.02274645
0.00673636
0.00920018
0.06886489
0.00939287
-0.01888966
0.03245527
0.01524228
0.05616452
-0.07459228
-0.03304774
0.01481336
-0.00608012
-0.02461920
0.01063517
-0.02121988
0.01391262
-0.05175704
0.04871533
-0.01912310
0.08248476
0.03227728
-0.00414942
0.02009398
0.00845070
0.00441961
-0.02614187
-0.04773944
0.02715224
-0.04378577
0.01013759
0.00249240
0.08305170
-0.00892751
-0.00938394
-0.04425481
-0.04764432
0.07621555
-0.00562718
0.00837972
-0.00115428
-0.02251508
-0.00935318
-0.03898314
0.00964933
0.00575136
-0.03778913
-0.07628547
-0.01628711
-0.05597639
0.02742846
-0.04712077
-0.00101675
-0.00585312
-0.04120434
-0.00898098
-0.06639151
0.00967929
-0.04127609
-0.00521858
-0.02167227
0.03324828
0.00361874
0.04333507
0.06765540
-0.01474523
0.06606536
-0.02273915
0.07376901
-0.01149126
0.07758052
-0.03773125
0.09438540
-0.02944767
0.02466674
0.01565143
-0.04662639
0.02642379
0.05259115
-0.02341181
-0.05335364
-0.08821492
0.05009222
-0.02784939
0.01925119
-0.00441166
-0.02500768
0.04609136
0.00900006
-0.02676642
0.03534897
0.00778503
0.01861433
-0.03203323
0.04527114
0.00776682
-0.06321332
-0.05986162
-0.03159384
-0.03345948
0.02403479
0.05585657
-0.03604056
-0.00416891
0.00830149
0.02123030
-0.02752503
0.01440633
0.03650184
0.03512879
0.05814836
0.00959962
0.00848135
-0.03399253
-0.05568202
0.03289128
0.04686507
0.02721133
0.03218183
-0.01839809
-0.01924237
0.00338559
-0.02530983
0.03924785
-0.04065473
-0.09813651
-0.01888139
0.04211874
-0.01451843
-0.02818256
0.04687330
-0.05666153
0.00675984
0.02286028
0.04844273
0.03281811
-0.04055313
-0.01264371
-0.02976506
0.00483005
0.01795294
-0.01637921
-0.02378954
-0.06669004
0.01438816
-0.00130586
-0.02436718
0.05050097
0.04684858
-0.04298184
-0.03011355
-0.04510843
-0.01901305
0.02914067
-0.01100152
0.05750538
-0.01624882
-0.01391310
-0.04414234
-0.01102074
-0.01501572
0.02854539
0.02835945
-0.01157444
0.03675834
0.01972386
0.00919223
-0.01340172
-0.01502385
0.04152087
0.03403201
0.02798908
0.04491235
0.08317772
-0.00665387
0.04320674
0.01293613
0.02143369
0.03582508
0.05354229
-0.07445090
-0.05134878
-0.01924747
-0.04150164
-0.01724495
-0.01247137
-0.03157617
-0.02818489
0.02453850
-0.01292388
0.00503049
0.01788486
0.01666807
0.04495442
0.00106251
-0.02029016
0.02504005
-0.07136644
-0.03741087
0.03223789
-0.01363865
-0.01782368
-0.06741671
0.03740230
0.04370605
-0.02581641
0.02195126
-0.04806709
-0.00217301
0.04545893
0.00615676
0.00338362
-0.05203466
0.06552705
-0.00118262
0.02599393
0.04446313
-0.00225703
0.03386222
-0.02443370
-0.00791231
0.01103648
0.02953088
0.01057089
-0.02400045
-0.04536607
0.00985328
-0.01359847
0.01235326
0.01866287
-0.01864694
-0.00756247
-0.00350373
-0.04497623
-0.04889547
0.00677049
-0.02285758
0.00295673
0.01863943
-0.01208749
0.00456915
-0.04691697
-0.06586482
-0.02669452
-0.01069994
-0.00490226
-0.00567116
-0.03012200
0.05370519
-0.00970601
0.02887610
0.05107924
-0.04885671
-0.02409974
-0.00449601
0.01695323
0.04874322
-0.01350153
-0.00072563
0.06895807
-0.04993383
-0.01924639
-0.01849041
0.03794949
0.00340874
-0.06688347
0.04317926
-0.04522007
-0.06457084
0.00655234
-0.07897145
0.01580881
-0.00022750
0.03721191
-0.05820369
0.00004769
0.09380971
-0.00437448
0.00648618
-0.03919308
0.04485670
0.04908249
0.07054454
0.00558505
0.04406771
0.01966841
-0.04649822
0.00813368
0.01193878
-0.03052372
-0.00545345
0.03934344
0.03210436
-0.01766458
0.00238748
-0.04232863
-0.03952096
-0.00749010
-0.03737878
0.04719975
0.01614134
-0.05479930
-0.00297686
0.02127919
0.02079929
-0.00763167
0.00111820
0.02983557
0.00654784
0.00020751
-0.03321924
-0.02411363
-0.01476964
0.06344605
-0.03585550
-0.06263082
-0.01170190
-0.01378931
-0.05380359
0.03348045
0.00472226
-0.04388080
0.04467880
-0.01383954
0.00371573
-0.04100896
0.03849911
-0.01822786
-0.02166693
-0.02622271
-0.00476839
-0.01763704
-0.00732104
0.04298272
0.00571473
-0.00754355
0.04232111
-0.04188577
-0.02171915
0.01795032
-0.02528104
-0.05093937
-0.04677724
-0.03867999
0.04818429
0.02170673
0.05005827
-0.01169878
0.01053058
0.02362968
-0.02039238
-0.01684026
-0.02463447
0.01217754
-0.02115403
0.02342163
0.01960319
-0.02614876
-0.03799721
0.00487772
-0.02950910
-0.03747325
-0.00602105
0.00396892
0.03171980
0.01525979
-0.02055506
-0.03683517
0.00434272
0.00355431
0.03347580
0.05740820
-0.03238155
0.03439280
0.01600606
-0.04222426
-0.02092634
-0.00667428
0.02978504
0.02778135
0.02221792
-0.00727987
-0.03567170
0.01044478
0.04278962
-0.04187144
0.02307346
0.04582366
0.05904379
0.01363284
-0.01002812
-0.05153430
-0.04316224
-0.01803105
0.01764728
-0.03098212
0.02399272
0.03970072
-0.01022405
-0.02082135
-0.04519255
0.03223193
-0.05183366
-0.04314018
0.00143928
-0.01683056
-0.02066343
0.03764157
-0.06166707
-0.04288017
0.04353794
0.00934166
-0.04410873
-0.01587132
0.01703734
0.01193335
-0.04004349
0.00180861
-0.05068499
-0.05589326
-0.00559268
-0.00337326
-0.03990643
-0.00948055
-0.01637528
0.00530533
-0.02159123
0.03790230
-0.00593494
-0.00863074
0.01991406
-0.02786987
-0.06018843
0.02995001
0.00896548
-0.00884802
0.05434262
-0.00304412
-0.01469115
0.03150457
-0.02769977
-0.00481614
-0.01543176
0.06267723
-0.01007586
0.01177932
-0.03208507
-0.01994760
0.03815279
-0.04534906
-0.00197897
0.00814127
-0.03031626
0.02278330
-0.03706963
0.04305047
0.01507718
-0.04853714
0.03298074
0.03319661
-0.02221114
0.04608686
0.03628381
0.02899333
-0.04258712
0.02133112
-0.04242522
0.02719865
0.00317504
-0.00178146
0.01866341
0.03836671
0.03844890
-0.01842533
-0.02192740
-0.04279689
-0.01569743
0.00848841
-0.00227885
0.03783952
0.04550358
0.04963006
0.00381967
-0.01208517
0.04975767
-0.01407030
-0.02945561
-0.02441010
-0.01426915
-0.02615296
0.06595889
-0.06225363
-0.01806212
-0.05892229
0.02494803
-0.00052325
0.05507587
-0.00406984
0.00991667
-0.01580776
-0.00420787
0.04416871
-0.04848313
-0.00176376
0.03859572
0.02217821
0.02258847
-0.01172174
0.03697027
-0.01284462
0.04639556
0.02386899
0.02621935
0.00466569
-0.00035467
0.05072356
-0.02421430
0.04602686
0.04323702
0.04390311
-0.04100487
0.02263460
0.02744740
-0.00954113
-0.04582074
-0.04048482
0.03374738
-0.02879698
-0.03179611
-0.05247163
0.06206960
-0.02647148
-0.00427950
0.03391882
-0.04277918
0.04937840
-0.03037051
0.00857921
0.00047879
0.03643951
-0.02130150
0.04918792
0.04610808
-0.00107240
-0.03518941
-0.03921138
0.17919078
0.02847023
0.05264876
0.14259872
-0.02566261
0.00331385
-0.02055484
-0.01351734
-0.00028643
0.06717426
0.03608109
0.11584412
0.01947400
0.04507526
0.11031839
-0.11557953
-0.07004590
0.07783182
0.00922393
-0.03870410
0.00567013
0.02751672
-0.06376592
-0.04808096
-0.17736696
-0.02228174
0.04942187
0.02658186
-0.09620061
0.01716897
0.06696667
0.01186440
-0.07267995
-0.01162979
-0.00347591
0.00751053
0.06517795
0.03196876
-0.04828031
-0.04796973
-0.08333337
-0.03858397
0.04044267
-0.03332480
-0.04769128
-0.02665766
-0.00822601
-0.12439948
0.05803036
-0.01102757
0.00024480
-0.10077421
0.03884107
-0.04153344
-0.02876079
-0.01235352
-0.04464093
0.20042610
-0.06527084
0.00253023
-0.03296163
0.04876705
0.01991512
-0.04913800
0.05198424
-0.07015943
0.00804972
-0.00413830
-0.07171074
0.01947878
-0.09399637
-0.05233779
-0.08136207
0.05316582
0.08516331
0.06278586
0.06042489
-0.03255863
0.02075056
-0.08504142
-0.03361792
0.07558268
0.02439154
0.11194901
-0.04746623
-0.03248497
0.12993999
0.07177087
0.03038428
-0.04686916
-0.04401728
0.02678934
-0.01098055
0.04006445
-0.04510062
-0.10549959
0.05962791
0.00927649
-0.05300527
-0.03662045
0.02354792
-0.05591436
0.01773275
0.06737383
-0.04326828
0.05787805
-0.01779034
0.00426043
-0.04083258
-0.05138274
0.02588369
0.01338052
-0.14748478
0.00570382
0.00139529
-0.00564752
0.01391601
-0.05825642
-0.09976144
-0.01743625
0.03063120
-0.02726180
0.08966774
-0.04971462
-0.12112189
-0.02208746
-0.01556967
-0.00756291
-0.00493025
0.02067818
-0.02693190
0.02146713
0.00856205
-0.03379351
-0.00649643
-0.00179376
0.12007765
-0.02617565
-0.01989105
-0.03924362
-0.02799247
0.00407118
-0.06207316
0.11090018
0.08823688
0.01493949
-0.04809402
-0.00064552
-0.00225613
-0.02094812
-0.00606626
0.11189073
0.05769628
0.01281004
-0.06747006
0.02449058
-0.07527627
0.04694477
0.07892212
0.02540736
0.02222562
-0.00270436
-0.03701102
-0.11801496
0.09236959
-0.00155768
0.12994944
0.02760880
-0.05456071
-0.02097292
0.02845861
-0.06624945
-0.00689694
-0.06335469
0.04445710
0.02060749
0.14466394
0.00959691
0.04768622
-0.05023523
-0.06230644
0.09139749
-0.06222769
-0.01830942
-0.01927614
-0.00262905
-0.00942790
-0.03329790
-0.05802155
-0.04051074
0.03826780
0.02066334
0.01652100
0.01460279
0.09905902
0.02581833
-0.11288357
0.05731853
-0.14817740
-0.03122419
0.12555467
0.07406139
0.01907456
0.00500538
-0.04784113
-0.07327368
0.06515273
-0.14880677
0.02056810
-0.02488396
0.00233980
-0.05339707
-0.03652539
-0.03019204
0.01512156
0.00578157
0.07043957
0.01895369
0.02586501
-0.04486945
0.01199966
-0.00502473
-0.01651394
0.13181929
-0.04385283
0.04563120
0.04793817
-0.09470670
0.09004665
0.02854014
0.07770362
-0.05823428
-0.05380197
0.03024592
-0.05597031
0.00338320
0.02439904
-0.04165620
-0.00184099
0.02912538
0.01350481
-0.01283632
-0.01937446
-0.02678996
0.02716862
-0.04134019
-0.00387515
-0.03603640
0.03134280
0.03766021
-0.00941439
-0.04591237
-0.05978855
-0.02812748
-0.01629127
-0.00549409
-0.07928105
-0.03396682
-0.02928713
0.02687021
0.07797749
0.00104840
0.00668951
0.03881179
0.08111449
-0.04152622
0.00644029
-0.08123075
-0.08914346
-0.06478047
-0.01429779
-0.03932121
-0.07473850
-0.04233595
0.00013531
-0.00889540
0.00363147
0.00785387
0.03695423
-0.04329811
-0.00632235
-0.00893500
0.06362891
-0.02286781
0.02535111
0.00828812
0.07515987
-0.03084910
0.04531630
0.05615769
-0.00078273
-0.05896218
0.04203046
0.02113381
0.05585532
0.08762763
-0.07822732
0.01086303
0.02977504
-0.08574943
0.00956083
-0.02961103
0.03553922
0.00749302
-0.01552708
0.04101399
0.01474059
-0.00262816
-0.04997737
0.00387976
-0.05865183
-0.06104518
-0.04547305
-0.00811605
-0.00483312
-0.03197045
0.07310332
-0.00458454
0.02941392
0.06080807
0.00598924
-0.03040089
-0.01008618
0.07188746
-0.01873040
-0.01529317
-0.01531549
-0.03392903
0.04030731
0.00737865
0.04741210
0.07506088
0.01786992
-0.09823997
0.02730648
0.03137444
-0.07333446
0.05996337
-0.04001420
0.02188669
-0.09260190
-0.01733797
0.03496546
-0.01328971
-0.04371965
0.01668643
0.06931461
-0.00505208
-0.01954988
-0.00222677
-0.01421026
-0.03369036
0.04554173
0.02835429
-0.08023724
-0.11692311
0.02802568
-0.01573897
-0.01166991
-0.06554357
0.00102872
0.01673606
-0.02881418
0.03703119
0.01952913
0.07584374
-0.07419803
-0.02648167
-0.05678652
0.04744200
0.05262467
0.09517191
-0.03585842
0.02538567
0.01560258
-0.02905710
0.00547914
-0.05672977
0.05870165
-0.10039446
0.01862483
-0.03989840
-0.02495474
-0.00700272
0.01659741
-0.05891904
-0.00979896
0.01699754
0.03439881
-0.00883042
-0.05405546
0.03044254
-0.02305614
-0.03348122
0.01829260
0.06053041
-0.03196934
-0.04842226
-0.04720939
0.08796985
-0.01503586
-0.05575937
0.02655781
0.03076961
0.03724564
-0.00612181
0.01040267
0.05427280
-0.02153395
0.01769600
-0.03182119
0.03943022
0.01511914
0.01334212
0.05931306
0.00862561
-0.03230218
0.06005711
-0.01909046
0.00923387
-0.03290336
-0.03133164
0.08964035
-0.00779505
-0.00946163
-0.02507384
0.06395222
-0.00895915
0.06900232
-0.00934199
-0.01403293
0.05371953
0.07585860
-0.01153041
0.04854073
-0.02424870
-0.02767525
0.04110274
0.04600246
-0.02895690
-0.03427059
-0.01253232
-0.00841294
-0.03904264
0.01323818
0.01094972
0.01558275
-0.01277568
0.08957890
0.11159072
0.05855951
0.01062682
-0.09027866
-0.01619516
-0.11929461
-0.06176156
0.06383440
-0.01293501
-0.04041651
0.02778785
-0.02461138
-0.01182380
0.07403018
-0.00457958
0.04540471
0.01254884
-0.00024306
-0.02504152
0.05932289
-0.00038875
-0.02106433
-0.03783654
0.01261062
0.04931402
-0.00558807
0.01064296
0.05010684
-0.07743192
-0.08257718
-0.01674095
0.01078538
0.02567565
0.00741279
0.06166627
-0.04884171
0.03162695
-0.03472372
0.00820697
0.01588968
-0.02429105
0.06580787
0.01115731
0.06556566
-0.02466969
-0.04313521
0.02920927
-0.00572330
-0.03170929
-0.07029007
0.02856942
0.02721437
-0.01866320
-0.04851971
-0.00957579
0.06748018
0.02430807
0.00332416
0.03748248
0.01090410
-0.03563484
-0.00510384
-0.05044449
-0.02258383
-0.03938778
0.00605271
0.00912953
-0.04984809
0.05046650
0.00350742
-0.03835663
-0.00210813
-0.04324137
-0.04929865
-0.02053805
-0.05076528
-0.00169495
-0.04887467
0.01460263
-0.00457477
0.04455825
0.02260762
0.00912626
0.00499926
-0.02584962
0.04060065
-0.04186887
-0.01609568
-0.01679379
0.02286342
0.02733119
0.01023090
-0.03488322
-0.04386104
0.03423239
-0.03883690
-0.03067828
-0.06708135
-0.04762002
-0.00514761
-0.03024835
-0.00331157
-0.02904369
-0.01801880
0.00882111
0.03448605
-0.03665497
-0.03666113
0.00562145
-0.02623685
0.01992247
0.02717671
-0.03497288
0.00767541
-0.00132744
-0.02906661
-0.02044945
0.00218295
-0.00196436
0.01029805
-0.00030369
0.01689636
0.04331565
-0.02357467
0.04490888
-0.00264029
0.02170581
0.00006565
-0.01288930
0.00108061
0.03927500
-0.00026204
0.04014294
0.02352054
0.02547585
0.03813998
0.01442306
0.01181174
-0.04176350
-0.02141341
-0.00448718
-0.00886830
-0.03649198
-0.04855122
0.01554395
-0.01788319
-0.03063313
0.01191284
0.03779051
0.02877806
0.00867701
0.01315994
0.02847836
-0.04789601
0.05637147
0.00999237
0.02220839
0.02782135
-0.03804735
0.01227701
0.03056787
-0.01310490
-0.02035663
-0.02896669
-0.02819439
0.02199352
-0.04090390
0.00318206
0.00963223
-0.00742677
-0.02107053
0.01419626
-0.01964580
-0.02999494
-0.00176565
-0.01717871
-0.04038201
-0.02372783
0.00745051
-0.02479886
-0.00248447
-0.03352722
-0.01640046
-0.00013152
-0.02196231
-0.02042539
-0.01961263
0.00808292
0.00634652
-0.03382384
-0.02179452
-0.02192781
0.02889463
0.01810923
-0.00471705
0.03846446
-0.01079957
-0.02889039
0.03243187
-0.02810763
-0.00683397
-0.04839583
-0.00091541
0.04064822
-0.03552998
0.05755693
0.03991819
0.03997904
-0.04983620
0.01452684
0.01010648
0.00272743
-0.04930250
-0.04489278
-0.03014361
-0.00229704
0.06010900
0.01394525
-0.00888799
0.03704466
-0.03622736
-0.04692432
-0.03998438
-0.04685368
-0.03275385
0.03077981
0.02900833
0.02049374
0.02821893
-0.01110987
0.04124433
-0.02751158
0.04023332
-0.00713310
-0.04508073
-0.02806293
0.02780443
0.03444601
-0.01501267
0.05439675
0.02384529
0.00006869
0.03615776
0.00594306
-0.03398339
0.01155851
0.03277409
0.02636567
-0.03946495
0.00525394
0.05120610
-0.00535168
0.00292131
-0.04578662
-0.00859378
-0.02979330
0.04428758
-0.00216580
-0.01380704
0.01728176
0.01533729
0.04120431
-0.04036516
0.00137182
0.01417748
-0.04006686
-0.01701388
-0.02504807
-0.03563935
0.03109086
0.01002362
0.01936480
0.01721280
-0.04522369
-0.04827615
0.02702493
-0.00753189
-0.04114021
-0.03408640
-0.02258788
-0.03399956
0.01361005
0.03621340
0.03523038
0.01918019
0.00837498
0.03485613
0.01471979
-0.03902300
-0.01759262
0.02715437
-0.04013965
-0.00618006
0.00424611
-0.01022786
-0.00703214
-0.00337307
0.04020167
-0.05004065
0.05314656
-0.03583355
0.03701949
-0.03953405
0.01584213
0.02363706
0.01275752
0.05054937
-0.04550380
0.03287083
0.02055645
-0.04343200
0.03539185
-0.04402587
0.03179809
0.02095142
0.00801502
0.01349409
-0.03905754
-0.03022956
0.11672847
-0.00635101
0.06588951
-0.00788890
0.01377407
-0.04664129
-0.05937006
0.03301086
-0.03981562
0.07800821
-0.02633825
0.13317521
0.10886447
0.17476659
0.01502050
-0.02003294
0.01368377
0.07764737
-0.00503188
-0.04858722
0.01872412
0.03628053
-0.01347796
-0.07757982
-0.01907537
-0.07158731
-0.05834822
-0.01118825
-0.04308819
-0.00360034
-0.01926583
-0.05424999
-0.04099499
0.00806259
-0.12862580
0.00664883
0.04528160
0.00968331
-0.10241237
0.01307354
0.00407167
0.05245462
-0.00117180
-0.06079224
0.07000524
0.02348172
-0.09405836
-0.01652041
0.04833325
0.04176537
-0.04371373
-0.01117432
0.04207472
0.02786998
-0.07284325
-0.02829173
0.02022615
0.03400376
-0.07059092
-0.02086724
-0.04703956
-0.04082723
-0.06089109
-0.03677055
0.03677670
-0.01247559
-0.02914655
-0.05375947
-0.05083342
0.01319495
0.00538106
0.01589515
-0.11105570
0.07789533
-0.02142240
-0.07247944
-0.08020243
-0.01900341
0.08752082
0.03266033
-0.00519532
-0.00086808
-0.03258846
-0.00760819
-0.02157301
0.02148447
0.00786851
-0.09936076
-0.01790647
-0.01969638
-0.07220449
0.05122614
-0.00638136
-0.01783032
0.04761143
0.00088442
-0.04491185
-0.00273969
-0.00418015
-0.07779743
-0.01700237
-0.03927374
-0.02909970
0.08755978
0.00614707
0.02363144
0.05617818
-0.00746828
0.02501575
0.03571517
-0.10946003
-0.03909769
0.04733016
-0.01457981
-0.04753704
-0.02418601
-0.04328395
0.05125851
-0.03079811
-0.03367229
-0.03123134
0.00849470
-0.03538875
0.09711737
-0.02890387
-0.03500198
-0.02361037
-0.08243498
0.04678254
0.02839386
-0.00535070
-0.07164123
0.02274302
-0.00770100
0.00963588
-0.01233809
0.12694700
0.06572101
0.01351665
-0.04577846
-0.03767554
-0.01530208
-0.11322857
-0.04156384
0.09190591
-0.00683650
0.10252911
-0.05507642
-0.05341224
-0.01861126
-0.03594513
0.07167331
-0.01579235
0.03794347
0.06047184
-0.02578456
0.03624349
0.03509683
0.02363520
0.01129904
0.03236777
-0.02842206
-0.02466607
0.00809978
0.04576629
-0.07944855
-0.00536973
0.04376389
0.02579136
-0.00918932
-0.06353693
-0.07173555
-0.03680625
-0.03361559
-0.01814648
0.01384800
0.02101087
0.00149522
-0.03250041
-0.05316193
0.02401238
-0.03618196
-0.04967747
-0.07871661
-0.01736706
0.01542624
0.04156045
0.02964111
-0.04432738
-0.00195862
0.00229100
-0.02107616
-0.08279971
-0.00469956
0.03197706
-0.00706221
0.06487092
0.01905718
-0.09417492
0.07742789
0.01102846
0.09629410
0.00150896
-0.00287682
-0.04273983
-0.01010320
-0.03987606
-0.03217996
-0.00698470
-0.01914451
-0.01748109
0.00020147
0.10075232
0.04174731
-0.07515880
-0.00004625
0.09274736
0.03098517
0.03281731
-0.12169049
-0.01273660
0.11782508
0.05774232
-0.02874400
0.02490979
-0.06867834
0.08829001
0.07488775
0.02718762
-0.01495158
0.01821960
0.09481102
0.04546371
0.02608727
0.00652243
-0.00590493
0.16640514
-0.03334561
-0.02206770
-0.01891779
0.04650047
0.00608056
-0.02962733
-0.01680161
0.06478656
0.00918220
0.02739854
-0.01814020
-0.00346100
0.02610770
0.01465670
0.04630710
0.00935195
-0.01497245
0.01414891
0.03070362
-0.03402394
0.00751405
-0.00962262
0.01920263
-0.03881992
0.02418200
-0.00231007
-0.03479099
0.01178423
0.00028193
0.00276394
0.05388753
-0.02063596
0.00003242
-0.02636653
0.03700402
0.03029043
-0.01043187
-0.02839716
0.02310419
-0.04229794
-0.02848460
0.00748562
0.03743619
0.00733708
-0.00971251
-0.04689174
-0.03715890
0.02336472
-0.01608903
-0.01980475
0.02381052
0.02373038
-0.01806415
-0.03598158
-0.00190779
0.04054134
0.04060552
-0.00866154
-0.04561815
-0.03016932
0.04029214
-0.01298459
-0.04233196
0.04180194
0.04646996
-0.03477741
-0.01211863
0.03686805
0.00032045
-0.01837065
0.01065835
0.04111650
-0.04976795
-0.01793661
0.03900081
0.04211574
-0.04335058
-0.01861881
0.01341894
-0.04787318
-0.04630657
-0.03806743
-0.02028142
0.04727625
0.04308859
0.02964353
0.01583226
-0.02090206
-0.00604991
0.00501347
0.03006475
-0.02362069
-0.03132147
-0.05741379
-0.03475238
-0.00158247
-0.00661760
-0.00863509
0.00656737
-0.02284369
0.02161066
0.03242125
0.04099577
0.03139182
-0.00205183
-0.00428664
-0.03587491
-0.00755059
0.04008380
-0.03460378
-0.01518492
-0.03788067
-0.03327929
0.03524867
-0.02184744
-0.03059389
-0.03816243
0.01477143
0.03095736
0.00526073
0.01534420
-0.00030196
0.01091330
0.04237416
-0.03920752
0.04421505
0.03010790
-0.04106314
0.01565684
0.01465595
0.04362182
-0.01212277
-0.00561918
0.03899752
-0.05150907
0.00538622
-0.00828530
-0.00756178
0.02254476
0.03976000
-0.00343681
0.04178222
-0.04154157
0.01931104
-0.03438917
-0.01767355
-0.04755802
0.03538699
0.03231711
0.04772672
0.02660396
0.00377557
-0.02623044
-0.01285680
0.00145265
-0.02645089
0.03078208
-0.02244504
-0.02522052
0.04386660
-0.01140611
-0.02960106
0.00791429
0.03545548
0.04016706
-0.01779569
0.03908458
0.03125554
0.01398652
-0.01316252
-0.01149832
-0.01897497
-0.03784522
-0.04343392
-0.04495740
0.01024873
-0.00149760
-0.03566870
0.00228369
-0.01963493
0.04302203
0.04034269
0.02634478
-0.01617881
-0.04765552
-0.03088318
0.03077035
-0.03404168
0.03392293
-0.00833677
0.03449422
0.02127727
-0.01199553
0.01316349
-0.03825990
0.01954401
0.03076174
-0.03269612
0.03666062
-0.02701606
-0.02847214
-0.01921940
-0.05617494
0.04509416
0.04279599
-0.00253497
-0.01608074
0.00194737
0.04228715
-0.01283558
-0.01154691
-0.02274761
-0.02443505
0.04263019
-0.05480647
0.01485137
0.00071272
-0.00565006
0.03858520
0.04400804
0.00473687
-0.03784459
0.03508852
-0.03372847
0.04749113
0.03031761
-0.05041412
0.03464022
-0.04626785
-0.00730048
0.04112887
0.04406952
0.03124323
-0.03458435
0.00449343
-0.03369521
-0.00774217
-0.02132317
-0.04372008
-0.01484208
-0.04812201
-0.04861703
0.04818742
0.03128160
-0.02861889
-0.01493554
-0.01211159
-0.01196195
-0.04175670
-0.00504552
-0.03202977
-0.04290888
-0.03346658
-0.04842707
-0.02630103
-0.05136068
0.03291967
-0.02576330
-0.01442102
-0.00281062
-0.01296388
-0.00122648
-0.01994247
-0.03482692
0.04244038
-0.04130302
0.02721773
-0.02484569
-0.04131131
0.04912686
-0.01624925
-0.02939872
0.03888613
0.02716184
0.02964271
-0.01344465
-0.04248042
-0.01865048
0.00557012
-0.04953802
-0.00773708
-0.03268493
-0.02063148
0.05681404
-0.01500084
0.04276917
-0.02296538
-0.04331418
-0.03132026
-0.00636394
-0.05916796
0.02698101
-0.03096728
-0.01914495
-0.01568725
-0.02501000
0.02025647
0.00053414
-0.02937552
-0.02163203
-0.06375708
0.05283115
-0.02910146
0.03731365
-0.02811870
0.08081640
0.04380974
-0.05436438
-0.06677253
0.02040087
0.02293839
-0.00605161
-0.04872576
0.02529577
-0.04116114
-0.00034234
0.02901117
-0.04953947
-0.06848391
0.02002410
0.03796368
-0.00015984
-0.08948072
0.01858097
-0.04943215
0.03233581
-0.03351208
-0.00077140
-0.03147938
-0.02066958
-0.00602497
0.03576331
0.05726624
-0.02657731
-0.01336992
0.00157168
0.03732835
0.07331347
-0.01618297
0.06180597
0.01035083
-0.01561297
0.02724370
0.06918641
-0.04776708
0.01445365
0.01071175
0.00271622
-0.01614860
0.03056717
0.09231649
0.03971165
-0.08069188
0.01229874
0.00889291
-0.03880311
0.05234970
0.01663185
0.04789166
-0.08181437
0.01907788
-0.03148166
0.00437318
-0.04969838
-0.00035083
-0.05708192
-0.03862328
0.00509501
0.03576987
-0.03036417
-0.06328414
0.06932128
0.02011603
-0.07323626
-0.06784316
-0.04064846
-0.03104863
0.01849158
-0.02588029
-0.05504964
0.09309687
-0.01224585
0.02017181
-0.00587735
0.10893749
0.05182166
-0.01810397
-0.00150555
0.06231468
0.03461228
0.09338535
-0.02340942
-0.03252527
-0.01349367
-0.03107492
0.01838426
-0.05338645
0.01632667
-0.05084216
-0.09788574
-0.07026002
-0.03100551
0.05855576
0.02159285
0.03180455
-0.03366435
-0.00012108
0.02039799
0.05766561
-0.00562242
-0.01141114
-0.06542393
-0.11850502
-0.01010153
0.12580727
-0.05717332
0.00075219
-0.00216566
-0.00537320
-0.04930439
0.03965347
-0.02482541
-0.01690288
0.05189857
-0.01580491
-0.01958110
0.05893744
-0.09624527
-0.02044598
0.00640636
-0.04333509
-0.07011377
0.03208405
-0.03788150
0.00887212
-0.04553749
0.06011202
-0.01521840
-0.09807592
-0.00439726
0.04449046
-0.04984933
0.02659620
0.02496520
-0.06488521
0.02478321
-0.01259694
0.01829016
-0.00951640
0.01891155
-0.03539202
0.05911388
0.01184955
0.03524189
-0.03288815
0.08500357
0.01855718
-0.01668436
0.06034667
-0.02329230
0.02589080
0.04949999
-0.01053601
-0.00382983
-0.01437503
0.00799770
-0.03682974
-0.03251981
-0.01717290
0.02178694
0.02562565
0.01666198
-0.04682723
-0.09776840
-0.06762331
0.03272521
0.01523841
-0.03439195
-0.01067508
0.00575275
-0.06613246
0.00176271
0.01131479
0.00005703
-0.07482845
-0.01763262
-0.02214460
-0.01960674
0.05582380
-0.04114275
0.05443138
-0.00323422
0.05057049
0.01443122
0.09679922
0.04124016
-0.04857037
-0.01939127
0.03027438
0.00542532
-0.02534486
0.01956417
0.03509681
0.01098746
0.03415100
0.00162710
-0.03098757
-0.02356652
-0.04641160
0.08404839
-0.03414329
-0.02787085
0.01975732
-0.08099125
0.04834023
-0.03690696
-0.05436317
-0.02555197
0.01050253
-0.00320156
-0.01474456
0.04304400
0.00336765
0.08223408
-0.01565916
0.02209998
0.01770241
-0.00784225
-0.01673005
-0.06120110
-0.03976188
0.02339513
0.00674750
0.00775177
0.01348790
0.00363781
0.04097803
0.01065884
0.04487403
0.04757538
0.06299065
-0.05650924
-0.01100419
0.09065951
0.03414487
0.01733673
0.02451629
0.00973390
0.00302081
-0.03452549
0.00873725
0.02359534
-0.00219605
-0.08282297
-0.02422044
0.05080573
-0.08638629
0.01611085
-0.00220911
0.02862807
-0.02515512
-0.08246116
-0.05265533
-0.03532681
0.02609087
-0.04719488
0.13873790
-0.03792809
0.05496646
-0.04262136
-0.04894134
-0.04358358
-0.03433272
-0.03214103
0.06358497
0.02908078
-0.04529135
-0.05535493
-0.10845361
-0.01518377
-0.08943744
-0.01467996
-0.03542534
-0.03382477
-0.02855853
-0.08005626
-0.00533340
-0.02207095
-0.00425407
-0.03293295
-0.00219148
0.06066927
0.04792078
-0.01413783
0.01365055
0.04759325
0.03661958
-0.00628061
-0.06696132
0.07673709
0.02986866
-0.03562588
-0.04092869
0.02903950
0.00368755
0.05146310
-0.07741109
0.00586664
-0.01288542
-0.08997738
-0.03710576
0.01163997
-0.02613304
0.00770624
0.01173550
0.01525395
0.06701026
-0.05538720
0.03539921
-0.00655146
0.06115056
0.00242573
-0.06016696
0.04436880
0.02835846
-0.00859612
0.01167759
0.04206446
-0.07391240
-0.03604509
-0.01299233
-0.01854781
0.11482379
0.07841896
-0.01913606
0.02194516
-0.01117114
0.01061689
-0.07725880
-0.00713065
0.06168685
-0.02786102
0.06288972
0.17029116
0.10220505
0.05377041
-0.03143861
-0.02770008
-0.02403840
0.03273314
-0.05176320
-0.00799582
0.05199639
-0.05717408
-0.02364021
-0.04696310
-0.01062456
-0.05336899
0.02221401
-0.05060571
-0.01970183
-0.04107841
0.06653179
-0.03599014
-0.04086920
0.09502420
0.05916449
0.05434671
-0.06844513
0.04335646
0.01417716
0.01076603
-0.02641519
0.00327412
0.04678236
-0.07365168
0.00110062
0.05912819
0.02135073
0.00503220
-0.00002728
0.04741918
0.02235465
-0.02927736
-0.11964683
0.04441018
0.03470258
-0.00128209
-0.04084786
-0.05730277
0.07554692
-0.03228497
-0.09101258
-0.01641458
0.05213751
0.03033724
-0.00678105
-0.05563389
-0.03541328
0.01475526
0.03330036
-0.03027065
0.04232103
0.04867757
0.07694492
-0.05211434
0.04832383
-0.00304082
0.03611687
0.02423592
0.01904134
0.00825454
-0.05062390
0.01099078
0.06200403
-0.02102657
-0.00376806
0.02480916
-0.03702527
0.08848990
-0.01121558
-0.02311374
-0.00888367
0.00812373
0.06160238
0.00149966
0.02070769
-0.01805685
0.03500055
-0.03052905
-0.03465083
-0.08889254
0.04966435
0.03439552
0.02515761
0.01703213
0.12990396
0.00633046
0.09029457
-0.03816581
-0.06683235
0.03719443
-0.02280905
-0.06085610
-0.00568954
-0.00975730
0.01950965
0.03698421
0.00420082
-0.04080658
0.00306347
0.01356662
0.04786374
0.02019704
0.03908938
0.01166836
-0.00767570
-0.04525485
-0.00542609
0.08879638
0.00309077
-0.00068819
-0.08211084
-0.05198417
-0.02654241
-0.02518730
-0.01881822
0.01335661
-0.04677096
0.02081566
0.02932265
-0.01386618
-0.03649406
-0.06281744
0.00313424
0.05812228
0.03550137
-0.02661303
0.06741071
-0.04520470
-0.01095981
0.03750105
-0.00533064
0.06733855
0.01947858
0.03029249
0.00706311
-0.03204534
0.00666507
0.00621720
0.05555245
0.04390767
0.01361839
-0.00797761
0.02389693
0.06315523
0.01172385
0.00688125
-0.15115996
0.04365468
0.04066266
-0.01452923
-0.07658181
-0.01942226
-0.08312999
-0.02416034
-0.03653080
0.03934843
-0.01948031
-0.11329377
0.01566130
0.05016381
-0.12246595
-0.00322566
-0.05429888
0.04115807
0.00252517
0.12072270
0.02970077
0.02864805
-0.03325998
0.13173540
0.09904305
0.09360960
-0.02442196
0.02589814
0.00090322
-0.04464175
0.00645896
-0.03685471
0.06169372
-0.06302325
-0.07416065
0.00536887
-0.08202449
0.06184697
-0.09127901
0.09673914
-0.01337792
0.01711383
0.03639942
-0.07740915
-0.03330761
0.04354114
0.05364205
0.00757128
0.03397834
0.08397622
0.01378833
-0.02976004
-0.01970047
0.03587258
0.04793370
-0.02532153
0.09283362
0.02282443
0.02504552
0.04796178
0.02406278
0.07412043
0.02354450
0.05177463
0.06931041
0.06174017
-0.00417944
-0.04139111
0.00038410
0.01432786
0.00099391
0.05697678
-0.00980552
-0.07872173
0.04713329
-0.07656718
0.08665271
-0.04455734
0.04565032
0.04636876
-0.15591854
0.01564428
0.02537724
-0.03201157
0.01181005
-0.03285326
-0.04452487
-0.01219847
-0.01312349
0.03559569
0.07718922
0.02671545
-0.02349140
0.03939061
0.03174663
-0.04545306
0.00157916
-0.05631566
-0.02498222
0.07229999
-0.00986914
0.10051373
0.06764499
0.03491493
-0.03089712
0.03447694
-0.03659516
-0.03670603
-0.02968346
0.04626233
0.04954632
-0.04688659
-0.12285995
-0.03447348
0.04948030
0.02881837
0.01795837
-0.02843567
-0.01953045
0.03292754
0.01996341
-0.05520078
0.03938000
0.08110560
0.03200544
-0.06861577
-0.11613553
0.09809931
0.13495424
-0.01530992
0.02143476
-0.02883913
0.01213869
-0.12556101
0.00752132
0.04372597
0.03705125
0.08172653
0.04869575
0.06156195
-0.01461694
-0.06559815
-0.16787794
-0.03337689
-0.02742166
-0.02865205
0.00660327
-0.03524907
0.05287547
-0.01313932
-0.06566679
-0.03443014
-0.04618267
-0.05119736
0.04840619
0.01004705
0.01571085
0.00597556
0.00838385
0.10667358
0.02004296
-0.08359366
-0.05154857
0.02841012
0.01519506
-0.05916030
0.00682275
-0.01146209
0.02134679
0.05698759
-0.01293405
0.00015559
0.12131061
0.01334439
-0.02289038
-0.05794759
0.01740993
0.05825910
-0.02178892
-0.01401292
-0.06980625
0.05782867
0.01993031
-0.01477274
0.10175936
-0.09882294
-0.02075078
-0.06033975
-0.08767709
-0.11971501
-0.02487322
0.07186917
0.03890527
-0.05182792
0.11709565
0.00059718
0.04959762
-0.13630836
0.01240398
-0.03943291
0.08972026
-0.04313373
-0.04529761
0.00367433
0.00282673
0.02440669
0.02128825
-0.02691365
-0.00036451
-0.01746471
0.02273445
0.02025063
0.06889168
0.01829257
0.01773211
-0.03924533
-0.00393061
0.03906674
-0.02346513
0.11568946
-0.09266225
0.00356219
-0.04692924
0.07526076
-0.00287758
-0.09914244
-0.00092828
-0.02142018
0.10355546
-0.11501174
-0.03728401
-0.04417048
0.05622478
-0.03363759
-0.01188223
-0.01973442
0.08259793
0.05258509
-0.02960140
0.03932435
0.04714667
-0.00737931
-0.03487317
-0.03415001
-0.03751298
-0.06807487
-0.01195891
0.02203936
-0.01934421
-0.02878933
0.03901390
-0.03072759
-0.01964308
0.07610504
-0.04518691
0.02679587
-0.01933803
-0.03778825
0.00833999
0.02126961
-0.00550624
0.00538308
-0.01558163
0.02392534
-0.01456695
0.03582314
0.01755877
-0.02025551
0.03883703
-0.01056227
-0.01112121
-0.02782729
0.00618303
-0.00183451
0.01799797
-0.10012658
0.01096564
0.05775045
-0.01456024
0.00548250
-0.06054126
-0.01639164
0.00348148
0.04272528
-0.06007487
0.02737591
0.06827290
0.04421215
-0.03895813
0.02712593
0.03580724
-0.03884713
-0.07536051
0.03104477
0.01899122
0.01712358
-0.03202888
0.00101191
-0.00007201
0.01164985
0.00733856
-0.01276148
-0.00368730
-0.02937148
0.04587027
0.00317065
-0.04638163
-0.03217890
0.01655663
-0.03744324
-0.04852670
0.03958780
-0.02355999
-0.02062409
0.00509622
0.04259602
0.02654786
-0.04532184
0.02268517
0.01829849
-0.04894213
-0.03632381
-0.02738134
0.03514690
0.01237075
0.04048685
-0.00798528
0.00753802
0.00475884
0.01521609
-0.00957086
0.01017563
0.06855373
0.00312373
0.00506467
-0.04665799
-0.02933026
-0.01371306
-0.06231357
0.04103429
-0.01719762
0.02060304
-0.05242440
-0.04723163
-0.03079190
0.03356067
-0.02443732
0.01495178
0.05193489
0.02361175
0.00495002
0.02097983
0.03229997
0.02717353
-0.00116349
0.03873815
-0.05538693
-0.03507316
-0.04360598
-0.00583385
0.01994549
-0.01358736
-0.02437893
-0.01057887
-0.00459850
-0.03407694
-0.03636020
0.02134556
0.01776759
-0.05373364
-0.02365388
0.03773066
-0.05916381
-0.02725311
0.03458488
-0.03414260
-0.03867517
0.00776793
0.03514673
0.07875864
-0.04328465
0.02685185
0.02657731
-0.00261063
0.03845470
0.02528385
0.04214995
-0.04258951
-0.02417736
0.06480549
0.00697808
0.00909605
-0.03283771
-0.01448422
0.02353776
-0.01255565
0.06498590
0.01524230
-0.00070686
0.00627852
0.04794155
-0.02442758
0.03802747
0.01338679
-0.03369344
-0.01960205
0.02030532
0.00429788
0.01957210
0.05101348
0.03688294
0.01355392
0.01663605
0.01430145
-0.00588981
-0.01998920
-0.00972840
0.01035107
0.03341399
-0.02878424
0.03789126
0.00551632
-0.03909896
-0.05353279
0.02513545
0.02232372
0.00060264
-0.03123878
0.01900975
-0.00609164
0.01282602
0.01601462
0.04917149
-0.05534063
0.03848108
-0.04918060
0.01885547
-0.03880854
0.03498035
0.02896765
-0.07117535
0.01957984
0.01077214
-0.03695922
-0.04362364
-0.03541596
0.05430325
-0.02638938
-0.04297122
0.01612100
-0.02978785
-0.06175491
-0.03733104
-0.05165128
-0.04005770
-0.03944033
-0.04075335
0.03771532
-0.03470560
0.00880631
0.06764787
-0.05180994
-0.03183826
-0.01648598
0.04233762
0.03200597
-0.00360558
-0.03308445
-0.00378558
0.03221141
0.03570390
-0.01980913
-0.00278253
-0.02794369
0.01953237
-0.00475928
-0.06121709
-0.01269540
-0.01865015
-0.02462580
0.04638294
0.05606833
-0.00025352
-0.05571112
-0.03463869
-0.05198397
-0.01136387
-0.05924477
0.03237827
0.03038855
0.02661582
0.02925177
0.04872596
0.01649160
0.03597272
-0.01914296
0.04564610
-0.03300786
-0.04701924
0.04127265
0.01175214
0.02999577
-0.00524281
0.00659655
-0.03727074
0.01762545
-0.00341186
-0.00146369
0.01264090
-0.04961201
0.03112950
-0.02381989
0.03426066
0.04779442
0.02365818
-0.02450945
-0.01192315
0.02758729
0.00983270
0.00420933
0.04691988
0.04344724
0.04445339
0.01255564
-0.05090858
-0.01498382
0.05545466
0.00830242
0.03405053
0.07534903
-0.02569339
0.01707506
0.00907668
0.03068927
-0.02246073
0.02769901
0.02353361
0.02931286
-0.00411823
0.01576287
-0.03381602
0.03170315
-0.00779419
0.01751723
0.05173925
0.02071691
0.00386731
-0.05792901
0.06446146
-0.08086999
-0.00805976
0.02518999
-0.04679526
0.00645990
-0.03745027
-0.04771605
0.05753370
-0.03019948
0.02347558
-0.01786680
-0.02547759
0.03465690
-0.01155607
0.01815967
-0.00860722
-0.04075748
0.06123037
-0.00844102
0.00837025
0.02350327
-0.01396517
-0.06540276
-0.00558873
-0.04394114
0.00070550
0.01267608
-0.03494059
-0.02824716
-0.03248972
-0.03536477
-0.03251446
0.03863318
-0.01914025
-0.02400955
-0.02129462
0.04990853
0.00882447
0.01990229
0.01376075
-0.00266957
0.01563489
-0.05905232
0.03173201
0.03367837
0.00030657
0.04339808
-0.01148859
0.04003857
0.01297679
0.02199970
-0.01354551
0.01646233
0.01584589
0.04366016
-0.00770842
-0.04217121
0.05644068
-0.01243195
-0.06680261
-0.01692984
0.00417364
0.06049567
-0.02944735
0.00366950
0.00104519
-0.00647223
0.07929713
-0.03380404
0.03727509
0.04316277
0.02562205
-0.01416414
-0.04294090
0.03519554
0.01817891
-0.00218733
-0.00266584
-0.00373181
0.07907777
-0.05794366
0.02898441
-0.00018853
-0.01428536
0.00971919
-0.04046017
-0.01948421
-0.00705500
-0.02371370
0.09372503
0.03163497
0.00814825
-0.01693556
0.02292157
-0.01065561
-0.01529245
-0.02915603
0.04402236
0.01146723
-0.00924896
-0.05921912
0.04396191
-0.03549557
0.06753407
-0.04079729
-0.04662338
0.04042749
0.00959609
-0.01191726
-0.01933618
0.02321805
0.02404492
0.02325187
0.02797861
0.00464910
-0.02337631
-0.07368781
0.03331892
-0.09757036
-0.03516924
0.03035475
0.04332945
-0.03965810
0.02144090
-0.02849660
-0.02688752
-0.03646001
0.03531426
-0.02451383
-0.04500214
0.04162694
-0.02679087
0.01290383
-0.04401677
0.02879026
0.03041031
0.00763716
-0.06718019
-0.04229825
-0.02979926
-0.06062844
-0.00838046
0.03232999
-0.01888865
0.04053219
-0.01902594
-0.03100377
0.03649585
0.05802924
-0.07433701
0.03662679
0.05629389
-0.01228321
0.04861952
-0.00894585
0.04663429
-0.04356450
0.06142202
0.04233700
-0.05646090
0.05637753
-0.01930932
-0.01072896
-0.01574416
-0.03405381
-0.00309941
-0.03014424
-0.01374653
-0.07838182
-0.04398959
0.02552897
-0.07813998
-0.06306081
-0.05468278
-0.04901569
0.03764928
0.01673844
-0.06624328
0.01017765
0.03879428
0.01134082
0.01823059
-0.08111289
0.01195020
-0.00702064
-0.00060084
-0.02432000
-0.02481771
-0.00460782
0.05640066
0.05532780
-0.03761060
0.02289478
0.03848071
0.01852230
0.03526290
0.00900247
-0.02127980
-0.00679633
-0.02545304
-0.01624522
-0.00058531
0.01723629
0.03883053
0.02891720
0.04162996
0.04383784
-0.02686915
-0.03015710
-0.04858219
-0.01897990
0.01602261
-0.03451229
-0.05278736
0.04867014
0.03856136
-0.04180933
-0.08832648
0.05505482
-0.05905129
0.01193914
-0.04165436
-0.04325541
-0.08186681
-0.03228270
-0.05927942
0.03385181
-0.04457101
0.00293153
0.01849981
-0.04490899
-0.02245303
-0.01770875
0.04984951
-0.02254789
-0.01112451
0.08146373
0.05505199
-0.01799772
0.03469032
0.05394053
-0.00622841
0.03483940
-0.01433980
0.02833481
-0.04354622
0.05601220
0.00603749
-0.06593496
-0.02352225
-0.00442195
0.01401813
0.08103454
0.05281184
-0.01720734
0.03850228
-0.02636057
-0.07188439
0.05858839
-0.00161535
-0.06254899
-0.00565007
-0.03535362
-0.03434746
-0.00127132
0.04307767
0.00738385
-0.02366630
-0.06526635
0.04116306
0.06449220
0.01079863
0.01380451
-0.07318547
-0.04196874
-0.04510216
0.01680904
-0.03412016
-0.06375603
0.01687937
0.00179727
0.02149710
-0.04923391
-0.01904021
-0.03662436
-0.08584715
0.05646510
-0.05098872
-0.04603703
-0.06206934
0.01546206
0.00788754
-0.03802866
-0.06172987
0.03519863
0.03149404
0.03977492
-0.06278820
-0.06127567
0.05012370
-0.01906307
0.03283170
0.03050889
-0.03391447
-0.00011978
-0.01825051
0.03818003
-0.00610959
-0.01139991
-0.04397691
-0.02066471
0.02730136
0.03229861
-0.05841042
0.00214630
-0.05117585
0.04379329
0.01690381
0.01729632
-0.04309938
-0.08223197
-0.00026803
-0.03596153
0.04848564
0.00261692
0.02328186
0.06081070
-0.00468411
0.08295488
-0.04892165
-0.06785218
0.07025388
-0.04909069
-0.00766126
0.04917976
0.01565822
-0.07740274
-0.06127867
-0.01040804
0.03328547
-0.03633257
0.04416855
0.08490234
0.03908537
-0.10550257
-0.00001310
-0.00283337
0.01927483
0.01134223
-0.05513021
0.03741593
-0.01937636
-0.02401325
-0.00468885
-0.09117344
-0.00357943
-0.04208092
-0.04884633
0.00707611
0.11263862
-0.07519443
-0.02512823
-0.00614549
-0.04533432
-0.01820280
0.02519897
-0.05839782
-0.05972732
-0.01624874
-0.00668062
0.04951848
-0.08072721
-0.00592769
-0.02895511
-0.09431858
0.01636765
0.01464489
-0.04759632
-0.00636661
0.01356228
-0.02831589
0.04563657
0.00808095
-0.01198019
0.07084592
0.02718564
0.03366969
0.05159611
0.02210775
0.04489976
-0.00006147
0.07328672
-0.01196420
0.04912847
0.04293289
-0.00343087
0.01150563
0.00126758
-0.04793648
-0.08919489
0.00669466
0.05301077
0.00051473
-0.01067126
0.10626784
-0.00488444
-0.09218886
-0.08404671
0.04035142
-0.00099670
0.06339892
0.10037682
-0.03691422
0.02479324
-0.00607238
-0.13780980
-0.05105035
-0.02438224
-0.00909634
-0.02261367
-0.08470734
-0.02946289
0.02232108
0.02967151
-0.00609388
-0.03168988
0.04562538
0.05035353
0.01342392
-0.08159597
-0.01037326
-0.04029627
-0.03885741
0.07019188
-0.01055024
-0.01641409
0.01956725
-0.04948938
-0.11439409
-0.00426501
0.02081185
-0.02888872
0.00067540
0.04161203
0.01631908
0.03429116
0.01628378
-0.01017598
-0.06781103
-0.01516214
0.00433677
-0.03741179
-0.04678766
0.00273446
0.03053245
-0.00175696
-0.04039575
0.00126769
0.04267774
0.04898516
0.01408404
0.01984552
-0.07291269
0.00385934
-0.01276701
0.05150516
0.06838316
0.10805573
0.00680097
-0.10143404
0.02144114
-0.01746144
-0.09767633
0.02177042
-0.03494972
-0.03941564
0.06174335
0.04879279
0.08480776
-0.03943418
0.10652544
0.04498303
0.04584191
-0.00695887
-0.03957810
0.02335401
-0.01855711
0.00256896
-0.00847465
-0.06587213
-0.06186370
-0.01860963
0.01999459
-0.02299778
-0.08258563
-0.02192242
0.00087608
-0.01008154
-0.05135059
0.07162002
-0.00738646
0.07825052
-0.03788254
-0.05894520
0.03076973
-0.08752070
0.02284072
-0.00851820
-0.09745225
0.00176659
-0.04059784
0.04671102
-0.06808525
0.08807239
0.00760995
0.02486207
-0.05300016
0.00051706
0.02268550
0.07215531
-0.04516025
0.02881291
-0.04193815
-0.00756851
0.02070728
0.04666772
-0.03555797
0.01701061
0.03264020
0.04095517
-0.04946709
-0.05510215
0.05401465
0.04224854
-0.05778193
0.00061620
-0.02983079
0.05881276
0.00600945
0.01362060
0.04358975
0.00493425
0.08946171
0.04786531
0.06275275
0.06735051
-0.01541207
-0.05655201
-0.00942835
-0.02501446
-0.01174379
-0.05515712
-0.00851765
-0.00289167
0.02911345
0.01152347
0.00543439
0.04231750
-0.03678699
-0.02033845
0.01713111
-0.01775592
-0.00776696
0.02487812
-0.04888056
-0.06453658
0.03824754
0.04213077
0.01310564
-0.04412737
-0.12116580
-0.00563143
-0.02203826
-0.05722547
0.04234560
0.06133889
-0.01430629
-0.02471433
-0.06389386
-0.00944972
0.00551715
0.06669628
-0.14888130
-0.00875245
0.01538842
0.01509416
-0.06016118
0.05275797
-0.04374996
-0.04808272
-0.02825107
0.01835682
-0.00220644
-0.08202714
-0.04226793
-0.05699142
0.03170589
-0.05723823
-0.03072363
0.02352839
0.09424686
-0.02729405
0.01913137
0.02256642
0.00589539
-0.04344923
-0.01353706
-0.02785797
0.01599186
0.02348080
-0.07115865
0.01037264
0.00723981
0.00618332
0.01450065
-0.01651127
-0.07237148
0.02613818
0.00974625
0.01970436
0.02516508
-0.02917614
-0.00141184
0.10318989
0.04241485
-0.06178018
-0.06287932
0.06561980
-0.10451926
-0.04330070
-0.00841787
0.04030628
-0.00678803
0.06096054
0.00355359
0.01828092
-0.00228602
0.02203226
0.05683444
0.01655738
0.05285854
0.04264285
-0.03649123
0.00224834
-0.15486264
-0.00572332
-0.09448539
-0.04353372
-0.05510640
-0.01932298
0.01954677
0.05621131
-0.01340548
0.01755071
0.02408223
-0.04205595
0.03253533
-0.08031173
-0.01036373
0.08247086
-0.13065030
0.05229132
0.02466170
0.00603333
0.02843001
0.02739909
0.04263507
0.01776299
-0.02424591
0.11871389
0.01719275
-0.01902564
0.02727301
0.00632144
0.01684342
-0.09290940
-0.00055264
0.04151291
-0.01378244
0.03126036
0.19002114
-0.00584403
-0.02482053
-0.02094235
-0.06193633
-0.05623801
0.10402930
0.03829653
-0.02193173
0.00679171
-0.02649290
-0.01217997
0.04297007
-0.01279263
0.06542367
-0.04324182
0.04349185
0.02576421
0.04996464
-0.02917938
0.04162827
-0.02407187
-0.05752495
-0.07402828
0.09748647
0.03917901
0.04301214
0.03879913
-0.04734932
-0.02764422
-0.04386787
-0.05953186
0.02435290
-0.03538450
-0.00676769
0.04103133
0.09686726
0.00674214
-0.00532734
-0.05014076
-0.01082837
-0.06478896
0.01022120
0.02511191
-0.02458278
0.01359289
0.04655933
-0.04141464
-0.03303012
-0.06799648
0.02177452
0.01899462
-0.03959704
-0.06942542
-0.08013919
0.16806206
-0.04723804
0.01422667
0.05447095
0.04509772
0.04331011
-0.05516621
0.00835234
0.08532897
0.15584113
-0.03217998
-0.11837406
0.01369182
-0.15209445
-0.05500126
-0.00405493
0.01629596
0.02330825
0.04025198
0.01296218
-0.09035567
0.04939815
0.01412490
-0.02085387
-0.06459908
0.09948795
0.00025827
-0.09469531
-0.06780722
0.00284234
-0.00386629
0.03139721
-0.02275958
0.03627928
0.11472846
-0.14159755
0.12670274
0.07656632
-0.00480026
0.06363143
0.04712868
-0.00134862
-0.06652718
0.12981074
0.02874732
0.00267916
-0.04386879
0.03607425
0.01610744
-0.01354667
-0.02142503
0.06433291
-0.03415868
0.01549066
-0.03888841
0.11264624
-0.03561088
0.02304121
-0.11949202
-0.03623937
-0.00378779
0.01087261
0.14327858
-0.12117837
0.04422539
-0.02315921
0.08044294
-0.04330965
0.01322302
0.12307850
-0.00051865
-0.04995054
-0.07444804
-0.04552988
0.04235713
-0.02367905
-0.10751204
0.00303238
0.00857208
0.04200013
0.01194266
-0.10480159
0.10892917
0.06569632
0.12137701
0.00352697
-0.08146440
0.05294766
-0.00158355
-0.05940361
-0.02695986
0.11001984
0.05955724
0.02817904
-0.07927360
-0.11147002
0.04637307
0.08700327
-0.00675348
0.01153118
-0.09263235
-0.04798061
0.00785785
0.03922431
-0.01793816
-0.02426882
-0.00934027
0.00639255
0.06507220
0.20874429
0.00101747
-0.03164477
0.05938971
-0.03100531
0.10967268
0.05305165
-0.03347247
0.03445815
-0.04843814
-0.08777037
-0.04636947
-0.12815538
0.04234970
0.00569998
-0.07881829
-0.05793545
-0.03208631
-0.02154258
-0.00306715
-0.06186716
0.07930400
-0.07803953
-0.04751768
0.05104826
0.04609624
-0.04375089
-0.11299846
0.07985474
0.02116469
0.07663392
0.01861100
0.08890069
0.04400614
-0.03333527
0.07314821
0.02261033
0.19142395
0.02204656
-0.00188452
-0.01956397
-0.04591191
-0.04324182
0.02359619
-0.07594285
0.00652946
-0.02827256
0.09437108
0.02034492
0.06248883
0.07828779
0.00234434
-0.12855288
0.01776495
0.00233313
0.08056875
0.05964513
-0.07465401
0.01143035
-0.06720304
-0.06156831
-0.02206875
-0.00213634
0.03335710
0.07871518
-0.02144154
0.06982279
0.19164146
0.00162298
-0.10236504
-0.03334425
-0.11874390
0.02520240
0.05448710
0.12556274
0.04680107
0.08010698
-0.05130406
0.00197117
-0.14243798
-0.01093926
0.00873791
-0.06901836
0.16151455
0.00661393
-0.04647881
-0.06481095
0.02223226
-0.08873796
0.02069476
0.05981013
0.02322807
-0.20205975
-0.04775786
0.02527660
-0.06860962
0.06188040
0.09636691
-0.00317526
0.11553875
0.00478393
-0.01080896
-0.04898702
-0.02268817
0.02583752
-0.01700067
-0.04192836
-0.00298906
-0.05909570
-0.01470893
0.05241355
-0.02587523
-0.10589054
0.01370766
-0.00194621
-0.02687689
-0.04311439
-0.06779081
0.14654267
0.02922088
0.00671895
-0.00062070
0.01369834
0.02226531
-0.10361940
0.01507170
0.03397136
0.01736228
-0.03844576
0.00115490
-0.05312214
-0.03174955
0.17114970
-0.00843569
0.05391970
0.11421175
-0.02667883
-0.05984091
-0.03962168
0.02047835
-0.10946222
0.06826862
-0.05329632
0.17099361
0.09657738
0.16552737
0.04458178
-0.05748302
-0.01454682
0.05018358
-0.01368338
0.03593704
0.01393250
-0.00498425
0.06831090
-0.07914844
-0.02489310
-0.00504529
-0.05417255
0.04602593
-0.06564159
0.02646015
-0.03739548
0.02947819
-0.00412365
-0.07907017
0.04887034
0.03493463
0.09532888
-0.08898731
0.01897024
-0.10447333
-0.00641651
0.07347483
-0.00041261
-0.09181245
0.02884173
-0.02089756
-0.06687747
-0.14620797
0.05800249
0.00202442
-0.09369442
-0.00720394
-0.00420109
0.03252276
-0.02518626
0.13336420
0.02934061
0.12543990
0.00725001
-0.03356607
0.08874895
0.01654704
-0.01991566
-0.08085178
-0.04510929
0.02336531
0.03257447
0.01047558
0.00315779
0.07697447
0.01654635
-0.02956641
-0.06937377
0.07448433
0.00758006
0.01140124
-0.03904185
-0.03024942
0.01693066
0.00764545
0.00875096
-0.02113917
0.04375226
0.03631518
-0.02599552
-0.03869299
0.02101370
0.04504516
0.08755066
-0.02075543
-0.02044949
-0.03773349
0.11262282
-0.05196044
0.02482041
0.00691712
0.05475793
-0.08095565
0.06595353
0.00818686
-0.02566992
-0.03922259
0.04662414
0.04945600
-0.03868314
-0.00236438
0.07945145
-0.10431939
0.00133868
-0.03851177
0.05144801
-0.01176963
0.07294940
0.01969142
0.00632003
-0.04328102
-0.01477582
-0.03407340
-0.00021865
0.03668012
-0.05517129
-0.06306583
-0.01930711
0.13072529
-0.00724462
0.00292323
-0.04056647
0.08163307
0.05847238
0.05790834
-0.05021889
-0.03400932
0.06610175
-0.02660161
-0.02477522
-0.04767051
0.14520146
0.04984572
-0.04000710
-0.08327887
-0.05688800
-0.05173641
0.02037703
-0.06772402
0.04113655
0.03278516
-0.03243329
-0.01565385
-0.02538207
0.03516912
-0.04126894
0.00095451
-0.04466497
0.10491534
0.03921310
-0.03007315
-0.02415661
0.03009595
-0.05439327
0.09425555
0.01727683
-0.07307936
-0.08727875
0.11548667
0.11654646
-0.03708622
-0.07481226
-0.00458513
0.05829320
-0.01375927
-0.02880658
0.07000619
0.02039080
-0.06925993
0.01267755
0.01443471
0.03921247
0.04322816
-0.04414713
0.00448162
-0.06033969
-0.05270599
0.01707072
-0.03662340
0.01948739
-0.08111226
0.01690191
-0.03184041
-0.07580660
-0.00981741
0.06933750
0.04976868
-0.10711123
-0.03105323
-0.01721213
-0.02319646
-0.04512194
-0.05508297
-0.00979187
0.18063433
0.01948990
0.14011024
-0.07259748
-0.01283478
-0.04189187
-0.00955650
-0.05817003
-0.09317245
0.06335648
-0.03074626
-0.00549675
0.01551371
-0.00777390
-0.04529103
0.02795305
0.00093868
0.11810429
0.01474814
0.04510338
-0.07119120
-0.08667958
0.02932588
0.07441217
0.07005186
0.03523056
-0.06197987
0.01861825
0.03215733
0.00906654
0.01017471
0.05402758
-0.08905528
-0.00257821
-0.04106445
0.01201883
-0.04190166
0.04319282
0.04417288
0.07997891
0.06001593
0.06106227
0.02359706
-0.06370766
-0.00372508
0.00569258
0.04382445
-0.02005496
-0.02020915
0.06118055
0.03995436
0.01859881
-0.00447565
0.02800200
0.02828658
0.02451607
-0.04928671
0.03340838
-0.03684865
-0.01213669
0.00295624
-0.00314389
0.03295261
-0.03055281
-0.01292581
0.05477498
-0.04795133
-0.00705642
0.03473422
0.02408319
0.05702061
-0.00928023
-0.00101022
0.03444053
0.04796743
-0.04511521
0.01580046
0.04265283
0.00804622
-0.01861776
-0.02253111
-0.08998274
-0.06799646
-0.01818197
0.01137057
0.00878691
-0.04106244
0.03483164
0.02853619
0.01288150
-0.07482090
-0.08261999
0.00762712
-0.01898147
-0.05582164
-0.00111137
-0.04573699
0.01486740
0.04106679
0.06516916
-0.06081696
0.09227347
-0.04980111
-0.06769756
-0.10031977
0.02239114
-0.02822733
-0.02259855
-0.01170118
0.08222298
-0.00227310
-0.06196663
0.00392267
-0.02210746
0.05318074
-0.00353054
0.04762385
0.00110151
0.04392276
-0.02194864
-0.05148673
-0.04031926
-0.03799203
0.00759023
0.02272298
-0.08416684
0.06336327
-0.01525968
-0.01572787
0.03939311
0.00724588
-0.02917010
0.01205411
-0.00169941
0.04009248
-0.05064288
-0.01255128
0.03202555
-0.03785520
-0.00167768
0.07542024
0.02594420
-0.05294718
-0.07475965
-0.00147858
0.02333429
0.00535697
-0.09598268
-0.06375531
-0.00310158
0.00182482
-0.03565050
0.06553470
-0.01660071
0.00222836
0.02029298
0.04627348
0.00243043
0.06498219
0.07204347
0.00710709
0.02321731
0.02618174
0.07873555
-0.07677906
0.05676086
0.00027603
-0.04422712
-0.06476182
0.12932666
0.02759293
-0.04106227
0.01546013
0.03195884
-0.04807945
-0.01148686
0.03222002
-0.04038857
-0.01685925
0.07936163
0.10114857
-0.05597541
-0.02827663
0.01105188
-0.04876703
-0.00238592
0.09401479
-0.03472549
0.03649427
-0.01794792
0.02736076
-0.01345683
-0.04961604
0.05567933
0.08946204
-0.00505738
-0.03852579
-0.04819819
0.01760982
-0.02092636
-0.02421011
0.05422365
0.01335764
0.00129634
-0.07111488
-0.05834230
0.05641065
0.00070033
0.02507472
0.01360018
-0.05387538
-0.00707133
0.03573480
-0.00509389
-0.02173720
0.01379697
-0.03519861
0.03981773
-0.02052790
0.01218149
0.00178993
0.05227572
0.02255815
-0.05190529
-0.04679501
0.05845968
-0.02348000
-0.06097708
0.06725496
-0.00409941
-0.02995003
-0.04988526
-0.03704636
-0.08092662
-0.02354706
-0.00839967
0.05884924
0.11337031
-0.07358222
0.06327242
0.01988641
-0.01186285
-0.00529075
0.03406195
0.03794071
0.02500587
-0.04046820
0.00035715
0.01210783
0.01185329
0.04110515
-0.06774691
-0.01884165
0.03125208
-0.01297540
-0.02218778
0.05056403
-0.06040108
0.05813668
0.09352783
-0.06005000
-0.00396460
-0.02009341
-0.00364595
0.03475136
0.04395873
-0.06611726
-0.00973941
-0.02336673
0.01832463
0.02201558
0.03988469
0.06036964
-0.06753379
-0.01725054
-0.03251901
-0.11308840
0.02369754
0.15294921
-0.02102881
-0.03605976
0.04602140
0.03761778
0.04013179
0.03938419
0.02292841
0.00058919
-0.07605729
-0.05914902
-0.04837326
0.02546619
-0.04954212
0.03981404
-0.01739025
0.01948481
0.04953717
-0.04667049
-0.02271409
0.04262138
0.03218429
-0.02075296
0.02310397
0.04913926
0.02266231
0.05193819
-0.05763643
-0.00118820
0.05812261
0.01840694
-0.05236380
0.00596446
0.00053559
-0.00962937
-0.14630282
0.00842392
-0.00399761
-0.06555699
0.04707380
0.03480951
0.00145525
0.00167747
0.14556779
0.00233390
0.00626485
-0.10522190
-0.12497427
0.05085465
-0.03344320
0.05196888
-0.03458552
0.00068042
-0.02785055
0.03077646
0.04771781
0.00555250
-0.03522588
0.01127331
0.13855079
-0.06767316
-0.00084194
-0.02118274
-0.00695919
-0.01617441
0.05707904
-0.02137709
-0.10742272
-0.02956043
0.04750486
-0.03139273
0.03034783
-0.09528493
0.03565622
0.05721267
-0.05434749
-0.05990721
0.05854892
-0.10005683
-0.10582664
-0.02992904
0.06261858
0.02394256
0.07581233
0.00566167
0.00353297
-0.01925714
0.04913148
-0.02210342
-0.10317405
-0.11573005
-0.01949670
-0.02598470
0.00703096
0.02913117
0.09249115
-0.02593472
-0.00871019
0.14925665
0.06916330
0.05177736
0.03900857
0.13250154
0.06237576
-0.03156108
0.04611138
0.02710462
0.08772844
0.00791169
0.02315184
0.11965822
-0.02487689
-0.01593717
-0.05114138
0.07420033
0.03956860
0.05809812
-0.00492494
-0.03851257
-0.13321151
0.02899757
0.02623143
-0.06840299
0.00277805
0.00924931
0.07330418
-0.06056875
0.02867918
-0.06142943
0.01422679
0.04991002
-0.00500727
-0.06160584
-0.04291917
-0.04805704
-0.01039748
0.09871767
0.00816275
-0.09041093
-0.00455666
0.01984935
-0.00877043
-0.01071274
-0.03522101
0.07121528
-0.04598103
-0.01600394
0.03120054
0.04579337
0.03011527
0.09733959
-0.01764314
-0.01777245
0.03406075
0.01983437
0.04555397
-0.06962604
0.06268326
-0.19669780
0.00066347
-0.00439406
-0.02081091
0.00969644
0.06389660
0.00508451
0.01028738
0.01789823
-0.02488816
0.01744465
-0.05647859
0.02852213
-0.02220243
-0.12250523
0.07654408
0.13159846
-0.07313352
0.01678165
-0.11094795
-0.04025906
-0.03474882
-0.02364974
0.11205019
0.06649697
0.03728139
-0.03059901
-0.05619691
0.01647244
0.02619546
-0.02772669
-0.02101350
0.01626042
0.02494881
0.03521723
0.10375047
0.02172510
-0.04838378
0.00717768
-0.07101610
0.05262271
0.02582010
-0.00154561
0.14735171
0.03271978
-0.00423622
-0.02742850
0.12249908
-0.05366669
-0.08411567
-0.01725572
0.02981219
0.03718594
-0.00104638
0.04747276
0.04151501
-0.13005023
0.02209937
0.04120937
-0.01255390
0.01461281
0.03628293
0.03352291
0.00054963
0.01909485
0.05830308
0.02964369
-0.02532785
-0.01405914
0.07349475
0.05535370
0.06084591
0.04962476
-0.13432229
-0.03679624
-0.04090835
-0.03309103
-0.06767000
-0.09945012
-0.07389510
0.00979982
0.05108735
-0.05994065
0.01426140
0.06265566
-0.14081544
0.07478743
0.03294447
-0.04455612
0.10639486
-0.07225702
-0.04867857
0.07115717
-0.06091513
0.03326057
-0.01491092
0.04275220
0.08798066
-0.04725805
-0.07188375
-0.08735076
0.01561727
-0.10792430
-0.02950986
0.02664226
-0.09366706
-0.04838414
0.03246026
0.02922337
-0.01017878
-0.05271931
0.06582151
-0.04326311
-0.08694588
-0.03951960
-0.06160582
0.01777523
-0.04956749
-0.06488682
-0.15754095
0.01370043
0.01023450
-0.00855779
-0.03996333
0.00971884
0.04971296
-0.03907683
-0.00076937
0.01276748
0.04553331
-0.04609805
-0.01588010
-0.01219783
-0.10370196
0.00595842
0.03205657
-0.12336089
-0.03446781
0.07518464
0.01015696
-0.04737327
0.15259281
-0.02115294
0.02834474
0.00559363
-0.00687688
0.04379558
0.00954003
0.00536213
0.02583404
-0.06952713
-0.01675843
-0.00264991
-0.02846050
-0.00347775
-0.02476292
0.00600674
-0.03836920
-0.09644596
0.03021257
0.04577561
0.02164092
-0.00867900
0.01794545
0.01408523
-0.00646236
-0.08673731
-0.06539628
0.01249354
-0.03193636
-0.03746147
0.01503439
-0.01876895
-0.00415285
0.09347166
0.01070983
-0.00152912
0.06349380
-0.03297241
-0.03562927
-0.03463637
0.04075291
0.03068112
-0.04977916
0.02534161
0.09739174
-0.00835068
-0.10469415
-0.00142999
-0.01490179
-0.00030931
0.04882237
-0.03718517
0.00536246
0.00605065
0.04460866
-0.04762900
-0.01876870
0.02808694
0.05756760
0.01094979
0.10127173
-0.02800866
0.00542653
-0.03778471
-0.02722276
-0.00400792
0.00423599
-0.02356186
-0.03807043
-0.01262740
-0.05604106
-0.01702726
0.02995756
-0.00176490
-0.04526184
0.08455017
0.01456285
-0.02459234
-0.05586266
-0.01193531
-0.03637525
0.03285882
0.05994370
-0.06375010
0.00005722
-0.02992788
0.01088697
0.04315071
-0.05632561
-0.04786387
0.03600676
-0.00515115
-0.04687404
0.07271424
-0.00305959
0.02412760
0.01594311
0.07036709
0.06801672
-0.13903280
-0.00984194
0.02582555
-0.06078780
0.00220623
0.12684989
0.07894097
-0.00763128
0.09538317
0.00300667
0.01239342
0.02221037
-0.02502677
-0.03774857
-0.07101065
0.09176996
0.01597396
0.05887550
-0.04003528
-0.01018941
-0.04228992
0.00966531
0.05097097
-0.01274952
0.05557366
-0.04408732
-0.01090103
-0.03097025
-0.03979219
0.01690504
0.06010146
0.00893820
0.09081629
-0.05184968
-0.04883860
-0.04336025
0.00833189
0.05396504
0.02511344
0.04761735
0.05823361
-0.03849144
-0.03209587
-0.03385516
0.11566347
-0.01108233
-0.05627883
0.00762132
-0.00625744
-0.00285119
-0.04681007
0.00356653
-0.05442119
-0.00920102
0.02202236
-0.05848863
0.05279866
0.11079585
-0.01361398
0.01126970
0.01678249
0.06870351
-0.01635212
-0.07383277
-0.02434656
-0.01459505
-0.01913004
-0.05697515
0.01044865
-0.02941419
-0.05947038
-0.01669990
-0.02436203
0.06808735
-0.05201760
0.00454571
0.03491325
0.01290030
-0.02891223
0.05044412
0.05930437
-0.02720874
-0.02388163
-0.01497496
0.03779889
0.02012339
0.04457432
-0.04577852
-0.04873512
0.03792508
-0.01694157
0.01091373
-0.05066175
-0.01896732
0.06469192
0.04032383
-0.00998704
0.04865978
-0.08061717
-0.01105826
0.06106707
-0.02172396
0.00481468
-0.02367517
-0.01781233
0.04726271
-0.02242446
-0.01800177
0.05259579
-0.03359960
0.00208447
-0.04694857
-0.02994828
0.02794291
0.06098296
0.03022701
-0.06434129
0.02042418
-0.04391162
0.00815609
0.01946455
-0.00444034
0.04579997
-0.01532631
-0.03374794
-0.00623920
0.01286001
0.05883994
-0.04922649
0.01386144
-0.03447934
0.00985857
-0.03887967
-0.05852250
0.00252388
0.02953212
-0.04231638
0.06205148
-0.00435291
-0.04543868
0.00867662
-0.02972923
0.00329808
0.03885980
-0.00991506
-0.01812485
-0.04212491
-0.01267080
0.02221701
0.09306004
-0.02066577
0.01863880
-0.03122663
0.03586826
-0.06864847
0.03464916
0.03365978
-0.06152235
0.02028644
-0.00287227
0.03503883
-0.02198038
0.10508008
0.12173689
0.01196895
0.00625262
0.12115084
0.00193687
0.02691905
0.02877273
-0.04212640
0.03161817
-0.04962957
-0.01166647
-0.05869254
-0.06154230
-0.00853009
0.04710085
0.00357646
0.02317371
-0.00703006
-0.07492317
-0.02730537
-0.08185448
-0.00069745
-0.05276950
0.00784366
-0.08538536
-0.01958873
0.01062644
0.02734238
-0.01599993
-0.00523090
-0.07021532
0.00854830
0.01268820
0.05380547
0.05648512
0.07727636
-0.03576916
0.00066087
-0.00704647
0.01663775
-0.04173448
0.03846184
-0.03681476
-0.06239018
-0.05162944
-0.00635098
-0.03289815
0.00422148
0.02570942
0.01067132
-0.00248408
-0.03115566
0.03965473
-0.02132011
-0.02998160
0.02288465
-0.07460899
0.02746492
-0.07478924
-0.02025234
-0.00848858
0.07545767
0.01120778
0.04738907
0.04652473
0.01187927
0.03032685
0.06038393
0.02098718
-0.02930976
0.01831117
0.03886747
0.08215772
-0.10742972
-0.03930156
-0.03790146
-0.01405593
0.06490114
-0.01037737
-0.05953797
0.04834308
0.01429627
-0.05042822
0.07501741
0.04697381
0.01951846
-0.03626432
-0.09320656
-0.04745695
-0.02481938
0.02910006
-0.06849980
-0.07261933
0.05432103
0.02005130
-0.03401304
-0.07030550
-0.00478160
-0.04176719
-0.06338956
-0.06927887
0.01149638
-0.00679638
0.02487161
-0.10047839
0.03652639
0.05671151
-0.03274968
-0.02684053
0.05461872
-0.00395605
0.01735881
-0.01622107
0.04670249
0.08201241
-0.09995282
0.00771606
-0.02671987
0.05308973
-0.02188333
-0.06221978
-0.04032940
0.05610085
-0.05374131
-0.03848344
-0.02459978
0.01793391
-0.05505640
-0.02319170
-0.00210514
0.06013558
0.03278821
-0.03487025
-0.01706311
0.03925160
0.00853222
0.02140603
-0.05745919
-0.04856379
0.03433988
-0.04486068
-0.01198187
-0.03020203
-0.05489614
0.02565187
-0.01743865
0.04071467
0.02024876
-0.02891957
0.08752020
-0.02487376
-0.09444506
0.02671424
0.00545802
-0.07564087
-0.01015262
0.03513767
-0.07562174
-0.00304966
0.00415194
-0.04319206
0.02076266
0.01808455
0.00057352
0.00916159
0.02797937
-0.07954741
0.04322433
-0.01059989
-0.06040339
0.00998775
-0.03074007
0.01960042
-0.02952550
-0.02219983
-0.02654846
0.01320088
-0.10079391
-0.01412495
-0.07453583
0.05686336
-0.01596276
-0.10872623
-0.04293395
0.02738579
0.05078264
0.07954748
0.00789572
-0.03175826
-0.03174198
0.01892989
0.04458083
-0.04706039
0.03827285
0.02988645
-0.05084214
-0.01875833
0.00808497
-0.08858550
0.02135333
-0.04811658
0.01636311
0.09878041
0.05450131
0.03261224
-0.06300238
-0.04628715
-0.04064279
0.00721585
0.02063237
0.02465038
0.02838413
0.01443272
0.02102533
-0.00696420
0.03910284
0.07591890
0.03457463
-0.02109261
0.04487747
0.03932743
0.02247010
0.06978696
-0.03430225
-0.00909987
-0.04471302
0.05177648
-0.02604195
0.05726110
-0.03794464
0.02547383
0.02906565
-0.04050142
-0.09105514
-0.01987598
0.02184798
-0.04520373
0.03885829
-0.04228691
0.00372355
0.06485357
0.03117973
0.06792058
0.02665937
0.01758443
0.11848529
-0.00136141
-0.00250403
-0.01614582
0.01431994
0.03574450
0.12728447
-0.00793804
0.05051800
0.10045217
0.14578572
0.05195017
-0.03020342
-0.01002767
0.04465490
0.02021373
-0.02553598
0.04338899
0.03190272
-0.03507496
-0.01563910
0.01184876
-0.08892585
-0.04272896
-0.01847702
-0.01147509
0.00762514
0.03742341
0.03635661
-0.10404748
-0.02078578
0.03729253
0.08246762
0.10048588
-0.02958013
-0.06674504
0.05383635
-0.03956205
-0.00913900
0.00880050
-0.04980432
-0.03965801
0.01508177
0.06078197
-0.09993271
0.04369074
0.02407270
0.04236489
-0.01999750
0.01874589
0.00010391
-0.01508778
0.06955247
-0.00807068
0.08124294
0.01538718
0.02380558
0.07566346
-0.00845693
-0.08823678
0.01605317
0.08967093
0.05739581
0.05866445
0.03546038
0.06429513
0.00563752
0.03998997
0.00990673
0.02262215
0.11100622
0.02065374
0.04323909
-0.05004779
0.02805292
0.01879347
0.06221987
0.02596359
0.01908332
0.00783315
0.02767964
-0.01022931
0.00341859
-0.01043097
-0.00360312
0.00911571
-0.04280002
-0.00517957
-0.08306889
0.01174227
-0.05103246
0.00012464
-0.02354082
-0.02894811
0.01363714
-0.05614726
-0.04150611
-0.01110531
0.02058903
-0.02403152
-0.03018490
0.04640737
0.00483370
-0.09698915
-0.04719079
0.01332281
0.02393724
0.05134736
0.04031748
0.01435088
0.06589757
0.06181033
0.03268458
-0.04225491
-0.07133003
0.09777457
-0.00650895
0.00387433
-0.00582412
-0.06128059
-0.10148861
-0.07985546
0.04183983
-0.00919250
-0.06241812
0.07527120
-0.04961268
0.01295118
0.01618987
-0.01934952
0.04237371
0.03606989
0.05549707
0.02333979
-0.06245053
-0.01550089
-0.01198511
-0.01009401
0.03946247
-0.02911580
-0.04203061
-0.10570981
-0.05772716
0.04809596
0.07237963
0.03860768
-0.02625808
-0.01687605
0.05260636
-0.03986347
-0.04315711
-0.00772597
-0.03373030
-0.01461204
0.01221067
0.07445787
-0.00203908
-0.04010073
-0.05330097
-0.00727644
-0.01681258
0.03504972
-0.08105081
0.01268368
-0.03384544
-0.06398237
-0.07139006
0.07347587
-0.06566268
-0.11247000
-0.02993811
0.01392654
-0.00953745
0.06639780
-0.00765587
-0.03142928
-0.05068316
0.05714448
0.03917864
-0.03944076
0.00096102
-0.02067470
0.03450608
0.05091255
-0.01135180
-0.01354117
0.00754933
-0.00466762
-0.09171481
0.04155692
-0.00496420
0.07685156
0.00651810
-0.05338872
0.00224894
-0.08738353
-0.00262230
0.03896211
-0.10778385
-0.05301885
-0.01204777
-0.01901571
0.04128442
-0.04730903
-0.03829689
-0.10593397
-0.04177833
0.03961354
0.01687332
0.11457334
-0.00408702
-0.01030934
0.01846849
-0.01278414
-0.00071152
-0.01247442
-0.09961490
0.01216879
0.01343665
0.01704462
0.02960710
0.00821200
-0.05279800
-0.06959999
0.05000437
0.02827940
-0.04201197
0.15365507
0.05152939
-0.03382742
0.01570312
0.02167906
0.01539930
-0.06236115
-0.04185131
-0.02435126
0.00186121
0.01730068
-0.01370264
-0.06991969
0.04909490
0.04629635
0.03472503
0.03473595
-0.02773996
0.02899553
-0.02799896
-0.00055867
-0.00062924
-0.05999497
0.01681214
0.04757439
0.00986046
0.07599948
0.02339740
0.08642919
-0.06909946
-0.03594059
0.03967293
0.00570449
0.03410409
0.08444928
0.12382635
0.04539326
0.02027639
0.06268857
0.18961537
-0.00522419
-0.05489768
-0.00921364
0.04748257
-0.02367087
-0.03662331
0.00870034
0.03037315
0.00237226
-0.08351431
-0.03256387
-0.05677540
0.00461704
0.05252773
-0.00636791
-0.04998675
-0.04818283
-0.00104720
-0.00694696
-0.10458317
-0.04070503
0.11850181
-0.00332839
-0.00540717
0.01863138
0.00880783
-0.07714117
-0.01159335
0.01511294
-0.01275268
0.09216331
0.00467315
-0.02027096
-0.06495920
0.01354095
-0.00546137
-0.02818388
-0.07831189
0.03480098
0.00376489
-0.11581504
-0.02821107
-0.01339700
0.00849841
-0.04950211
-0.01692311
0.05468890
-0.03976387
-0.04271895
-0.08252142
0.10482430
-0.04494345
0.06602791
0.00993665
0.03789821
0.06662938
0.00562755
-0.11501341
-0.03486485
0.04811154
-0.00170247
-0.03203777
-0.07021283
-0.06492691
-0.03194697
-0.02337928
0.06032700
-0.06559685
-0.01165868
0.06015560
0.00613976
0.01983476
-0.03254607
-0.05801601
0.02828570
-0.03417277
-0.01772367
0.05522300
0.01852937
-0.01846603
-0.01685292
0.01276971
0.00093694
-0.06298613
0.02892490
-0.03759500
0.01650781
0.15057980
0.04914942
0.07436734
-0.05898053
0.09898347
0.02037589
-0.11874700
0.03953034
0.05157752
-0.04053723
-0.01540367
0.11717171
0.07655720
-0.06347511
0.05410151
0.02774572
-0.01414414
0.04927789
-0.01755195
0.00474440
-0.01320974
0.05461095
0.06604689
-0.08088554
0.05114250
0.02946183
-0.08741675
0.07410313
0.04518805
-0.00622297
-0.00622805
0.00799287
-0.01521170
0.00400348
0.02885262
0.13359042
0.07686909
-0.02521106
-0.04081591
-0.05671995
-0.00925579
-0.04204043
0.03715525
0.06603935
-0.05132708
0.12775019
0.03440293
-0.01957563
0.06468195
-0.00420532
0.09403427
-0.02237604
-0.08648869
0.00490163
-0.02932171
0.01536912
-0.00295424
-0.05049843
-0.03632259
0.06110013
-0.04483874
-0.10259346
0.00384755
0.07451528
0.01360665
0.01998322
0.03669644
0.10879546
-0.05731789
0.01499718
-0.00269927
-0.07540176
-0.00534100
-0.03857220
0.04522725
-0.03177007
0.05160742
-0.00228621
-0.06756315
-0.04306670
-0.03271205
-0.00354313
0.08071218
0.02944383
-0.03744406
0.06012702
0.04081871
0.04128094
-0.01748684
0.02830342
-0.02581591
-0.00255616
0.08210396
-0.00836111
0.01670147
-0.02138101
-0.01217941
-0.14151074
0.00312642
0.04823503
0.13870366
-0.00730661
0.02866075
0.02111241
-0.03608204
-0.01545672
0.03958415
-0.06457780
0.00988767
-0.03199361
-0.04314173
0.13201256
-0.00331380
-0.05760554
0.08204283
-0.04155695
0.02531210
0.03128843
-0.06172214
-0.05133824
0.12435327
-0.01976135
-0.10967012
-0.01371095
-0.03922654
0.00047291
0.06574070
-0.00684235
0.03107477
0.09119163
-0.00796367
-0.03119680
-0.03140390
0.02431270
-0.01894634
0.05199181
0.01936755
-0.00751541
0.03132991
-0.07162341
0.06723882
-0.10207915
-0.02220271
0.00280029
-0.01810202
-0.01825417
0.08282682
-0.03679398
-0.00955859
-0.04195097
0.00530934
-0.03629064
-0.04870527
-0.02747263
0.01211337
0.01036037
0.03167803
-0.00798166
0.07371995
0.02918593
-0.02699005
-0.03957582
0.03262038
-0.10409600
0.06679050
0.00977208
0.09012976
0.08011808
0.13044880
0.10041299
-0.02034460
0.04104041
0.10397634
0.01660681
0.04451235
0.02451818
0.00171885
-0.03751975
0.01540767
-0.02571315
0.01459912
-0.01756985
-0.02952328
-0.05319460
-0.01932798
0.00247686
0.00609691
-0.02377504
-0.00036569
-0.02004406
-0.00137344
-0.00485526
-0.01578197
-0.03539588
0.01735116
-0.02203081
-0.01608511
0.01828185
-0.02083671
-0.07972035
0.05167851
-0.01763689
-0.01008791
0.00863198
0.07128866
0.03501405
-0.02033156
-0.03113833
-0.06097322
-0.05052838
-0.00899007
0.04098678
0.05614833
-0.06256129
-0.01930559
-0.02033986
0.01753571
-0.03022717
-0.02831156
0.07119511
-0.01972480
-0.01677669
-0.00521587
0.02335089
-0.01013852
-0.01148631
-0.04566004
-0.00830049
0.07990041
-0.02853216
0.04757772
0.00279584
0.03939810
0.08271330
0.09670018
0.03843480
-0.00034735
-0.03441163
-0.01796488
-0.02928334
0.01378310
-0.00637048
-0.05320033
-0.03890271
0.00709550
-0.05634813
-0.00418593
0.00271497
-0.01386862
-0.03556132
-0.04033877
0.01566899
-0.05942450
0.02855865
-0.03136650
-0.00104994
-0.01108033
-0.02253328
0.02104614
0.03205712
-0.03942877
-0.07223920
0.04745011
0.00489952
-0.02414620
-0.02799708
0.03038443
-0.07306383
0.01487103
0.02680684
-0.00128714
0.03970175
-0.04165621
0.01001016
-0.03746349
0.00489250
-0.03641398
-0.00973242
-0.07259728
-0.01494589
0.02247365
-0.02336549
-0.11535251
0.08081813
-0.02780545
-0.05383654
-0.02337087
0.05086469
-0.03783973
-0.03618498
-0.03338429
0.01140190
-0.00022169
-0.04017100
-0.05019468
-0.04237166
-0.01577572
-0.02768604
-0.07330644
-0.07128510
0.01873495
-0.00432093
0.00370663
0.01249419
0.02971206
-0.01911575
0.04826578
-0.10057612
-0.00773716
0.00387424
0.03637697
-0.02091336
0.00375189
0.05281314
0.00736465
-0.00296278
0.00395284
-0.01383336
-0.03180761
-0.03779440
-0.08166339
-0.02018699
0.01876660
-0.06104149
0.04869250
0.04680850
-0.03556797
-0.03592277
-0.00966404
0.01637166
0.02659120
0.01456431
-0.03195937
-0.02785649
-0.01215169
-0.07377072
0.08999740
-0.02445349
-0.03293348
0.01147156
-0.04036826
0.03642707
-0.05046622
-0.02518314
0.03859249
0.02379096
-0.05643106
0.00302855
-0.06575931
0.02095952
-0.01184042
-0.04296329
0.01098216
-0.00904970
0.06904078
0.01668129
-0.06654076
-0.03100585
-0.02004148
0.02009984
-0.04171643
-0.06234737
0.02683466
0.00971914
-0.04937284
0.02411353
-0.02749392
0.01511181
0.05023715
-0.00933414
-0.07213002
0.03015314
0.01277324
0.00084254
-0.05788156
-0.04892993
0.00145699
-0.04277274
0.04924687
0.02408546
0.05478917
-0.02515366
-0.00782906
0.04266673
-0.03528439
0.07721946
0.04939836
0.01477322
-0.01450354
0.02487918
-0.02620152
0.03057558
-0.01409219
-0.00878880
-0.03473445
-0.00873217
0.01752791
-0.02032586
0.03021419
-0.01291499
0.01310647
0.02856839
-0.05860505
-0.01821558
-0.04058006
-0.00619381
0.00672861
0.02550763
-0.00012786
0.02610591
-0.05010454
0.04208755
0.03435229
-0.06988011
0.05622071
-0.00692696
-0.01799648
0.03948390
-0.02885791
0.02890112
0.02482602
-0.01759937
-0.01051411
0.00578726
0.06311141
0.08746575
0.00574545
-0.01035074
-0.00993355
0.03134887
-0.02474252
0.00895082
0.03664048
0.00522903
0.00381420
0.07813782
-0.10255881
0.00388268
0.04009453
-0.05215867
-0.04926618
0.08434923
0.01689732
-0.07177558
-0.06904279
0.12649556
-0.04472984
0.09892227
-0.00266790
0.05113224
-0.00094461
-0.01362925
0.02111677
0.00821812
-0.05058853
-0.03959804
-0.04159373
0.02762123
-0.13154760
0.13817272
-0.01143570
0.04938428
0.00107004
0.01870490
-0.04988900
-0.04874892
-0.03723809
-0.02042369
0.04743663
0.00275549
0.01640479
0.00101106
0.04701986
-0.01731021
0.09827290
0.08943377
0.06256433
-0.02027902
0.12284290
-0.00212249
-0.04626416
-0.04187589
0.02622929
0.01466456
-0.01139995
0.00459893
0.14300051
0.05400922
-0.04268670
-0.00400896
0.06220987
0.01683949
0.05520624
0.00393718
0.01149359
-0.03306149
-0.00478302
0.01504380
-0.08660695
0.01561051
0.04597102
-0.05871761
-0.10769894
-0.04006505
-0.00340744
-0.01769995
0.02240412
-0.05519185
0.03549386
-0.00582914
-0.03882204
-0.04091877
0.02438661
0.03196016
-0.01157741
-0.02943454
-0.00485366
-0.02402743
0.04452706
-0.00104690
0.03961699
0.06201438
-0.02233774
-0.00784062
0.00554704
0.02120280
0.09177678
0.00905113
-0.09617693
-0.02532260
0.05121754
-0.02082438
0.01513955
-0.04942403
-0.09475492
0.02493837
0.07286726
0.03026493
-0.02548734
0.00170237
-0.03614210
-0.02447211
0.01244645
-0.05794645
-0.00125797
-0.07222825
0.00861724
-0.00699129
-0.10423177
0.02364468
0.07417367
-0.01461308
0.02795064
-0.08966170
-0.04516076
-0.03737018
-0.04380101
0.07047993
-0.05634270
0.06162956
0.01227245
-0.04076124
-0.05446746
-0.09273366
-0.02051663
-0.05773777
0.01521966
0.02402647
0.01068330
0.00669934
-0.00258376
-0.02336578
0.02599202
0.00524413
0.01855312
0.02000214
0.05760558
0.04892034
-0.03552062
-0.06521329
-0.07512175
0.08713729
0.03711253
-0.13106234
-0.08763412
-0.02504343
0.04522326
0.08128269
-0.01105896
-0.02510057
-0.09557375
0.05357483
0.08722801
-0.06462623
0.01555231
-0.01564256
0.00923550
-0.03718449
-0.04205270
0.01950888
0.01774503
-0.03014258
-0.06685832
0.04316334
-0.00286083
-0.01368426
0.05321148
-0.07705692
0.00676724
-0.10041448
-0.04916908
0.04705536
-0.12392955
-0.07576023
-0.00182895
-0.03462195
0.01076015
0.05866852
-0.00283699
-0.08745358
0.02931249
0.02929387
0.01637222
0.02723832
-0.04267902
0.04259210
0.03751196
-0.03536472
0.00806706
-0.02149320
0.02368836
-0.03204047
0.01559777
-0.03812879
0.08202643
0.04142193
0.02886745
-0.08834129
-0.02446325
-0.06163266
-0.04070111
0.09895065
0.00272864
-0.03415826
0.02311362
0.05942620
0.02598798
-0.06752434
-0.04811243
0.02421432
0.03668920
-0.07124355
0.03948976
0.01396556
-0.01832047
0.02412860
0.02144933
-0.04542191
-0.04328394
0.09451363
-0.00694252
0.02038072
-0.01577546
-0.03824053
0.00352812
0.06051297
-0.01104289
-0.08780788
0.01531531
-0.02006613
0.03843743
0.07525957
0.01425523
-0.03078180
0.03628896
0.01754752
0.02182699
-0.02617537
-0.12021807
-0.00508027
-0.01274292
-0.04721217
-0.00927338
0.00239077
-0.06899096
-0.03880801
-0.00625638
0.00279015
0.02087378
0.02388190
-0.01849567
-0.00598803
-0.01267483
0.09327137
-0.01673880
0.02227099
0.02786198
0.00602957
-0.01187005
-0.00701937
0.03062398
0.00488637
0.05933956
0.02290152
-0.00732905
0.00926827
0.04342014
-0.05685425
-0.04306597
-0.01415984
-0.09163934
-0.00994337
0.00264361
-0.03055245
0.08959582
-0.05334557
-0.01821948
0.05005051
-0.04871800
-0.02409662
-0.04890216
-0.11776233
0.01851031
-0.01274216
0.00327686
-0.05817912
-0.04146343
0.09525850
-0.01834946
0.03195772
0.06447285
0.03106642
0.02687253
-0.01206530
0.01950788
-0.03445733
0.03025435
0.02073391
-0.06026046
-0.00794272
0.02840996
0.05490331
0.09688412
0.04444940
-0.07294976
0.02749188
-0.01892805
0.02328215
-0.04432342
-0.00573253
-0.08091585
-0.04661455
0.01468693
0.04436485
-0.04524633
-0.01602008
0.02054978
0.08252562
0.08285986
-0.04074917
-0.03084258
0.02019468
0.01917803
-0.02349079
0.03789505
-0.11854497
-0.09770279
-0.04880381
0.00729504
-0.03966541
-0.05044235
-0.01327103
0.06013013
-0.03560081
0.05132743
-0.03766057
0.10703968
-0.02634617
-0.08019872
-0.08950435
0.05135258
-0.02588435
0.12138492
0.01405285
0.00593253
0.06295215
0.04725632
0.02450572
-0.03550400
0.00020666
-0.11495829
-0.03210977
-0.06063806
-0.02824030
-0.00737986
-0.01709020
-0.03736164
-0.00457396
-0.05783215
-0.04689768
0.07507716
0.03692167
-0.00232811
-0.02274227
-0.05481388
0.00952389
0.12920307
-0.03599944
0.03409692
0.02121768
-0.02181442
-0.01675100
0.04319523
0.07000980
0.08351592
0.05595492
0.05611663
0.02148326
0.04203257
-0.09826537
0.00575660
0.00262749
0.03080989
-0.04685748
0.02522018
0.01801121
0.00335430
-0.01700465
0.00895731
-0.01135792
-0.00850102
-0.00508695
0.02306304
0.01547719
-0.02009318
0.03848101
-0.06644098
0.07684182
-0.02935684
-0.02784298
-0.02589104
-0.02922630
0.05747079
0.03625571
-0.02449329
-0.01153759
-0.11460166
-0.00204024
-0.00582965
-0.01063930
-0.01847886
0.01228274
0.05311650
0.01043288
-0.04410779
-0.02746729
-0.01118805
-0.05812417
-0.05395167
0.02587955
0.02202442
0.01427632
0.06368009
-0.03302934
0.00391330
-0.09656701
-0.07076355
-0.06381004
-0.06043712
-0.07805447
0.03173250
-0.03137809
0.01135831
0.02667765
-0.00479643
-0.08123457
-0.03997834
0.03904040
0.02852820
0.03917835
0.00589491
-0.00467674
0.02954804
0.02136379
-0.01737322
-0.04175460
0.02120883
0.07635053
-0.01813963
0.01724818
0.00262647
0.00445284
-0.01759811
0.05599203
0.07676771
-0.05290108
0.04806403
0.09069517
-0.00278582
-0.06241569
-0.00895046
0.00003592
0.02118774
-0.01899717
0.00307841
-0.04157677
0.02251939
-0.06612869
0.00916310
-0.11674878
-0.02252594
0.02324410
-0.01202424
-0.04811174
-0.04462890
0.05009115
-0.03605680
0.03693473
0.02093800
-0.00179330
0.00757656
-0.03596864
0.01516387
-0.07597035
-0.00153580
-0.08516272
-0.07333904
-0.02909352
0.06002744
0.04155349
0.01484009
0.02059687
-0.01555286
-0.02535999
-0.09829142
0.02674226
0.01966183
0.01691210
-0.01531333
-0.01965967
0.00097367
-0.00223104
-0.03575125
-0.03827584
-0.02725458
-0.02267575
0.00545060
0.07844578
-0.01319970
0.00994207
0.01340689
0.04095889
0.05670244
-0.01554521
-0.04183183
0.07451622
0.02778718
0.04684563
-0.00648119
-0.04528908
0.03345181
0.03176160
0.02284714
0.01268499
-0.03624374
0.03389075
0.02807945
-0.02502825
0.04326965
-0.05054153
-0.03410482
-0.02588477
-0.05303384
0.03143365
0.00419394
-0.07237492
0.02575117
-0.01541599
-0.02708357
-0.04360131
-0.03266795
0.00665420
0.00655272
0.05770938
0.00626074
-0.04258927
-0.03042690
-0.03396333
-0.03476150
0.06034027
0.06413478
0.07128322
0.00850187
-0.01034711
-0.00151885
-0.03376371
0.05682377
-0.02265622
-0.05937339
-0.05328022
-0.03977271
0.02865791
0.04170144
0.04995346
-0.01309347
0.01710908
-0.04635704
-0.01244893
0.05114208
0.00024331
-0.11096438
-0.03398499
-0.03696402
0.04686151
-0.02219327
-0.01911315
-0.04873248
0.03725302
0.04288057
-0.02488598
-0.01621050
-0.08832281
-0.03024924
0.01675023
0.11435238
0.06660256
-0.00306438
0.05616067
-0.00643982
0.05634789
-0.09445848
-0.00918102
0.08300905
-0.08515897
0.00741404
0.11640310
0.08464438
-0.02664555
0.08683785
0.03898104
0.06470140
0.09890091
-0.02417488
0.07316314
0.02641535
-0.04136292
0.06362846
-0.01574736
0.00488202
-0.02460884
0.00452108
-0.02465663
0.06061387
0.04181002
-0.02648401
-0.01556519
-0.01071629
0.07497702
0.05422133
-0.01162644
0.00618315
0.01543967
-0.03481257
-0.01954227
-0.03338772
0.00678643
-0.03750463
0.00207225
-0.03025389
0.07523893
0.04010619
0.02820392
0.00005678
-0.00872078
0.06150392
-0.06192029
-0.06671169
0.00575271
0.00904050
-0.02792801
-0.04019326
-0.03552376
-0.00680465
0.04516168
0.00536556
0.05551938
0.02993540
-0.02665971
0.01927040
-0.03399311
0.01120926
0.06571962
-0.03915809
-0.00731980
-0.01439565
-0.02686183
0.07298221
-0.05637667
0.00027226
-0.06274161
0.01710972
0.00565000
-0.02418358
-0.08202515
-0.07476842
0.01007841
0.07818681
0.06876978
-0.00728659
-0.00912917
0.00334916
0.00840459
0.03652451
-0.00529435
0.00677586
0.06374383
0.06531699
0.02449967
-0.02125034
0.03156615
-0.05320203
-0.08980531
-0.02228634
-0.03294260
0.05301487
0.01145193
-0.06384199
-0.01724903
-0.02899971
-0.04476324
0.10829021
-0.03842342
0.00372853
0.00447817
0.02548743
0.05828441
0.00005030
-0.03264059
0.06786378
0.01425811
0.03152277
-0.02083130
-0.02322481
-0.02958444
0.08524431
0.00462657
-0.11178249
-0.04022097
-0.02831145
-0.00963606
0.04669734
-0.03851696
0.04126298
0.07137632
0.00780678
0.03030098
0.05912054
0.06121771
0.03458951
0.05594474
0.04557865
-0.03168293
0.00210440
-0.04808392
0.00061951
-0.09097010
-0.04252441
0.05189335
-0.01606411
-0.02538670
0.06771497
-0.02040357
-0.02776146
0.03678618
0.00603948
0.06048525
0.01290411
-0.05635070
-0.02399334
-0.08035337
0.05029066
-0.04301197
0.02118585
-0.00346386
-0.02254041
-0.00585965
0.00884435
0.01222513
-0.10440806
0.02383234
-0.03030496
-0.02490878
-0.04580431
-0.02740356
0.05177661
-0.03873535
-0.01800537
0.04664116
-0.06160925
0.02570572
0.00938078
-0.06767954
0.01110413
-0.04398564
0.11152801
-0.01184564
-0.05249068
0.04699531
-0.03757367
0.01878637
-0.04238226
0.12633345
-0.00486005
0.08103059
-0.15761292
0.05988157
-0.04151880
0.11927107
-0.09764881
0.05268776
-0.00681261
-0.07859086
-0.02328015
0.07533547
-0.01959616
-0.05765788
-0.01508549
0.05519702
-0.05945496
-0.02286418
0.01264092
0.08656412
0.00842214
-0.04734229
0.05855060
0.03608332
0.08667791
0.04650105
0.02974443
-0.02246408
-0.02894811
0.06419679
-0.06698965
-0.03083860
-0.06951385
-0.00785421
0.04945150
-0.04109422
-0.01634683
-0.00071679
0.03012671
0.05230036
0.01141215
-0.01871734
-0.08672048
-0.03942303
-0.04138343
0.03624671
-0.06904801
0.01479166
0.02915933
0.02028404
0.13859126
-0.02509465
-0.04946994
0.02332124
0.06431148
0.00591729
0.01622646
-0.08279189
-0.08217560
-0.02129254
0.02144034
-0.02107090
-0.01310641
0.07126411
0.00437966
0.04124366
0.09377585
-0.00196844
-0.03648331
-0.01053810
0.02023370
-0.00307142
0.03072446
-0.00167786
0.00060890
-0.01937978
-0.08334470
0.08188694
-0.08851993
-0.02182982
0.00175878
0.03102981
-0.02750978
0.02809886
0.00662197
-0.03998261
-0.03145313
-0.03846542
0.00936437
0.10321756
-0.02603090
-0.03907869
-0.08338768
-0.00476063
0.02901236
-0.00821125
0.08475757
0.01143094
0.07095389
-0.00389179
0.03590832
0.00697258
0.04468444
-0.00736598
-0.00412876
-0.02218717
-0.02850761
-0.05761580
-0.01862201
-0.01059535
-0.01979838
0.00846981
0.06162454
-0.19326134
0.03088189
-0.04493196
0.00385520
-0.00309977
-0.01918106
-0.01555323
0.00349999
0.03902535
0.04576399
-0.00670786
-0.02018433
-0.03134559
0.04290178
0.01799343
0.02207810
0.03106697
-0.05210421
0.08099978
0.04303389
-0.01373470
0.01329778
-0.01926358
0.08115005
-0.03641578
0.02225619
-0.03551631
-0.02255888
0.02247147
-0.04197449
0.01993208
-0.09896211
-0.00500569
0.00456990
0.14448690
-0.04953473
0.01390044
0.03763036
0.04242643
-0.02702734
0.00865373
0.00151603
-0.00135757
-0.02795495
-0.01503337
0.06428174
-0.04376571
-0.04528469
-0.04637060
-0.08064005
0.01451985
-0.01355235
0.11745112
-0.06756094
-0.07656371
0.00164994
0.08818804
0.04748546
0.01703886
-0.10320422
0.00591100
-0.14296103
0.03884156
0.02140126
-0.05337033
-0.00020252
-0.09223548
-0.04315723
0.08167181
0.05261788
-0.04111361
-0.03986926
0.00148302
0.00695547
-0.10509964
0.02853669
-0.00398935
0.06760734
-0.00303458
0.10769939
-0.02919106
-0.05236810
-0.02174493
0.03055041
-0.05969402
-0.00667491
-0.04390843
-0.00399301
-0.00587099
0.00853625
-0.09644932
0.00771881
0.06623517
0.02885371
-0.10034769
-0.01078087
0.00942811
-0.03108965
0.01771973
-0.04030215
-0.00488382
0.06134009
-0.00695456
0.02888810
0.00731805
-0.00333393
0.00366408
-0.03889259
0.01887963
0.00053795
0.00952693
0.01355138
-0.03681970
0.02342752
-0.04719619
-0.00807886
0.00358340
0.01310774
0.00825334
-0.04900344
0.04136512
-0.03724094
-0.03124376
-0.03779893
0.00884939
0.00473690
-0.01007134
0.00319503
0.00879343
0.04707623
-0.04054115
-0.02738967
-0.03404954
0.01049577
-0.01707560
-0.00964915
-0.04381001
0.03505949
-0.05568931
0.02231377
0.03503560
-0.02287385
-0.05055550
-0.02579544
-0.03617010
-0.04785679
-0.04586858
-0.02399319
-0.00165299
0.01746753
0.00560036
-0.04921833
-0.03455070
-0.02845825
0.02150136
0.03066292
-0.01685970
0.02314963
-0.03478702
0.04057815
0.01354069
-0.04090421
-0.05138750
-0.03803449
-0.02469149
-0.02981081
0.04546612
-0.03141126
-0.00329026
0.02672295
-0.04531096
-0.03216592
0.02633898
-0.02217327
0.02076238
0.01012259
0.00662769
0.02612966
0.00115290
-0.03775530
-0.00363433
-0.02210922
-0.04153699
0.00037614
-0.02970736
0.01831809
0.02664595
0.00125710
-0.00333053
-0.00273891
0.03502622
-0.01587758
0.03581170
0.03138680
-0.03127724
-0.05057260
-0.04233729
-0.03481959
0.03632402
0.00070906
-0.02804172
-0.02266902
-0.02346945
-0.00916113
-0.04399722
0.04246011
-0.05256056
0.00190451
-0.01409927
0.01011587
-0.04980713
-0.03507708
0.00315385
-0.04480870
-0.01933727
0.04618045
-0.00358550
0.02928402
-0.00023225
-0.04857568
-0.04478551
-0.03649700
-0.04606048
-0.02864328
-0.01578305
-0.03929318
0.02998004
0.02930631
-0.02149468
0.02424508
-0.04035724
0.01919967
0.01787832
0.02082335
0.00877582
0.02307116
-0.04480901
-0.04993019
0.04231623
0.02907350
-0.01093668
-0.03536914
0.04191549
-0.02975548
0.04163714
0.03816387
0.04098601
-0.00717938
-0.01207226
-0.01670785
-0.00922449
0.03506963
0.02676388
0.02575394
-0.02106848
0.03745710
0.03546999
0.02832913
-0.03124007
0.01885905
0.03828907
0.01102197
-0.02054232
-0.03913540
-0.04494848
0.04898898
-0.05358477
0.03551212
0.01469624
0.00170900
0.01314567
0.03375982
-0.01326197
-0.02324885
0.03062603
-0.03194679
0.01689581
-0.02451693
-0.00925185
0.00186512
0.03722660
0.03628285
-0.04903025
-0.00718156
0.00337346
0.00847152
-0.01121427
0.03936496
-0.00157907
0.01717117
-0.04307599
0.00587224
-0.04516480
0.02986077
0.01737128
0.00843960
-0.03532069
0.00023131
-0.05104935
-0.04993905
-0.01844099
0.02050709
0.04410942
0.00248104
0.00350723
-0.04632290
0.03351323
0.00580735
0.01201649
-0.03053982
-0.01476796
0.00463068
0.03863693
-0.04670763
-0.02191200
-0.01993391
0.03823639
-0.04876598
0.00271247
0.04397228
0.04501398
-0.04230314
-0.04428376
0.03181937
-0.04954038
0.00420483
-0.03310563
-0.04398729
0.00435202
-0.05470898
-0.02518661
-0.01937350
-0.02611287
-0.01290664
0.03988525
0.00006317
0.04374021
-0.00114404
-0.04360265
-0.00998813
-0.05534942
0.01903132
0.03785676
0.00642158
0.04268195
0.00795874
-0.04437124
0.04108989
0.04641264
-0.05893382
-0.02247212
0.03829455
-0.01099799
-0.04800273
-0.04814231
-0.03224186
-0.03350993
0.00146652
0.03006358
0.02827356
0.04097408
-0.00173164
-0.06933708
-0.03289284
0.02075819
0.02768558
-0.01147561
0.04394094
-0.01637789
0.01842662
0.01630514
0.01241403
0.03015131
0.02497332
0.08880611
0.07636197
0.01577747
0.00576801
0.00204164
0.02013749
0.02650857
-0.01748901
-0.01082922
-0.01989080
0.02058774
0.02758921
0.02624422
0.01461296
0.05656881
0.01932732
-0.05900102
-0.06016706
0.06525224
0.04414760
-0.04135025
-0.00237317
-0.00225136
-0.04368104
-0.02166334
0.04586504
-0.04512515
-0.01878181
-0.02416059
-0.03368522
-0.01378160
0.08257014
-0.01761508
-0.04459710
0.03475744
-0.07967014
-0.07862111
0.04072982
-0.02653987
0.06935016
0.04126687
-0.03432528
-0.02071927
-0.02030993
-0.04420062
-0.02085011
0.04936994
-0.01478477
0.03609387
0.03271554
-0.06437688
0.01032059
-0.03386406
0.00059344
0.06526133
0.04581651
0.02620645
0.06606816
0.02665708
0.01494477
0.01318756
0.00977747
0.00571097
-0.04854472
0.03159595
0.07423802
-0.00909892
0.02109789
-0.04029744
-0.07617293
-0.02562208
0.00606275
-0.01743318
0.03506735
-0.04038643
-0.03865943
-0.00645262
-0.04840758
-0.03278540
-0.03948775
0.02606646
0.03627277
0.03190164
-0.00017964
-0.05495276
0.01341314
0.02833787
0.02082471
0.00133399
-0.00468278
-0.03505507
-0.12105438
0.01672645
0.06131837
-0.03129222
-0.05364899
-0.02959537
-0.00975296
-0.01067595
0.04418350
0.02737151
0.07317534
-0.04668054
-0.00099440
0.02897097
-0.01966429
0.02996434
0.10946422
0.04640367
-0.02739270
0.04022377
-0.01073076
-0.01889088
-0.06640125
0.05126406
-0.01619495
-0.06485114
0.01022787
0.01041430
-0.00870348
-0.01256896
-0.02745789
0.00578238
-0.07327225
-0.01188264
0.05153392
-0.05467295
-0.02753829
0.06620517
0.01746425
0.02530710
0.02320908
0.00613312
0.02651648
-0.06008932
-0.00942107
0.01609109
-0.07732113
0.08792754
-0.01930850
0.01219997
0.01211010
-0.03101870
0.02628434
-0.00751746
-0.01117142
-0.05868704
-0.00649308
-0.05949667
0.02085511
0.03541315
-0.00580244
0.04280377
-0.00825973
0.03734676
-0.03824212
0.03421894
-0.02546659
0.02882710
-0.01509100
0.01890620
-0.06532724
0.01384216
-0.01874350
-0.04317898
0.01614451
-0.06682078
0.02657990
-0.00622822
0.03550052
0.02647654
-0.04074374
-0.00873654
-0.05006987
0.03197536
-0.06240227
0.04807258
0.00521939
0.05789447
-0.02134093
0.00493103
0.00877131
-0.04671582
-0.01736465
0.04030459
0.00080282
0.00782427
0.03806175
-0.07070390
0.03751284
-0.12522958
0.00343303
0.02507587
0.06717069
-0.10733278
-0.02004996
-0.02138365
-0.09943397
0.01694389
-0.03618434
-0.03180541
0.02863435
-0.00853904
0.06864885
0.12104605
0.02015022
-0.01619258
0.04706588
-0.00382319
-0.03096054
-0.01455892
-0.00977056
0.08314537
0.00529627
-0.02312771
0.00423981
0.02817485
-0.02589343
0.02610847
0.04501224
-0.01412287
0.00355352
0.06890198
0.07514409
0.04176038
-0.01370369
-0.00853634
0.00630607
0.08285236
0.01778781
-0.04991713
0.02249118
-0.04922988
-0.03794257
-0.13112275
0.01324232
-0.01138405
0.04445343
-0.02254997
0.05925525
0.01472736
-0.05086849
0.04553256
