shape=[32, 400]
-0.02169681
0.00241273
-0.10147742
-0.06017488
0.00793238
-0.18025355
0.04507255
-0.14209795
0.04531665
0.02658260
-0.15386458
-0.20325902
-0.04272695
0.00095845
0.05462240
-0.12223254
-0.04712512
0.01319479
-0.13370891
-0.08542920
-0.05633232
-0.01139505
0.06504401
-0.03765263
-0.12682471
0.12158390
0.03365535
-0.01602624
0.05974211
-0.10599881
-0.04893195
0.08746663
-0.15648200
0.01258604
-0.07099767
0.06910655
0.00058223
-0.08712570
-0.10820697
-0.09913334
0.02681663
0.18908551
0.25245744
-0.06512108
0.11731329
0.14447623
-0.11986561
-0.02920026
-0.08060196
-0.07726647
-0.10864583
0.01846168
-0.04015120
-0.13518266
-0.07037000
0.02208984
-0.17137958
0.19163224
0.08753993
-0.06002519
0.09219526
-0.03308196
-0.07643933
-0.09079444
-0.05070439
-0.10749989
-0.05152460
-0.07559149
-0.06017859
-0.20954992
-0.06737402
-0.06141268
0.13990001
0.04273607
0.04168062
-0.28610733
-0.02970105
-0.03613465
0.02004587
-0.05929441
0.00477101
-0.00751527
-0.04092735
-0.10015409
-0.01941801
0.03613071
0.16229387
-0.07019399
-0.04865571
0.00819891
-0.02303980
-0.19402151
-0.04576400
0.06959297
0.09199329
0.04014809
0.10433082
0.11069547
-0.10365801
0.00388208
-0.01203754
-0.07017422
0.14689757
-0.08746120
0.13516800
0.07161144
0.04609736
-0.00247180
0.02207706
-0.08357148
-0.05613383
0.19883236
-0.08568129
0.14448740
0.17942066
0.01859312
0.04304885
-0.12847625
-0.25697994
0.02728356
-0.16517919
0.15728454
-0.03248062
0.12877007
-0.02221914
-0.14173046
-0.24229929
0.07061108
-0.25679183
-0.02292859
0.20382190
0.06398581
0.02713711
-0.25615078
-0.30276832
0.05464649
-0.39440709
-0.17260480
-0.11601336
0.25841174
0.07361631
-0.26563993
-0.39740118
-0.10428901
-0.09141462
-0.19040121
0.06978922
-0.07593378
0.02213172
-0.25392720
-0.22817208
-0.00606215
-0.26419702
-0.24283065
-0.35494602
0.24756065
-0.13032348
-0.31830505
-0.21266985
-0.36984548
0.02187295
-0.01232957
-0.18082562
-0.00476387
-0.05155798
-0.25420791
-0.06986371
-0.14379768
-0.08652270
-0.02971072
-0.12466339
-0.23434974
-0.01730733
-0.10662789
0.01433007
-0.03279007
0.06458095
0.02527611
-0.50000268
-0.05641320
-0.16210854
0.10225601
-0.18176252
-0.01305323
0.27273145
-0.02501265
0.04280357
-0.36630681
-0.04637659
-0.02270546
-0.08280631
0.18339071
0.10505212
0.06658381
-0.06713607
-0.09976003
-0.05798426
0.27484658
-0.41318440
-0.10497048
0.16767351
-0.29540607
0.08147551
0.02074607
-0.13991462
-0.08601154
-0.09068176
0.13727815
0.18626125
0.10481673
0.45079228
-0.20554312
0.12086808
0.55895340
0.10304325
-0.22446227
-0.01806231
-0.21268584
0.12318246
0.10724635
-0.05629853
0.01784201
0.25391722
0.13658959
0.16982786
-0.06347470
0.32043442
-0.12822218
0.08167952
0.05395423
0.05367224
-0.08158069
-0.17587827
-0.06822073
-0.32042041
-0.02705949
-0.12206244
-0.31047243
0.18322630
-0.15974239
-0.01526031
-0.09130993
-0.18100631
-0.18151994
-0.10177591
0.02818459
-0.15618013
-0.12719449
0.20477428
-0.10162427
0.05041799
-0.10266658
-0.02871561
0.10974184
-0.07120863
-0.02677899
-0.09820395
0.07657716
-0.01155275
-0.05623946
-0.03928395
-0.05391847
-0.07940175
-0.19898921
0.25366968
0.16200402
0.18315724
-0.00877404
0.13874859
0.28563273
-0.20160908
0.14267737
-0.09420501
0.03615004
-0.03910140
-0.07166825
-0.01944226
-0.13626330
-0.18774515
-0.06665807
-0.20345050
-0.11928933
0.02866500
0.30864275
0.19665606
0.20315142
-0.06153837
-0.00423358
-0.07147555
-0.07403818
-0.10720452
-0.14670290
0.04428412
-0.17230402
-0.12703267
-0.18521860
-0.22231840
0.08750243
-0.19850940
0.48512965
0.12122562
-0.12816489
0.07432064
-0.08865872
-0.07160684
-0.10983597
-0.24648304
-0.06262720
-0.03044248
-0.05771604
-0.05009289
-0.15855761
-0.09192879
0.11422734
-0.12928633
-0.22897512
-0.09581279
-0.18884726
0.19142179
-0.20608835
0.03679984
-0.05909563
-0.07503445
-0.06150505
-0.03180581
-0.12563235
0.00964879
-0.19897865
-0.14218335
0.00173064
-0.05580787
0.07533131
0.17003253
0.10218053
0.04139359
-0.03314944
0.12321859
-0.05422103
-0.03769227
-0.15983388
0.05659722
0.09093103
-0.08219631
-0.18052459
-0.19291091
-0.07630110
0.11448899
-0.12399623
-0.00728428
-0.08999012
0.18722552
-0.10206005
-0.08324076
0.03211780
-0.06025583
-0.22171330
-0.04020709
0.11934354
-0.24545518
-0.12915973
-0.05727154
-0.37711903
0.11091512
-0.31145933
-0.31918892
-0.03059338
0.04406027
-0.15744114
0.08488704
-0.08511773
-0.13091879
-0.16761690
-0.03170082
0.03146732
-0.08875249
-0.13453245
0.13578181
-0.02644458
0.18106738
-0.38756672
-0.15203021
0.01101723
-0.13227788
-0.11075700
-0.11292109
-0.00527827
-0.16155976
-0.10197648
-0.02237413
-0.16021156
-0.15876566
-0.22382107
0.14307666
-0.00865667
0.12764509
0.08126799
0.10174818
0.07684071
-0.16552687
0.00609572
0.14026044
-0.07448179
-0.14155684
-0.09846513
-0.05924977
0.05998554
-0.13073643
-0.16875945
0.39323202
-0.00315285
-0.13829499
-0.27582037
-0.17746674
0.05802126
0.15103997
-0.07137313
0.16827224
-0.03596745
0.02808268
0.04227904
0.08138105
0.03762411
-0.04250958
-0.11518501
-0.24747911
0.17355528
0.01357942
-0.09357654
-0.02400537
-0.07565098
-0.00321253
-0.15602653
-0.38491821
-0.02047427
0.09228965
0.09585761
0.14918432
-0.42301989
-0.39093202
-0.03630771
-0.10145696
-0.11561874
0.02611122
0.15550923
0.27482986
-0.02875144
-0.51379955
-0.01874767
-0.20371772
0.00863650
-0.16884214
0.11337291
-0.07743463
-0.22836196
-0.08563943
-0.04734286
0.06986988
0.16958101
-0.11417630
-0.10052630
0.16267766
-0.16819954
-0.23868279
0.07682048
-0.17408316
-0.02222256
-0.02918082
0.08435771
-0.03055196
-0.26090094
-0.10704985
0.02928109
0.11520286
0.03753007
0.05481061
0.04920825
0.00912661
-0.06583732
-0.23181771
0.06088132
-0.19812369
0.02855005
0.04795475
-0.14882967
0.09014495
-0.08834570
-0.31108794
-0.15351984
0.01471480
-0.18881008
0.12309614
0.51344788
-0.00662300
0.13857634
-0.36429551
-0.12860608
0.17179528
-0.04518411
0.21424972
-0.31064931
-0.00692918
0.24011293
0.10655361
-0.20542113
-0.39802551
-0.32016218
-0.14191291
0.46763051
-0.22710237
-0.05462715
0.21962181
-0.19295862
0.40520146
-0.10390286
0.59413701
-0.17092314
0.08231206
0.46472785
0.35353249
-0.09344747
-0.23374034
-0.40081799
-0.21345727
-0.10689559
-0.34080413
0.07661955
0.33961353
-0.18840104
-0.04877341
-0.01937947
0.01300444
-0.05382858
0.03012924
-0.23814954
-0.06482413
0.03237671
0.23159547
-0.16107360
-0.10706213
-0.07417013
-0.11161114
-0.27191556
-0.28101841
0.02479544
0.02616888
0.03475094
-0.14137281
-0.02525347
-0.00558542
-0.03676563
-0.02969777
-0.06645247
0.15258746
-0.11097189
0.01107160
-0.16526666
-0.00196484
-0.11884991
-0.17242762
0.13267279
-0.02517959
-0.01163018
0.00708518
-0.02349643
-0.00541861
-0.17873785
0.04347388
-0.13299827
0.01240800
-0.05391124
0.34035522
0.06582897
0.23489983
0.18551196
-0.28728154
0.12533921
-0.13394004
-0.08313879
-0.23638119
-0.12679721
0.01269313
-0.45862800
-0.02451111
-0.09137129
0.13136478
-0.33306345
-0.19869179
0.13771890
-0.09236848
-0.31051451
-0.06237426
-0.14269020
0.19292116
-0.16730018
0.03966549
-0.20272899
0.07517680
-0.12856579
0.30398211
-0.16769002
-0.61256194
-0.26203778
-0.30858684
-0.35095587
-0.44465992
-0.13033545
0.37315053
-0.33015838
0.03513946
-0.08278735
-0.22692062
-0.15929750
-0.06366909
-0.05315790
-0.05641117
0.00419696
-0.04284204
-0.18191706
-0.09647271
-0.29150844
-0.25576028
0.01895689
-0.01932894
-0.18554659
0.01477989
-0.05879404
-0.04555286
-0.03040393
-0.06885675
0.18434328
-0.09707469
-0.10070321
0.18822990
-0.11393967
0.11934859
-0.03655619
-0.08262289
0.01932853
0.04888698
-0.01416510
0.14067103
0.02727860
-0.10835449
-0.05802703
-0.07859866
0.37242019
0.02831031
-0.11413641
0.34530196
-0.06048461
0.08015244
-0.09613173
-0.00391097
-0.00723847
0.10323840
0.11426401
-0.10918432
-0.02260955
0.10541251
-0.08828054
0.01912859
-0.02701860
-0.13015120
-0.14695938
0.55146635
0.12512515
0.22912860
-0.18198027
0.04641938
-0.00502302
-0.33881789
0.19777037
-0.00459791
-0.08758789
-0.16183886
-0.01965462
-0.01956790
-0.39988226
0.21632203
-0.10314757
-0.04511093
0.09885687
-0.12102055
-0.42284858
-0.06927831
-0.06458831
0.16246653
-0.25637984
0.04527711
-0.09877447
-0.34095791
-0.11894252
-0.05720667
-0.27296352
0.02946042
0.05175636
-0.31275982
0.03601034
-0.28757617
-0.37136945
-0.22386865
0.01058714
-0.07347656
-0.16040979
0.00737659
0.01988016
-0.12756522
-0.11782102
-0.06133623
0.04485629
0.00730670
0.00296086
-0.13458332
-0.08416291
-0.17091849
-0.15468310
-0.27759025
-0.08182815
0.04790960
-0.05272149
-0.12210086
0.03411920
-0.37542966
-0.05970674
-0.11814740
-0.18707876
-0.06275152
-0.10662647
-0.22553129
-0.11826313
0.10778949
-0.00315434
0.04011689
-0.01907445
-0.03503909
0.09484268
-0.27555439
0.00600665
-0.13292761
0.14706713
-0.04303230
0.07985844
-0.26017508
-0.14116447
-0.00130452
0.30655402
-0.04490224
-0.01340904
0.36557627
0.09311609
-0.28939605
0.00042025
-0.28424957
-0.04089925
-0.16073373
-0.13037062
0.00537740
-0.25718668
-0.28280011
-0.06921387
0.04747858
0.24862079
0.05950458
-0.13877890
0.03537409
0.09732734
-0.23912150
-0.10777745
-0.03487624
-0.00524352
-0.25376749
-0.19173540
-0.03765512
-0.19936043
-0.06051185
-0.09949289
0.09612107
-0.01484488
0.10440257
-0.05450336
-0.10340307
0.13321444
-0.02067486
-0.02249910
0.13858365
0.01119547
0.02468734
-0.09982091
-0.04224417
0.01398030
0.15143032
-0.18041286
0.08071774
0.00296077
0.15814275
0.13277760
-0.03603093
0.17486018
0.26297072
0.11584490
0.01605125
-0.02062193
0.10532895
-0.01732215
0.05681562
0.00105324
0.01134865
-0.03105615
-0.02312823
-0.12321027
-0.03244446
0.03250603
0.02564112
0.08380093
0.24768436
0.02855573
0.04907258
-0.03662476
0.05782437
0.01277902
-0.00468180
-0.02776605
0.08005282
0.05650400
-0.13964085
-0.18133314
0.03391023
-0.08533195
-0.04586136
0.19677660
-0.10008956
0.01080989
-0.07105534
-0.00104342
0.01035179
0.00722338
0.00833449
-0.22290811
-0.06362965
0.03617591
-0.35035849
0.14404933
0.12360329
0.58009529
0.28650925
0.08188923
-0.26783931
0.02189453
-0.14929239
-0.06730487
0.04298981
-0.18941528
0.02066648
-0.34405959
-0.05016917
-0.25784379
0.11109985
-0.00780808
-0.28842765
-0.14792103
-0.26127800
-0.25105178
-0.11481846
-0.10918368
0.10578673
0.00522194
-0.21344981
-0.21487179
-0.10811517
0.26868793
0.13073421
-0.23798311
0.07205653
-0.12247767
-0.03961895
-0.53661591
-0.28166896
0.22384973
0.03781744
0.10755270
-0.00249852
-0.02031669
-0.07515816
0.00752959
-0.03007634
-0.07671640
0.08399583
-0.02892247
-0.13470514
0.00392901
0.06888537
0.06272105
-0.04708919
-0.08449598
0.13452783
-0.20024349
0.17718771
-0.00400507
-0.10145693
0.04025450
0.02171036
-0.06692635
0.13691610
-0.04520046
-0.19319674
0.03368250
0.07846247
0.28048983
0.13985327
0.05376963
0.02500452
-0.13746023
0.01289400
-0.01846901
0.02901606
0.02054192
-0.00275371
-0.14412054
0.02030261
0.00607625
-0.23779438
0.09719551
-0.07780074
0.17881823
0.01672013
-0.11394282
-0.20815043
-0.16967534
-0.08096219
-0.17193532
-0.05300907
-0.19538818
-0.03271221
-0.20891230
-0.10299731
-0.19098438
0.16354391
-0.12599346
-0.29946649
-0.13898312
-0.24967661
-0.16911285
-0.08867700
-0.23267625
-0.03742486
-0.07199907
-0.24333850
-0.25976506
-0.10225024
-0.16462539
-0.01714922
-0.30816293
-0.03153844
0.26632589
0.02354118
-0.56022340
-0.09365668
0.15689348
0.17225935
-0.11154237
-0.03099913
-0.01658592
-0.17998768
0.04640247
0.00243336
-0.11269406
0.00055950
0.02455598
-0.08779590
0.36042497
0.06130562
-0.24923240
0.22121061
-0.00357715
-0.02759982
-0.07587817
-0.00983046
-0.02499395
-0.04761824
0.03693918
-0.01312786
-0.07230289
0.00855824
0.05344042
-0.20012383
0.00469720
-0.06432450
-0.08773585
-0.07086127
-0.13157800
0.01889457
-0.10072363
-0.09415250
-0.09419383
-0.07298662
0.05204036
0.01128709
-0.21994145
-0.01913410
0.01722697
-0.32283786
0.00758790
-0.10140326
-0.20760582
-0.09959006
-0.19013205
-0.20229129
-0.26018572
-0.08829953
-0.13353606
-0.13626295
-0.19488868
-0.04979862
-0.17801452
-0.10650381
-0.17911880
0.01158919
-0.10111378
-0.23339215
0.10878853
-0.12534766
-0.05356910
0.02190927
-0.37064278
0.02858584
-0.18327810
-0.12182081
-0.24238436
-0.07161666
-0.08576778
0.21070702
-0.35806853
-0.25846025
0.14786994
0.08300786
0.04829189
-0.09983926
-0.15994629
0.38247526
-0.40864688
-0.07352623
-0.02174992
-0.08701346
0.07818103
0.02045447
-0.01119717
-0.01283590
0.07991353
-0.10461284
0.14821509
0.00615010
-0.03537998
0.02508423
-0.16109906
-0.28924271
0.02127448
-0.00781731
0.05622530
0.06605397
0.00077874
0.01870255
-0.04105030
-0.07252356
-0.01396714
-0.10939867
-0.12856662
0.01183335
-0.08529570
0.00082968
-0.04156532
0.05418774
0.09614623
0.06614894
0.00501660
0.26978016
0.04519948
0.02306980
-0.06188916
0.01260176
0.07987715
-0.15353401
-0.03900445
-0.11757052
-0.24243309
-0.03390875
-0.24996872
-0.07910679
0.10807259
-0.05782646
-0.15134524
-0.03944929
-0.06641316
0.11112143
-0.30328557
-0.09522516
-0.01372819
0.06335109
-0.11348484
-0.16388151
-0.06715103
-0.17969444
-0.24097458
-0.10673245
-0.28573698
0.12496508
-0.14917664
0.01256776
-0.13404496
0.04634131
0.11226280
-0.14499259
-0.14109738
-0.32017195
0.03052966
-0.07448112
0.35389403
-0.13645779
-0.08995014
0.18170039
-0.35296777
0.00138837
0.05127206
-0.08614987
0.07190036
-0.02894354
0.06187839
-0.07959230
0.01445430
0.15779516
0.00807586
-0.07228296
-0.11519532
-0.02816583
-0.06001105
-0.24774309
0.07273640
0.02561230
-0.00444048
-0.11702804
-0.05724350
-0.05335732
0.10980324
0.01102083
0.03915592
0.09556703
-0.04791613
0.01992097
-0.24687594
-0.06585196
-0.02898086
0.07015107
0.02194317
0.10311648
0.02507397
0.01890070
-0.03462354
-0.02839135
0.21260381
0.02048070
-0.00644142
-0.03104945
-0.19022223
-0.03360501
-0.27434546
-0.25436127
-0.24775779
0.11922339
0.03940836
0.03392245
-0.09510834
-0.06481483
-0.06036401
0.00845077
-0.22662762
0.05986630
0.03460388
0.11086185
-0.14799504
-0.12495701
-0.18752646
-0.30048847
-0.10759663
-0.02522696
-0.14761223
-0.06506972
-0.09726196
-0.09744874
-0.14613359
0.06513306
-0.06765641
-0.14108607
-0.06498727
-0.01169237
-0.03524498
0.32462332
0.58277178
0.14815709
0.17870945
-0.13484170
-0.27164820
-0.02054456
-0.01479947
-0.10544124
-0.08286467
-0.04667142
0.00629770
-0.07044370
-0.14478439
-0.08363828
0.02002326
0.11410362
0.16582806
-0.01814686
0.13424498
-0.09645401
-0.07505050
-0.05082777
-0.02137945
0.08290686
-0.03330924
0.03708129
-0.14736138
0.02329214
-0.13925497
0.02430740
-0.04626452
-0.15964513
0.04736324
0.01943552
0.00344912
0.06072572
0.04264231
0.16734399
-0.16915272
0.23464771
-0.13441661
-0.02910512
-0.20980476
0.34613976
-0.15416060
-0.20343517
-0.06606977
-0.13427359
-0.29268569
-0.24822697
0.01411436
0.13454515
-0.28754014
0.11370781
-0.05196616
-0.17714332
-0.03003727
-0.05931212
-0.00794937
0.17626534
-0.03819123
-0.53226203
0.20997931
-0.10216174
-0.13140245
-0.06906043
-0.14912888
0.11728472
-0.12992544
-0.27752689
-0.09057475
-0.18558329
0.08418263
0.00816926
-0.44032446
-0.13294889
0.10147979
-0.22462569
0.02822074
-0.15495665
-0.10886501
-0.02832989
-0.21634129
-0.37564787
-0.09242793
-0.11987430
0.04133260
-0.23308180
0.01587733
-0.06446603
0.04091167
-0.04389001
-0.06739183
0.15110880
-0.02107423
-0.18944602
-0.08376043
-0.06603929
-0.17532225
-0.05151441
0.05870131
-0.03301135
-0.03752606
-0.06042688
-0.03148769
0.00728731
0.08926912
-0.10311680
-0.06682376
-0.12737484
0.08695140
-0.06491861
0.29858410
-0.06253177
0.01300509
-0.10410186
0.04404256
0.07359157
-0.04130622
-0.00195094
-0.00919695
0.02945830
-0.02438078
0.22987592
-0.02039888
-0.05564684
0.29699379
0.18223548
0.20799443
0.24359457
0.18632488
0.14342374
-0.09528664
0.05557924
-0.01645204
-0.11480987
0.03395328
-0.01319488
-0.04832120
0.19464672
0.06432679
-0.22624667
0.35269263
-0.16661307
-0.08019098
0.12432415
-0.14630455
-0.10653973
-0.14718620
-0.20188604
-0.13680705
-0.15669560
0.00295944
-0.05694328
-0.16280966
-0.16862479
0.02835954
0.02273638
-0.18665160
-0.21516769
-0.22463240
-0.19110470
-0.27253199
-0.28157821
-0.16707307
-0.04657347
0.11278681
-0.09532247
-0.06873558
0.00117574
0.02960615
-0.15979384
-0.07415619
0.12424399
-0.19279779
0.12798032
-0.54455507
-0.34327781
0.11321425
-0.00054983
0.13507299
-0.16055794
-0.01693262
-0.21039374
0.01343025
-0.07817870
-0.26448801
-0.23091264
-0.04448883
-0.31881487
-0.03863922
0.04221863
-0.16769511
-0.06098093
0.06825987
-0.23825201
-0.16173729
-0.13843483
-0.08032519
-0.14578818
0.03473941
0.00520309
-0.27712342
-0.07999047
0.02182567
-0.23775570
0.28188682
0.11809444
0.06574037
0.30502644
-0.02690688
-0.17434403
-0.05017434
-0.16533682
0.08616075
-0.17343426
0.09865680
-0.00013791
-0.19646998
-0.17203172
0.07886931
-0.23783143
0.11939196
-0.09106334
-0.41294387
-0.00685867
-0.20554870
-0.38643286
0.10360157
-0.14195429
0.09774543
-0.02562870
-0.01493249
-0.04617573
0.04512923
-0.25473276
0.02993871
-0.17386693
-0.06293423
-0.12688053
-0.35603246
-0.11513812
-0.25910452
-0.21927364
0.37371781
-0.10824958
-0.06601912
-0.15655270
0.04786193
-0.05260076
-0.19040492
-0.13090171
-0.17655154
-0.34813881
-0.05946313
0.24784733
0.03321839
0.32251379
0.28346720
0.09333216
-0.10382319
0.06171213
-0.01022765
0.08334446
0.04790292
-0.02409069
0.03455119
-0.28199425
0.02424433
-0.33431220
-0.23835781
-0.12432926
0.07714766
0.00926221
-0.06702208
-0.10895316
0.04910636
-0.06565851
0.06397935
0.08415002
0.02897665
0.07548597
0.09987515
-0.17710674
0.02378907
-0.05338999
-0.22291462
-0.10581992
-0.06182864
-0.08058849
-0.18284892
-0.34207878
0.14085630
-0.11709549
0.10290298
0.11046313
-0.15280302
-0.03127808
0.21692471
-0.21176663
-0.13666292
0.03327045
-0.13214962
0.00585390
-0.19043042
-0.07977155
-0.08354451
-0.28467003
0.19058900
0.07448602
0.02163631
-0.09782887
-0.09902459
-0.11338947
0.05081228
-0.07296336
-0.10013977
0.26900011
-0.14814664
0.13990133
-0.15531361
-0.04183178
0.14708106
-0.08222982
0.04520237
-0.01366134
0.05707459
0.11660303
-0.12917928
-0.04727222
0.12296558
-0.20860022
-0.02521146
-0.09524533
-0.32599899
-0.13590986
-0.23776491
-0.38986504
-0.11858743
0.00981525
0.07946663
0.07035844
-0.08323922
-0.04085647
-0.16987814
-0.02337132
0.15489466
0.03035043
-0.04745790
0.08714049
-0.23874037
-0.03077503
-0.38001093
-0.25710210
-0.08065083
0.12401991
-0.03997617
-0.03313921
0.08687209
-0.17307349
-0.05983680
-0.11859820
0.12395693
0.05764279
-0.10779000
0.42392886
-0.10419545
0.00993309
-0.35188857
-0.12977673
0.03729864
-0.08318497
0.26358238
0.00381326
-0.03712116
-0.25847015
-0.07778937
-0.08318732
0.06825953
-0.10340105
-0.14472476
0.28912884
-0.13185531
-0.04092149
-0.32737365
-0.11803348
0.06172358
-0.00188905
0.02997095
0.01155193
-0.08017446
-0.06526659
-0.14047328
0.03997957
-0.01821342
-0.02589070
-0.13735051
-0.07973337
-0.11089706
-0.17046534
-0.25884649
0.02772966
-0.07319492
-0.10402872
-0.00535926
-0.02654095
-0.02670162
0.04214248
-0.00366449
0.01890490
-0.25213760
0.05176254
0.02598070
-0.22484197
-0.06338385
-0.13571951
-0.26408827
-0.28996328
-0.20636612
0.04716533
-0.05430175
-0.09169321
-0.01935386
-0.07784633
0.03673882
0.01803982
-0.17665152
-0.07510633
0.02594945
-0.24781035
0.04298098
-0.12441245
-0.08479803
-0.21265727
-0.16125725
-0.09060328
-0.10964932
-0.10548282
0.06791133
-0.31226555
-0.11855527
-0.05673581
-0.14718015
-0.02461839
-0.11540110
0.32422340
0.02572462
-0.08065650
0.11611671
-0.08067346
-0.06653900
0.02457196
0.16193460
0.04063808
-0.00984243
-0.15031898
-0.03140178
-0.09044498
0.15183723
0.16228674
-0.02872126
0.05266637
0.09613857
-0.14498720
-0.04942014
-0.06959615
-0.07018369
0.10097010
0.01920314
-0.15453601
-0.07072531
-0.15540703
-0.07591201
-0.04309685
0.01169461
-0.13974100
-0.00167877
-0.16053207
-0.08983562
-0.03535786
0.06160635
-0.23672584
0.14138708
-0.09579263
-0.01258936
-0.05117335
-0.00472800
0.03833769
0.06860001
-0.01348206
-0.21527219
-0.00210288
-0.00038967
-0.24433988
0.04338555
-0.06636105
-0.13376448
0.00399682
-0.07892383
-0.17974146
-0.14088176
-0.18694755
0.00757980
-0.13052958
0.03438872
0.03538328
-0.19912808
-0.03819268
0.03417790
-0.35033211
0.03129280
-0.11802433
-0.08003045
-0.01020596
-0.33227846
-0.32138616
0.04051036
-0.20187902
0.01507056
-0.29423901
-0.07156258
-0.08937443
-0.20589639
-0.06147553
-0.06737207
0.30286613
-0.03420666
0.01523051
-0.07370909
0.00443376
-0.10955192
-0.07047167
0.08298507
-0.03737213
0.05245689
-0.14289419
0.10978371
-0.09427582
-0.13120382
0.11380625
-0.12837002
0.00576828
0.36211720
0.16935897
-0.20192377
-0.01061134
0.10685565
0.14046316
0.11305147
-0.20571458
-0.00008273
-0.21359445
0.03546740
0.02550945
-0.44025266
-0.02375004
0.02944969
-0.44541317
0.05237715
0.01932777
0.12250360
0.04031574
0.00036712
-0.24074824
-0.15122840
-0.15478057
-0.04188678
-0.23154308
0.05588922
-0.04451162
-0.17550962
-0.10426477
-0.01484879
-0.21987720
-0.00221128
-0.21888934
-0.14690042
-0.10754084
-0.37090197
-0.16249077
-0.06182357
-0.10870660
0.04533237
-0.09380434
0.01354477
0.00220678
-0.00576326
-0.17956153
-0.00133172
0.01068874
-0.05392800
-0.05576061
-0.28711843
-0.10209992
-0.20359567
-0.26011401
0.17098439
-0.04485072
-0.01325722
0.00636715
-0.02041707
-0.01157987
-0.02519055
-0.10608885
-0.05850458
0.12785773
0.03528930
0.19959788
0.17403965
-0.04760451
0.13950032
-0.12674209
0.10228623
0.04857325
-0.02157519
-0.07596117
0.11483368
0.02469205
-0.02056393
-0.02436443
-0.10390405
-0.03664685
0.19788717
0.15979657
0.24887317
0.28782731
-0.13642158
0.20656870
-0.00717400
-0.22409859
0.00835170
0.00077643
0.00817838
0.01732459
-0.25091973
-0.13566701
0.02285856
-0.21345475
0.03537204
-0.29510394
-0.20481771
-0.02815074
-0.42489967
-0.26449436
-0.07422315
-0.04990001
0.12866895
0.06936331
-0.03034803
0.02150845
-0.04482950
-0.14580503
-0.10098422
0.15594028
-0.08988982
-0.08241715
-0.29662770
-0.17485029
-0.16874224
-0.05661515
0.33875948
-0.13319723
-0.02981446
-0.13446054
-0.07663457
-0.04857392
-0.11057398
-0.05523874
-0.16678643
0.39025974
0.03117363
0.10807689
-0.23023570
0.08442388
0.13328744
-0.21318164
0.01594839
-0.01270125
0.02109765
-0.07237665
-0.02111714
-0.12841599
-0.02736292
0.07180241
-0.07766800
-0.17310321
0.27534959
-0.06892431
-0.01393616
0.02823357
-0.05224536
-0.06141719
0.00159763
-0.20563179
-0.08592946
-0.05403434
0.01951062
0.01450926
-0.06229364
-0.20832092
0.08014306
-0.32877991
-0.16494872
-0.17102784
-0.05814008
-0.00864627
-0.15955585
-0.06588700
-0.15948236
-0.15160820
-0.06022858
-0.21691851
-0.10940001
-0.05474176
-0.07692298
-0.14321224
-0.01538993
-0.01327820
-0.17410237
-0.13444038
-0.25444844
-0.20625192
-0.17728695
-0.13006301
-0.08240237
-0.00788113
-0.04844667
-0.01669552
-0.09271743
-0.05299455
0.15388969
-0.04053369
-0.06060788
0.00842847
-0.08032053
0.17545116
-0.14494056
0.02940149
0.20425798
0.18208124
0.00435532
-0.12731181
-0.05756383
-0.11608797
0.03527563
-0.01740516
-0.22656241
-0.08559258
-0.13206275
-0.25972879
0.14073414
0.08273122
0.47746649
0.29233265
-0.06772529
-0.19905353
0.00687183
-0.13922241
0.01277262
0.02645179
-0.00785443
-0.01667391
-0.14864729
-0.25945985
-0.05128440
-0.42772523
-0.04656571
-0.20839676
0.08698026
0.13273713
-0.16224135
-0.26306838
-0.04270331
-0.11916748
0.05539317
0.15765870
-0.02316570
0.05685961
-0.12747070
-0.09834578
0.03669568
-0.23621938
-0.26394647
-0.25963685
-0.11194954
-0.10990351
-0.29944444
-0.21291777
0.07263153
-0.01802957
-0.02752985
0.07596612
-0.05617820
0.01414149
-0.16126963
0.01978569
-0.01314716
0.03595567
-0.13516492
-0.08214696
-0.13920304
-0.13367933
-0.17371589
0.00254289
-0.08828852
0.05708138
0.00875335
0.02725867
-0.00242920
-0.05049258
0.06378827
0.08256277
-0.10780670
-0.04732521
0.13953887
0.06341902
-0.23695371
0.09352560
0.09519555
0.01755276
-0.10197446
-0.01200156
-0.04833561
-0.02644484
0.05530085
-0.06130047
-0.07132486
0.05926283
-0.00290283
-0.28283671
0.18326744
-0.04894718
-0.19464664
0.07917362
-0.05585515
-0.22773424
-0.08151775
-0.09417795
-0.13182338
-0.19033839
0.04793831
0.00118243
-0.26332477
0.02226232
0.01535342
-0.32941481
0.16818027
-0.00885618
0.14945236
0.13220739
-0.21837223
-0.17178366
-0.13734195
-0.19290426
-0.00305507
-0.13598458
0.00576249
0.01350137
-0.33885503
0.04578175
-0.03093020
-0.11959795
0.11536991
0.14580442
0.04256558
0.13478343
-0.04258736
-0.25305468
0.17958580
-0.01630913
0.17193787
-0.12960508
0.03367216
-0.10304650
-0.14527093
-0.01015662
-0.09372217
0.40978155
0.15011507
0.13751118
-0.04867311
0.20145299
0.18322445
0.06324782
0.40337384
-0.04156116
-0.08676703
-0.14296672
0.03165682
-0.06812771
-0.08724493
0.07790028
-0.12877175
-0.30122545
0.14616778
0.05011192
0.10367869
0.08333804
0.07513861
0.02467752
-0.07189415
0.01294504
-0.00189963
0.15845166
0.05489581
0.00076415
-0.10680875
-0.00049941
0.00588684
-0.36303195
0.10306658
-0.08160583
-0.02036222
0.07395928
-0.18823479
-0.18787183
-0.02868709
-0.03558384
-0.10039404
-0.01350697
-0.03679684
-0.01726265
-0.19537270
-0.09883478
0.10621288
-0.45374078
-0.18811689
-0.28239235
-0.23498435
-0.20551641
-0.20823987
-0.24266471
-0.20171067
-0.00454658
-0.07712752
-0.01996916
0.00259670
-0.03142931
-0.14460492
-0.11593197
0.09044102
-0.18889859
-0.01720232
-0.24333385
-0.01984772
-0.10300149
-0.28056273
-0.20342141
-0.23952579
-0.07865630
0.00808061
-0.15072669
-0.00462122
-0.01940895
0.05567248
-0.06341900
-0.01669920
0.28161591
0.18913569
0.11724629
0.26912218
0.10575417
0.11251948
-0.02813190
-0.03582405
-0.14529362
-0.04032258
-0.19308288
0.03824489
0.01006923
-0.29702547
-0.11630557
0.00710207
-0.15142292
-0.02323013
-0.02807712
-0.12672088
0.01867736
-0.23044978
-0.27366602
-0.09262624
-0.11029977
0.03650843
-0.20395933
-0.00503024
-0.05081404
-0.27041256
-0.17896257
-0.01806008
-0.22878090
-0.09485034
-0.02796375
-0.11387523
-0.02176616
-0.15296835
-0.22933224
0.03807674
-0.22025698
-0.01681211
0.01953933
0.05558202
0.02518701
-0.27087721
-0.23368962
0.06738138
-0.44347173
-0.18252677
-0.22707464
-0.11860464
-0.17824198
-0.26516357
-0.41436625
-0.19537252
-0.25512338
-0.04546377
0.10959606
0.02786039
0.09050825
-0.27399927
-0.34454167
0.17265715
-0.77484328
-0.32454786
-0.13402794
0.36309895
-0.26135483
-0.27295384
-0.42144978
-0.24948663
-0.24815121
-0.10763108
0.00277663
0.06643005
0.12881832
-0.34734434
-0.27575320
0.09993973
-0.71339828
-0.15116110
-0.07442286
0.15505077
-0.02887711
-0.15360832
-0.20821978
-0.22957598
-0.09125932
0.03900945
-0.00840873
0.02714150
-0.04882899
-0.15609612
-0.08551934
-0.06078626
-0.01740726
-0.04503710
-0.09806564
-0.18997397
-0.03794459
-0.13625576
-0.34422028
0.00372195
-0.12035143
-0.04856039
-0.14942262
-0.03297427
-0.05278888
-0.17289348
-0.08155135
-0.08395457
-0.09519742
-0.05706673
-0.10140484
-0.26494816
-0.00166728
-0.14597455
-0.17972943
-0.01090451
-0.10708507
0.11362056
0.00461593
-0.01978800
-0.00690177
-0.09425261
-0.05923886
0.03571859
0.06822174
-0.06997147
-0.13407421
-0.19658853
-0.05965256
-0.20237447
-0.21983069
-0.01535761
-0.08103154
0.22254109
0.20824853
-0.03865220
-0.01151894
0.08542792
-0.20198780
0.00616961
0.12707663
-0.21100876
-0.18398188
-0.14083019
-0.11580359
-0.26143664
-0.32498303
0.38172606
-0.00584950
0.03313773
0.32391137
-0.01417212
0.13286750
-0.04367708
-0.02908481
0.07295176
-0.26629150
-0.32442641
-0.13117540
-0.53698707
-0.26304188
-0.24347389
-0.38508180
0.03656911
0.01122675
0.05743328
0.03831865
-0.00209446
-0.01927288
-0.23034193
-0.04611438
-0.03531293
-0.06650782
-0.12394299
-0.01063701
-0.10893521
-0.03714963
-0.19943990
-0.05044040
0.13026585
-0.02516451
0.05345416
-0.00020240
-0.10587663
-0.00899325
0.01798687
0.09586145
-0.18369503
0.28659743
-0.08236790
0.02557581
0.19904847
0.01415293
-0.07622724
-0.07681355
0.25577849
0.27298027
0.07331541
0.23790404
-0.18236944
0.07014461
0.11566936
0.27032152
-0.25717235
0.23556533
0.03799576
0.12437498
0.17874648
0.05694205
0.06042524
0.20624276
0.18879117
0.16558808
0.01032727
0.31220135
-0.22537220
0.07653087
0.07062145
0.13951878
-0.20821102
0.12027307
-0.16991945
0.17196238
0.47028702
0.00367906
0.26877907
0.15640824
0.09875944
0.23993188
0.09863076
0.21240775
-0.12007899
0.03852563
0.36915773
0.32266775
-0.18443789
-0.04087868
0.09209096
0.03228723
0.09387767
0.06177381
0.06309621
0.23369347
0.15832348
-0.08210357
0.18209364
0.16249388
0.01370392
0.09613051
-0.15621351
-0.12848569
-0.03295702
0.08176145
0.01539758
-0.03180499
-0.00897678
0.09973513
-0.11215319
-0.05882950
0.23757510
-0.12173964
0.02542227
0.20216587
-0.00936682
0.07845915
-0.05642219
-0.10042826
0.04066847
-0.21415475
-0.12376324
-0.22127411
0.09489865
-0.01956046
-0.27269492
-0.31128305
0.02141503
-0.10892428
-0.00529058
0.03002835
0.00820352
0.02257578
-0.09904447
-0.17569162
0.04516745
-0.42311329
-0.19140607
-0.19189948
0.05544060
-0.11353874
-0.23689830
-0.27871662
-0.03463045
-0.11657389
0.03059732
0.18016727
-0.00435018
0.07399589
-0.18781663
-0.13214308
0.09622106
-0.48843303
-0.13602567
-0.16706739
0.26072147
0.02624331
-0.27014750
-0.32928762
0.11088552
-0.18845470
-0.00878990
0.18891928
0.03685289
0.13164586
-0.34429973
-0.21078989
0.08760441
-0.52574188
-0.18465790
-0.06353609
0.45121583
0.11167851
-0.18206085
-0.16627340
-0.06843249
0.11420538
0.04234457
0.35962364
-0.10343032
0.03596371
0.24266751
0.06873636
-0.16887474
0.20931529
-0.17082335
-0.01545609
-0.07393346
-0.08282605
0.05408052
0.24572010
0.10321727
0.20031224
0.06242103
0.40348306
-0.14173552
0.07810924
0.30580693
0.26771584
-0.07974724
0.16608103
-0.09592125
-0.06675428
-0.18844396
-0.13307221
-0.02683751
0.27648374
0.05983754
-0.10570526
0.01695484
-0.09497964
-0.10585655
0.02133424
0.01456687
-0.15509541
-0.01117699
-0.00398614
-0.17029032
-0.03751069
-0.12767959
-0.07144873
-0.03937817
-0.05983923
0.00779081
0.01965668
0.01348376
0.09858040
-0.02545248
0.00624493
0.00049675
0.07706143
-0.07221344
0.11979580
-0.12695304
0.02033153
-0.13050821
-0.11367695
0.11685985
-0.02247723
0.13828735
0.09960934
0.04327635
0.22886473
-0.09887083
-0.06761222
0.22919893
0.16867185
-0.04460385
0.16638441
-0.19678172
-0.16557334
-0.31192982
-0.11299811
-0.09106314
0.19153982
0.07933320
-0.16802071
-0.02618193
-0.18424888
0.05008402
-0.05296757
-0.27213338
-0.20916589
-0.03482586
-0.37907568
0.07590222
-0.05741998
0.06336814
0.07603496
0.06822802
0.05151843
-0.11468339
0.01897421
-0.07494252
-0.14744134
-0.01330329
0.02658376
-0.07539513
0.12066843
-0.13209693
-0.12616941
0.11150791
0.24659659
0.06827471
0.05629713
0.04874546
0.25151566
-0.15636569
-0.05802060
-0.01695286
-0.10013674
0.02435719
0.00339453
-0.17211837
0.12384831
-0.05092615
-0.44885063
-0.03134960
-0.03230277
-0.23159236
-0.02440323
-0.07798672
0.00711537
-0.10685480
-0.05397325
0.01083557
0.03281590
-0.00298942
0.01465404
-0.13321972
0.09806521
0.04073730
-0.01006784
-0.09953626
-0.13848579
-0.02192849
-0.08843019
-0.08083265
0.03603631
0.00148421
0.04805380
0.02032508
-0.06641239
-0.11641015
-0.01280455
0.01396200
0.08765434
-0.03419086
0.27102131
-0.03317517
0.03343637
0.24014059
-0.08678616
0.06877021
0.00251958
0.00265114
-0.04942611
-0.07268032
-0.16497214
-0.06261172
-0.01339244
-0.23887552
0.01866040
0.01719537
-0.58124644
0.07624409
0.02784915
-0.12022593
-0.05725141
-0.00098384
-0.22961433
-0.11514553
-0.18185024
-0.01398792
-0.11646426
0.06783890
-0.00401955
-0.20713066
-0.21411374
-0.06047433
-0.36055815
0.02546084
0.12382291
0.15311728
0.08838343
-0.06052011
0.02295302
-0.17027348
-0.01404679
-0.07835426
-0.06280618
-0.03839336
-0.01796099
-0.02695712
-0.08650559
-0.03463234
-0.09542736
0.00314327
-0.12110949
0.00495512
-0.11989640
-0.21146612
0.12750465
-0.16081560
0.01888409
-0.04836661
-0.11972036
-0.08202353
0.02946552
-0.05522796
0.08616384
0.03697702
0.04229932
-0.03742262
0.06828253
0.04173481
-0.04551166
0.18456590
0.06240189
-0.16395271
-0.09625621
-0.09271760
-0.17883410
0.05183493
-0.06004524
-0.35697424
0.11653607
0.00767092
-0.31572437
0.19039285
0.11726086
-0.00673400
0.10782119
0.05631481
-0.10798479
-0.11766062
0.16009802
-0.02290107
-0.10974444
0.04324162
-0.01605534
-0.12103444
0.17445204
-0.02473606
-0.45284763
-0.04355732
-0.14822447
-0.15888086
-0.06045149
-0.07227767
-0.04377642
-0.17683865
-0.19546039
-0.03391542
-0.10267042
-0.00361410
0.08678245
-0.32602543
-0.16866067
0.10186617
-0.38208783
-0.10170297
-0.11831581
0.12611678
-0.06403548
-0.28859019
-0.35561621
-0.10205407
-0.20837674
-0.09438909
-0.12617347
0.01226988
-0.02119894
-0.26104876
-0.27809674
0.03390627
-0.14527941
-0.18078688
-0.17800288
0.49914312
0.03826676
-0.21531561
-0.18908465
-0.19106898
-0.09331936
-0.04787043
-0.12236065
0.08810046
0.04023429
-0.13522585
-0.07627875
0.06554824
-0.48754078
-0.05269170
-0.10389561
0.26962405
0.09643077
-0.16731568
-0.14050892
-0.16823116
-0.12881738
0.04084818
0.01992062
0.06133044
0.00448514
-0.27379680
-0.09968293
0.03496757
-0.04125856
-0.07328109
-0.24302138
-0.12760046
-0.08361989
-0.29812664
-0.29576191
0.07221065
-0.01164014
-0.00719632
0.01371305
-0.10623369
-0.01347144
0.02248442
0.06642111
-0.07784103
0.01628586
-0.05821746
-0.03496498
0.03946688
-0.03734716
-0.01517820
0.00877368
0.03396439
0.10832553
-0.08199838
0.07589120
-0.14306171
0.07976011
0.10895632
0.04275813
-0.10791564
-0.28715894
-0.02781198
-0.08566006
0.07950264
-0.07842100
-0.17230630
0.02024122
-0.14367439
-0.01380607
-0.07043000
-0.00166350
-0.06171907
0.00409679
-0.03780794
0.13432282
-0.06228137
-0.29677963
0.01604279
-0.03393781
-0.31497005
0.05134423
-0.15088502
-0.01910703
-0.05822890
-0.00478464
0.02690458
0.14744309
-0.03178676
0.00053889
-0.16218561
0.07405209
0.02514754
0.02530357
-0.13114749
-0.09442838
-0.35033906
-0.13917243
-0.24519405
-0.02350526
0.13126169
-0.15566425
0.02897551
0.06682775
0.03665150
0.03113743
-0.30496898
0.07755464
0.02184219
0.00154615
0.08530895
-0.07877248
-0.30632275
-0.04091804
-0.12634882
-0.29750696
0.07837407
-0.10453250
-0.00924681
0.05466061
-0.06933335
-0.00946898
0.04482658
-0.10118248
-0.15163307
-0.20879658
-0.05777336
0.00347192
-0.00336564
0.10113001
-0.05934082
-0.00034397
-0.00968976
0.03755319
0.02699020
-0.03506940
-0.06361978
-0.04554153
0.02966010
0.03738627
-0.15898147
0.07698597
0.15832992
-0.00779531
-0.28015259
0.01336005
-0.14439625
-0.04414815
0.06070630
-0.17699759
-0.05690935
-0.09949548
-0.04991975
-0.02852824
-0.07768223
-0.06365531
-0.11397626
0.14804853
0.15651987
0.03763719
-0.19686256
0.01997256
0.06515367
-0.14622760
0.01914912
-0.13274612
0.01765163
-0.09227091
0.01161056
-0.06670749
-0.18011676
0.17085162
-0.05433353
0.11746642
0.23499219
0.16458531
-0.03580155
0.21398082
0.01847981
0.05586073
-0.00251974
-0.01655351
-0.02969254
0.02656425
-0.02206880
-0.04543634
-0.05249298
0.06431393
-0.06105450
0.06050447
0.22618107
-0.00891155
-0.01696329
0.11251164
-0.12267164
-0.15642008
-0.04375072
-0.04732252
0.09905327
-0.13892606
-0.16029984
-0.03346250
0.11157072
-0.20037766
-0.20648263
0.57776809
0.02834396
-0.00852357
-0.34522784
0.02204847
0.12165972
-0.05556289
0.23634596
-0.20507932
0.04019447
-0.46894765
-0.02727642
-0.11054027
-0.15067025
-0.12233779
-0.13212065
0.24175481
0.24483898
0.16960831
-0.28428623
0.11672547
0.16233459
-0.34919474
0.13842405
-0.09609905
-0.03103653
-0.24725860
-0.01398640
-0.04600019
-0.16170779
-0.02274458
-0.12384795
0.07293463
0.26968151
0.05898595
0.07747100
0.32571080
-0.01213713
-0.25526464
-0.02472642
0.02343716
0.04051183
0.04116700
0.08932168
0.01794841
-0.09908540
-0.00852008
-0.09862994
-0.04885709
0.23059972
-0.02037951
0.00064297
0.29388350
-0.20605488
-0.14181927
0.04908074
-0.02914177
-0.01419070
0.07005416
0.01396193
-0.01735199
-0.12588938
-0.06963417
-0.08829942
-0.04879941
-0.08162114
-0.09298686
-0.19341770
-0.05445017
-0.05578243
-0.12892714
0.03140854
-0.08439730
-0.05266629
-0.33719400
-0.13118668
-0.16182347
-0.19127417
0.02689297
-0.21502522
0.08738247
-0.12442686
-0.03242071
-0.31722414
-0.08223883
0.10291133
0.22113737
-0.16210504
0.04533616
-0.02725640
-0.21523422
-0.03624975
-0.02184150
0.08966392
-0.19820862
-0.11442661
-0.27859974
-0.30256417
-0.28360420
-0.25168359
-0.20389447
-0.14612772
0.06754998
-0.13419770
0.08979667
-0.01218928
0.26178101
-0.12812497
0.03591816
0.35815188
-0.22172193
-0.12973952
-0.12817684
-0.27612218
-0.09964763
-0.28031099
-0.25563115
-0.15372804
0.03865897
-0.00646079
0.12641929
0.02971732
0.29327741
-0.08611684
-0.01789295
0.21947293
-0.10744576
-0.11002504
0.24962290
-0.26468730
-0.17660415
-0.13154410
-0.13990881
-0.10140392
0.11007963
0.08350488
0.22146617
0.02789645
0.40993488
-0.15728088
0.02198853
0.18246643
0.21110702
-0.08324150
0.09986123
-0.07761397
-0.04680169
-0.04008481
0.01534297
0.07872345
0.11323053
0.03903032
0.04419889
0.00986091
0.03529108
-0.14397867
-0.08943141
0.01184925
-0.09254787
-0.20391475
-0.28846279
-0.13724041
0.06694257
0.10700360
0.05386228
0.19152181
-0.06252411
-0.01905447
-0.00609836
0.00355353
0.29887259
-0.31073061
-0.01018651
0.22985710
-0.05541373
-0.20653576
-0.18510027
-0.48285523
-0.02079260
0.17878196
-0.12341583
0.15136763
0.15307702
0.00238818
0.08400863
0.00052758
0.23121357
-0.19187628
0.01539217
0.25471678
0.01300755
-0.13652405
-0.16129467
-0.23406836
0.00353117
-0.04465627
-0.11114314
-0.00352338
0.30761045
-0.07905804
-0.22443029
-0.04742291
-0.11856689
-0.06495839
-0.04492564
-0.16870686
-0.07049432
-0.18243766
-0.19451509
-0.07216196
-0.12975363
-0.00785622
-0.08080310
-0.01712435
0.02173650
-0.16508998
-0.01670898
-0.08474097
-0.16379593
-0.02635662
-0.05980021
0.05577390
-0.03393071
-0.11960697
-0.20520042
0.08978016
-0.00075852
-0.23601019
-0.04130886
-0.05966053
0.19252925
-0.15006976
-0.08186555
-0.03417189
0.05791961
-0.14726816
-0.05090418
-0.17698114
-0.20673294
-0.13048646
0.03556328
-0.04682929
-0.17638023
-0.21863338
-0.11882532
-0.31629422
-0.07527752
0.12938997
0.01146806
-0.05684019
0.03393359
-0.05905650
0.05130679
0.01533357
0.08267797
-0.08095301
0.15307362
-0.13463096
-0.10821277
-0.14626193
-0.08286049
-0.26276305
0.09901173
-0.04363872
0.08876504
0.06859501
-0.06133730
-0.03268236
-0.09315600
0.22027992
-0.02281561
-0.11012264
-0.10839464
-0.24087726
0.02554622
0.02161471
-0.17172964
0.02987030
-0.16496563
0.06700254
-0.06603778
-0.04525945
-0.08996053
-0.09200928
-0.02527477
-0.23195440
-0.13672183
-0.03653801
-0.06341115
-0.15756579
0.09926154
-0.01419639
-0.02003555
0.02530818
-0.15312737
-0.09553951
-0.18147044
-0.04261316
-0.13818754
-0.01651134
-0.04022631
-0.19110461
-0.22069244
-0.08153144
-0.33914647
-0.00289432
0.01864816
0.05454045
0.03130902
0.02354971
-0.24687399
-0.12135231
-0.09054008
0.06721161
-0.30389100
-0.16557518
0.01078023
-0.14651242
-0.32293206
-0.11470130
0.21532670
-0.23771282
-0.19746894
-0.39773273
-0.13872251
-0.04588825
-0.13442919
0.14094144
-0.05008334
0.02865667
-0.05482519
-0.13108373
0.03046196
0.00494129
-0.12492557
-0.18136360
-0.06965465
0.02599486
-0.09904889
-0.00219093
-0.13302812
-0.00928855
-0.00140682
-0.03577403
0.08039495
-0.01057264
0.07295746
-0.02589567
-0.00341986
0.05349619
0.06566906
-0.03769808
-0.10057622
-0.06344257
0.03129638
0.02071345
-0.02369873
0.11403149
0.07466433
0.01258725
0.07806604
0.03800295
0.13258561
0.00702588
-0.00399984
0.15596840
0.07312677
-0.03765722
-0.01912052
0.04722542
-0.02721986
-0.04222244
0.10549825
-0.02111874
0.08477408
0.05432615
0.00920644
0.10555565
0.19727939
-0.01554601
0.08857035
0.18314330
0.04261425
-0.05677911
-0.08824015
-0.03134646
0.03444543
0.01974063
-0.05371580
-0.11424462
0.03619896
0.01971207
-0.12339198
0.03829941
-0.09796442
-0.08945435
-0.08863543
-0.03186509
-0.05275290
-0.16532946
0.17188509
-0.02577603
0.49905771
0.07796740
0.14239998
0.37053224
0.03846336
-0.02582527
-0.23960352
0.00710894
-0.13692971
0.05196168
-0.01106218
-0.13709262
-0.22519033
-0.18109626
-0.10930005
-0.06079812
0.28364921
0.05531814
0.23162226
0.20029432
-0.20849501
-0.03399162
-0.16325639
-0.02887510
-0.12487644
0.11106525
-0.01217278
-0.14027688
-0.10205754
-0.05317914
-0.17936070
0.06494410
0.04549263
-0.05619353
0.21084388
0.01464520
-0.03430933
-0.04716615
-0.15850669
0.00648886
-0.12006319
0.00958015
0.01405329
0.02522578
-0.07855484
-0.00021546
-0.00938439
0.07629683
-0.01962592
0.08016735
0.17639302
0.01749950
-0.11875155
-0.04267101
-0.06095075
-0.01795129
-0.03368334
0.04574339
0.01726874
-0.17146692
-0.06261172
0.00706676
-0.17566606
0.10351248
-0.07615662
0.05182954
-0.04240429
-0.13990848
-0.15487926
-0.03580096
0.08709316
-0.00821058
0.11663555
-0.01885986
0.13614182
-0.05854651
0.13755430
-0.04685318
-0.36859956
0.10226370
-0.28320411
0.56463408
0.26334253
-0.22725043
-0.10044558
-0.04825795
-0.14168215
-0.02276267
0.13991962
0.00681526
0.04698848
-0.21851911
-0.29876542
0.01937139
-0.36477163
-0.28678554
-0.23527198
0.20500097
-0.01004675
-0.21422312
-0.24265839
-0.13625126
-0.04673870
-0.09896510
-0.08925185
0.03683507
-0.07624999
-0.17907448
-0.09273647
0.02467561
-0.31023923
-0.09255382
-0.10603455
-0.05971917
-0.02539575
-0.21550754
-0.15077610
-0.15538822
-0.16523579
-0.03249868
-0.10277899
0.03005729
-0.00778576
-0.28672630
-0.15720290
0.05618536
-0.26598987
-0.16163976
-0.07418621
-0.24437368
-0.05460910
-0.09758345
-0.13625430
-0.09756278
-0.06394675
-0.01694197
-0.07232994
-0.03496312
0.01572108
-0.26851597
-0.09535706
0.06035618
-0.15154058
-0.14247815
-0.11137717
-0.28194311
-0.16525120
-0.16579702
-0.14297290
0.00606189
0.00175901
0.01747238
0.02902195
-0.11867104
-0.02411153
0.11412617
-0.05001773
-0.01382238
0.13393223
-0.27375349
-0.09978642
-0.30250457
-0.35217893
0.03465884
0.10756458
0.02896380
0.05787080
-0.06518102
-0.07656983
-0.03634084
-0.01488198
0.07635830
0.11884543
-0.06952921
-0.19759683
-0.21103124
-0.11963946
-0.16278984
-0.15610114
-0.11013664
-0.01381123
-0.14626963
0.04268032
-0.13218729
0.07075977
-0.04189616
0.01626073
-0.11114433
0.03349072
-0.01305043
-0.34497610
-0.18814780
-0.11279796
-0.14750808
-0.15903705
-0.15190051
-0.09209619
-0.22309506
-0.12620497
-0.10689496
-0.19017535
0.01842228
-0.09750291
-0.24506222
-0.16733803
0.00526928
-0.14602701
-0.21343690
-0.21747446
-0.15250246
-0.11884192
-0.17077319
-0.12528016
-0.18213102
-0.04919429
-0.10069629
-0.23529133
-0.07140882
-0.03248647
-0.18306309
-0.14344029
-0.01375296
-0.01347434
-0.21814333
-0.14749616
-0.17793627
-0.15312557
-0.15856427
-0.14085598
-0.15305857
-0.06924187
-0.05668860
0.03182122
-0.05906691
0.00377186
0.00102052
-0.02217279
-0.11559559
-0.09299365
0.06518004
0.07414730
0.04557970
0.06624191
0.01111424
-0.08404281
0.00527286
-0.02148682
-0.03834983
-0.08324719
-0.06197468
0.00006073
-0.13699763
-0.02752400
-0.10973032
-0.10315962
0.05615771
0.04064398
-0.06667539
0.01701999
-0.02435650
-0.10182931
-0.06405541
-0.05438237
-0.03707349
-0.12443285
-0.04121205
-0.06481383
-0.12917770
-0.10131010
-0.04596360
-0.08685397
-0.04560788
0.01307341
0.09075046
-0.00119651
-0.03507933
-0.14301658
-0.08835437
-0.03416663
-0.03150718
-0.03684877
0.02454884
0.02408667
-0.08464649
-0.09701365
0.00313577
-0.23137164
-0.05457520
-0.02734170
0.14760529
0.07158335
-0.04599888
-0.06188890
-0.17382461
-0.12898108
-0.10298569
-0.12479240
-0.06763845
-0.04530285
-0.13569385
-0.00626876
-0.08758342
-0.21964873
-0.00399981
-0.07863287
0.11298374
-0.01914267
-0.03773426
-0.00437085
-0.14689466
-0.12124866
-0.01160565
-0.11044511
0.00483947
-0.05132182
-0.15227173
-0.07852267
-0.02092958
-0.12849452
0.00187701
-0.05305212
0.02158208
0.00482765
-0.09113287
-0.15075789
-0.02091635
-0.13349217
-0.00477049
-0.10568924
-0.00600994
-0.05010404
-0.16522996
-0.05629946
-0.00842672
-0.19062488
0.05105312
-0.08754750
-0.18133876
-0.01459836
-0.08541305
-0.22288664
-0.07557517
-0.13573465
0.05447337
-0.03605346
0.04255312
-0.01974275
-0.20212524
-0.14004728
0.03246828
-0.32404706
0.01969226
-0.06531527
-0.14632763
0.00247070
-0.18157111
-0.23310694
0.02337105
-0.03130764
0.09472660
0.04215798
0.04234237
-0.07805133
-0.01570364
-0.04648325
0.04183644
-0.16805460
-0.09322563
-0.16042562
-0.13328603
0.00931569
-0.21002974
-0.09141633
0.25966492
0.00109203
0.00392247
0.21849793
-0.05712906
0.03579538
-0.03817531
0.10202790
-0.03534915
-0.06064070
-0.04532135
-0.10539328
-0.10628974
-0.04909020
-0.09690284
0.02660897
0.11453582
-0.08621421
0.02205758
-0.00018130
-0.03135464
-0.04315779
-0.16616516
-0.06214989
-0.03927494
-0.18228325
-0.09651916
-0.01350909
-0.22661516
-0.01893570
-0.12723371
-0.15040615
-0.00546056
-0.13361473
0.08962353
-0.13293420
-0.02989828
-0.01704766
-0.12325058
-0.10103596
-0.07232856
0.06727696
0.01014458
-0.03550053
-0.25942597
-0.00504671
-0.14852184
-0.23568328
0.20905006
-0.02234308
0.03550052
-0.04872758
-0.04390977
-0.03328893
0.00219492
-0.17840880
-0.06276019
0.01208398
-0.08226208
0.01376995
-0.22446018
-0.06706367
0.00294157
-0.08959938
0.11120395
0.06285333
-0.04822714
0.01173912
-0.07808168
-0.02812271
0.03826695
-0.03493368
-0.11134394
0.11100582
-0.06871701
0.11976565
0.37105617
0.06190889
0.21038440
0.07329356
-0.06200333
0.09859842
-0.10066117
0.00302508
-0.05082229
0.02941933
0.08046576
0.08420646
-0.03819229
-0.16508955
0.11838343
0.14424011
0.15981358
0.09610015
0.10037861
0.08672861
-0.10164901
0.03481404
0.00202264
-0.03794970
-0.08890549
-0.09159794
0.02213043
-0.02363313
-0.11702872
0.16858032
-0.04332077
-0.05859819
-0.36918536
0.00036215
0.03818022
-0.10801193
0.07345430
-0.01214089
0.01316766
-0.10830790
-0.07261027
-0.02548872
-0.02172844
-0.11429373
-0.07689530
0.22216240
-0.05130458
-0.06801536
-0.15702401
-0.01255158
-0.01262545
-0.01744705
-0.07617675
-0.03575006
-0.06525524
-0.12242454
-0.07972755
-0.02948684
-0.06065360
-0.15254880
-0.07513566
-0.37600285
-0.13677739
-0.05689019
0.18505087
-0.03015229
0.07557402
-0.02185032
-0.20778996
-0.03501768
0.03682394
-0.09359611
-0.00512453
0.00590514
-0.10921784
0.05153055
-0.02895621
-0.10308851
0.14650598
0.16495374
0.15459624
0.12239060
0.01911766
0.02667996
0.05395992
-0.12462510
0.05949287
-0.05937673
0.04250884
0.00776855
-0.19536130
-0.22171053
-0.01312111
0.12811522
-0.12578201
-0.00512429
-0.15949383
0.08697147
-0.13444063
-0.18863177
0.03518237
-0.05375069
-0.05409935
-0.10058006
-0.02593331
-0.04987117
-0.09850829
-0.08096029
-0.14989817
-0.04945468
-0.03390114
0.07377145
-0.24434948
-0.09835907
0.08845518
0.00480681
-0.02675297
-0.03585360
-0.03498459
-0.01716368
-0.11747076
0.02389854
0.07983915
-0.06372439
-0.08575790
-0.19981371
-0.03485748
-0.01444903
-0.13336560
0.00097994
-0.10278369
0.11664553
-0.05982914
0.03376436
0.06805159
0.03129495
-0.05946432
0.08739255
0.35384062
-0.15804920
-0.02886088
-0.13801169
-0.27429515
-0.08363003
0.09821053
-0.13996401
-0.11865921
-0.06582425
0.06667866
0.00641425
0.00661247
0.12043517
0.02325249
0.06927702
0.22385809
-0.16907389
0.01223914
0.08794041
-0.02334066
-0.00502953
-0.06220040
-0.00661128
-0.02032274
-0.12136795
0.01496812
-0.12611328
0.02785532
0.06585287
-0.00111434
-0.03278849
0.05392553
-0.13859946
-0.02295893
0.20207994
-0.07390361
-0.00483481
-0.03816029
0.11187251
-0.11872128
-0.29361340
-0.00477075
-0.05146362
0.04375366
0.00925246
-0.06316780
-0.01786713
0.11738554
-0.07149063
-0.06659991
-0.05589018
-0.17586009
0.12225305
0.09902338
-0.01931380
-0.05359740
0.03304470
0.13189968
-0.25651202
-0.03262604
-0.13814254
-0.04639285
-0.03903181
-0.12155536
-0.30194992
-0.10547963
0.09980548
-0.15300730
0.09909445
0.49336475
0.18077125
0.01275711
-0.35581702
-0.06873034
-0.25319496
-0.11725948
-0.57942057
-0.19645539
-0.15136044
-0.28221112
-0.40157026
-0.06738439
-0.36966810
-0.44852787
-0.14645243
-0.27799872
-0.21123460
0.08982927
0.10454179
-0.23660199
-0.13100120
-0.14295515
-0.59284747
-0.12534347
-0.07691575
-0.19097896
-0.20551254
-0.12432700
-0.53875530
-0.07997693
-0.00779805
-0.37324515
-0.22418223
0.16743816
-0.09581637
-0.36067584
-0.10293958
-0.11032225
-0.29847407
-0.00015093
-0.05380643
-0.08840512
-0.14472073
-0.07040394
-0.59363717
-0.06417953
0.23713581
0.63045770
0.18017898
-0.00767229
0.07670667
-0.33648357
-0.22234164
-0.13811204
-0.27521065
0.02667424
-0.04811951
-0.47576264
-0.13193925
0.04739539
-0.46870893
-0.06719355
0.06317075
-0.03601457
0.11142220
-0.02753163
-0.17699239
-0.19151810
-0.33439457
0.04260231
-0.17867213
-0.04344789
-0.07272200
-0.25797811
-0.32365507
-0.02897962
0.10128554
-0.00541465
-0.16847117
-0.03300042
0.22433057
-0.13269381
-0.36287406
0.18861529
-0.10851204
0.23853849
0.00005338
-0.04011192
0.00780403
0.04524343
0.01070679
-0.06906942
0.54803699
-0.19061975
0.04674571
-0.49315050
-0.06530996
0.17003037
0.13118063
0.35642204
0.27720311
-0.05296259
0.15118852
-0.06375095
0.06081264
0.08302049
0.35425100
-0.11731880
-0.41980407
0.12143160
-0.03211251
-0.24236290
-0.07514333
0.05278503
-0.06542223
-0.14241476
-0.00451309
-0.07009938
-0.20856991
0.07838001
0.00225569
-0.13886277
-0.01887060
-0.01500564
-0.71382689
-0.01882523
-0.11404984
0.16360709
0.01539858
-0.38686231
-0.19934294
-0.15551950
-0.23822440
-0.09602983
-0.21390860
0.08720672
-0.03504063
-0.33090925
-0.14541161
0.06772489
-0.41154006
0.00054912
-0.14545146
-0.23804717
-0.09280130
-0.34082288
-0.31437179
-0.17619593
-0.12856452
0.08212577
-0.21344596
0.00586389
-0.10866824
-0.18258595
-0.22429515
-0.03700249
0.35931715
-0.02899069
-0.23710272
-0.29015037
-0.11214795
-0.17098321
-0.22635159
0.07729965
0.13474771
-0.01076185
0.26390386
-0.09223708
0.07093574
0.06620411
0.15157840
-0.15858105
0.50257403
0.37158987
0.09175418
-0.05617547
0.05563547
0.25432885
0.31717759
0.01915077
0.26908982
-0.09915183
0.16903988
-0.00420061
0.04184950
0.20059909
0.20342530
-0.10411998
-0.46799496
0.41647878
0.08540259
-0.27169904
0.13037589
-0.03150421
0.25066367
-0.23447405
-0.05434468
-0.03966450
-0.06956288
0.03519979
-0.01377518
-0.45056203
-0.05873771
0.13041838
-0.67523432
-0.15641630
-0.21633556
-0.32969597
-0.25032255
-0.48512381
-0.32267541
-0.28145710
-0.21784489
-0.10682974
-0.11858560
0.06009880
-0.05074190
-0.35117048
-0.15539990
0.06593441
-0.17230049
-0.16252489
-0.37211540
-0.19590384
-0.08325069
-0.37150463
-0.36273736
-0.24330172
-0.14840005
0.03397353
-0.13259307
-0.07044994
0.01124354
-0.25331655
-0.27282673
0.09193229
0.10256676
-0.21516590
-0.17350560
0.15677921
-0.23802480
-0.12911513
-0.10586186
0.24584299
-0.01232513
-0.06563624
0.13862310
0.01819638
-0.01353593
0.06279733
0.13774063
-0.16108170
-0.06335703
0.12616330
0.28274015
0.37195808
0.04722129
0.03377779
0.18070051
-0.05081483
-0.02607036
-0.04749539
-0.13338916
0.06764954
-0.10433667
-0.15353416
0.28226602
-0.00287366
-0.29279912
0.49231312
0.11110947
-0.11528322
0.32348856
-0.04599753
-0.02649292
-0.19334522
-0.27886242
-0.07278368
-0.30848923
0.08419289
-0.01597292
-0.53784657
-0.12745300
0.14716975
-0.39453965
0.01520334
-0.16869374
-0.32583538
-0.07632141
-0.43090791
-0.52093589
-0.20776656
-0.08300601
0.02211775
0.14639270
-0.00238324
0.10793547
0.04526884
-0.08845348
-0.02192515
-0.28326529
-0.18355496
-0.19339587
-0.49396482
-0.25010854
-0.32220680
-0.19986318
-0.02837982
-0.12157955
-0.03100745
-0.02379489
-0.14393908
0.18668915
-0.14540067
-0.17695938
0.02327297
-0.03472060
-0.46011621
0.00009540
0.18762551
-0.28621471
-0.01684044
-0.12283580
0.06637011
-0.04005150
0.05162029
-0.08441407
0.10654778
0.07464135
-0.01821030
-0.10901265
-0.12383369
-0.13673201
0.16649355
0.19774546
0.23857106
0.33825675
0.02782191
-0.18718149
0.04634850
-0.08170167
0.11174471
0.00233565
0.13685180
0.00141052
-0.05721380
0.13941115
-0.00848590
-0.21399088
0.36334458
-0.05360064
-0.35273138
0.01905807
-0.20849852
-0.20259203
0.22354157
-0.15836090
0.06647406
0.09396651
0.00145393
0.06999198
-0.10579045
-0.10409708
0.11080135
-0.07283007
-0.08877289
-0.20370157
-0.53270459
-0.19884506
-0.28414294
-0.47550419
0.05783968
0.12468795
-0.08909477
0.25339258
-0.10606904
-0.00994147
0.06925107
0.03849353
-0.16670871
0.12530343
-0.15639453
0.01824980
-0.35665536
-0.14704210
0.03292015
0.26032442
-0.10071962
0.00014774
0.05708881
0.08319018
-0.08643901
-0.04532306
0.12602030
-0.01594319
-0.11796235
-0.00849407
-0.08520677
-0.11245447
-0.33935133
0.01557910
-0.11383796
-0.06032978
0.10163390
0.09329936
-0.01792802
-0.03467499
-0.13856119
-0.09300490
0.17639872
-0.07944674
-0.16918091
0.20982450
0.04134804
-0.07159285
-0.01734637
0.04115709
-0.09416126
-0.02421699
0.13888511
0.11882931
-0.17492971
0.08256503
-0.11094122
-0.03103789
-0.09835038
0.12827399
-0.21749181
0.49001709
0.13963780
0.09308184
-0.05118305
0.07873729
0.30645877
-0.03854135
-0.17949337
-0.03000148
-0.21979982
-0.25181532
0.10066358
-0.06717352
-0.38785407
0.41485780
-0.20369844
-0.11189199
0.57403654
0.15625021
0.01803534
0.23020792
0.11490283
0.11531410
-0.47380888
-0.04929662
-0.08760542
-0.29261357
-0.15076080
-0.06396155
0.08036039
-0.07916643
-0.08763002
-0.04524461
-0.21740250
-0.23674901
0.45415881
-0.23089962
-0.07086872
0.15433221
-0.33460337
0.06948141
-0.02429435
-0.22141314
-0.04400012
-0.08293258
0.29057217
-0.09000413
-0.18798925
-0.10339365
-0.23413414
0.20604214
0.09532464
-0.04213085
0.40439788
-0.08300999
-0.08347850
0.01098309
-0.10830896
-0.10278447
0.03718534
-0.08489034
0.09267535
-0.10616326
-0.11678199
0.10779537
0.05890878
0.13872741
0.34326184
0.00141056
0.27672675
0.07058740
-0.25504518
-0.12935829
-0.05685850
0.01333077
0.26344281
0.03489571
-0.18774234
0.09323390
-0.12845087
-0.25500900
0.51660347
0.25939476
0.33417121
0.67856663
0.13526881
-0.06326044
-0.12064932
-0.15425752
-0.09974818
-0.23523873
0.21116440
-0.02994814
-0.63051099
0.19739689
0.05059844
-0.50602573
0.62907624
-0.12665899
-0.58338624
0.30379376
-0.46745142
-0.08027537
-0.10172921
-0.10011478
-0.08724648
-0.08011828
-0.08412591
0.03290512
-0.00672789
-0.09890786
-0.07133707
-0.16553858
-0.17424868
-0.23931807
-0.17554332
-0.32997438
-0.10802337
0.13853243
-0.32074055
-0.04671561
-0.04427697
-0.06341832
-0.15994258
0.04567550
-0.02418721
0.07534795
0.03150744
-0.59200048
-0.05479193
-0.23371319
0.13030434
0.03684274
-0.21236676
0.03191002
-0.26131067
-0.24497515
0.01734611
0.10657355
0.03619295
0.09655743
-0.24492732
-0.26807258
0.08538570
-0.67099875
-0.19934769
-0.18980923
0.39148641
0.01602213
-0.24135916
-0.28949970
0.03903592
-0.30661362
0.05713251
0.06359695
0.16542415
-0.01360747
-0.27323917
-0.16788381
0.13825618
-0.19466747
0.03844468
-0.17402379
-0.21920840
0.15163371
-0.28540623
-0.30669796
0.20030358
-0.30272114
0.04158645
-0.09494130
0.10658024
-0.04713643
-0.21796151
-0.25728557
0.09173721
-0.01343843
-0.09228699
-0.20074195
-0.35754892
-0.03647937
-0.36511621
-0.36032546
0.07233646
-0.06031896
-0.10021276
-0.05213251
-0.14697365
0.02758893
-0.06042876
-0.02599381
-0.01409972
-0.03455172
-0.24018052
-0.09430667
-0.02502770
-0.21419001
-0.21877886
-0.04703300
-0.13833402
0.09259289
0.03854311
0.00366552
-0.04332894
-0.05017116
0.03648960
0.04267180
-0.05588691
-0.28498045
-0.16889821
-0.35930264
-0.23690225
-0.33293462
-0.35245138
-0.01107778
0.01146501
-0.13559116
0.03904885
-0.06874349
-0.01818922
-0.04058027
-0.13276078
-0.25831518
0.07442525
0.02583212
-0.37381911
-0.13103347
-0.35857302
-0.34605756
-0.27074620
-0.30517012
0.05475324
-0.24191493
-0.02964258
-0.14240533
0.00928704
0.00015463
-0.02559498
-0.20689349
0.03832931
0.15157795
-0.07595294
-0.08806548
-0.54387343
-0.01673913
-0.19293125
-0.28058642
0.13894512
-0.04745752
0.11170630
0.01119554
-0.02972505
0.01707134
0.27356508
0.04547360
0.02745352
0.06791696
-0.12009771
-0.04159901
0.01179005
-0.13847215
-0.04575023
0.04891964
0.14253639
0.06665710
-0.04855910
0.13744472
-0.17541455
0.04981891
0.01221578
0.23986433
-0.19530168
0.02978634
-0.12929808
-0.00095643
-0.18681645
-0.17242599
0.02589332
0.24720536
-0.02193270
-0.05496666
-0.12940355
-0.10103082
-0.21863581
-0.04250179
-0.17307359
0.13944805
-0.04703324
-0.09393372
-0.17094119
-0.13111648
-0.14724402
-0.20587292
0.04344106
0.01377993
-0.11796567
0.05833926
0.00859969
-0.06136538
-0.08633953
-0.07921255
-0.14058951
0.20671192
-0.06277857
-0.06174378
-0.08453391
0.03622194
-0.12891352
-0.06955273
-0.08932133
0.07542673
0.07060248
0.04144283
-0.04662129
-0.03178877
-0.07887922
-0.01167220
0.03820388
0.15025651
-0.04269036
0.19296949
-0.01772497
-0.09435167
0.06498677
-0.21663143
-0.08496968
0.12164307
-0.16866249
0.00313896
-0.10890518
-0.12266897
-0.09728288
-0.02251893
-0.08776081
0.08991610
-0.01914509
-0.10930863
-0.16662350
0.11175255
0.47386512
-0.05386606
0.02863005
0.02533904
-0.28296462
-0.10476716
-0.03610007
-0.08546691
0.06792896
0.04416821
-0.15997536
-0.02893401
-0.06759001
-0.12037817
0.14581180
-0.04849365
0.33588338
0.10089055
-0.02117402
-0.01771345
-0.09097658
-0.09015103
-0.05225570
-0.18357353
-0.05246186
-0.05098855
-0.09585705
-0.08991139
0.00331858
-0.05910986
0.12084009
-0.05985299
0.12051340
0.06746847
-0.03212936
-0.08969289
-0.17920794
-0.20935318
0.02636835
-0.23560525
-0.05140862
-0.03581388
-0.20086831
-0.17816591
-0.06192739
-0.10371095
-0.06785881
-0.05458828
-0.04122120
-0.06316195
-0.06142949
-0.17566270
0.11572830
0.01002210
0.09548283
-0.09506456
-0.06543086
0.00823497
0.12820999
0.02532891
-0.01764587
-0.04107095
0.05510761
-0.11033545
-0.37803903
-0.03996896
-0.13467030
-0.16903624
0.15231256
-0.07408799
0.14417517
0.06350631
-0.06522905
0.03724978
-0.15322210
-0.06814795
-0.02678473
-0.15593508
-0.09006658
-0.00431298
-0.39866430
-0.08146638
-0.24398060
-0.39193934
0.17936124
-0.03389466
-0.04090279
0.03229814
-0.00471685
-0.03442739
-0.14966597
-0.01422113
-0.00134316
-0.10279357
-0.08992787
-0.15411524
-0.00097953
-0.02726156
-0.10998132
-0.08938270
-0.14486545
-0.13037255
-0.06459899
-0.14439979
-0.01302765
-0.00331732
-0.26602790
0.02331160
0.03453500
-0.25584799
0.00112980
-0.07139709
-0.29036692
-0.00942374
-0.17212336
-0.11131682
-0.07883308
-0.05837044
0.05774852
-0.19168161
-0.05371508
-0.07990294
-0.12097984
-0.11440051
-0.00980257
-0.01810973
-0.10772374
-0.12855813
-0.29053837
-0.05843787
-0.16093022
-0.11177738
0.29317167
0.02164253
0.09214482
-0.03399547
-0.07164306
-0.05482922
0.11578268
-0.03641368
-0.17412810
0.23354740
0.05514572
0.02947204
-0.31900176
-0.04807970
0.14267708
-0.13219231
0.30220756
-0.08499289
-0.01414228
0.36448708
-0.12037054
0.01678880
0.18019260
-0.09566006
-0.04997277
-0.07293943
-0.15643495
0.06289067
0.21794194
0.16066402
-0.15755577
-0.32571992
-0.04281193
0.04164071
-0.03452436
0.19324736
-0.05310313
-0.00516349
0.00427515
0.13986465
0.02116870
-0.10787329
0.01499811
-0.00378850
-0.19218709
-0.06350855
-0.03340492
-0.05848653
-0.02547701
-0.09946828
-0.10310338
0.00744247
-0.02325308
0.05480225
-0.31827691
0.07149249
0.01754043
-0.12693252
0.05424432
-0.01353511
-0.12385944
-0.05842815
-0.18166432
-0.07610379
-0.18597531
-0.16698505
-0.12585925
-0.22801350
-0.05595510
-0.10488162
-0.32514831
-0.21111690
-0.09400118
-0.26435146
-0.09943376
-0.10469140
-0.61717939
-0.18359105
-0.02842895
-0.20766684
-0.15516719
-0.07266694
-0.03097521
-0.15541515
-0.18408336
-0.10571069
0.03309368
0.19808841
-0.31312707
0.20150575
-0.02431580
0.39231935
-0.55889869
-0.17007899
0.27090469
0.15919082
-0.15617506
-0.29199475
-0.00854989
0.11045703
-0.16661124
-0.06552407
-0.28577405
-0.01970996
-0.14918490
-0.28398517
0.01868941
0.14148462
0.01360503
0.22615041
-0.00416245
-0.52673525
-0.12192286
0.06555109
-0.06933387
0.11470561
-0.03104137
0.01720863
-0.00154986
0.12785341
-0.07569116
-0.18209441
0.14593363
0.09341624
-0.09184107
-0.08739846
0.04633046
0.05201984
-0.07713218
0.02283767
-0.03325875
0.10988224
0.05889247
0.00200879
-0.27544284
0.10428269
-0.03390323
-0.44202611
0.08437400
-0.03727987
-0.04471489
-0.05020868
-0.18585283
-0.15070829
-0.26940459
-0.12941141
-0.09970918
0.00530364
-0.13518749
-0.06091368
-0.17751169
-0.06544748
-0.14966755
0.10330109
-0.07295493
-0.15688534
-0.34483084
-0.24847974
-0.17672214
-0.05953317
0.02312071
0.28086737
-0.10017710
-0.03212100
-0.30105412
0.03012720
0.15236326
0.23948748
-0.27651560
-0.19826150
0.02631079
0.01137028
-0.36308172
-0.18579683
-0.13163798
0.60763508
-0.25187534
0.04667088
0.00155971
-0.26390561
-0.22640845
-0.00426136
0.03612366
-0.02486033
-0.22502972
0.45799363
-0.04356410
0.15267077
-0.07480441
-0.25214300
-0.06557994
-0.14852789
0.22701424
0.02857445
0.00217798
0.09453969
-0.03922911
0.07570575
-0.07754685
0.00107574
-0.00544712
-0.34335649
0.05416874
0.01645275
0.20234823
0.06283930
-0.11948329
-0.12418418
0.02271383
-0.01234638
-0.01154470
0.08007018
0.08006494
0.02614738
-0.20729429
0.00406424
0.06125728
-0.33194992
0.05496539
-0.09473141
0.14115928
0.07113266
-0.21150161
-0.32255358
-0.11801761
-0.11259329
-0.14449006
-0.11568443
-0.09315626
-0.05760273
-0.04135816
-0.22137727
-0.01379866
0.37419435
-0.16223116
-0.17529170
0.09070437
-0.26839593
-0.18822597
0.06762157
-0.16082530
0.45049250
-0.13327076
0.08293714
-0.33165479
-0.07269791
0.49115232
0.22630163
-0.27154440
-0.23191434
-0.22173291
0.04349827
0.03668469
-0.37604275
0.09663101
0.59749073
-0.43794900
0.01345024
0.06307857
0.10231310
0.00381839
0.04684517
-0.01155411
-0.28505048
-0.15698551
0.02174956
0.07895026
0.14884847
0.15128767
0.11548451
0.07473763
-0.29913843
0.09957233
-0.02384600
-0.07588288
-0.05020833
-0.01110634
0.00452126
-0.10805983
0.00765284
0.01457253
-0.17594598
0.16027683
0.07598802
0.19858718
0.17750987
-0.03104904
-0.07585858
-0.08508788
-0.12908758
-0.04289776
-0.10783619
-0.01002029
0.00141491
-0.14547719
-0.12520881
-0.00925918
-0.03945358
-0.00366603
-0.06618003
0.00409399
0.03134044
-0.11697391
-0.17044541
-0.14251009
-0.07099378
-0.02394729
-0.08855028
-0.04674904
-0.00152066
-0.09244351
-0.21642818
-0.03598677
0.07225969
-0.06635511
-0.23309533
-0.25958407
-0.22577766
-0.18832690
-0.13010548
0.01233644
-0.18160890
-0.02674944
-0.20244741
-0.09804821
-0.08682366
-0.15532908
-0.32472548
-0.05626572
-0.07369740
-0.19614787
-0.09239611
-0.26141083
-0.12682901
-0.03108789
-0.11516184
-0.10237815
-0.01520232
0.00034340
-0.17921035
-0.09815214
-0.09299327
0.15553823
-0.09275240
-0.16295674
-0.16832572
-0.04313930
-0.15129872
-0.08520658
-0.13622203
-0.08094882
0.04626409
0.12121141
-0.00014803
0.02142225
-0.06215877
0.01178192
0.00015491
-0.01480893
-0.06403243
0.05171254
-0.13235813
0.12143797
-0.00316288
-0.04620179
0.02575663
-0.12485043
-0.08948112
-0.04824692
-0.06988765
-0.01642177
-0.05724401
0.00225630
0.02327528
0.04429074
-0.12273801
-0.02146935
0.24830449
-0.06265000
-0.05817239
-0.33088282
-0.11127732
-0.14588340
-0.05872286
0.16730464
-0.02641715
0.08723389
0.06668224
-0.12343756
0.04752388
0.05661075
-0.22629583
-0.10082596
0.38559625
-0.18067996
-0.14542717
-0.13759319
-0.14106914
-0.07182052
-0.09211772
0.06352117
-0.09394616
-0.05851107
-0.03941419
-0.07395564
-0.07153901
-0.04957721
-0.17907196
-0.08669266
-0.13015839
-0.27710828
-0.15607975
-0.27795830
-0.12179187
-0.05098747
-0.05326582
-0.09586650
0.06099634
-0.05216260
0.00701513
-0.09666922
-0.03297862
-0.03695927
0.14245810
-0.11909795
-0.10527282
-0.20219073
-0.02964919
-0.14438207
-0.24668181
-0.04474683
0.19840948
-0.19687761
-0.15191947
0.02071317
-0.11317261
0.08366909
-0.04061649
-0.08700517
-0.10501429
-0.01506584
-0.11592887
-0.06963429
-0.11478035
-0.29034498
-0.05612881
-0.15287007
-0.13741212
0.07686352
-0.02345827
-0.02320473
-0.02087351
-0.09880552
-0.06575216
-0.01278418
-0.09966072
-0.07475624
0.41627112
-0.01627581
-0.02103778
-0.27372012
-0.06831598
-0.07399469
-0.03307793
-0.01915784
-0.04130069
-0.07876848
-0.10603642
-0.02905714
-0.07450057
-0.08895047
-0.25635031
-0.14425921
0.09174381
-0.17724061
-0.01265513
-0.25036451
-0.09203308
0.01587666
-0.02940856
-0.14519887
0.04749882
-0.05737195
0.04868782
-0.10400783
-0.08608063
-0.13957560
-0.14320683
-0.10451804
-0.56845188
-0.23670669
0.01183856
0.02315423
-0.04369296
0.16739750
0.02555052
-0.26530910
0.14020030
-0.05108329
0.06181578
-0.09559699
-0.02661015
-0.02560171
0.27285069
-0.16465916
-0.25589558
0.01376320
0.20335296
0.04042576
0.02893880
0.13766997
0.24719249
-0.15829469
-0.06561675
-0.08717898
-0.07576259
-0.07939273
0.01036626
-0.13640589
-0.03266494
-0.06154191
0.14123872
-0.11141824
-0.15032999
-0.08921485
-0.08167183
-0.08168681
-0.05331385
0.06244437
0.01952568
-0.04156357
-0.00762770
-0.02769287
0.02158089
-0.13853981
-0.02567457
-0.06462756
0.09349307
-0.04846900
-0.17689137
-0.29965195
-0.09229986
-0.01578888
0.09845765
-0.10388572
-0.01437371
-0.05500003
-0.02609463
-0.05368693
0.00984405
-0.15952432
-0.03427938
-0.04552716
-0.15333351
-0.10075910
-0.14139161
-0.14047642
-0.11516901
-0.08479112
0.07097502
-0.07163313
-0.05919510
-0.00510653
-0.07601012
-0.11141817
0.00060378
-0.15169002
0.02423335
-0.07221450
-0.42011255
-0.11065998
0.12301774
0.21674576
0.09839927
0.00422157
-0.00239560
-0.11963366
-0.04607373
-0.00621422
-0.13427874
0.06237483
-0.02735304
-0.11568777
0.01495688
-0.11604817
-0.14911419
0.25452498
0.03673242
0.51493502
0.23691522
-0.13978155
-0.07221977
-0.07967903
-0.06018057
-0.02515961
-0.05677967
-0.03039023
-0.04287330
-0.11953782
-0.01978873
-0.04871549
0.07934975
-0.10644381
-0.09580688
-0.27728802
-0.18896471
-0.02854920
-0.04166852
0.01679026
0.09749873
-0.10502830
-0.03478909
-0.14121994
-0.01325567
-0.05504464
0.07454755
-0.11213014
0.01290463
-0.18294837
0.05955957
-0.04691704
-0.16316018
0.06198990
0.09560927
-0.14745191
-0.03997361
-0.07588352
-0.06876374
-0.07257583
-0.02927694
-0.09865900
0.10410093
-0.08367799
-0.30889773
-0.02370584
0.02609988
0.25850007
0.22989026
0.01963253
0.05453636
-0.12472917
0.01079775
-0.01933148
-0.03079023
0.07406350
-0.06926490
0.05990692
0.13957545
-0.01678649
-0.36142299
0.13265255
-0.01321063
-0.18235911
0.07167798
-0.07981941
0.12623778
-0.08189724
0.02707490
-0.05365302
0.08772659
-0.07980859
0.01927944
-0.06186259
0.17199990
0.01757644
-0.26826781
0.04907475
-0.04598249
-0.17077780
0.00546278
-0.13001910
-0.10341495
-0.13615862
-0.00548919
-0.05099282
-0.10169628
-0.06705798
-0.04701602
-0.01697294
0.05219464
-0.04146843
-0.18209171
-0.00966716
-0.00615205
-0.03551172
0.00478601
-0.01435556
0.09624214
-0.04719969
-0.03608789
-0.10785092
-0.07474951
-0.04944872
-0.00112065
-0.09521714
-0.04938906
-0.00125264
-0.35503796
-0.08107655
-0.14356077
0.11766624
-0.09739208
-0.12395199
0.00748006
-0.19882622
-0.03884203
0.00656341
-0.14021409
-0.09975374
-0.01415311
-0.04236738
-0.16688827
-0.05915745
-0.28191206
-0.23485196
-0.14726797
-0.08278106
-0.12035908
-0.18492171
-0.08841491
0.01660952
-0.00086657
0.08763766
-0.06788024
-0.05912108
0.01360062
0.05440347
-0.13932173
-0.08205303
0.04694794
-0.13688697
-0.10477964
-0.25754538
-0.10693438
-0.02499585
0.14088239
0.15196745
0.04519805
-0.06191353
-0.15314984
-0.06985818
-0.01406986
0.09578545
-0.03485093
-0.03339577
0.18460904
-0.00253126
0.03280972
-0.14871448
-0.06934226
0.19852366
-0.00532613
0.03098383
-0.00287267
-0.00085029
0.04247066
0.01079815
0.00948781
-0.09296157
-0.01707149
-0.03603106
-0.15868951
-0.00566882
-0.01623980
0.05380005
0.04018813
-0.04526407
-0.00913744
-0.13627397
-0.05613065
0.01942611
-0.03203167
-0.00433209
-0.03445525
-0.12266327
-0.05822470
0.01062252
-0.10956301
-0.00088773
-0.04023096
-0.12992959
-0.05191804
-0.15296865
-0.13116336
0.14838652
-0.11220323
0.02909224
-0.20148858
-0.02126492
-0.02943837
0.00447480
-0.09753782
-0.02701345
0.26999402
-0.14536434
0.04622014
-0.22003831
-0.01188207
0.01412710
-0.07832331
0.19110733
-0.04006366
-0.02363364
-0.15170516
-0.06716690
-0.09521744
0.01650436
-0.09645439
-0.10545950
0.10782978
-0.11566061
0.14048226
-0.10639279
-0.00256825
0.24680772
0.02888712
-0.09843924
0.03028168
-0.05597735
-0.08779464
-0.03534336
-0.06489932
-0.01103347
-0.04951639
-0.05273066
-0.25976151
-0.04778906
-0.06851591
-0.04271421
0.09754544
-0.04513681
0.00041932
-0.15385097
-0.00544452
-0.04867347
-0.11150868
0.00593856
-0.00637089
-0.24457595
0.00205958
0.04162711
-0.26851702
0.03426133
-0.08454021
-0.08488353
0.06490108
-0.08430828
-0.11809338
-0.10599251
-0.08058201
-0.01456796
-0.12842463
-0.06158542
-0.00753039
0.01702259
-0.09062516
-0.00168608
-0.01868020
-0.04271991
-0.10534001
-0.21029742
-0.03278581
-0.04634622
-0.04574820
0.10370138
-0.03991630
0.00679644
0.03036489
-0.08130834
0.00060267
0.03632941
0.05325922
-0.12607482
0.01919575
0.09320715
0.10875755
0.02302031
0.00819119
0.05246687
-0.00428256
0.00340206
-0.05160288
-0.02831451
-0.04033785
0.09415580
-0.03670881
-0.00757258
0.00992963
-0.01460260
-0.17928994
0.18139680
0.00074471
0.17252815
0.20002608
-0.07700405
0.00299053
-0.03941612
-0.11261436
0.00764144
0.05277899
-0.11609452
-0.00953278
-0.00053761
-0.08988148
-0.01263025
-0.11020301
-0.11965992
-0.08586760
0.12571481
-0.15754816
-0.10894010
-0.02153946
-0.11767751
0.00741709
-0.08758727
0.03764656
-0.02862651
-0.04506639
-0.20011345
0.02910176
0.00884808
-0.31192094
0.08434547
-0.11587920
-0.11707489
-0.06091514
-0.18792872
-0.14413543
-0.11058003
-0.05580789
-0.06202653
-0.12488002
0.02025003
-0.00318079
-0.03546910
0.01305060
-0.03151852
0.02631300
-0.12048268
-0.00627743
-0.16274256
-0.19586359
-0.08627211
0.13563867
-0.11469001
0.01269108
-0.01973915
0.01178763
-0.07671620
-0.00514869
0.05030011
0.17057583
-0.10384271
-0.14954856
0.27030358
0.06078505
-0.07775633
0.13006677
-0.09823632
0.10992665
-0.01174393
-0.11836952
-0.06486712
-0.07583376
0.04748135
-0.02624885
-0.02827908
-0.13689199
-0.03335506
-0.18445319
0.10989170
-0.06907745
0.17921574
0.13037796
-0.14563735
-0.17200360
-0.06658222
-0.06064275
-0.11693557
-0.11029814
0.01114734
0.03002868
-0.14481775
-0.08849593
-0.06919298
-0.09320099
-0.08595700
-0.05181481
-0.08453340
0.00806385
-0.18045200
-0.10433345
-0.12078250
0.03648176
-0.00687837
0.06860919
-0.01138570
0.00566061
-0.02190277
-0.03727440
0.03202332
-0.12301250
-0.06579768
-0.22056702
-0.04870859
-0.14198646
-0.32898539
-0.09005761
0.06934798
0.01685779
-0.07897623
-0.08310970
-0.07522232
0.02178139
-0.05360433
-0.00099009
-0.03589615
-0.17113292
-0.14946459
0.02993645
0.11391011
-0.10344568
-0.09312346
0.26051101
-0.16758719
0.18628837
-0.01416604
0.08271492
-0.00067898
-0.01685692
0.16190274
0.21239747
-0.13493709
-0.09308444
0.12535417
-0.14495675
-0.09548670
-0.08894171
-0.19616041
0.15469453
-0.06557257
0.01409203
-0.05377876
0.25448963
-0.06967480
0.00530969
0.03732989
-0.08288006
-0.01841264
-0.09972145
-0.24613219
-0.12364746
-0.03797832
-0.03947686
-0.21620600
-0.19346993
-0.08381518
-0.05526971
0.01942291
0.02049344
-0.04441440
0.06348639
-0.25479570
-0.01053759
0.01471507
-0.20578420
-0.00974199
-0.07549901
-0.08171663
-0.00732432
-0.17116348
-0.26561603
-0.02253240
0.01265007
-0.04886603
-0.06050671
0.01182354
-0.08338793
-0.06033885
0.01412423
-0.07261883
-0.23914257
0.23619856
0.16319597
-0.18639827
0.01821768
0.05986726
-0.09347361
-0.10999164
-0.17797694
0.00026256
-0.04307965
0.04273128
-0.07718086
-0.17939988
-0.11109114
-0.05015209
-0.45751721
0.19854513
0.03664998
-0.13896689
0.09821464
-0.25323382
-0.25536254
0.03787251
-0.06465118
0.12823756
0.07106473
0.00276468
-0.01552209
-0.16146910
-0.12256984
-0.02331640
-0.14989686
-0.06938485
-0.08247679
-0.20171127
-0.01856182
-0.24521683
-0.31338134
0.16145089
0.05285140
0.04312762
0.23699509
-0.08123533
0.06760041
-0.12616538
0.08385973
-0.01491219
-0.08445963
-0.06738184
0.11013172
0.03657845
-0.14761646
-0.02793969
-0.12447317
0.00653791
-0.24338710
0.01733409
0.02210274
0.08013216
0.00636471
-0.58426750
-0.11063643
0.06942539
-0.54146475
0.02869327
0.05589068
0.15630849
0.09913098
-0.20915344
-0.48801917
-0.16031532
0.14834844
0.09026153
0.03364492
-0.05909922
0.03295862
-0.00088278
0.10200071
-0.12274860
-0.27704215
-0.15076943
-0.02840595
-0.17713140
-0.15866126
0.05379941
0.03215874
0.13264969
-0.01159945
0.08180210
0.22232014
0.01125764
0.16665681
-0.22858152
-0.06163373
0.01228697
0.00291307
0.00392026
-0.00413719
-0.17314778
-0.00547954
-0.17801479
-0.29330149
0.10067296
-0.20972483
-0.04463939
-0.14302573
-0.03392145
-0.08180936
-0.28628483
-0.25075802
-0.00477134
-0.01111147
-0.12147156
0.02294689
-0.24198405
0.03604616
-0.01061843
-0.38217098
-0.05426627
0.05259511
-0.11578971
0.00522320
0.03538489
-0.03610034
-0.10250333
0.19974606
-0.04206966
-0.18385741
0.09306350
0.00244904
-0.05476118
0.02435755
-0.13024735
0.13338119
-0.15907314
-0.06634924
0.06184078
0.12712424
-0.04824435
0.02158742
0.02740203
-0.10574363
0.01950577
0.12128738
-0.20555544
-0.18731281
-0.15969406
-0.14391683
-0.50002545
-0.36007550
0.09829465
0.26090091
-0.06169472
0.03706726
-0.08979394
-0.03011691
0.38500565
0.02202577
-0.21587418
0.09352331
-0.10986255
0.16446611
0.26029924
0.11901955
0.17877744
0.07891612
-0.17149425
0.17470457
-0.05697985
0.25652066
-0.08705122
0.04453287
0.18188484
0.29668412
-0.13606171
0.09648895
0.13246393
0.07897120
0.05659371
0.11622213
-0.00705756
0.08317508
-0.00641679
-0.02442310
-0.02224023
-0.13604082
-0.14385879
-0.05590800
-0.08296970
-0.13476926
-0.13179290
0.30332726
-0.28877276
-0.05157558
-0.26351765
-0.21687745
0.07318996
0.04521762
0.13373464
0.15380459
-0.02620599
0.19108379
-0.16960882
-0.00391367
0.23856679
0.21202829
-0.11144471
-0.11690249
-0.16507439
-0.05697238
0.09772550
-0.14665239
0.02934043
0.00080767
-0.02133630
-0.13514537
0.04418641
0.02216101
-0.10142414
-0.02316868
0.15897736
-0.05369223
-0.15865101
0.30547839
-0.03582623
0.05987402
0.32618219
-0.02713725
0.06959406
-0.09269068
0.11708614
-0.27542737
-0.05559419
-0.06064888
-0.02266742
0.05286213
-0.24404742
-0.30468348
0.00708446
-0.52647626
-0.17684171
-0.09705169
0.56298715
0.03038913
-0.13203835
-0.28252047
-0.14557774
-0.07629585
-0.04960056
-0.06791665
0.24564923
0.05987308
-0.07041279
0.02612250
-0.03819299
-0.41685858
0.27173418
-0.03883366
0.17920372
0.26322579
-0.12911040
-0.12475392
-0.12320533
-0.10752274
-0.01679656
-0.00614924
-0.07761830
-0.00498288
-0.08797795
-0.17376821
0.00487054
-0.14674197
-0.19284691
0.03856226
0.14447773
-0.01617451
-0.00508533
-0.03136515
-0.14030151
-0.04095628
-0.05321093
-0.06965699
0.09965813
0.02157569
0.05293421
-0.11514314
-0.05134555
-0.16038494
0.12346186
0.01480746
0.25693190
0.27809015
0.01474340
-0.19700825
-0.10802633
-0.16272727
-0.07079045
-0.01959444
-0.04461203
-0.00248458
-0.20187017
-0.13154662
0.05598155
-0.32085708
-0.01942073
0.12707855
0.04612723
0.17737012
0.00011296
-0.02056175
-0.18866283
0.21288562
-0.05096113
0.08555344
-0.16532169
-0.00636692
0.07002751
0.06230250
0.08298409
-0.26005158
-0.34533042
-0.32888150
-0.31511107
-0.40897322
-0.28659225
-0.16804092
-0.15852103
-0.07025366
-0.07027714
-0.04214527
0.02335296
0.01804952
-0.15250011
-0.17938916
0.09245156
-0.56282216
-0.37126553
-0.29341424
-0.01446403
-0.21931337
-0.40009493
-0.47886983
-0.18321553
-0.16860537
-0.00707898
0.01749967
0.05309843
0.02475683
-0.35534114
-0.17217554
0.07829989
-0.41470110
-0.20180675
-0.29477927
0.17730868
-0.07251358
-0.36687616
-0.38561109
-0.00058920
-0.18498936
0.04537558
-0.07561796
0.08110005
0.02094255
-0.10139648
-0.25276282
0.06755280
-0.05664486
-0.14720726
-0.27394551
-0.04072076
-0.06187483
-0.39051837
-0.29243764
0.06303971
-0.04019058
0.03219631
0.03764582
-0.07132974
0.01987765
0.02294911
-0.16249578
0.04799616
0.18172291
-0.23036206
-0.12685457
-0.58084941
-0.13210019
-0.28538916
-0.11658028
0.22149810
-0.10446765
0.07579073
0.06998587
0.10515694
-0.03481449
-0.14815542
0.03155249
0.09214544
-0.21934295
0.02347351
-0.00600309
-0.18334131
0.02787975
-0.08632907
-0.26005438
0.06910209
-0.14028960
0.03563438
-0.04789261
0.05452266
0.05390207
-0.18391773
-0.09355196
0.06978769
-0.14109480
0.07208493
-0.03244029
-0.13494271
0.02111778
-0.14735611
-0.24084286
0.04337502
-0.10733507
-0.13965793
-0.11195376
-0.08485780
-0.00007878
-0.26395959
-0.08107753
-0.05382401
0.02613329
-0.07871969
-0.05131770
-0.19024988
-0.08938681
-0.22124003
-0.09319869
-0.07232488
-0.08205166
-0.12454458
-0.25346279
-0.07448278
-0.07242426
-0.34520259
-0.10025266
-0.07924071
0.11925100
-0.08146660
-0.11599513
-0.14640304
-0.08840637
-0.08358659
0.06291423
-0.27933061
0.13649498
-0.08909305
-0.09127815
-0.08246195
-0.07424750
0.02929325
0.00571098
-0.09720236
-0.50595409
-0.01113157
-0.03341170
-0.16602877
-0.04252081
0.15385364
0.07200234
-0.16237088
0.05168630
0.08280136
0.00824995
0.00747575
0.01448101
0.03273584
0.06233490
0.09170336
-0.02777166
0.09095645
-0.07352646
-0.04372174
-0.00707483
-0.05093928
-0.06469920
0.20031317
0.02528188
0.12571898
0.16147242
-0.04262863
0.05575058
0.22169192
-0.03271774
-0.01963400
0.23934616
-0.02425032
-0.02949517
0.03842138
-0.04030445
-0.05165900
-0.11272535
0.20456800
0.07377297
0.08628953
0.14362705
-0.02896118
0.05550181
0.15638256
-0.02601115
-0.09935234
0.14560133
-0.15678494
-0.10759526
-0.15537712
-0.07136831
-0.11491121
0.00996032
0.12143209
-0.14375556
-0.06123321
-0.11441081
-0.08564299
0.00918299
-0.10319787
-0.16652553
-0.15671563
0.33609724
-0.11715687
-0.15603513
-0.30949229
-0.13512102
-0.07329984
0.03311663
-0.07198687
0.04987186
-0.00298593
-0.09277839
-0.12357977
-0.07097702
0.49894813
-0.20940733
-0.12408250
-0.14262773
-0.28278762
-0.03867831
-0.22955593
-0.11627579
0.03406459
0.10319620
-0.05745786
0.06100953
0.01578852
0.00110144
0.02320380
-0.03210711
0.11467864
-0.04897350
-0.01303935
-0.08314367
-0.07464568
-0.05588353
-0.09106001
-0.06755915
0.07246948
0.00946732
-0.02487230
0.01015045
-0.03553203
0.00039677
-0.06345546
0.04317192
0.09765522
-0.02226075
0.04044892
-0.02096578
-0.17729309
-0.00491574
0.15595704
-0.10467485
0.15329251
-0.08943162
-0.12562889
0.04145232
-0.05223853
0.04888418
-0.11533000
0.00298755
0.14093038
-0.09565517
-0.12833968
0.00183545
-0.11685827
0.06607811
0.50309193
0.05575620
0.14525552
-0.06981286
-0.10120181
-0.12322436
-0.13373439
-0.12492105
-0.08659047
-0.08106097
-0.19060810
-0.35741934
-0.12442612
-0.32209301
-0.19775048
-0.25194561
-0.08744214
-0.20840393
-0.10532185
0.05698848
-0.27682576
-0.16622032
-0.06477471
-0.25689876
-0.22728182
-0.03677001
-0.07284337
-0.27154806
-0.06425325
-0.49106738
-0.37655008
-0.05072154
-0.39309114
-0.35167071
0.09239478
0.08281571
-0.25830305
-0.06372520
-0.06218449
-0.08108589
-0.04702424
-0.08072284
-0.11480796
-0.00991147
0.05532806
-0.30580553
-0.12655532
-0.00139471
-0.01245776
0.00562704
0.04273041
-0.09039302
-0.17653961
-0.11478966
-0.04027941
-0.08322994
0.03118510
-0.03242144
-0.10123641
-0.11909582
0.01230451
-0.23034024
-0.03857202
0.03065551
0.28564197
0.09915981
0.01853112
-0.15984690
0.00038282
-0.09878741
-0.01632353
-0.01610644
-0.10224393
-0.04982546
-0.12923335
-0.11857292
-0.05683657
0.16790165
-0.05025876
-0.07390453
0.17177622
0.09663731
-0.12186401
-0.15569904
-0.05004001
-0.06019133
-0.00330166
-0.04284953
-0.10559438
-0.05632098
-0.10572883
-0.08623243
-0.08373462
-0.01016770
-0.18535128
-0.05631597
-0.29337952
-0.27141428
0.02694930
-0.09086926
-0.22206511
0.01006889
-0.09035019
-0.24914250
-0.16421127
-0.10762141
-0.22092904
0.01809449
-0.20139246
-0.16037214
0.04404370
0.11046319
-0.36672255
-0.13352256
0.27448457
0.03461138
-0.21672738
-0.03168214
0.00268443
-0.14685580
0.05210863
-0.04790396
-0.02530181
-0.03102407
0.07691614
-0.10228282
0.06930798
-0.04266548
-0.06897713
0.13036658
-0.07800892
-0.16398107
0.01943875
-0.10568672
0.08446599
0.03774872
0.02604449
0.03924919
0.04069932
-0.10058700
0.04300384
0.19858752
0.03928741
-0.10312136
-0.11346076
0.00138619
-0.16756506
-0.18334274
0.15948276
-0.05821305
-0.06613927
-0.11737990
-0.08126035
-0.05930488
-0.13433631
-0.11807990
-0.03910033
0.56008345
-0.12270032
-0.10257746
-0.09370237
-0.09365347
-0.01407059
-0.04827324
-0.04874426
-0.04239826
-0.03711174
-0.12515585
-0.01960517
-0.00749687
-0.19675408
0.01897775
-0.07584543
-0.15844472
-0.06520284
0.16363959
0.58829570
-0.00266770
-0.02168578
0.03113431
-0.16504273
-0.04413323
-0.09097414
-0.09443825
-0.17031544
-0.09523159
-0.07830104
0.11295588
-0.13894814
-0.26656112
0.10332823
0.09242182
0.14416514
0.03976984
0.13833337
0.06640562
-0.17652538
-0.03474916
-0.06302204
-0.17168128
-0.13556892
-0.05402105
0.00466724
-0.03728677
-0.08131552
-0.23053978
-0.12993237
0.00050797
-0.01885759
-0.06004885
0.02489982
0.03828555
-0.19787858
0.01380819
-0.09682687
-0.17194369
-0.03958115
-0.09182867
0.10966209
0.04314921
-0.04806657
-0.21165240
-0.22021909
-0.09410248
-0.53009439
-0.17710522
0.16101620
0.29184934
-0.06863796
0.21621045
0.02053147
0.26534349
-0.05051106
0.05467274
-0.00969212
0.24670175
-0.04727308
-0.11818424
-0.04901887
-0.09534018
-0.33418402
0.00623242
-0.05726972
-0.02184542
-0.08846471
0.00540091
-0.00572692
-0.11921726
-0.07611743
0.04958303
-0.23484430
0.23801492
-0.15106902
0.03384721
-0.05282587
-0.10454237
-0.04292059
-0.01772211
-0.11844456
-0.09457463
0.09311239
0.04935262
-0.07393763
-0.04783906
-0.09286103
0.00181230
-0.07734277
0.02691790
-0.17315307
-0.03291208
0.03164517
-0.13123845
0.30966422
-0.04660245
-0.09809908
0.08621968
-0.10056882
-0.01258739
-0.02623592
-0.05985854
-0.09578275
-0.02081672
-0.08006416
-0.01326687
-0.06613109
-0.21530969
-0.17080168
-0.00949786
0.08041272
0.01387089
0.07509472
0.12140238
-0.15226901
-0.17685933
-0.00563492
-0.14299771
-0.08973792
-0.05717449
-0.13936831
-0.02073670
-0.07852318
-0.08323856
-0.06160356
0.03041042
0.27508250
0.07380825
0.15192258
-0.15941603
0.00912153
0.04266614
-0.06250560
-0.06110898
-0.06739047
-0.07291288
0.05854714
-0.02960521
-0.10717168
0.14184219
-0.08419811
0.03708958
0.04267144
0.02833261
0.17070743
0.32537320
-0.14829682
0.15564637
0.01330298
0.01055554
-0.14135076
-0.00716220
0.08644080
0.23255676
-0.13454978
-0.06344423
-0.09962367
-0.02083649
0.14767691
-0.20204766
0.01996654
0.15053628
-0.12017969
0.13480771
-0.00178158
-0.03554507
-0.24033935
0.11054730
0.33286086
-0.03598068
-0.16546121
-0.04153762
-0.18170440
0.02654932
0.66076201
-0.23421730
0.01857522
0.00433351
-0.22218537
-0.06992189
-0.02166022
-0.11275789
-0.02241397
-0.04493388
-0.09313040
0.00334898
0.01796019
-0.03699862
-0.06544608
-0.02815410
-0.18950258
0.06700587
-0.04555677
-0.05435802
-0.02088718
-0.10988495
0.03941945
-0.01639118
0.02315929
0.01308644
-0.10747252
-0.08103515
-0.00188760
0.01769129
0.02244780
-0.17244117
-0.03065442
-0.08285607
-0.10149097
-0.03144825
-0.01754224
-0.10983159
-0.05419581
-0.06533302
-0.06437670
0.01174951
-0.14594978
-0.13403219
-0.01078439
-0.13855575
0.00412817
-0.00426707
0.00401064
-0.03827227
0.03721423
0.02131289
-0.05753275
-0.15201390
-0.08598787
-0.15649232
-0.09076571
0.05853921
-0.22235343
-0.20100768
0.09141313
-0.43145716
-0.12697545
-0.03365590
0.45203570
0.02643857
-0.22417301
-0.05651005
-0.21236722
-0.22035371
-0.13518517
-0.34618762
-0.11413317
-0.08394691
-0.13837940
-0.09173531
-0.07759752
-0.35472429
-0.18416283
-0.31655219
0.12884603
-0.02155285
-0.39959311
-0.15719151
-0.31613705
-0.17362732
0.00142316
-0.09630793
-0.05355611
-0.01880564
-0.13621013
-0.10637955
0.03533392
-0.18946360
0.00241138
-0.05772762
-0.00489076
0.11484871
-0.02881190
-0.07994040
-0.07823564
-0.10408861
0.02743912
-0.09020741
0.03894050
-0.01162019
-0.23397344
-0.01498155
0.01028862
-0.11336058
0.04844356
0.05010991
0.17324573
0.03927294
-0.10190107
-0.16405782
-0.05010724
-0.15363944
-0.07813885
-0.12045096
0.08963355
-0.00549783
-0.27508706
-0.06928660
0.01748079
-0.30101296
0.14548661
0.03490476
-0.00447154
0.25085959
-0.18741226
-0.28216064
-0.02025870
-0.15991414
0.17865352
-0.07733997
0.08854270
-0.05089600
0.25004259
-0.29940325
-0.00977447
0.07387128
0.09507442
0.01878814
-0.21050340
0.16896531
-0.14512555
-0.33848840
0.55139112
0.03438361
0.22556117
-0.35345882
-0.17082921
-0.12588827
-0.03027463
-0.23276812
-0.25011289
0.71345097
-0.08186449
0.19155250
-0.39762756
-0.04710364
0.09691238
-0.14070445
0.47052631
-0.17775966
-0.06242834
-0.23923016
0.00579926
-0.06762407
-0.25899839
-0.09724215
-0.02533185
-0.01571647
-0.02412739
0.00384754
-0.04638333
0.16420956
-0.19365831
-0.25833613
-0.02567135
-0.21171109
-0.09217745
-0.21763538
0.11240754
-0.08319017
-0.31788427
-0.09807344
-0.01476490
-0.25380155
0.11839408
-0.02013951
-0.12678492
0.16505206
-0.19750869
-0.36335197
-0.18033774
-0.10084649
0.02404726
-0.20634598
0.07351023
-0.01566215
0.03092590
-0.06394011
-0.02911010
0.18324727
0.09448221
-0.11070532
-0.39907429
-0.06537128
-0.17839758
-0.14712365
0.10319331
0.02286145
0.00763989
-0.11201096
-0.12764113
-0.03550545
0.13407284
-0.11761488
-0.10122669
0.13365567
-0.13718854
-0.01039307
-0.05225572
-0.11745196
0.23405091
0.14147411
0.15420765
0.03227578
0.07507804
0.07744667
-0.23205675
0.01640614
-0.08762025
0.03138208
-0.26744545
-0.04467088
-0.12829320
0.17300275
0.31091893
0.36014223
0.28076985
0.03129283
0.12575772
0.10460401
-0.00628893
-0.15733516
-0.06961998
-0.03428575
-0.02212249
0.13554074
-0.02718290
0.12182644
0.04864834
0.00582054
-0.16277350
-0.13303278
0.03291421
0.37222254
-0.11378607
0.02344841
-0.01487598
-0.07738388
0.02456529
-0.00595954
-0.29783541
0.08037195
0.10723108
-0.35278907
0.14654058
-0.05198175
-0.06718729
-0.06092895
-0.06986150
-0.15637450
-0.17940567
-0.24214529
-0.00799365
-0.12621762
-0.09553292
0.03918434
-0.31507021
-0.18798210
0.00066923
-0.22025838
-0.10261096
-0.17327961
0.08589186
-0.16920193
-0.10098354
-0.08682768
-0.12628041
-0.01883698
0.09706222
0.00146665
-0.12846129
0.00836839
0.10639442
-0.16094545
-0.06842062
-0.10583496
-0.12487385
-0.09429091
-0.14346746
-0.15852386
-0.09489542
0.05440755
0.17622250
0.05307224
-0.03706186
-0.07557248
-0.11521468
-0.04260494
0.26670215
-0.10112082
-0.13556953
-0.01830884
-0.43008617
-0.18440586
-0.28974870
-0.30386594
0.11087801
-0.19502389
-0.06856252
0.02190210
-0.10716064
-0.10958863
-0.10314602
-0.05023639
-0.21534884
0.08968743
-0.01373626
-0.19893737
0.10770994
0.01117502
-0.17681158
-0.08509119
0.10327486
0.14319059
-0.19191691
0.04839643
-0.06713364
-0.13979150
0.02125433
-0.04534233
-0.25010082
0.05763099
0.00455262
-0.42164439
0.14916125
-0.08629475
-0.31678769
0.05951807
-0.27664855
-0.16803053
-0.08661826
-0.12477092
0.08899651
-0.13767059
0.00208138
-0.05042704
0.00609481
-0.13412493
-0.05050461
0.19736230
-0.01434847
-0.19004284
-0.20856541
-0.03291689
-0.25892830
-0.17154457
0.27544066
-0.00464762
0.09190898
-0.01322374
-0.08424348
-0.01123151
0.19193110
-0.09997413
-0.16308084
0.39148295
-0.01486650
0.03660428
-0.27062690
-0.05661337
0.17084663
-0.08493212
0.13477452
-0.09130933
-0.19285770
-0.23728557
-0.05488916
-0.07168638
-0.15361844
0.07597838
-0.12507254
-0.35914817
0.01737571
-0.00536451
-0.03087565
0.06701025
0.12427954
0.03501481
-0.33201751
0.02793838
-0.13206008
0.00575746
0.12639204
0.04215064
-0.28985572
0.21134575
-0.02304944
-0.40902349
0.36719564
-0.02901281
-0.07923673
0.03656544
-0.09127542
-0.19445375
-0.21792470
-0.12489209
0.02733007
-0.20689967
-0.00538178
-0.02398679
-0.07148789
-0.03670803
0.01020500
0.01315134
0.05832608
-0.24667551
-0.31764919
-0.11771820
-0.31782219
-0.32932565
0.15544356
-0.17648968
0.00558975
-0.30862626
-0.10619263
-0.17298014
0.15220883
-0.14682616
-0.12360285
0.46558771
-0.10055007
-0.07061376
-0.34337670
-0.14281762
0.10270835
-0.19469942
0.07773836
0.04343417
-0.04055586
-0.11453837
0.01432652
-0.07697582
-0.12353158
0.10097810
-0.16494361
-0.14216425
0.22369616
0.14711858
-0.19587539
0.19812939
0.18881109
0.01086923
-0.06759430
0.02732065
-0.11498634
-0.04834446
0.00248524
-0.05026212
-0.08137615
0.02978232
-0.05361232
-0.42548558
0.03575227
-0.12441538
-0.06594586
0.21040736
-0.21384194
0.19188185
-0.26566181
-0.02555603
0.09729287
0.03265523
0.13802454
0.04867847
-0.04972767
0.11935131
0.05082284
-0.36362883
0.28994304
-0.19113165
-0.28600165
0.01269378
-0.23482358
-0.25220755
0.14391917
-0.06447622
-0.00788941
-0.05368862
-0.02390454
0.00219807
-0.16963503
-0.10325371
-0.04939676
0.08357716
-0.02370167
-0.29438531
-0.41874963
-0.07378373
-0.16488473
-0.18102406
0.19264477
-0.14002424
-0.06934842
-0.26691568
-0.11778983
-0.11379158
-0.23583201
-0.07294673
-0.22356714
0.12768194
0.17408180
-0.03263970
-0.52632737
-0.15689380
0.07038351
-0.13833658
0.03987854
-0.06901336
-0.07194865
-0.27812260
-0.01963349
-0.10150642
-0.18746679
0.16338634
-0.09413436
-0.55836934
0.58640504
0.24356988
-0.36170214
0.09281453
0.09817471
0.21535188
-0.13039282
-0.25099090
0.03234341
-0.16598657
0.06156991
0.02586753
-0.26392224
-0.13433476
-0.01795199
-0.18789296
0.19946675
-0.13745375
0.07757714
-0.08678668
-0.24349976
-0.14179036
-0.13757734
0.01291069
0.02054983
0.08551978
-0.04365063
-0.04189608
0.07231008
-0.06640528
-0.08265878
-0.13652596
0.10245049
-0.19915813
-0.15357189
-0.16310944
-0.29922280
-0.16780388
0.14705585
-0.07566363
-0.06189242
-0.20400934
-0.04225794
-0.12607360
-0.14144753
-0.08456470
-0.10205794
0.10206696
-0.24456237
-0.29483995
-0.13823982
-0.26623988
-0.11819309
0.07960841
0.17125371
-0.03471797
-0.07635538
-0.21130554
-0.11248329
-0.05209181
-0.15604153
0.07488284
-0.21676026
-0.12145610
-0.11940409
0.23686692
-0.34187081
-0.04811805
0.21024951
0.04092275
-0.19675888
0.27019626
0.00127845
0.14011297
0.01876935
-0.06896693
0.13370189
0.10157402
-0.12280158
-0.33917892
0.20555560
-0.07031725
-0.33560839
0.06214119
-0.09625250
-0.03160113
0.09437685
-0.00740857
0.09688217
0.29577678
-0.01322536
0.11561226
0.11009487
-0.15956347
-0.01730716
0.34561989
-0.25555485
-0.15260652
-0.06830444
-0.06609992
-0.35658526
-0.09348051
0.23015665
-0.20092392
-0.00111956
-0.26364169
-0.01880970
-0.04212242
-0.21544333
-0.13409330
0.00293929
0.14122063
-0.05152285
0.04458738
0.01163368
-0.07100442
-0.11253598
-0.11639914
0.01311833
-0.01464646
-0.10621437
-0.03263841
-0.10385872
0.06577764
-0.06615157
0.03507191
0.00164786
0.00964573
-0.20846173
-0.10301545
0.01716729
-0.03249620
-0.05429612
0.09249028
-0.11241195
0.07823376
-0.10198493
0.08439717
-0.04599621
0.08857122
-0.07637304
0.01758763
-0.03056466
-0.18388009
-0.16213599
-0.08778888
-0.02589689
-0.05933313
-0.04975064
-0.01570011
-0.09850423
-0.10690454
-0.06399727
-0.02764458
0.00240270
0.00178772
-0.18388905
-0.14252627
0.00665163
-0.14067814
-0.13571507
-0.08837176
-0.01901377
-0.09777980
-0.21982354
-0.23421156
-0.03224433
-0.14673018
-0.04925506
-0.08173766
-0.06132816
-0.00945367
-0.22862047
-0.02464013
-0.08037047
0.00697248
-0.07806718
0.06841183
0.07561839
0.04151448
-0.07608721
-0.15335557
-0.06199142
-0.30606043
-0.02865919
-0.32082483
0.06034718
-0.08570760
-0.34617084
-0.12798373
0.09238024
-0.21704276
0.07279810
-0.06900372
0.24125677
0.10765634
-0.19454816
-0.33546561
-0.10927932
0.03010425
-0.01777712
0.03988817
-0.10697711
-0.11035040
0.09969192
-0.01952478
-0.14043532
0.24099621
-0.12886801
-0.12094969
-0.12382272
-0.16227326
-0.11550640
0.13096254
-0.06079845
0.31794345
0.04783390
0.26232123
-0.05912005
0.05227848
0.29925361
0.40930885
-0.10487375
-0.10216398
-0.09502746
-0.04632524
0.00224730
-0.15513843
-0.05197876
0.10908516
0.00422146
-0.01600553
-0.07787178
-0.05725253
-0.00146365
-0.02331604
-0.24736114
-0.01072237
0.03931282
0.03244198
-0.10664155
-0.03796739
-0.08237637
-0.15802357
-0.16846254
-0.25015864
-0.04769671
-0.15392053
-0.01611518
-0.22961211
-0.03000122
-0.08475585
-0.33196816
-0.01925141
-0.08590546
-0.03733800
0.05544017
0.01720219
-0.19721887
-0.02818397
-0.14322963
-0.17809686
0.03579612
-0.07681134
-0.04838847
-0.06113523
0.03335565
0.05155920
-0.31545085
-0.07135469
0.10039666
-0.35064295
-0.04550263
0.05906823
0.29340410
-0.14634916
-0.06647496
-0.24853463
-0.19000103
-0.21655050
-0.09137168
-0.26790997
-0.11332818
-0.04920850
-0.27882412
-0.17169094
-0.08100056
-0.05508636
-0.15141562
-0.11222435
-0.08634812
-0.14339668
-0.06754465
0.10070395
-0.24710470
0.06434662
0.07320079
0.09480602
-0.10183036
-0.02887187
0.44213960
0.10765808
-0.08571792
-0.13226168
-0.01888194
-0.08540949
-0.00447461
-0.18957362
0.10962781
0.42294353
0.10645947
0.01450973
0.04179237
0.23433068
-0.08291849
0.10727603
-0.12661120
0.24444085
-0.06156338
-0.04762626
-0.00513989
0.09340269
-0.14979984
-0.22754481
0.10256410
0.05727806
-0.06824234
-0.26024029
0.00448887
-0.30381024
-0.00094584
-0.06399436
-0.32551599
-0.20740955
-0.03270025
0.05402814
-0.05426405
-0.08095834
-0.17684282
-0.08500367
-0.24782680
-0.11550786
-0.01809053
-0.00239571
-0.12315044
0.03639958
0.12002848
0.02425109
-0.17205203
-0.04369977
0.03345759
-0.47464097
0.09056164
-0.17560416
0.04040034
-0.06592091
-0.27302811
-0.22992526
-0.19994086
-0.22570363
-0.17031050
-0.14623238
-0.07676110
-0.06940566
-0.23661317
-0.34067351
-0.00850716
0.10380166
-0.25241745
-0.38281345
0.11755469
-0.22674833
-0.21193928
-0.11476333
-0.17535049
0.04434619
-0.12689038
-0.28520012
-0.10031661
-0.07500722
0.06086551
-0.01697917
-0.08420479
0.07073198
-0.06958545
0.03399248
-0.19450065
-0.21738209
0.04513905
0.14389724
-0.18823637
0.17051186
-0.05118145
0.00552886
-0.12180849
-0.04181730
0.00666144
0.28927377
-0.08729475
-0.20430940
0.18416239
0.17471153
-0.37142846
-0.01146293
0.06857198
0.05697903
-0.17428361
-0.23665056
0.04690711
-0.02626186
-0.01646151
-0.00259939
-0.21748939
-0.18919012
-0.01665611
0.05966293
0.02505595
-0.06231724
-0.11735031
-0.17252341
-0.08031151
-0.15130210
0.03099243
-0.15453577
0.08941729
0.08294334
0.05361393
0.01117280
0.07757730
-0.19716527
0.00645134
-0.13722983
-0.09920988
-0.05927976
-0.21031401
-0.15842664
-0.20332921
-0.23641476
0.03661606
-0.14436121
0.02600587
-0.06800805
-0.09159342
-0.04817807
-0.24120793
-0.24474984
-0.02777535
0.16776007
-0.24261539
-0.21996492
-0.06728480
-0.23149510
0.01353410
-0.17290987
0.08157116
-0.10232042
-0.02048339
-0.18895209
-0.07597060
-0.05307271
-0.05540645
-0.28092986
-0.13058645
-0.00600015
-0.28542924
0.12581351
-0.28248224
-0.18385312
0.24737850
-0.07933870
-0.13235754
0.21546568
-0.07047886
-0.10326355
-0.14143012
-0.11187752
0.05705688
0.11411887
-0.08843990
-0.19472162
-0.15718935
0.01090064
-0.34144959
-0.16095990
0.07303453
0.05942013
-0.13110599
0.06279259
0.02768732
0.28597730
-0.14814252
0.06763852
0.16028517
0.07559516
-0.12836507
0.09237521
0.03807430
0.00217721
-0.13329338
-0.18386781
0.09500927
-0.00355712
-0.01043365
-0.00944202
0.01553762
0.06451125
0.02763378
-0.01975679
-0.07238740
-0.01247008
-0.11518306
-0.12733267
0.07204062
0.04239216
-0.04518545
0.07735676
-0.12878887
-0.12634833
0.02917324
-0.05631542
0.06049953
0.02314322
-0.06009312
-0.02922465
0.37769437
-0.04585040
-0.16893417
0.34010503
0.05818292
-0.00117053
-0.20406061
-0.03058198
-0.07619324
-0.02489538
0.14452454
0.02765799
-0.01328544
0.04394425
0.01117402
0.00834203
0.05336534
0.05860685
-0.16463442
0.15390716
-0.07508676
0.14657317
-0.40953812
-0.11364691
0.11378217
0.01415479
-0.05800464
0.04505523
-0.05158408
-0.03904459
-0.09737866
-0.01037668
-0.19653091
-0.02293199
-0.04552088
-0.21200465
0.00736796
0.04444703
-0.10268941
0.00153116
0.03139598
-0.10731669
-0.07249973
-0.09793975
-0.05410961
-0.14402461
0.03512884
-0.04370322
-0.11463665
-0.13481265
-0.06071986
-0.22609612
0.00598176
-0.07834414
-0.24494705
0.04064029
-0.12618479
-0.01790788
-0.02756590
-0.05490705
-0.04284958
-0.35386541
-0.05558933
-0.10428496
0.01359726
-0.09566734
-0.11329802
0.18447523
-0.18354061
-0.06419180
-0.38092044
-0.16623285
-0.09538046
-0.02357342
0.02029661
-0.07837921
-0.12895413
-0.40099162
-0.05904566
-0.17541558
-0.11080051
0.13392177
-0.12267631
0.30242804
0.11969449
0.22003615
-0.40128595
-0.00924117
0.13452001
-0.20124562
-0.19187050
-0.15547530
-0.03391841
-0.30687386
0.14228018
-0.10299977
-0.10460830
-0.06633168
-0.08088171
-0.26431310
0.31314632
0.10192740
-0.14476439
0.13903500
-0.03534589
-0.25679910
-0.08329701
-0.03639567
-0.04897071
-0.06381507
-0.05211046
-0.00070511
-0.03090955
-0.08524759
0.00132900
-0.20456138
0.12622952
-0.07244907
-0.03268827
-0.02126850
-0.11201607
0.01012523
-0.05892726
-0.07889447
0.00648140
0.08906387
-0.14202313
0.03936702
-0.01189102
-0.17345086
-0.07680269
-0.08979505
-0.25367957
-0.02408724
0.05903338
-0.16805325
-0.08468138
-0.09499648
-0.03065429
-0.20258942
-0.07736819
-0.31925631
-0.03333600
-0.12194280
-0.33375978
-0.09030920
-0.06291772
0.05108641
-0.09205887
0.02157236
-0.41464457
-0.15859789
0.00079460
0.09671246
-0.08010276
0.18309295
-0.14419340
-0.46102715
-0.17638426
-0.09349623
0.06647359
0.21393701
-0.10317260
-0.26872808
-0.28709739
-0.27278244
-0.21101484
-0.26821670
-0.19562770
0.20178576
-0.27094236
-0.00624115
-0.09295106
0.07829039
-0.11578824
0.04188031
-0.11554375
-0.01391762
0.01032430
-0.38699177
-0.07020105
-0.06268729
-0.30146971
-0.32206291
-0.01453412
0.14677489
-0.14675090
0.05092146
-0.05429000
0.05734060
-0.08798664
0.07749578
-0.11198749
0.10909878
-0.03300191
-0.31921759
-0.08961169
-0.10981935
-0.04403883
-0.06313126
-0.02418042
-0.13312727
-0.22169127
-0.08818180
-0.02750165
-0.13860226
-0.07827340
-0.01970773
-0.04483648
-0.05866867
-0.02728680
-0.28542343
-0.15388672
-0.09025878
0.18760356
-0.00903992
-0.11540690
-0.04806022
-0.16406153
-0.13757972
-0.02781713
-0.17588754
0.02310126
-0.10387785
-0.33625999
-0.12123581
-0.09177665
-0.27844247
0.04772725
-0.12612082
-0.13704617
-0.01183853
-0.09590371
-0.07409539
-0.22112489
0.16341686
-0.09443681
-0.10757602
-0.28523844
-0.02630409
0.12114273
0.04109041
-0.12153491
-0.22570209
-0.44783640
-0.05346695
0.16582534
-0.30694690
-0.15056753
0.04462855
-0.25473017
0.19145228
-0.09538634
0.22524713
-0.19845520
-0.01818005
0.26439720
0.15101019
-0.13490607
-0.13246687
-0.08463605
0.16358848
-0.07123080
-0.16808805
-0.02867611
0.27205148
-0.12767141
0.02526811
-0.09555634
0.03652087
-0.02502615
0.02273538
-0.08590746
0.08924685
-0.05932751
-0.28203508
0.06827446
-0.04602731
-0.08930642
-0.16665564
-0.03799967
0.05478328
-0.15178019
-0.07183479
-0.04866584
-0.13104960
-0.00661918
-0.02969133
-0.11502022
-0.06451025
-0.01525599
-0.21094704
-0.12060286
-0.10633127
0.00560889
-0.09865614
-0.11404037
-0.07230220
-0.04568586
-0.08814144
0.03444792
0.02281499
-0.11513226
-0.00393404
-0.04593010
-0.18076147
-0.06907990
-0.09778588
-0.13946860
0.00329714
0.25151408
0.00544108
-0.10948659
-0.25944382
0.10122351
-0.11110795
-0.04851025
-0.08399723
-0.01067960
-0.05095357
-0.01370435
-0.04335403
-0.12236293
-0.01234132
-0.04038251
-0.05175929
-0.08557115
0.03233977
-0.05861070
0.00185846
-0.03998977
0.04857447
-0.01992419
-0.03717501
-0.04909988
-0.09388410
-0.02150250
0.05851577
-0.14560951
-0.09303833
0.23367560
0.08417852
-0.03410991
-0.00756570
-0.06372356
0.22671984
-0.05778896
0.11749063
-0.03365876
0.16175991
-0.01799097
0.01066944
0.08905011
-0.03715961
-0.06371646
-0.12055885
0.01539295
-0.18737873
-0.21455270
-0.08857530
-0.23655379
0.00617632
-0.05456644
-0.05407916
0.05902703
0.09014183
-0.14682959
-0.01880134
-0.03040553
-0.05583629
-0.00895474
-0.05875013
-0.25457761
-0.21206124
-0.19076619
-0.21180597
-0.13535756
-0.04549407
0.04848199
-0.20248756
-0.02470671
-0.13801517
-0.04296708
0.05104162
-0.24367583
-0.11395644
0.04653238
0.11185146
0.01686611
0.05344858
0.11561187
-0.07168572
-0.00720578
-0.24797139
-0.01205834
-0.08795751
-0.08924751
-0.25881720
-0.02490413
-0.05214601
-0.19941114
-0.06913836
-0.02989534
-0.06816589
-0.06296094
-0.04022771
-0.08503942
0.04058202
0.07673331
0.03762506
-0.12371307
0.06778598
0.00838529
0.03392477
-0.14574440
-0.01210972
-0.11635800
0.14902587
-0.03652348
0.02996910
-0.08618174
-0.01322727
-0.19616908
-0.05019214
0.09331583
0.13525747
-0.00996691
0.02199561
-0.05572122
-0.09302564
0.00255104
0.01734604
-0.14119516
0.15993847
-0.03068678
-0.11614166
0.18202038
-0.04261886
0.08441018
0.01661743
-0.01128296
-0.11631121
-0.10581023
-0.05513566
-0.04692598
-0.16834131
-0.03299593
0.00337736
-0.07447322
-0.07563482
0.00359433
-0.09175177
-0.03599245
-0.07778441
0.04504571
-0.00572943
-0.11874977
-0.15639642
-0.04862715
-0.07915272
-0.09484765
-0.07942306
0.02958959
0.03093379
-0.18923448
-0.02828328
0.06131951
-0.17963481
-0.09044391
-0.04564797
-0.21684486
-0.13820425
-0.07423612
-0.11340728
-0.18452075
-0.12292114
-0.06815325
-0.11260106
-0.01998009
-0.02810870
-0.30564743
-0.01230766
-0.02264356
-0.14291671
0.03726907
-0.15760259
-0.14841026
-0.14693750
-0.13450040
-0.22844702
-0.06681637
0.11494725
0.02203632
0.06263064
-0.04376700
-0.00904642
0.21264802
0.17058967
-0.14238693
0.34119168
-0.09446501
0.10400368
-0.17248805
-0.13580911
0.03958227
0.33408356
0.10639282
0.05578632
0.00557252
0.22930028
-0.01641899
0.00412938
0.04222831
0.20712161
-0.07679446
-0.11033580
0.19301218
0.08611038
-0.11260892
-0.09279978
0.04150309
-0.17346768
0.05436995
-0.12399133
-0.01407392
-0.23688465
0.01332441
-0.07862351
-0.12451340
-0.13006747
-0.00864233
0.19324239
-0.04796796
0.05640660
-0.12875891
0.03671504
-0.10066275
-0.09348921
0.05849773
-0.01871942
-0.00520998
0.11898645
-0.00355590
0.03606737
-0.17560598
0.13175675
0.00216307
-0.25737318
-0.03618637
-0.02109101
-0.01635392
-0.09746634
-0.10166104
-0.09726753
-0.18143047
-0.01735766
-0.13391794
-0.01376397
0.03149784
-0.02582109
-0.24485280
-0.03061245
0.00521546
-0.21488975
-0.01227972
-0.17510600
-0.13148342
-0.09256762
-0.21062697
-0.14783736
-0.22585371
-0.09630403
-0.10446434
-0.26041016
-0.03293942
-0.06268016
0.03687854
-0.03538511
-0.13698469
0.13299653
-0.00210357
-0.00206830
-0.13753447
-0.14900552
-0.00942914
0.40728086
-0.12309437
0.17649849
-0.05817358
-0.05340240
-0.01836511
-0.05663743
0.05381499
0.21866311
0.02160167
-0.07369865
0.21797444
0.00625741
-0.04455872
-0.02238021
0.00921578
-0.04859547
-0.19840553
-0.12682304
0.02304915
-0.14758997
-0.04235462
0.01900291
-0.21361077
-0.14267544
-0.02847695
0.07154427
-0.12661295
-0.00909283
0.05758192
0.06129389
-0.16659892
-0.19150312
-0.02563642
0.07442296
-0.00617658
0.15354070
0.04747339
0.00653403
-0.00410496
0.12873909
-0.04346862
-0.21650250
0.16726522
-0.01767648
-0.21864067
0.02496800
-0.10322689
-0.11098284
-0.07893959
-0.08201057
-0.01904657
0.09379482
-0.05801463
0.00103575
-0.07111081
-0.11269375
0.01626508
-0.02540572
-0.12401478
-0.13035841
-0.03949547
-0.12368722
-0.15475969
-0.14958082
-0.04682402
-0.13660681
-0.09332214
-0.16766758
-0.09862626
-0.08644909
-0.06623035
-0.12513168
-0.06338435
0.12293483
-0.13738176
-0.02808384
-0.06815479
-0.11399395
-0.05715146
0.09301286
-0.16737568
0.16882969
0.03200818
0.04921768
-0.10008892
0.01195138
0.12438782
0.11140296
-0.02907884
-0.19090043
0.01934377
0.06448415
-0.23287904
-0.21354946
0.12875681
-0.07456646
0.00917865
-0.05443440
0.00026605
0.10085570
-0.02903086
0.06630138
-0.10025869
0.01873001
-0.03576481
-0.02006919
-0.02134530
0.02890697
-0.18630762
-0.02602466
0.00409161
-0.28113320
0.09184813
0.06126795
0.02511769
0.10831261
0.01971454
0.02694612
0.06455631
-0.07345720
0.01244418
-0.29491842
-0.05907148
-0.04165932
0.03707462
-0.05756433
-0.00346520
-0.10984443
0.06393991
-0.02570121
0.09857863
0.12041727
-0.05026650
-0.00462448
0.00514241
-0.15373002
-0.01148568
0.16689305
-0.08415863
-0.07790759
-0.00838960
-0.10863401
-0.11081433
-0.09097554
0.17496431
-0.07936849
-0.05759514
-0.07581740
-0.05217109
-0.01650624
-0.18060592
-0.22226825
-0.06782038
0.16376314
-0.30101809
-0.10664189
-0.18630914
-0.20541772
0.02270620
-0.02694935
-0.12544236
0.05111307
-0.08577962
-0.19579799
-0.06754670
-0.10683850
0.03626413
0.05392972
-0.04959509
-0.13025306
-0.02799327
-0.01865115
-0.17422558
-0.14324202
0.21469072
0.03811130
-0.06787465
-0.04701441
-0.03778734
0.00991095
-0.02877726
-0.06673693
-0.02546209
0.00007903
-0.02230507
-0.01332448
-0.02278189
-0.06476066
-0.15666904
-0.04593636
-0.10919920
-0.07090110
-0.01411645
0.09671272
0.12134315
0.14560664
-0.03871916
-0.01243007
0.27235094
-0.01026707
-0.04816768
0.21162196
0.11217376
-0.05750515
-0.16615267
0.05162130
-0.14127700
0.14385384
0.14417586
0.14449921
0.04913832
0.33408856
-0.04494995
0.02507856
0.16072997
0.07948693
-0.04028115
0.10899565
-0.12640147
-0.02172084
-0.41118798
-0.06152606
0.01947050
-0.11713147
0.08911484
-0.04139546
0.01579332
0.03498266
-0.12372527
-0.06014806
0.09177184
0.03042578
-0.12358740
0.18639925
0.05719094
0.08453035
-0.13085967
-0.01360457
0.01008827
-0.18444815
0.13190605
-0.19658278
-0.13580714
0.05181019
-0.09768833
-0.07028442
-0.13749199
-0.04839521
-0.05774056
0.12643124
-0.04255639
0.09711720
-0.12404948
0.02645931
0.11633953
-0.16359302
-0.16443525
-0.00628649
-0.07039584
0.00172038
-0.13205759
-0.06924967
-0.00842682
0.02611010
-0.06595094
-0.02066128
-0.17474744
0.10561527
-0.07430636
0.06516068
-0.03469451
0.04914934
-0.21684590
-0.12507313
0.00434608
-0.10241750
-0.08330481
-0.01237654
-0.02559405
-0.07162688
-0.11583449
0.15058061
0.10938137
-0.08164163
-0.26548028
-0.03499755
0.15412931
0.11410092
0.01026613
0.10533005
-0.14604768
-0.11496074
-0.08238177
-0.08761954
-0.23875551
0.11945190
-0.10433736
-0.28800502
-0.05779933
-0.02172818
-0.37707719
-0.14277096
-0.00148061
0.27796155
-0.22877994
-0.09344743
-0.06151427
-0.02174022
-0.06307006
0.02519569
-0.16034585
-0.04446993
-0.07955991
0.00687557
-0.04088104
-0.09163018
-0.11088149
-0.10182281
-0.02265519
-0.09731990
-0.13711061
-0.09103616
-0.06867564
-0.14597875
-0.00892929
-0.00543224
-0.28631985
0.02686225
-0.07595251
-0.19119214
0.21730018
0.12605280
-0.07914332
0.17896193
0.18989864
-0.01448524
-0.08957238
-0.07234038
-0.01669824
-0.18825907
-0.07424461
-0.07544732
-0.15906101
-0.07169215
-0.10159510
0.04803623
-0.06666427
-0.07439849
-0.05232145
0.06884415
-0.08348380
0.13904770
-0.08776297
-0.05187136
-0.13855572
-0.19882686
-0.00674580
-0.10105114
-0.26645735
-0.12556569
-0.10349000
-0.25663087
-0.00875911
0.03231090
0.05467927
-0.03314542
0.12816241
-0.07370500
-0.37057441
0.12475454
-0.13666447
-0.18026489
-0.19110611
-0.02480483
0.10726909
-0.04219811
-0.00521731
-0.48956433
-0.36255223
-0.17892313
0.02113368
-0.18492761
-0.16040348
0.05878996
-0.37097630
-0.00670752
-0.04409442
0.04168830
-0.21125154
-0.02742257
-0.03540241
-0.01398967
-0.11730101
-0.24092135
-0.28423575
-0.05848228
-0.35414201
-0.19869527
-0.04241129
0.21244235
-0.20977458
0.32207540
-0.02705860
0.33609125
-0.09511840
0.10397922
0.14005290
0.36844671
-0.10541757
-0.29143828
0.09086829
0.00428838
-0.08060587
-0.04295563
-0.12508912
0.04416003
-0.04065618
-0.16659434
-0.08399395
0.01572896
-0.06614134
0.03722840
-0.20013237
-0.06441540
-0.02976389
-0.00940805
-0.14461681
-0.10594100
-0.02188029
0.03912327
-0.32976568
-0.02910266
-0.03879391
-0.02084010
-0.05016943
0.01953987
0.01565522
0.04047006
-0.14574960
-0.07255854
-0.02097740
-0.36632335
0.02316779
-0.02726641
0.11508560
-0.00223631
-0.08336885
-0.10247039
-0.08972478
-0.19663373
-0.10404856
-0.10132672
-0.10891721
0.01862211
-0.21176568
-0.19623929
0.05920415
-0.33712870
-0.29659414
-0.07555082
0.36513206
-0.07118475
-0.06680735
-0.14611758
-0.07599969
-0.02525920
-0.07376093
-0.04683661
-0.12035891
-0.02824768
-0.07651603
-0.06501298
-0.05472311
-0.31099942
-0.05810701
-0.02938452
0.35166514
-0.03947841
0.02578136
-0.02494119
-0.23606691
0.15995178
-0.02472616
0.36550969
-0.04038384
-0.01492569
0.15016122
0.14950871
-0.17840147
-0.38124841
-0.19682039
-0.16550416
-0.29383081
-0.11271073
-0.15017924
0.25601554
-0.15062705
0.04671653
0.04966953
0.27652016
-0.00775449
0.02282139
-0.04136294
0.04620444
-0.05030962
0.04430145
-0.10669950
0.02957731
-0.25326517
-0.16975424
-0.04834010
-0.24072917
0.12412044
-0.10758352
0.03724612
-0.01145711
0.02077658
-0.02450414
-0.17241147
-0.07126503
-0.02497564
-0.23652345
-0.05684346
-0.02899210
0.14652652
0.00089237
-0.08664630
-0.13917384
0.04771593
-0.11369412
-0.00452736
-0.09547054
0.01491587
-0.00447680
-0.18115734
-0.13641790
0.04937436
-0.08606070
-0.13203043
-0.14182548
-0.38096330
-0.11398234
-0.23265608
-0.13142401
0.07658485
-0.12351832
-0.05483370
-0.04960708
-0.05524239
-0.01047445
-0.25222924
-0.02573399
0.02477392
-0.11186308
-0.18310334
-0.06368497
0.03383635
-0.26778257
-0.13190226
-0.16693263
-0.04581167
-0.14138444
-0.08533318
-0.14278446
-0.20335887
0.00014777
-0.05139969
-0.26558170
-0.18107854
-0.03022240
-0.33716285
0.04939653
0.11353280
-0.10991865
-0.00345424
0.08559540
-0.14921506
0.07364457
-0.04893125
-0.03625844
-0.15988126
-0.02988504
0.17135753
0.02555008
-0.08569586
-0.29642713
0.15235952
0.15970576
-0.17709537
0.17487532
0.15515463
0.06121461
-0.22204760
-0.04634478
-0.14114809
-0.27454084
-0.15498661
-0.11303906
-0.38825235
0.10805368
-0.20432861
0.31567332
0.10936002
0.28089392
0.12690321
0.14195991
0.25457031
0.01521625
-0.16573282
-0.08313087
-0.09701007
-0.25001380
-0.14325185
0.01366020
-0.22879352
-0.08391545
-0.04800681
-0.28464919
-0.04012216
0.11204662
0.26946834
0.16409193
0.09347011
0.22921243
-0.18443964
0.09470464
0.12600395
-0.03943488
-0.02833015
-0.02762254
0.17415728
-0.13893408
-0.07162452
0.06248900
-0.08838139
-0.02093980
0.04898775
0.13063869
-0.00191967
-0.08379947
0.28343934
0.01271964
0.10130163
0.44854382
-0.02753212
0.07885920
0.19518949
-0.16846383
-0.08907032
0.08440062
-0.06464595
0.05384809
-0.00924683
-0.03419710
-0.00280454
0.05401407
0.14679566
-0.02445046
0.02612444
0.25925630
-0.13751052
0.02430463
0.01803471
-0.23051921
-0.02209659
0.02709441
-0.36582059
-0.10502978
0.08128924
-0.17699283
-0.12389047
-0.16462164
-0.00764890
0.34561628
-0.02382994
0.04442650
-0.06201848
0.00370406
0.21977319
0.02503963
-0.11577827
-0.15367137
-0.17429666
-0.16803214
-0.01525258
-0.17895097
-0.13846236
0.21228173
-0.14491057
0.15493193
0.09913357
0.09783348
-0.19474404
0.00672426
0.33309647
-0.15184273
-0.14273457
0.37323260
-0.39723450
0.12057642
0.33507115
-0.09416256
0.02273796
-0.00236657
0.21738152
0.05072772
0.08875987
0.08246188
-0.10239825
-0.00573575
-0.04624008
-0.01537859
-0.15455286
0.35263887
0.01297469
0.13435484
0.07517280
0.15307157
0.12052591
-0.05150865
0.15035585
-0.00266581
0.02566377
0.12492611
0.00779861
-0.00217415
-0.01223940
0.07175303
-0.10316088
-0.05111846
0.04707351
-0.03734310
0.05312293
0.02832022
0.03312898
0.00474623
-0.06638072
-0.08589854
-0.00394786
-0.06032775
-0.08224382
-0.03103889
-0.11983600
-0.16076379
-0.06741494
-0.08607697
-0.09111600
-0.02807516
0.13728170
0.00910377
-0.07421119
-0.18714453
-0.11832988
-0.06669311
-0.03281199
-0.00445590
-0.05662211
-0.01376558
0.00616554
-0.15916054
-0.12683953
-0.31409636
-0.10840006
-0.00871863
0.35225773
0.15910667
-0.00198430
-0.15156566
-0.09137633
-0.14887664
0.00904483
-0.06526061
0.01818203
-0.01816387
-0.19303814
-0.06835417
-0.08016941
-0.20078038
-0.03481492
0.15365183
0.30256739
0.28582731
0.00448741
-0.15291683
-0.07423707
-0.10890749
0.04162254
-0.11353137
0.06876103
-0.01594098
-0.17311902
-0.06858743
-0.02399249
-0.07570919
0.08570906
-0.11546469
-0.15306345
0.13140443
-0.05972265
-0.04707540
0.09627900
0.02160239
0.00940175
-0.10553730
0.01105674
-0.04899319
-0.16725698
0.03672477
-0.07416660
-0.05655761
-0.04890493
-0.10207696
-0.29541057
-0.14234588
-0.10019272
0.02495627
-0.05675718
-0.16986601
0.00836096
-0.06158188
-0.02312811
-0.01027505
-0.23450406
-0.10812714
-0.00915710
-0.33005729
-0.12004760
-0.13506448
-0.05513616
-0.14555362
-0.09807912
-0.31667250
-0.03820946
0.00416771
-0.02521653
0.14927302
-0.10849928
0.05881703
0.04604286
-0.01409655
0.04183427
-0.24114996
-0.08242892
-0.14150050
-0.13604109
-0.17953956
-0.19179747
-0.17072327
-0.11271779
-0.04837195
-0.02204938
0.05397947
-0.03452597
-0.03638748
-0.12803835
-0.04395320
-0.02383234
-0.11577196
-0.15453795
-0.09108090
-0.10017087
-0.13140880
-0.09469727
-0.16699100
-0.07877558
-0.05931603
-0.01588647
-0.06116417
-0.04962563
0.04059912
-0.12713477
-0.04904779
-0.00031976
-0.06247938
-0.13368352
-0.00890855
-0.23288323
-0.16531993
0.01147153
-0.07155901
0.03287053
-0.01546212
-0.06636146
-0.05502028
0.01396596
-0.05861438
-0.14491053
0.06866684
-0.09272296
-0.18968955
-0.08114696
-0.04599237
-0.22776859
0.00163879
-0.05448011
-0.05292066
-0.08135235
-0.02084531
-0.05174905
-0.06112967
-0.05380708
0.01692777
-0.12608606
-0.07857746
0.01696581
-0.24122170
-0.11269757
-0.15255171
-0.27001184
-0.08777710
-0.13115796
-0.22125210
-0.07529014
0.10195261
0.07290024
0.05999590
-0.10288318
0.04615686
-0.00503212
0.17648956
-0.06511150
-0.00778224
-0.07895922
-0.13453825
-0.17256176
-0.17078552
-0.06400798
0.08542114
0.01992791
0.12027975
-0.00837350
0.13566199
-0.08820127
0.08171573
0.02575734
0.07262810
-0.06100869
0.01492356
-0.21387322
-0.11600871
-0.20855346
-0.17188595
-0.03743097
0.10620122
-0.00860646
-0.05748654
-0.03980263
0.02804186
-0.06572519
0.01267537
0.00393319
0.15382405
-0.05857487
-0.00461126
0.00085556
-0.12622526
-0.20086038
-0.04982909
-0.10991605
0.03136890
-0.12767343
0.00454246
-0.11590939
-0.12106977
-0.08448589
-0.06521333
-0.10667777
0.09651686
-0.05253690
-0.12102178
-0.04272611
-0.16505957
-0.09654233
-0.05644212
-0.07641035
-0.09537423
-0.19879553
-0.03142355
-0.05504986
-0.10069872
-0.06391831
-0.08530782
-0.11627141
-0.03768571
0.04644771
-0.22053435
-0.05763615
-0.21404053
-0.20599985
-0.08252157
-0.11601499
-0.13257191
-0.14848763
-0.01637414
0.01857363
-0.02372894
0.05078826
0.05029289
0.12044223
-0.03533474
0.01053890
-0.10067127
0.00152859
-0.09522973
0.04950215
0.05211803
-0.11633384
-0.06870721
0.00344214
0.03557515
-0.06745591
0.07287082
-0.03014797
-0.01374002
0.03309971
0.03797859
-0.06343830
0.10735717
-0.01553838
-0.11147776
-0.18886624
-0.14562781
-0.07192270
0.01027258
0.05763131
-0.00021729
-0.03972312
-0.11252272
-0.08844212
-0.09768265
0.04229603
0.06074758
-0.07252368
0.18310654
0.06019813
0.14405406
-0.22990970
0.02752424
0.02066777
0.03663994
-0.03938839
-0.11977743
0.01176343
-0.28342488
-0.08823671
-0.11741112
0.03387866
-0.21415493
-0.18778783
-0.07219361
-0.13340516
-0.20702867
-0.19418149
-0.06918207
-0.23422381
-0.09227596
0.11991255
0.10265955
0.16097762
-0.09942591
-0.09783391
-0.12279438
0.21602310
-0.02610040
-0.09263275
0.37170851
-0.18015783
-0.14704113
-0.27284908
-0.14293495
0.00126826
-0.07922950
0.27057153
-0.11569965
-0.07450803
-0.00769229
0.00172403
0.01760694
-0.18029401
0.06022001
0.00947318
-0.28254923
0.02765105
0.00872085
-0.13108812
-0.15608671
0.04156584
-0.22935802
-0.18805541
-0.01285136
-0.06197036
-0.04556970
-0.09138023
-0.06231705
-0.10788366
0.11596625
-0.07658596
-0.01975796
-0.14594702
-0.06047159
-0.43911988
-0.15824968
-0.11256552
0.25109509
-0.09517021
0.15382928
-0.07784854
-0.02789269
-0.15541324
0.01683769
0.00951471
0.11722825
-0.08862787
0.28273121
-0.06636338
-0.02251959
-0.29581550
0.00465928
0.11625575
0.33438727
-0.06800995
-0.09090028
-0.01376102
-0.24381296
-0.08055910
-0.11354435
-0.09115300
-0.06687802
-0.16990030
0.05811671
0.02326759
0.26596850
0.06729960
-0.03037440
0.29839066
-0.05564610
-0.02986224
-0.12555082
0.05418962
-0.08801456
0.05507323
-0.12026094
0.09025558
-0.16464129
-0.15175621
0.01720983
0.13224509
0.26642072
-0.08208239
0.28453490
0.35779521
-0.03244855
-0.02432595
-0.17263761
-0.02615989
0.06489852
0.18274564
0.01169942
-0.34698600
-0.14837936
0.02506888
-0.66832596
0.23234117
-0.01250242
0.13982530
0.10656088
-0.25545183
-0.28742638
-0.09511408
-0.18355490
-0.04126022
-0.03675129
0.00519673
0.12531812
-0.37798077
-0.22452429
0.14006127
-0.49800256
-0.17795247
-0.14152920
0.86512899
-0.07143769
-0.12609045
-0.31804550
-0.30231032
-0.18649454
-0.02826096
-0.01229293
0.04282626
-0.02040759
-0.27324685
-0.15756944
0.05175565
-0.49379885
0.05892611
0.03947461
0.56286836
0.14893551
0.13777022
-0.11485497
-0.18080442
-0.12159108
-0.09874271
-0.01824211
-0.04674887
0.03774321
-0.29139984
-0.22721034
0.05448216
-0.61141849
0.01033134
0.10280775
0.30532473
0.25192583
-0.05234254
-0.15888590
-0.25621399
-0.24417661
-0.01875866
-0.07788441
-0.00922066
-0.03567876
-0.39958659
-0.30035108
-0.10101584
-0.58382863
-0.25934136
-0.11944316
-0.17413715
0.04676633
-0.31665310
0.06555267
-0.11768058
-0.05965175
0.09884324
0.15532221
0.03787278
0.03371227
0.14916235
-0.10311038
0.03282684
-0.05523785
-0.14593449
-0.16546623
-0.36889496
-0.13204187
-0.26398098
-0.19416970
0.10836142
-0.00742589
0.10675836
0.39400715
-0.01986385
0.03947119
0.03289045
-0.07027278
0.07803732
-0.28203014
-0.39990866
-0.21879591
-0.17395408
-0.24461335
-0.41769308
-0.42444396
0.11870660
-0.15554088
0.08860065
0.20486102
0.04317342
0.09261245
-0.02411097
-0.30125746
0.03667236
-0.15633252
-0.33707035
-0.25121999
-0.03028608
-0.13665786
-0.43807882
-0.43936181
0.20139819
-0.11094439
0.01973637
0.04837914
-0.04600829
-0.01815346
0.06899590
-0.20419808
0.04831915
0.08452964
-0.31103680
-0.09633648
-0.35893661
-0.04318292
-0.30968115
-0.29159808
0.17653646
-0.14286806
0.02531824
-0.23540458
-0.00882126
-0.05485443
0.05751265
-0.17232077
-0.02199105
0.17217241
-0.13246435
0.02041951
-0.46886489
-0.07369114
-0.12069497
-0.11072705
0.09738495
0.02098303
0.12181789
-0.17155141
-0.07159510
-0.07949664
0.23801121
0.08824576
-0.07412641
0.30645391
-0.01836551
0.03971171
-0.14911245
-0.02670230
0.11674144
0.17207547
0.27127188
0.16255338
-0.05361419
-0.02606775
-0.01955076
-0.04974638
0.14484270
0.33317912
-0.05873267
0.26897615
-0.06354111
-0.00521512
-0.23839177
0.06023339
0.03555904
0.06557233
-0.05729784
0.10709731
-0.06486245
-0.11146118
0.02712495
-0.04526097
0.09790260
0.24756408
-0.03760887
0.02119086
-0.04877789
-0.02550834
-0.02389938
-0.01331027
0.12080479
0.09022548
-0.01749526
-0.05469339
-0.02969045
-0.13739547
-0.02257644
0.03596652
-0.03285757
-0.00273678
-0.01018234
0.05398238
-0.03034104
-0.01944721
0.08273102
-0.01942744
0.10298860
0.08752939
0.02330425
-0.09897956
0.05903859
0.02254797
0.06137024
0.03113708
-0.10526013
-0.15758821
-0.03629145
-0.08322154
0.03333456
0.00783772
0.03398339
0.06287279
0.11917475
-0.09018318
0.16594012
-0.05991175
0.04768440
0.11775021
0.06523862
0.05587935
-0.10665902
-0.09372061
-0.05800352
-0.08656216
0.12312990
-0.04397665
-0.01935552
0.08485851
-0.07085905
-0.23805322
0.02397114
-0.08074258
-0.03390480
-0.05587814
-0.00837804
-0.01024204
-0.15703256
-0.17083995
-0.01900544
-0.11098907
-0.15640783
-0.03062379
-0.06808911
-0.14573050
-0.11981069
-0.14965518
-0.16859718
-0.04198005
0.06800813
-0.10130049
-0.01116694
-0.05978342
-0.09058400
-0.09656902
-0.00960345
-0.41214484
-0.06661090
-0.11125313
-0.08725290
-0.03245312
-0.16828020
-0.14601180
0.20777994
0.03097369
0.13182831
0.20969762
-0.04123539
-0.00429917
0.12556498
-0.11039843
-0.00964405
0.04707275
-0.21866101
-0.20034046
-0.04082783
-0.07134579
-0.18362206
-0.13350397
0.27214575
0.00729487
0.04466806
0.31270254
-0.06763323
0.07027537
0.16760279
-0.11507449
-0.03209691
0.12891434
-0.33193517
-0.22062278
-0.09335137
-0.22308208
-0.15219373
0.02974180
-0.01859412
0.10013775
0.00910412
0.15836567
-0.02215161
0.02738223
0.02368994
0.03527619
-0.06318399
0.07215487
0.09691497
-0.10558792
-0.14657861
-0.04949044
-0.07981490
-0.01908169
-0.02520884
0.03238727
0.00369169
-0.04990616
-0.04134645
-0.00231409
0.01153447
-0.13103056
-0.01572162
0.01680519
-0.11696444
-0.20546770
-0.14377135
-0.11202437
-0.09957796
-0.23202895
0.13401835
-0.01671157
0.05471417
-0.08602525
-0.09463096
0.02413692
0.08592253
-0.10221496
-0.13021542
0.44210103
-0.09883105
-0.10352509
-0.12360904
-0.14565808
0.06657882
-0.08983781
0.18179274
-0.00386643
-0.01470270
0.02579034
-0.11955143
-0.01017718
-0.01281736
-0.08184735
-0.09156998
0.28194031
-0.12994483
-0.12271921
-0.11840733
-0.05995814
0.02219767
0.05840258
-0.14490190
0.00815374
-0.10355172
-0.00711920
-0.16986865
-0.05167945
-0.14459710
0.12590685
-0.08252457
-0.19531254
-0.02945994
-0.07962216
-0.16013823
-0.27494538
0.00096816
0.19088870
-0.15646490
0.10744292
-0.05246179
0.06518274
-0.00432323
-0.01207673
0.17648722
-0.00771797
-0.03929176
-0.16288805
-0.00818399
0.01637888
0.17283849
0.09626530
0.04330726
0.02217276
-0.03469472
-0.16321664
0.01171408
0.03994893
-0.01613646
0.00921229
0.08185812
-0.16158809
-0.12639368
-0.02176189
0.00329913
0.06589199
0.06625884
0.05262433
0.06524014
-0.02523258
-0.06952772
-0.06345560
-0.13799015
-0.14593139
-0.04664653
-0.02089764
-0.13164833
-0.11877973
-0.11724951
-0.04938451
-0.03785893
-0.17828260
-0.34522375
-0.14536475
-0.08532602
0.24107088
-0.32195696
-0.07161165
-0.01761141
-0.07428004
-0.18637963
-0.01705415
-0.38719934
0.00452473
-0.10330637
-0.38827491
0.00530729
-0.10744265
-0.33890846
-0.13712801
0.00032677
0.14660795
-0.13501340
-0.08249778
-0.00070734
-0.22523239
-0.06556459
-0.08125012
-0.22760123
0.08292633
-0.12730838
-0.17843892
0.12211794
0.04109231
-0.12211160
-0.09081503
-0.04021211
0.01589914
-0.11275599
-0.10960604
-0.08346991
-0.13383487
-0.00271299
-0.02530063
-0.21369262
-0.00615085
-0.09161264
-0.36623511
0.00560655
0.04462441
0.06688441
0.09276340
0.05088483
-0.05050606
-0.25999054
-0.12425251
-0.03990200
-0.08383114
0.00545351
-0.06289666
-0.26864293
-0.14353670
0.00271326
-0.15082064
-0.11492185
-0.12887964
-0.08156776
0.00331029
-0.07189506
-0.03528439
-0.14715119
-0.12947652
-0.06789967
-0.11619604
-0.04637224
-0.05996079
-0.26600352
-0.01626165
-0.07227933
0.00713749
-0.10521069
0.14597414
-0.18200164
0.07963709
0.11388790
0.05052477
-0.14486940
-0.10802198
-0.02606137
-0.13068758
0.02622755
-0.07824700
-0.17317478
0.01285094
-0.11628493
-0.23358852
0.14340259
0.07746230
-0.06869616
0.06281730
0.03419095
-0.01386756
-0.03138139
-0.11131027
-0.01900302
-0.16559882
0.03087238
-0.04415650
-0.20096949
-0.03541403
-0.03070542
-0.13057788
0.12583199
-0.05447221
0.10200770
0.07619375
-0.09224261
-0.04049316
-0.03567854
-0.02441880
0.04542746
-0.05869012
-0.02347218
-0.03031653
-0.07873180
-0.07994221
0.03709274
-0.05997763
-0.03352297
-0.08877029
0.06415701
0.04607705
-0.16362861
-0.11796497
0.03764813
-0.03784472
-0.04986933
-0.09524976
-0.01985229
-0.06334404
-0.04563208
-0.10651119
-0.03447944
0.25715759
0.01670578
-0.09421737
0.09108662
-0.00969211
-0.05459528
-0.11981846
0.02683513
-0.04765118
0.00115570
-0.11686321
0.04136814
-0.02351150
-0.05909894
0.06584997
-0.03340959
-0.03058267
0.18713960
0.15633371
-0.10591289
0.14272963
0.03977599
-0.11105597
-0.12056134
-0.05541647
-0.02915250
-0.17766134
0.09449204
-0.06561663
-0.13388449
-0.09183951
-0.01586635
-0.07968640
0.18618836
-0.03149579
-0.21961647
0.15736596
-0.09814923
-0.04718931
-0.06970777
-0.08030732
-0.06606662
-0.07588083
-0.03295911
0.00254204
-0.12047985
-0.10584833
-0.00462713
-0.26575530
-0.10834958
-0.10367036
-0.21447565
-0.20080233
-0.15986168
-0.14905699
-0.07352442
-0.05690398
-0.04873995
0.00123009
-0.04752420
0.02486134
-0.14482407
-0.03153232
0.01118901
-0.12923191
-0.04566631
-0.05038166
-0.03846624
-0.05256550
-0.13431221
-0.07381289
-0.11141975
-0.06000619
-0.06020696
-0.03213045
-0.01653494
-0.04934555
-0.18173447
-0.10787771
0.01522096
-0.21356961
-0.03150389
-0.10869379
0.00681722
-0.05532732
-0.16644345
-0.19673683
-0.12913224
-0.09678855
0.04247309
-0.10082772
0.03030264
-0.04327947
-0.19933993
-0.12792970
0.07114817
-0.43940660
-0.02372191
-0.04626844
0.04353885
0.04415290
-0.13217478
-0.21780960
-0.03185177
-0.05995603
0.11588012
0.00275223
0.01282883
0.04181705
0.05286521
-0.16804267
-0.00863451
-0.10369563
-0.05863309
-0.08903436
0.10056696
0.01803337
-0.12890311
-0.23179843
0.18595551
-0.02858902
0.06184204
0.07781751
-0.08759290
-0.02554394
0.01117678
-0.17477858
-0.08393862
0.28303131
-0.20629020
-0.05952334
-0.04222430
-0.16969793
0.02025018
0.01163924
0.09580214
-0.08566093
-0.10064280
-0.03920659
-0.01381782
-0.04570674
-0.19523643
-0.03767960
0.03191303
-0.20742793
0.02481517
-0.09554669
-0.17271794
-0.01216329
-0.08314862
-0.14256558
-0.17896482
-0.06295101
0.13370109
-0.09508948
0.02227026
0.01451046
-0.07652443
-0.13057934
0.05297713
-0.24916188
-0.05366822
-0.11989506
-0.15132345
0.00707623
-0.12748630
-0.14008391
0.22445397
-0.06063370
0.14054880
0.05610957
-0.02873187
0.04436439
0.15142074
-0.05851280
0.02175194
0.14364275
-0.06810483
-0.06749041
-0.07428424
-0.04193854
-0.01963936
-0.13961716
0.21360989
0.08617489
0.07668766
0.10192474
-0.09947965
-0.00573548
0.07296457
-0.01399762
-0.01377941
0.31891581
-0.09678613
0.01774580
-0.13624398
-0.08490743
0.14123395
-0.05362582
0.10722993
0.00148010
-0.09077604
0.02089309
-0.09139095
-0.00808306
-0.06967942
0.02137841
-0.05877313
-0.07084576
-0.05694680
0.00874315
-0.03483770
-0.03443291
0.05850682
0.02753157
-0.21190737
-0.14582203
-0.02876483
-0.01912957
-0.00234124
-0.00641163
-0.15137969
-0.02791750
-0.00528146
-0.19958435
0.00077035
-0.06362487
-0.11221080
-0.02212344
-0.13139054
-0.16501586
-0.02900572
-0.05395000
0.00253672
-0.17806657
0.02514696
-0.06034347
0.07110574
-0.12295701
-0.03038972
0.16351007
-0.03083505
-0.06577393
-0.17103775
0.00122911
-0.09768282
-0.13349847
0.12452176
0.02709208
-0.02752321
-0.08246884
-0.01686027
-0.07822845
0.20807076
0.00660627
-0.09756027
0.11423106
-0.06127195
0.13814817
-0.14535898
-0.04567913
0.17472962
0.13235684
-0.03412646
0.03628717
0.02121315
0.00001638
-0.02449927
0.04584876
0.00823734
0.05110491
-0.06965919
-0.14450388
0.04180316
0.08888901
0.22798608
0.26672509
0.07742696
-0.12076510
-0.07760835
-0.06624320
0.00388188
-0.00318722
-0.01276223
0.01116023
-0.10529974
-0.10073423
-0.04393368
-0.17968881
0.07016715
0.05890091
-0.02566423
0.07924952
-0.08146175
-0.12281528
-0.12024295
-0.04503492
0.01959836
0.13376391
0.04663810
0.02124217
-0.01824737
-0.00335726
-0.00890177
0.01975197
0.00772489
-0.04805118
-0.12206345
-0.02604032
-0.13617133
-0.16410644
0.08186246
-0.07767545
-0.05335106
-0.01763935
-0.05658559
-0.04664868
-0.07987071
0.03196722
-0.05490145
0.28854260
-0.04297532
0.14608704
-0.17050698
-0.13824263
0.11257640
0.02394797
-0.04255249
-0.03404648
-0.04437554
-0.08407559
-0.02058251
0.00440902
-0.02564717
0.09843065
-0.01581846
-0.30433151
0.18172741
0.05476078
-0.20223096
0.16372861
0.03486599
0.08566745
-0.08284321
-0.11058104
-0.01767650
-0.08629181
0.08647241
-0.06041430
-0.03029057
-0.12479385
0.04785756
-0.19665611
0.01073125
-0.08778629
-0.12417270
0.04282973
-0.11289357
-0.12513116
-0.09877636
-0.02883901
-0.05164097
0.02397662
0.03580858
-0.02626797
-0.02945032
-0.04116513
0.02045691
-0.14787914
-0.11488633
-0.10786267
-0.18574701
-0.16241503
-0.13480401
-0.02234189
-0.17855273
-0.05952996
0.00028531
0.02883483
0.02852640
-0.01636508
0.06657005
-0.02079089
-0.05614726
-0.13127673
-0.01755365
0.13195075
0.03082145
0.00155603
-0.02846524
-0.07366145
-0.02507811
-0.06132973
-0.07405192
-0.06996442
0.06365230
-0.02199857
-0.19788414
0.00258336
-0.08235607
-0.18847625
0.16061111
0.12155175
0.12640101
0.15477961
0.02498479
0.05041476
-0.11697420
-0.09474018
-0.04955274
-0.06160017
0.01099985
-0.03492636
-0.13113628
-0.05305482
0.01081171
-0.24425361
-0.12455741
-0.14507043
0.13812560
0.05593528
-0.11263607
-0.05477675
-0.04137507
-0.15339923
-0.05591002
-0.00153437
-0.05235919
-0.05012472
-0.18079907
-0.11774442
0.05210732
-0.24082647
-0.20803547
-0.09795406
-0.06828588
-0.07918508
-0.07873634
-0.11702604
-0.10314165
-0.06914181
-0.07005097
-0.07255296
-0.03010524
-0.01674482
-0.13349584
-0.11028937
-0.04634714
-0.25147805
-0.09614260
-0.15652280
-0.08962595
-0.10586520
-0.14259964
0.01174572
-0.05384294
-0.00946002
-0.01741425
0.06833420
-0.04536090
0.04435175
-0.06886170
0.15924107
-0.11531809
0.03754351
0.02183287
-0.02401160
-0.06934047
0.00197354
-0.11675487
-0.15700284
-0.10584813
0.06696450
-0.02042055
0.06528424
-0.02019294
-0.02392836
-0.06334819
0.12250098
-0.07845429
0.05368732
0.12904176
0.03979731
-0.33050457
-0.09421919
-0.17797132
0.03320836
-0.02670741
-0.15291397
-0.06372789
-0.17146440
0.02337277
-0.05680827
-0.23005632
-0.02898861
0.03778664
-0.27719426
0.06636258
0.08260491
-0.23104107
-0.07627688
-0.11074999
-0.05709700
-0.06433017
-0.16042669
-0.01876653
-0.12365498
0.13813482
-0.07023461
-0.30109060
-0.10698873
0.02514394
-0.22284652
0.12061256
-0.11948842
-0.33259311
0.12112296
-0.20648226
-0.22207575
-0.13494372
-0.27449441
0.05476783
-0.05902315
-0.04874537
-0.05119192
-0.23826881
-0.29896942
0.03499299
0.07810549
-0.20703618
-0.09085170
-0.28522715
-0.17554706
-0.09564099
-0.15207766
0.04241212
0.01505585
-0.04786367
-0.10169930
-0.07714665
-0.05829280
0.02671121
0.06442121
-0.18451084
0.47425133
0.08716121
0.04075141
-0.28246501
-0.10644553
-0.16774425
-0.10588057
0.03859977
0.00239974
-0.10274791
-0.33564982
-0.02418202
-0.15464485
-0.19711229
0.16708024
-0.03909250
0.10732582
0.25121343
0.17773226
-0.20740925
0.08609257
-0.02904236
-0.08875218
-0.10291128
-0.09633389
0.00770258
-0.05708121
0.00733867
0.03240985
-0.29959062
-0.07008528
0.04370333
-0.43598923
0.08029769
-0.03896883
-0.08840369
0.00687765
-0.15341008
-0.23405260
-0.11129974
-0.23865867
-0.01393532
-0.03997987
0.00847226
0.05108127
-0.37700841
-0.21909660
0.08606829
-0.36538309
-0.09049650
-0.09674647
-0.37465101
-0.16414316
-0.28341949
-0.33023566
-0.24902761
-0.22546174
-0.13646555
-0.11604299
-0.03121047
-0.00557774
-0.27209726
-0.24858561
0.06155311
-0.34882918
-0.16468111
-0.12477966
-0.15382320
-0.26209113
-0.15354770
-0.14641440
-0.30499101
0.01644748
-0.14744082
-0.30962679
-0.11486134
-0.03410391
-0.27701402
-0.10530638
-0.12638035
0.17296547
-0.06232512
-0.12447114
-0.40892339
-0.12283416
-0.11718577
0.23099263
-0.13649736
0.18244527
0.04255863
-0.00138187
-0.12211112
-0.04681591
0.03993051
-0.22850494
-0.06833569
0.03017234
-0.31577048
-0.20619136
-0.16416623
-0.25229028
-0.21639705
0.07722096
0.10858551
-0.06443555
0.08726075
0.19238651
-0.03035031
0.06112425
0.19221888
-0.08874316
-0.07358620
0.17900930
-0.22692730
-0.02721158
-0.13617234
-0.13328856
-0.13369431
-0.22597227
0.06172314
-0.00910871
0.14168705
0.19186135
-0.10616165
0.08635820
0.03147488
0.18045925
-0.08120306
-0.10111893
0.04606405
-0.01990394
-0.09710628
-0.04695890
-0.07700405
0.05749635
0.10543776
-0.10249034
0.00080636
-0.09875032
0.03131786
0.06516358
-0.06333633
-0.25634992
-0.02270184
-0.10183905
-0.03353899
-0.20483224
-0.03532455
-0.07449950
-0.26803643
-0.14051710
0.09281682
-0.08529910
-0.02959372
-0.14957318
-0.18049064
-0.06875343
0.00610687
-0.27750584
-0.19741377
-0.02084350
-0.22595847
-0.08155087
-0.29410374
0.03814578
0.11680242
0.13459265
0.01214404
0.05123101
0.08481829
0.24690312
-0.18634161
0.06852103
0.47711697
-0.37302983
-0.18463074
0.16495405
-0.34646088
0.27298313
0.61869627
0.25385374
0.18379375
-0.07444922
0.16566685
0.07268356
0.21986826
0.19978830
-0.04579878
0.05631988
0.29428124
0.01342185
-0.38469195
0.02815562
0.18602411
0.12646718
0.69590789
0.28740352
0.30382389
0.02824500
0.28875995
0.01128541
0.07020734
-0.00789408
-0.05087967
-0.00790179
0.07996519
0.00759380
-0.24540421
0.10295682
0.25531751
0.11248700
-0.28105775
0.12026123
0.15472311
0.13953534
0.27127382
-0.03770502
0.00962065
-0.05566650
-0.09825298
0.01011550
0.09331818
-0.10518846
-0.07585798
-0.03271715
-0.17650481
-0.09677301
-0.31370491
-0.30791533
-0.07846045
-0.06993569
-0.05704264
0.06216590
-0.06222317
-0.06597283
-0.20795761
-0.06243341
-0.08516494
0.43173701
-0.15289548
-0.19035412
0.13683829
0.04012530
-0.23241454
-0.18060769
0.05361978
0.18316558
-0.28197849
-0.23185520
-0.02473529
-0.07215710
-0.01035968
-0.00622746
-0.16322078
-0.24914640
-0.08182892
-0.53322625
-0.12354821
-0.00856454
0.34408528
0.03382893
-0.06533897
-0.15965630
-0.26398504
-0.21576053
0.02885851
-0.10405236
-0.01080471
-0.00709214
-0.31236875
-0.35480577
0.01792283
-0.52970207
-0.25935683
0.03585332
0.34329098
0.19524655
-0.05094970
-0.26577768
-0.15510458
-0.36264753
-0.00068218
-0.02760866
-0.04172944
-0.02960292
-0.35967097
-0.42514887
-0.15987742
-0.03854202
-0.14927839
-0.15381818
0.13618390
0.10585671
-0.16993909
-0.15529507
0.04072789
-0.23037474
-0.00886967
-0.01984704
-0.10282568
-0.03047359
-0.18841667
-0.13796493
-0.21016285
0.25661007
0.01848453
-0.01065531
-0.55169666
0.01844554
-0.05932994
0.07475647
0.00288787
-0.08123551
-0.01931908
-0.16497998
0.03163595
0.01558505
-0.24650517
-0.00874494
-0.05957617
-0.09044930
0.19533108
-0.01095186
0.11334788
0.07225177
-0.02175768
0.08255416
0.04791731
-0.06968349
-0.04632269
-0.14037873
-0.01978473
-0.02649154
-0.36602843
-0.06930758
-0.06187386
-0.24182345
0.07607023
0.12634313
0.02982662
0.12125954
0.01701193
-0.11313874
-0.14350219
-0.20818688
-0.02020116
-0.10439380
0.08664528
0.01478023
-0.26837388
-0.23210758
0.09715212
-0.47714001
0.07043853
0.02117105
-0.02201694
0.14972521
-0.05239549
-0.17658433
-0.09660011
-0.24113253
-0.09642190
-0.03607509
0.00546474
-0.02374214
-0.27186903
-0.15791818
-0.02202447
-0.15074177
-0.07685405
-0.06521668
-0.09406952
-0.04435522
-0.06383879
-0.21018571
0.02304681
-0.06177666
0.05601281
-0.13917854
-0.01431999
-0.03456674
0.02866771
0.03127010
-0.20484410
0.54826427
0.10483839
0.11389737
0.03288788
0.04301187
0.19562514
0.02016651
0.34948954
-0.05922607
0.01897162
0.12259557
-0.12401248
0.05487960
0.01442456
-0.01867709
0.00685550
0.09656685
-0.05108498
0.10325390
0.11731916
-0.09180962
-0.08418734
-0.13433053
0.11951107
-0.01764725
0.10835206
0.21257406
0.05071774
0.09937952
-0.02365927
-0.05258515
0.00347766
-0.12367947
0.31154677
-0.02429799
0.11572977
0.18768750
-0.18988095
-0.13603088
0.17220835
-0.12030571
-0.00167600
0.24585372
0.08975812
0.08670815
-0.16441853
-0.28351399
0.07539592
-0.29342622
-0.06822117
-0.24533832
0.17269570
0.07097097
-0.41570991
-0.38836837
-0.20565753
-0.18299833
-0.09325313
-0.07002125
0.01155152
0.07839817
-0.30590940
-0.28988469
0.06278555
-0.53740799
-0.24048865
-0.21962756
0.08255913
-0.20295380
-0.32670227
-0.30393231
-0.27810892
-0.14156993
-0.05476579
-0.17530295
-0.07449359
0.01952459
-0.25951064
-0.16861196
-0.04604525
-0.01358213
-0.15057270
-0.05295292
0.35712513
-0.08330379
0.04393501
-0.07226229
-0.19271319
-0.10823019
-0.04401862
-0.29499733
-0.00870189
-0.01894230
-0.10263295
-0.12987809
-0.07070662
-0.25083646
0.02223409
0.00827802
-0.05316687
0.10717023
0.08519289
-0.16624846
-0.09580307
-0.21410525
0.03134722
-0.25818965
0.02436521
-0.08403947
0.02728743
-0.32790864
-0.04297175
0.43184373
0.06147718
0.02733603
0.30414203
0.12406844
0.08425123
-0.34247670
0.23733523
0.01606000
0.12599294
0.47093493
-0.00450613
-0.00523988
0.28771320
0.06924175
-0.06138877
0.12939319
-0.21671134
0.16922252
-0.02600084
-0.03870532
0.05491894
-0.03483169
0.21840520
0.16571744
0.10336435
0.56449240
-0.01806703
0.14428550
0.12142491
0.06767146
0.00352025
-0.30908674
-0.29368922
-0.09940010
-0.00374416
-0.04802802
-0.23595092
-0.15607226
-0.03242453
-0.17923579
-0.02106069
0.08555446
-0.09423020
0.05683408
-0.31878653
-0.12186749
-0.00305198
-0.14871559
-0.30260947
-0.12297705
0.07845959
-0.07672903
-0.24616203
-0.26854455
-0.07149570
-0.24491429
-0.03047187
-0.39645261
-0.02414367
-0.09434620
-0.36152571
-0.15499446
-0.09478309
-0.22368449
-0.02570905
-0.01382087
-0.23303016
0.03886813
-0.09204375
-0.29748839
-0.05849771
-0.12064025
0.04690088
-0.16038911
-0.01872773
-0.05939838
-0.27576631
-0.04742173
-0.09271713
0.01885820
-0.05219134
0.04363132
-0.22831884
-0.00556980
0.09731968
-0.01397693
0.20015943
0.16503374
0.05094158
0.07793793
-0.13242687
0.01025361
0.24766487
0.04175945
-0.16204758
0.23563705
-0.00488035
-0.03904232
-0.11394440
0.02760507
0.05926329
0.30761117
0.14539757
0.28018913
-0.02477009
0.22679335
-0.18552499
0.12613498
0.44466215
0.14192821
-0.11658332
0.08664304
-0.02946884
-0.09695874
-0.03909346
-0.10114051
-0.13692200
0.30620134
-0.03935186
0.09057513
-0.11999021
0.03003105
0.00228452
-0.01451309
-0.03166522
0.24310745
-0.09088615
0.14838423
-0.02458031
-0.06247107
-0.17032769
-0.08755898
-0.07647296
-0.08374225
-0.02244665
-0.10469001
-0.07494412
-0.11848512
-0.10817439
0.00552134
-0.42466184
-0.17739479
-0.05131383
0.31298256
-0.23611985
-0.16225092
-0.16668703
-0.28186214
-0.31973225
-0.20035806
-0.23037037
0.08564612
-0.06863925
-0.11178453
-0.19501959
0.05577227
-0.01032524
-0.02107058
-0.06912676
-0.26206541
-0.14559180
-0.22985943
0.23530477
-0.05850273
-0.22433509
-0.04266822
-0.38676769
-0.01353493
-0.03680161
-0.02690970
-0.15431416
0.02799048
0.14355582
-0.21647099
-0.19458544
0.09545407
-0.16290732
-0.15626092
0.30247098
-0.02043864
-0.04001532
-0.10637739
-0.21506274
0.02408729
-0.08903428
0.02648991
-0.12501937
-0.11213870
0.04334173
0.08562360
-0.14023237
-0.04454924
0.06360543
0.08663325
-0.12655358
-0.02629800
0.17066723
0.31981269
-0.05405929
-0.01085785
0.01922061
-0.07171364
-0.11578043
-0.10432215
0.08675390
0.01853880
-0.17845264
-0.11919068
-0.08608934
0.15886340
-0.28189233
-0.01947290
0.14151981
0.10410891
0.09528013
0.15990950
0.05198089
-0.03350164
-0.00474169
-0.05071979
0.18279186
-0.08064122
-0.05856699
-0.06065113
0.04527364
0.06169140
-0.21371335
0.05154227
-0.02704020
-0.04771980
0.09023363
0.06771527
0.10596696
0.17883764
-0.13752101
0.06076188
0.07794402
-0.05491754
-0.02997950
-0.02075092
-0.16851817
-0.07001108
0.07645483
-0.04823622
-0.03370617
-0.00582400
0.21201432
0.08069603
-0.09422363
0.20169631
-0.04409192
-0.00413301
0.26755574
0.02690022
-0.02222353
-0.22767410
-0.01976816
-0.15123981
-0.24296667
-0.09848204
-0.21731228
0.09047492
0.06993715
-0.13865031
0.02575724
0.19484137
-0.07571188
0.02905286
-0.11023650
-0.14164600
-0.10500684
0.18857279
0.10710394
0.11962657
-0.13353592
-0.02154171
0.06624649
-0.27220502
0.04382141
-0.29814532
0.05457335
-0.02154024
-0.06116870
-0.01081055
-0.19705613
-0.32130173
-0.11160414
0.31220049
0.18726675
0.30427524
-0.03054040
0.18412988
0.10346994
-0.41000730
0.32858172
-0.07630217
0.01335556
-0.18814652
-0.03894701
-0.07907394
0.19228885
-0.09109846
-0.11849111
-0.11547214
-0.02435825
0.11263788
0.00029118
0.16717885
0.16638905
-0.00120120
-0.10442969
-0.14965154
-0.03160143
-0.09494749
0.07630146
-0.02461741
-0.09277185
-0.06089373
-0.05172125
-0.22235177
0.18361500
0.19162631
0.31096086
0.25511292
0.24060230
-0.00639749
-0.04201693
-0.10097557
-0.04933004
-0.19208032
-0.04828021
-0.06616791
-0.03694248
-0.04381890
-0.10904720
-0.04425081
0.03298019
-0.07106432
-0.01455785
-0.00264455
-0.03361920
-0.12273800
0.02819612
0.01923401
-0.01212879
-0.09960864
-0.10432032
-0.03490728
-0.19925921
0.17259975
-0.14541246
0.00158007
-0.03474327
0.07766961
-0.29410693
-0.01716133
0.10843877
0.06363400
0.03944470
-0.23042193
-0.02922644
-0.08139637
-0.01985499
0.02140017
-0.33497953
0.03455481
-0.15981211
0.17287391
0.13470805
0.23552421
-0.17417417
0.08348581
-0.03030424
-0.02275743
-0.04692355
-0.01659478
-0.05406787
-0.02971639
-0.08099093
0.01632740
-0.06072218
0.12832491
-0.01889485
-0.34464717
-0.00341076
-0.07664633
-0.32614544
-0.19197313
-0.18563671
0.05651735
-0.13329545
-0.07507304
-0.04761415
-0.01103766
0.11323237
-0.02528122
-0.02772244
0.05436815
0.00975425
-0.27298480
0.03138686
-0.12152287
-0.09223632
-0.15930691
-0.08013407
0.00753921
-0.19377092
-0.11572181
-0.06268668
-0.04129444
-0.10090117
-0.01685324
-0.10758331
-0.10072567
0.04738693
-0.14728999
-0.15859342
-0.11216450
0.14440250
-0.08927988
-0.05161010
-0.09490215
-0.18450607
0.22675641
-0.06410789
0.04808722
-0.16511171
-0.05290016
0.27072823
0.21163398
-0.03507099
-0.37573385
-0.21830136
-0.22012317
0.06717578
-0.08880021
-0.24600019
0.34502488
-0.23644847
0.29671037
0.04185281
0.31730321
-0.25530037
0.14447799
0.67677885
0.17503941
-0.14129202
-0.11228303
-0.24940343
-0.28223833
0.12196583
-0.20863035
-0.20277303
0.29209211
-0.16339129
0.01338103
-0.00969515
-0.08506036
0.00479640
0.02980862
-0.10051381
0.07838701
0.03104315
-0.17626978
0.10318504
0.01302389
-0.03821587
0.09152582
0.03107178
-0.00590917
-0.05479330
-0.05119189
-0.02770648
-0.06796071
0.04237477
0.01948063
-0.15980318
-0.08332388
-0.00475082
-0.23706867
-0.10305671
-0.00827687
-0.17823838
0.01390789
-0.06039067
-0.02713756
-0.08551583
-0.09451520
-0.08634611
0.00370255
-0.04160775
0.03287742
-0.09945042
-0.07204735
0.09977553
-0.33407161
-0.12733002
-0.07731657
0.22010322
-0.21993925
-0.11101940
-0.15767558
-0.07158452
-0.11941331
-0.06900874
-0.02216764
-0.04289510
0.04023869
-0.14039235
-0.11052258
0.04328636
-0.28093770
-0.11992401
-0.12124977
0.47765183
-0.11577933
-0.14891213
-0.13038369
-0.04460342
-0.01890067
-0.14618389
0.02532576
-0.15492408
0.00878014
0.12054817
-0.07996457
-0.12287822
-0.39562300
-0.29347935
-0.15387063
0.14487836
-0.28764018
-0.04990164
0.20927987
-0.29917479
-0.09293748
-0.02656180
0.01227379
0.15552050
0.06912513
-0.12287165
0.04206025
0.07155922
-0.13277315
0.18415795
0.09378529
0.16129918
0.13217978
-0.03339959
-0.21274728
-0.05077680
-0.05739180
0.05374056
-0.15125696
0.03116170
0.01765638
-0.15523055
-0.08932782
0.07253224
-0.20788795
-0.03920810
-0.08008527
0.08056846
0.02078993
-0.05644350
-0.15310103
0.03391126
-0.10755186
0.07836089
-0.03095543
0.01519732
0.01634485
0.07164490
-0.09873967
0.04558045
0.12283770
-0.15513273
-0.07814268
-0.10658855
-0.13643110
-0.21144760
-0.13555354
0.19053002
0.03833329
0.00321844
0.02449629
-0.04747626
-0.00510099
0.00930463
-0.01167405
-0.06264842
0.28484914
-0.00754003
-0.07573631
-0.46915627
-0.13338588
-0.15155174
-0.04994692
0.21317294
-0.22290562
-0.07476618
-0.17589648
-0.09207898
-0.00387700
-0.21157078
-0.26260832
-0.13735849
0.31361330
-0.19899224
0.08184226
-0.35095891
-0.15701018
0.15045878
-0.09364749
-0.08036399
-0.06191865
-0.02145955
-0.26705527
-0.06987268
-0.02753939
-0.17345734
0.02229847
-0.10535531
0.13492386
0.11522744
0.06366549
-0.24131472
0.02781968
0.14449118
-0.01793058
-0.00057790
0.02501089
-0.03896046
-0.01963502
-0.12250281
-0.06003574
-0.02675501
-0.07243488
-0.04318860
-0.37128943
-0.06739936
0.00754304
-0.01339211
0.03041713
-0.00618034
0.07598965
-0.15726072
-0.04566047
-0.08977558
0.18984991
0.00652223
-0.01436668
-0.25585076
0.05339160
-0.06327593
-0.44409361
0.05091947
-0.09906271
-0.00461137
0.14817052
-0.06209310
-0.05216424
-0.10238646
-0.11212984
-0.07376651
-0.10328788
0.00576282
0.03569542
-0.23991688
0.01568277
0.00500531
-0.21543761
0.09029425
-0.23253164
-0.07664919
-0.09305179
-0.25936979
-0.08395810
-0.09929229
0.04326052
-0.04977434
-0.13353388
-0.14860457
-0.06498948
0.15968554
-0.04446572
-0.20563546
0.21564488
-0.25561571
-0.08593567
-0.17393947
-0.25341216
-0.04297716
0.09446219
-0.01713255
0.05214055
0.07814210
0.10021040
-0.03006865
0.03437008
-0.17292267
0.00006659
-0.08018855
-0.45483470
-0.06698002
0.15381412
0.25994527
0.17465824
0.01472834
-0.03649005
0.00610529
0.08665289
-0.05653123
0.27103302
-0.04769957
0.02965883
0.13077998
-0.01824148
-0.09215354
-0.24413531
-0.15173426
-0.29029909
0.29684380
-0.04265913
-0.22870861
0.18022761
-0.06477046
0.00806257
-0.10142992
0.00979422
-0.03314793
0.03062158
-0.20984358
0.22374389
0.07411525
-0.43800640
-0.02770362
-0.09935077
-0.03912919
-0.19090489
-0.10674965
0.19549060
-0.33857867
-0.18177438
0.04062641
-0.30549249
-0.04862947
-0.07295108
-0.09595126
-0.13127044
-0.03952860
0.14286020
-0.00701682
-0.07923561
-0.35673565
-0.05478032
-0.16435231
-0.01166388
0.22527319
0.06588937
-0.02638329
0.05096017
-0.14387640
0.04052670
-0.00414549
0.08131342
-0.18325704
0.30810472
-0.05383355
0.11363034
-0.20305751
-0.05518657
0.03469010
0.12149244
0.12235338
-0.01629279
0.09458435
0.22713594
-0.03568576
-0.01546664
0.15720108
0.04254869
-0.18985763
0.07270269
0.01790489
-0.02878825
-0.00383628
0.01570204
-0.20341204
0.02613274
0.18072648
0.14970012
-0.04445469
0.29283783
-0.15857606
0.03734996
-0.00823781
0.17627938
-0.10642026
-0.21987918
-0.17406386
-0.18441880
0.01934140
-0.25306001
-0.04658845
0.19124635
-0.25256535
0.06818294
-0.11355001
-0.15860522
0.01587235
-0.02372067
-0.30599105
0.26826131
0.03506872
-0.49073336
0.14842653
-0.07313263
-0.36883521
-0.16337922
-0.22758256
-0.04120677
-0.19277374
-0.14806123
-0.03059887
-0.17055152
-0.05098785
-0.06044899
-0.05057061
-0.14312640
-0.14188674
0.36117497
-0.03970275
-0.08519855
-0.39869428
-0.19539298
-0.22166038
0.05304250
0.25863355
0.15800789
-0.00325737
0.02238162
-0.17080775
-0.01310390
0.18734616
0.17820053
-0.28842309
-0.05964178
0.03376738
0.05417777
-0.28235739
0.05502556
0.07044423
0.04719236
0.03595688
0.03471481
-0.09989106
0.02249734
-0.20774786
-0.06075236
-0.05749857
0.10514613
-0.11693288
0.05685289
0.18723457
-0.02596354
-0.30878538
-0.16625164
-0.00306910
0.01939644
-0.03329185
-0.01575450
-0.01891163
-0.14545232
-0.00310614
-0.09138603
-0.04904517
0.10838433
-0.05500163
-0.06800263
0.64659941
0.19000669
-0.48683870
0.13398293
0.03909367
0.17487070
-0.09264058
-0.04200494
-0.06290647
-0.03712210
0.04362364
-0.04763393
-0.20042267
0.04607368
-0.00161610
-0.46362790
0.25181347
-0.15648679
-0.48957211
0.03129064
-0.36646715
-0.14630389
-0.00578429
-0.06055443
-0.05121937
-0.17526467
-0.09829764
-0.06191036
-0.26093668
-0.04949381
-0.22564606
0.38141587
-0.12342104
-0.12235839
-0.45274642
-0.18473497
-0.15767783
-0.02478303
0.13622504
-0.10990539
0.01802903
-0.17295076
-0.08019008
-0.06754559
-0.12631643
-0.13046288
-0.26623696
-0.35609505
0.23502134
-0.11592700
-0.53616214
-0.02455620
0.04400444
-0.14482562
0.00085719
0.00220052
-0.06740257
-0.21277112
-0.05026743
-0.15030766
-0.15048835
0.04892244
-0.16118996
0.06769360
0.01928104
0.16170730
-0.11379445
0.01011964
0.14693302
-0.06413288
-0.03202118
0.08616930
-0.00670791
-0.03535948
0.07010990
-0.03685132
0.02032249
-0.05150116
-0.06644187
-0.20559318
0.19478500
-0.01496563
-0.24719582
0.05464949
-0.03190416
-0.28396124
-0.05646083
-0.06624951
0.16114894
0.16145468
-0.10103574
0.07916636
0.37035242
-0.30819234
-0.05033682
-0.27103293
-0.24796556
-0.15141575
-0.33801150
-0.15492554
-0.20007586
-0.22693951
0.29944947
-0.08578828
-0.02268118
-0.02048343
-0.13395888
-0.05434506
0.01560678
-0.12659743
-0.23961146
0.45974585
-0.14940718
0.01002616
-0.53832126
-0.14759666
0.26960504
-0.10093157
0.14648114
-0.00337957
0.00618112
0.00851293
-0.19872172
-0.08640712
-0.14215229
-0.08388878
-0.26025903
-0.07506187
0.06995578
0.07173119
-0.18559468
0.05121352
0.23428130
-0.03373101
0.09133317
0.03233392
-0.02792758
-0.03679726
-0.04274676
-0.08331505
0.09503982
0.06405038
-0.11018156
0.06161229
0.19512060
0.04968034
0.19455335
0.21895139
0.05735890
0.03766977
-0.05927049
-0.07645290
-0.07941859
-0.03815443
-0.10750023
-0.07767088
-0.04207746
-0.05918090
-0.07801946
-0.28506497
-0.04959950
-0.07659443
-0.05019915
-0.06311204
-0.00758530
-0.03954501
-0.14339277
0.08196723
0.00021935
0.04034604
-0.04698987
-0.05716021
-0.12369981
0.11516355
-0.15219535
0.17423910
-0.01329304
-0.00774310
-0.36839402
-0.09876647
-0.02225258
0.01022879
0.00900325
-0.09133200
0.02321330
0.02220601
-0.14749227
-0.06415880
-0.16176251
-0.07311065
-0.23406604
0.13441740
0.14497450
0.18811813
-0.32476872
0.06324044
0.08903277
-0.28665936
0.11201867
-0.09502836
-0.12768720
0.04857018
-0.16581269
0.03997353
-0.13643616
-0.10461417
-0.20005350
0.09457217
-0.28434137
0.14809658
-0.36635980
-0.08258002
0.10319456
0.09839444
-0.38595122
-0.18762754
-0.12636589
-0.28480449
-0.03227237
-0.05220785
-0.30471838
0.07951367
-0.06711364
-0.09493671
0.09707189
0.14697568
0.16054823
0.10462469
0.08883836
-0.18784152
-0.19162019
-0.08072124
-0.09870281
-0.22948337
-0.06520832
-0.08130169
-0.28187761
0.09297239
-0.00426096
-0.19683169
-0.11256935
-0.02389458
0.03674025
-0.01481063
0.03296827
-0.16195546
-0.06105040
0.08508912
-0.02230736
-0.01892207
-0.16341262
-0.07221369
0.14044917
0.07097404
-0.19209155
0.32805341
-0.35529390
-0.15072197
-0.55237770
-0.25808018
-0.11673041
0.31293270
0.05661726
0.17512976
-0.06799531
-0.00524912
-0.18230113
-0.03602707
-0.05494712
0.12179826
-0.20970012
-0.17609297
-0.04426801
-0.02755930
-0.36575684
-0.22679873
-0.10939333
-0.15062560
-0.21138981
0.05103538
-0.00513657
-0.06301013
-0.18429169
0.00922983
0.36361131
-0.15689975
-0.24973366
0.20337056
-0.29990628
-0.22432640
-0.42066675
-0.26810974
-0.33143380
0.14176759
-0.03774807
-0.06671374
-0.05860637
-0.02026016
0.05188288
0.02481537
-0.26873207
0.02415599
0.06214627
-0.26422542
0.10595749
-0.06850684
0.14547895
0.11805566
-0.27166265
-0.26378912
-0.16657910
-0.04477000
-0.10129102
-0.08209372
-0.03815676
0.05943508
-0.16091710
-0.07004140
0.06983141
-0.10098463
-0.17025447
-0.20733555
0.40188840
-0.09336510
-0.20710316
-0.19987430
-0.18835881
-0.06908532
-0.06410092
0.02993490
-0.22064304
0.05393035
-0.21014863
-0.00992638
-0.11348363
-0.12550232
-0.18367733
-0.12573487
0.35738829
-0.04462405
-0.19441985
0.12134761
-0.21682766
0.06736846
-0.02564672
0.10004022
-0.15732624
0.02102640
0.25604793
-0.28371525
-0.24915561
-0.45974085
-0.20511939
-0.02861967
0.05580293
0.04175728
0.15055208
-0.05576314
-0.02824334
-0.12778226
0.04502103
-0.11924972
-0.20426197
-0.01434893
-0.24020843
-0.44194368
-0.32810310
0.01536341
-0.19382527
0.07146044
0.07628781
0.08305590
0.31176430
-0.02996305
0.01739454
-0.09572037
0.07813657
0.16299336
0.08261626
0.08858576
-0.07826389
-0.11736137
0.01916152
-0.18843178
0.00373532
-0.11597952
-0.24394725
-0.06518457
-0.15229705
-0.32260546
0.07484227
-0.11217228
0.06904927
0.08049823
-0.02008101
-0.01351211
-0.19364201
-0.10035696
0.01675677
-0.36113203
-0.22728476
-0.09992422
-0.15911339
-0.20356335
-0.27012408
-0.26208568
0.00491798
-0.16585107
-0.00699933
0.05940574
-0.04948752
0.11905265
-0.21738502
-0.20323357
0.03429481
-0.28822973
-0.25129259
-0.04230359
0.20457071
-0.31043312
-0.14595038
-0.14060126
-0.01058760
-0.15136059
-0.03284433
0.00439896
-0.09575561
0.05194318
-0.10584665
-0.29049036
-0.03096967
-0.27351192
-0.35252497
0.18928157
0.65640479
0.23733085
0.28553304
-0.29304793
-0.18545254
-0.30900919
-0.08771239
-0.23928033
-0.15296672
-0.07470435
-0.38948703
-0.08634409
-0.18156298
-0.44518420
-0.20639051
0.02834016
-0.10003315
0.17354622
-0.00410137
0.10167609
-0.34298134
0.04873215
0.05812270
0.17119439
0.01205302
-0.02273194
0.13746664
-0.06703683
-0.01532718
-0.04389073
-0.01863498
-0.06800768
-0.05773934
-0.01681086
-0.05180864
-0.08104245
0.15755345
0.00441453
0.02531893
0.07275070
-0.03218422
0.00793741
0.05553665
-0.04463663
-0.00916888
0.19120158
-0.05252605
0.00225803
-0.21026444
-0.05346647
-0.14018326
-0.08958785
0.13862391
0.04662337
0.08368166
0.09691621
-0.03283129
0.04725093
0.23961520
-0.11880649
-0.03146076
0.10448060
-0.11591953
0.00055651
-0.27046040
-0.06270088
-0.15443839
-0.08558998
0.19185391
-0.01694852
0.13476451
0.23682520
-0.17905666
0.07635909
0.41682580
-0.16405228
-0.10198900
0.25651708
-0.17402223
0.06546561
-0.01822745
0.18269314
-0.06187883
-0.24446246
0.49250108
0.02149121
0.06962038
0.01377207
-0.04954166
0.02560503
0.07694525
-0.10676076
-0.15193783
0.48376679
0.13297106
0.14441028
-0.38542604
0.25621310
-0.01814735
-0.01135211
0.31804365
